checkpoint,episode,total_timesteps,episode_reward,episode_length,outcome,min_range_m,final_time_s,legacy_episode_reward
1,1,6992,0.4982490539550781,1748,miss,831.4839751313276,34.959999999999866,-96.59991298683344
1,2,7804,-26.115129470825195,1951,miss,1502.088871471696,39.0200000000005,-106.95389685052513
1,3,8892,-13.02757453918457,2223,miss,848.6186627735129,44.46000000000135,-145.07427048048723
1,4,9000,-17.95138168334961,2250,timeout,1168.9383060246344,45.000000000001435,-117.4104362046482
1,5,15992,-48.096290588378906,2250,timeout,2650.5369864930244,45.000000000001435,-108.92253236714694
1,6,16804,-26.61243438720703,2250,timeout,1588.2746266065083,45.000000000001435,-126.8051647133215
1,7,17892,13.142729759216309,2250,timeout,510.61328105293455,45.000000000001435,-84.23765775248783
1,8,18000,3.101621627807617,2250,timeout,347.3059827406332,45.000000000001435,-102.3768067293509
1,9,24036,-7.455643653869629,2011,miss,1073.2515591395616,40.22000000000069,-74.10806440987334
1,10,24928,-10.217642784118652,2031,miss,1134.262998570457,40.62000000000075,-72.02622129730446
1,11,26892,-2.6264190673828125,2250,timeout,745.0364593730174,45.000000000001435,-108.891033824127
1,12,27000,6.596580505371094,2250,timeout,405.60550429347825,45.000000000001435,-134.4250049238499
1,13,31796,11.909093856811523,1940,miss,261.08455022196347,38.800000000000466,-114.30022736264291
1,14,32708,20.115467071533203,1945,miss,148.92707071266236,38.90000000000048,-93.33579198348666
1,15,34924,8.091676712036133,1981,miss,438.27976983584773,39.620000000000594,-97.34747351746529
1,16,35216,10.557270050048828,2081,miss,338.75170444801904,41.62000000000091,-64.48130354886018
1,17,40796,11.693974494934082,2250,timeout,179.11257967956143,45.000000000001435,-65.78599150936986
1,18,41708,2.2502708435058594,2250,timeout,111.10581171437993,45.000000000001435,-70.85217343668687
1,19,43652,12.167604446411133,2182,miss,119.30014522695012,43.64000000000122,-88.04620590237226
1,20,44216,18.81020736694336,2250,timeout,69.81334837872654,45.000000000001435,-79.98318441588397
1,21,49300,18.632970809936523,2126,miss,157.49416664681107,42.52000000000105,-78.43921476269577
1,22,49652,6.732509613037109,1986,miss,64.12538466232925,39.72000000000061,-111.3347062204353
1,23,51020,25.178892135620117,1842,miss,30.218286097591907,36.84000000000016,-55.869492247694275
1,24,53216,-3.42999267578125,2250,timeout,462.65531141358514,45.000000000001435,-65.75677354678689
1,25,58300,-0.9006805419921875,2250,timeout,71.85389011293476,45.000000000001435,-74.5915725927535
1,26,58652,17.433401107788086,2250,timeout,6.991783349764217,45.000000000001435,-79.99358903816872
1,27,59016,22.319974899291992,1999,miss,23.987839924889297,39.98000000000065,-84.74616582192327
1,28,60624,15.465827941894531,1852,miss,74.66159942423009,37.04000000000019,-76.06657369122676
1,29,62872,119.90681457519531,1055,hit,4.29407845458208,21.09999999999964,147.26098957358488
1,30,64760,128.38113403320312,1615,hit,4.796005393560437,32.29999999999945,150.91737363066326
1,31,65720,119.04092407226562,1676,hit,4.881307088538765,33.51999999999964,144.1502928513838
1,32,69624,17.701129913330078,2250,timeout,12.542303704641164,45.000000000001435,-99.66922161626533
1,33,71872,4.857099533081055,2250,timeout,116.81857172304846,45.000000000001435,-69.90712814421269
1,34,72248,14.793533325195312,1872,miss,19.143377552120253,37.44000000000025,-88.65532472627639
1,35,74624,19.612882614135742,2226,miss,9.767829912709683,44.52000000000136,-106.52306366754647
1,36,77280,21.44725227355957,1914,miss,9.139311265707818,38.280000000000385,-85.06692044261314
1,37,79224,17.30156898498535,1744,miss,9.364550394849315,34.87999999999985,-70.47243281366809
1,38,80508,129.0377655029297,807,hit,3.534680320506132,16.139999999999745,157.09192755010577
1,39,80852,18.078994750976562,2245,miss,11.790018826239633,44.90000000000142,-103.70546515913172
1,40,82416,15.240596771240234,1948,miss,9.419163481457923,38.96000000000049,-100.56569495559816
1,41,86292,16.96678924560547,1767,miss,14.66111849737528,35.339999999999925,-67.4890446939038
1,42,87920,22.9793643951416,1853,miss,9.990327837994595,37.060000000000194,-70.6309770863385
1,43,88416,19.24319076538086,1891,miss,34.69028135030983,37.82000000000031,-74.62205988386235
1,44,91416,-13.985706329345703,2250,timeout,117.83003254210362,45.000000000001435,-76.30322263598762
1,45,94096,19.134939193725586,1951,miss,23.607326300828273,39.0200000000005,-76.74640979936308
1,46,96920,1.7840919494628906,2250,timeout,57.57660960658894,45.000000000001435,-91.82614313052309
1,47,97416,14.290109634399414,2250,timeout,7.790565416827098,45.000000000001435,-74.89681691980137
1,48,100416,0.2983283996582031,2250,timeout,13.520878704945735,45.000000000001435,-92.9075347256102
1,49,101956,11.741155624389648,1965,miss,12.465401808661918,39.300000000000544,-84.90802697677321
1,50,105920,4.031135559082031,2250,timeout,36.93660509856755,45.000000000001435,-87.40005389993486
1,51,106416,-10.402467727661133,2250,timeout,106.83506126062437,45.000000000001435,-78.4071353775659
1,52,109416,14.89993953704834,2250,timeout,11.130956112511942,45.000000000001435,-64.71683016016786
1,53,110956,-5.472084045410156,2250,timeout,12.080958517648158,45.000000000001435,-90.60043962905833
1,54,113600,-2.5896759033203125,1920,miss,16.175079950682857,38.400000000000404,-75.58115569024058
1,55,115416,8.737480163574219,2250,timeout,18.033894048566932,45.000000000001435,-85.62227085091297
1,56,118416,1.7654991149902344,2250,timeout,28.737370684523402,45.000000000001435,-76.86831875983884
1,57,119956,8.376337051391602,2250,timeout,13.897704582804211,45.000000000001435,-71.30526505992452
1,58,122600,-12.894638061523438,2250,timeout,19.62464071948535,45.000000000001435,-83.63630225337269
1,59,124416,-3.7615318298339844,2250,timeout,36.10257505001457,45.000000000001435,-93.59292648991368
1,60,127416,-0.5120620727539062,2250,timeout,47.35370452267759,45.000000000001435,-88.82041889214314
1,61,128956,18.63338851928711,2250,timeout,8.689449458677627,45.000000000001435,-80.55828599454597
1,62,131600,-1.1806144714355469,2250,timeout,8.220446589957001,45.000000000001435,-74.21910300425354
1,63,133416,-6.439262390136719,2250,timeout,17.70341021171861,45.000000000001435,-89.88897534318548
1,64,135836,115.43113708496094,1059,hit,4.864337541961485,21.179999999999637,148.04398230930045
1,65,136416,-13.119617462158203,2250,timeout,9.713327375740807,45.000000000001435,-75.91674413866
1,66,137956,2.7610511779785156,2250,timeout,8.17149427280364,45.000000000001435,-87.21812338317493
1,67,142416,-0.5946502685546875,2250,timeout,24.48625118473795,45.000000000001435,-73.14164140232388
1,68,144836,5.649848937988281,2250,timeout,15.287994773934052,45.000000000001435,-82.29301295162549
1,69,145416,7.486236572265625,2250,timeout,6.3514654410247875,45.000000000001435,-88.94396890027676
1,70,146956,3.084239959716797,2250,timeout,10.249730545759624,45.000000000001435,-86.70435856513619
1,71,148036,129.5952911376953,800,hit,2.9858046004156464,15.999999999999748,157.90136417303518
1,72,151116,120.54850006103516,1425,hit,4.926911080502572,28.49999999999948,149.10219369173984
1,73,151416,2.652120590209961,2250,timeout,6.718755958955696,45.000000000001435,-77.62793294136922
1,74,152572,108.02674102783203,1404,hit,4.594295595404454,28.07999999999949,141.60228630550154
1,75,157036,6.217529296875,2250,timeout,17.29632909572087,45.000000000001435,-69.77356574903999
1,76,159964,3.6343460083007812,2212,miss,5.097911628123986,44.24000000000132,-64.90259256129403
1,77,160416,14.010637283325195,2250,timeout,13.092936338378713,45.000000000001435,-75.95964062297847
1,78,160504,16.35855484008789,1983,miss,5.281086279455736,39.6600000000006,-99.23620762930409
1,79,166036,2.217365264892578,2250,timeout,15.194369742365767,45.000000000001435,-72.45164411722342
1,80,168336,14.850019454956055,1980,miss,7.376695442971379,39.60000000000059,-85.67373543478999
1,81,168644,10.783830642700195,2170,miss,24.249523119495727,43.400000000001185,-65.017348749938
1,82,168848,124.45557403564453,703,hit,4.1642795923076275,14.059999999999789,153.63584791597222
1,83,169504,-13.95760726928711,2250,timeout,12.552003343979358,45.000000000001435,-86.7384162244881
1,84,175664,20.149471282958984,1755,miss,13.541143612703081,35.09999999999989,-51.60085449468923
1,85,177336,-9.570159912109375,2250,timeout,57.52611888290813,45.000000000001435,-86.46198358298004
1,86,177848,-0.18567657470703125,2250,timeout,12.375292733009815,45.000000000001435,-86.01862727637943
1,87,178208,-0.8663215637207031,2176,miss,10.159744533730287,43.520000000001204,-82.46571350928359
1,88,182144,18.079341888427734,1620,miss,10.891252468182198,32.399999999999466,-57.51982090728779
1,89,185400,124.80308532714844,814,hit,3.19356158240549,16.279999999999742,151.6375929504229
1,90,186336,2.6147994995117188,2250,timeout,8.640444772660473,45.000000000001435,-93.50973444090631
1,91,186848,4.693813323974609,2250,timeout,7.498545934785726,45.000000000001435,-72.11672127929506
1,92,187208,-6.7089385986328125,2250,timeout,17.92842235976995,45.000000000001435,-116.63759718644528
1,93,190216,128.59100341796875,970,hit,3.923289876594185,19.399999999999675,154.48412754913187
1,94,194400,-14.984363555908203,2250,timeout,14.845495860848203,45.000000000001435,-106.69901850309459
1,95,195848,-11.927602767944336,2250,timeout,13.176561648343082,45.000000000001435,-74.18152012122206
1,96,196208,5.386360168457031,2250,timeout,9.66182953573711,45.000000000001435,-73.8143259068532
1,97,199216,-0.4208412170410156,2250,timeout,15.588142787866454,45.000000000001435,-75.60529357408198
1,98,203400,-4.818485260009766,2250,timeout,7.51457005486857,45.000000000001435,-88.46850190031732
2,99,212612,7.817203521728516,1953,miss,5.342213227685048,39.06000000000051,-86.61671552020469
2,100,213800,-9.723880767822266,2250,timeout,6.311642659780647,45.000000000001435,-95.90593126884048
2,101,213800,-2.0890541076660156,2250,timeout,27.685668569430504,45.000000000001435,-99.0391817940163
2,102,213800,-2.5150527954101562,2250,timeout,27.647750410430177,45.000000000001435,-92.89981837446253
2,103,221612,5.253641128540039,2250,timeout,17.770419525067172,45.000000000001435,-59.95864339901483
2,104,222800,1.0501327514648438,2250,timeout,15.228647781421332,45.000000000001435,-97.71336348653166
2,105,222800,-15.574424743652344,2250,timeout,15.909314923370598,45.000000000001435,-81.13237760789386
2,106,222800,-2.546581268310547,2250,timeout,11.216658551563697,45.000000000001435,-72.8391172987697
2,107,226444,130.58905029296875,911,hit,2.966837887857006,18.2199999999997,163.97262315180149
2,108,228092,125.29733276367188,1323,hit,3.988869024628389,26.459999999999525,148.53185918308122
2,109,229616,-2.6180419921875,2001,miss,18.317061994556724,40.02000000000066,-107.42624372254755
2,110,231800,-10.838016510009766,2250,timeout,6.6344221909790635,45.000000000001435,-100.567218262209
2,111,232920,128.10501098632812,826,hit,4.748532522302616,16.519999999999737,156.6910156354677
2,112,235068,-5.491859436035156,2156,miss,22.824334895583807,43.12000000000114,-88.35611232588337
2,113,237092,7.954113006591797,2250,timeout,5.357996752251557,45.000000000001435,-67.11559375600132
2,114,240800,1.678680419921875,2250,timeout,6.676915530593115,45.000000000001435,-98.0822773950073
2,115,241920,7.249828338623047,2250,timeout,5.549439559363885,45.000000000001435,-73.1084254434712
2,116,244068,-7.529289245605469,2250,timeout,9.77002592568255,45.000000000001435,-95.81172427843127
2,117,246092,8.116653442382812,2250,timeout,24.947679321135382,45.000000000001435,-91.3414220622649
2,118,249068,128.18055725097656,744,hit,1.464855567432483,14.879999999999772,157.38452724729206
2,119,249800,18.975046157836914,2250,timeout,7.250494022181592,45.000000000001435,-57.012494908796434
2,120,250920,10.489143371582031,2250,timeout,6.262629011613188,45.000000000001435,-94.31006871045302
2,121,253068,11.357242584228516,2250,timeout,6.304741673887542,45.000000000001435,-100.44567043635867
2,122,255380,129.548583984375,1115,hit,4.282264322593851,22.299999999999613,157.34869883812283
2,123,257164,19.009130477905273,1841,miss,10.427399482875481,36.82000000000016,-83.74394477761139
2,124,258068,9.408893585205078,2250,timeout,22.896895093318587,45.000000000001435,-81.44228645381372
2,125,261308,127.35721588134766,810,hit,2.2494044847944523,16.199999999999743,152.82914146910522
2,126,262068,11.535228729248047,2250,timeout,8.027134444173337,45.000000000001435,-112.17920687451746
2,127,263340,21.92223358154297,1990,miss,5.266812716801204,39.80000000000062,-78.6591758169903
2,128,265028,17.486812591552734,1966,miss,11.923215832710879,39.32000000000055,-88.20169950782497
2,129,270308,11.06015396118164,2250,timeout,12.753872159892161,45.000000000001435,-96.19404864330191
2,130,271068,16.577491760253906,2250,timeout,13.589440455437462,45.000000000001435,-89.81108583426642
2,131,271748,7.016874313354492,2102,miss,17.9980892948071,42.04000000000097,-95.00593714560468
2,132,274028,10.923925399780273,2250,timeout,16.650000041125487,45.000000000001435,-73.03638501909377
2,133,277048,11.847551345825195,1685,miss,23.676505581145655,33.69999999999967,-93.88899308557116
2,134,278312,9.051382064819336,1811,miss,6.596426602584519,36.22000000000006,-76.05835449650414
2,135,280604,8.646682739257812,2214,miss,13.615193868112945,44.28000000000132,-116.59712661946833
2,136,281228,23.706497192382812,1800,miss,7.552478456742663,36.00000000000003,-70.73835079705158
2,137,284432,11.983114242553711,1846,miss,10.07848414144487,36.92000000000017,-96.01352590569492
2,138,287312,8.561019897460938,2250,timeout,17.160815048529965,45.000000000001435,-99.00457044530225
2,139,288720,20.25246238708496,2029,miss,13.078020059958835,40.580000000000744,-81.4831180706053
2,140,289496,14.923046112060547,2067,miss,18.859539687122695,41.34000000000086,-87.60495248609348
2,141,291332,12.313568115234375,1725,miss,20.002551136309627,34.499999999999794,-92.27894405246674
2,142,293856,122.92619323730469,1090,hit,4.659033255083457,21.799999999999624,155.65244742277844
2,143,295284,20.679201126098633,1993,miss,11.017488670057167,39.86000000000063,-80.15062652197408
2,144,297720,-0.9168663024902344,2250,timeout,12.087346836378643,45.000000000001435,-85.6681011797034
2,145,300332,7.410419464111328,2250,timeout,11.312473759263588,45.000000000001435,-66.75419786222807
2,146,302304,11.99517822265625,1755,miss,20.59217861826911,35.09999999999989,-85.74224363042761
2,147,302856,-4.745662689208984,2250,timeout,38.59293211933804,45.000000000001435,-87.3669513009633
2,148,305368,2.9014511108398438,1912,miss,9.715431097705434,38.24000000000038,-69.18778511171512
2,149,309332,-11.214481353759766,2250,timeout,9.742015581667971,45.000000000001435,-93.53819461914759
2,150,310112,17.546411514282227,1952,miss,8.326792332019801,39.040000000000504,-81.9108310094286
2,151,311856,0.89404296875,2250,timeout,11.133536295870572,45.000000000001435,-89.1221933657851
2,152,314368,-3.433277130126953,2250,timeout,9.511630870272905,45.000000000001435,-121.36011272834799
2,153,317880,15.422258377075195,1942,miss,15.756279852338047,38.84000000000047,-95.00140805474281
2,154,318332,8.75528335571289,2250,timeout,28.895068462942863,45.000000000001435,-93.92547501192026
2,155,318860,1.5114936828613281,1751,miss,8.468174074252389,35.019999999999875,-87.41598381802658
2,156,321976,119.06309509277344,779,hit,4.509799835805119,15.579999999999757,153.0145205174867
2,157,323368,1.0323486328125,2250,timeout,11.070971355774438,45.000000000001435,-59.41292134334295
2,158,325380,11.310432434082031,1875,miss,15.600910624263568,37.50000000000026,-83.92671781802127
2,159,327332,-2.2198123931884766,2250,timeout,9.70528855693533,45.000000000001435,-71.53275482710845
2,160,328728,14.925390243530273,1688,miss,8.843691535165839,33.75999999999968,-86.04022715498769
2,161,331304,6.371883392333984,1984,miss,10.829812221090357,39.680000000000604,-88.53357141751673
2,162,333392,7.611110687255859,2003,miss,18.27455506801344,40.06000000000066,-77.27936424303294
2,163,336332,-20.57685089111328,2250,timeout,5.0636893666347556,45.000000000001435,-87.42316523635142
2,164,337728,3.711925506591797,2250,timeout,9.272659283255132,45.000000000001435,-75.91510813377742
2,165,338804,124.06443786621094,1353,hit,4.065170874450711,27.059999999999512,147.67959829005912
2,166,338816,10.238483428955078,1878,miss,9.594426982627837,37.56000000000027,-81.69263925317222
2,167,345332,-7.828586578369141,2250,timeout,10.173846558927767,45.000000000001435,-74.56110732006825
2,168,346072,-7.122127532958984,2086,miss,11.633859206253947,41.72000000000092,-71.12188986947143
2,169,346136,17.041305541992188,1830,miss,12.197158344893761,36.60000000000012,-70.91677076770279
2,170,347804,-24.972461700439453,2250,timeout,22.21298508519517,45.000000000001435,-82.67589966422945
2,171,350964,118.91805267333984,1223,hit,4.00916791360716,24.459999999999567,156.1145118666326
2,172,353656,5.662807464599609,1880,miss,6.658380641923482,37.60000000000028,-66.49614994792776
2,173,354332,-5.152698516845703,2250,timeout,6.107547992949686,45.000000000001435,-75.834936566541
2,174,355392,122.240234375,1107,hit,4.694763153663217,22.139999999999617,152.15489191633736
2,175,356804,-9.304706573486328,2250,timeout,13.288283098491055,45.000000000001435,-105.74254878320357
2,176,360388,4.622676849365234,1683,miss,26.09923067764683,33.65999999999966,-86.36402954848884
2,177,361848,3.939208984375,1879,miss,12.496813750382573,37.580000000000275,-95.7731657338352
2,178,363808,-10.72652816772461,1751,miss,11.782941624399138,35.019999999999875,-70.30585327428346
2,179,364160,-4.043247222900391,2192,miss,9.644993266025882,43.840000000001254,-86.97302866448345
2,180,365664,122.67101287841797,954,hit,4.911781355315248,19.079999999999682,150.63476726428786
2,181,369388,-8.719871520996094,2250,timeout,14.252373296625928,45.000000000001435,-99.2302044317309
2,182,372808,-1.445587158203125,2250,timeout,20.069252813070477,45.000000000001435,-75.33688426706385
2,183,373160,-14.706249237060547,2250,timeout,18.744742728108587,45.000000000001435,-86.02581298858775
2,184,373260,0.11226654052734375,1899,miss,8.849428628066388,37.98000000000034,-95.36657703371247
2,185,376560,5.7445526123046875,1793,miss,10.190057530721855,35.86000000000001,-91.0642721380723
2,186,380128,-9.747146606445312,1717,miss,10.24604032455048,34.33999999999977,-83.87468675255434
2,187,380344,19.10027313232422,1884,miss,16.597810619483077,37.68000000000029,-66.49249389397838
2,188,382160,-3.3183746337890625,2250,timeout,12.476437165909084,45.000000000001435,-71.79038642051299
2,189,385560,-3.8341903686523438,2250,timeout,13.543573706471037,45.000000000001435,-61.07867440319992
2,190,385628,127.08300018310547,867,hit,4.83094575625234,17.33999999999972,158.892684255283
2,191,388360,-35.492610931396484,2004,miss,10.627777403162819,40.080000000000666,-73.7950651309744
2,192,389128,-3.291860580444336,2250,timeout,27.513974270890046,45.000000000001435,-66.1160715939472
2,193,393784,129.84600830078125,1164,hit,4.057743536312061,23.279999999999593,157.183104415459
2,194,394560,-16.769500732421875,2250,timeout,10.387745540431794,45.000000000001435,-72.04256628360291
2,195,394628,5.5674896240234375,2250,timeout,19.76443798800798,45.000000000001435,-67.07302087475227
2,196,397360,9.441778182983398,2250,timeout,11.312718893800799,45.000000000001435,-67.50718224674259
2,197,398688,123.23884582519531,1015,hit,4.475541625934251,20.299999999999656,163.47668305767414
2,198,402784,-19.399044036865234,2250,timeout,16.759625442251433,45.000000000001435,-97.43031719880916
2,199,403560,11.632152557373047,2250,timeout,8.290505122782564,45.000000000001435,-59.397044757502314
2,200,406360,-7.1446685791015625,2250,timeout,8.977108814976653,45.000000000001435,-83.74112209653774
2,201,407688,-28.53081512451172,2250,timeout,12.103506471488812,45.000000000001435,-83.10050622887188
2,202,407776,130.21580505371094,1054,hit,4.370438270688886,21.07999999999964,161.5440674476927
3,203,416824,-19.51263427734375,1806,miss,7.235036255202419,36.12000000000005,-78.25736461560382
3,204,417792,3.9138107299804688,2048,miss,42.41961407895745,40.960000000000804,-63.876463834579404
3,205,418600,-2.7549095153808594,2250,timeout,8.14198315594068,45.000000000001435,-79.72056718497204
3,206,418600,-3.0235252380371094,2250,timeout,12.714957655959262,45.000000000001435,-86.78162368302249
3,207,421112,130.28025817871094,830,hit,3.4281026199752853,16.599999999999735,157.32905371088816
3,208,425824,-3.0862808227539062,2250,timeout,10.419267402289815,45.000000000001435,-86.37368872288638
3,209,426816,11.612799644470215,2054,miss,19.41006877681616,41.08000000000082,-66.62696946297031
3,210,427416,-10.751483917236328,2204,miss,7.694026604448343,44.08000000000129,-88.51058802023783
3,211,430112,-13.02645492553711,2250,timeout,15.566132590046758,45.000000000001435,-87.8797590391417
3,212,434536,-3.300628662109375,2178,miss,10.85513349371392,43.56000000000121,-78.16526216200666
3,213,435816,0.6324958801269531,2250,timeout,7.255747615359764,45.000000000001435,-81.95155788777456
3,214,436416,-20.490764617919922,2250,timeout,8.597382719111213,45.000000000001435,-81.29474649031086
3,215,438680,129.65823364257812,1036,hit,4.254399575128022,20.719999999999647,159.2582521836959
3,216,439112,-4.888141632080078,2250,timeout,8.108534416545018,45.000000000001435,-71.72834883750383
3,217,439468,132.23089599609375,913,hit,4.396835845619113,18.2599999999997,164.09803992736656
3,218,445416,-3.036783456802368,2250,timeout,10.811512175973725,45.000000000001435,-62.73930043346652
3,219,447680,-14.060333251953125,2250,timeout,13.561151156749535,45.000000000001435,-69.61188216837655
3,220,448108,-0.5887012481689453,2160,miss,8.306879705742011,43.200000000001154,-62.44631110729204
3,221,448112,-17.244937896728516,2250,timeout,18.342775050568516,45.000000000001435,-83.43229713427618
3,222,453872,-1.0049667358398438,2114,miss,5.590142900410609,42.28000000000101,-90.47024377674641
3,223,453972,123.3061752319336,1573,hit,4.73249617938598,31.459999999999418,155.18399837946583
3,224,456696,119.1411361694336,706,hit,4.926476094021318,14.119999999999788,154.34954947814725
3,225,457108,-17.862560272216797,2250,timeout,14.592333135046033,45.000000000001435,-78.85270736792775
3,226,457112,-8.615520477294922,2250,timeout,15.96234047669867,45.000000000001435,-70.79963784040318
3,227,462732,110.00645446777344,1405,hit,4.2271153778118284,28.09999999999949,146.41563164484026
3,228,462900,13.820573806762695,1551,miss,7.601730075866955,31.019999999999428,-54.84947798184833
3,229,462972,-31.715572357177734,2250,timeout,13.357557479193872,45.000000000001435,-80.77739497279553
3,230,466108,-4.12278938293457,2250,timeout,13.04480860162583,45.000000000001435,-66.39084484400365
3,231,469976,113.42540740966797,967,hit,3.956681618158003,19.339999999999677,153.0976109470534
3,232,470424,3.5921592712402344,1881,miss,12.110400361487915,37.62000000000028,-73.13827699815312
3,233,471732,-0.10887527465820312,2250,timeout,20.543001513401748,45.000000000001435,-92.82203350748867
3,234,471972,-0.5661430358886719,2250,timeout,12.760358263785431,45.000000000001435,-80.05721176088002
3,235,474536,126.41727447509766,1028,hit,4.756823376037413,20.55999999999965,163.01004766706566
3,236,474924,122.56641387939453,738,hit,4.282743540155944,14.759999999999774,153.29538675742356
3,237,478976,20.18473243713379,2250,timeout,5.967215401215515,45.000000000001435,-65.15303379517074
3,238,479024,3.0362610816955566,1823,miss,7.482567400903463,36.4600000000001,-55.52997255768415
3,239,482304,121.1619644165039,820,hit,3.110574048589271,16.39999999999974,159.91174284162565
3,240,483536,-3.0799672603607178,2250,timeout,10.555485820055482,45.000000000001435,-59.67165229651191
3,241,483924,10.397642135620117,2250,timeout,10.285068366651991,45.000000000001435,-66.20834798952768
3,242,487976,-13.37368392944336,2250,timeout,10.83306875955112,45.000000000001435,-79.58359014954675
3,243,489128,126.38108825683594,1398,hit,4.6541817670783825,27.959999999999493,156.55409634778238
3,244,491304,3.4737586975097656,2250,timeout,11.283333246281396,45.000000000001435,-79.19311978029816
3,245,492924,-10.058680534362793,2250,timeout,7.93537686896123,45.000000000001435,-63.18296713921265
3,246,496832,125.9432144165039,1382,hit,4.354136420040882,27.6399999999995,156.51203529219302
3,247,496976,-29.729957580566406,2250,timeout,18.248739937560764,45.000000000001435,-91.15922461100172
3,248,498128,-11.22689437866211,2250,timeout,12.031380828090494,45.000000000001435,-99.06088742162568
3,249,501924,-8.521245956420898,2250,timeout,6.8745368528610555,45.000000000001435,-76.19007050198984
3,250,503888,97.51124572753906,1764,hit,3.123827649833347,35.279999999999916,133.14147475592097
3,251,505976,-10.443452835083008,2250,timeout,16.190253879607198,45.000000000001435,-64.99002649860822
3,252,507128,-16.452537536621094,2250,timeout,12.794800242712096,45.000000000001435,-101.98698742385412
3,253,509792,108.08271789550781,954,hit,4.652635095810773,19.079999999999682,146.52423867722118
3,254,510924,-25.628833770751953,2250,timeout,21.8117538722472,45.000000000001435,-85.33007114452994
3,255,511164,-26.73914337158203,1819,miss,9.35331564285698,36.38000000000009,-84.39941125812346
3,256,513232,128.56732177734375,860,hit,2.3601835752330973,17.199999999999722,161.62805848129656
3,257,514728,121.6408462524414,951,hit,4.427911522745573,19.019999999999683,152.63902815376974
3,258,514948,6.510187149047852,1955,miss,8.218963303272563,39.10000000000051,-80.31834998512757
3,259,518668,6.255500793457031,1876,miss,9.357500523668339,37.520000000000266,-71.13063260489726
3,260,520112,112.63748931884766,1291,hit,4.293979839200059,25.81999999999954,142.66871738009598
3,261,522232,-42.823612213134766,2250,timeout,17.630086531561098,45.000000000001435,-74.82880718839101
3,262,522288,-7.360195159912109,1890,miss,10.130663510512843,37.80000000000031,-61.992183747722805
3,263,524992,116.50906372070312,1220,hit,4.634799146135562,24.39999999999957,153.99789576520243
3,264,527668,-4.5452423095703125,2250,timeout,14.369889623070748,45.000000000001435,-78.38786472767733
3,265,531232,-4.224353790283203,2250,timeout,31.41094606968846,45.000000000001435,-72.5690494666421
3,266,531288,2.2182655334472656,2250,timeout,9.585517412023659,45.000000000001435,-75.14332091342503
3,267,533992,-8.89047622680664,2250,timeout,9.600753025057438,45.000000000001435,-66.71935610667573
3,268,535820,118.99349212646484,1133,hit,3.4169306346134753,22.659999999999606,153.77405391143685
3,269,536668,-5.709125518798828,2250,timeout,10.655693214952612,45.000000000001435,-77.50704515833405
3,270,539612,123.47698974609375,736,hit,4.848869319619544,14.719999999999775,152.1874836916782
3,271,540232,-8.670154571533203,2250,timeout,8.211024476649099,45.000000000001435,-85.55955572434166
3,272,541636,120.4061508178711,1454,hit,4.35655321697414,29.07999999999947,152.6835725255458
3,273,542376,122.51782989501953,691,hit,3.694592680022174,13.819999999999794,152.44440688644804
3,274,542988,-8.007213592529297,2249,miss,10.273103738612754,44.98000000000143,-91.82929406767104
3,275,544704,113.82341766357422,1118,hit,3.2891237797787602,22.359999999999612,148.2886636340042
3,276,550424,-9.967536926269531,2197,miss,6.0571358172633465,43.94000000000127,-84.50430282883403
3,277,551376,-14.30276107788086,2250,timeout,5.156732892564364,45.000000000001435,-78.98092867857036
3,278,551988,-11.419458389282227,2250,timeout,10.08897164459872,45.000000000001435,-70.7589398178402
3,279,553704,-2.2980804443359375,2250,timeout,8.779145962475503,45.000000000001435,-76.66325198400136
3,280,556844,124.66799926757812,1367,hit,4.660823117265794,27.339999999999506,158.0806835480327
3,281,557280,127.60514831542969,894,hit,4.983110385092893,17.879999999999708,163.2727747061571
3,282,559220,-5.184566497802734,2199,miss,11.037310413061528,43.980000000001276,-98.71887368158256
3,283,560088,121.50476837158203,702,hit,2.3735090338058074,14.03999999999979,154.245024569572
3,284,560988,-16.450714111328125,2250,timeout,8.498024545417623,45.000000000001435,-87.75132552371758
3,285,565844,-22.89191436767578,2250,timeout,13.042194390600885,45.000000000001435,-72.47375928330237
3,286,568220,-35.90449523925781,2250,timeout,20.72129713381431,45.000000000001435,-81.39079159904576
3,287,569088,-8.929670333862305,2250,timeout,7.40894613673053,45.000000000001435,-62.69179745940124
3,288,569988,-37.213130950927734,2250,timeout,7.581446221044389,45.000000000001435,-66.76151058763483
3,289,572396,116.11607360839844,1638,hit,3.5793435838070553,32.75999999999952,147.33428697347279
3,290,575820,121.62579345703125,856,hit,2.7977321494541663,17.119999999999724,161.3706972044619
3,291,576336,73.05268859863281,1812,hit,3.4582062480678575,36.240000000000066,133.5507086374041
3,292,577220,-12.593307495117188,2250,timeout,9.626238582039466,45.000000000001435,-70.60655613723172
3,293,578988,-23.501941680908203,2250,timeout,8.108791019865842,45.000000000001435,-92.27975623845917
3,294,584820,-27.43407440185547,2250,timeout,25.670836677353044,45.000000000001435,-75.95195574035301
3,295,585336,-29.876754760742188,2250,timeout,9.259830233878398,45.000000000001435,-65.54176456696797
3,296,586220,-25.396717071533203,2250,timeout,8.701447261733048,45.000000000001435,-77.68010801392361
3,297,587988,-7.795623779296875,2250,timeout,6.119440571874931,45.000000000001435,-67.44194421934718
3,298,592172,10.941232681274414,1709,miss,8.662180229641672,34.179999999999744,-61.18260561160419
3,299,593820,-11.482479095458984,2250,timeout,11.76168503245139,45.000000000001435,-74.41508960635903
3,300,595220,-16.31146240234375,2250,timeout,9.729982094050348,45.000000000001435,-81.03659118928019
3,301,596988,-31.855915069580078,2250,timeout,16.467517613145887,45.000000000001435,-108.96066700310251
3,302,601172,-32.12297058105469,2250,timeout,6.54536307932169,45.000000000001435,-79.23254887597271
3,303,602004,119.63999938964844,1254,hit,4.720519280790407,25.079999999999554,150.84772429576896
3,304,602820,13.383209228515625,2250,timeout,5.957700774119183,45.000000000001435,-85.14525729848974
3,305,604220,-3.5455055236816406,2250,timeout,9.454139407044556,45.000000000001435,-76.13661348870663
3,306,605104,128.60983276367188,775,hit,1.3843774285292034,15.499999999999758,156.68549916515013
3,307,607144,124.68977355957031,1493,hit,4.366789336649942,29.859999999999452,154.85141998580588
3,308,608940,125.52271270751953,1530,hit,4.6396832408142155,30.599999999999437,154.64435431633544
3,309,612028,123.1351318359375,772,hit,4.729710034209389,15.43999999999976,155.95286316927414
3,310,613220,-6.51947021484375,2250,timeout,10.745009567914844,45.000000000001435,-69.70335651769675
3,311,614104,-47.98683166503906,2250,timeout,36.406416143589425,45.000000000001435,-78.72172846657352
4,312,617724,125.31900024414062,831,hit,4.572758109161043,16.619999999999735,157.21474846410212
4,313,620700,117.32870483398438,1575,hit,4.447842992124675,31.499999999999417,146.86146212749898
4,314,621888,112.93228149414062,1041,hit,3.910383004621649,20.819999999999645,144.06591115528767
4,315,623400,-5.120307922363281,2250,timeout,8.832107984593053,45.000000000001435,-87.02645793856473
4,316,623400,-16.036521911621094,2250,timeout,7.321473805123559,45.000000000001435,-102.77011441417444
4,317,623972,127.6658935546875,818,hit,3.731836035613354,16.35999999999974,154.53576567726174
4,318,625896,113.35587310791016,624,hit,4.28892238064614,12.479999999999823,151.77525787944984
4,319,626900,122.67263793945312,732,hit,3.659732123410045,14.639999999999777,156.80842456084216
4,320,630056,124.15743255615234,789,hit,4.945317405550743,15.779999999999752,157.92498414262636
4,321,630888,-6.1974639892578125,2250,timeout,5.58647775936842,45.000000000001435,-74.31029793310461
4,322,631880,84.99758911132812,2120,hit,2.951822388558217,42.40000000000103,138.9685155036123
4,323,634896,-14.715805053710938,2250,timeout,8.62936971448513,45.000000000001435,-71.85534906001423
4,324,635004,125.43850708007812,781,hit,4.362198432133265,15.619999999999756,157.88387309767404
4,325,636500,110.33525848388672,1403,hit,3.4395446106707364,28.05999999999949,141.52641211406257
4,326,638444,129.201416015625,860,hit,3.063879498254369,17.199999999999722,157.4126289841101
4,327,639056,-22.741207122802734,2250,timeout,12.010406162262846,45.000000000001435,-92.79089787633542
4,328,640200,123.82035827636719,1326,hit,4.240790461638827,26.519999999999524,149.4440494223412
4,329,645500,-62.249671936035156,2250,timeout,30.594429866288657,45.000000000001435,-74.00228279996718
4,330,647444,-25.06430435180664,2250,timeout,10.333188663867146,45.000000000001435,-85.62287792515473
4,331,648056,-11.555389404296875,2250,timeout,8.619089929663716,45.000000000001435,-73.12712416519477
4,332,649200,-37.73600769042969,2250,timeout,8.746835774835569,45.000000000001435,-66.22318547889836
4,333,654500,3.666309356689453,2250,timeout,6.0340726074288185,45.000000000001435,-72.8190268528209
4,334,656444,-28.54549789428711,2250,timeout,8.233996349622094,45.000000000001435,-72.47609785197322
4,335,657056,-23.090091705322266,2250,timeout,5.8444921800037655,45.000000000001435,-72.63631466873076
4,336,658200,-37.95994186401367,2250,timeout,10.014698371069567,45.000000000001435,-79.31762709824872
4,337,662556,127.92769622802734,1528,hit,4.787940897492243,30.559999999999437,155.6512785731441
4,338,663500,-24.487686157226562,2250,timeout,8.162526495707361,45.000000000001435,-81.8927221115823
4,339,663988,124.186279296875,1447,hit,4.848832833084261,28.939999999999472,156.23733301914982
4,340,666056,-10.193846702575684,2250,timeout,14.642509522097436,45.000000000001435,-68.4016050778321
4,341,670752,0.21202850341796875,1813,miss,5.673992837645547,36.26000000000007,-84.50364222493643
4,342,671200,110.05651092529297,2161,hit,4.4610318928554396,43.22000000000116,130.1415764888483
4,343,671264,127.03985595703125,1302,hit,4.093074277058663,26.039999999999534,153.75622146900093
4,344,672988,-4.497977256774902,2250,timeout,5.594513305495513,45.000000000001435,-71.34743960775015
4,345,673580,121.59578704833984,707,hit,2.6754695088330407,14.139999999999787,154.09738107290252
4,346,679984,-16.743389129638672,2196,miss,19.766787572823983,43.92000000000127,-87.63289859264832
4,347,680128,-40.47264099121094,2216,miss,11.698892985143173,44.32000000000133,-87.95019339422107
4,348,681988,-35.46834182739258,2250,timeout,12.2003783603455,45.000000000001435,-83.01740599836177
4,349,682580,-8.961965560913086,2250,miss,6.594322795080522,45.000000000001435,-67.85737910641834
4,350,686484,-1.501413345336914,1589,miss,6.410015244027084,31.77999999999941,-56.976154859731885
4,351,687772,104.92475128173828,1947,hit,4.360158171937779,38.94000000000049,143.25735655968504
4,352,690892,126.76393127441406,780,hit,2.4986748061438457,15.599999999999756,156.75614917264278
4,353,690988,-27.034358978271484,2250,timeout,5.329265213657087,45.000000000001435,-75.78326302684452
4,354,691580,-5.592235565185547,2250,timeout,7.41507050828753,45.000000000001435,-91.77745984791022
4,355,694260,124.92050170898438,818,hit,4.980111173027514,16.35999999999974,156.24216791815996
4,356,695484,-35.48283767700195,2250,timeout,11.58772443089552,45.000000000001435,-79.45045308086533
4,357,697236,125.74364471435547,744,hit,4.777766190319299,14.879999999999772,154.9904846198009
4,358,698604,-31.958206176757812,1928,miss,7.891420313730661,38.56000000000043,-75.19443276625198
4,359,700580,-33.756629943847656,2250,timeout,6.949002239360175,45.000000000001435,-74.56178344379987
4,360,702048,128.9287872314453,861,hit,3.584759545927602,17.21999999999972,162.49254324084487
4,361,704484,-37.94267654418945,2250,timeout,6.022171095711094,45.000000000001435,-90.17663560883776
4,362,705304,-14.175525665283203,2017,miss,10.54196139338705,40.34000000000071,-66.71868655876693
4,363,706612,118.14022064208984,1508,hit,3.021458659910596,30.159999999999446,153.54735486785265
4,364,708328,126.09721374511719,756,hit,4.400760907508411,15.119999999999767,151.7069553858843
4,365,711048,-29.695327758789062,2250,timeout,10.269939599547625,45.000000000001435,-83.0220790845815
4,366,713484,-35.21095275878906,2250,timeout,11.909910418625195,45.000000000001435,-67.75406803895905
4,367,715560,-24.7525634765625,2237,miss,8.722962664587962,44.740000000001395,-67.78262347786941
4,368,717328,-38.641361236572266,2250,timeout,10.573058225203201,45.000000000001435,-82.39281004589219
4,369,720048,-15.552200317382812,2250,timeout,10.486218178964243,45.000000000001435,-93.10606286000096
4,370,720144,121.88756561279297,704,hit,4.420968010105222,14.079999999999789,152.205066154804
4,371,722484,-41.8481559753418,2250,timeout,10.777859902355107,45.000000000001435,-97.23079992580091
4,372,722904,123.06103515625,714,hit,4.518092964708321,14.279999999999784,151.99920794251418
4,373,724560,-61.01384735107422,2250,timeout,7.150451238976778,45.000000000001435,-69.65118110614938
4,374,727644,123.530517578125,771,hit,3.7186650560968193,15.41999999999976,160.0552575092854
4,375,729144,-29.64113998413086,2250,timeout,6.589423949841448,45.000000000001435,-72.06536540214816
4,376,731484,-44.07524108886719,2250,timeout,7.578503533771672,45.000000000001435,-79.52388693124645
4,377,731904,-34.132877349853516,2250,timeout,10.042189204111756,45.000000000001435,-89.52510392167397
4,378,736644,-38.01091003417969,2250,timeout,8.393203777326603,45.000000000001435,-70.90337776621288
4,379,738140,-39.580806732177734,2249,miss,6.428074718340456,44.98000000000143,-81.2086320261564
4,380,739604,124.08734893798828,740,hit,4.38500602303046,14.799999999999773,155.2256211041814
4,381,740484,-31.266950607299805,2250,timeout,12.454003382144695,45.000000000001435,-79.24209524445853
4,382,740528,1.7947883605957031,2156,miss,12.216107434537713,43.12000000000114,-75.04453003353552
4,383,742872,124.53743743896484,817,hit,3.0518107296935684,16.33999999999974,158.715964968194
4,384,743060,115.4569091796875,644,hit,2.0173165194323124,12.879999999999814,150.48467532401483
4,385,745480,122.73683166503906,1238,hit,3.9317691727187998,24.75999999999956,155.59980380717974
4,386,746848,100.0916976928711,2177,hit,4.307305269286878,43.54000000000121,139.35630484098732
4,387,748876,123.9880599975586,849,hit,3.309328045350527,16.979999999999727,156.33167710141282
4,388,751872,-41.57297134399414,2250,timeout,10.645071800782718,45.000000000001435,-82.92797228108469
4,389,752060,-11.553916931152344,2250,timeout,10.885596720618043,45.000000000001435,-76.04827021574556
4,390,752112,127.82078552246094,809,hit,2.9393249669037274,16.179999999999744,160.37557575694183
4,391,755356,131.69154357910156,871,hit,2.9970847548117048,17.419999999999717,163.4244686313864
4,392,755848,-41.4121208190918,2250,timeout,5.784462568359559,45.000000000001435,-95.50270889965242
4,393,758712,125.43313598632812,716,hit,4.707731010411445,14.319999999999784,154.261801812827
4,394,761060,-17.709758758544922,2250,timeout,8.350737588657587,45.000000000001435,-67.4507429093737
4,395,761112,-31.352001190185547,2250,timeout,5.332824484503188,45.000000000001435,-85.07697491868345
4,396,762660,-23.82086181640625,1826,miss,12.291540225927502,36.52000000000011,-60.33833376231214
4,397,767712,-20.538408279418945,2250,timeout,6.631392915561304,45.000000000001435,-70.93864669936829
4,398,768804,-17.587942123413086,1923,miss,13.372550734367964,38.46000000000041,-59.11015055184435
4,399,770060,-31.625778198242188,2250,timeout,11.421136663491328,45.000000000001435,-82.3193336022099
4,400,771660,-41.9127311706543,2250,timeout,9.094488308827948,45.000000000001435,-73.92922423306321
4,401,776600,-72.51541137695312,2222,miss,5.727429304839257,44.44000000000135,-73.09834522138225
4,402,777804,-46.36249542236328,2250,timeout,12.360337797183893,45.000000000001435,-81.45630659662572
4,403,779060,-6.08587646484375,2250,timeout,5.299995006270422,45.000000000001435,-75.98469110094094
4,404,780660,-40.38136672973633,2250,timeout,11.178156104504568,45.000000000001435,-89.55973767980082
4,405,782536,127.63909912109375,869,hit,2.330047135269713,17.37999999999972,158.53565607348844
4,406,785600,-1.728851318359375,2250,timeout,13.149778713572475,45.000000000001435,-64.73021597022233
4,407,786804,-19.781265258789062,2250,timeout,6.472395605356547,45.000000000001435,-70.68569217251783
4,408,789660,-14.374156951904297,2250,timeout,8.010719056199566,45.000000000001435,-73.14389342593536
4,409,791536,-6.7231292724609375,2250,timeout,6.1616708120169426,45.000000000001435,-81.14885175858328
4,410,792864,123.64618682861328,801,hit,2.83803310604623,16.019999999999747,152.3920002625879
4,411,794600,-42.88789749145508,2250,timeout,19.834284747391475,45.000000000001435,-77.29462742075873
4,412,795804,-38.058197021484375,2250,timeout,14.901487944326005,45.000000000001435,-85.92642240321382
4,413,797096,115.05718994140625,1058,hit,3.803338937254522,21.159999999999638,145.80843954779388
4,414,798368,121.60262298583984,641,hit,2.287443058885984,12.819999999999816,151.60864878421242
4,415,800536,-27.419715881347656,2250,timeout,7.677071175992582,45.000000000001435,-71.38500870103096
4,416,803600,-65.97762298583984,2250,timeout,20.213741712242264,45.000000000001435,-103.44898125978699
4,417,806096,-30.031234741210938,2250,timeout,7.61356601044503,45.000000000001435,-73.72462428805407
4,418,807368,-5.245674133300781,2250,timeout,6.3797805234288045,45.000000000001435,-75.53125946014741
4,419,807804,120.08708190917969,1051,hit,4.015216674596419,21.01999999999964,147.28054980087185
4,420,809076,-37.62834167480469,2135,miss,8.744089755609632,42.700000000001076,-69.68710157079596
4,421,813568,123.41460418701172,1550,hit,4.589926759163981,30.999999999999428,153.9329717138988
4,422,814068,116.79719543457031,1248,hit,3.5119784716543436,24.959999999999557,151.96024728690514
4,423,815096,-37.447757720947266,2250,timeout,5.23159715899427,45.000000000001435,-82.16936724093108
4,424,816032,72.36781311035156,2057,hit,2.1619014358620774,41.14000000000083,129.62415816100182
4,425,817100,128.820068359375,883,hit,3.50761970428114,17.659999999999712,157.28328634358022
4,426,817496,129.55410766601562,857,hit,3.2498158113844373,17.139999999999723,157.59940774388144
4,427,818052,120.26478576660156,739,hit,3.494033521123729,14.779999999999774,156.14825041351213
5,428,822176,119.81877136230469,744,hit,3.256161197214732,14.879999999999772,153.61797713936346
5,429,822440,130.03610229492188,810,hit,4.948427459022351,16.199999999999743,161.21125695047718
5,430,825500,125.44477844238281,831,hit,1.9012619841411151,16.619999999999735,160.8065926706025
5,431,828200,-33.95734405517578,2250,timeout,6.299827755993383,45.000000000001435,-76.38974543626045
5,432,828200,-99.17196655273438,2250,timeout,15.874064749468946,45.000000000001435,-75.74419573512613
5,433,830596,120.85757446289062,1274,hit,3.8215148323964696,25.479999999999546,157.86242232212862
5,434,831440,-20.061973571777344,2250,timeout,7.59560780063167,45.000000000001435,-72.08847814043294
5,435,833088,121.12979888916016,1222,hit,4.94371529593855,24.439999999999568,149.3561716088177
5,436,833228,124.68130493164062,1257,hit,4.721902637579748,25.139999999999553,153.6121016617205
5,437,834076,122.31220245361328,870,hit,3.829124189229517,17.399999999999718,148.5415801177626
5,438,834520,126.05012512207031,770,hit,4.523376026541536,15.39999999999976,156.13889709866527
5,439,841784,-54.001976013183594,1927,miss,6.199000859619612,38.540000000000425,-69.55985150520698
5,440,842088,-58.37923049926758,2250,timeout,6.02161142456466,45.000000000001435,-79.67247031824928
5,441,842228,-7.192661285400391,2250,timeout,7.49558864759578,45.000000000001435,-73.0548639382809
5,442,843520,0.6566734313964844,2250,timeout,6.113191943537872,45.000000000001435,-68.50010642530765
5,443,847136,110.07831573486328,1227,hit,4.474199969540414,24.539999999999566,141.3316185203576
5,444,848784,127.64656066894531,1316,hit,3.9886160443301777,26.319999999999528,154.00151378190833
5,445,850784,-9.340380668640137,2250,timeout,7.319559608831415,45.000000000001435,-60.93131257043539
5,446,851088,-13.670920372009277,2250,timeout,13.066458779739591,45.000000000001435,-62.6473177625371
5,447,852260,132.28018188476562,869,hit,3.9931762640369657,17.37999999999972,158.44623430242336
5,448,855264,127.00846862792969,1044,hit,3.0605551603907344,20.879999999999644,157.12716353100166
5,449,856012,-5.468753814697266,2219,miss,7.406022873363337,44.38000000000134,-78.21835351160817
5,450,856052,133.16029357910156,948,hit,2.337723287849736,18.959999999999685,165.5792690273483
5,451,859784,-58.318031311035156,2250,timeout,8.357506436633425,45.000000000001435,-97.07566047172652
5,452,864024,121.54088592529297,1060,hit,3.997175359136809,21.199999999999637,155.64020536650094
5,453,864116,-36.825294494628906,2213,miss,19.35408642560796,44.26000000000132,-81.56962033555166
5,454,865012,-45.58377456665039,2250,timeout,17.15654168865001,45.000000000001435,-77.79952382511459
5,455,865052,-95.09766387939453,2250,timeout,10.377025515745428,45.000000000001435,-77.1903795622914
5,456,867684,131.71726989746094,915,hit,4.24220141777385,18.2999999999997,164.56412348427557
5,457,867744,129.4535675048828,907,hit,4.7811316483090245,18.139999999999702,166.0233642013609
5,458,871144,127.8206558227539,865,hit,4.298569089817142,17.29999999999972,161.52643602902987
5,459,872824,72.20208740234375,1943,hit,3.602566787885838,38.860000000000475,130.01041671336597
5,460,874012,-32.91128921508789,2250,timeout,5.504022416149289,45.000000000001435,-79.66865384189869
5,461,875496,111.73043823242188,1088,hit,1.276699572292083,21.759999999999625,145.3485124376409
5,462,875504,70.68949127197266,1940,hit,3.4652715043259867,38.800000000000466,139.93232106943344
5,463,876980,112.27513122558594,1039,hit,4.980477248279942,20.779999999999646,149.02309576261882
5,464,880500,129.02207946777344,880,hit,2.7189296846137845,17.599999999999714,166.62613718343505
5,465,880996,-7.2244110107421875,1746,miss,7.3085021072427265,34.91999999999986,-64.60054972907218
5,466,884308,127.748779296875,828,hit,4.402113892529464,16.559999999999736,155.9117140275441
5,467,884496,-5.617374420166016,2250,miss,5.177588639258229,45.000000000001435,-75.72903947159365
5,468,884504,-85.94183349609375,2250,timeout,12.861951088469318,45.000000000001435,-68.01831334916488
5,469,887084,124.55302429199219,694,hit,4.99135854477999,13.879999999999793,149.9449746518344
5,470,889500,-51.87181091308594,2250,timeout,6.6587931744682844,45.000000000001435,-79.90333593130482
5,471,889768,123.44116973876953,671,hit,1.1603522760733418,13.419999999999803,151.53175805591164
5,472,891976,-39.56920623779297,1870,miss,5.103154762140097,37.40000000000025,-76.12427025041218
5,473,893504,-71.73741912841797,2250,timeout,6.720135040176257,45.000000000001435,-78.89689039368128
5,474,893508,124.10191345214844,935,hit,2.3920957051930825,18.69999999999969,160.91209449600362
5,475,898500,-11.697319030761719,2250,timeout,7.008751932925812,45.000000000001435,-90.85570818812113
5,476,899736,-52.59483337402344,1940,miss,10.853250905189409,38.800000000000466,-90.13126309717032
5,477,902468,122.12333679199219,683,hit,2.240379938032124,13.659999999999798,154.50148508206354
5,478,902504,-53.71018600463867,2250,timeout,6.094502386409219,45.000000000001435,-81.57236203285413
5,479,902508,-29.99777603149414,2250,timeout,5.565960670043036,45.000000000001435,-81.69443260901075
5,480,902532,121.19631958007812,1008,hit,4.099266991055529,20.15999999999966,146.74541836403563
5,481,905412,127.22225952148438,736,hit,3.461676403349324,14.719999999999775,158.45920362063669
5,482,905476,123.06217956542969,736,hit,1.8722574508585808,14.719999999999775,157.21210650616587
5,483,905480,126.71664428710938,743,hit,2.3619845308438503,14.859999999999772,158.73908281155715
5,484,908320,126.30250549316406,1454,hit,4.59428154636894,29.07999999999947,156.13227667444642
5,485,908872,131.8270721435547,865,hit,3.779454848593552,17.29999999999972,164.23367046394696
5,486,913724,-43.1163215637207,2061,miss,8.03318276871332,41.220000000000844,-85.68813818943663
5,487,914476,-22.606958389282227,2250,timeout,7.900667262111387,45.000000000001435,-70.35194904573447
5,488,916056,-53.8948974609375,1796,miss,5.650838806801769,35.920000000000016,-84.69826059667778
5,489,917320,-56.95682144165039,2250,timeout,6.3924916417313895,45.000000000001435,-93.69412462542948
5,490,917744,123.58118438720703,817,hit,4.392912659415174,16.33999999999974,158.60660664526438
5,491,919156,126.42635345458984,775,hit,3.3275430018800845,15.499999999999758,157.01283212218206
5,492,920888,127.28570556640625,786,hit,3.072802347963439,15.719999999999754,160.3575914782927
5,493,922724,-42.73434066772461,2250,timeout,5.2411086355612815,45.000000000001435,-67.90080267037489
5,494,922808,131.57872009277344,913,hit,2.9635753530855666,18.2599999999997,164.36399418767593
5,495,925908,128.78631591796875,796,hit,2.3055145832937005,15.91999999999975,160.12419584178338
5,496,926320,-20.491451263427734,2250,timeout,6.2990983322322425,45.000000000001435,-78.90677994061981
5,497,928196,-35.807090759277344,1827,miss,6.732990371807348,36.54000000000011,-68.5328696374787
5,498,928944,129.73043823242188,759,hit,2.8484007764219346,15.179999999999765,155.3803872927174
5,499,931588,130.3708953857422,848,hit,1.7923405303035043,16.959999999999727,159.47858512463245
5,500,931808,-33.57904052734375,2250,timeout,5.775935148939265,45.000000000001435,-79.66564274864281
5,501,932244,130.6112060546875,825,hit,2.1690608028111122,16.499999999999737,160.69456593345146
5,502,934124,117.86339569091797,634,hit,4.915929813137997,12.679999999999819,151.91624702120066
5,503,934972,123.70536804199219,682,hit,2.206212153281638,13.639999999999798,154.81613750409213
5,504,935320,16.506074905395508,2250,timeout,7.805180407753023,45.000000000001435,-61.22469315059698
5,505,938580,72.384033203125,1693,hit,0.8764162840839226,33.859999999999694,151.5617345031131
5,506,938652,130.79754638671875,920,hit,4.198774364697191,18.399999999999697,162.6904779814011
5,507,939280,126.47987365722656,1289,hit,3.609245627334954,25.77999999999954,150.29942248563611
5,508,940324,121.19673919677734,1251,hit,3.0552254343139187,25.019999999999555,147.4849850120338
5,509,941432,124.35237884521484,695,hit,1.4405304171321507,13.899999999999793,153.36742933812
5,510,943324,124.52671813964844,1186,hit,4.777139943188245,23.719999999999583,148.56200977913522
5,511,944712,118.71614074707031,820,hit,2.592360818722706,16.39999999999974,149.73317685025194
5,512,946776,127.19375610351562,863,hit,1.7500207131102214,17.25999999999972,158.1161589003876
5,513,948280,-101.57435607910156,2250,timeout,11.077446363739403,45.000000000001435,-90.2805268372158
5,514,949324,-38.79151916503906,2250,timeout,5.264625611016132,45.000000000001435,-68.02880160041948
5,515,949808,119.19023132324219,758,hit,3.876126086431708,15.159999999999766,153.7912644995227
5,516,952020,131.68441772460938,935,hit,3.5465695764783476,18.69999999999969,163.34527105536546
5,517,953164,123.42225646972656,960,hit,4.40952765245973,19.19999999999968,150.35894878793226
5,518,953420,129.1964874267578,903,hit,3.5158602847428835,18.059999999999704,161.64568187422773
5,519,953712,-22.377498626708984,2250,timeout,6.514361736691238,45.000000000001435,-81.81536027706277
5,520,955316,123.7099609375,824,hit,3.837786389868187,16.479999999999738,158.0663501200374
5,521,955792,118.69408416748047,657,hit,2.580752433935121,13.139999999999809,150.7930919159429
5,522,956344,123.78321075439453,731,hit,2.5887082796405076,14.619999999999777,153.57896560891623
5,523,958136,122.20329284667969,705,hit,1.7051132253602763,14.099999999999788,153.87741134094176
5,524,959416,129.7337646484375,906,hit,3.3311935374794976,18.119999999999703,165.5985981217629
5,525,962712,-50.185325622558594,2250,timeout,5.097887909179356,45.000000000001435,-78.54033820497614
5,526,964264,126.9786376953125,1532,hit,4.3554568034478125,30.639999999999436,155.9783363500504
5,527,965344,-48.38374328613281,2250,timeout,10.126808628991878,45.000000000001435,-87.50512410664447
5,528,965520,114.82453155517578,702,hit,2.5540747283397613,14.03999999999979,153.95208605644325
5,529,968416,-68.48773193359375,2250,timeout,5.136665393817691,45.000000000001435,-93.35128156931862
5,530,969372,117.13475036621094,963,hit,3.247085644999936,19.25999999999968,155.05465593188543
5,531,971148,117.21820068359375,1451,hit,3.8772796550454443,29.01999999999947,152.22485722395865
5,532,971672,127.29496765136719,814,hit,4.223441233197569,16.279999999999742,159.21829498932976
5,533,973264,-74.47190856933594,2250,timeout,6.386621452680124,45.000000000001435,-106.13673275053817
5,534,975592,117.09516143798828,1555,hit,4.9086596666414435,31.099999999999426,155.26374489319778
5,535,976836,124.81523132324219,1422,hit,4.395616899140077,28.439999999999483,151.46909650705098
5,536,980672,-42.0976676940918,2250,timeout,6.337651880402555,45.000000000001435,-81.36290389133762
5,537,981756,126.92487335205078,1541,hit,3.9906631813583537,30.819999999999432,156.45192489550845
5,538,982264,-41.73724365234375,2250,timeout,8.120608219589153,45.000000000001435,-82.092650516981
5,539,985736,126.91687774658203,868,hit,3.924540863519924,17.35999999999972,164.22032875516052
5,540,985784,-36.11917495727539,2237,miss,5.892456624890525,44.740000000001395,-90.34466845574954
5,541,989008,128.1078338623047,818,hit,3.243962607658854,16.35999999999974,157.50458883132754
5,542,989672,-31.177902221679688,2250,timeout,9.513357839226641,45.000000000001435,-60.69360625570939
5,543,990756,-36.54179382324219,2250,timeout,6.510069657209742,45.000000000001435,-100.7194798236634
5,544,994028,126.59626770019531,1089,hit,3.0038202501134994,21.779999999999625,156.88925406726952
5,545,994784,-34.72523498535156,2250,timeout,9.314723635314795,45.000000000001435,-86.02454005910857
5,546,996184,121.74549865722656,1357,hit,3.9451147519021488,27.13999999999951,149.4109584155018
5,547,997720,-32.335880279541016,2178,miss,5.448840277724988,43.56000000000121,-83.23380610724436
5,548,998132,127.31494140625,837,hit,2.2706113575770703,16.739999999999732,164.6694594137204
5,549,998532,121.83564758300781,1126,hit,4.479063855237731,22.51999999999961,162.5988974303287
5,550,1000516,125.44013214111328,699,hit,3.5403797182135346,13.97999999999979,150.30187133261632
5,551,1001388,125.47087097167969,1301,hit,4.370127448919659,26.019999999999534,155.06721401532866
5,552,1001452,128.2620086669922,730,hit,1.6709645261087729,14.599999999999778,154.53545153812502
5,553,1005176,122.55938720703125,931,hit,3.547522399141065,18.619999999999692,148.83682224806074
5,554,1006052,47.634517669677734,1980,hit,3.06533017356949,39.60000000000059,140.2047188310446
5,555,1008212,-44.17161560058594,1924,miss,7.650294404058482,38.480000000000416,-83.84301674131282
5,556,1010220,118.98709106445312,1261,hit,4.360610289466973,25.21999999999955,149.5267590420139
5,557,1010388,-55.97625732421875,2250,timeout,6.389300067712915,45.000000000001435,-88.34002489077999
5,558,1011080,122.5269546508789,1257,hit,2.81637671088098,25.139999999999553,159.26392373821625
5,559,1011296,127.633544921875,771,hit,4.201322393986848,15.41999999999976,155.2578107925412
5,560,1013260,120.98812103271484,760,hit,4.950559951260282,15.199999999999765,154.75839794817796
5,561,1014116,124.93607330322266,705,hit,1.548017712481911,14.099999999999788,150.93038122771685
5,562,1014668,122.75254821777344,897,hit,3.4437338856154023,17.939999999999706,155.08309308755253
5,563,1016868,132.0107879638672,902,hit,4.05792782338388,18.039999999999704,163.76077121676883
5,564,1019388,-105.4346923828125,2250,timeout,5.629130978659138,45.000000000001435,-70.27842846224507
5,565,1019540,128.37118530273438,1218,hit,3.8729291303928775,24.35999999999957,153.0435930933591
5,566,1020584,129.294677734375,929,hit,4.449645366193355,18.579999999999693,155.43530246329016
5,567,1022972,-43.77091598510742,2214,miss,5.92960609172375,44.28000000000132,-96.63561303869598
6,568,1027076,124.89981079101562,769,hit,4.834034817884146,15.379999999999761,153.18654640824258
6,569,1028152,121.92823791503906,1038,hit,3.3903995530726796,20.759999999999646,150.0769754487808
6,570,1029496,109.75130462646484,1374,hit,2.784776654058275,27.479999999999503,146.91093949526032
6,571,1030136,127.287353515625,765,hit,3.1094176055852105,15.299999999999763,156.35186434223255
6,572,1031376,128.5939483642578,806,hit,3.4843678620310494,16.119999999999745,160.25642936796186
6,573,1033000,-72.36177062988281,2250,timeout,9.924097216317342,45.000000000001435,-105.70361283101397
6,574,1035664,122.66661071777344,666,hit,3.118566400803673,13.319999999999805,152.3564585637671
6,575,1038152,110.12577056884766,622,hit,1.3908633612888446,12.439999999999824,151.50601484124456
6,576,1038496,-73.65345764160156,2250,timeout,10.053689470853545,45.000000000001435,-96.51175852774254
6,577,1039136,-76.09880065917969,2250,timeout,5.299130199571997,45.000000000001435,-74.24241554470292
6,578,1040376,-47.28357696533203,2250,timeout,6.6928045508484955,45.000000000001435,-85.17014815003661
6,579,1042468,124.7779312133789,833,hit,4.960623849594121,16.659999999999734,156.35858752051212
6,580,1043332,117.62118530273438,1295,hit,4.411055922796102,25.899999999999537,143.3604469038964
6,581,1043396,121.89811706542969,1225,hit,2.4258824398291114,24.499999999999567,151.29189232664524
6,582,1044248,107.2180404663086,968,hit,4.1651660942500754,19.359999999999676,145.0333325411725
6,583,1046652,129.06155395507812,830,hit,3.214810599949331,16.599999999999735,163.73320497025247
6,584,1046824,132.15316772460938,857,hit,2.046346449367929,17.139999999999723,159.14356390195798
6,585,1048808,119.15095520019531,1585,hit,4.1274384129378685,31.699999999999413,155.29834954202343
6,586,1050932,117.88058471679688,1070,hit,2.8157546933351694,21.399999999999633,145.74780896250127
6,587,1051528,109.0694580078125,1176,hit,4.063427731479972,23.519999999999587,144.95272561636872
6,588,1053248,-30.683549880981445,2250,timeout,6.303438396096756,45.000000000001435,-85.82361246025036
6,589,1053920,117.3784408569336,1278,hit,4.4884962637246595,25.559999999999544,148.3928239812725
6,590,1054576,123.50994110107422,762,hit,3.7479462511643504,15.239999999999764,154.19972330361065
6,591,1056884,131.10572814941406,909,hit,4.475395341177605,18.1799999999997,163.54053753446644
6,592,1059932,-41.053627014160156,2250,timeout,6.623433512907489,45.000000000001435,-79.51379938227736
6,593,1060804,131.44522094726562,980,hit,2.503721019546316,19.59999999999967,164.1825978025997
6,594,1062920,-28.079235076904297,2250,timeout,5.116519588969819,45.000000000001435,-88.94448802704319
6,595,1063576,-70.24513244628906,2250,timeout,11.188467416017808,45.000000000001435,-80.3468383559168
6,596,1066028,124.23666381835938,1306,hit,3.6313153780829035,26.119999999999532,154.77099492044857
6,597,1066032,127.79363250732422,778,hit,2.4318059040887445,15.559999999999757,156.244384570347
6,598,1067488,131.62948608398438,978,hit,1.133219110555873,19.559999999999672,165.62837228781586
6,599,1068932,-37.42979431152344,2250,timeout,6.580462869759522,45.000000000001435,-81.73664520829507
6,600,1072028,115.04864501953125,1135,hit,4.307935965359341,22.699999999999605,147.26598636558518
6,601,1074132,121.02811431884766,1300,hit,3.8609040572210733,25.999999999999535,153.43363047596392
6,602,1074920,125.2842025756836,723,hit,1.85484973017359,14.45999999999978,156.76252431711066
6,603,1075028,-66.69467163085938,2250,timeout,7.650307038393508,45.000000000001435,-89.83836205640235
6,604,1075032,-35.69407272338867,2250,timeout,7.213902082369007,45.000000000001435,-80.57426324431053
6,605,1078404,123.13528442382812,843,hit,3.707285338445352,16.85999999999973,156.6618223606023
6,606,1079460,126.20347595214844,1135,hit,2.6875140035636185,22.699999999999605,152.94771796783195
6,607,1081752,125.06048583984375,837,hit,3.07441695361185,16.739999999999732,155.08992236354112
6,608,1082200,116.84400939941406,685,hit,4.129089264998232,13.699999999999797,152.21845925487332
6,609,1083072,-61.137115478515625,2235,miss,5.074893101928663,44.70000000000139,-88.79084231347568
6,610,1083908,-75.33827209472656,2220,miss,5.864180809774178,44.40000000000134,-97.48853859134199
6,611,1086772,126.92634582519531,925,hit,1.9952682486884927,18.499999999999694,164.51962169761492
6,612,1087408,124.00270080566406,1302,hit,2.747262552949885,26.039999999999534,148.81950067253382
6,613,1087460,125.88372039794922,1427,hit,3.0263752895892018,28.53999999999948,158.10282565594096
6,614,1090740,130.58119201660156,833,hit,2.8166639624849,16.659999999999734,163.6315723933325
6,615,1091248,-26.795665740966797,1835,miss,5.591489367627062,36.70000000000014,-66.58364089921841
6,616,1095772,-42.60380554199219,2250,timeout,7.806798688735352,45.000000000001435,-76.49259274703466
6,617,1096092,128.3952178955078,1338,hit,3.0087153336569,26.75999999999952,157.93110454811983
6,618,1096460,-68.99424743652344,2250,timeout,5.8849231908168855,45.000000000001435,-80.34637334907444
6,619,1098332,-18.66321563720703,1771,miss,5.000299734474784,35.41999999999994,-64.91429016559654
6,620,1099564,127.70470428466797,776,hit,2.152172066889608,15.519999999999758,155.31048263905467
6,621,1099692,132.0228729248047,900,hit,2.080465705791469,17.999999999999705,166.97398261118042
6,622,1102076,117.97604370117188,628,hit,4.1092179241143185,12.559999999999821,151.8541050330323
6,623,1102656,124.57464599609375,741,hit,4.913452540698047,14.819999999999773,153.50693385556167
6,624,1104644,120.34342956542969,642,hit,3.4878945047663015,12.839999999999815,152.48873746445676
6,625,1104772,-56.01089096069336,2250,timeout,11.941430789040128,45.000000000001435,-71.51729777831359
6,626,1107332,-25.926570892333984,2250,timeout,6.493922295703294,45.000000000001435,-81.0630698555013
6,627,1109400,122.1395263671875,1189,hit,3.315720879725493,23.779999999999582,150.2035823365743
6,628,1110060,119.59265899658203,682,hit,2.404756651533644,13.639999999999798,151.39806429218507
6,629,1110660,115.23713684082031,1472,hit,4.857912466265675,29.43999999999946,144.4016680556599
6,630,1111656,-64.58909606933594,2250,timeout,6.809269496570967,45.000000000001435,-82.80809256278563
6,631,1112880,117.18844604492188,705,hit,3.2650999551281346,14.099999999999788,150.15775968256153
6,632,1113424,121.40242004394531,1006,hit,2.856922159535266,20.11999999999966,153.69473318435254
6,633,1116444,101.36405944824219,1197,hit,4.842501691409851,23.93999999999958,142.89484467973526
6,634,1116480,128.74119567871094,900,hit,4.0735080423463925,17.999999999999705,161.24827395846512
6,635,1118660,127.3272933959961,1309,hit,3.3847180718228187,26.17999999999953,158.0840950795963
6,636,1119256,126.518310546875,703,hit,4.089988631461112,14.059999999999789,156.07050559607092
6,637,1119660,-35.26708221435547,2250,timeout,11.453159791203701,45.000000000001435,-85.4790067829041
6,638,1123288,129.08168029785156,1008,hit,3.4385671315150894,20.15999999999966,161.5789350688455
6,639,1125372,113.67446899414062,1428,hit,4.374352550925117,28.55999999999948,152.02742298936715
6,640,1125480,-41.53671646118164,2250,timeout,7.083779767446714,45.000000000001435,-88.9185149241298
6,641,1127660,-75.09127807617188,2250,timeout,5.085420709325772,45.000000000001435,-85.42637667032969
6,642,1128172,120.96308135986328,673,hit,2.1390503854109455,13.459999999999802,154.56110311282808
6,643,1130512,125.44754028320312,713,hit,4.7015006652674876,14.259999999999785,150.89024664984578
6,644,1132288,-66.46719360351562,2250,timeout,7.143496482411921,45.000000000001435,-83.85455525200443
6,645,1134116,-53.16938018798828,2186,miss,5.219561891853985,43.720000000001235,-94.74209089438502
6,646,1134292,114.56011962890625,945,hit,4.261059998275902,18.899999999999686,156.2368749329065
6,647,1134364,115.06417846679688,1548,hit,4.377446262020013,30.95999999999943,151.6434079632477
6,648,1137692,118.79657745361328,832,hit,3.5771888884260528,16.639999999999734,149.11589174757617
6,649,1138656,114.99471282958984,1091,hit,3.247816165775181,21.819999999999624,152.40836339777013
6,650,1138788,115.41552734375,1168,hit,4.378584592464513,23.35999999999959,150.4953571523783
6,651,1141288,-58.598358154296875,2250,timeout,9.911575054563373,45.000000000001435,-78.19381142381462
6,652,1141608,119.76437377929688,705,hit,1.522324970837371,14.099999999999788,154.4832015638901
6,653,1141684,124.48464965820312,757,hit,3.091653796822654,15.139999999999766,159.78412977070246
6,654,1143088,116.08296966552734,1349,hit,4.212052385891018,26.979999999999514,150.32244153268564
6,655,1144468,125.95228576660156,715,hit,2.756752829842848,14.299999999999784,157.53997439032472
6,656,1144864,117.71263122558594,795,hit,3.1848049751972267,15.89999999999975,154.99166374964597
6,657,1145744,119.90837860107422,1114,hit,3.614281673044994,22.279999999999614,156.77612299984452
6,658,1148000,126.06749725341797,883,hit,4.8021013273418545,17.659999999999712,160.06860043063799
6,659,1148076,126.78179931640625,803,hit,4.691854907780047,16.059999999999746,159.6216452399187
6,660,1151192,127.46375274658203,779,hit,1.485373173063854,15.579999999999757,158.24531092883825
6,661,1152088,-44.99772262573242,2250,timeout,7.870408376087233,45.000000000001435,-74.81617039528041
6,662,1154744,-19.370595932006836,2250,timeout,5.00472006187633,45.000000000001435,-66.0021001055164
6,663,1154964,123.39579772949219,719,hit,3.2756047997752673,14.379999999999782,158.18279312980061
6,664,1156820,124.78907775878906,1407,hit,3.601609565066895,28.13999999999949,157.88473895971504
6,665,1157000,-31.720867156982422,2250,timeout,5.729594233725711,45.000000000001435,-71.80656780610961
6,666,1157680,124.01323699951172,679,hit,3.3772448389243275,13.5799999999998,151.55431519935502
6,667,1159984,126.23452758789062,791,hit,3.4662231625514472,15.819999999999752,160.04887557492347
6,668,1160396,128.82449340820312,849,hit,4.602324007122103,16.979999999999727,162.55629760225384
6,669,1161348,127.57218170166016,917,hit,4.194088632694205,18.339999999999698,158.56736483434517
6,670,1163040,126.22584533691406,764,hit,4.018675832347881,15.279999999999763,155.5205962664151
6,671,1163744,-12.835105895996094,2250,timeout,8.814676576548854,45.000000000001435,-77.86872840092398
6,672,1164920,126.31770324707031,893,hit,4.421635894628951,17.859999999999708,165.90916915247567
6,673,1167640,111.18524932861328,1150,hit,3.92965453916406,22.9999999999996,150.0030416790995
6,674,1168500,129.87924194335938,895,hit,1.5250210760909626,17.899999999999707,163.39682499540038
6,675,1168896,-53.91609573364258,2125,miss,6.228666798726051,42.500000000001044,-93.08363813480159
6,676,1169212,122.64253997802734,1367,hit,4.9678713126938066,27.339999999999506,157.04971142256167
6,677,1170332,120.62017822265625,673,hit,3.6029450513128456,13.459999999999802,152.89786846649773
6,678,1171648,127.78800201416016,787,hit,4.079444032003263,15.739999999999753,153.80478428404024
6,679,1173508,113.56816864013672,1074,hit,2.865214061959994,21.47999999999963,146.6475824102562
6,680,1177896,-39.0123405456543,2250,timeout,6.08711686358183,45.000000000001435,-77.7298530483014
6,681,1179256,-41.8116340637207,2231,miss,6.6926937526419366,44.620000000001376,-65.69808977580514
6,682,1180648,-45.200218200683594,2250,timeout,12.210822888927165,45.000000000001435,-82.97865021743672
6,683,1182092,122.29574584960938,709,hit,2.5917012128735686,14.179999999999787,153.3573461374444
6,684,1182508,-45.363853454589844,2250,timeout,5.2969122144189305,45.000000000001435,-64.31109833832366
6,685,1184136,125.13324737548828,872,hit,4.638143704967407,17.439999999999717,155.15418585467256
6,686,1186896,-46.752098083496094,2250,timeout,6.442120503827444,45.000000000001435,-87.97038605863895
6,687,1189020,125.12539672851562,1628,hit,4.026197912055181,32.55999999999949,154.7582210881316
6,688,1190612,86.47126770019531,1619,hit,1.5367168761456256,32.37999999999946,141.83411996348713
6,689,1191092,-44.642154693603516,2250,timeout,5.9197586565066285,45.000000000001435,-89.58209543377603
6,690,1192068,123.75354766845703,762,hit,1.5786081852625191,15.239999999999764,155.77987284931964
6,691,1194092,129.0348358154297,870,hit,1.7247202495941991,17.399999999999718,161.9528145070717
6,692,1194128,119.58543395996094,759,hit,3.9896182937954663,15.179999999999765,153.86004094867513
6,693,1195896,-87.64198303222656,2250,timeout,15.226278796559608,45.000000000001435,-89.91846296599783
6,694,1197444,125.76824188232422,1344,hit,3.67873289922215,26.879999999999516,159.4997389744205
6,695,1198152,123.85899353027344,1015,hit,2.507723590149204,20.299999999999656,153.3547668418476
6,696,1198704,121.22613525390625,702,hit,1.9923065452686115,14.03999999999979,149.65444616504163
6,697,1201696,120.90574645996094,886,hit,4.576161182676824,17.71999999999971,155.01692456488888
6,698,1201908,124.12532806396484,801,hit,4.874138311480089,16.019999999999747,160.85383882119385
6,699,1202712,-63.213661193847656,2146,miss,5.7237934410377935,42.92000000000111,-73.26743307743929
6,700,1203472,116.98768615722656,1507,hit,3.5760100410305355,30.139999999999446,149.3437987809386
6,701,1205244,130.68353271484375,887,hit,2.6527844306735258,17.73999999999971,162.77848919227466
6,702,1207520,108.96806335449219,1403,hit,2.9168930606409416,28.05999999999949,139.41845284181255
6,703,1208356,127.54517364501953,778,hit,3.5355315077725016,15.559999999999757,159.1564171087357
6,704,1208624,122.98286437988281,1478,hit,4.655459054410533,29.55999999999946,150.6689936928903
6,705,1211792,130.1519012451172,859,hit,3.077759889966034,17.179999999999723,162.35804957667438
6,706,1212472,-55.39352798461914,2250,timeout,8.549644584030522,45.000000000001435,-84.07909786629881
6,707,1215744,123.85887145996094,988,hit,2.8655609026371383,19.759999999999668,148.26276719206606
6,708,1216520,-50.901493072509766,2250,timeout,7.1379927172202855,45.000000000001435,-70.76081498492715
6,709,1217624,-68.31549072265625,2250,timeout,5.479928545877426,45.000000000001435,-71.6974130968507
6,710,1219872,131.4407501220703,838,hit,3.2637159054268143,16.75999999999973,165.75586796732006
6,711,1221068,73.70072937011719,1331,hit,4.382377567050278,26.61999999999952,148.1819808579954
6,712,1221472,-31.489608764648438,2250,timeout,5.008908530729874,45.000000000001435,-87.33746732014677
6,713,1222444,120.89161682128906,1205,hit,3.6727486281726103,24.099999999999575,148.77383519090642
6,714,1224108,120.21806335449219,1059,hit,4.390810050293726,21.179999999999637,156.91353112927453
6,715,1224156,126.40313720703125,772,hit,1.6957568114613117,15.43999999999976,155.83297480029495
6,716,1227532,124.83395385742188,856,hit,4.439440735388416,17.119999999999724,153.2620415398577
6,717,1228640,-5.361808776855469,1792,miss,5.280974994316714,35.84,-57.63147282375613
6,718,1228668,120.17266082763672,1128,hit,3.7508484600078478,22.559999999999608,146.8049613125096
7,719,1231768,157.00894165039062,742,hit,2.0318769832885573,14.839999999999772,156.1661318934123
7,720,1233436,168.18777465820312,1159,hit,2.985189627985805,23.179999999999595,159.08408373750584
7,721,1235048,151.4538116455078,820,hit,3.9828277336259212,16.39999999999974,160.8859577191141
7,722,1235220,149.00445556640625,1605,hit,3.0619034043886533,32.09999999999942,162.7143184232625
7,723,1236316,163.6784210205078,720,hit,1.52851331747876,14.399999999999782,154.57107280199818
7,724,1237800,-37.22536087036133,2250,timeout,6.283196709442656,45.000000000001435,-56.37832165064487
7,725,1238468,169.12600708007812,855,hit,1.1634932936947677,17.099999999999724,163.56143555855448
7,726,1238928,155.8687744140625,653,hit,2.3495242374231227,13.05999999999981,155.09552623060353
7,727,1241616,159.1974334716797,787,hit,3.70732826117476,15.739999999999753,159.77980131148342
7,728,1243092,157.68507385253906,1323,hit,3.612835871385133,26.459999999999525,162.3125942836329
7,729,1244220,-34.920658111572266,2250,timeout,10.40018896531633,45.000000000001435,-64.49109551590936
7,730,1245448,156.99636840820312,958,hit,4.881094584040285,19.15999999999968,145.61532705651655
7,731,1246700,173.4097900390625,902,hit,1.3376905614945256,18.039999999999704,173.2016442488482
7,732,1247248,158.68626403808594,757,hit,2.2918178655508603,15.139999999999766,163.23876080491186
7,733,1247928,-37.814971923828125,2250,timeout,7.622088089070869,45.000000000001435,-54.72215786381344
7,734,1249972,158.07493591308594,681,hit,3.1950195371581245,13.619999999999798,154.36722620853925
7,735,1251096,155.1453857421875,792,hit,4.395450445678128,15.839999999999751,167.42668764065598
7,736,1253572,154.0530242919922,1718,hit,4.273978363788787,34.35999999999977,161.65588820093234
7,737,1254448,12.51611328125,2250,timeout,5.3585641137544,45.000000000001435,-79.07073279705591
7,738,1254632,152.2320556640625,1165,hit,4.513605463940267,23.299999999999592,156.35656839650872
7,739,1256632,153.05215454101562,765,hit,4.941167233645596,15.299999999999763,156.68986263227993
7,740,1259236,142.50335693359375,1151,hit,1.8449353531826,23.019999999999598,143.50839778410887
7,741,1260096,-43.75128173828125,2250,timeout,5.877084008501741,45.000000000001435,-99.19919043674169
7,742,1260184,146.8574981689453,888,hit,3.5454761397325667,17.75999999999971,158.26746054074354
7,743,1260460,149.67507934570312,1503,hit,4.919083618287388,30.059999999999448,165.31725837433393
7,744,1262212,150.4076690673828,744,hit,2.8087226398063083,14.879999999999772,152.39326149619154
7,745,1265812,168.42788696289062,900,hit,2.238303844410028,17.999999999999705,165.94014427543007
7,746,1266116,161.66363525390625,1483,hit,2.9789079277041104,29.659999999999457,160.0817114436661
7,747,1268888,142.61691284179688,769,hit,4.48571346931904,15.379999999999761,162.64376051140414
7,748,1269096,-89.62232971191406,2250,timeout,6.358023998616781,45.000000000001435,-83.5981779391241
7,749,1269372,-74.53560638427734,2228,miss,7.931079645921255,44.56000000000137,-101.65040960425694
7,750,1270888,139.00259399414062,1193,hit,4.229114909834617,23.85999999999958,147.16301193966183
7,751,1273508,158.41336059570312,1155,hit,2.641146867436926,23.099999999999596,157.17035249084614
7,752,1274568,140.60365295410156,1299,hit,4.604970165054147,25.979999999999535,152.25442503420163
7,753,1276040,157.50851440429688,633,hit,4.944998192037703,12.659999999999819,151.0113705339067
7,754,1278096,-13.63592529296875,2250,timeout,5.00569885988746,45.000000000001435,-74.64203526998527
7,755,1278192,160.49249267578125,906,hit,2.4947247101820422,18.119999999999703,170.22640211218962
7,756,1279888,-78.30094909667969,2250,timeout,7.26737078063018,45.000000000001435,-63.57118747698704
7,757,1280136,153.92274475097656,1024,hit,3.546230036393303,20.479999999999652,154.01991165476443
7,758,1281720,152.43087768554688,882,hit,4.262356583227511,17.639999999999713,166.05189686706694
7,759,1283268,156.0855255126953,1293,hit,2.9178948072425177,25.859999999999538,162.52756694202373
7,760,1284108,157.22479248046875,993,hit,3.553606820692522,19.859999999999665,154.48291461903167
7,761,1285668,165.61427307128906,987,hit,2.179135982353015,19.739999999999668,171.6569167324855
7,762,1288888,-66.24603271484375,2250,timeout,6.8627588872925696,45.000000000001435,-73.032718263784
7,763,1289296,156.24978637695312,1507,hit,3.7029677336516142,30.139999999999446,164.43521160468484
7,764,1292076,165.2172393798828,695,hit,3.1963352498928286,13.899999999999793,159.83839539879887
7,765,1292396,162.88430786132812,877,hit,2.429121434839676,17.539999999999715,166.35544564289444
7,766,1293108,-24.771549224853516,2250,timeout,5.372663753563964,45.000000000001435,-77.25386232637334
7,767,1294668,-56.69640350341797,2250,timeout,6.556153748648035,45.000000000001435,-84.06852829224215
7,768,1295924,161.3069305419922,962,hit,3.341458695809921,19.23999999999968,173.07690216929637
7,769,1296276,175.02183532714844,792,hit,1.4182379928933975,15.839999999999751,162.66293254545243
7,770,1296284,160.28350830078125,972,hit,3.395541461311616,19.439999999999674,167.00028293046788
7,771,1299228,138.99737548828125,826,hit,4.794233898325652,16.519999999999737,161.42550621863828
7,772,1299404,155.87564086914062,780,hit,4.120336027659762,15.599999999999756,155.28877617984497
7,773,1299792,143.15274047851562,1281,hit,4.266430673630533,25.619999999999543,162.8454154078292
7,774,1302336,164.55691528320312,777,hit,2.6212339879900832,15.539999999999758,157.02627357175297
7,775,1305252,168.89352416992188,729,hit,2.188511019285077,14.579999999999778,158.89966034265063
7,776,1305276,-65.27950286865234,2250,timeout,5.160235978634548,45.000000000001435,-61.26389778452931
7,777,1307908,152.4407196044922,658,hit,3.168633122417554,13.159999999999808,152.65112221544862
7,778,1308404,-69.18079376220703,2250,timeout,6.465157520305263,45.000000000001435,-78.6699159862012
7,779,1308792,-73.02902221679688,2250,timeout,6.462630005842998,45.000000000001435,-83.27310197517886
7,780,1309080,167.14547729492188,957,hit,2.5899523726751195,19.13999999999968,172.69455134279255
7,781,1310876,158.30966186523438,742,hit,3.427993454734299,14.839999999999772,162.2386505489012
7,782,1312340,154.7376708984375,887,hit,2.849534466555253,17.73999999999971,151.72107048232314
7,783,1312488,154.69454956054688,852,hit,4.936827212097422,17.039999999999726,161.43680637367464
7,784,1314952,165.689453125,653,hit,1.111039838593437,13.05999999999981,155.86739850702338
7,785,1317356,-38.35917282104492,2238,miss,14.408201539521148,44.7600000000014,-68.15384747563704
7,786,1317800,66.4358139038086,1731,hit,3.8337901389683533,34.61999999999981,133.22385157498474
7,787,1318016,135.52488708496094,1382,hit,3.1207791022483984,27.6399999999995,149.09499083000978
7,788,1318064,148.5126953125,778,hit,3.8619429938977725,15.559999999999757,161.0775306503074
7,789,1320624,161.2218780517578,817,hit,3.7672613996131563,16.33999999999974,163.22761314054173
7,790,1321024,145.451416015625,740,hit,4.2270699588227485,14.799999999999773,155.76353659771794
7,791,1321312,155.63348388671875,878,hit,4.210903971085971,17.559999999999715,165.8400828112068
7,792,1324816,159.12545776367188,876,hit,3.048667879484883,17.519999999999715,167.84935150549458
7,793,1324820,159.1279296875,1701,hit,3.642493416139762,34.01999999999972,159.33215426375372
7,794,1325228,144.83425903320312,1151,hit,3.842887095314238,23.019999999999598,156.1448269928378
7,795,1327272,157.13388061523438,1562,hit,4.4282489924497925,31.239999999999423,154.90459676859024
7,796,1327720,158.26577758789062,725,hit,2.2135316571475174,14.49999999999978,155.67467198327404
7,797,1328768,169.41851806640625,885,hit,1.7768247345908514,17.69999999999971,168.28793993300604
7,798,1330432,143.7137451171875,678,hit,3.2122538630770707,13.5599999999998,153.9752758973103
7,799,1330488,147.55142211914062,804,hit,4.150677631503061,16.079999999999746,161.31218292441315
7,800,1333620,165.3669891357422,797,hit,3.939316710013013,15.939999999999749,167.26263553571434
7,801,1333816,-80.28014373779297,2250,timeout,8.44324902721619,45.000000000001435,-94.49376559431916
7,802,1333960,175.83799743652344,868,hit,0.5648525838673056,17.35999999999972,165.91964091990255
7,803,1337184,164.973876953125,806,hit,2.721641924027351,16.119999999999745,168.84619977487114
7,804,1337768,-29.117626190185547,2250,timeout,11.077115835035057,45.000000000001435,-72.85660688892254
7,805,1338408,156.9333038330078,1197,hit,2.470442765380471,23.93999999999958,162.51176214932698
7,806,1339992,143.3321990966797,702,hit,4.427945735521195,14.03999999999979,157.6203497146233
7,807,1340488,158.05624389648438,680,hit,1.3810080301429721,13.599999999999799,155.07020862412554
7,808,1342816,-58.4138069152832,2250,timeout,10.457673697264005,45.000000000001435,-75.84408443312978
7,809,1343132,162.4943084716797,785,hit,2.5240230871657308,15.699999999999754,164.74695801203455
7,810,1347408,24.76959228515625,2250,timeout,7.421620618316956,45.000000000001435,-52.36112681814012
7,811,1348152,145.10986328125,1334,hit,4.266213028170697,26.67999999999952,165.01495354793946
7,812,1349488,-10.000446319580078,2250,timeout,5.879597022756329,45.000000000001435,-73.95549673750301
7,813,1350736,146.5234832763672,832,hit,4.353308567555724,16.639999999999734,166.11394347405732
7,814,1350956,158.61978149414062,701,hit,2.244075280113173,14.01999999999979,154.17493593938892
7,815,1351788,-29.937397003173828,2164,miss,5.0897869576793715,43.280000000001166,-61.04384594759953
7,816,1352360,167.6787109375,718,hit,4.318805107440247,14.359999999999783,157.51087715725288
7,817,1353912,161.9247283935547,794,hit,3.1372726115184406,15.87999999999975,162.83767974271854
7,818,1355088,156.12228393554688,1033,hit,4.305989741923519,20.65999999999965,163.28377753462672
7,819,1356960,151.62179565429688,762,hit,3.4876936068963493,15.239999999999764,160.3250573586635
7,820,1357884,152.70033264160156,699,hit,3.994767060610935,13.97999999999979,157.0088524985335
7,821,1360560,144.00286865234375,669,hit,3.3402424537720834,13.379999999999804,156.68431394635564
7,822,1360788,-32.49919509887695,2250,timeout,5.3005007920078535,45.000000000001435,-57.32980910141229
7,823,1361360,-39.969871520996094,2250,timeout,5.5189247873904455,45.000000000001435,-88.39182711980789
7,824,1361648,160.03353881835938,1172,hit,3.4696795658996,23.43999999999959,161.6469762674517
7,825,1363308,156.1746368408203,630,hit,1.8751202911011795,12.59999999999982,151.0814067949398
7,826,1364176,146.15440368652344,704,hit,3.571603648228031,14.079999999999789,155.22694368417942
7,827,1364736,154.1636199951172,1044,hit,3.266660274912246,20.879999999999644,163.72240219094368
7,828,1366768,150.02944946289062,648,hit,2.301906732964424,12.959999999999813,153.49157134841465
7,829,1367284,162.25228881835938,1409,hit,2.7188282978711054,28.179999999999488,158.89613826577175
7,830,1367636,156.45701599121094,725,hit,3.0991259690934077,14.49999999999978,154.63160591763753
7,831,1372308,-26.73223876953125,2250,timeout,5.377747294988291,45.000000000001435,-65.4157930674989
7,832,1373056,169.6366729736328,1355,hit,1.52574255149815,27.09999999999951,168.7877731014716
7,833,1375356,-38.79823303222656,2018,miss,5.081070352114187,40.36000000000071,-80.09715178822486
7,834,1375768,-67.79441833496094,2250,timeout,6.592536496206209,45.000000000001435,-83.21384745907692
7,835,1377184,151.66497802734375,1219,hit,4.388291113790069,24.37999999999957,156.83649471463377
7,836,1377664,160.28648376464844,1152,hit,4.071125356098762,23.039999999999598,148.2818743715775
7,837,1378208,154.66159057617188,713,hit,2.5170854510005407,14.259999999999785,158.92199830344512
7,838,1380296,139.26171875,778,hit,4.480964934123153,15.559999999999757,159.4391245386422
7,839,1381248,154.18121337890625,896,hit,3.545270158825254,17.919999999999707,168.07340610944289
7,840,1382368,143.515380859375,1040,hit,4.133744369400041,20.799999999999645,154.49777646919426
7,841,1383232,173.02947998046875,734,hit,4.048221532537579,14.679999999999776,164.28073491618972
7,842,1384768,-50.19304275512695,2250,timeout,10.85249801533384,45.000000000001435,-67.72651900061237
7,843,1384796,165.74740600585938,887,hit,3.5073150876023265,17.73999999999971,171.49282211268104
7,844,1386176,162.387939453125,736,hit,2.2144689167468754,14.719999999999775,162.38176054487315
7,845,1388392,156.10984802246094,906,hit,4.256512340462905,18.119999999999703,170.71369669693274
7,846,1389364,83.25028228759766,1749,hit,4.248783991323629,34.97999999999987,138.46934543648365
7,847,1389812,170.94412231445312,909,hit,4.640682402798763,18.1799999999997,171.001814182107
7,848,1391364,156.97503662109375,743,hit,2.636389597254401,14.859999999999772,159.54071240874268
7,849,1392640,166.65057373046875,707,hit,2.3131999976505955,14.139999999999787,153.87955584798488
7,850,1393796,9.4107666015625,2250,timeout,5.108074346425149,45.000000000001435,-74.42597340553323
7,851,1398208,141.79193115234375,1392,hit,4.273667582325137,27.839999999999495,161.7346935568242
7,852,1398364,-50.66915512084961,2250,timeout,5.149080026676877,45.000000000001435,-63.36270996037605
7,853,1400140,-90.3006591796875,2194,miss,6.857851350691471,43.88000000000126,-91.80261494933029
7,854,1401164,154.06532287597656,739,hit,3.1403928514878916,14.779999999999774,162.4713068591848
7,855,1402796,-65.81461334228516,2250,timeout,6.874278381282875,45.000000000001435,-84.67178044073863
7,856,1404056,153.0367431640625,723,hit,3.109685964875208,14.45999999999978,156.77124807089126
7,857,1405912,65.36846923828125,1887,hit,4.8794469107407785,37.7400000000003,139.95300892667453
7,858,1406900,168.8647003173828,711,hit,4.593318999824533,14.219999999999786,160.83568093417568
7,859,1409140,-25.262771606445312,2250,timeout,5.01572407117425,45.000000000001435,-90.392244333386
7,860,1409636,167.65362548828125,684,hit,0.80383314575213,13.679999999999797,157.3408474621496
7,861,1411504,159.0270538330078,1398,hit,4.923939234639448,27.959999999999493,162.29224111624788
7,862,1411796,-88.94725036621094,2250,timeout,6.996644409169237,45.000000000001435,-67.42485940132113
7,863,1413040,173.22866821289062,975,hit,4.179402509640999,19.499999999999673,171.82959788117972
7,864,1414096,160.24588012695312,648,hit,4.175629453961701,12.959999999999813,154.4719389383493
7,865,1414668,153.8502960205078,1258,hit,4.927510647298079,25.159999999999553,162.73650175358821
7,866,1414976,161.5689697265625,795,hit,3.3207772596740837,15.89999999999975,162.10657686632783
7,867,1415640,151.73028564453125,650,hit,4.360963429009377,12.999999999999812,155.37642584228828
7,868,1417384,157.83621215820312,822,hit,3.6652276153900196,16.43999999999974,162.1074409496222
7,869,1417724,149.08956909179688,687,hit,4.999388389299522,13.739999999999796,153.0276520795145
7,870,1418716,164.84361267089844,1012,hit,2.261026340438509,20.239999999999657,157.56829043616455
7,871,1420680,172.84799194335938,1260,hit,4.1678212561706545,25.19999999999955,165.05726566665257
7,872,1421120,157.74168395996094,849,hit,3.2607872038061627,16.979999999999727,171.80360595279723
7,873,1421472,159.73219299316406,689,hit,2.024592807908745,13.779999999999795,152.92664043877727
7,874,1422332,138.89727783203125,1237,hit,3.9422347508226045,24.73999999999956,156.32987145836182
7,875,1423724,150.96292114257812,761,hit,3.5128195757026424,15.219999999999764,160.76569416258664
7,876,1425616,164.43592834472656,821,hit,4.485453200729472,16.41999999999974,164.1234546138325
7,877,1426168,158.47525024414062,1262,hit,2.6692038342101734,25.23999999999955,159.42314257164134
7,878,1427128,175.8292694091797,851,hit,0.682739681907433,17.019999999999726,171.13491869558362
7,879,1427220,146.5763702392578,1437,hit,4.3284979211359715,28.739999999999476,147.49325889101345
7,880,1429916,155.66441345214844,1075,hit,2.313695724485381,21.49999999999963,153.95463234110198
7,881,1430368,173.140869140625,787,hit,3.2926698887747388,15.739999999999753,160.58204441338765
7,882,1431188,156.35491943359375,1015,hit,3.6377412657176005,20.299999999999656,159.73664715163537
8,883,1437688,130.99839782714844,1022,hit,3.561797633488215,20.439999999999653,159.02320244592536
8,884,1438148,163.51687622070312,1137,hit,3.6957968582736145,22.739999999999604,169.2400789195155
8,885,1440836,168.1162109375,672,hit,1.320448041481564,13.439999999999802,154.88643151321037
8,886,1442264,-89.61355590820312,2166,miss,7.91362073036739,43.32000000000117,-68.15411647637548
8,887,1442600,-55.308780670166016,2250,timeout,5.695806866311758,45.000000000001435,-84.66600986962345
8,888,1442700,152.92030334472656,1253,hit,3.850206729415631,25.059999999999555,160.46107283510565
8,889,1443972,147.3133544921875,784,hit,4.913300425887204,15.679999999999755,158.45400859074462
8,890,1445468,153.14056396484375,692,hit,1.9616767934518877,13.839999999999794,158.97133771052108
8,891,1445716,160.15805053710938,779,hit,3.8488981564899314,15.579999999999757,159.75043149020067
8,892,1446076,153.94956970214844,953,hit,4.1639365876042715,19.059999999999683,170.46071917834718
8,893,1447136,152.5566864013672,791,hit,3.717898720798724,15.819999999999752,162.86098248675978
8,894,1448680,155.85130310058594,741,hit,3.5823932547613455,14.819999999999773,164.71022148564316
8,895,1448872,153.64727783203125,851,hit,3.6724775525640228,17.019999999999726,166.17339487514607
8,896,1450404,145.95196533203125,817,hit,3.5499509274442778,16.33999999999974,161.41246175074852
8,897,1451892,164.1680450439453,803,hit,4.072848708233958,16.059999999999746,170.69439460769684
8,898,1452316,154.0602264404297,861,hit,3.3102863400121594,17.21999999999972,169.5681424933701
8,899,1455040,-73.18312072753906,2241,miss,6.371789071901721,44.82000000000141,-81.35648278526324
8,900,1455452,150.3313751220703,1262,hit,3.5935775269792574,25.23999999999955,163.1832439368105
8,901,1456496,143.29701232910156,1045,hit,4.798048474081782,20.899999999999643,166.1221428898453
8,902,1457104,162.53024291992188,1303,hit,2.0539638784816083,26.059999999999533,166.96040481566922
8,903,1460180,164.69020080566406,769,hit,2.0852663980454094,15.379999999999761,164.18261889836296
8,904,1462736,151.42271423339844,639,hit,3.6691783702357905,12.779999999999816,156.37005326960644
8,905,1464040,-69.39884948730469,2250,timeout,5.124137694994015,45.000000000001435,-88.85467561965235
8,906,1464452,-76.93608093261719,2250,timeout,14.979962946378219,45.000000000001435,-95.27646551414153
8,907,1465496,-65.32827758789062,2250,timeout,15.185854520532269,45.000000000001435,-61.78952944393807
8,908,1466072,171.77691650390625,834,hit,4.039214295544813,16.679999999999733,167.01176928684578
8,909,1467236,151.6925811767578,799,hit,3.7801663604091105,15.979999999999748,165.13074933232747
8,910,1468936,167.00424194335938,860,hit,2.1440554938448857,17.199999999999722,169.86029792237625
8,911,1471024,171.13546752929688,947,hit,1.8781439445823698,18.939999999999685,170.90799612460194
8,912,1471496,-20.594371795654297,1761,miss,5.640715901474301,35.21999999999991,-70.30094621933978
8,913,1474736,164.73541259765625,810,hit,2.5444045419672086,16.199999999999743,153.69634398422286
8,914,1475072,-56.9102897644043,2250,timeout,7.184725004929069,45.000000000001435,-67.93825684305085
8,915,1476248,142.031982421875,1306,hit,4.448484508587554,26.119999999999532,150.50114946993563
8,916,1477936,-6.151584625244141,2250,timeout,6.196133609441385,45.000000000001435,-73.91830920169481
8,917,1478308,156.74017333984375,809,hit,4.172012861120918,16.179999999999744,159.46239032610535
8,918,1480360,173.78201293945312,1406,hit,2.7851617193250044,28.11999999999949,167.9299306492134
8,919,1481252,177.95556640625,829,hit,1.2556582150236513,16.579999999999735,165.14038531063616
8,920,1482024,146.54534912109375,1444,hit,4.096015605285239,28.879999999999473,160.2557348257143
8,921,1482264,158.49586486816406,989,hit,3.1315750303771432,19.779999999999667,162.6828756805856
8,922,1485036,154.6212615966797,1169,hit,2.7264994720010494,23.37999999999959,158.98220741996764
8,923,1485180,153.90676879882812,789,hit,3.606456861325755,15.779999999999752,166.88970989914205
8,924,1485256,167.63735961914062,748,hit,3.270951913191765,14.95999999999977,160.81350871612932
8,925,1487880,170.0975799560547,711,hit,0.5052616140593733,14.219999999999786,159.62683986692628
8,926,1488432,153.13453674316406,813,hit,4.733691874382965,16.259999999999742,161.64588519727425
8,927,1489156,-13.98109245300293,1976,miss,6.00089778656594,39.52000000000058,-66.87964306718254
8,928,1491276,151.01602172851562,849,hit,4.258545037975459,16.979999999999727,172.26112229884797
8,929,1494256,-52.08451843261719,2250,timeout,6.775759769769794,45.000000000001435,-57.16314389206016
8,930,1497432,-38.25334930419922,2250,timeout,5.881613200603483,45.000000000001435,-70.71411809093493
8,931,1497792,167.3143310546875,884,hit,2.7700067091720477,17.679999999999712,168.6875638001702
8,932,1498156,-49.59606170654297,2250,timeout,5.274989852481439,45.000000000001435,-64.41773465284507
8,933,1499088,67.82330322265625,1953,hit,4.934561475030419,39.06000000000051,145.87739396968811
8,934,1500360,161.5593719482422,732,hit,4.748307963619154,14.639999999999777,157.38767612381375
8,935,1501316,171.46279907226562,790,hit,3.4509424306648704,15.799999999999752,164.82585682268746
8,936,1502752,144.724609375,1240,hit,4.738682556515371,24.79999999999956,161.42320670542168
8,937,1503664,172.5152587890625,826,hit,1.1270626223633806,16.519999999999737,169.02518425683786
8,938,1503724,168.39990234375,1159,hit,4.452921272586582,23.179999999999595,160.82923886351966
8,939,1504500,157.96279907226562,796,hit,3.7183160280404035,15.91999999999975,165.8737016574825
8,940,1506720,159.57696533203125,749,hit,4.670920677299244,14.97999999999977,153.98358557374962
8,941,1507584,146.39126586914062,1208,hit,3.551492560295837,24.159999999999574,157.35954411804204
8,942,1508356,158.249267578125,964,hit,3.3440715955773537,19.279999999999678,170.7669342070435
8,943,1508596,171.16952514648438,1233,hit,2.337755229802298,24.659999999999563,166.28172338503998
8,944,1510620,154.4250946044922,759,hit,3.144552723504001,15.179999999999765,156.8299073073771
8,945,1511440,144.29666137695312,1180,hit,4.734129310067881,23.599999999999586,166.64584743705808
8,946,1511544,161.44203186035156,797,hit,2.268665454003838,15.939999999999749,166.4601348739198
8,947,1511740,148.3319549560547,786,hit,3.897971260265848,15.719999999999754,161.54563274122197
8,948,1513136,160.3844757080078,629,hit,3.4717471029305806,12.57999999999982,153.67582828908837
8,949,1515208,176.82958984375,942,hit,2.2159034340873163,18.839999999999687,174.73584312939283
8,950,1517100,180.74351501464844,991,hit,2.7974367575937875,19.819999999999666,173.95677174115235
8,951,1520544,-24.84703826904297,2250,timeout,6.750776696290321,45.000000000001435,-69.85520916549514
8,952,1520740,-80.45213317871094,2250,timeout,9.08444265125113,45.000000000001435,-89.12491524142226
8,953,1521820,141.74786376953125,1180,hit,3.050259532771111,23.599999999999586,159.0556830085474
8,954,1522080,140.44664001464844,1718,hit,4.710157993818294,34.35999999999977,153.08104112454402
8,955,1523516,163.69403076171875,694,hit,1.378039734505955,13.879999999999793,158.80507262309166
8,956,1523668,147.0306854248047,781,hit,3.420585464635381,15.619999999999756,162.80671901892794
8,957,1524932,156.46713256835938,778,hit,2.4826762196256227,15.559999999999757,161.7352705059804
8,958,1526448,164.51747131347656,733,hit,1.524984856001658,14.659999999999776,162.02187923128017
8,959,1528456,157.38949584960938,1197,hit,4.986105923344229,23.93999999999958,161.8819084008908
8,960,1529608,158.10545349121094,790,hit,3.68634970181801,15.799999999999752,165.89465582994055
8,961,1530448,136.99208068847656,1379,hit,3.9243151503159814,27.5799999999995,147.84830170949186
8,962,1531080,-71.0174560546875,2250,timeout,6.8338949339326085,45.000000000001435,-97.31040678834076
8,963,1534456,167.77206420898438,844,hit,4.7420924864292076,16.87999999999973,167.03585452438057
8,964,1537456,-43.02583312988281,2250,timeout,5.043943824995564,45.000000000001435,-92.95896175207633
8,965,1537668,167.11260986328125,803,hit,2.254919950714614,16.059999999999746,165.14541921762088
8,966,1538608,-41.91747283935547,2250,timeout,6.490770019377929,45.000000000001435,-78.7478597428512
8,967,1539448,-52.00242233276367,2250,timeout,6.278715796312891,45.000000000001435,-66.3099859399398
8,968,1541088,159.95066833496094,855,hit,3.2749960135636917,17.099999999999724,164.25349217006777
8,969,1543732,146.9207000732422,1569,hit,4.788085759053066,31.37999999999942,149.1561052686037
8,970,1546384,158.0068359375,663,hit,1.9510711690175027,13.259999999999806,156.37358416456027
8,971,1547608,-76.0506820678711,2250,timeout,5.326797465669608,45.000000000001435,-94.23730203760874
8,972,1548448,-72.28744506835938,2250,timeout,7.091226707972457,45.000000000001435,-84.35662400219125
8,973,1550088,-46.48948287963867,2250,timeout,6.432711428121192,45.000000000001435,-82.77022933779936
8,974,1551192,164.8881378173828,896,hit,4.413458060957719,17.919999999999707,158.216814181501
8,975,1553176,154.38136291503906,772,hit,3.3147956019151437,15.43999999999976,159.10963363202902
8,976,1554824,156.3860321044922,908,hit,4.990536807557262,18.1599999999997,166.212034735972
8,977,1554944,-50.795738220214844,2140,miss,5.488592515112562,42.80000000000109,-81.63284216800372
8,978,1556248,155.8824920654297,768,hit,4.163364959953204,15.359999999999761,164.707776287414
8,979,1557448,-54.00106430053711,2250,timeout,5.004869977497281,45.000000000001435,-73.26550573593406
8,980,1558320,158.6705322265625,874,hit,3.086858097039311,17.479999999999716,170.85571491141485
8,981,1559012,151.3343048095703,1017,hit,3.8627539521040823,20.339999999999655,158.3069024431336
8,982,1560132,162.28689575195312,671,hit,3.8644681922907536,13.419999999999803,155.97576129259002
8,983,1561044,155.30001831054688,1199,hit,3.636119569418623,23.979999999999578,164.42799022179804
8,984,1561656,155.673828125,834,hit,3.061812858200845,16.679999999999733,169.45963814702398
8,985,1562992,169.16778564453125,995,hit,3.8436470400257017,19.899999999999665,162.78525828347654
8,986,1564632,150.45162963867188,1125,hit,3.9340540614165262,22.49999999999961,150.44093815020398
8,987,1566680,134.31878662109375,922,hit,4.537781738403799,18.439999999999696,155.31196291556162
8,988,1568032,175.83750915527344,1594,hit,1.9671913337737745,31.87999999999941,167.57923911812293
8,989,1569372,174.3443603515625,1185,hit,4.393888660677336,23.699999999999584,162.60879822186462
8,990,1570044,-25.494029998779297,2250,timeout,5.466579096014511,45.000000000001435,-63.573080617552364
8,991,1570436,155.66795349121094,939,hit,3.8801471151543274,18.77999999999969,170.30287103076853
8,992,1571560,155.66775512695312,882,hit,4.1110638715519086,17.639999999999713,168.9794720409895
8,993,1573096,144.4860076904297,665,hit,3.1539318151322804,13.299999999999805,155.66481375972418
8,994,1575240,161.47537231445312,920,hit,2.3062398269684796,18.399999999999697,172.24923771521526
8,995,1575884,143.39280700683594,1460,hit,4.955339014899106,29.199999999999466,148.90001262858686
8,996,1576460,166.09283447265625,841,hit,1.7533473302701992,16.81999999999973,165.65051031711081
8,997,1578372,-60.02442932128906,2250,timeout,5.606092538843882,45.000000000001435,-84.59517353929112
8,998,1579576,159.05397033691406,779,hit,1.963379187825044,15.579999999999757,158.3374870508086
8,999,1580640,160.84158325195312,1350,hit,3.005439437519332,26.999999999999513,167.69768386919623
8,1000,1581620,167.66058349609375,812,hit,2.2375819554703598,16.239999999999743,163.14515122421795
8,1001,1584884,-74.135986328125,2250,timeout,5.40243600478922,45.000000000001435,-99.41427500132114
8,1002,1586552,159.32188415527344,1478,hit,4.398233371859117,29.55999999999946,164.3901971925103
8,1003,1588576,-5.922725677490234,2250,timeout,5.290301470180158,45.000000000001435,-54.0840351754019
8,1004,1588660,166.19833374023438,944,hit,2.2764555240632878,18.879999999999686,158.2831538307069
8,1005,1589608,160.9580078125,764,hit,2.669812501761862,15.279999999999763,161.24770266932865
8,1006,1590272,-39.40382766723633,2163,miss,6.372518941190089,43.26000000000116,-76.18536037961529
8,1007,1593556,170.86190795898438,821,hit,3.726315725396566,16.41999999999974,161.68696713869076
8,1008,1593568,143.17919921875,1248,hit,4.5056085949384705,24.959999999999557,164.33130815300134
8,1009,1593632,138.7961883544922,1006,hit,4.118875703359903,20.11999999999966,154.75488341934988
8,1010,1596340,161.3126678466797,696,hit,3.2313808649651063,13.919999999999792,155.91761223426585
8,1011,1596548,158.11502075195312,745,hit,3.1940204627220403,14.899999999999771,162.16397123651694
8,1012,1596948,158.04283142089844,829,hit,3.402652784763474,16.579999999999735,168.0637490191922
8,1013,1597660,-8.236625671386719,2250,timeout,7.65598102177416,45.000000000001435,-55.14113485158715
8,1014,1599452,166.70761108398438,778,hit,2.162764943862235,15.559999999999757,163.51743698387543
8,1015,1600496,157.21115112304688,987,hit,2.9621252157324864,19.739999999999668,150.1851024027899
8,1016,1600976,159.2079620361328,1007,hit,2.644193850865751,20.13999999999966,160.0123607079045
8,1017,1601420,163.6063232421875,940,hit,2.3611411253410433,18.799999999999688,172.1069278991617
8,1018,1602768,147.66783142089844,829,hit,4.7534627922208905,16.579999999999735,166.53678933961413
8,1019,1604384,142.603271484375,852,hit,3.830984886739344,17.039999999999726,149.36649927536854
8,1020,1604984,163.8232421875,891,hit,4.120860343051428,17.81999999999971,172.73093799925215
8,1021,1605664,157.2361297607422,1292,hit,3.1698125072071446,25.839999999999538,155.49899580883755
8,1022,1607944,176.7162628173828,890,hit,1.4132260102190777,17.79999999999971,169.65488186567393
8,1023,1608884,153.0654296875,805,hit,2.5977259646906514,16.099999999999746,159.8560782574918
8,1024,1609860,170.99087524414062,1219,hit,3.623743918401703,24.37999999999957,160.01417775333405
8,1025,1611768,-26.166061401367188,2250,timeout,5.328886382666104,45.000000000001435,-77.16502801950989
8,1026,1613332,162.94264221191406,868,hit,2.860570095190414,17.35999999999972,171.06914953942317
8,1027,1615992,155.1422576904297,1056,hit,3.1388738361596897,21.11999999999964,156.67420724218604
8,1028,1616620,33.592041015625,2169,hit,4.147084846372493,43.38000000000118,149.27296289807137
8,1029,1616708,154.65350341796875,844,hit,4.563372614987868,16.87999999999973,165.3466965967571
8,1030,1617884,-26.812244415283203,2250,timeout,6.399391250607576,45.000000000001435,-76.81454551971868
8,1031,1619672,139.53306579589844,920,hit,4.866378219899038,18.399999999999697,156.98430756102863
8,1032,1619952,156.29373168945312,833,hit,4.0104540429866224,16.659999999999734,167.96550651653206
8,1033,1621264,164.70639038085938,845,hit,1.5903468640094507,16.89999999999973,166.79752891019004
8,1034,1622720,138.99310302734375,1503,hit,4.861862297050959,30.059999999999448,150.8940451112165
8,1035,1624580,152.4873046875,829,hit,4.266452813292458,16.579999999999735,171.85102439470762
8,1036,1624984,145.96627807617188,1258,hit,4.211455179416774,25.159999999999553,161.68630266944373
8,1037,1627388,164.6582489013672,702,hit,0.8994725573944269,14.03999999999979,158.84078096262
8,1038,1627680,161.93612670898438,674,hit,2.707145529926697,13.479999999999801,157.80835309456037
8,1039,1628092,153.51644897460938,1343,hit,4.380638297825261,26.859999999999516,162.35943449138145
8,1040,1628672,-69.94931030273438,2250,timeout,9.49326568688946,45.000000000001435,-76.85986332112327
8,1041,1629980,151.6294403076172,648,hit,3.384681089277649,12.959999999999813,158.654926480154
8,1042,1631004,163.74330139160156,831,hit,2.14294096043269,16.619999999999735,159.67068754976873
8,1043,1631816,147.52398681640625,931,hit,4.8341213224628685,18.619999999999692,169.79508357321527
8,1044,1633788,150.5912628173828,696,hit,3.0021327132457736,13.919999999999792,155.81955903529428
8,1045,1634600,153.27899169921875,1155,hit,3.3817542436173524,23.099999999999596,157.22421082684104
8,1046,1636836,-12.963504791259766,2041,miss,5.170705405306251,40.82000000000078,-70.8907055246859
