checkpoint,episode,total_timesteps,episode_reward,episode_length,outcome,min_range_m,final_time_s,legacy_episode_reward
1,1,8732,11.581698417663574,2183,miss,635.3625718898572,43.660000000001226,-133.66405398030182
1,2,9000,-12.371149063110352,2250,timeout,1304.062416934439,45.000000000001435,-87.10621964549239
1,3,9000,6.637603759765625,2250,timeout,771.7796207362741,45.000000000001435,-100.25973336174788
1,4,9000,-7.353945732116699,2250,timeout,1198.952376426928,45.000000000001435,-113.28526535373575
1,5,16656,-25.286569595336914,1914,miss,1632.0570212692764,38.280000000000385,-96.81411485547966
1,6,17732,-40.30609893798828,2250,timeout,2728.6544673570056,45.000000000001435,-96.05222713159995
1,7,18000,-32.9530143737793,2250,timeout,2245.0151321798103,45.000000000001435,-81.26788875972593
1,8,18000,-46.57038879394531,2250,timeout,2495.5886955792157,45.000000000001435,-100.97707150691593
1,9,25208,-5.347900390625,1802,miss,1011.5623845771136,36.040000000000035,-88.75242576720717
1,10,25656,-7.939282417297363,2250,timeout,993.5287260003455,45.000000000001435,-122.80578189862204
1,11,26732,13.487030029296875,2250,timeout,399.53474071204937,45.000000000001435,-116.81799346567104
1,12,27000,-22.599323272705078,2250,timeout,1272.2102405644957,45.000000000001435,-136.9507903213535
1,13,32744,-37.435150146484375,1884,miss,2347.529528813771,37.68000000000029,-98.80406636629915
1,14,34396,8.363536834716797,2185,miss,656.9965453899156,43.70000000000123,-84.83121638762283
1,15,35104,26.57811737060547,2026,miss,101.7021655132261,40.520000000000735,-85.66349938800316
1,16,35732,-14.581680297851562,2250,timeout,1187.5653433522502,45.000000000001435,-114.81042011015958
1,17,40512,14.34425163269043,1942,miss,400.03821416968333,38.84000000000047,-93.81972849087046
1,18,42912,17.74372673034668,1795,miss,77.78918619444352,35.90000000000001,-96.76129594657897
1,19,43084,29.654972076416016,1995,miss,64.31273950993258,39.90000000000064,-68.11280499272914
1,20,43396,1.1197915077209473,2250,timeout,849.9716327098735,45.000000000001435,-66.61510616716032
1,21,45980,129.26205444335938,767,hit,4.897990768269456,15.339999999999762,155.56120319869314
1,22,49512,24.798755645751953,2250,timeout,48.023491961169995,45.000000000001435,-108.20288115527289
1,23,52084,24.663166046142578,2250,timeout,8.064924815550386,45.000000000001435,-74.41328261427293
1,24,52396,21.93267822265625,2250,timeout,101.062653203601,45.000000000001435,-71.08687597667459
1,25,54764,11.007621765136719,2196,miss,60.062563403711565,43.92000000000127,-134.04744390353613
1,26,57208,25.237337112426758,1924,miss,99.24341318685674,38.480000000000416,-85.37563958212118
1,27,60128,15.26004409790039,2011,miss,140.41404000456163,40.22000000000069,-88.89453917344525
1,28,61396,8.455306053161621,2250,timeout,395.0103856670829,45.000000000001435,-80.24104192875899
1,29,63008,13.46173095703125,2061,miss,270.6015177661822,41.220000000000844,-111.85568884746831
1,30,64868,120.15409851074219,1185,hit,4.626976702891856,23.699999999999584,143.0971275488321
1,31,65280,27.192668914794922,2018,miss,6.927100141851436,40.36000000000071,-107.0000760014953
1,32,69796,24.894123077392578,2100,miss,28.270474662376813,42.000000000000966,-95.29033234817334
1,33,71940,25.33819007873535,2233,miss,12.983214806908071,44.66000000000138,-84.62982563908564
1,34,72748,30.169208526611328,1867,miss,29.011614437816657,37.34000000000024,-53.12556472370124
1,35,73868,10.10361099243164,2250,timeout,18.591462358416194,45.000000000001435,-90.22802832544002
1,36,76340,126.55546569824219,1100,hit,2.8432301676849936,21.99999999999962,146.90056451458497
1,37,77896,135.25323486328125,1007,hit,2.504005250866489,20.13999999999966,160.73318737182007
1,38,78060,17.376773834228516,2066,miss,32.53400789941195,41.32000000000086,-119.85796239437789
1,39,80072,23.66319465637207,1831,miss,37.06467286053942,36.620000000000125,-84.80138707983372
1,40,80876,130.4542694091797,745,hit,4.954749548535743,14.899999999999771,155.3295152597105
1,41,82540,4.399603843688965,1550,miss,809.9458203890945,30.999999999999428,-57.02952460375818
1,42,85908,121.95488739013672,1258,hit,4.146037563256246,25.159999999999553,145.13686458990546
1,43,87060,12.917182922363281,2250,timeout,46.44455679275677,45.000000000001435,-68.40423045629157
1,44,87392,29.096012115478516,1830,miss,22.436939524983952,36.60000000000012,-84.26077345536382
1,45,88752,25.287893295288086,1553,miss,11.401143270538562,31.059999999999427,-60.49991954417733
1,46,90028,124.41488647460938,659,hit,4.6019968147772525,13.179999999999808,152.71550163308132
1,47,94908,5.968719482421875,2250,timeout,9.644062219404493,45.000000000001435,-94.79133279242475
1,48,95740,25.161643981933594,1747,miss,21.70293295341765,34.93999999999986,-82.15537889037068
1,49,96060,4.532825469970703,2250,timeout,21.203879714143373,45.000000000001435,-92.43124608685935
1,50,99028,21.271696090698242,2250,timeout,6.902330286204744,45.000000000001435,-87.22652451635842
1,51,100224,126.78135681152344,1121,hit,4.90229531353049,22.41999999999961,147.43502849856404
1,52,103736,28.96354103088379,1919,miss,16.79771762879412,38.3800000000004,-62.84753445794122
1,53,103908,11.55436897277832,2250,timeout,16.53600270602166,45.000000000001435,-85.05758682058293
1,54,106876,28.925642013549805,1663,miss,6.1327606593739095,33.2599999999996,-51.69359647892738
1,55,108028,10.676767349243164,2250,timeout,8.001012083654404,45.000000000001435,-88.6097215766559
1,56,111572,21.37432861328125,1959,miss,14.229600602753747,39.180000000000526,-92.83430042349855
1,57,112908,13.130836486816406,2250,timeout,54.43056295297008,45.000000000001435,-88.21137206305241
1,58,114224,18.71254539489746,1837,miss,5.17824822019616,36.740000000000144,-93.40261880085238
1,59,114848,20.786338806152344,1705,miss,34.963337047554866,34.09999999999973,-79.06429736811847
1,60,118484,17.475698471069336,1728,miss,18.999099050873042,34.5599999999998,-94.44919162409711
1,61,120684,18.766389846801758,1944,miss,25.289378619533636,38.88000000000048,-68.86098085213015
1,62,123224,17.579547882080078,2250,timeout,23.734106355497516,45.000000000001435,-116.55046794159263
1,63,123848,14.549812316894531,2250,timeout,8.093109167014923,45.000000000001435,-93.4943472136046
1,64,125312,14.475595474243164,1707,miss,10.142343757305301,34.13999999999974,-99.09139822994247
1,65,127828,21.00409507751465,1786,miss,5.2232052795929125,35.719999999999985,-93.39441826603387
1,66,130376,26.001930236816406,1788,miss,7.6770784272451005,35.75999999999999,-90.02914738946443
1,67,131056,20.078262329101562,1802,miss,16.27982626357058,36.040000000000035,-83.46936104893001
1,68,134312,22.781326293945312,2250,timeout,11.188061048967983,45.000000000001435,-88.83825780781766
1,69,134572,22.752887725830078,1686,miss,6.373571634766173,33.71999999999967,-82.98813731592384
1,70,137392,126.59396362304688,705,hit,4.027904972809747,14.099999999999788,150.66630577777465
1,71,137748,134.6606903076172,859,hit,4.362813855135595,17.179999999999723,161.38279943471946
1,72,138452,14.333795547485352,1849,miss,21.94458838164616,36.98000000000018,-99.50373093799647
1,73,139376,0.5114402770996094,2250,timeout,42.039837159973395,45.000000000001435,-99.35876101808255
1,74,144864,15.673137664794922,1868,miss,17.917342086863002,37.36000000000024,-123.30505558092933
1,75,146572,18.923507690429688,2206,miss,21.732433415912396,44.1200000000013,-104.60406873251922
1,76,146992,12.370343208312988,2135,miss,8.534530944780299,42.700000000001076,-73.60277713613243
1,77,147312,13.329864501953125,1984,miss,16.184003088296258,39.680000000000604,-129.71692081240073
1,78,150240,116.61038208007812,812,hit,4.654330379824076,16.239999999999743,150.89775860743077
1,79,153864,11.790185928344727,2250,timeout,36.87288627636426,45.000000000001435,-120.05024454120512
1,80,154460,24.50885009765625,1972,miss,14.66260817938534,39.440000000000566,-89.64981892226831
1,81,156312,18.568744659423828,2250,timeout,7.215159287677917,45.000000000001435,-79.83758283580994
1,82,159240,10.838380813598633,2250,timeout,7.403012881332791,45.000000000001435,-80.44217317110036
1,83,162124,26.824247360229492,1916,miss,12.438573232252775,38.32000000000039,-78.9241704461713
1,84,162864,14.516164779663086,2250,timeout,14.545502402197869,45.000000000001435,-75.1799585118853
1,85,163484,22.439167022705078,1793,miss,6.453121452631476,35.86000000000001,-91.13186752932928
1,86,168240,10.47610092163086,2250,timeout,18.621385479914032,45.000000000001435,-111.61398736672729
1,87,169560,23.45802116394043,1859,miss,7.116154333466448,37.18000000000021,-84.85895243951384
1,88,169692,23.03649139404297,1707,miss,7.455601661105817,34.13999999999974,-88.37193610587592
1,89,172484,23.639684677124023,2250,timeout,12.757572212851079,45.000000000001435,-82.7356437250803
1,90,175492,130.61972045898438,1483,hit,3.476022143912347,29.659999999999457,155.21588115475004
1,91,177240,18.81077766418457,2250,timeout,10.70868092219171,45.000000000001435,-76.1618652092256
1,92,178676,22.559181213378906,2246,miss,14.83758711693881,44.92000000000142,-112.35439133156524
1,93,178884,133.76905822753906,848,hit,3.553567631738259,16.959999999999727,158.87860081689837
1,94,179428,17.9920654296875,1736,miss,9.271736886186863,34.71999999999983,-92.6200149183754
1,95,180636,132.45162963867188,849,hit,3.921426580274229,16.979999999999727,163.41416979027773
1,96,186112,23.788284301757812,1859,miss,13.531856552753455,37.18000000000021,-89.68732223096104
1,97,186748,25.51844596862793,1830,miss,6.213498672906154,36.60000000000012,-59.90999427286838
1,98,187884,8.491201400756836,2250,timeout,8.788427968691241,45.000000000001435,-79.66769507044391
1,99,189636,10.513839721679688,2250,timeout,11.83517111833858,45.000000000001435,-101.42370803665949
1,100,193276,130.64727783203125,910,hit,2.0359129470273176,18.1999999999997,162.7388217823379
1,101,194308,14.826173782348633,1890,miss,5.820132469650046,37.80000000000031,-72.17426645426924
1,102,195112,-1.7746925354003906,2250,timeout,12.303168001169311,45.000000000001435,-87.73185515302471
1,103,196884,-3.795574188232422,2250,timeout,33.29139603662313,45.000000000001435,-89.7298406129053
1,104,197236,118.87381744384766,990,hit,4.921648827278113,19.799999999999667,147.34475406120146
1,105,203308,11.767784118652344,2250,timeout,23.747995242329456,45.000000000001435,-92.31661841711743
1,106,204112,9.363876342773438,2250,timeout,13.042361949795229,45.000000000001435,-96.50559492912745
2,107,208356,134.46055603027344,889,hit,4.023691221972506,17.77999999999971,163.72078780925548
2,108,212108,120.00579833984375,938,hit,4.896973889762964,18.75999999999969,147.17080863229452
2,109,213700,20.327938079833984,2225,miss,9.10617990121927,44.50000000000136,-72.54021256425305
2,110,213800,12.517696380615234,2250,timeout,13.76223714379276,45.000000000001435,-117.71688441400896
2,111,213800,11.279731750488281,2250,timeout,7.855808860786755,45.000000000001435,-94.28324906816347
2,112,219856,12.807903289794922,1937,miss,19.386398074318695,38.74000000000046,-114.81125636744952
2,113,222700,16.916915893554688,2250,timeout,25.71319462758938,45.000000000001435,-97.8164710110298
2,114,222800,11.849760055541992,2250,timeout,17.403713940195033,45.000000000001435,-89.16041613894014
2,115,222800,23.549806594848633,2250,timeout,6.746582689593728,45.000000000001435,-89.30417212935451
2,116,228856,-12.233428955078125,2250,timeout,7.643351965708532,45.000000000001435,-81.43548960643217
2,117,230600,24.923259735107422,1950,miss,17.407637620249442,39.0000000000005,-84.91230351749014
2,118,230688,17.951446533203125,1972,miss,49.23297682142874,39.440000000000566,-72.0328373268739
2,119,231700,-6.161418914794922,2250,timeout,9.10823270220615,45.000000000001435,-105.17478109965705
2,120,237720,15.090232849121094,1780,miss,25.334241070115603,35.599999999999966,-93.89022809269157
2,121,237856,13.316862106323242,2250,timeout,18.077008188457736,45.000000000001435,-81.65335208502378
2,122,239512,14.122406005859375,2206,miss,17.671747917767714,44.1200000000013,-88.10249715274551
2,123,240700,1.4406700134277344,2250,timeout,10.026401394774531,45.000000000001435,-97.04125321413068
2,124,242864,132.57098388671875,838,hit,3.8190213586600317,16.75999999999973,159.01678484978174
2,125,245156,20.70737075805664,1859,miss,5.450902571323046,37.18000000000021,-101.66953694190117
2,126,246764,20.38967514038086,1516,miss,10.481002985758513,30.319999999999443,-58.46937462245636
2,127,246856,20.406518936157227,2250,timeout,5.00368321712655,45.000000000001435,-81.10401341332756
2,128,249540,18.39413070678711,1669,miss,18.725207757750287,33.37999999999962,-68.93826242753624
2,129,251680,128.23080444335938,1229,hit,4.522215534683097,24.579999999999565,159.62182616536222
2,130,254156,3.762035369873047,2250,timeout,6.383506601113655,45.000000000001435,-97.69289164786824
2,131,254260,19.09743881225586,1851,miss,10.932657998570692,37.02000000000019,-115.0142259854764
2,132,258540,16.830440521240234,2250,timeout,14.19700973528079,45.000000000001435,-81.90542531578065
2,133,259220,22.09914779663086,1885,miss,8.241940695311317,37.700000000000294,-79.31369516343118
2,134,263156,14.081985473632812,2250,timeout,7.506085111012023,45.000000000001435,-77.89080555944086
2,135,263260,-17.786970138549805,2250,timeout,18.000125171523397,45.000000000001435,-93.88166155189903
2,136,265832,21.87594223022461,1823,miss,9.519510112598514,36.4600000000001,-73.47643881873125
2,137,268220,5.6444244384765625,2250,timeout,8.270746403835693,45.000000000001435,-94.92489722805392
2,138,272156,21.713485717773438,2250,timeout,5.009750678823632,45.000000000001435,-90.35987568230212
2,139,272260,14.612407684326172,2250,timeout,13.09632702835207,45.000000000001435,-77.22888576940989
2,140,272508,12.730619430541992,1669,miss,6.018259788094575,33.37999999999962,-93.12216780879669
2,141,275220,18.95134735107422,1750,miss,7.759040230662594,34.99999999999987,-94.5014428739247
2,142,277204,125.90254211425781,1174,hit,4.8265324213178475,23.47999999999959,149.0581930787228
2,143,278928,20.64731788635254,1667,miss,8.780755277108074,33.33999999999961,-92.23071347194914
2,144,280016,132.56163024902344,1199,hit,3.0487132634514924,23.979999999999578,158.85096433182218
2,145,280824,4.187740325927734,2167,miss,16.212343876290642,43.340000000001176,-92.91885388793993
2,146,281636,126.44627380371094,677,hit,3.0033481740017183,13.5399999999998,151.97910341638016
2,147,286136,9.495098114013672,2233,miss,13.17477106118701,44.66000000000138,-99.36181821314374
2,148,286728,109.35283660888672,1678,hit,3.858771060926571,33.55999999999965,149.92378324329746
2,149,288064,22.8089656829834,1810,miss,5.554784496153851,36.20000000000006,-72.5199320194371
2,150,288832,24.334026336669922,1799,miss,25.02136693386555,35.980000000000025,-84.81172258940208
2,151,293132,17.052888870239258,1749,miss,9.69183569295789,34.97999999999987,-88.88882777832697
2,152,294336,21.619182586669922,1902,miss,18.9456161698173,38.04000000000035,-79.72518171640809
2,153,295624,26.75771713256836,1890,miss,11.956676579715714,37.80000000000031,-76.56494001255268
2,154,296260,25.042051315307617,1857,miss,9.063599235291814,37.14000000000021,-76.86956339205084
2,155,299348,132.3314208984375,1554,hit,3.1454212137550472,31.079999999999426,153.1868902388078
2,156,303336,-8.796157836914062,2250,timeout,9.85687481627521,45.000000000001435,-71.92871351870929
2,157,304024,24.686203002929688,1941,miss,7.454304274246859,38.82000000000047,-84.56704744556707
2,158,304624,7.4914398193359375,2250,timeout,11.494073785203202,45.000000000001435,-133.7634829256374
2,159,307308,127.9626693725586,821,hit,2.6553318651504485,16.41999999999974,157.5861551216716
2,160,308348,-2.527181625366211,2250,timeout,17.040303544592835,45.000000000001435,-76.0728161716016
2,161,312080,15.287521362304688,2186,miss,10.437111199072115,43.720000000001235,-107.4309377199492
2,162,313624,-12.244819641113281,2250,timeout,10.214137420713039,45.000000000001435,-91.45948714657978
2,163,316308,-0.5372123718261719,2250,timeout,21.748153912253144,45.000000000001435,-83.64360377119161
2,164,316568,124.76103210449219,736,hit,3.7848356210102705,14.719999999999775,154.56176815073724
2,165,317348,-27.200990676879883,2250,timeout,20.440206599776374,45.000000000001435,-76.67863715383035
2,166,320104,131.2718963623047,884,hit,4.039405327137722,17.679999999999712,157.88104509162122
2,167,321080,11.993072509765625,2250,timeout,17.7654990162238,45.000000000001435,-131.0188868733796
2,168,323432,24.455026626586914,1781,miss,10.823381443575347,35.61999999999997,-74.76560013409237
2,169,325772,127.37208557128906,1417,hit,4.488645349024692,28.339999999999485,150.09495714070235
2,170,326348,10.980461120605469,2250,timeout,15.556481355593565,45.000000000001435,-76.09165988357547
2,171,327732,10.199893951416016,1663,miss,6.709385926274967,33.2599999999996,-93.07557966895976
2,172,329188,126.74678039550781,710,hit,2.5848529648075984,14.199999999999786,152.18661736371308
2,173,331156,131.41815185546875,856,hit,4.286517793214797,17.119999999999724,158.0891459274523
2,174,332432,5.1132965087890625,2250,timeout,17.31633943813562,45.000000000001435,-82.15041108900064
2,175,332808,16.123836517333984,1759,miss,5.408251557176748,35.1799999999999,-96.50839367219739
2,176,333424,120.92296600341797,1059,hit,4.836813806064161,21.179999999999637,145.02047758325668
2,177,338072,108.01959991455078,1410,hit,3.4186569744113005,28.199999999999488,139.1557052480557
2,178,338500,15.609251022338867,1836,miss,13.550582639275195,36.72000000000014,-64.97799479628343
2,179,340260,15.924896240234375,1863,miss,10.745435702735326,37.260000000000225,-84.94596028685268
2,180,342424,19.089210510253906,2250,timeout,6.30217551590934,45.000000000001435,-98.05111025192666
2,181,345076,26.095348358154297,1751,miss,5.773232063595034,35.019999999999875,-75.06021919524858
2,182,345840,129.06651306152344,1395,hit,3.6299333436541743,27.899999999999494,155.60346754286073
2,183,347500,20.2911434173584,2250,timeout,6.824854613937705,45.000000000001435,-115.54075885031509
2,184,348232,132.82833862304688,789,hit,4.4127347812047315,15.779999999999752,154.01786002982197
2,185,349820,24.95730209350586,1849,miss,18.084974212944935,36.98000000000018,-84.81989544278336
2,186,350904,122.2313232421875,1266,hit,4.543903246521698,25.31999999999955,143.9681798251544
2,187,353724,134.03289794921875,976,hit,3.9137771029755593,19.519999999999673,162.50963123937132
2,188,355064,25.702293395996094,1708,miss,5.874767157575261,34.15999999999974,-56.79338035475597
2,189,356500,-1.7796401977539062,2250,timeout,8.899158809214553,45.000000000001435,-72.12216564324586
2,190,356800,127.62679290771484,769,hit,4.088868311427174,15.379999999999761,154.15735527581563
2,191,359904,24.87238311767578,2250,timeout,6.4901222558568366,45.000000000001435,-102.33185701667294
2,192,361348,116.71368408203125,1212,hit,4.132794230848045,24.239999999999572,144.15910441890645
2,193,362496,123.45774841308594,648,hit,4.89818955937658,12.959999999999813,151.87856661301723
2,194,364064,9.594318389892578,2250,timeout,10.000485388932557,45.000000000001435,-93.22981086153646
2,195,365100,7.335174560546875,2075,miss,25.35341438487807,41.50000000000089,-89.81375802916895
2,196,369444,17.86970329284668,2024,miss,11.275017810139937,40.48000000000073,-94.52552631924745
2,197,369692,23.069011688232422,1799,miss,8.76958835906887,35.980000000000025,-73.32352101517894
2,198,371416,12.88888168334961,1838,miss,6.800470106495279,36.76000000000015,-107.69386617118451
2,199,372636,20.27993392944336,1884,miss,7.289042011239202,37.68000000000029,-95.86871508961067
2,200,376308,16.17019271850586,1654,miss,14.145404674756739,33.07999999999957,-94.34606114157306
2,201,376752,13.930479049682617,1827,miss,12.460293622821924,36.54000000000011,-99.18482980568078
2,202,379264,5.1078033447265625,1962,miss,11.28548402244326,39.240000000000535,-91.1537523763758
2,203,380688,130.4959716796875,984,hit,3.6061237220308984,19.67999999999967,152.74108124751336
2,204,381636,8.985095977783203,2250,timeout,12.05745561023015,45.000000000001435,-106.52721463000111
2,205,383616,126.10008239746094,732,hit,2.8288305743048063,14.639999999999777,157.67631861052615
2,206,385308,23.27606964111328,2250,timeout,5.078165563070394,45.000000000001435,-100.78568505959558
2,207,386632,24.391624450683594,1842,miss,16.39152122796907,36.84000000000016,-85.69149141888181
2,208,388732,19.410715103149414,1774,miss,11.64557356985481,35.47999999999995,-93.66080525087827
2,209,391068,27.089048385620117,1863,miss,8.78141697902183,37.260000000000225,-56.326605585506165
2,210,391524,123.60275268554688,698,hit,4.176275454214177,13.959999999999791,150.37615574475774
2,211,394308,6.287139892578125,2250,timeout,5.84679445894604,45.000000000001435,-79.60113018585054
2,212,394540,15.500690460205078,1977,miss,24.787326138584245,39.54000000000058,-119.25511349670118
2,213,399160,8.397554397583008,2023,miss,8.701619154556564,40.460000000000726,-75.19636806736425
2,214,400524,14.56756591796875,2250,timeout,7.533525413974505,45.000000000001435,-113.99649550988747
2,215,401408,13.105562210083008,1775,miss,12.006282403855819,35.49999999999995,-100.69845878245421
2,216,403540,5.073081970214844,2250,timeout,17.26757312001828,45.000000000001435,-102.20704652305416
2,217,406912,17.666189193725586,1597,miss,10.731090391550403,31.939999999999408,-66.73723184517371
2,218,408160,10.029132843017578,2250,timeout,9.198864613159758,45.000000000001435,-78.5999113276386
3,219,416780,0.8455295562744141,1795,miss,7.652963845801963,35.90000000000001,-66.48650479960038
3,220,418048,5.950675964355469,2112,miss,15.318341436768481,42.240000000001004,-86.96285155615475
3,221,418600,15.786096572875977,2250,timeout,11.369240226337137,45.000000000001435,-68.73267145189783
3,222,418600,13.270519256591797,2250,timeout,6.53582033147227,45.000000000001435,-82.51545181301086
3,223,422528,131.46051025390625,1120,hit,3.7460947770584694,22.39999999999961,159.40119901939326
3,224,425780,4.316944122314453,2250,timeout,6.392955885199952,45.000000000001435,-95.21023164744705
3,225,426812,126.16316986083984,1071,hit,3.7253203367424454,21.419999999999632,144.79192285766862
3,226,427600,-3.6770286560058594,2250,timeout,6.739124729851491,45.000000000001435,-78.32084637859221
3,227,427600,-22.904340744018555,2250,timeout,7.195502818480122,45.000000000001435,-78.78860683097975
3,228,434200,28.876365661621094,1847,miss,8.412085928431566,36.940000000000175,-73.53303960885263
3,229,434688,17.961788177490234,1772,miss,5.703698767485703,35.43999999999994,-88.31020169608556
3,230,434780,22.7104549407959,2250,timeout,6.621535051388262,45.000000000001435,-77.39082108758822
3,231,434864,16.15159034729004,1816,miss,16.45786691352645,36.32000000000008,-101.64722520336223
3,232,437216,130.6368408203125,754,hit,4.367333507206979,15.079999999999767,158.62021997589014
3,233,438212,132.8763427734375,881,hit,2.06003905989286,17.619999999999713,164.19296189537687
3,234,440800,133.1304931640625,896,hit,4.661083141359035,17.919999999999707,159.73058873623023
3,235,442124,15.634742736816406,1815,miss,9.196010806663145,36.300000000000075,-100.49015421525856
3,236,442228,20.656888961791992,1862,miss,5.054959546109988,37.24000000000022,-78.81466108803346
3,237,445864,19.41546058654785,1913,miss,8.234466406039385,38.26000000000038,-77.53760937281292
3,238,448416,128.9108123779297,1547,hit,4.1144171858407805,30.93999999999943,153.22810147498782
3,239,449800,21.899465560913086,2250,timeout,9.816063416301864,45.000000000001435,-94.98145871802613
3,240,450260,14.455686569213867,2034,miss,12.180961035898507,40.68000000000076,-102.68313689199529
3,241,451596,132.5923309326172,795,hit,3.068271157279394,15.89999999999975,156.7043500555405
3,242,454864,22.355636596679688,2250,timeout,12.974049795227383,45.000000000001435,-91.0745089156556
3,243,457552,26.897851943969727,1938,miss,13.269743224576,38.76000000000046,-84.84563161760781
3,244,459200,16.584997177124023,2235,miss,17.524236504078768,44.70000000000139,-113.74137120853514
3,245,459852,15.917745590209961,2064,miss,10.24454939230148,41.280000000000854,-80.57296280624048
3,246,462284,131.32569885253906,1183,hit,3.989474669169907,23.659999999999584,154.38767705676003
3,247,463028,17.149391174316406,2041,miss,6.613189978041722,40.82000000000078,-122.36844158188222
3,248,467024,18.65929412841797,1956,miss,10.959129141828468,39.120000000000516,-81.07389821301622
3,249,467068,28.3006649017334,1804,miss,5.542507053349125,36.08000000000004,-51.480420967925696
3,250,468996,129.74951171875,1678,hit,4.82444778252168,33.55999999999965,152.62394805191514
3,251,470232,24.912126541137695,1801,miss,7.681479687544066,36.02000000000003,-70.44395137253409
3,252,473368,131.92208862304688,784,hit,4.228149043421576,15.679999999999755,153.56299725392412
3,253,473672,9.277515411376953,1651,miss,5.912730345467509,33.01999999999956,-71.4349789786766
3,254,474660,24.153261184692383,1909,miss,9.3441080920782,38.18000000000037,-84.34683103271581
3,255,476388,128.6313018798828,755,hit,4.134510422217547,15.099999999999767,152.82434018112315
3,256,476756,23.128055572509766,1940,miss,8.207468149127461,38.800000000000466,-80.65430917284581
3,257,479120,128.81895446777344,1115,hit,4.242619103696212,22.299999999999613,155.7017613033122
3,258,481484,2.868824005126953,1953,miss,15.166303981831533,39.06000000000051,-98.41112435521691
3,259,482432,120.16360473632812,1511,hit,4.559587187817641,30.219999999999445,136.46992326397762
3,260,485756,22.47612762451172,2250,timeout,5.141057301559862,45.000000000001435,-70.44319828165439
3,261,488120,22.596364974975586,2250,timeout,9.604942729277479,45.000000000001435,-79.33069837267823
3,262,490484,-0.6815872192382812,2250,timeout,6.445343552764604,45.000000000001435,-88.85352917905662
3,263,491432,22.438404083251953,2250,timeout,5.179579273739206,45.000000000001435,-103.0869687472081
3,264,493064,-6.0560760498046875,1827,miss,7.389066651327183,36.54000000000011,-93.44843338276824
3,265,493172,129.15367126464844,1263,hit,4.893575448999005,25.25999999999955,154.54255696428865
3,266,498508,-19.676403045654297,2006,miss,7.210014066846699,40.12000000000067,-78.82702890049552
3,267,498612,9.001365661621094,1795,miss,6.45881547315191,35.90000000000001,-77.89944788080001
3,268,500228,21.799104690551758,1764,miss,14.419406874934266,35.279999999999916,-75.50863035390731
3,269,501124,124.01449584960938,654,hit,2.159254210422816,13.07999999999981,151.14946601648464
3,270,502064,-6.9460906982421875,2250,timeout,7.967982952564465,45.000000000001435,-104.20216583157043
3,271,505856,8.447052001953125,1811,miss,9.859305327800158,36.22000000000006,-106.3263027876277
3,272,507132,24.286762237548828,1726,miss,8.151374124740546,34.5199999999998,-80.61503792143677
3,273,507896,21.513111114501953,1693,miss,5.86359772801889,33.859999999999694,-66.05020165594287
3,274,509444,23.833209991455078,1845,miss,6.026047540831062,36.90000000000017,-89.57421936854374
3,275,510076,127.22401428222656,736,hit,2.9442074533759377,14.719999999999775,156.7737476009276
3,276,514856,-6.721244812011719,2250,timeout,13.327039613196062,45.000000000001435,-78.65724150072339
3,277,516896,16.82183265686035,2250,timeout,6.308268016104055,45.000000000001435,-126.90296674676142
3,278,518444,11.366445541381836,2250,timeout,22.055971061517333,45.000000000001435,-76.02992516793388
3,279,519076,7.272993087768555,2250,timeout,6.890913062008136,45.000000000001435,-75.93588802897222
3,280,522276,24.683883666992188,1855,miss,6.566848626541508,37.1000000000002,-76.63742786150306
3,281,524172,15.850099563598633,1819,miss,7.880269146099049,36.38000000000009,-79.45338414102041
3,282,527444,-12.125720977783203,2250,timeout,5.53577390060542,45.000000000001435,-74.55040012092132
3,283,528076,8.6160888671875,2250,timeout,6.008800177817844,45.000000000001435,-87.41526264458726
3,284,531276,5.639274597167969,2250,timeout,12.803483902083062,45.000000000001435,-125.71563312976156
3,285,531308,131.84136962890625,808,hit,4.625691696942628,16.159999999999744,160.36408060416443
3,286,533172,10.127819061279297,2250,timeout,12.612398811608934,45.000000000001435,-78.9098231835487
3,287,536012,-17.666597366333008,2142,miss,12.625864434685546,42.8400000000011,-78.28368325753857
3,288,540276,-2.0181922912597656,2250,timeout,6.478907305867494,45.000000000001435,-95.65713659768053
3,289,540308,5.447223663330078,2250,timeout,13.165316206372655,45.000000000001435,-77.1234718920423
3,290,542032,0.815521240234375,2215,miss,8.449935134545507,44.300000000001326,-89.21174289980696
3,291,543612,2.108205795288086,1900,miss,12.808527962648965,38.00000000000034,-66.71106980163609
3,292,545080,123.87850952148438,762,hit,4.777787475653434,15.239999999999764,156.99115546668432
3,293,547224,24.44176483154297,1729,miss,6.347040321335877,34.57999999999981,-65.14801671299972
3,294,549276,8.24517822265625,2250,timeout,5.513101522209617,45.000000000001435,-102.18121205866852
3,295,550284,20.728195190429688,1668,miss,9.218330935137715,33.359999999999616,-64.54543235779084
3,296,554080,17.049053192138672,2250,timeout,9.159532140754475,45.000000000001435,-96.74189771528627
3,297,554168,24.378559112548828,1736,miss,11.057498099173367,34.71999999999983,-78.64231027023048
3,298,557208,19.323396682739258,1731,miss,5.86643194848382,34.61999999999981,-119.62441992652475
3,299,557268,-3.779796600341797,1998,miss,7.9780296865822855,39.96000000000065,-95.49484119962196
3,300,557684,132.86874389648438,879,hit,3.4233308256986015,17.579999999999714,160.8528304606985
3,301,561488,21.41035270690918,1852,miss,7.114347203278944,37.04000000000019,-90.10276455001576
3,302,565532,129.3284454345703,1011,hit,4.875060024461161,20.219999999999658,152.68136873512185
3,303,566208,-5.937580108642578,2250,timeout,8.743288981268675,45.000000000001435,-75.66832371635037
3,304,566268,20.89877700805664,2250,timeout,9.771186491511061,45.000000000001435,-73.28669547827337
3,305,566684,4.956819534301758,2250,timeout,11.437362360727967,45.000000000001435,-71.89923898513243
3,306,568800,125.87640380859375,648,hit,4.150190657449017,12.959999999999813,152.7485091821726
3,307,573400,18.309953689575195,1783,miss,8.546187343640144,35.659999999999975,-91.28347547971086
3,308,573464,24.120725631713867,1695,miss,7.339983513910079,33.8999999999997,-77.78643293711866
3,309,574532,17.943140029907227,2250,timeout,6.662724557114835,45.000000000001435,-92.70763510883879
3,310,576652,131.2860870361328,797,hit,3.4407975849227688,15.939999999999749,158.6191551502604
3,311,577800,12.695737838745117,2250,timeout,8.218034745774242,45.000000000001435,-81.76277247011865
3,312,580932,22.330703735351562,1883,miss,8.341035600130034,37.66000000000029,-81.10498261015141
3,313,583532,-9.71554946899414,2250,timeout,6.241973743452225,45.000000000001435,-120.75525984092093
3,314,584564,13.271451950073242,1691,miss,19.457536989379822,33.81999999999969,-99.89430836435984
3,315,585368,128.99412536621094,1109,hit,3.619713335130932,22.179999999999616,157.41782201914594
3,316,585652,-7.38134765625,2250,timeout,7.425228895421015,45.000000000001435,-71.70397324594683
3,317,589024,130.85995483398438,843,hit,2.0731511767107005,16.85999999999973,156.85738121800725
3,318,590056,21.454343795776367,1631,miss,330.3532688399851,32.6199999999995,-47.892534632149875
3,319,592088,6.0902557373046875,1881,miss,7.432571178744238,37.62000000000028,-93.9767612744931
3,320,592240,12.64590835571289,1718,miss,15.508609037773475,34.35999999999977,-88.21173512548138
3,321,593256,116.05304718017578,1058,hit,4.003120332247529,21.159999999999638,146.1037520681847
3,322,596348,128.31857299804688,773,hit,4.156360012979533,15.45999999999976,159.1504657416898
3,323,599012,29.139787673950195,1731,miss,22.63145098270815,34.61999999999981,-47.19297229353751
3,324,599056,-28.19837188720703,2250,timeout,5.388258797659059,45.000000000001435,-79.11918871349351
3,325,601240,-7.914588928222656,2250,timeout,10.849773064861656,45.000000000001435,-88.08617872331996
3,326,603316,18.886117935180664,1742,miss,9.40019634112059,34.83999999999985,-85.6008273405834
3,327,603920,118.25718688964844,670,hit,2.5288940409243303,13.399999999999803,151.28127533089372
3,328,604528,125.06546783447266,1368,hit,3.4887132344655085,27.359999999999506,148.78733124665038
3,329,605364,129.1160888671875,1588,hit,3.651452157798973,31.759999999999412,154.0489957742322
3,330,608528,114.85997009277344,1000,hit,3.806727824587829,19.999999999999662,145.2639946931592
3,331,612316,19.373613357543945,2250,timeout,7.331373398146534,45.000000000001435,-92.12161606150333
3,332,612656,18.989761352539062,1823,miss,11.327437109583427,36.4600000000001,-86.67900785515147
3,333,612920,-10.1473388671875,2250,timeout,5.138873289805444,45.000000000001435,-96.3146726676692
4,334,621240,24.021732330322266,1710,miss,5.838782219228162,34.19999999999975,-59.730211580529804
4,335,622792,-12.160690307617188,2098,miss,6.781671999146373,41.96000000000096,-90.70293932886753
4,336,623400,-7.372417449951172,2250,timeout,8.379199589473407,45.000000000001435,-81.48152185343304
4,337,623400,-12.03048324584961,2250,timeout,8.298241066094537,45.000000000001435,-116.27052845886998
4,338,626412,122.45162200927734,905,hit,4.041485327895758,18.099999999999703,148.59947759099492
4,339,630096,-0.095428466796875,1674,miss,10.59320041919044,33.479999999999634,-69.30612807371885
4,340,630240,17.140668869018555,2250,timeout,6.20997092914584,45.000000000001435,-99.99761190678507
4,341,630268,129.52468872070312,964,hit,3.4248291873215737,19.279999999999678,162.04422007127636
4,342,632400,2.8686866760253906,2250,timeout,6.561595054814126,45.000000000001435,-87.57277995629221
4,343,635908,128.4700469970703,1417,hit,4.410393461164318,28.339999999999485,155.80589082960194
4,344,637216,9.120094299316406,1737,miss,15.939951430565536,34.73999999999983,-93.12565381140958
4,345,637964,9.442924499511719,1967,miss,5.576162383823047,39.34000000000055,-118.3456501039942
4,346,641400,-26.115558624267578,2250,timeout,9.04776654142836,45.000000000001435,-80.04039182641036
4,347,641520,133.62965393066406,889,hit,3.4763898164795513,17.77999999999971,162.53721228873138
4,348,643044,16.35688591003418,1784,miss,5.582981899505907,35.67999999999998,-122.28018601255806
4,349,643844,24.00480079650879,1657,miss,8.265492799394758,33.13999999999958,-52.9083411330801
4,350,644440,128.90396118164062,760,hit,2.9041040301615912,15.199999999999765,154.67575990825975
4,351,645764,122.8829345703125,1061,hit,4.180093619143294,21.219999999999636,146.93902671206342
4,352,647560,131.9872589111328,780,hit,4.270853686909031,15.599999999999756,154.9785780742524
4,353,650944,-10.571815490722656,1975,miss,10.48749694341214,39.500000000000576,-82.0013815075501
4,354,651056,119.73329162597656,1323,hit,4.643609207727845,26.459999999999525,146.61403626764277
4,355,651212,19.185836791992188,1842,miss,5.124515516480499,36.84000000000016,-88.89301639966433
4,356,654856,3.403827667236328,1824,miss,6.182042904560997,36.4800000000001,-82.7008652897098
4,357,656844,128.25987243652344,1408,hit,3.062076488209698,28.15999999999949,152.99942030881192
4,358,657588,121.9870834350586,683,hit,3.3812417744925045,13.659999999999798,151.29708506851986
4,359,659896,130.97378540039062,763,hit,4.858022418002372,15.259999999999764,155.8006464521401
4,360,659944,-8.40018081665039,2250,timeout,13.624658063455659,45.000000000001435,-88.60069305322382
4,361,660056,-6.2896575927734375,2250,timeout,7.709774008970335,45.000000000001435,-84.6772907692606
4,362,660420,128.4172821044922,708,hit,3.999423605941529,14.159999999999787,152.6677113172238
4,363,664228,123.1162109375,952,hit,4.3698935192621144,19.039999999999683,152.14224786658878
4,364,666356,11.91232681274414,1615,miss,6.015310610964659,32.29999999999945,-92.60336617633693
4,365,668628,5.821063995361328,2143,miss,5.3877823901575965,42.8600000000011,-77.03097771661706
4,366,668944,-7.638759613037109,2250,timeout,6.089880068376077,45.000000000001435,-68.30852458960881
4,367,671376,125.55992126464844,687,hit,1.6970269570474992,13.739999999999796,152.12734241937756
4,368,671440,16.884851455688477,1803,miss,9.941544258589767,36.06000000000004,-92.2684796360272
4,369,673696,19.854764938354492,1835,miss,5.869906815849569,36.70000000000014,-79.29619195939898
4,370,675792,-2.1654319763183594,1712,miss,10.917110852024784,34.23999999999975,-78.08985930763114
4,371,676284,126.65689849853516,647,hit,4.289786660800981,12.939999999999813,152.31278414865557
4,372,678860,129.55035400390625,767,hit,4.8308189432230275,15.339999999999762,157.02006961912338
4,373,679020,-4.234474182128906,1911,miss,5.40647354825965,38.220000000000375,-94.52090367449586
4,374,679156,22.339879989624023,1929,miss,9.127544185825691,38.58000000000043,-92.31867800562584
4,375,682336,129.28590393066406,795,hit,3.1806615155222597,15.89999999999975,155.2588781774743
4,376,682404,123.4823989868164,886,hit,2.154711869118336,17.71999999999971,147.18064036886045
4,377,682852,1.9808578491210938,1642,miss,7.236971496252198,32.839999999999534,-80.37893243352828
4,378,686024,120.32266998291016,922,hit,2.807286460842027,18.439999999999696,150.6463115681866
4,379,686148,6.045475006103516,1782,miss,6.9629762517675236,35.63999999999997,-104.39073380035745
4,380,689648,22.37569236755371,1811,miss,6.912333660481655,36.22000000000006,-78.7395509771628
4,381,690672,9.201187133789062,1955,miss,10.425074865354079,39.10000000000051,-109.40288113042948
4,382,695024,16.661014556884766,2250,timeout,6.114838766476706,45.000000000001435,-110.0049978015674
4,383,695148,-13.457881927490234,2250,timeout,5.9553149298016335,45.000000000001435,-81.23880991214516
4,384,698008,24.54616928100586,1834,miss,5.945479459979035,36.680000000000135,-87.62430524036881
4,385,698460,132.69717407226562,828,hit,3.804810487600436,16.559999999999736,157.5323791726483
4,386,698648,0.8178215026855469,2250,timeout,5.679526875952367,45.000000000001435,-88.61521075641265
4,387,699812,126.6039047241211,1197,hit,3.972455990556788,23.93999999999958,153.725924899532
4,388,700708,121.28117370605469,675,hit,4.438495466810758,13.499999999999801,151.11453344678256
4,389,702412,135.19259643554688,941,hit,1.7885032698161525,18.819999999999688,164.00277401844176
4,390,702832,128.8587646484375,755,hit,3.9075692450429207,15.099999999999767,155.4166901922262
4,391,703572,126.38115692138672,716,hit,4.92927701436298,14.319999999999784,150.5779982710003
4,392,707460,14.375951766967773,2250,timeout,6.201474493326648,45.000000000001435,-79.78167640918092
4,393,707592,127.45611572265625,1190,hit,4.663083804332714,23.79999999999958,147.54516309594263
4,394,708388,129.24151611328125,1204,hit,4.9444663311479635,24.079999999999576,152.10507350700163
4,395,710084,20.570999145507812,1918,miss,9.837294310300699,38.3600000000004,-84.77303264041338
4,396,713292,130.84017944335938,802,hit,4.740281767776328,16.039999999999747,159.90398903657163
4,397,714136,120.4208755493164,1437,hit,3.4926342385203903,28.739999999999476,145.53844368761983
4,398,714552,14.601327896118164,1773,miss,6.405666985643346,35.459999999999944,-97.20586457544081
4,399,716592,5.655803680419922,2250,timeout,15.913211403040226,45.000000000001435,-109.41499735353113
4,400,718672,126.91741180419922,1134,hit,4.8945237138872235,22.679999999999605,151.64974577230294
4,401,719744,22.03740692138672,1613,miss,7.753452999118911,32.259999999999444,-47.87958201000747
4,402,721340,131.8449249267578,1187,hit,4.913657322922377,23.739999999999583,154.12636577259917
4,403,721768,130.36256408691406,774,hit,4.5430557645908625,15.479999999999759,155.99821146615986
4,404,723236,14.024459838867188,2171,miss,13.038430883503121,43.42000000000119,-100.04921580738967
4,405,725284,135.7053680419922,879,hit,2.313940306425114,17.579999999999714,161.42097222933918
4,406,726736,134.55148315429688,875,hit,4.988816705785378,17.499999999999716,163.23649277355253
4,407,727176,25.47909927368164,1858,miss,7.05522339550434,37.16000000000021,-72.4493607520321
4,408,728080,127.45907592773438,699,hit,3.9282499247493834,13.97999999999979,150.18070429811695
4,409,728648,19.0439453125,1827,miss,6.302307882836,36.54000000000011,-98.05290798745223
4,410,730004,121.82301330566406,817,hit,4.980010225104881,16.33999999999974,153.74262714493693
4,411,730132,127.08979034423828,739,hit,4.91696547984501,14.779999999999774,150.80985499437872
4,412,736052,-0.19334793090820312,1993,miss,6.3334674296305185,39.86000000000063,-89.51841377640271
4,413,736944,7.8177337646484375,1703,miss,10.77704240696732,34.059999999999725,-102.16425090913334
4,414,737176,1.2741241455078125,1793,miss,5.191957507676262,35.86000000000001,-91.31347079282874
4,415,737524,4.687686920166016,2219,miss,5.927844082826139,44.38000000000134,-92.6175469627457
4,416,738904,127.46025085449219,713,hit,4.212862419399504,14.259999999999785,153.4765486111666
4,417,742188,131.7161102294922,821,hit,4.131626045916509,16.41999999999974,156.98451076002402
4,418,744044,17.338336944580078,1630,miss,6.136958639317916,32.5999999999995,-84.5381069949738
4,419,744184,23.237567901611328,1810,miss,5.803936512037278,36.20000000000006,-55.85752577475096
4,420,745124,-8.62883472442627,1987,miss,5.415885429911958,39.74000000000061,-73.11536536371257
4,421,748380,124.7820053100586,1049,hit,4.87586446024649,20.97999999999964,148.9095333181595
4,422,748388,130.31483459472656,816,hit,2.4595327385243113,16.31999999999974,158.86925041426096
4,423,751188,-2.3697738647460938,2250,timeout,12.97865808833054,45.000000000001435,-98.22896181112279
4,424,751988,127.28590393066406,900,hit,4.211167006804493,17.999999999999705,152.9298658101072
4,425,753044,5.21466064453125,2250,timeout,9.459925853250052,45.000000000001435,-80.53000434956591
4,426,754676,123.74537658691406,672,hit,4.961102557212951,13.439999999999802,153.339300769305
4,427,757380,-4.0541229248046875,2250,timeout,7.583733691842184,45.000000000001435,-106.14745123319531
4,428,760032,22.111480712890625,1747,miss,9.724125002779015,34.93999999999986,-76.93146093483085
4,429,760188,12.174278259277344,2250,timeout,8.097202541661911,45.000000000001435,-93.78738020963505
4,430,761856,22.899681091308594,1795,miss,9.591413669210091,35.90000000000001,-83.6726824673021
4,431,766380,9.039848327636719,2250,timeout,7.985741285606059,45.000000000001435,-97.47720412015691
4,432,767116,22.13374137878418,1771,miss,10.032050099486524,35.41999999999994,-87.19621686797976
4,433,769188,-5.653369903564453,2250,timeout,10.352241165096084,45.000000000001435,-105.59876856750034
4,434,770440,129.1005859375,831,hit,3.323739467425191,16.619999999999735,158.93196355893642
4,435,770856,4.115299224853516,2250,timeout,8.281521682929311,45.000000000001435,-82.13053536133123
4,436,773768,9.39849853515625,1847,miss,8.068079191582907,36.940000000000175,-130.92066229204292
4,437,776684,123.03819274902344,1457,hit,4.890591763018304,29.139999999999468,146.88928127417458
4,438,778048,25.160249710083008,1902,miss,8.114573717192599,38.04000000000035,-85.23273131090437
4,439,778188,19.0655517578125,2250,timeout,5.957102028252215,45.000000000001435,-104.65556736263292
4,440,782768,-13.91534423828125,2250,timeout,13.185375734076924,45.000000000001435,-81.80516546440757
4,441,782820,128.29556274414062,1534,hit,4.3367998163475825,30.679999999999435,155.514032497246
4,442,785632,7.557872772216797,1861,miss,6.262878143284148,37.22000000000022,-79.38756334113883
4,443,785752,126.84324645996094,746,hit,3.703693202396786,14.91999999999977,157.54486959143793
4,444,787048,-12.00811767578125,2250,timeout,5.089708775342078,45.000000000001435,-103.55542136326896
4,445,790136,9.910789489746094,1829,miss,17.409241692192097,36.58000000000012,-106.84520051477087
4,446,793556,130.13282775878906,855,hit,3.330850011917694,17.099999999999724,164.87965480503044
4,447,794168,8.9156494140625,1780,miss,13.67062835949602,35.599999999999966,-74.51006444383695
4,448,794632,-2.4041099548339844,2250,timeout,15.943067199203245,45.000000000001435,-89.06067889033706
4,449,794752,0.5770378112792969,2250,timeout,13.90989862960453,45.000000000001435,-110.48195089050056
4,450,799452,123.28923034667969,1175,hit,4.567561872406246,23.499999999999588,153.12961445782543
4,451,800336,-31.895610809326172,1695,miss,5.086387742575592,33.8999999999997,-88.18033980348304
4,452,801360,8.501716613769531,1798,miss,9.962269933077867,35.96000000000002,-128.39650128334267
4,453,802012,0.12105178833007812,1845,miss,25.01071127628666,36.90000000000017,-96.17132348809749
4,454,806168,13.097389221191406,1679,miss,20.611348036664243,33.57999999999965,-90.45639493808274
4,455,808364,22.536144256591797,1751,miss,23.603356262229088,35.019999999999875,-81.63784522914351
4,456,809336,-4.1416778564453125,2250,timeout,19.656635967632635,45.000000000001435,-99.47424931034548
4,457,809424,18.655494689941406,1853,miss,15.711708940654976,37.060000000000194,-78.99678057990212
4,458,810116,121.37519073486328,987,hit,3.474901836834862,19.739999999999668,146.58919738469532
4,459,815036,127.24923706054688,1403,hit,4.3608164219451755,28.05999999999949,152.20468308092376
4,460,815088,17.221179962158203,1681,miss,8.636213008328665,33.619999999999656,-93.35459332853578
4,461,816072,17.10283088684082,1684,miss,14.419114958461115,33.679999999999666,-84.30468285644893
4,462,818164,-29.00940704345703,2012,miss,9.063447824217608,40.24000000000069,-70.3937994653499
5,463,821716,120.43931579589844,629,hit,0.9269240558937427,12.57999999999982,151.5564334522213
5,464,824764,125.47140502929688,762,hit,2.7405757707199863,15.239999999999764,153.03005611197815
5,465,826420,27.033397674560547,1805,miss,7.3289914676154275,36.100000000000044,-73.65449921180638
5,466,828100,127.71864318847656,834,hit,2.8268828539947837,16.679999999999733,149.8388622155914
5,467,828200,13.762807846069336,2250,timeout,8.00255244141449,45.000000000001435,-78.72434355996987
5,468,828200,23.435348510742188,2250,timeout,9.58896834259493,45.000000000001435,-64.65675632652469
5,469,829792,131.59347534179688,843,hit,2.847220907647253,16.85999999999973,155.04349678720894
5,470,831388,130.0028839111328,797,hit,4.429739180636019,15.939999999999749,157.72053548372025
5,471,831512,132.99256896972656,828,hit,3.7135489368082304,16.559999999999736,161.14379420493347
5,472,837100,14.714000701904297,2250,timeout,8.043820464897546,45.000000000001435,-69.74932353964452
5,473,838628,-2.116931915283203,2209,miss,9.618786688217211,44.18000000000131,-100.15094765628996
5,474,838888,20.962684631347656,1875,miss,6.7605514285719,37.50000000000026,-87.26022128023983
5,475,839324,25.792903900146484,1953,miss,7.843910265362117,39.06000000000051,-76.36672766563885
5,476,841820,127.13409423828125,733,hit,1.1511089282147875,14.659999999999776,157.03879031793275
5,477,842120,127.83641052246094,699,hit,4.3238781916560125,13.97999999999979,150.78400299854889
5,478,842436,127.77679443359375,952,hit,4.065265371413212,19.039999999999683,155.3175842421757
5,479,843956,18.969375610351562,1714,miss,5.882207752116338,34.27999999999976,-72.18274814261203
5,480,845204,132.40615844726562,846,hit,4.4229257774372535,16.919999999999728,161.04334869867404
5,481,846088,127.46443939208984,992,hit,4.09719330961134,19.839999999999666,154.4261718447913
5,482,847332,129.58267211914062,1224,hit,4.869601166783706,24.479999999999567,159.87733771370284
5,483,847484,133.2801513671875,882,hit,3.9026893143154675,17.639999999999713,163.86029605855023
5,484,848128,130.0111846923828,731,hit,3.831967924196063,14.619999999999777,158.96203839520393
5,485,850468,127.98025512695312,1095,hit,1.9304487899520077,21.899999999999622,150.8794953450145
5,486,851396,132.20994567871094,817,hit,2.144090122865416,16.33999999999974,160.3356407869511
5,487,852240,130.24649047851562,1227,hit,4.75254447439758,24.539999999999566,150.3424579808909
5,488,853336,127.78816223144531,717,hit,3.3303322563580173,14.339999999999783,155.80964867021686
5,489,854880,127.251220703125,660,hit,2.2587713176453987,13.199999999999807,153.1521206060002
5,490,855860,22.146751403808594,2094,miss,10.872056185613987,41.88000000000095,-79.1791454905056
5,491,856496,131.21092224121094,1275,hit,4.531714067555436,25.499999999999545,157.67959539021507
5,492,860580,125.07127380371094,1021,hit,3.709608842480532,20.419999999999654,147.9097940975889
5,493,861960,7.943412780761719,2156,miss,5.927586911616906,43.12000000000114,-78.27428009541927
5,494,863880,5.077861785888672,2250,timeout,6.060224989478712,45.000000000001435,-85.65424361491007
5,495,864860,-9.881011962890625,2250,timeout,11.883497711117803,45.000000000001435,-81.29211439812106
5,496,869300,21.930850982666016,1835,miss,8.354760964648307,36.70000000000014,-79.4780475196138
5,497,869580,19.664770126342773,2250,timeout,5.337341353191505,45.000000000001435,-80.54766268797303
5,498,871476,18.658620834350586,1654,miss,6.662916263626746,33.07999999999957,-86.52305173895623
5,499,871660,-4.1596527099609375,1945,miss,5.613861811306772,38.90000000000048,-71.39765012556501
5,500,872844,128.86239624023438,816,hit,4.352862868070625,16.31999999999974,157.62538310853378
5,501,875500,122.37435913085938,664,hit,4.59427689651854,13.279999999999806,150.8463267348687
5,502,878300,-8.269889831542969,2250,timeout,5.376953181997535,45.000000000001435,-115.6978636862776
5,503,878816,125.06129455566406,829,hit,4.684122436632049,16.579999999999735,148.00907613481314
5,504,880476,0.4333000183105469,2250,timeout,6.628087337024742,45.000000000001435,-97.73066854512768
5,505,880660,-3.333881378173828,2250,timeout,6.270472800994551,45.000000000001435,-72.38776520801842
5,506,884412,123.53813171386719,984,hit,4.009930709348501,19.67999999999967,148.12484518573768
5,507,885380,16.97392463684082,1641,miss,8.30933986084109,32.81999999999953,-92.93593840211521
5,508,887248,-18.499691009521484,2237,miss,15.889013451456451,44.740000000001395,-99.55007486804234
5,509,887348,16.029987335205078,1672,miss,12.508203167760431,33.43999999999963,-94.79229630297017
5,510,889960,118.66121673583984,653,hit,2.2663911407689215,13.05999999999981,150.86320204705805
5,511,891984,1.5544776916503906,1651,miss,5.415192932835995,33.01999999999956,-72.46201925360774
5,512,892416,21.04503059387207,2001,miss,5.841311243610249,40.02000000000066,-84.2778463247828
5,513,896248,-3.8596458435058594,2250,timeout,6.420254897910976,45.000000000001435,-95.15074241454809
5,514,898960,-13.488319396972656,2250,timeout,6.928930531171616,45.000000000001435,-115.49225046342971
5,515,899440,21.455331802368164,1756,miss,8.708720472088507,35.11999999999989,-78.56061649354771
5,516,899536,132.1918487548828,822,hit,2.8092717986933584,16.43999999999974,164.22891865142594
5,517,900984,21.604312896728516,2250,timeout,7.404179059710421,45.000000000001435,-63.063952128053316
5,518,901796,128.0645294189453,709,hit,3.5049719279815075,14.179999999999787,152.86887977779193
5,519,903992,129.5424346923828,1114,hit,2.3335742404361195,22.279999999999614,155.71645747453584
5,520,906832,125.52452087402344,710,hit,3.5219251375313183,14.199999999999786,156.18529851089562
5,521,908440,1.6210517883300781,2250,timeout,10.000388979805624,45.000000000001435,-93.42789106327406
5,522,908996,-1.0494880676269531,2003,miss,23.787622817204948,40.06000000000066,-117.23249059213344
5,523,910796,-1.1373023986816406,2250,timeout,5.484901757611059,45.000000000001435,-103.83405967739145
5,524,915832,-7.4730987548828125,2250,timeout,8.967499137890952,45.000000000001435,-91.68450132903396
5,525,916952,17.043659210205078,1989,miss,8.261634929400344,39.78000000000062,-98.26282644109052
5,526,917440,6.785533905029297,2250,timeout,9.000462568776735,45.000000000001435,-98.6730668510201
5,527,919796,16.838287353515625,2250,timeout,9.38431131451224,45.000000000001435,-81.5089504485518
5,528,919956,130.68450927734375,751,hit,2.6416640382078724,15.019999999999769,157.82707290322185
5,529,920112,129.00856018066406,1070,hit,4.578122205980262,21.399999999999633,153.64002138390552
5,530,922836,118.4969482421875,760,hit,3.5600632151955027,15.199999999999765,150.6566338364867
5,531,922972,130.8830108642578,754,hit,4.1918496021814775,15.079999999999767,156.38636299985404
5,532,924528,124.92864990234375,1104,hit,4.650241829432296,22.079999999999618,148.31597003438412
5,533,925812,128.45660400390625,744,hit,3.450775352883631,14.879999999999772,156.5672540785299
5,534,926440,-15.831867218017578,2250,timeout,7.889353360987745,45.000000000001435,-104.06857320194756
5,535,928736,127.72074890136719,731,hit,4.681104528825958,14.619999999999777,155.36627898462996
5,536,930152,134.4053192138672,928,hit,0.7020557088427221,18.559999999999693,163.2755629733619
5,537,931972,9.303762435913086,2250,timeout,7.383144955738942,45.000000000001435,-73.13458277540911
5,538,931992,131.2762451171875,814,hit,2.8820655424658463,16.279999999999742,160.87636038794787
5,539,933528,3.0646400451660156,2250,timeout,6.133945571454337,45.000000000001435,-101.79909841824224
5,540,934236,127.43307495117188,1021,hit,3.531636049689979,20.419999999999654,153.06661447340173
5,541,936712,127.24371337890625,796,hit,4.860664235320834,15.91999999999975,150.9491605706405
5,542,937368,131.15731811523438,783,hit,4.326758242732292,15.659999999999755,161.93576355185883
5,543,939020,21.609567642211914,1762,miss,5.060659601244124,35.23999999999991,-79.48781094480108
5,544,939900,120.93875122070312,633,hit,2.239553669599418,12.659999999999819,152.00589323091745
5,545,940992,-2.5800628662109375,2250,timeout,5.481256547255782,45.000000000001435,-86.78674776421906
5,546,945424,-14.283622741699219,2178,miss,11.64419542692495,43.56000000000121,-109.48628513682118
5,547,948020,9.047840118408203,2250,timeout,8.882862071314642,45.000000000001435,-90.18109956643092
5,548,948580,129.4058837890625,789,hit,2.8352060703624455,15.779999999999752,158.06568374328486
5,549,948900,5.231990814208984,2250,timeout,5.145026347126987,45.000000000001435,-99.31826449880833
5,550,949628,3.5468215942382812,2159,miss,8.446096558847978,43.18000000000115,-76.66597327819834
5,551,951656,129.60467529296875,769,hit,4.436596855246763,15.379999999999761,152.60912928966206
5,552,951980,130.85183715820312,990,hit,2.4227922479172683,19.799999999999667,154.89748213322025
5,553,952144,128.93829345703125,811,hit,3.5835407323645327,16.219999999999743,157.1292028606292
5,554,952832,128.36447143554688,801,hit,4.584126126826579,16.019999999999747,153.98613091122206
5,555,955460,131.47128295898438,829,hit,2.480745887195039,16.579999999999735,159.20544620660706
5,556,956120,128.0073699951172,822,hit,3.4978313664716114,16.43999999999974,157.54953993055892
5,557,958584,23.569833755493164,1732,miss,5.07408194821474,34.639999999999816,-87.26846479700016
5,558,960980,-33.4863166809082,2250,timeout,6.412074468665567,45.000000000001435,-94.0184704274633
5,559,961140,125.75430297851562,1255,hit,3.904313574236176,25.099999999999554,146.98804533500655
5,560,961556,130.09588623046875,743,hit,3.147051855416321,14.859999999999772,156.73982689488545
5,561,964460,3.7960357666015625,2250,timeout,6.116704617796274,45.000000000001435,-90.55666164864282
5,562,964552,130.5831298828125,853,hit,2.792154790054906,17.059999999999725,156.03858877820474
5,563,965872,130.6969451904297,1223,hit,4.176105316948825,24.459999999999567,157.6166283498699
5,564,967812,121.13204956054688,815,hit,2.261153822819732,16.29999999999974,150.43940573529738
5,565,968160,19.54274559020996,1651,miss,7.61242034395698,33.01999999999956,-93.28874571181936
5,566,970484,125.74529266357422,668,hit,2.812183565859926,13.359999999999804,154.52972618101495
5,567,972896,-1.41033935546875,1756,miss,8.696353822447582,35.11999999999989,-73.00757533233644
5,568,973428,6.608409881591797,2242,miss,10.139498122333647,44.84000000000141,-106.46907695308987
5,569,973684,124.39922332763672,800,hit,4.467363949381654,15.999999999999748,150.62274504437266
5,570,976448,129.85110473632812,888,hit,3.5274921254280183,17.75999999999971,165.5877382920482
5,571,977120,-1.2743492126464844,2240,miss,12.123472738660638,44.800000000001404,-93.60187935051826
5,572,978260,129.5369110107422,1144,hit,2.3949198911182528,22.8799999999996,151.82833337491707
5,573,982376,133.01132202148438,1482,hit,4.91980927028217,29.639999999999457,158.54040989360087
5,574,982428,9.99539566040039,2250,timeout,5.101081301505051,45.000000000001435,-94.30321347782974
5,575,983080,121.91305541992188,1205,hit,2.809857679327077,24.099999999999575,145.66516966023124
5,576,986120,4.905153274536133,2250,timeout,7.353529469092442,45.000000000001435,-65.44555031734669
5,577,986196,132.16311645507812,942,hit,1.3696301854822055,18.839999999999687,166.20408962448414
5,578,989848,130.77835083007812,932,hit,4.43324263806367,18.63999999999969,161.48877920897883
5,579,990300,16.057025909423828,1805,miss,8.939287791111763,36.100000000000044,-68.4757160771301
5,580,990948,133.77175903320312,1188,hit,4.007888644501488,23.759999999999582,160.81959691006475
5,581,991376,-10.141021728515625,2250,timeout,9.383541683809451,45.000000000001435,-70.31965791343274
5,582,993136,129.9163818359375,822,hit,4.592953196446492,16.43999999999974,162.15452357341897
5,583,993416,129.83343505859375,779,hit,2.317454706858312,15.579999999999757,155.34310600604232
5,584,994392,130.53187561035156,861,hit,4.791404563189737,17.21999999999972,161.73908841238864
5,585,995996,122.64642333984375,645,hit,4.895220684629527,12.899999999999814,152.1008838591962
5,586,996160,129.43792724609375,756,hit,2.1955064402503024,15.119999999999767,158.53562484224054
5,587,996972,120.55470275878906,645,hit,2.9461276377747763,12.899999999999814,152.43704210253605
5,588,999672,132.5248565673828,878,hit,2.917576978153174,17.559999999999715,152.91635498297757
5,589,999860,133.51705932617188,966,hit,3.8418933117139162,19.319999999999677,163.83927783323534
5,590,1000376,15.549959182739258,2250,timeout,5.780868466671708,45.000000000001435,-92.86918068108848
5,591,1004236,124.03385925292969,1094,hit,3.7602519220253736,21.879999999999622,150.49549917549797
5,592,1005972,20.901161193847656,2250,timeout,6.99365022476102,45.000000000001435,-67.18129681322007
5,593,1007564,128.73658752441406,832,hit,4.969661020959955,16.639999999999734,157.951245071321
5,594,1007744,14.717811584472656,1842,miss,8.568438235129284,36.84000000000016,-96.73381537719318
5,595,1008672,21.801876068115234,2250,timeout,8.367542907852446,45.000000000001435,-78.00907016566379
5,596,1011152,135.1602783203125,897,hit,3.7625482994093207,17.939999999999706,164.81366057324522
5,597,1011316,130.3104248046875,1336,hit,2.2297738030155854,26.71999999999952,154.41687088838168
5,598,1011684,121.16645050048828,753,hit,4.628003601065231,15.059999999999768,149.50975653823156
5,599,1014504,18.298093795776367,1690,miss,6.219208333326089,33.799999999999685,-76.6269796745341
5,600,1014784,129.34091186523438,775,hit,4.208830202049103,15.499999999999758,161.76842242892644
5,601,1015612,119.4689712524414,1115,hit,3.643878981364459,22.299999999999613,145.54764646801257
5,602,1017984,132.8036346435547,870,hit,1.0654494757197326,17.399999999999718,166.6891523795877
5,603,1018212,132.66310119628906,857,hit,2.1268928688235977,17.139999999999723,163.96691875667767
5,604,1018476,16.503576278686523,1790,miss,10.116496834460541,35.8,-79.6833366881554
5,605,1020204,125.79843139648438,1148,hit,3.0334230534585864,22.9599999999996,151.68502780946346
5,606,1021384,133.3278350830078,850,hit,2.8915980740612417,16.999999999999726,157.78532262767123
5,607,1021556,130.19989013671875,836,hit,3.017774517828614,16.719999999999732,157.1312004192249
5,608,1022496,127.41674041748047,1005,hit,3.3723701664037953,20.09999999999966,154.14795691918266
6,609,1027568,134.453125,892,hit,3.1823047363750634,17.83999999999971,166.4725753802012
6,610,1027664,131.13143920898438,916,hit,0.9128425873400221,18.3199999999997,160.88526463807895
6,611,1028488,123.19308471679688,1122,hit,4.915105259692767,22.43999999999961,146.33396900079478
6,612,1029136,129.24807739257812,1284,hit,3.6848268391978323,25.67999999999954,158.38343110407956
6,613,1032064,120.9376220703125,1100,hit,4.873195473183891,21.99999999999962,145.30987324978128
6,614,1034252,132.05648803710938,1279,hit,4.3224252538288015,25.579999999999544,159.0087994358175
6,615,1034680,123.02920532226562,654,hit,3.422822946741276,13.07999999999981,152.87006114099853
6,616,1034940,20.628406524658203,1843,miss,6.915527300661007,36.86000000000016,-90.01732776166916
6,617,1037488,8.764303207397461,2250,timeout,14.601666558065098,45.000000000001435,-81.10526485566655
6,618,1037716,133.60182189941406,866,hit,3.5027172419017925,17.31999999999972,162.7943836254007
6,619,1037932,132.697998046875,813,hit,4.249096980822181,16.259999999999742,159.41621592814312
6,620,1038296,133.82579040527344,839,hit,3.190326354929188,16.77999999999973,164.4428976531811
6,621,1041460,133.5759735107422,882,hit,2.03208347382593,17.639999999999713,164.62532174852987
6,622,1041488,134.31878662109375,943,hit,4.532807955558319,18.859999999999687,163.1212798042669
6,623,1041604,132.05430603027344,827,hit,4.829323253067204,16.539999999999736,155.31258923260162
6,624,1041656,134.8708953857422,1042,hit,3.7544189280439855,20.839999999999645,165.59420135649594
6,625,1044792,133.65757751464844,826,hit,4.878450924983891,16.519999999999737,161.42066894686167
6,626,1045580,135.511474609375,981,hit,3.739189341344405,19.61999999999967,164.27224828927325
6,627,1046612,127.30441284179688,1252,hit,4.975723311015952,25.039999999999555,150.03950478465134
6,628,1047928,-4.255603790283203,1617,miss,5.915664721596281,32.339999999999456,-78.90462395341633
6,629,1048212,127.4306411743164,658,hit,1.7456826235909395,13.159999999999808,151.264161045931
6,630,1049788,128.6929473876953,1249,hit,4.344005338185177,24.979999999999556,153.12290700814873
6,631,1049808,130.59646606445312,799,hit,0.8311028321257178,15.979999999999748,159.13803176316205
6,632,1051568,130.53536987304688,839,hit,1.4330002820098795,16.77999999999973,162.47183797005965
6,633,1052720,126.83610534667969,1198,hit,2.007147737907513,23.959999999999578,153.35667275974544
6,634,1054172,119.44795227050781,651,hit,3.5993130393296755,13.019999999999811,152.97660525962763
6,635,1057604,-8.68374252319336,1954,miss,6.390089432843644,39.08000000000051,-95.04713256637552
6,636,1057748,132.28262329101562,894,hit,2.2712168688789403,17.879999999999708,159.79545846407945
6,637,1058808,-39.004764556884766,2250,timeout,6.728931923877505,45.000000000001435,-79.23036893208767
6,638,1060704,128.35098266601562,739,hit,2.746379654424657,14.779999999999774,157.83363262715184
6,639,1061716,132.07139587402344,1028,hit,4.071632786746767,20.55999999999965,157.80835273074098
6,640,1061720,0.19397735595703125,2250,timeout,5.105645269565309,45.000000000001435,-104.89319452737163
6,641,1063840,130.92880249023438,784,hit,4.6965810222211655,15.679999999999755,156.61526519074732
6,642,1065452,13.653160095214844,1661,miss,5.909903045568221,33.219999999999594,-67.80117490683912
6,643,1065616,136.01608276367188,975,hit,2.08100250482657,19.499999999999673,164.84148632919886
6,644,1066972,130.06759643554688,1313,hit,4.258047285757096,26.25999999999953,156.80204965378567
6,645,1067452,132.61947631835938,903,hit,2.1140351517117786,18.059999999999704,163.44365302009479
6,646,1068456,129.8064422607422,751,hit,3.770325025569497,15.019999999999769,154.89378999228407
6,647,1069700,124.68113708496094,682,hit,2.5053141402082817,13.639999999999798,153.40358923501935
6,648,1070132,128.97320556640625,1129,hit,4.7011488223727556,22.579999999999607,158.54450174090906
6,649,1070568,131.83775329589844,779,hit,3.8313801505342457,15.579999999999757,161.1665637710751
6,650,1071264,126.35306549072266,702,hit,1.5828918030366919,14.03999999999979,155.08554224772584
6,651,1072464,127.87574768066406,691,hit,2.7394143402060607,13.819999999999794,151.4804685723376
6,652,1073316,131.93170166015625,796,hit,3.134318033261544,15.91999999999975,156.40233092879765
6,653,1075088,126.27014923095703,1130,hit,2.0420089966309014,22.599999999999607,153.87954805383586
6,654,1075632,129.7852783203125,792,hit,3.2199003140949887,15.839999999999751,156.28004551933353
6,655,1078352,129.60546875,816,hit,4.93756497955618,16.31999999999974,154.80524275045224
6,656,1079988,126.34300994873047,1089,hit,4.820918572884801,21.779999999999625,152.399173970443
6,657,1080264,-1.7683029174804688,2250,timeout,10.747786359636251,45.000000000001435,-99.47813408406944
6,658,1080796,13.47347640991211,1870,miss,5.298057910205067,37.40000000000025,-90.0469999279274
6,659,1081156,125.51335906982422,701,hit,2.7255502262302453,14.01999999999979,156.89401362922015
6,660,1084112,129.20050048828125,962,hit,4.6689597742734374,19.23999999999968,163.38343561488867
6,661,1085968,123.82568359375,1495,hit,4.173338516163769,29.89999999999945,150.80886584300347
6,662,1086204,123.908935546875,1352,hit,4.912108861370575,27.039999999999512,146.48624426062713
6,663,1087940,133.64842224121094,957,hit,3.659569927737055,19.13999999999968,164.09314086037108
6,664,1089688,-6.502342224121094,2133,miss,7.492842844199177,42.66000000000107,-106.03781222684502
6,665,1091812,134.38345336914062,968,hit,1.7660315541768183,19.359999999999676,163.93404215676244
6,666,1092880,129.8025360107422,798,hit,3.5348537176514365,15.959999999999749,163.15310005022513
6,667,1094968,-11.88515853881836,2250,timeout,7.092179957925198,45.000000000001435,-117.24383085646599
6,668,1095032,132.42344665527344,805,hit,2.22617735478918,16.099999999999746,155.31734549557774
6,669,1095204,1.1909828186035156,2250,timeout,6.211389781790002,45.000000000001435,-99.30518369161605
6,670,1098180,130.77157592773438,803,hit,1.0197367371674988,16.059999999999746,158.33155857840418
6,671,1100936,128.7957000732422,1433,hit,4.980869764190891,28.659999999999478,156.24152042296788
6,672,1101880,2.05718994140625,2250,timeout,9.712902062260246,45.000000000001435,-102.26851949427721
6,673,1104032,8.779109954833984,2250,timeout,5.109013925854125,45.000000000001435,-87.08995867824616
6,674,1105644,21.94585609436035,1866,miss,8.007755785696457,37.320000000000235,-89.03281695905304
6,675,1107136,131.6584930419922,776,hit,4.538084178028882,15.519999999999758,157.2724524832489
6,676,1107484,118.95977783203125,1637,hit,4.801899773997026,32.73999999999952,143.09241578680482
6,677,1110460,5.957851409912109,2145,miss,5.253726823310852,42.90000000000111,-93.20536417993209
6,678,1111640,130.4417266845703,1039,hit,2.394976770832492,20.779999999999646,153.21883251003254
6,679,1111696,132.54293823242188,1513,hit,4.176818889587667,30.259999999999444,155.11841036314217
6,680,1112120,133.38504028320312,1246,hit,3.484969051151391,24.919999999999558,159.16520914112684
6,681,1113520,128.64764404296875,765,hit,4.503796718503568,15.299999999999763,158.54380251257203
6,682,1114832,126.06005096435547,678,hit,3.540200872005434,13.5599999999998,152.21407932965218
6,683,1115296,130.70492553710938,914,hit,2.5937626238743743,18.2799999999997,162.09647709182178
6,684,1115356,127.49256896972656,915,hit,0.8222721664250064,18.2999999999997,164.671739270077
6,685,1117040,132.51797485351562,880,hit,3.8749556766245137,17.599999999999714,160.99740093690775
6,686,1117880,130.88465881347656,762,hit,2.4919733700322952,15.239999999999764,155.22660707894823
6,687,1118024,125.89825439453125,682,hit,4.786214857617613,13.639999999999798,153.9416120974696
6,688,1121476,123.25820922851562,1109,hit,4.420660920825682,22.179999999999616,158.525233784435
6,689,1121484,130.5666961669922,865,hit,3.2649964890664043,17.29999999999972,159.3269491166231
6,690,1122336,133.52127075195312,1114,hit,4.3546964518968725,22.279999999999614,161.22285251465212
6,691,1124356,-11.880569458007812,2250,timeout,6.10232824515812,45.000000000001435,-93.29953620109345
6,692,1125016,132.3170166015625,885,hit,2.3756725609246248,17.69999999999971,165.29221970587173
6,693,1125088,134.252685546875,901,hit,4.100780324215134,18.019999999999705,159.45773574063006
6,694,1127656,132.673095703125,825,hit,2.774778696856209,16.499999999999737,162.4309185893258
6,695,1128556,128.12246704101562,1555,hit,3.532181329894101,31.099999999999426,152.04628551039008
6,696,1129108,119.3455581665039,1005,hit,3.7055781965142236,20.09999999999966,145.39103466210517
6,697,1130304,122.24527740478516,662,hit,0.735863466393486,13.239999999999807,153.3138575238861
6,698,1130416,128.14321899414062,1350,hit,3.263270484790854,26.999999999999513,149.60723610318595
6,699,1134304,136.03030395507812,972,hit,2.195963732061916,19.439999999999674,164.70600444325385
6,700,1135364,129.71255493164062,1265,hit,3.942949251962665,25.29999999999955,150.83079251101407
6,701,1135848,-0.5495758056640625,1685,miss,9.001760708948815,33.69999999999967,-100.14669784619777
6,702,1137556,11.654827117919922,2250,timeout,8.647276429504524,45.000000000001435,-75.48872759471212
6,703,1137988,133.63143920898438,921,hit,1.6902311880569778,18.419999999999696,164.70181655693656
6,704,1138964,136.20492553710938,900,hit,3.092806423289503,17.999999999999705,163.09305538363066
6,705,1139392,134.63223266601562,886,hit,1.897055839695793,17.71999999999971,164.24360227191403
6,706,1141792,136.42037963867188,951,hit,4.068955499934383,19.019999999999683,164.8694563856053
6,707,1142108,126.2325210571289,1138,hit,2.804279020422475,22.759999999999604,149.16630923800108
6,708,1143152,120.25745391845703,1047,hit,2.712003501092307,20.939999999999642,145.00588152738848
6,709,1145216,133.0303192138672,856,hit,3.4496629976510125,17.119999999999724,165.2234046707107
6,710,1145640,131.272216796875,883,hit,4.306714469494405,17.659999999999712,155.49445016599697
6,711,1145916,125.03434753417969,691,hit,3.7318655561137883,13.819999999999794,152.9437407125179
6,712,1148280,128.16748046875,766,hit,2.678203542047284,15.319999999999762,158.02898377875167
6,713,1148348,124.19096374511719,677,hit,3.9098807484759575,13.5399999999998,153.26014204843418
6,714,1148392,2.9503250122070312,2250,timeout,6.1321474294042755,45.000000000001435,-87.85096127906537
6,715,1151840,131.35903930664062,873,hit,2.5136152072526268,17.459999999999717,162.94730329763573
6,716,1152388,19.943214416503906,1618,miss,5.121170281816531,32.35999999999946,-50.18925055925144
6,717,1153764,127.10931396484375,1343,hit,2.7168063127792044,26.859999999999516,148.73142745720574
6,718,1154992,13.377923965454102,1678,miss,5.3932846072732294,33.55999999999965,-67.39507941887584
6,719,1156660,129.28262329101562,1205,hit,3.3960793185756026,24.099999999999575,148.9486245415108
6,720,1157024,126.17736053466797,815,hit,4.779520108140397,16.29999999999974,152.78638163232597
6,721,1159144,127.83794403076172,1038,hit,4.820184147273271,20.759999999999646,149.00504361802817
6,722,1160544,128.63137817382812,971,hit,4.150868225460983,19.419999999999675,163.70879939085944
6,723,1161388,-12.42041015625,2250,timeout,5.595555232094701,45.000000000001435,-101.05025686176336
6,724,1161756,127.14790344238281,1183,hit,3.884769064605672,23.659999999999584,155.39867005490487
6,725,1163868,129.86231994628906,831,hit,4.923795903751402,16.619999999999735,158.79860873009233
6,726,1164476,127.87696838378906,772,hit,1.4733261241754354,15.43999999999976,152.80036990790387
6,727,1164820,129.9548797607422,766,hit,3.0710487629590553,15.319999999999762,155.6879324660543
6,728,1168144,1.867431640625,2250,timeout,9.299954200069555,45.000000000001435,-98.39810650709323
6,729,1169160,131.66786193847656,1323,hit,3.34446232346187,26.459999999999525,155.09221818026776
6,730,1170360,131.37359619140625,1385,hit,4.354632937976495,27.6999999999995,157.7707163739136
6,731,1170912,17.38121223449707,1609,miss,7.236359419628813,32.17999999999943,-59.33973318901748
6,732,1171308,130.50225830078125,791,hit,3.8531643063823493,15.819999999999752,159.30417476352324
6,733,1172408,129.88710021972656,812,hit,4.203562428732885,16.239999999999743,157.13802002696582
6,734,1174644,133.4629669189453,933,hit,2.745548196933623,18.65999999999969,166.56498325629468
6,735,1176284,133.08656311035156,1481,hit,4.0952612612757795,29.619999999999457,154.51128189406745
6,736,1176908,134.10604858398438,1400,hit,4.072166448041828,27.999999999999492,158.46291446815437
6,737,1178176,134.26820373535156,883,hit,2.393676392924929,17.659999999999712,165.13864010995712
6,738,1179460,20.928495407104492,1763,miss,5.147554580882585,35.25999999999991,-77.2825968211762
6,739,1179648,121.92122650146484,685,hit,3.3508071902486485,13.699999999999797,151.4837392591233
6,740,1181036,126.42278289794922,715,hit,3.7489992515828754,14.299999999999784,153.58660801940005
6,741,1182096,119.89994812011719,659,hit,2.097390821839944,13.179999999999808,152.68335557062179
6,742,1182392,126.80935668945312,686,hit,3.864418798099114,13.719999999999796,151.61407491283887
6,743,1183104,16.13531494140625,1705,miss,13.698714629215951,34.09999999999973,-87.6695126906822
6,744,1184344,132.24771118164062,827,hit,4.228352320159264,16.539999999999736,160.14034225469274
6,745,1185132,128.79698181152344,759,hit,4.593203301182919,15.179999999999765,154.87321999748846
6,746,1185524,130.85198974609375,783,hit,2.5709822512517966,15.659999999999755,156.87103605665345
6,747,1187400,131.3302459716797,764,hit,2.768226965152116,15.279999999999763,157.47960982255555
6,748,1187980,127.8302993774414,712,hit,3.0447917445365382,14.239999999999785,154.4098593422279
6,749,1188216,118.30875396728516,1278,hit,2.9946338217801496,25.559999999999544,142.57796665621558
6,750,1188420,127.09262084960938,724,hit,1.9917601553711852,14.47999999999978,153.86758188915724
6,751,1191036,133.3857879638672,909,hit,4.417812262098971,18.1799999999997,161.6119133254229
6,752,1191648,129.32533264160156,858,hit,3.566088684992501,17.159999999999723,160.52584372022943
6,753,1191748,133.64959716796875,832,hit,1.9101425937785559,16.639999999999734,160.70154305885086
6,754,1192264,127.78652954101562,1071,hit,3.2937738602881215,21.419999999999632,152.26471840085287
6,755,1194448,133.93466186523438,853,hit,2.0851963008667376,17.059999999999725,166.40026610183577
6,756,1195524,135.21954345703125,944,hit,4.1056903309022825,18.879999999999686,165.80375187833016
6,757,1196128,133.0787353515625,1120,hit,3.2031051386373615,22.39999999999961,156.40253937098933
6,758,1198060,135.77012634277344,903,hit,1.6298617676864613,18.059999999999704,163.88966782323257
6,759,1198500,22.96163558959961,1559,miss,287.4295783545665,31.179999999999424,-45.378135613027965
6,760,1200000,126.32551574707031,1119,hit,4.226006967903096,22.37999999999961,160.7812673049031
6,761,1201644,135.123779296875,896,hit,1.6708461464805882,17.919999999999707,163.38096545304253
6,762,1203252,130.02894592285156,813,hit,4.203172645831951,16.259999999999742,159.25576735570337
6,763,1205128,-7.636684417724609,2250,timeout,6.8156159229739375,45.000000000001435,-94.84455792113519
6,764,1206744,134.36219787597656,873,hit,3.038832267153037,17.459999999999717,163.9600827137666
6,765,1206976,130.3924560546875,1333,hit,3.402362872703446,26.65999999999952,159.63760631664815
6,766,1207500,-14.142280578613281,2250,timeout,5.790723643654251,45.000000000001435,-90.79650533250589
6,767,1208320,130.91641235351562,798,hit,2.936318991243092,15.959999999999749,158.8363762545707
6,768,1210328,128.93722534179688,896,hit,4.0472990265329996,17.919999999999707,156.92220726953747
6,769,1211240,124.5645751953125,1066,hit,4.05415350027291,21.319999999999634,146.96225490512433
6,770,1213632,119.7627944946289,826,hit,3.9321102410248243,16.519999999999737,147.93953753324288
6,771,1215384,14.51357650756836,1766,miss,5.137273691818405,35.31999999999992,-85.39767320978001
6,772,1216500,-33.734840393066406,2250,timeout,6.356611199126694,45.000000000001435,-102.31867348875069
6,773,1217336,119.15885925292969,926,hit,4.540601922095071,18.519999999999694,148.8991739867161
6,774,1220120,126.23529815673828,696,hit,3.025902645480737,13.919999999999792,152.31618933465796
6,775,1220240,23.113422393798828,2250,timeout,5.567501818741554,45.000000000001435,-65.36068018166891
6,776,1221052,118.23268127441406,1417,hit,4.946404796709456,28.339999999999485,142.87734587605672
6,777,1221152,126.69743347167969,1163,hit,4.1546072882911895,23.259999999999593,157.13273208135368
6,778,1223264,132.11874389648438,786,hit,3.4846767357226924,15.719999999999754,161.62109355624665
6,779,1224620,131.0217742919922,1095,hit,4.6621452804172705,21.899999999999622,162.48806142755282
6,780,1225236,122.632568359375,1046,hit,4.877104493201237,20.919999999999643,148.38639782681554
6,781,1225844,130.3286895751953,1173,hit,4.371919398341057,23.45999999999959,158.7233922948223
6,782,1226144,127.85021209716797,720,hit,4.723470437720536,14.399999999999782,152.99976245460238
7,783,1231680,166.27420043945312,720,hit,2.850521611392452,14.399999999999782,160.21953112506154
7,784,1231884,162.4188690185547,771,hit,2.609291671845672,15.41999999999976,158.40378053402327
7,785,1232000,166.91465759277344,800,hit,4.821548025403075,15.999999999999748,154.28388769852592
7,786,1234656,171.14767456054688,744,hit,2.261979304689774,14.879999999999772,162.14485723774567
7,787,1235252,11.683639526367188,1613,miss,14.172817662478215,32.259999999999444,-92.33268611358291
7,788,1235648,160.928466796875,941,hit,2.896908439263327,18.819999999999688,168.83381364280987
7,789,1236172,164.78988647460938,1043,hit,4.748238118737005,20.859999999999644,151.034300103415
7,790,1238744,153.85301208496094,873,hit,2.513593590316553,17.459999999999717,152.6016743692435
7,791,1239824,171.8136444091797,1292,hit,4.891287040434406,25.839999999999538,162.7997218889546
7,792,1242284,158.7493896484375,885,hit,3.536085082449212,17.69999999999971,165.5152288821494
7,793,1243316,168.50852966308594,873,hit,2.707093908578162,17.459999999999717,168.18331563620086
7,794,1244648,37.28880310058594,2250,timeout,6.031958108414729,45.000000000001435,-70.0404255007917
7,795,1245172,-22.664878845214844,2250,timeout,8.435032596350526,45.000000000001435,-74.1410614460827
7,796,1247252,147.6872100830078,984,hit,4.481919055884122,19.67999999999967,147.63331839172787
7,797,1247932,158.1478729248047,821,hit,4.527713397588122,16.41999999999974,166.3026706631952
7,798,1248072,160.07968139648438,725,hit,3.863758989506846,14.49999999999978,157.42131399649705
7,799,1250156,-12.98562240600586,1968,miss,5.882672440240624,39.360000000000554,-81.20000326011395
7,800,1252776,156.69940185546875,1176,hit,3.5122444566341615,23.519999999999587,162.1648710820785
7,801,1253944,6.501617431640625,1673,miss,11.617878047997594,33.45999999999963,-93.06491614972894
7,802,1254228,150.68638610839844,1018,hit,3.4334720765276336,20.359999999999655,146.11816249482337
7,803,1255344,28.400470733642578,1853,miss,6.126974610869003,37.060000000000194,-97.71383637042365
7,804,1257652,159.89280700683594,927,hit,3.6811162200820062,18.539999999999694,169.70318118184383
7,805,1258160,168.95156860351562,983,hit,1.894448517046532,19.65999999999967,166.59774258825104
7,806,1259924,164.660400390625,1145,hit,3.280376177318221,22.8999999999996,171.65070264455056
7,807,1260156,25.602947235107422,1845,miss,9.29568281664735,36.90000000000017,-56.9743054737194
7,808,1261804,165.4058380126953,911,hit,3.342814517369057,18.2199999999997,165.4866838362503
7,809,1262672,144.9853515625,629,hit,4.053945836878178,12.57999999999982,153.88064627486466
7,810,1263332,165.1956787109375,852,hit,3.738091233754977,17.039999999999726,169.04165417464014
7,811,1264576,28.858306884765625,1731,miss,6.902740934024832,34.61999999999981,-83.85144031087098
7,812,1267168,153.07757568359375,959,hit,3.7993543733420303,19.17999999999968,159.80860101026414
7,813,1268892,28.777875900268555,1555,miss,182.63685126189193,31.099999999999426,-33.733702016101915
7,814,1270576,167.59109497070312,852,hit,2.1247139416849454,17.039999999999726,163.06451893344556
7,815,1270768,160.32302856445312,1548,hit,3.6841525654924845,30.95999999999943,161.38533666370083
7,816,1270804,-20.076068878173828,2250,timeout,5.242688894938917,45.000000000001435,-83.6231442226476
7,817,1274236,174.82057189941406,858,hit,2.371997921859133,17.159999999999723,168.8401782194263
7,818,1275696,151.4759063720703,1232,hit,4.4944888964162875,24.639999999999564,157.60913324456996
7,819,1276324,152.5215301513672,1437,hit,4.493927689199776,28.739999999999476,155.49243165544246
7,820,1276368,22.461875915527344,1869,miss,10.141321087329313,37.380000000000244,-73.13399740480017
7,821,1277312,162.17630004882812,769,hit,2.5895268384623717,15.379999999999761,163.45047134896976
7,822,1282044,159.793212890625,1183,hit,4.457863411519678,23.659999999999584,158.12335484706176
7,823,1282352,158.09518432617188,1496,hit,3.970714206333926,29.91999999999945,155.72038517384684
7,824,1283292,21.324012756347656,1899,miss,9.689345662718054,37.98000000000034,-85.31419066685734
7,825,1285192,171.63967895507812,787,hit,1.845782196108122,15.739999999999753,160.06003970610845
7,826,1285324,4.092063903808594,2250,timeout,10.325239948890971,45.000000000001435,-81.07420231103399
7,827,1286136,139.2859649658203,711,hit,4.685707421873211,14.219999999999786,154.85968644463583
7,828,1288532,151.08750915527344,802,hit,4.539426293169363,16.039999999999747,158.73029223289208
7,829,1288588,159.92709350585938,849,hit,4.240989467912625,16.979999999999727,164.80536893038544
7,830,1289384,149.19593811035156,812,hit,4.743455872116049,16.239999999999743,160.30262445023791
7,831,1289424,18.624889373779297,1768,miss,6.592195871565951,35.35999999999993,-99.85249106023448
7,832,1291716,179.6276092529297,796,hit,1.90372109560169,15.91999999999975,164.0148650179003
7,833,1292392,147.3114013671875,752,hit,4.8183297569082715,15.039999999999768,156.14031548139073
7,834,1292496,164.3365936279297,768,hit,2.1430627263236888,15.359999999999761,159.95306862911832
7,835,1292624,164.43313598632812,1009,hit,4.758525727571153,20.17999999999966,167.99965630744236
7,836,1295836,163.24267578125,803,hit,2.2481613087909236,16.059999999999746,160.4498738425133
7,837,1296444,166.35073852539062,1182,hit,3.8107344763806084,23.639999999999585,160.31225383518924
7,838,1299272,21.668123245239258,1720,miss,8.249402404980298,34.39999999999978,-88.99798528465608
7,839,1299608,19.400482177734375,1778,miss,7.353728640683607,35.55999999999996,-93.35243748142202
7,840,1299952,181.72100830078125,877,hit,3.313331913126996,17.539999999999715,167.1437527299214
7,841,1300152,157.67715454101562,1079,hit,3.750264031649271,21.57999999999963,154.815271542669
7,842,1302680,150.5939483642578,768,hit,4.288705198013654,15.359999999999761,164.7203933225999
7,843,1302896,143.90475463867188,686,hit,3.919748073200295,13.719999999999796,156.6835322053954
7,844,1303192,157.07655334472656,980,hit,3.341921084619157,19.59999999999967,155.79781144288356
7,845,1305456,160.588134765625,640,hit,3.2211581971266114,12.799999999999816,153.9358669185872
7,846,1306292,159.1394500732422,903,hit,3.5915313201465264,18.059999999999704,168.28896702087903
7,847,1308952,28.218900680541992,2250,timeout,6.498188596881331,45.000000000001435,-73.14190102822938
7,848,1309348,155.83709716796875,764,hit,3.3458280136799967,15.279999999999763,159.8156602718723
7,849,1309888,5.081905364990234,1674,miss,11.264383931075335,33.479999999999634,-89.20070730364095
7,850,1312256,27.406818389892578,1700,miss,6.059601886234849,33.999999999999716,-102.36339426873288
7,851,1312260,156.195556640625,827,hit,3.905167125696,16.539999999999736,155.1486708850406
7,852,1313536,172.31796264648438,912,hit,2.5924954057912175,18.2399999999997,167.83463859270927
7,853,1314092,163.76681518554688,1186,hit,3.405355712831917,23.719999999999583,166.0077250714542
7,854,1315800,152.0531768798828,886,hit,4.606927137157471,17.71999999999971,169.1732546800196
7,855,1316480,146.21621704101562,1055,hit,3.215058964411496,21.09999999999964,147.654420551757
7,856,1317904,160.246337890625,953,hit,3.6639066985270543,19.059999999999683,170.46256969461507
7,857,1322180,146.00511169433594,1595,hit,4.5078297509144445,31.89999999999941,163.15211259562167
7,858,1322536,12.152191162109375,2250,timeout,11.110350462838095,45.000000000001435,-70.824442681898
7,859,1325480,164.63465881347656,825,hit,2.249883220879554,16.499999999999737,164.4384008154209
7,860,1325480,4.183689117431641,2250,timeout,5.532940911878076,45.000000000001435,-82.01980713692555
7,861,1326624,156.83860778808594,1022,hit,4.780342650718206,20.439999999999653,153.46226346144437
7,862,1326904,18.341259002685547,2250,timeout,5.581799483453436,45.000000000001435,-108.53814060560791
7,863,1329188,173.07208251953125,927,hit,2.4757796408646566,18.539999999999694,171.92170698732056
7,864,1330040,180.14437866210938,784,hit,1.9513466473383931,15.679999999999755,165.6693123706026
7,865,1330948,161.58644104003906,1367,hit,3.083815941565173,27.339999999999506,160.99468953980994
7,866,1333188,171.78396606445312,787,hit,3.1698820344978844,15.739999999999753,157.35695571420328
7,867,1334180,14.11263656616211,1889,miss,17.424085700590904,37.78000000000031,-75.67871611235108
7,868,1336088,163.90419006347656,725,hit,2.517387005621813,14.49999999999978,155.0468107229405
7,869,1336560,151.94520568847656,1403,hit,3.5890908370215957,28.05999999999949,155.6202683594427
7,870,1337592,165.55374145507812,853,hit,2.9078107398848325,17.059999999999725,163.05809794858038
7,871,1338188,2.868000030517578,2250,timeout,9.831134295378837,45.000000000001435,-109.13586559263602
7,872,1339384,174.06031799316406,824,hit,1.3452094654715538,16.479999999999738,165.10122886333295
7,873,1340908,154.43707275390625,829,hit,4.592725563666646,16.579999999999735,161.53053509855954
7,874,1341820,178.62355041503906,908,hit,4.296768608796685,18.1599999999997,170.62047917872678
7,875,1343952,171.02757263183594,761,hit,1.7921592161241395,15.219999999999764,160.94912596827513
7,876,1344980,163.08326721191406,790,hit,3.5905766447017426,15.799999999999752,151.4764543752284
7,877,1345560,-25.82373046875,2250,timeout,6.915460223543268,45.000000000001435,-70.03760806191463
7,878,1346520,13.845062255859375,1784,miss,11.291976860738993,35.67999999999998,-74.09137562434185
7,879,1347504,156.15956115722656,888,hit,3.9644216215307497,17.75999999999971,164.23247469324525
7,880,1348208,161.67018127441406,807,hit,2.39323933101302,16.139999999999745,159.70712632574816
7,881,1352444,12.4962158203125,1721,miss,7.5412540837562565,34.41999999999978,-69.04236694348863
7,882,1355520,-32.5355339050293,2250,timeout,6.021224890150866,45.000000000001435,-92.4560831022664
7,883,1356088,21.893796920776367,2146,miss,8.488195302114054,42.92000000000111,-79.55539184092535
7,884,1356324,163.13162231445312,970,hit,4.991714602452859,19.399999999999675,173.53769220078448
7,885,1357208,10.617965698242188,2250,timeout,8.169684579587388,45.000000000001435,-92.97291543621378
7,886,1360744,165.20938110351562,884,hit,3.208530185597085,17.679999999999712,168.22195964246944
7,887,1361348,151.32464599609375,1256,hit,3.7226332488181453,25.119999999999553,150.05077915730317
7,888,1362536,39.71615982055664,1612,miss,6.042681201078396,32.23999999999944,-37.27912816360365
7,889,1364192,162.6201171875,862,hit,3.132751776918345,17.23999999999972,167.6018041771818
7,890,1364520,9.616535186767578,2250,timeout,6.214005697834621,45.000000000001435,-110.91753514346891
7,891,1366728,147.4707489013672,1048,hit,4.43216025912053,20.959999999999642,161.2274815306097
7,892,1368900,10.06839370727539,1888,miss,9.391086141646852,37.7600000000003,-81.20134724585195
7,893,1373192,-35.388126373291016,2250,timeout,11.683388852426946,45.000000000001435,-62.04675494247807
7,894,1373520,30.630102157592773,2250,timeout,5.798974941519967,45.000000000001435,-81.82015396143666
7,895,1373620,16.92406463623047,1723,miss,8.88286283619196,34.45999999999979,-83.97056218041962
7,896,1376552,165.72390747070312,840,hit,3.953077784208427,16.79999999999973,167.231563144887
7,897,1376596,173.41110229492188,769,hit,1.0945756975792027,15.379999999999761,163.86737854139471
7,898,1376748,151.69300842285156,782,hit,4.525486998787324,15.639999999999755,162.1689349616663
7,899,1377900,7.690204620361328,2250,miss,7.162387370403669,45.000000000001435,-104.51321906584815
7,900,1379660,160.5826873779297,777,hit,2.3354894775623234,15.539999999999758,165.70162556152994
7,901,1379732,165.91653442382812,746,hit,3.180962416242508,14.91999999999977,163.10857908153943
7,902,1380360,145.140869140625,615,hit,4.1484438781222,12.299999999999827,153.53164877454662
7,903,1382624,178.51849365234375,741,hit,0.36494430252288146,14.819999999999773,158.8305590275393
7,904,1383704,-9.359294891357422,1777,miss,6.107701489290782,35.53999999999996,-85.39783430775702
7,905,1384500,156.26881408691406,1035,hit,4.546884498065936,20.699999999999648,165.18950194512217
7,906,1385572,148.18995666503906,737,hit,3.914499735527078,14.739999999999775,154.5606528487327
7,907,1387864,163.88357543945312,841,hit,2.3099960565391964,16.81999999999973,167.6515444877325
7,908,1388732,9.58380126953125,2250,timeout,7.4420050869618075,45.000000000001435,-99.62619782130261
7,909,1390268,5.330455780029297,1641,miss,6.631265432496538,32.81999999999953,-95.01419290739175
7,910,1390604,146.99722290039062,1258,hit,4.482786617162672,25.159999999999553,161.0942890318736
7,911,1390812,169.7685089111328,737,hit,2.2162801423387095,14.739999999999775,160.10164257452425
7,912,1391988,163.53929138183594,814,hit,3.3047141101694852,16.279999999999742,161.44614741510154
7,913,1393144,145.77317810058594,719,hit,4.499091213627334,14.379999999999782,155.915854426019
7,914,1394112,153.60728454589844,877,hit,4.326852776433302,17.539999999999715,151.74698899575117
7,915,1394344,167.68850708007812,883,hit,2.018576397167546,17.659999999999712,170.6115814625875
7,916,1395292,171.85447692871094,826,hit,3.596287258056901,16.519999999999737,169.76752490811396
7,917,1395788,155.43466186523438,661,hit,3.148181855250586,13.219999999999807,153.79872894591023
7,918,1397880,163.681884765625,942,hit,3.0948382381243804,18.839999999999687,169.37105990122097
7,919,1398296,168.28622436523438,988,hit,3.0207695432082367,19.759999999999668,168.53864545936642
7,920,1398864,174.0640869140625,893,hit,1.8036069856112498,17.859999999999708,167.06517851850316
7,921,1400468,160.02908325195312,1170,hit,4.8815895031668886,23.39999999999959,161.81671486757605
7,922,1402656,159.54083251953125,1090,hit,4.40365890838516,21.799999999999624,155.4738399389272
7,923,1404172,36.342674255371094,1573,miss,5.240283585039968,31.459999999999418,-46.03535109845609
7,924,1404960,158.19580078125,1123,hit,4.030015215204446,22.45999999999961,154.2775842295176
7,925,1405596,12.389312744140625,1683,miss,6.585037747324761,33.65999999999966,-93.98820607185053
7,926,1408008,153.12977600097656,762,hit,4.918525155930474,15.239999999999764,161.41005562353712
7,927,1408188,164.810302734375,648,hit,0.5515585281278533,12.959999999999813,156.21916819827172
7,928,1409288,142.6868438720703,1279,hit,4.986855641417074,25.579999999999544,145.26834401854234
7,929,1411100,19.238121032714844,2111,miss,6.919161024129629,42.220000000001,-85.95418813930074
7,930,1412008,154.6122283935547,955,hit,3.8818899237414164,19.09999999999968,165.16624278950536
7,931,1412848,159.52713012695312,890,hit,4.060145372969288,17.79999999999971,164.03190865477688
7,932,1414440,160.96337890625,835,hit,2.7684020476064584,16.699999999999733,167.8011012906718
7,933,1416068,168.9364776611328,1015,hit,2.9666559225452414,20.299999999999656,161.749534899915
7,934,1417008,16.284648895263672,2250,timeout,6.699304777859121,45.000000000001435,-98.93211863206605
7,935,1417092,161.31602478027344,663,hit,1.2339595617823556,13.259999999999806,153.06176654429612
7,936,1419052,160.00779724121094,746,hit,3.341731008892052,14.91999999999977,160.06944247801852
7,937,1421848,12.571403503417969,2250,timeout,5.270937724195715,45.000000000001435,-81.97284217296281
7,938,1422160,156.27206420898438,777,hit,3.7445190433534155,15.539999999999758,159.04341340268772
7,939,1424676,9.494319915771484,1917,miss,6.716331962642343,38.340000000000394,-85.22269431973469
7,940,1426092,-15.878475189208984,2250,timeout,14.056604512773303,45.000000000001435,-79.67755514774171
7,941,1426760,171.8820037841797,1150,hit,3.07145023091204,22.9999999999996,164.81249271872915
7,942,1428320,165.2193603515625,911,hit,3.5023532834949127,18.2199999999997,165.5293125702724
7,943,1428556,175.75503540039062,1677,hit,4.323280406347052,33.539999999999644,169.08253840523525
7,944,1431424,161.10498046875,776,hit,2.4944022517556883,15.519999999999758,162.2176553039149
7,945,1431976,166.64105224609375,1471,hit,3.695307665985877,29.41999999999946,156.8118487840827
7,946,1432060,171.59213256835938,1325,hit,2.112734804093016,26.499999999999524,168.30249635324566
8,947,1436280,158.90814208984375,670,hit,2.9167391014715682,13.399999999999803,157.1031998250122
8,948,1437308,154.79542541503906,927,hit,3.5821940586239127,18.539999999999694,157.9412975772652
8,949,1439884,175.3763885498047,901,hit,3.247835250034132,18.019999999999705,167.0345335336608
8,950,1442492,14.917278289794922,2223,miss,5.909556183639322,44.46000000000135,-105.1241397336583
8,951,1442600,5.925586700439453,2250,timeout,8.207409946853108,45.000000000001435,-109.99119538298362
8,952,1444708,164.95248413085938,1206,hit,2.9615264565778223,24.119999999999575,158.13909889643605
8,953,1445972,158.81446838378906,870,hit,4.4570612891665,17.399999999999718,153.99644389310367
8,954,1446308,3.90228271484375,2250,timeout,9.743585977240476,45.000000000001435,-101.75680055497489
8,955,1446380,156.44137573242188,945,hit,3.8959531854819702,18.899999999999686,164.87314194690146
8,956,1448700,164.20750427246094,682,hit,1.3040712012301214,13.639999999999798,158.03383013433327
8,957,1449420,150.9389190673828,778,hit,4.637001851505564,15.559999999999757,159.01397694959834
8,958,1451228,-1.7322273254394531,1630,miss,7.230654089995165,32.5999999999995,-92.4839945823653
8,959,1452268,135.312744140625,1472,hit,4.442593936059639,29.43999999999946,144.60014728796025
8,960,1453360,141.91001892089844,1165,hit,4.764742929236089,23.299999999999592,155.54957981535935
8,961,1453792,174.37342834472656,1093,hit,4.336789659869954,21.859999999999623,160.02145613283534
8,962,1453836,145.6337432861328,652,hit,4.263269640401141,13.03999999999981,155.34053193727362
8,963,1457192,174.32546997070312,850,hit,1.2073143240899515,16.999999999999726,168.49318873835324
8,964,1457868,164.24583435058594,1127,hit,1.7974085758757912,22.53999999999961,161.67588240971236
8,965,1460084,165.38070678710938,1562,hit,3.245768363971069,31.239999999999423,161.45239908530166
8,966,1461028,159.99453735351562,959,hit,3.011277314149212,19.17999999999968,156.98391842232232
8,967,1461268,-6.586376190185547,2250,timeout,5.609614381372183,45.000000000001435,-95.2292183702417
8,968,1461624,158.61505126953125,939,hit,3.603526801241905,18.77999999999969,169.54442303777557
8,969,1463064,157.98976135253906,745,hit,2.130070735194979,14.899999999999771,156.90538105206565
8,970,1464360,177.89382934570312,833,hit,0.7158064421043733,16.659999999999734,167.4048594072355
8,971,1465112,172.7769317626953,872,hit,4.339146966492111,17.439999999999717,171.46206917026166
8,972,1466424,158.65147399902344,840,hit,4.144720175001479,16.79999999999973,165.45958198045287
8,973,1467952,173.7718505859375,898,hit,1.1579540545681175,17.959999999999706,165.9711974100506
8,974,1469492,-16.794219970703125,2056,miss,6.986975187986758,41.12000000000083,-106.75049976581442
8,975,1469772,172.76132202148438,837,hit,3.0999481621851754,16.739999999999732,166.499311231102
8,976,1471972,26.95476722717285,1715,miss,6.386142282557138,34.29999999999976,-72.49832440135881
8,977,1472908,159.2367706298828,1239,hit,3.3009797377303816,24.77999999999956,168.13054790509892
8,978,1473220,172.9558563232422,932,hit,1.412304826243102,18.63999999999969,169.7928902053128
8,979,1475732,167.60116577148438,706,hit,1.9166485562695639,14.119999999999788,157.89831764743113
8,980,1476108,159.1959228515625,722,hit,2.509890829178372,14.439999999999781,159.5107248597088
8,981,1476948,9.368011474609375,1794,miss,9.003633452574908,35.88000000000001,-88.91136336564662
8,982,1477380,161.5724639892578,1352,hit,3.189344562025577,27.039999999999512,161.4642300499289
8,983,1478268,153.10391235351562,634,hit,3.188884732940354,12.679999999999819,154.36126862439778
8,984,1479992,159.83139038085938,653,hit,1.8516692109458555,13.05999999999981,155.65949722154016
8,985,1480628,172.89207458496094,1130,hit,2.7362618985212115,22.599999999999607,164.69424024182348
8,986,1482836,177.33811950683594,711,hit,1.9661379275897182,14.219999999999786,160.44073719529024
8,987,1484536,165.2716064453125,977,hit,4.480626694842294,19.539999999999672,171.58463352091786
8,988,1485948,16.252349853515625,2250,timeout,7.850539312034778,45.000000000001435,-87.55927705490443
8,989,1487268,-8.926841735839844,2250,timeout,9.677786629572388,45.000000000001435,-84.68954549776859
8,990,1487504,145.5316162109375,742,hit,4.599806272456736,14.839999999999772,161.9774988617574
8,991,1489620,176.94744873046875,918,hit,1.5283202517519643,18.359999999999697,170.99500686656054
8,992,1491836,21.49306869506836,2250,timeout,5.016884389792242,45.000000000001435,-108.27394189933423
8,993,1492456,160.85977172851562,1238,hit,4.1263278549540425,24.75999999999956,156.3585055559438
8,994,1493180,163.39346313476562,890,hit,4.66158685723728,17.79999999999971,167.60230144054236
8,995,1496268,10.99658203125,2250,timeout,6.739403017244849,45.000000000001435,-90.52943098375128
8,996,1499988,26.040081024169922,1883,miss,5.103567581576573,37.66000000000029,-77.28425137878845
8,997,1500444,-1.9485816955566406,2152,miss,6.440421072995363,43.04000000000113,-108.71938380450531
8,998,1501852,155.79180908203125,1396,hit,3.2872359685566255,27.919999999999494,157.77048453480077
8,999,1502180,7.0433502197265625,2250,timeout,13.785568464339791,45.000000000001435,-66.16257836545842
8,1000,1505512,173.28082275390625,833,hit,3.8837680870856968,16.659999999999734,160.27827646838534
8,1001,1505544,159.5296173095703,1275,hit,3.242645053696224,25.499999999999545,159.7639743964014
8,1002,1506416,160.80868530273438,1141,hit,4.8432690157387075,22.819999999999602,156.2013115259278
8,1003,1507088,24.481813430786133,1775,miss,7.0226661736261065,35.49999999999995,-66.52208446472378
8,1004,1508844,156.17489624023438,833,hit,4.123622621134758,16.659999999999734,166.47993651306896
8,1005,1510508,145.4383544921875,1023,hit,4.008999197019802,20.459999999999653,153.5088050773206
8,1006,1511536,147.19488525390625,1112,hit,4.31017153832775,22.239999999999615,160.06554427264157
8,1007,1512184,160.63189697265625,835,hit,3.0051980061692185,16.699999999999733,165.51926989272957
8,1008,1514544,33.683692932128906,2250,timeout,5.171347109758301,45.000000000001435,-75.74724445127347
8,1009,1515064,154.73280334472656,720,hit,4.474008624837401,14.399999999999782,161.43571349740554
8,1010,1515144,159.374267578125,902,hit,3.7700575563328513,18.039999999999704,166.91210255725233
8,1011,1517980,29.10639762878418,1868,miss,5.433448493005233,37.36000000000024,-71.90606687680294
8,1012,1518152,156.4073486328125,772,hit,4.373560604982874,15.43999999999976,163.88100907729688
8,1013,1518488,166.93182373046875,986,hit,2.8052013336359853,19.71999999999967,170.2263175967813
8,1014,1521296,158.22640991210938,1538,hit,3.8478182735520803,30.759999999999433,159.64468377066368
8,1015,1521300,152.39230346679688,830,hit,4.841327587290565,16.599999999999735,162.22015211691257
8,1016,1521652,182.4853973388672,875,hit,0.3665950053017717,17.499999999999716,168.0472257060572
8,1017,1523224,168.86888122558594,1184,hit,2.5459407503443603,23.679999999999584,164.98637722722253
8,1018,1524352,158.5614776611328,675,hit,3.614165570339614,13.499999999999801,157.91254977823175
8,1019,1526276,174.68064880371094,763,hit,1.100868749747993,15.259999999999764,160.339684550992
8,1020,1527476,170.79452514648438,781,hit,3.6994196987307832,15.619999999999756,160.56808633358347
8,1021,1529932,169.94644165039062,914,hit,3.6974692775547,18.2799999999997,172.46906500346847
8,1022,1530296,-16.644100189208984,2250,timeout,6.089816349694945,45.000000000001435,-128.6531661002055
8,1023,1530300,-23.833873748779297,2250,timeout,6.465653356048114,45.000000000001435,-107.03344446480837
8,1024,1533136,157.38230895996094,1415,hit,2.8629077603288158,28.299999999999486,155.67751623401705
8,1025,1533292,163.3043975830078,840,hit,2.674302814338392,16.79999999999973,155.19350680597597
8,1026,1535656,156.2181396484375,1340,hit,3.41789542946243,26.799999999999518,150.01434997851078
8,1027,1539300,17.160247802734375,2250,timeout,5.246457628620271,45.000000000001435,-94.72335762966263
8,1028,1540012,33.69977569580078,1680,miss,5.2644447084650725,33.59999999999965,-78.93022317100322
8,1029,1542028,4.2116241455078125,2223,miss,5.051861873053463,44.46000000000135,-108.16484663401178
8,1030,1542320,157.83438110351562,755,hit,3.0078246001579827,15.099999999999767,160.78043781981697
8,1031,1542360,26.201221466064453,1676,miss,6.990091196671507,33.51999999999964,-75.54474464388556
8,1032,1542992,163.86032104492188,745,hit,3.199180615817678,14.899999999999771,157.04354071878203
8,1033,1545068,164.62939453125,760,hit,2.379230256732678,15.199999999999765,156.4635866801697
8,1034,1545420,159.43170166015625,765,hit,2.459528173798881,15.299999999999763,161.20329958048063
8,1035,1545908,171.95310974121094,729,hit,3.652693705863101,14.579999999999778,162.46246715522702
8,1036,1546748,159.4376220703125,1107,hit,3.160780347915673,22.139999999999617,155.67005926371405
8,1037,1548288,159.20155334472656,717,hit,3.912118785434922,14.339999999999783,162.6020766555074
8,1038,1549440,154.9144744873047,673,hit,4.45670504863253,13.459999999999802,157.25354593552896
8,1039,1552276,161.75296020507812,709,hit,2.3131960092668047,14.179999999999787,158.44273713776192
8,1040,1552596,153.20553588867188,1077,hit,3.148875503862197,21.53999999999963,159.31972390459416
8,1041,1552740,8.274250030517578,1708,miss,6.935405031758934,34.15999999999974,-105.67876830781597
8,1042,1554068,7.927776336669922,2250,timeout,7.8449204797562135,45.000000000001435,-90.2587232408469
8,1043,1555576,174.1032257080078,825,hit,2.5050290903183408,16.499999999999737,169.9165890351781
8,1044,1557424,162.72305297851562,839,hit,2.4973502140213157,16.77999999999973,164.34492397898384
8,1045,1559780,-6.309886932373047,1760,miss,7.625836421381935,35.1999999999999,-104.50761486239277
8,1046,1560544,164.70233154296875,780,hit,2.912491987451331,15.599999999999756,158.92440267297485
8,1047,1561416,151.65289306640625,1460,hit,4.447588912750454,29.199999999999466,160.5637404631006
8,1048,1561596,16.349822998046875,2250,timeout,6.44806541893665,45.000000000001435,-79.8050037476615
8,1049,1562604,145.49232482910156,706,hit,4.0054983679629235,14.119999999999788,151.05313342490933
8,1050,1563988,157.63201904296875,861,hit,3.6399757644302797,17.21999999999972,166.08749843067363
8,1051,1565360,164.03768920898438,941,hit,4.585467714603568,18.819999999999688,154.03368731639122
8,1052,1566028,157.2703857421875,856,hit,3.881960679325216,17.119999999999724,163.6901648661236
8,1053,1570416,1.7083015441894531,2250,timeout,6.419153863123228,45.000000000001435,-67.9197358925185
8,1054,1571388,20.141292572021484,1850,miss,6.999454400690361,37.000000000000185,-95.13596134495212
8,1055,1574236,4.740627288818359,2219,miss,7.466683441511763,44.38000000000134,-91.03531076375039
8,1056,1574704,157.22784423828125,829,hit,3.070159622331601,16.579999999999735,164.76992821253464
8,1057,1575028,-43.26427459716797,2250,timeout,9.662771597075135,45.000000000001435,-87.42572255483852
8,1058,1576940,155.60421752929688,676,hit,2.6657070965814045,13.5199999999998,154.0597092956802
8,1059,1577804,153.939208984375,775,hit,4.5393127085157365,15.499999999999758,160.75123602305774
8,1060,1577956,140.796875,732,hit,4.501459755861866,14.639999999999777,153.45644030964402
8,1061,1579416,3.857898712158203,2250,timeout,16.338081917401855,45.000000000001435,-92.44871755271208
8,1062,1580616,146.64537048339844,703,hit,4.698216190181637,14.059999999999789,156.91535655303713
8,1063,1582808,169.061767578125,848,hit,2.5024218697881513,16.959999999999727,166.7686274120265
8,1064,1583108,155.097900390625,1542,hit,3.4503321866102117,30.83999999999943,160.9805549034758
8,1065,1583204,147.2465057373047,1312,hit,4.288128829399544,26.23999999999953,160.9487199821543
8,1066,1584508,163.69390869140625,973,hit,4.853024984287348,19.459999999999674,172.19229021398291
8,1067,1585940,165.01699829101562,783,hit,2.067616600061351,15.659999999999755,161.81622417318286
8,1068,1586552,153.60183715820312,837,hit,3.9182934088720685,16.739999999999732,167.25454885401328
8,1069,1586672,161.93814086914062,891,hit,4.297004213262438,17.81999999999971,171.42967136215654
8,1070,1588296,158.32228088378906,947,hit,4.3405374469246905,18.939999999999685,170.47357443404366
8,1071,1588980,152.10763549804688,760,hit,3.856578356811768,15.199999999999765,158.03446963410562
8,1072,1591376,161.25424194335938,1206,hit,4.650953928174853,24.119999999999575,162.38569995809146
8,1073,1591948,173.1360626220703,913,hit,2.144990141315438,18.2599999999997,169.71353102908435
8,1074,1593212,147.6057586669922,1058,hit,4.917294387613405,21.159999999999638,162.07292427541677
8,1075,1595672,-2.27740478515625,2250,timeout,7.723247362941254,45.000000000001435,-76.93705555466641
8,1076,1595936,154.89849853515625,681,hit,4.359212240306429,13.619999999999798,159.38452118670293
8,1077,1596180,168.857421875,1201,hit,3.6192183468566848,24.019999999999577,162.20452206624188
8,1078,1597876,167.25067138671875,1482,hit,3.0002852571658853,29.639999999999457,161.80466796051567
8,1079,1598628,167.8386688232422,739,hit,2.665373105506289,14.779999999999774,162.1361910157676
8,1080,1598760,169.36952209472656,706,hit,1.5264469600982504,14.119999999999788,156.1870210342875
8,1081,1601584,157.8833465576172,927,hit,3.8381912004442142,18.539999999999694,171.48379184500976
8,1082,1603296,13.480365753173828,1779,miss,10.52474432825417,35.57999999999996,-87.06644112467956
8,1083,1605588,16.23419189453125,1740,miss,8.145071917860266,34.79999999999984,-86.81778893311585
8,1084,1606124,170.82101440429688,1135,hit,3.9109529053504812,22.699999999999605,163.69919811261565
8,1085,1607760,11.428955078125,2250,timeout,5.608309927831098,45.000000000001435,-76.67237468017109
8,1086,1607876,158.14801025390625,1145,hit,4.600646629005293,22.8999999999996,152.88203808475953
8,1087,1608896,162.9913787841797,693,hit,2.350199384545629,13.859999999999793,158.05966023734123
8,1088,1612364,165.40882873535156,1122,hit,4.170214378169388,22.43999999999961,154.15964497644526
8,1089,1612700,28.635425567626953,1778,miss,5.028411999342305,35.55999999999996,-90.61383371781575
8,1090,1613028,147.79440307617188,1317,hit,4.063184970897794,26.339999999999527,154.19343902665477
8,1091,1615580,157.33689880371094,804,hit,3.147118081860371,16.079999999999746,166.5547100507907
8,1092,1616052,164.66287231445312,838,hit,2.5626622035504805,16.75999999999973,166.00211647949982
8,1093,1617896,25.47195053100586,2250,timeout,8.665992577553412,45.000000000001435,-64.78428316051694
8,1094,1620064,13.836441040039062,1759,miss,7.7292132105004585,35.1799999999999,-99.83647247744358
8,1095,1622300,15.01010513305664,1680,miss,7.1861074327591545,33.59999999999965,-86.50655807832325
8,1096,1623020,148.9025421142578,739,hit,4.193083816377094,14.779999999999774,159.42521768505821
8,1097,1623436,25.742660522460938,1846,miss,5.485171075412175,36.92000000000017,-81.74736758265223
8,1098,1625472,178.54385375976562,793,hit,1.2688497006481922,15.85999999999975,159.7529511597871
8,1099,1626548,168.84458923339844,882,hit,3.037866544499036,17.639999999999713,171.82027095067016
8,1100,1626896,-31.960433959960938,2250,timeout,12.175252136731398,45.000000000001435,-77.6488875243803
8,1101,1627088,154.23316955566406,913,hit,4.592916899749273,18.2599999999997,169.74641902027537
8,1102,1629968,161.0523681640625,768,hit,3.1060271374342356,15.359999999999761,161.08335252648726
8,1103,1631216,161.3632049560547,1436,hit,3.304430860519948,28.719999999999477,156.8863781397929
8,1104,1631684,154.59912109375,1284,hit,3.7776977254424775,25.67999999999954,154.62417210288928
8,1105,1631920,172.85446166992188,1208,hit,4.436935218138069,24.159999999999574,164.93286133818822
8,1106,1635476,151.96859741210938,948,hit,3.835065917281535,18.959999999999685,153.56149453636357
8,1107,1635684,159.61923217773438,1429,hit,4.920149585637701,28.57999999999948,165.65181266550127
8,1108,1636504,146.27786254882812,1146,hit,4.592073310127253,22.9199999999996,151.77468143165177
8,1109,1637292,176.80062866210938,1519,hit,4.795752538942643,30.37999999999944,167.21473339305186
