checkpoint,episode,total_timesteps,episode_reward,episode_length,outcome,min_range_m,final_time_s,legacy_episode_reward
1,1,8140,11.397302627563477,2035,miss,564.4151236927538,40.70000000000076,-117.36937912721211
1,2,8368,7.329793930053711,2092,miss,678.5993974637146,41.84000000000094,-104.16021163762812
1,3,8808,-3.233339309692383,2202,miss,829.4106741821994,44.040000000001285,-124.2786909235076
1,4,9000,3.0303268432617188,2250,timeout,793.0010303227631,45.000000000001435,-127.16623206497084
1,5,16028,-44.88025665283203,1915,miss,2724.496665419536,38.30000000000039,-115.91469122283124
1,6,16428,-37.06720733642578,1905,miss,2486.0226695267315,38.10000000000036,-100.89942079015165
1,7,16704,-28.556997299194336,2141,miss,2049.0716138924377,42.820000000001095,-101.66597000635994
1,8,18000,-1.786238670349121,2250,timeout,1073.292191653689,45.000000000001435,-116.09316774898727
1,9,25028,16.723636627197266,2250,timeout,472.7753339268979,45.000000000001435,-94.4155664250932
1,10,25428,-10.805231094360352,2250,timeout,887.4401265993511,45.000000000001435,-122.19765501488675
1,11,25704,4.717392921447754,2250,timeout,758.7500665184915,45.000000000001435,-81.80366236084265
1,12,26772,-4.4980010986328125,2193,miss,1026.4086085825327,43.86000000000126,-73.67789824520389
1,13,32548,-51.56221008300781,1880,miss,2745.8502749710815,37.60000000000028,-92.67341865767554
1,14,34044,5.4191389083862305,2085,miss,742.2492602020689,41.70000000000092,-69.81575836513997
1,15,34180,-23.028093338012695,2188,miss,1550.1223143104307,43.76000000000124,-84.42841101643256
1,16,35304,20.4394588470459,2133,miss,196.58107392486215,42.66000000000107,-99.77658846861193
1,17,39980,24.143169403076172,1858,miss,123.5046504537122,37.16000000000021,-94.20318495430249
1,18,40892,18.22892951965332,1712,miss,95.45298201987016,34.23999999999975,-75.86969737571835
1,19,41664,23.094684600830078,1871,miss,241.34101407243014,37.42000000000025,-95.34891386576116
1,20,44304,10.027427673339844,2250,timeout,503.98400317216056,45.000000000001435,-124.75791450547449
1,21,48032,6.083958148956299,2013,miss,829.768289071506,40.260000000000694,-70.93102198590093
1,22,49892,24.505207061767578,2250,timeout,30.95662424986899,45.000000000001435,-72.26352370145997
1,23,50664,16.96442222595215,2250,timeout,284.4860300707126,45.000000000001435,-110.04089559175766
1,24,51212,28.478076934814453,1727,miss,31.829020820457046,34.5399999999998,-54.34178579883677
1,25,57032,25.93501853942871,2250,timeout,131.01794658462174,45.000000000001435,-71.75866326587234
1,26,58708,23.12017059326172,2011,miss,26.284166382786864,40.22000000000069,-100.27990101757106
1,27,58892,18.281173706054688,2250,timeout,11.077289261695226,45.000000000001435,-71.6344013169997
1,28,60212,14.503385543823242,2250,timeout,110.35046537279105,45.000000000001435,-83.93516039350021
1,29,62196,124.6663589477539,1291,hit,3.912639173704,25.81999999999954,145.43479329304884
1,30,66336,27.348541259765625,1861,miss,19.591795271615933,37.22000000000022,-55.76680781110604
1,31,66532,25.915746688842773,1956,miss,40.41321449736449,39.120000000000516,-56.096031821905065
1,32,69212,22.665889739990234,2250,timeout,24.917642623118414,45.000000000001435,-67.08931082617545
1,33,71196,17.181840896606445,2250,timeout,70.26203080037048,45.000000000001435,-90.12368533457924
1,34,72208,131.18019104003906,749,hit,3.1553537767377864,14.97999999999977,155.27832165716933
1,35,75336,16.450454711914062,2250,timeout,14.380137492572533,45.000000000001435,-91.70306525473208
1,36,75532,15.091156005859375,2250,timeout,13.124887719695952,45.000000000001435,-119.58368743186497
1,37,80196,21.947908401489258,2250,timeout,5.64669319000751,45.000000000001435,-83.88132560170305
1,38,81208,14.026737213134766,2250,timeout,7.719060991132616,45.000000000001435,-68.3840824528789
1,39,82824,17.03526496887207,1823,miss,25.175336924302915,36.4600000000001,-94.45482982644587
1,40,84336,15.675968170166016,2250,timeout,6.700955749312716,45.000000000001435,-81.16616203933185
1,41,87344,27.769319534301758,1787,miss,7.27425117627297,35.73999999999999,-53.08000438679418
1,42,88588,131.08892822265625,1063,hit,4.392570240949426,21.259999999999636,153.63184072767598
1,43,90208,10.942218780517578,2250,timeout,48.85265016205861,45.000000000001435,-67.3127830296475
1,44,91824,18.086868286132812,2250,timeout,7.6792248073355776,45.000000000001435,-93.11799621242287
1,45,94232,126.0504150390625,1006,hit,4.817634226321214,20.11999999999966,149.98429172293396
1,46,96344,15.162513732910156,2250,timeout,16.489387746157124,45.000000000001435,-77.25577123514103
1,47,97588,11.616071701049805,2250,timeout,10.682368450690351,45.000000000001435,-72.89864715969887
1,48,100824,6.768302917480469,2250,timeout,10.133189907359638,45.000000000001435,-69.22214114966678
1,49,103232,21.486520767211914,2250,timeout,15.692590796360744,45.000000000001435,-95.01338125127741
1,50,105344,16.54448127746582,2250,timeout,21.93448704502373,45.000000000001435,-70.24636842970429
1,51,106588,13.263681411743164,2250,timeout,14.01038692326902,45.000000000001435,-91.42485806442842
1,52,109824,-3.4267311096191406,2250,timeout,9.744636127516275,45.000000000001435,-86.04712114734988
1,53,112156,10.187955856323242,2231,miss,12.842432599337045,44.620000000001376,-84.45447789402107
1,54,114344,2.534351348876953,2250,timeout,10.173398830924002,45.000000000001435,-77.66163037998915
1,55,115588,9.581319808959961,2250,timeout,11.422488986713512,45.000000000001435,-76.88583389180876
1,56,118524,15.988153457641602,2175,miss,17.998756966003754,43.5000000000012,-85.69362210175804
1,57,121156,14.727922439575195,2250,timeout,13.536932173025972,45.000000000001435,-72.43802268119653
1,58,123344,0.8896598815917969,2250,timeout,22.595309855705278,45.000000000001435,-104.59390267402762
1,59,124588,1.1190605163574219,2250,timeout,6.774192848906197,45.000000000001435,-92.06759655739812
1,60,127524,13.25724983215332,2250,timeout,11.502183348333796,45.000000000001435,-62.887462310097085
1,61,130156,2.46401309967041,2250,timeout,11.669807660042647,45.000000000001435,-73.68873642983914
1,62,131296,8.541831970214844,1677,miss,12.255987709034628,33.539999999999644,-92.28753510564606
1,63,131764,9.271812438964844,2105,miss,5.114849018001781,42.10000000000098,-75.49653999706436
1,64,136524,6.871206283569336,2250,timeout,9.449616611792637,45.000000000001435,-81.0262147217446
1,65,139156,7.659004211425781,2250,timeout,9.209928391813923,45.000000000001435,-111.29700165698573
1,66,140296,16.15643882751465,2250,timeout,7.867542755320191,45.000000000001435,-66.53526995080784
1,67,140764,3.3262062072753906,2250,timeout,150.34237197487926,45.000000000001435,-72.29704214760336
1,68,145524,13.65725326538086,2250,timeout,5.335494857628237,45.000000000001435,-64.62925494477852
1,69,148156,12.70577335357666,2250,timeout,10.250916566842502,45.000000000001435,-63.09324434933481
1,70,149296,5.262800216674805,2250,timeout,11.16185097234066,45.000000000001435,-69.18210055180131
1,71,149764,12.326072692871094,2250,timeout,12.567709335437446,45.000000000001435,-88.11649505295213
1,72,154524,0.37783050537109375,2250,timeout,10.125784650441735,45.000000000001435,-78.04047108734439
1,73,157052,17.02300453186035,1822,miss,11.667924723006747,36.4400000000001,-61.04844003603902
1,74,157156,17.555418014526367,2250,timeout,14.237051172929446,45.000000000001435,-81.85068139471927
1,75,158296,11.351154327392578,2250,timeout,19.94442209692327,45.000000000001435,-94.18113798597969
1,76,163524,17.760019302368164,2250,timeout,12.021708252514754,45.000000000001435,-99.49548448326215
1,77,164364,4.644681930541992,1828,miss,5.84835245233746,36.560000000000116,-76.36214222104793
1,78,166156,-4.498477935791016,2250,timeout,21.361230300300544,45.000000000001435,-82.61359943496005
1,79,167296,17.395837783813477,2250,timeout,13.216267510147116,45.000000000001435,-67.7441602059875
1,80,169380,129.7577667236328,1464,hit,4.361033090426028,29.279999999999465,154.63806694573844
1,81,173364,5.383563995361328,2250,timeout,26.209189282961734,45.000000000001435,-86.8703281382901
1,82,175156,-4.576414108276367,2250,timeout,6.399989561426847,45.000000000001435,-78.4168453328116
1,83,176296,14.834981918334961,2250,timeout,9.188944336180532,45.000000000001435,-83.10009383362028
1,84,178380,2.064208984375,2250,timeout,7.907157365300578,45.000000000001435,-79.20409013871074
1,85,182364,9.40255355834961,2250,timeout,19.7182685075884,45.000000000001435,-93.26963264487004
1,86,184156,7.935762405395508,2250,timeout,24.230067598596708,45.000000000001435,-77.20206954871678
1,87,185296,20.085006713867188,2250,timeout,21.20800307257863,45.000000000001435,-68.3556072133588
1,88,187380,-2.4392929077148438,2250,timeout,25.40213639627365,45.000000000001435,-67.31089773239246
1,89,188972,110.49525451660156,1204,hit,4.223354263798898,24.079999999999576,148.03081491981794
1,90,191364,0.12290191650390625,2250,timeout,17.725324242041314,45.000000000001435,-82.47573200920365
1,91,193972,10.158010482788086,2169,miss,17.790766034395503,43.38000000000118,-65.03911981640613
1,92,196380,11.547067642211914,2250,timeout,10.716261271482454,45.000000000001435,-74.9200169958929
1,93,197972,-0.9831123352050781,2250,timeout,13.143309152677732,45.000000000001435,-94.93097272790502
1,94,200364,11.533832550048828,2250,timeout,18.70022635689546,45.000000000001435,-83.32707438473834
1,95,202972,-9.322254180908203,2250,timeout,12.295933340266378,45.000000000001435,-90.6791085196015
2,96,207564,114.43434143066406,691,hit,4.290083648282699,13.819999999999794,150.1841194615447
2,97,208056,125.26375579833984,814,hit,4.24817619236376,16.279999999999742,150.64616854477288
2,98,212960,-9.65899658203125,2040,miss,17.56930410751582,40.80000000000078,-81.2694906874094
2,99,213800,-1.1867103576660156,2250,timeout,10.410291493747396,45.000000000001435,-86.4421728781294
2,100,216564,6.161569595336914,2250,timeout,30.842552943606226,45.000000000001435,-68.96326873228061
2,101,217056,-0.19895172119140625,2250,timeout,14.95837376499536,45.000000000001435,-74.73923975054078
2,102,219832,127.33035278320312,817,hit,4.567299029832501,16.33999999999974,159.62770610363083
2,103,221960,4.9859619140625,2250,timeout,15.926232869291795,45.000000000001435,-72.06301684426381
2,104,222800,-5.393526077270508,2250,timeout,10.233517929958767,45.000000000001435,-86.13915955643925
2,105,226056,7.049205780029297,2250,timeout,18.074534709430797,45.000000000001435,-89.05734608510066
2,106,227040,7.055400848388672,1802,miss,8.850142864155716,36.040000000000035,-79.76416245221509
2,107,230912,14.183311462402344,2238,miss,8.686883710670482,44.7600000000014,-73.44335360306997
2,108,231800,-0.24030685424804688,2250,timeout,14.595097122059956,45.000000000001435,-84.07597493135378
2,109,235056,12.989171981811523,2250,timeout,8.114307359935095,45.000000000001435,-79.62013575374172
2,110,236040,5.040019989013672,2250,timeout,12.14887682891424,45.000000000001435,-77.53366353522644
2,111,236828,115.79751586914062,1257,hit,4.8352845353502,25.139999999999553,139.93211934200104
2,112,239912,10.748184204101562,2250,timeout,17.938762177015555,45.000000000001435,-85.37487970027586
2,113,244056,0.2546501159667969,2250,timeout,16.28991948618215,45.000000000001435,-74.2451266792547
2,114,245040,10.594263076782227,2250,timeout,9.824159496770035,45.000000000001435,-66.06433469114106
2,115,245828,-8.366504669189453,2250,timeout,11.833532455228978,45.000000000001435,-85.47506535712265
2,116,248652,7.433897018432617,2185,miss,13.390633253595327,43.70000000000123,-80.55631582655647
2,117,253056,0.43877410888671875,2250,timeout,7.47178390764759,45.000000000001435,-82.22865254460788
2,118,254040,9.521966934204102,2250,timeout,9.991893228333838,45.000000000001435,-68.2302180517768
2,119,254828,0.68438720703125,2250,timeout,12.13580085927632,45.000000000001435,-85.79576335559018
2,120,257652,16.615880966186523,2250,timeout,6.799988382501959,45.000000000001435,-67.74383177866017
2,121,258036,131.49429321289062,802,hit,2.6720843399253114,16.039999999999747,158.229523365842
2,122,260592,128.26837158203125,735,hit,4.998326252322117,14.699999999999775,155.2477593991919
2,123,261820,21.2589168548584,2191,miss,7.639899218327551,43.82000000000125,-74.00600126478696
2,124,262640,9.289175033569336,2150,miss,14.38634477477339,43.00000000000112,-89.19605242726524
2,125,267036,-0.3436164855957031,2250,timeout,24.878626194204834,45.000000000001435,-63.27537880550973
2,126,269324,1.9897956848144531,2183,miss,10.494738216831854,43.660000000001226,-80.6880147836073
2,127,270820,4.278739929199219,2250,timeout,16.017432228217125,45.000000000001435,-80.04475573615437
2,128,271640,-5.741535186767578,2250,timeout,12.937177830559273,45.000000000001435,-102.37213900837803
2,129,275828,113.15139770507812,1626,hit,3.1527460046533444,32.519999999999484,144.1879437264489
2,130,276036,2.8949203491210938,2250,timeout,12.863580080668516,45.000000000001435,-82.89689703531745
2,131,279820,8.865921020507812,2250,timeout,12.146140212834766,45.000000000001435,-70.58665685010169
2,132,279992,11.252370834350586,2088,miss,8.720108513292542,41.76000000000093,-59.967475001006584
2,133,284252,11.97802734375,2054,miss,5.787719782658035,41.08000000000082,-71.31520083030509
2,134,284828,5.6585540771484375,2250,timeout,5.988527765341761,45.000000000001435,-86.59715119544921
2,135,288820,13.870981216430664,2250,timeout,10.531090379927017,45.000000000001435,-80.32410875948588
2,136,288992,2.3277511596679688,2250,timeout,20.737808621918017,45.000000000001435,-68.83622054166328
2,137,293252,12.31205940246582,2250,timeout,5.923736756058867,45.000000000001435,-81.45428257790363
2,138,293828,12.53662395477295,2250,timeout,6.590269751057865,45.000000000001435,-69.29096645950688
2,139,297820,14.789700508117676,2250,timeout,15.431498142193858,45.000000000001435,-75.23516577306913
2,140,297992,11.510643005371094,2250,timeout,7.088958750678094,45.000000000001435,-65.24086646919717
2,141,302252,13.347908020019531,2250,timeout,5.69892557140882,45.000000000001435,-75.65589061735523
2,142,302428,13.892086029052734,2150,miss,16.789448459342132,43.00000000000112,-66.65625451375405
2,143,304804,14.872058868408203,1703,miss,10.924320271018596,34.059999999999725,-67.60632387526678
2,144,306820,6.467130661010742,2250,timeout,6.325632206999432,45.000000000001435,-71.67052161530736
2,145,311252,2.229907989501953,2250,timeout,23.300430691000603,45.000000000001435,-77.32396532082484
2,146,311428,-3.85308837890625,2250,timeout,23.130873684859644,45.000000000001435,-76.93879559883435
2,147,311796,113.66712951660156,1748,hit,4.472497435647751,34.959999999999866,135.30982526769273
2,148,315820,3.9684295654296875,2250,timeout,17.185407300520538,45.000000000001435,-93.80186859176972
2,149,320024,18.668968200683594,2193,miss,9.458697723384805,43.86000000000126,-61.89121379143947
2,150,320428,0.9522571563720703,2250,timeout,22.092306843585806,45.000000000001435,-80.72334259337754
2,151,320796,16.453880310058594,2250,timeout,11.817718922768984,45.000000000001435,-81.96090443455063
2,152,324008,130.68243408203125,895,hit,4.838702653434862,17.899999999999707,153.46492603453925
2,153,324820,8.836679458618164,2250,timeout,6.96275112222714,45.000000000001435,-92.40305626717574
2,154,329024,3.2489852905273438,2250,timeout,61.603167222979785,45.000000000001435,-70.54023772998723
2,155,329580,15.405208587646484,2196,miss,9.2071361676143,43.92000000000127,-81.33632068509993
2,156,333008,16.232742309570312,2250,timeout,6.634436484747453,45.000000000001435,-75.69005703371772
2,157,333820,7.4482269287109375,2250,timeout,11.552414457917493,45.000000000001435,-82.41577720091732
2,158,334980,130.93531799316406,1350,hit,3.5519229860642225,26.999999999999513,156.15467385305212
2,159,336520,129.7892608642578,878,hit,4.694009356644044,17.559999999999715,155.16007707342746
2,160,337988,14.618532180786133,2241,miss,9.334830520294101,44.82000000000141,-71.76877305671007
2,161,341620,3.318614959716797,1950,miss,8.673594981990727,39.0000000000005,-70.52286246275594
2,162,343980,11.168973922729492,2250,timeout,13.589526414884988,45.000000000001435,-83.52129617077115
2,163,345520,15.231204986572266,2250,timeout,13.297195498106063,45.000000000001435,-76.86116200406042
2,164,346988,12.492883682250977,2250,timeout,20.886836774055052,45.000000000001435,-76.9612921802408
2,165,350620,-1.5236835479736328,2250,timeout,7.823754030016324,45.000000000001435,-79.6185266045252
2,166,352980,3.4457664489746094,2250,timeout,6.52014903424352,45.000000000001435,-86.37962170843609
2,167,354520,12.866374969482422,2250,timeout,22.73775676820865,45.000000000001435,-64.89843413526434
2,168,355988,-1.3848152160644531,2250,timeout,16.260903071076886,45.000000000001435,-90.11704286318333
2,169,359440,123.79827880859375,2205,hit,2.9517695363267484,44.100000000001295,141.23637225490234
2,170,360380,125.4834213256836,1098,hit,3.0900705710131913,21.95999999999962,150.91185138046706
2,171,361980,5.699615478515625,2250,timeout,9.081012720453547,45.000000000001435,-73.87340271972705
2,172,363520,5.966220855712891,2250,timeout,19.059169793012657,45.000000000001435,-79.51602421291292
2,173,364832,119.99261474609375,1348,hit,4.833223943014186,26.959999999999514,144.40341261967518
2,174,369380,-4.466922760009766,2250,timeout,7.881119056742425,45.000000000001435,-77.59021181470062
2,175,370980,-2.7973861694335938,2250,timeout,23.402363511619424,45.000000000001435,-84.59542256290815
2,176,372080,124.64617919921875,675,hit,4.075778795122401,13.499999999999801,150.10451033417513
2,177,372520,2.4914474487304688,2250,timeout,6.838391686536145,45.000000000001435,-77.58150656091352
2,178,373832,-6.132068634033203,2250,timeout,28.676938695156746,45.000000000001435,-80.68389292530514
2,179,376464,122.39277648925781,1371,hit,4.9142309041965735,27.419999999999504,145.30273381549193
2,180,381080,11.268686294555664,2250,timeout,11.657906711448915,45.000000000001435,-69.4178254966538
2,181,381520,18.44070816040039,2250,timeout,10.29297272116442,45.000000000001435,-61.55570790112426
2,182,382832,5.456178188323975,2250,timeout,18.106753098872595,45.000000000001435,-60.16686953511155
2,183,385464,3.5196056365966797,2250,timeout,7.332202747508032,45.000000000001435,-74.97805487218429
2,184,387980,16.144302368164062,1725,miss,13.990860948615758,34.499999999999794,-64.70125299632014
2,185,390520,7.146196365356445,2250,timeout,8.79473841608947,45.000000000001435,-74.388296812071
2,186,391832,4.488404750823975,2250,timeout,7.638511717729716,45.000000000001435,-69.40137897894034
2,187,394464,12.693975448608398,2250,timeout,7.73355524898128,45.000000000001435,-61.824001282873525
2,188,394940,122.54164123535156,1105,hit,4.261573068291923,22.099999999999618,145.62965313160572
2,189,395228,125.97555541992188,849,hit,4.602965812857007,16.979999999999727,155.36622477708087
2,190,396980,2.3454933166503906,2250,timeout,5.355646578942205,45.000000000001435,-67.43903622465564
2,191,400320,131.74473571777344,835,hit,3.949158190011421,16.699999999999733,162.84419976250717
2,192,402024,116.586181640625,1699,hit,4.018045218621634,33.97999999999971,148.22261798194285
2,193,403464,12.618858337402344,2250,timeout,12.954016218660838,45.000000000001435,-76.99370431365736
2,194,403940,0.39015960693359375,2250,timeout,6.269913460462511,45.000000000001435,-66.23749116015631
2,195,404972,128.09146118164062,737,hit,4.563473192571518,14.739999999999775,150.94647355676892
2,196,406956,134.20217895507812,873,hit,3.5448165157928115,17.459999999999717,161.95425973448147
2,197,407576,3.9488449096679688,1814,miss,7.816532373636516,36.28000000000007,-68.08431883111521
3,198,413520,119.93367004394531,980,hit,4.716408100780512,19.59999999999967,147.16985381561423
3,199,418600,8.060705184936523,2250,timeout,10.575314603896407,45.000000000001435,-69.2674237372139
3,200,418600,-5.871578216552734,2250,timeout,8.395622237784922,45.000000000001435,-76.46255964893263
3,201,418600,15.314879417419434,2250,timeout,8.410924464725579,45.000000000001435,-65.21040236415767
3,202,422520,-11.336238861083984,2250,timeout,7.116427765077581,45.000000000001435,-78.44379430003677
3,203,425292,106.5189208984375,1673,hit,3.796336672456419,33.45999999999963,146.14227211150956
3,204,426044,-3.1744041442871094,1861,miss,5.403618750767561,37.22000000000022,-70.66560091496726
3,205,427464,1.164419174194336,2216,miss,9.513682723547534,44.32000000000133,-59.75171312934204
3,206,430284,123.74620056152344,705,hit,3.590558661800512,14.099999999999788,151.01713186660692
3,207,431520,4.389383316040039,2250,timeout,20.814587264481872,45.000000000001435,-69.95085908346742
3,208,431588,17.652212142944336,1574,miss,6.49961423462389,31.479999999999418,-64.06115123899485
3,209,435044,-5.541816711425781,2250,timeout,8.426036450556964,45.000000000001435,-64.65254869571643
3,210,439284,-5.511281967163086,2250,timeout,5.348410448813992,45.000000000001435,-69.41214983233448
3,211,439456,113.63294982910156,1967,hit,4.337558574716838,39.34000000000055,138.7127710778377
3,212,440444,111.9138412475586,1350,hit,4.276979099820874,26.999999999999513,144.38237984338858
3,213,440520,-18.315425872802734,2250,timeout,20.308605412205548,45.000000000001435,-61.42744455623121
3,214,445636,125.23231506347656,1298,hit,3.7379958306081633,25.959999999999535,149.4617255341257
3,215,448204,-11.926780700683594,2230,miss,8.017525424790056,44.60000000000137,-79.05171026569796
3,216,448456,-6.257133483886719,2250,timeout,8.692112510110304,45.000000000001435,-68.27154957484035
3,217,448848,130.15219116210938,803,hit,3.796978329948196,16.059999999999746,153.28459582152658
3,218,449520,-17.93628692626953,2250,timeout,6.608003236947299,45.000000000001435,-73.9890737781034
3,219,453368,95.37931060791016,1291,hit,3.246050872923731,25.81999999999954,140.24935300219417
3,220,454660,129.99844360351562,1453,hit,4.560967263605876,29.05999999999947,150.9528810050217
3,221,457456,-11.413370132446289,2250,timeout,5.457216911789071,45.000000000001435,-63.73844480598507
3,222,458520,6.2529754638671875,2250,timeout,6.701508973364838,45.000000000001435,-67.99566098792378
3,223,460936,132.25244140625,870,hit,2.0378916521851145,17.399999999999718,160.58083547440552
3,224,462368,1.5171564817428589,2250,timeout,9.432361578983738,45.000000000001435,-61.829533792744705
3,225,463508,122.16805267333984,643,hit,3.9707263292699166,12.859999999999815,152.42710294868644
3,226,463660,8.554569244384766,2250,timeout,6.487492654113445,45.000000000001435,-68.97253429250313
3,227,466680,88.26373291015625,2040,hit,4.748931970350658,40.80000000000078,126.58975897384678
3,228,467204,132.19155883789062,924,hit,3.937998015424984,18.479999999999695,161.71547478577602
3,229,470136,127.27690887451172,864,hit,4.1522296714826785,17.27999999999972,150.72457632792378
3,230,471192,111.99359130859375,2206,hit,4.335832603943899,44.1200000000013,141.6050351561509
3,231,472660,-11.454235076904297,2250,timeout,11.789125307804067,45.000000000001435,-72.87983091628332
3,232,474036,108.69445037841797,1708,hit,4.693398637045956,34.15999999999974,146.97548236996855
3,233,476736,125.6087417602539,675,hit,1.802009084404216,13.499999999999801,153.00510484037957
3,234,479136,4.072237014770508,2250,timeout,5.73848558563161,45.000000000001435,-63.25517626168391
3,235,480036,132.72613525390625,825,hit,4.217213136359157,16.499999999999737,164.30547091088266
3,236,480192,-28.434364318847656,2250,timeout,5.296820240111307,45.000000000001435,-69.14120883504737
3,237,481660,-3.2806396484375,2250,timeout,7.141477965828098,45.000000000001435,-76.83714758927536
3,238,482256,127.759521484375,780,hit,3.176800551736501,15.599999999999756,156.72701383816698
3,239,483372,131.15289306640625,834,hit,3.6240054861538344,16.679999999999733,160.79860451151603
3,240,486600,127.26239013671875,807,hit,4.04941205885324,16.139999999999745,154.21958857305336
3,241,489192,-0.3307037353515625,2250,timeout,6.348346089623798,45.000000000001435,-61.66207587452886
3,242,490660,-6.870660781860352,2250,timeout,6.391175686590733,45.000000000001435,-74.72751967519727
3,243,491256,-6.96296501159668,2250,timeout,7.920929439970609,45.000000000001435,-71.90062427066124
3,244,494556,130.77508544921875,825,hit,4.606852503229453,16.499999999999737,156.9596416688216
3,245,495600,-23.14798355102539,2250,timeout,5.248516938969686,45.000000000001435,-76.57068531100506
3,246,498192,-5.146148681640625,2250,timeout,6.5139493860195765,45.000000000001435,-81.75152422562343
3,247,499660,-18.827442169189453,2250,timeout,21.709426671840415,45.000000000001435,-85.80277046706303
3,248,501820,130.91195678710938,1555,hit,3.5447285736837526,31.099999999999426,153.57427963410902
3,249,502692,130.66644287109375,758,hit,2.3722943610076945,15.159999999999766,153.76820558400522
3,250,503556,-12.146299362182617,2250,timeout,14.096442059000696,45.000000000001435,-78.52766226804572
3,251,505400,127.09951782226562,895,hit,3.621248393072713,17.899999999999707,147.0552033914777
3,252,507192,4.395679473876953,2250,timeout,8.525553208203482,45.000000000001435,-65.09930802427492
3,253,507516,131.36566162109375,1206,hit,4.867749537599005,24.119999999999575,155.83166247122546
3,254,512556,-6.549449920654297,2250,timeout,10.231336838725376,45.000000000001435,-84.32025378839043
3,255,514400,-4.261842727661133,2250,timeout,7.725872798474138,45.000000000001435,-82.83408128049918
3,256,514752,95.95399475097656,1890,hit,4.81030817857101,37.80000000000031,136.03009826622096
3,257,516516,-17.518028259277344,2250,timeout,15.47239612732719,45.000000000001435,-86.99168409961686
3,258,520128,125.7593002319336,1344,hit,4.335031800025231,26.879999999999516,149.0178002412855
3,259,521556,6.005334854125977,2250,timeout,28.859502609301916,45.000000000001435,-62.63838381514986
3,260,523212,3.240924835205078,2203,miss,13.316221358597115,44.06000000000129,-76.668149397505
3,261,524144,96.5621337890625,1907,hit,4.6229963230461815,38.14000000000036,129.38530773585643
3,262,527004,125.74144744873047,715,hit,4.547895121099955,14.299999999999784,150.14358624138592
3,263,529128,3.670029878616333,2250,timeout,13.368418965430163,45.000000000001435,-69.0900646948826
3,264,530556,-9.0338134765625,2250,timeout,8.538245507669405,45.000000000001435,-74.1498195398713
3,265,532212,-13.345148086547852,2250,timeout,5.626778542555745,45.000000000001435,-74.82261247968651
3,266,533896,132.5521697998047,835,hit,4.890886716405075,16.699999999999733,160.29282586077466
3,267,535616,134.080078125,851,hit,4.074103531796755,17.019999999999726,163.75689143278478
3,268,536004,-9.149044036865234,2250,timeout,13.464728404932687,45.000000000001435,-64.42588743932205
3,269,538128,-15.186908721923828,2250,timeout,8.637080073745356,45.000000000001435,-64.2526752853887
3,270,538584,129.50901794433594,742,hit,3.372209431519957,14.839999999999772,152.06082837596455
3,271,538832,121.48023986816406,707,hit,3.5956155796935065,14.139999999999787,152.6607960741402
3,272,541960,127.4509506225586,782,hit,3.785442939697028,15.639999999999755,156.23288630652723
3,273,542648,-33.90288543701172,2188,miss,11.819025053028863,43.76000000000124,-77.11956749174743
3,274,546588,111.09412384033203,985,hit,4.611281678364536,19.69999999999967,145.79763241773594
3,275,547128,-10.683897018432617,2250,timeout,9.426327188573424,45.000000000001435,-67.72711882119218
3,276,547584,-9.592815399169922,2250,timeout,13.716994545023326,45.000000000001435,-66.26534475596353
3,277,549968,128.54010009765625,710,hit,1.819511749157899,14.199999999999786,153.69996232637982
3,278,550960,-18.84113883972168,2250,timeout,13.944449180828896,45.000000000001435,-62.11622176514848
3,279,551556,127.42206573486328,1242,hit,3.661772946584148,24.83999999999956,154.4642864916537
3,280,552532,128.14312744140625,1237,hit,2.967564647526336,24.73999999999956,151.89039732108483
3,281,554984,131.8914337158203,857,hit,4.272126779736055,17.139999999999723,159.86019409280158
3,282,556396,22.457977294921875,1607,miss,215.31171732230376,32.139999999999425,-49.35592671069747
3,283,556744,131.20254516601562,1446,hit,4.564670201566093,28.919999999999472,154.34823251966958
3,284,561532,-25.028549194335938,2250,timeout,12.00084355259377,45.000000000001435,-68.83537005587563
3,285,563984,8.926887512207031,2250,timeout,8.245019368564481,45.000000000001435,-67.44626827696004
3,286,565396,-23.03162384033203,2250,timeout,6.063641256659359,45.000000000001435,-78.66700973267686
3,287,565744,-29.0358943939209,2250,timeout,11.218835411053995,45.000000000001435,-78.40655430686962
3,288,569340,129.79702758789062,899,hit,2.181437007673461,17.979999999999706,164.69008265045585
3,289,569776,128.78662109375,1095,hit,3.147070914882168,21.899999999999622,159.27485249864225
3,290,570208,-18.524005889892578,2169,miss,6.323511806701676,43.38000000000118,-65.87649374465215
3,291,572532,127.65654754638672,798,hit,4.244208068646632,15.959999999999749,156.40927548334363
3,292,572984,-29.038341522216797,2250,timeout,8.282034981699203,45.000000000001435,-73.76587815525143
3,293,573020,125.59850311279297,703,hit,2.5483759978287575,14.059999999999789,155.1986015592814
3,294,578776,-2.252358913421631,2250,timeout,17.099636473321187,45.000000000001435,-71.78993349314518
3,295,581532,-66.42345428466797,2250,timeout,15.687235767316128,45.000000000001435,-83.66824726964606
3,296,581876,127.09589385986328,775,hit,3.1287586553036815,15.499999999999758,156.23312933579453
3,297,581984,-3.0658531188964844,2250,timeout,6.17232288337311,45.000000000001435,-71.9540835644186
3,298,582020,-26.722976684570312,2250,timeout,7.0520378953681355,45.000000000001435,-67.98136161349353
3,299,585248,131.15684509277344,843,hit,3.713685204986748,16.85999999999973,159.1145774986331
3,300,588388,128.17837524414062,785,hit,3.3888040312575525,15.699999999999754,155.66407634879235
3,301,590532,-21.346508026123047,2250,timeout,13.296770211074136,45.000000000001435,-71.04146360821568
3,302,590984,-15.16958999633789,2250,timeout,6.024600428514707,45.000000000001435,-65.90234621976012
3,303,591020,-10.440757751464844,2250,timeout,6.53149127090203,45.000000000001435,-83.14219680868648
3,304,594100,131.28369140625,892,hit,3.981740236518337,17.83999999999971,164.19627320846922
3,305,594176,129.244384765625,789,hit,4.587713687095994,15.779999999999752,156.84029200285727
3,306,597388,-2.0026750564575195,2250,timeout,10.016841968932019,45.000000000001435,-75.46936609648046
3,307,599984,8.903214454650879,2250,timeout,6.55892629239472,45.000000000001435,-66.27024090320197
3,308,602096,-1.3472404479980469,1980,miss,6.6818539857038814,39.60000000000059,-74.19040905045253
3,309,603100,-17.826358795166016,2250,timeout,5.01101519946622,45.000000000001435,-74.43012234874833
3,310,605936,126.61481475830078,709,hit,3.3281697666172003,14.179999999999787,153.2137303549764
3,311,606388,-7.354660987854004,2250,timeout,7.772261809061182,45.000000000001435,-74.38011889328455
3,312,608984,-10.548099517822266,2250,timeout,12.48118832622763,45.000000000001435,-82.09083020526509
3,313,609908,133.99240112304688,880,hit,1.5033865490391638,17.599999999999714,163.57384075023765
3,314,611096,-27.150493621826172,2250,timeout,7.242923922264393,45.000000000001435,-68.33659696760036
3,315,614016,117.36900329589844,1027,hit,4.93178770392734,20.53999999999965,143.74986881209549
4,316,623292,-7.644733428955078,2223,miss,9.77377685655417,44.46000000000135,-79.86494759101875
4,317,623400,-15.544523239135742,2250,timeout,10.837144107485363,45.000000000001435,-75.80618697254434
4,318,623400,2.7551727294921875,2250,timeout,11.484673417543686,45.000000000001435,-73.77240350573756
4,319,623400,-27.45050048828125,2250,timeout,12.373720293721284,45.000000000001435,-76.27071391353225
4,320,626028,123.33207702636719,684,hit,1.8181109769871777,13.679999999999797,153.45269823820496
4,321,628300,127.13687133789062,1225,hit,3.661372441095624,24.499999999999567,160.33419717805222
4,322,632400,-28.03748321533203,2250,timeout,6.333032598907274,45.000000000001435,-75.93413806616425
4,323,632400,-13.020505905151367,2250,timeout,7.475911076642809,45.000000000001435,-75.0263723934136
4,324,635028,-46.50006103515625,2250,timeout,13.039541174261158,45.000000000001435,-69.51938606573856
4,325,637300,-45.7984733581543,2250,timeout,8.90254063865669,45.000000000001435,-82.37528077659405
4,326,641308,-31.873371124267578,2227,miss,7.4461264118662704,44.54000000000136,-72.52374506061139
4,327,641400,-13.044780731201172,2250,timeout,14.57057314338594,45.000000000001435,-81.68512451722927
4,328,643260,129.32589721679688,1490,hit,4.172611777854122,29.799999999999454,153.8522043288783
4,329,643884,-32.206871032714844,2214,miss,9.663331787902022,44.28000000000132,-83.61991492303225
4,330,647080,125.46247863769531,1420,hit,3.988027211030044,28.399999999999483,146.7353824389968
4,331,647236,11.302669525146484,1482,miss,677.0642633306253,29.639999999999457,-51.59787822644142
4,332,650244,130.05250549316406,791,hit,4.310640310269259,15.819999999999752,155.50287646818992
4,333,650652,134.32289123535156,854,hit,4.812824112111503,17.079999999999725,159.32076443136492
4,334,652260,-6.129467010498047,2250,timeout,8.877300179603935,45.000000000001435,-84.41778043046301
4,335,652884,-38.395748138427734,2250,timeout,9.886741973161467,45.000000000001435,-78.43616040113261
4,336,653732,134.16390991210938,872,hit,4.788875200073485,17.439999999999717,162.26220887036874
4,337,654420,134.68060302734375,942,hit,2.632106123408409,18.839999999999687,164.91602396671487
4,338,658112,129.83990478515625,1095,hit,4.239609564700042,21.899999999999622,160.08583680787567
4,339,660956,127.11023712158203,711,hit,2.8309467012167584,14.219999999999786,152.78567061372348
4,340,661260,-23.61337661743164,2250,timeout,9.604346139757876,45.000000000001435,-60.356116116233885
4,341,661884,-20.812082290649414,2250,timeout,6.597661497594965,45.000000000001435,-64.1666798201984
4,342,663420,-39.46241760253906,2250,timeout,12.20696975952663,45.000000000001435,-74.49998114602614
4,343,669052,-10.905373573303223,1792,miss,7.99648691867272,35.84,-70.69497459734951
4,344,669956,-30.69668197631836,2250,timeout,6.947594563189447,45.000000000001435,-65.77258981387482
4,345,670260,-26.39031982421875,2250,timeout,5.493441148918306,45.000000000001435,-66.67161008149496
4,346,672420,-42.753082275390625,2250,timeout,17.376393366831106,45.000000000001435,-77.79963264444146
4,347,674540,131.094970703125,1070,hit,4.222269269492636,21.399999999999633,155.39897350728222
4,348,675720,128.46511840820312,1441,hit,4.103835834678317,28.819999999999474,153.8716618842334
4,349,676332,135.32723999023438,978,hit,4.1290486705580856,19.559999999999672,163.1016601871691
4,350,678052,-7.944843292236328,2250,timeout,6.491083205208262,45.000000000001435,-78.6542715113076
4,351,678184,123.06009674072266,616,hit,3.4535424304705478,12.319999999999826,151.7809683589256
4,352,679500,128.77178955078125,1240,hit,3.5936580464658316,24.79999999999956,149.66354320260365
4,353,681040,128.50160217285156,714,hit,3.476991140516004,14.279999999999784,151.69540604522342
4,354,681768,129.94723510742188,929,hit,2.7813782457895924,18.579999999999693,166.12271970172077
4,355,682700,131.76573181152344,800,hit,1.6619854206132385,15.999999999999748,159.01535698821738
4,356,683804,121.81902313232422,691,hit,3.4178974287636303,13.819999999999794,151.95196625640378
4,357,684480,125.50042724609375,678,hit,4.480178171492161,13.5599999999998,152.65443572790852
4,358,685332,-21.520099639892578,2250,timeout,18.508846386633873,45.000000000001435,-82.03207787246335
4,359,691700,-27.216249465942383,2250,timeout,7.978711975098156,45.000000000001435,-70.06398904448682
4,360,692804,-27.999736785888672,2250,timeout,16.640519600624643,45.000000000001435,-70.13719026986317
4,361,693480,-65.4560546875,2250,timeout,15.754566606151778,45.000000000001435,-75.72235338516477
4,362,694332,-38.987876892089844,2250,timeout,10.696332520824276,45.000000000001435,-76.16336032332546
4,363,696196,131.40280151367188,848,hit,3.034081370673425,16.959999999999727,156.422751075541
4,364,698656,125.71923065185547,1081,hit,4.87857205340405,21.619999999999628,153.30640152834422
4,365,699472,-19.971324920654297,1943,miss,13.1639572997335,38.860000000000475,-71.36351948074504
4,366,702060,125.39817810058594,647,hit,3.3357189033025954,12.939999999999813,153.17092398966582
4,367,702480,-2.0969295501708984,2250,timeout,7.379013289961589,45.000000000001435,-69.16366470150983
4,368,704368,-3.522144317626953,2043,miss,5.454130373451468,40.86000000000079,-63.08430110657874
4,369,707656,0.15223312377929688,2250,timeout,7.649229346017554,45.000000000001435,-68.40111951559368
4,370,708036,123.18031311035156,1389,hit,4.918691893465796,27.779999999999497,151.93337269232012
4,371,710332,119.7094497680664,669,hit,3.178162850707969,13.379999999999804,153.26976466238
4,372,710836,124.6806640625,700,hit,4.021360999126484,13.99999999999979,155.16339093017913
4,373,711060,-48.48750686645508,2250,timeout,12.676763216958607,45.000000000001435,-79.2391323219889
4,374,713368,-43.21665573120117,2250,timeout,6.720022794109835,45.000000000001435,-83.36747378083017
4,375,713880,132.08340454101562,887,hit,2.804705840922707,17.73999999999971,161.5796292630179
4,376,714488,130.8457489013672,857,hit,2.19114111714137,17.139999999999723,157.29452314722954
4,377,717120,124.98365020751953,658,hit,3.5839161497001424,13.159999999999808,150.97780720017394
4,378,718044,0.4769134521484375,1802,miss,5.765994950347764,36.040000000000035,-70.52070777932911
4,379,720532,8.248176574707031,1663,miss,5.436667553801093,33.2599999999996,-63.0873520054306
4,380,722368,-43.475975036621094,2250,timeout,9.140411331835729,45.000000000001435,-80.20028728115403
4,381,724036,132.45689392089844,876,hit,3.8460111414948814,17.519999999999715,163.51934029336908
4,382,726120,-9.169246673583984,2250,timeout,6.739594444262174,45.000000000001435,-75.84024887290914
4,383,726944,129.0133056640625,727,hit,4.664754192383188,14.539999999999779,151.11460222852855
4,384,727044,1.4126337766647339,2250,timeout,13.617114015815055,45.000000000001435,-63.06211536066898
4,385,729676,123.79056549072266,683,hit,4.3766295122875585,13.659999999999798,151.10103479108741
4,386,731236,-20.011627197265625,2217,miss,5.373403216493256,44.34000000000133,-74.59808577173823
4,387,734572,117.53958129882812,834,hit,4.996240759591088,16.679999999999733,148.20009329992106
4,388,735120,-46.360164642333984,2250,timeout,15.990794811683882,45.000000000001435,-88.28987873473997
4,389,736044,-23.12782859802246,2250,timeout,9.935243441403955,45.000000000001435,-80.51004112683897
4,390,738676,-9.315311431884766,2250,timeout,6.521388219193046,45.000000000001435,-86.41936804320939
4,391,740048,118.84266662597656,1232,hit,4.974873546654696,24.639999999999564,145.713379595044
4,392,743536,-31.832298278808594,2241,miss,7.639964386698354,44.82000000000141,-85.39051753160508
4,393,743840,134.59832763671875,948,hit,2.7197961134785755,18.959999999999685,163.2811427880619
4,394,745044,-32.877017974853516,2250,timeout,5.289172321429821,45.000000000001435,-77.86132490120535
4,395,746380,125.23793029785156,711,hit,4.304906619690114,14.219999999999786,150.97314443384263
4,396,747416,104.0492172241211,2185,hit,4.478235742929375,43.70000000000123,137.56916514244614
4,397,749296,130.17323303222656,1063,hit,4.474329655071568,21.259999999999636,155.04925459853524
4,398,751580,129.68617248535156,1300,hit,3.6173269600472593,25.999999999999535,148.41153477022772
4,399,752840,1.8474884033203125,2250,timeout,10.284934247733675,45.000000000001435,-69.74505259044231
4,400,753564,120.7891616821289,1537,hit,4.313568903993079,30.739999999999434,151.5012992518264
4,401,755224,129.1686553955078,1482,hit,4.732712566239247,29.639999999999457,156.1070081112497
4,402,759484,98.65982055664062,1661,hit,1.2131146585215977,33.219999999999594,146.26256721761925
4,403,760580,-40.047080993652344,2250,timeout,12.095245521602832,45.000000000001435,-81.5294439833581
4,404,762492,-8.278491973876953,1817,miss,6.003386673187212,36.34000000000008,-65.7636886694201
4,405,762564,-36.079856872558594,2250,timeout,7.741227437858176,45.000000000001435,-81.15800676337268
4,406,762788,132.56736755371094,826,hit,4.307487927488891,16.519999999999737,160.30052037966678
4,407,765568,128.63885498046875,1247,hit,4.003772239770916,24.939999999999557,156.38007600639915
4,408,765952,131.48074340820312,791,hit,4.831525665817288,15.819999999999752,161.74554426395773
4,409,766196,131.58120727539062,908,hit,3.654265350650116,18.1599999999997,163.32575255724493
4,410,768876,129.5623321533203,827,hit,3.091035149993612,16.539999999999736,159.6505748337185
4,411,771492,-13.328908920288086,2250,timeout,6.666570092125994,45.000000000001435,-80.36312215307912
4,412,772340,129.78805541992188,1536,hit,3.827621641997343,30.719999999999434,154.94707149714526
4,413,774868,121.66827392578125,844,hit,4.523318697718623,16.87999999999973,151.48611195824842
4,414,774952,-19.971275329589844,2250,timeout,6.106391575645069,45.000000000001435,-71.95137241627728
4,415,777876,-8.08265495300293,2250,timeout,13.784441494321795,45.000000000001435,-70.40405844382923
4,416,778000,130.39927673339844,783,hit,2.775460734770964,15.659999999999755,158.54207039697738
4,417,781340,-36.94374465942383,2250,timeout,9.034819150901452,45.000000000001435,-79.2198936348249
4,418,782368,-12.422779083251953,1854,miss,8.435751322566924,37.0800000000002,-76.79113397740366
4,419,785960,132.76199340820312,1155,hit,4.634424288239544,23.099999999999596,159.849970609998
4,420,786700,-32.705665588378906,2206,miss,5.884334398176132,44.1200000000013,-72.23327771045423
4,421,787000,-12.57486343383789,2250,timeout,7.1831016619455275,45.000000000001435,-75.74079860016388
4,422,788828,127.43869018554688,717,hit,3.9613220737451793,14.339999999999783,152.25341823143737
4,423,791368,-50.725215911865234,2250,timeout,8.085487318064535,45.000000000001435,-82.62130353928181
4,424,793908,128.61956787109375,1270,hit,4.887525196093395,25.399999999999547,152.4809559481302
4,425,795700,-29.547286987304688,2250,timeout,10.136520692362001,45.000000000001435,-70.77393108848499
4,426,795740,84.5223617553711,2185,hit,4.928894290062514,43.70000000000123,120.49115954741559
4,427,799156,132.0940399169922,864,hit,3.651789008868433,17.27999999999972,157.65042652438237
4,428,799252,116.8022232055664,1336,hit,4.91137717767896,26.71999999999952,141.39900517588447
4,429,799924,130.54244995117188,1046,hit,4.354551138032299,20.919999999999643,154.0030940075123
4,430,800368,-34.57361602783203,2250,timeout,7.948438186564013,45.000000000001435,-69.59617123959009
4,431,804200,128.23922729492188,1261,hit,1.491679637722486,25.21999999999955,154.6340122378479
4,432,805788,21.706470489501953,1634,miss,379.03550711261903,32.67999999999951,-49.10869425377025
4,433,807144,130.1454620361328,736,hit,4.359547775639706,14.719999999999775,151.61412945176698
4,434,808644,122.68991088867188,714,hit,4.373460719009899,14.279999999999784,155.093933289151
4,435,808924,-24.19178009033203,2250,timeout,6.231308597626392,45.000000000001435,-76.62838071154516
4,436,809096,-26.76576042175293,2182,miss,5.603192150570041,43.64000000000122,-65.53848595934744
4,437,811184,115.99757385253906,1010,hit,4.306887482047035,20.19999999999966,149.3400373021857
4,438,811948,122.91900634765625,713,hit,3.640018672627745,14.259999999999785,156.50296073350646
4,439,814320,126.7210922241211,1419,hit,3.7124588612020912,28.379999999999484,148.517874021029
4,440,817924,-28.621530532836914,2250,timeout,8.237081750036392,45.000000000001435,-72.80069756864462
5,441,822184,129.44723510742188,746,hit,3.802342052622831,14.91999999999977,155.62399337364937
5,442,822392,130.372802734375,798,hit,3.5646208462301643,15.959999999999749,154.62999753635688
5,443,823860,123.22508239746094,1165,hit,3.2803427002135543,23.299999999999592,148.30531899599993
5,444,824844,126.1260757446289,665,hit,2.20735629850503,13.299999999999805,150.0852835834297
5,445,825116,124.80885314941406,681,hit,4.867177760287681,13.619999999999798,150.9538292346299
5,446,827656,122.00691223144531,703,hit,4.864879473608724,14.059999999999789,150.3760793906559
5,447,828200,-37.871482849121094,2250,timeout,19.021310175224787,45.000000000001435,-86.79126232355895
5,448,832776,131.36822509765625,1280,hit,3.9721343702656795,25.599999999999543,154.42333093142486
5,449,832860,-12.700397491455078,2250,timeout,13.090646230022,45.000000000001435,-65.46775870215922
5,450,834116,-19.471126556396484,2250,timeout,5.459007089656353,45.000000000001435,-69.51422244258944
5,451,835512,125.81110382080078,684,hit,3.775587249446321,13.679999999999797,149.6293505861065
5,452,836820,129.71304321289062,990,hit,4.908082111193282,19.799999999999667,156.27076424177375
5,453,837200,-56.827117919921875,2250,timeout,8.151226011101373,45.000000000001435,-83.14958487917713
5,454,838292,126.70986938476562,695,hit,4.663138555864511,13.899999999999793,154.05016083480285
5,455,840564,121.86915588378906,841,hit,4.939781405231468,16.81999999999973,151.14721280014527
5,456,840868,120.68342590332031,644,hit,1.878504813578929,12.879999999999814,152.21780362431485
5,457,843116,-56.00558853149414,2250,timeout,5.538197298813346,45.000000000001435,-78.05060602794774
5,458,843748,131.2734375,796,hit,2.548039465064963,15.91999999999975,156.897716211983
5,459,844068,132.59725952148438,800,hit,3.613640923990641,15.999999999999748,159.14666087433787
5,460,845820,-36.08371353149414,2250,timeout,5.450613766400563,45.000000000001435,-76.37634033974076
5,461,846620,124.3282470703125,718,hit,4.8095083150226525,14.359999999999783,152.1641988736995
5,462,846704,133.29901123046875,897,hit,4.851762635520646,17.939999999999706,164.22312859306342
5,463,847560,130.5286407470703,873,hit,4.865706084650635,17.459999999999717,161.3885290278278
5,464,850884,130.06414794921875,1066,hit,4.802821096980727,21.319999999999634,150.47129903228264
5,465,852600,127.06291198730469,1260,hit,2.9016600160489614,25.19999999999955,149.42669433553164
5,466,854116,132.25570678710938,808,hit,3.9008053700185275,16.159999999999744,162.19033765588887
5,467,854820,-56.37453079223633,2250,timeout,13.294590192024264,45.000000000001435,-88.19988035968142
5,468,855704,-63.428897857666016,2250,timeout,8.043439875045744,45.000000000001435,-76.44284641792277
5,469,857664,132.1802215576172,887,hit,3.7194920350420624,17.73999999999971,163.71528820707252
5,470,857900,121.09898376464844,1325,hit,4.042052840074518,26.499999999999524,142.1580581986127
5,471,858712,129.0017852783203,752,hit,3.6540095613176864,15.039999999999768,153.77055504410725
5,472,858932,124.97781372070312,1028,hit,2.9446742628243894,20.55999999999965,151.9311348540369
5,473,862860,123.78228759765625,1240,hit,4.998393501951922,24.79999999999956,152.2816496305795
5,474,864888,-15.6922607421875,1806,miss,5.8009534090345145,36.12000000000005,-66.62685907274522
5,475,865548,98.50565338134766,1709,hit,4.08027310772316,34.179999999999744,131.71416306885916
5,476,867932,-20.751087188720703,2250,timeout,19.358357600132123,45.000000000001435,-82.4656802053214
5,477,871860,2.980449676513672,2250,timeout,7.386935204480139,45.000000000001435,-78.8582514534821
5,478,873572,124.72669982910156,1410,hit,3.742863976344274,28.199999999999488,145.32400127803515
5,479,873800,-41.54711151123047,2228,miss,5.492260033671887,44.56000000000137,-74.24823534924607
5,480,874020,-12.042215347290039,2118,miss,8.575594862982609,42.36000000000102,-73.03104751778912
5,481,874680,121.02078247070312,705,hit,4.203571918729016,14.099999999999788,149.34009639020437
5,482,878708,115.98116302490234,1284,hit,3.6842268748029756,25.67999999999954,142.29104877499122
5,483,879252,130.20726013183594,1308,hit,3.737998292178135,26.15999999999953,153.2065006837319
5,484,882800,10.165800094604492,2250,timeout,6.880689291463189,45.000000000001435,-62.06104941684928
5,485,883680,-38.39275360107422,2250,timeout,6.193692787927103,45.000000000001435,-75.24286241254869
5,486,886096,-2.323345184326172,1847,miss,12.820895070687746,36.940000000000175,-72.29350158792873
5,487,887632,129.08602905273438,988,hit,3.7030784046598915,19.759999999999668,153.0074730033142
5,488,888252,-33.548397064208984,2250,timeout,8.565942036006055,45.000000000001435,-77.40476593934291
5,489,888868,133.66262817382812,1517,hit,4.67907304434482,30.339999999999442,156.29283509386542
5,490,888880,126.26329803466797,696,hit,4.540119057799538,13.919999999999792,152.83293569373342
5,491,891124,126.75530242919922,718,hit,4.683075777611905,14.359999999999783,152.89183780591878
5,492,892312,132.32192993164062,858,hit,4.360744242833983,17.159999999999723,158.9176665858132
5,493,893276,129.90188598632812,1102,hit,3.1392013787462085,22.03999999999962,151.5549442802371
5,494,896632,-22.59593963623047,2250,timeout,8.620321604648753,45.000000000001435,-65.17910577471062
5,495,897420,124.46360778808594,1277,hit,4.973110693354407,25.539999999999544,148.7152130986736
5,496,900124,-52.34931182861328,2250,timeout,7.517998143468476,45.000000000001435,-79.20160510555667
5,497,900264,122.29708862304688,711,hit,3.4447928592290284,14.219999999999786,149.58492112316026
5,498,902276,-13.33865737915039,2250,timeout,5.158176632184201,45.000000000001435,-83.01041854838114
5,499,903512,130.60092163085938,812,hit,3.9939599381582473,16.239999999999743,158.93788270914933
5,500,905632,-9.681907653808594,2250,timeout,5.825495144029447,45.000000000001435,-65.9435649987389
5,501,909124,-18.907642364501953,2250,timeout,34.53329146342629,45.000000000001435,-79.39644111125634
5,502,911276,-60.46772766113281,2250,timeout,6.573626726213041,45.000000000001435,-89.27226840749184
5,503,912512,-46.077632904052734,2250,timeout,7.785710475220186,45.000000000001435,-79.22485888341029
5,504,914632,-48.74047088623047,2250,timeout,6.740915324244135,45.000000000001435,-81.12915664860901
5,505,915900,133.9677276611328,847,hit,4.524036892067676,16.939999999999728,162.81508714204352
5,506,916156,119.80171966552734,1220,hit,4.754385107900904,24.39999999999957,141.86363246598145
5,507,918124,-49.844512939453125,2250,miss,8.599427303125974,45.000000000001435,-74.04690125986932
5,508,919052,128.16171264648438,724,hit,3.3485862049863426,14.47999999999978,156.4290839973358
5,509,919968,129.42550659179688,1017,hit,2.6322567718694287,20.339999999999655,152.35360902075672
5,510,921180,128.2750701904297,764,hit,4.770724946348281,15.279999999999763,155.36707698924673
5,511,921276,89.22708892822266,1661,hit,3.3940132248279187,33.219999999999594,135.88602271146289
5,512,924544,125.13217163085938,1144,hit,4.370395007587622,22.8799999999996,160.1167114000046
5,513,928052,-58.170955657958984,2250,timeout,12.347118332559479,45.000000000001435,-75.35448026145211
5,514,930116,130.12380981445312,1393,hit,3.5610485160676477,27.859999999999495,157.14376266357752
5,515,930180,-46.938106536865234,2250,timeout,13.022456983219119,45.000000000001435,-87.71944519598729
5,516,930276,-34.83308410644531,2250,timeout,12.428600484028044,45.000000000001435,-75.60380266769543
5,517,933480,134.8287353515625,841,hit,4.678779885027815,16.81999999999973,164.77992021116108
5,518,933668,134.73849487304688,848,hit,2.163389012057467,16.959999999999727,165.9098335723337
5,519,933716,125.4457015991211,1416,hit,4.3560196228775965,28.319999999999485,153.9718509172661
5,520,938756,132.87667846679688,1319,hit,4.400883422529496,26.379999999999526,156.95850784740577
5,521,939180,-27.25289535522461,2250,timeout,12.14012710210994,45.000000000001435,-84.09264436881897
5,522,942668,-31.546018600463867,2250,timeout,21.988566128493712,45.000000000001435,-77.86869809950869
5,523,942716,-33.27717971801758,2250,timeout,14.527228450282664,45.000000000001435,-68.00823194105067
5,524,944952,126.81369018554688,1443,hit,4.837465608679142,28.859999999999474,157.69208264713674
5,525,946396,129.02801513671875,920,hit,4.875690981353238,18.399999999999697,160.38337398239526
5,526,947756,-48.01700973510742,2250,timeout,12.238307845425906,45.000000000001435,-85.75353269831312
5,527,948944,120.10635375976562,637,hit,4.834828099829637,12.739999999999817,151.23716288811883
5,528,951616,102.40296936035156,1666,hit,4.207068266924119,33.31999999999961,135.28562078438668
5,529,951668,8.547281265258789,2250,timeout,10.42766355523091,45.000000000001435,-74.17693317869585
5,530,952808,131.93185424804688,966,hit,3.853996673796724,19.319999999999677,163.28675274831582
5,531,952948,132.74276733398438,1298,hit,4.648074420877852,25.959999999999535,154.76524996487205
5,532,956460,131.65371704101562,913,hit,1.8834763694189922,18.2599999999997,163.5663993032241
5,533,960616,-53.52439880371094,2250,timeout,13.094627636409802,45.000000000001435,-85.54759568358237
5,534,960668,-11.226325988769531,2250,timeout,6.551068336890185,45.000000000001435,-79.57650637415823
5,535,961948,-6.166019439697266,2250,timeout,9.971488679112413,45.000000000001435,-68.91259521904688
5,536,962028,128.0137176513672,1392,hit,4.349223046489782,27.839999999999495,157.05029308517226
5,537,963960,132.99008178710938,836,hit,3.9149294746928778,16.719999999999732,155.48276318298355
5,538,964200,134.30819702148438,883,hit,4.19016351468406,17.659999999999712,161.56618858586023
5,539,965672,121.83905029296875,911,hit,4.133797789682795,18.2199999999997,147.29284726112178
5,540,967280,132.49485778808594,830,hit,4.582323087524869,16.599999999999735,155.60680861839768
5,541,967416,115.60050964355469,1367,hit,4.332498079311803,27.339999999999506,139.57857764593368
5,542,967520,132.5606689453125,830,hit,2.9585202116034464,16.599999999999735,160.7108485370734
5,543,970500,126.07098388671875,1207,hit,3.869544899241641,24.139999999999574,146.5716880428235
5,544,973840,131.41522216796875,835,hit,3.99956637236876,16.699999999999733,156.05269920346382
5,545,976280,-40.44745635986328,2250,timeout,5.119317683083576,45.000000000001435,-77.94445744551642
5,546,976416,-8.210884094238281,2250,timeout,5.8033273687015905,45.000000000001435,-75.97301969611968
5,547,976476,-13.917572021484375,2239,miss,16.240585565803727,44.7800000000014,-71.49084844464093
5,548,976760,129.3865966796875,730,hit,1.995925251125387,14.599999999999778,155.30522059833766
5,549,979432,122.92634582519531,668,hit,2.0818599786923264,13.359999999999804,151.74150197984653
5,550,980068,134.20175170898438,898,hit,4.918959980530078,17.959999999999706,161.6689541950797
5,551,980468,136.7799530029297,1013,hit,2.677318590228864,20.259999999999657,165.29687584388557
5,552,980660,132.17864990234375,1095,hit,4.7642665853029715,21.899999999999622,158.64511001668893
5,553,982032,124.29922485351562,650,hit,3.7287034661161456,12.999999999999812,152.6438971148218
5,554,984852,127.3789291381836,1196,hit,4.641283714163199,23.91999999999958,156.26862794025868
5,555,985444,130.5956268310547,853,hit,4.599082144163632,17.059999999999725,160.36601386732582
5,556,988532,95.52084350585938,2016,hit,4.74521674598481,40.320000000000704,132.16522425757262
5,557,988612,132.93731689453125,792,hit,4.699063821215027,15.839999999999751,159.5863013254918
5,558,989660,1.4805641174316406,2250,timeout,9.69780222738798,45.000000000001435,-69.44734120792921
5,559,989988,129.8730926513672,1284,hit,3.149183630794583,25.67999999999954,151.58291141027078
5,560,994196,129.04652404785156,1052,hit,4.750518124903486,21.03999999999964,150.96665557066007
5,561,994288,122.32041931152344,1157,hit,3.384997385388192,23.139999999999596,144.75225145658277
5,562,997532,-19.030193328857422,2250,timeout,5.637145690763073,45.000000000001435,-69.27315532246396
5,563,997612,-34.90739059448242,2250,timeout,12.57965767694686,45.000000000001435,-82.00016141417615
5,564,999280,131.23597717285156,1271,hit,3.974054366746238,25.419999999999547,159.24994805584944
5,565,999900,132.55563354492188,1403,hit,2.85638022791693,28.05999999999949,153.93063351381426
5,566,1001192,133.91656494140625,895,hit,4.924055674206881,17.899999999999707,162.3749639322998
5,567,1003004,134.57498168945312,931,hit,2.4402036130959597,18.619999999999692,163.21114409883415
5,568,1003752,127.55915832519531,963,hit,3.684405388771865,19.25999999999968,148.61421379285824
5,569,1006532,0.5332984924316406,2250,timeout,6.530006218367712,45.000000000001435,-83.09912838441166
5,570,1008508,133.99282836914062,1376,hit,2.462384009852594,27.519999999999502,156.50953360408158
5,571,1009912,133.30340576171875,845,hit,4.671890525427541,16.89999999999973,161.3928980909559
5,572,1010192,-47.17547607421875,2250,timeout,6.457298230772186,45.000000000001435,-88.61504648830916
5,573,1012752,-9.26833724975586,2250,timeout,14.925942733342339,45.000000000001435,-76.1059797165272
5,574,1013060,128.4730682373047,717,hit,2.4315735369458205,14.339999999999783,151.1544391837839
5,575,1016248,-7.550220489501953,1935,miss,17.502001957692272,38.70000000000045,-74.26333280786965
5,576,1017572,93.32823944091797,1915,hit,2.847290426082599,38.30000000000039,131.68959677561963
5,577,1019928,135.02670288085938,920,hit,4.53256652115081,18.399999999999697,164.91712413657845
5,578,1020696,131.70748901367188,781,hit,2.11655598042703,15.619999999999756,154.53375197580863
5,579,1021376,-15.741414070129395,2079,miss,6.3225459659732275,41.5800000000009,-72.89161085731227
5,580,1021752,-28.749732971191406,2250,timeout,5.78108015013966,45.000000000001435,-68.66144585637483
6,581,1026516,122.80242919921875,629,hit,2.863334444957423,12.57999999999982,150.75320982878347
6,582,1028444,126.43899536132812,1111,hit,4.6385684567828624,22.219999999999615,144.47621470278474
6,583,1029952,133.407470703125,859,hit,2.775794417935847,17.179999999999723,161.7318665698675
6,584,1031400,-5.96571159362793,1850,miss,5.500578501491555,37.000000000000185,-78.48362581540809
6,585,1031668,133.2664031982422,806,hit,2.1391271410935944,16.119999999999745,154.2116463244649
6,586,1033000,-16.138687133789062,2250,timeout,5.995732960504987,45.000000000001435,-82.50667078773303
6,587,1033492,129.7481231689453,885,hit,3.5896868646120517,17.69999999999971,151.24927369844914
6,588,1035408,134.91998291015625,935,hit,4.401961096390503,18.69999999999969,165.43302469560496
6,589,1036012,131.1054229736328,753,hit,1.2341764546814797,15.059999999999768,154.5245279020498
6,590,1037144,130.3359832763672,1436,hit,4.457230319358261,28.719999999999477,154.11117344368898
6,591,1039040,125.97838592529297,908,hit,2.73231262177208,18.1599999999997,146.07228356921001
6,592,1040684,126.52731323242188,1168,hit,3.6007735339804143,23.35999999999959,152.8907726390488
6,593,1040888,-11.789390563964844,1849,miss,5.835153833590806,36.98000000000018,-69.61373862197162
6,594,1042368,134.18603515625,832,hit,4.024760597050326,16.639999999999734,157.8598450407491
6,595,1043940,132.98765563964844,814,hit,1.651571241560901,16.279999999999742,155.7035899720101
6,596,1045352,89.748779296875,2052,hit,4.843878682808419,41.040000000000816,127.80496023771502
6,597,1045664,128.44015502929688,824,hit,4.461352501750604,16.479999999999738,157.83363069258525
6,598,1046716,130.67889404296875,1457,hit,4.440178816600451,29.139999999999468,153.35646429480425
6,599,1049140,133.46575927734375,869,hit,4.103801595315139,17.37999999999972,162.74380580774357
6,600,1050688,132.05636596679688,1687,hit,2.4656828165696925,33.739999999999675,154.33090750849732
6,601,1052596,127.70733642578125,864,hit,4.067740652210405,17.27999999999972,152.5610362006619
6,602,1053520,26.2236270904541,1701,miss,144.59952560838963,34.01999999999972,-47.2198051224209
6,603,1054220,131.65353393554688,883,hit,2.4907202721259787,17.659999999999712,161.60209221314315
6,604,1054352,-42.42939758300781,2250,timeout,11.866154770588848,45.000000000001435,-92.34136694552691
6,605,1057200,128.08343505859375,745,hit,3.0248698976304658,14.899999999999771,154.73845875375488
6,606,1059992,126.08556365966797,698,hit,4.320336164279362,13.959999999999791,150.49274103476978
6,607,1060376,129.19725036621094,1506,hit,3.0987369304665298,30.119999999999447,155.93339022462146
6,608,1061596,-0.5322551727294922,2250,timeout,8.739643784434046,45.000000000001435,-70.62736911008965
6,609,1062312,71.39607238769531,2198,hit,4.521945484247889,43.96000000000127,136.86948251035872
6,610,1062768,128.30638122558594,694,hit,2.7176352615342654,13.879999999999793,153.58346724768268
6,611,1063696,131.0462646484375,830,hit,2.8291066365217876,16.599999999999735,155.87229573430935
6,612,1065624,128.00782775878906,714,hit,4.457385483180095,14.279999999999784,156.26879500061298
6,613,1070596,14.18350601196289,2250,timeout,12.18639232297789,45.000000000001435,-66.36593990930183
6,614,1071060,127.94970703125,1359,hit,3.4607970648861164,27.17999999999951,156.9913020934685
6,615,1071312,-19.02355194091797,2250,timeout,5.612845147747557,45.000000000001435,-74.7545773593226
6,616,1072696,-29.254188537597656,2250,timeout,14.39435881721728,45.000000000001435,-87.55822438077158
6,617,1074008,135.6437530517578,853,hit,0.715575607207173,17.059999999999725,159.57008266326784
6,618,1074216,132.10073852539062,789,hit,4.781666524076881,15.779999999999752,160.55430190295448
6,619,1074236,131.651123046875,731,hit,3.551845503848389,14.619999999999777,153.40990883584675
6,620,1077260,124.78388214111328,1141,hit,4.280885924418923,22.819999999999602,147.9891252725007
6,621,1077636,134.38418579101562,907,hit,2.0142977155050557,18.139999999999702,163.8800431207527
6,622,1078976,130.87974548339844,1190,hit,2.9254557970296786,23.79999999999958,154.29738348489911
6,623,1080596,127.81770324707031,740,hit,4.04194270592856,14.799999999999773,151.1353315894174
6,624,1080860,132.05596923828125,900,hit,4.743037942908662,17.999999999999705,164.34825325958002
6,625,1082412,131.44882202148438,859,hit,2.424177872811503,17.179999999999723,157.65650754523244
6,626,1083236,-21.26682472229004,2250,timeout,16.624367628145333,45.000000000001435,-65.55951467538813
6,627,1084972,125.73091125488281,1094,hit,4.240870173150214,21.879999999999622,147.40743380919398
6,628,1086064,125.47216033935547,1301,hit,4.1691537264778695,26.019999999999534,147.87821559010774
6,629,1086616,126.38899230957031,845,hit,4.151749164037274,16.89999999999973,154.8088123438418
6,630,1088436,135.07012939453125,866,hit,2.4200677145017915,17.31999999999972,163.46463549967902
6,631,1089032,129.23446655273438,742,hit,1.6874606331110642,14.839999999999772,158.81916898585274
6,632,1089856,126.25294494628906,810,hit,4.939024246122748,16.199999999999743,151.64748461481796
6,633,1091300,129.39996337890625,716,hit,2.7424315330146265,14.319999999999784,153.65955259343042
6,634,1091412,-66.21876525878906,2250,timeout,15.6620182370502,45.000000000001435,-76.96368348454396
6,635,1094856,129.16050720214844,861,hit,4.978861881249374,17.21999999999972,156.26728619816953
6,636,1095188,135.94378662109375,972,hit,4.704697552746001,19.439999999999674,165.9376557936868
6,637,1097444,-16.401702880859375,1897,miss,5.561413736415886,37.94000000000033,-78.0579277683421
6,638,1098032,-38.105621337890625,2250,timeout,8.556628957915422,45.000000000001435,-79.37200708809107
6,639,1098048,131.99298095703125,798,hit,4.861593186127485,15.959999999999749,163.0995425677619
6,640,1098696,130.5912322998047,877,hit,4.6211063267973795,17.539999999999715,159.74773483853235
6,641,1101032,126.98505401611328,750,hit,3.448265496199244,14.999999999999769,154.86300859961906
6,642,1101740,132.1922149658203,761,hit,3.2285899433188745,15.219999999999764,158.43938493969915
6,643,1102660,131.46395874023438,1153,hit,3.140055579797742,23.059999999999597,153.95776682086296
6,644,1105692,133.7193603515625,988,hit,2.9705131749352436,19.759999999999668,165.5416057979341
6,645,1106444,-13.378360748291016,2250,timeout,8.624243644845215,45.000000000001435,-82.21391158878336
6,646,1108228,121.3775634765625,634,hit,0.8108594209026416,12.679999999999819,150.46582340115916
6,647,1109328,128.79327392578125,721,hit,4.390371457574214,14.419999999999781,153.7434414256447
6,648,1110032,-51.59877014160156,2250,timeout,11.10890379003849,45.000000000001435,-85.40533660762053
6,649,1111416,133.05398559570312,797,hit,0.4565239820551978,15.939999999999749,158.06541420772393
6,650,1111660,12.443869590759277,2250,timeout,12.34096088295699,45.000000000001435,-66.01080073676205
6,651,1115508,125.28343200683594,1369,hit,4.06595174325512,27.379999999999505,149.74067855938566
6,652,1117116,127.2234878540039,1364,hit,4.411772653902725,27.279999999999507,155.86738788457268
6,653,1118328,-22.782745361328125,2250,timeout,6.559580987052256,45.000000000001435,-85.70702291850932
6,654,1120416,-4.203960418701172,2250,timeout,8.809400807736033,45.000000000001435,-75.77617805798673
6,655,1122072,134.6519012451172,936,hit,2.701566565861962,18.71999999999969,163.59829448653198
6,656,1123796,134.02529907226562,845,hit,4.5019144680530525,16.89999999999973,164.4933919908102
6,657,1124508,-50.3093376159668,2250,timeout,5.8286323225643,45.000000000001435,-80.66734413888265
6,658,1126116,-14.279563903808594,2250,timeout,6.842720065577538,45.000000000001435,-73.5020543561529
6,659,1128012,132.19921875,1485,hit,4.113270630491892,29.699999999999456,152.78574036637258
6,660,1128484,130.440673828125,1172,hit,3.280423115778072,23.43999999999959,153.07884889445077
6,661,1128492,135.41702270507812,996,hit,4.413045401362185,19.919999999999664,163.4742798391557
6,662,1131080,119.84520721435547,649,hit,3.3050886610687056,12.979999999999812,152.90395282411916
6,663,1131684,130.46470642089844,798,hit,3.1181302747601483,15.959999999999749,152.6280666010312
6,664,1131724,136.67446899414062,928,hit,3.1415598909668425,18.559999999999693,165.0858372986029
6,665,1134620,132.03082275390625,885,hit,4.536400913816678,17.69999999999971,161.95989567915913
6,666,1135116,-38.25935745239258,2250,timeout,5.782803778728358,45.000000000001435,-91.34075790443853
6,667,1135376,128.78500366210938,923,hit,3.24536551197167,18.459999999999695,151.38816071490888
6,668,1138144,120.86174774169922,881,hit,4.7355643307641015,17.619999999999713,147.62446329460565
6,669,1138448,131.43692016601562,833,hit,2.5867412175164755,16.659999999999734,163.98337441181354
6,670,1139240,-2.8730926513671875,1879,miss,8.105746078441225,37.580000000000275,-56.85173470457465
6,671,1140044,128.87887573242188,1167,hit,4.5372456228591,23.33999999999959,150.59476178651994
6,672,1141240,126.691650390625,698,hit,3.9350865916565674,13.959999999999791,155.7298918933986
6,673,1142552,128.78802490234375,1102,hit,3.1328197830241176,22.03999999999962,145.50404122937454
6,674,1143056,135.4193115234375,954,hit,4.257702975274395,19.079999999999682,161.71240561576957
6,675,1143372,133.7348175048828,832,hit,4.022666723978937,16.639999999999734,159.92903774219627
6,676,1145360,123.47195434570312,1030,hit,2.0230035130574255,20.59999999999965,149.99607763818742
6,677,1147912,132.37120056152344,1340,hit,2.895838474745438,26.799999999999518,152.1708268697208
6,678,1149948,130.86915588378906,1147,hit,1.8519890451192682,22.9399999999996,160.25775588923685
6,679,1151796,134.12564086914062,971,hit,4.242360794654502,19.419999999999675,163.31512723716978
6,680,1152056,-9.028718948364258,2250,timeout,6.165704742131789,45.000000000001435,-73.46187953269006
6,681,1152372,-35.45899200439453,2250,timeout,5.348759764532084,45.000000000001435,-96.26639549249096
6,682,1154676,124.06834411621094,1182,hit,4.734978867041588,23.639999999999585,143.5953446739705
6,683,1154848,125.61148071289062,698,hit,1.4398228460878613,13.959999999999791,152.18488647577433
6,684,1156412,129.72850036621094,1154,hit,3.5855275027093736,23.079999999999597,153.94750250546647
6,685,1157792,129.26731872558594,736,hit,1.5931526984652273,14.719999999999775,158.67647201900152
6,686,1158404,132.2169189453125,932,hit,4.936230713453859,18.63999999999969,161.90310826280964
6,687,1158760,131.76071166992188,1597,hit,3.62745940382657,31.939999999999408,153.31330679642244
6,688,1161716,127.34806823730469,981,hit,3.590628333984854,19.61999999999967,153.80181463201745
6,689,1161792,126.11997985839844,847,hit,3.9088967449667202,16.939999999999728,148.43438097238374
6,690,1162664,127.51657104492188,1563,hit,3.185902348923003,31.259999999999422,146.2151697924878
6,691,1163644,125.47288513183594,1221,hit,4.9310431171596205,24.41999999999957,150.7469145409167
6,692,1165144,134.74716186523438,838,hit,1.6774782096904515,16.75999999999973,164.1858104093797
6,693,1165592,135.98995971679688,969,hit,3.11065640843723,19.379999999999676,164.88333980666357
6,694,1166208,133.86672973632812,886,hit,3.9220740044322016,17.71999999999971,166.9198023968431
6,695,1167336,134.80673217773438,923,hit,4.423472705833248,18.459999999999695,163.33402570959947
6,696,1168684,131.19744873046875,773,hit,2.081555892534851,15.45999999999976,156.9428837790358
6,697,1169648,125.85301971435547,860,hit,3.0793726824378913,17.199999999999722,147.22240046043117
6,698,1170200,128.61654663085938,716,hit,4.1894248153378,14.319999999999784,154.41112974621183
6,699,1171336,122.943359375,663,hit,4.299513606369161,13.259999999999806,151.08081037462858
6,700,1172812,118.41801452636719,653,hit,2.268403379455138,13.05999999999981,152.93148331466324
6,701,1172912,131.61549377441406,816,hit,2.2947472167528358,16.31999999999974,164.0621376503131
6,702,1173992,-38.285743713378906,2212,miss,6.132033384572386,44.24000000000132,-96.85592065968022
6,703,1176428,95.9814682006836,1273,hit,1.0611496874700235,25.459999999999546,144.96738007212195
6,704,1176552,133.8866424560547,910,hit,1.5853349886214334,18.1999999999997,160.71567998573772
6,705,1176688,135.65869140625,969,hit,3.254014148648105,19.379999999999676,164.80317772045038
6,706,1179896,133.553955078125,867,hit,1.163037479862341,17.33999999999972,159.29878810246765
6,707,1180824,130.78758239746094,1034,hit,4.873196852210071,20.679999999999648,156.8463994780734
6,708,1181316,123.05850219726562,1831,hit,4.835760985951228,36.620000000000125,144.16392929491184
6,709,1184980,130.72079467773438,1271,hit,2.0406572531038956,25.419999999999547,157.4225539322411
6,710,1185552,-35.878082275390625,2250,timeout,7.900396163413665,45.000000000001435,-83.17594644514918
6,711,1188276,123.13906860351562,681,hit,4.54236398560538,13.619999999999798,153.12163561108244
6,712,1188312,133.09376525878906,833,hit,1.12680993702681,16.659999999999734,163.40302441899405
6,713,1188580,-9.347612380981445,1939,miss,7.300432372580763,38.78000000000046,-66.6640992538828
6,714,1190316,-49.054107666015625,2250,timeout,9.311013633205883,45.000000000001435,-100.91170589635392
6,715,1191168,126.81724548339844,714,hit,4.277694459318083,14.279999999999784,152.64054296415924
6,716,1193624,131.72897338867188,827,hit,4.8056630896991965,16.539999999999736,160.4301502512591
6,717,1194264,129.75135803222656,1497,hit,3.40305866208033,29.93999999999945,152.1107921529907
6,718,1194556,131.59121704101562,847,hit,3.9516398976452742,16.939999999999728,161.98654602670223
6,719,1197276,123.51811218261719,680,hit,4.8983364668814735,13.599999999999799,152.95803854775988
6,720,1197580,-32.74385070800781,2250,timeout,6.5995142509548135,45.000000000001435,-85.43240599193123
6,721,1198768,124.13191223144531,1286,hit,2.6830130684336093,25.71999999999954,146.52967206441588
6,722,1200288,124.12677001953125,677,hit,2.5677132992069325,13.5399999999998,153.13588114929797
6,723,1200700,134.13836669921875,856,hit,4.272319637306527,17.119999999999724,160.4856982727794
6,724,1203264,-42.11774444580078,2250,timeout,5.010203909550049,45.000000000001435,-76.79718177849092
6,725,1204588,134.25918579101562,1075,hit,4.345759635604011,21.49999999999963,159.39819241225925
6,726,1205428,129.20535278320312,1182,hit,3.35573341952896,23.639999999999585,157.48917502265536
6,727,1207768,-35.14342498779297,2250,timeout,7.974673878196571,45.000000000001435,-75.60547605455638
6,728,1210308,127.85179138183594,1220,hit,3.908001385407181,24.39999999999957,153.5973175104794
6,729,1210356,125.98039245605469,647,hit,2.3296612287392287,12.939999999999813,153.299313077467
6,730,1212264,1.921234130859375,2250,timeout,5.247147676959149,45.000000000001435,-75.43455407476108
6,731,1213560,125.77835845947266,813,hit,2.7061975197189363,16.259999999999742,160.42580879844752
6,732,1213588,-45.54011535644531,2250,timeout,9.025852283207694,45.000000000001435,-100.88573416075494
6,733,1215124,125.315673828125,715,hit,4.717974860662478,14.299999999999784,156.40532016522764
6,734,1216228,122.01306915283203,667,hit,4.658143792892154,13.339999999999804,153.58396042133342
6,735,1216460,124.75514221191406,1526,hit,4.668309174946057,30.51999999999944,144.11352440730255
6,736,1217308,117.85711669921875,930,hit,2.2432434349937895,18.599999999999692,146.8827829496713
6,737,1218044,126.61805725097656,730,hit,4.401195292101419,14.599999999999778,153.46993045893498
6,738,1221948,137.46873474121094,976,hit,1.8149892947009465,19.519999999999673,166.22991379196455
6,739,1222040,135.195068359375,1395,hit,3.3863495867454034,27.899999999999494,158.24372893725254
6,740,1224732,123.62698364257812,673,hit,4.444062731403007,13.459999999999802,155.6225645540438
6,741,1225228,-53.64073181152344,2250,timeout,12.388256165089405,45.000000000001435,-86.20393996698917
6,742,1225344,129.80288696289062,849,hit,3.771725494504508,16.979999999999727,152.37074695399434
6,743,1226308,-15.215896606445312,2250,timeout,5.723499683465277,45.000000000001435,-75.82062044999637
6,744,1227744,123.96798706054688,629,hit,1.3075287434038145,12.57999999999982,152.40802342489587
7,745,1232464,158.07432556152344,916,hit,3.8189624960940427,18.3199999999997,170.10935649779128
7,746,1233400,183.29115295410156,1150,hit,3.155640490939799,22.9999999999996,164.8345645525156
7,747,1234328,161.89549255371094,1382,hit,4.072829490515411,27.6399999999995,155.94457996625138
7,748,1235736,182.97467041015625,818,hit,1.1552606295488463,16.35999999999974,164.4950259319815
7,749,1237456,151.8477783203125,782,hit,4.43714960921173,15.639999999999755,163.84075846392213
7,750,1237800,5.985940933227539,2250,timeout,6.980738915165853,45.000000000001435,-80.50769766819225
7,751,1238384,154.74099731445312,1246,hit,4.5935944648904625,24.919999999999558,164.43182584969338
7,752,1238692,159.98342895507812,739,hit,4.261963135263103,14.779999999999774,161.72076407878188
7,753,1242732,175.41445922851562,1233,hit,3.9074576168394946,24.659999999999563,162.84082889839613
7,754,1242904,152.525146484375,1053,hit,4.323560308348335,21.05999999999964,154.59197646158066
7,755,1243324,167.40093994140625,1235,hit,3.088012064526758,24.699999999999562,162.21331139672708
7,756,1244444,178.3896026611328,1747,hit,3.236400361287538,34.93999999999986,164.7933421280872
7,757,1247988,162.87652587890625,886,hit,3.311978738252316,17.71999999999971,159.94482880814962
7,758,1248280,151.19036865234375,1344,hit,3.8323294527291982,26.879999999999516,154.59203912155488
7,759,1248984,166.20852661132812,1415,hit,3.2633976551942103,28.299999999999486,158.25244820717666
7,760,1251168,166.67259216308594,795,hit,4.648953680159037,15.89999999999975,159.87728711302444
7,761,1251732,-37.42177200317383,2250,timeout,6.860883956507492,45.000000000001435,-71.19643646062158
7,762,1251860,160.7198028564453,895,hit,3.7116496054631303,17.899999999999707,173.58258942049713
7,763,1253888,167.09991455078125,1226,hit,4.683689908718841,24.519999999999566,169.1422204101258
7,764,1254816,168.82003784179688,739,hit,2.709304246977791,14.779999999999774,161.5002848588818
7,765,1254940,169.30567932128906,943,hit,3.3936696367771497,18.859999999999687,155.6784973669949
7,766,1255520,167.133056640625,947,hit,2.6973602542333404,18.939999999999685,171.76730476327884
7,767,1257548,159.99267578125,683,hit,4.861834766834403,13.659999999999798,161.60729134206696
7,768,1258004,158.05865478515625,766,hit,3.655428579576833,15.319999999999762,161.7525002136556
7,769,1259236,160.10421752929688,929,hit,4.365852341530463,18.579999999999693,172.82586889502082
7,770,1260016,167.9635009765625,1532,hit,4.727457667641849,30.639999999999436,160.81084712410927
7,771,1261292,149.97555541992188,822,hit,4.7775356098203865,16.43999999999974,164.72559865263253
7,772,1261388,145.3104705810547,960,hit,4.966462442278845,19.19999999999968,157.9404418225039
7,773,1262224,149.31558227539062,747,hit,4.419097383841263,14.93999999999977,163.51093019491037
7,774,1263760,177.5453643798828,936,hit,2.3430307982501652,18.71999999999969,173.66781550609807
7,775,1264260,147.33848571777344,742,hit,4.4420795188005515,14.839999999999772,154.49153654606314
7,776,1265292,160.3642578125,976,hit,2.9675182697741893,19.519999999999673,167.58825742462466
7,777,1267044,179.43429565429688,696,hit,3.14903205816943,13.919999999999792,156.15423118575492
7,778,1267112,168.27757263183594,838,hit,2.975903323260479,16.75999999999973,164.17889088364612
7,779,1270556,182.246337890625,878,hit,0.8536553433232686,17.559999999999715,174.53787974322864
7,780,1270800,158.73220825195312,922,hit,3.219050381670627,18.439999999999696,170.37714602092666
7,781,1271224,-23.342872619628906,2250,timeout,7.489723025645282,45.000000000001435,-73.77552046970573
7,782,1273856,163.78573608398438,825,hit,2.411532398452977,16.499999999999737,164.10727301406192
7,783,1273988,170.28546142578125,797,hit,1.8596380294182402,15.939999999999749,163.40642621262663
7,784,1274252,-24.923023223876953,2240,miss,5.07064288425192,44.800000000001404,-71.4713553530775
7,785,1274456,170.96176147460938,808,hit,2.1722339480452852,16.159999999999744,166.02574514290035
7,786,1278040,166.634765625,1046,hit,2.538933839714121,20.919999999999643,156.67101142388668
7,787,1278804,155.85772705078125,1204,hit,3.312116304569578,24.079999999999576,158.49974868045177
7,788,1280360,176.05648803710938,1476,hit,4.315182909473604,29.51999999999946,165.43260138512923
7,789,1281640,160.0668487548828,900,hit,4.775545618382777,17.999999999999705,168.8952264388259
7,790,1283252,16.466461181640625,2250,timeout,5.05994467537839,45.000000000001435,-67.48214736116718
7,791,1283332,163.4833984375,743,hit,2.2960020051358465,14.859999999999772,157.21081787880058
7,792,1283884,156.12770080566406,1270,hit,4.097962685613747,25.399999999999547,172.00416032977677
7,793,1285888,179.70989990234375,1062,hit,4.061396836175089,21.239999999999636,169.1857221120442
7,794,1286064,169.35150146484375,703,hit,2.2800198221274135,14.059999999999789,161.56097882353072
7,795,1286348,178.123046875,754,hit,1.7433261374578573,15.079999999999767,162.69726890048207
7,796,1288948,160.86065673828125,721,hit,1.4504093808450464,14.419999999999781,157.9023504987907
7,797,1289424,154.525390625,769,hit,4.822364296737856,15.379999999999761,160.81361649888862
7,798,1291864,163.66148376464844,729,hit,4.672005639169983,14.579999999999778,163.26897578646506
7,799,1292884,16.567895889282227,2250,timeout,6.344144868788021,45.000000000001435,-62.9341895793263
7,800,1294012,173.3595428466797,1147,hit,4.99134585617584,22.9399999999996,161.8980359134193
7,801,1294888,-7.18084716796875,2250,timeout,6.061015469702902,45.000000000001435,-73.47449506858803
7,802,1297904,159.5956573486328,1255,hit,2.8940848205186587,25.099999999999554,161.9784416042209
7,803,1298376,177.48817443847656,1091,hit,4.937048707607858,21.819999999999624,159.46144947397104
7,804,1299880,173.68292236328125,1248,hit,3.498333943705345,24.959999999999557,167.5409824163317
7,805,1300864,-27.336933135986328,2250,timeout,5.258271295258348,45.000000000001435,-86.91513792740993
7,806,1301036,177.8257293701172,783,hit,4.309649628053515,15.659999999999755,163.7150049004909
7,807,1301936,180.24658203125,890,hit,0.6866148837145736,17.79999999999971,165.75951056923054
7,808,1303192,153.9325408935547,828,hit,4.108160446907522,16.559999999999736,163.3675497315194
7,809,1305228,156.6475372314453,823,hit,3.3115750412821097,16.459999999999738,158.73941466096747
7,810,1307708,145.58892822265625,1129,hit,4.6623372684500355,22.579999999999607,155.00236906533493
7,811,1307852,133.33396911621094,1704,hit,4.723197597543776,34.07999999999973,139.37153581495912
7,812,1309092,-12.021862030029297,2057,miss,6.746740219405976,41.14000000000083,-61.13939910361938
7,813,1310876,165.43382263183594,792,hit,2.601322748833169,15.839999999999751,161.09226823546726
7,814,1311040,167.33702087402344,797,hit,2.331166589537091,15.939999999999749,164.93022126083832
7,815,1312948,180.021484375,964,hit,2.956422061113823,19.279999999999678,171.33116386729904
7,816,1313468,-36.32020568847656,2060,miss,13.277033368260934,41.20000000000084,-62.82041341068883
7,817,1315400,164.94273376464844,1090,hit,4.3200436943929725,21.799999999999624,161.28422425705463
7,818,1316012,152.7115478515625,766,hit,4.345612781660373,15.319999999999762,164.98545927448896
7,819,1318236,162.2312774658203,1192,hit,3.366387310076748,23.83999999999958,164.68253452482838
7,820,1318284,169.7672119140625,721,hit,4.524391285558631,14.419999999999781,157.5018867415068
7,821,1319876,-43.68540573120117,2250,timeout,12.278618802983237,45.000000000001435,-60.26150053109815
7,822,1321052,154.6490478515625,704,hit,3.094282965067118,14.079999999999789,159.67105589229791
7,823,1322492,142.4461212158203,1052,hit,4.756411976980193,21.03999999999964,161.88289448046226
7,824,1324116,157.80433654785156,766,hit,3.1390098347801674,15.319999999999762,162.1661018514882
7,825,1324132,163.98672485351562,1064,hit,3.199944639583298,21.279999999999635,167.69089765201124
7,826,1325012,-34.41416931152344,2250,timeout,5.929291826979816,45.000000000001435,-92.4247097821993
7,827,1326752,174.04525756835938,1065,hit,3.308948630297128,21.299999999999635,170.34120356809657
7,828,1328016,168.89859008789062,975,hit,3.5705514079072147,19.499999999999673,158.7162616800623
7,829,1329456,164.11712646484375,676,hit,2.7376803593253176,13.5199999999998,156.30614701386378
7,830,1329484,163.9874267578125,1338,hit,3.570763415017252,26.75999999999952,169.66343131024308
7,831,1332092,177.360595703125,1019,hit,4.380135414032247,20.379999999999654,160.05313985266326
7,832,1332452,166.2044219970703,742,hit,3.2979968948481835,14.839999999999772,159.49194525889305
7,833,1334012,-33.60543441772461,2250,timeout,9.00167611088376,45.000000000001435,-66.82416811869454
7,834,1334224,167.8145294189453,1192,hit,2.2883914013920057,23.83999999999958,159.40990302068735
7,835,1336084,157.13104248046875,998,hit,4.038219596538483,19.959999999999663,160.6453368123149
7,836,1336628,154.30841064453125,1044,hit,4.1297346060259255,20.879999999999644,157.51810200243517
7,837,1338728,163.45388793945312,1126,hit,3.5151710981573117,22.51999999999961,165.18618204342684
7,838,1339280,174.16217041015625,799,hit,1.6283807037609188,15.979999999999748,162.4743105828531
7,839,1342084,157.4413604736328,701,hit,4.415931041081953,14.01999999999979,155.09001300012687
7,840,1343012,-24.151878356933594,2250,timeout,16.563397506591297,45.000000000001435,-77.19002240858005
7,841,1344852,151.9355926513672,1531,hit,4.194738465023342,30.619999999999436,165.15468185574696
7,842,1345060,170.14535522460938,744,hit,1.6652757243478888,14.879999999999772,156.5738144832584
7,843,1345068,-34.43975067138672,2110,miss,10.76533312600937,42.200000000001,-81.765920215968
7,844,1346820,172.71591186523438,952,hit,3.454126572861201,19.039999999999683,153.6397359774092
7,845,1348244,178.014404296875,794,hit,3.8966172233444265,15.87999999999975,157.70447624346676
7,846,1348812,176.65223693847656,938,hit,1.3294172312171866,18.75999999999969,173.20638434279823
7,847,1350588,179.56634521484375,942,hit,2.1916160156621536,18.839999999999687,166.34017477061747
7,848,1350764,151.535400390625,1478,hit,3.4110399744712856,29.55999999999946,162.19208996479082
7,849,1351568,157.3851318359375,689,hit,2.8891722183923796,13.779999999999795,157.60648465442262
7,850,1354504,185.0781707763672,935,hit,0.6620096998752014,18.69999999999969,170.7630483876625
7,851,1357244,-43.9836311340332,2250,timeout,6.221796900595407,45.000000000001435,-70.72550388943768
7,852,1358272,172.2755584716797,942,hit,2.8323759313417485,18.839999999999687,154.31968818826704
7,853,1359588,-6.476509094238281,2250,timeout,6.281253979423753,45.000000000001435,-76.15805496070877
7,854,1360568,-30.6456298828125,2250,timeout,6.179924896120069,45.000000000001435,-79.24804690250023
7,855,1362640,151.41664123535156,763,hit,4.681325152164611,15.259999999999764,162.28800940963154
7,856,1363040,154.70179748535156,1449,hit,3.9586699133117547,28.97999999999947,162.93625043523699
7,857,1363460,159.06338500976562,723,hit,2.947311558980342,14.45999999999978,157.59232377312998
7,858,1366352,168.9338836669922,828,hit,2.538750542016385,16.559999999999736,166.53809497474185
7,859,1367272,-36.349491119384766,2250,timeout,5.721919032014088,45.000000000001435,-80.14998957733943
7,860,1367940,152.6866912841797,1120,hit,3.7343456793673124,22.39999999999961,158.92267582570344
7,861,1369948,170.8427734375,899,hit,1.7449535245062484,17.979999999999706,173.3022324067711
7,862,1370984,167.90460205078125,761,hit,2.0473230662303954,15.219999999999764,161.81080706116362
7,863,1371444,145.92002868652344,1043,hit,3.7259569762081,20.859999999999644,153.65413151216563
7,864,1371640,-26.47998046875,2250,timeout,5.37099558818685,45.000000000001435,-91.17635221976852
7,865,1373612,168.51925659179688,916,hit,2.376274017706909,18.3199999999997,170.92767519801987
7,866,1374956,159.25143432617188,878,hit,3.257682472929004,17.559999999999715,153.81393999551744
7,867,1375412,166.59146118164062,943,hit,4.168479596858672,18.859999999999687,172.37244943571272
7,868,1376084,173.05087280273438,1275,hit,4.218642940295082,25.499999999999545,163.83700064803386
7,869,1378080,166.83511352539062,667,hit,1.3692073778407607,13.339999999999804,155.67255263109223
7,870,1378756,180.1631317138672,1286,hit,3.3142065663682074,25.71999999999954,167.36044207121512
7,871,1379912,181.98655700683594,957,hit,0.6763021835067741,19.13999999999968,172.46461559184107
7,872,1380524,174.34487915039062,1392,hit,3.447276146531236,27.839999999999495,167.65461357351685
7,873,1383728,174.50613403320312,801,hit,1.328877154986304,16.019999999999747,164.4680061864977
7,874,1383772,170.09542846679688,965,hit,2.9825908541134996,19.299999999999677,170.0531816401185
7,875,1386644,170.92869567871094,729,hit,2.447790828031415,14.579999999999778,159.71031070704504
7,876,1386900,168.8265838623047,782,hit,2.6712428990625194,15.639999999999755,166.2167650104032
7,877,1387036,-26.353694915771484,2239,miss,9.74728304824812,44.7800000000014,-61.260236176226485
7,878,1387756,-19.175113677978516,2250,timeout,9.573471836874853,45.000000000001435,-68.05419328614542
7,879,1390252,159.54238891601562,838,hit,3.590642301531158,16.75999999999973,169.3444072896091
7,880,1390344,151.79965209960938,647,hit,2.577960922764559,12.939999999999813,158.10906797692067
7,881,1393480,171.95252990722656,784,hit,4.666933192064378,15.679999999999755,164.90987480012996
7,882,1394624,173.8731231689453,1093,hit,2.6819297986988073,21.859999999999623,164.45392209658962
7,883,1395644,-25.51046371459961,2250,timeout,11.015906482643151,45.000000000001435,-70.44652509482532
7,884,1396036,-5.600030899047852,2250,timeout,12.522919247939594,45.000000000001435,-65.5115649753188
7,885,1398912,154.3185577392578,1072,hit,4.693537990442915,21.439999999999632,162.37028603268345
7,886,1399444,164.66134643554688,852,hit,3.422268856005077,17.039999999999726,171.44892297291454
7,887,1402480,-28.46312713623047,2250,timeout,8.87891972340014,45.000000000001435,-67.6555241093705
7,888,1402724,174.08255004882812,953,hit,2.3601907351138354,19.059999999999683,169.9034202224172
7,889,1404644,-32.92019271850586,2250,timeout,6.1822099761629925,45.000000000001435,-71.88364589683536
7,890,1405324,158.65379333496094,650,hit,4.077316185129379,12.999999999999812,156.34978559031774
7,891,1406228,172.50555419921875,937,hit,2.259111264036535,18.73999999999969,165.8011149175307
7,892,1408444,-31.735824584960938,2250,timeout,5.682729553852549,45.000000000001435,-79.6980666793599
7,893,1408628,171.29354858398438,826,hit,3.0750103226668974,16.519999999999737,160.08202320140916
7,894,1408692,147.25814819335938,1012,hit,4.819968075750425,20.239999999999657,156.1871616382065
7,895,1409376,167.6349334716797,787,hit,3.365783895170182,15.739999999999753,166.17061439120587
7,896,1413096,148.42068481445312,1163,hit,4.951870128973425,23.259999999999593,160.02168802672313
7,897,1414460,152.51657104492188,1442,hit,4.2363317588608655,28.839999999999474,159.8982453602357
7,898,1414576,20.41934585571289,1487,miss,372.9343607811073,29.739999999999455,-41.886993453632186
7,899,1417600,169.17010498046875,785,hit,2.4906839748684373,15.699999999999754,167.145198132303
7,900,1418376,3.676300048828125,2250,timeout,6.265480547007569,45.000000000001435,-74.15195978848972
7,901,1418532,159.12161254882812,1359,hit,3.1621842815706773,27.17999999999951,155.99840963635592
7,902,1421260,165.6298828125,721,hit,1.7358005489132384,14.419999999999781,160.00433992601262
7,903,1423576,-28.725078582763672,2250,timeout,5.892347980791947,45.000000000001435,-78.65259672876738
7,904,1424916,173.0885009765625,914,hit,1.7574316213170151,18.2799999999997,170.7923510330831
7,905,1426600,-32.60806655883789,2250,timeout,9.633490454178013,45.000000000001435,-76.49947215646424
7,906,1426872,166.95162963867188,824,hit,2.0782252696425383,16.479999999999738,167.0636058002808
7,907,1427532,-15.78262710571289,2250,timeout,5.377405469429613,45.000000000001435,-77.11196626301356
7,908,1430312,163.15794372558594,928,hit,3.3685558107968947,18.559999999999693,172.05255364439077
7,909,1430796,159.85421752929688,816,hit,4.346686019274511,16.31999999999974,157.4699067443226
7,910,1431128,158.29342651367188,1064,hit,3.6407088188459844,21.279999999999635,163.33019541541128
8,911,1436276,164.58074951171875,669,hit,3.1283210530800916,13.379999999999804,157.32241025759683
8,912,1438816,152.90310668945312,1304,hit,4.500466274120063,26.079999999999533,157.2173779843128
8,913,1439424,180.67831420898438,1456,hit,3.1597799773436783,29.119999999999468,167.7485798792161
8,914,1442404,176.4915771484375,897,hit,1.0487204965277566,17.939999999999706,170.7977325753962
8,915,1442600,-6.244976043701172,2250,timeout,9.546985736829544,45.000000000001435,-78.36166240345146
8,916,1442780,163.1710662841797,839,hit,3.1123473580736447,16.77999999999973,171.19878049030604
8,917,1445276,-3.2869873046875,2250,timeout,7.945738562035327,45.000000000001435,-78.79274682403185
8,918,1446260,154.5974578857422,964,hit,4.203079913459078,19.279999999999678,151.19990357896378
8,919,1447628,170.2632598876953,1257,hit,4.8292995317228495,25.139999999999553,157.65737468604442
8,920,1448796,163.42080688476562,1504,hit,4.963901374497593,30.079999999999448,148.56393584629524
8,921,1450532,172.1840362548828,726,hit,2.354834678140164,14.51999999999978,155.7690537517596
8,922,1451780,153.47137451171875,746,hit,3.3613540270780655,14.91999999999977,157.46236639669496
8,923,1454276,-32.81571578979492,2250,timeout,7.157626100474071,45.000000000001435,-75.59638425662772
8,924,1455260,-18.26613998413086,2250,timeout,6.238604180982825,45.000000000001435,-76.16238393675715
8,925,1455380,168.6059112548828,900,hit,1.959673361729345,17.999999999999705,171.43222577347572
8,926,1455812,158.38282775878906,1320,hit,4.264876192930147,26.399999999999526,158.43070979464449
8,927,1457988,165.1730194091797,682,hit,2.331787950327235,13.639999999999798,154.4114626245554
8,928,1458772,159.3671112060547,848,hit,3.306177106075679,16.959999999999727,168.48267910529734
8,929,1459936,181.18321228027344,1031,hit,3.7955675309287247,20.61999999999965,159.0968615982192
8,930,1461784,182.48443603515625,949,hit,3.8750027628684336,18.979999999999684,170.25826747022688
8,931,1463276,-11.808826446533203,2250,timeout,6.462098061014703,45.000000000001435,-69.81094144913594
8,932,1465240,162.5410614013672,864,hit,4.837345942940206,17.27999999999972,157.94636270057788
8,933,1466708,178.55435180664062,858,hit,4.085409227275096,17.159999999999723,166.4271173398693
8,934,1467772,-37.91870880126953,2250,timeout,10.282302991452315,45.000000000001435,-92.35779541652393
8,935,1468936,11.313484191894531,2250,timeout,5.741071616707455,45.000000000001435,-67.9960283488946
8,936,1469128,161.07301330566406,972,hit,2.9329714694776676,19.439999999999674,149.117665083729
8,937,1470756,175.94700622558594,746,hit,1.2857191460972133,14.91999999999977,162.4405712794191
8,938,1470960,171.0131378173828,1063,hit,2.2518523074352848,21.259999999999636,155.50990837197287
8,939,1474116,167.51754760742188,840,hit,3.9215413887124124,16.79999999999973,168.8449885779895
8,940,1476068,159.2197265625,1277,hit,4.500824915111033,25.539999999999544,159.30227480751608
8,941,1477228,-2.6433143615722656,2025,miss,14.217773402655435,40.50000000000073,-58.607224206766766
8,942,1477936,-26.58652114868164,2250,timeout,7.055067898971311,45.000000000001435,-72.74498048264165
8,943,1479608,172.5025634765625,885,hit,2.4028713692986208,17.69999999999971,168.17538085192095
8,944,1480708,168.7132110595703,870,hit,1.7046168584349286,17.399999999999718,170.60696816266318
8,945,1482796,168.003662109375,797,hit,4.515045017721958,15.939999999999749,166.77197783469225
8,946,1483052,-11.925735473632812,2234,miss,5.524390291295348,44.680000000001385,-71.58573265445646
8,947,1483852,152.59486389160156,786,hit,4.5471376011744296,15.719999999999754,161.52644599531732
8,948,1485768,177.2697296142578,743,hit,4.091453102240433,14.859999999999772,162.93262919079493
8,949,1486936,-17.12844467163086,2250,timeout,6.006395251173602,45.000000000001435,-81.03557156542503
8,950,1487752,141.3447265625,1175,hit,4.82266971685906,23.499999999999588,160.3215853011381
8,951,1487992,167.39720153808594,1035,hit,2.995204977234524,20.699999999999648,152.35095487959387
8,952,1490364,167.6577606201172,1149,hit,4.938038408593944,22.9799999999996,152.94315110668333
8,953,1490516,160.06857299804688,691,hit,3.332525961496471,13.819999999999794,157.60737038130196
8,954,1491792,166.48361206054688,950,hit,4.107045461317031,18.999999999999684,169.2192041246675
8,955,1492304,152.921142578125,1342,hit,4.791232773547997,26.839999999999517,158.82219961967255
8,956,1493548,164.12527465820312,758,hit,2.127387246962997,15.159999999999766,162.19377777985227
8,957,1494724,178.37744140625,1090,hit,2.8454845085240454,21.799999999999624,159.4636460997773
8,958,1498412,166.8363037109375,922,hit,3.9703905948568505,18.439999999999696,169.10124133322603
8,959,1500160,136.91635131835938,1964,hit,4.7794238010140795,39.28000000000054,140.61797842855185
8,960,1500792,-13.010536193847656,2250,timeout,5.287321770596947,45.000000000001435,-88.07995090180223
8,961,1502128,154.45843505859375,929,hit,4.496103820420568,18.579999999999693,172.48803967582035
8,962,1502548,-19.833152770996094,2250,timeout,6.015968868632488,45.000000000001435,-69.4179034654678
8,963,1504776,166.43960571289062,662,hit,4.901466852671454,13.239999999999807,156.24252120493983
8,964,1505508,157.07839965820312,1179,hit,3.9698820322648567,23.579999999999586,156.82727761885928
8,965,1506388,155.50379943847656,960,hit,4.279411747358423,19.19999999999968,160.51358347266805
8,966,1507404,153.7716064453125,657,hit,2.9061201849465803,13.139999999999809,155.7923482128062
8,967,1508944,162.6319580078125,859,hit,2.8718698744544158,17.179999999999723,169.62773788264894
8,968,1509160,-38.585121154785156,2250,timeout,10.672482645294584,45.000000000001435,-71.41311365326648
8,969,1509524,177.87393188476562,784,hit,0.840584659632553,15.679999999999755,162.33289552363544
8,970,1512992,158.17776489257812,1397,hit,4.875830437974542,27.939999999999493,164.41163578911636
8,971,1513112,165.7940673828125,897,hit,3.024584370643556,17.939999999999706,167.4596311761793
8,972,1514104,159.38296508789062,1236,hit,4.717957941996634,24.719999999999562,165.56681594397563
8,973,1516536,172.3204803466797,886,hit,1.3304248554594094,17.71999999999971,170.00346495352377
8,974,1517436,178.28460693359375,833,hit,4.467266798591261,16.659999999999734,164.31901268048878
8,975,1517944,-36.287132263183594,2250,timeout,6.42457177268449,45.000000000001435,-69.10235538093353
8,976,1520628,154.52923583984375,671,hit,3.66084627656298,13.419999999999803,153.8693179229639
8,977,1522112,-22.708148956298828,2250,timeout,5.221788659856271,45.000000000001435,-80.73948902817509
8,978,1522672,145.17955017089844,1309,hit,4.981455637920763,26.17999999999953,159.1420000113575
8,979,1525536,-11.743080139160156,2250,timeout,6.590917998620741,45.000000000001435,-62.59729467725407
8,980,1527180,161.32733154296875,1638,hit,4.224333196255928,32.75999999999952,164.68449236674599
8,981,1528508,167.10885620117188,743,hit,2.385640634699883,14.859999999999772,159.24723642680343
8,982,1531112,-25.764556884765625,2250,timeout,6.916165504517329,45.000000000001435,-76.99870476190384
8,983,1531424,162.86424255371094,729,hit,4.691492416955412,14.579999999999778,161.67454005956964
8,984,1531672,-14.156177520751953,2250,miss,7.330440600696748,45.000000000001435,-63.86222279015462
8,985,1534496,166.2493133544922,706,hit,1.8474330182250622,14.119999999999788,153.60628739754821
8,986,1534752,167.38343811035156,832,hit,2.033502357714725,16.639999999999734,170.76679366078326
8,987,1535724,-16.21383285522461,2136,miss,6.820573843730625,42.72000000000108,-76.24887804218555
8,988,1537236,170.8782196044922,685,hit,0.9224105917198618,13.699999999999797,158.8436445587713
8,989,1537328,161.42593383789062,1554,hit,4.614954421314181,31.079999999999426,155.2062189682208
8,990,1539572,181.80223083496094,962,hit,1.693752435935233,19.23999999999968,172.61817716492976
8,991,1540464,165.9967041015625,784,hit,4.3709347733911,15.679999999999755,157.72497270410182
8,992,1543380,176.0565185546875,729,hit,2.0126891305024137,14.579999999999778,160.3636834304495
8,993,1543608,181.0150146484375,1593,hit,4.182628594960323,31.85999999999941,161.65540489813492
8,994,1543752,-50.510276794433594,2250,timeout,10.305831493410532,45.000000000001435,-72.81835714926487
8,995,1546612,151.45465087890625,808,hit,4.504518855740403,16.159999999999744,160.83060043306364
8,996,1546880,172.8897247314453,782,hit,1.3479061832823567,15.639999999999755,159.9890254352126
8,997,1548572,-19.46591567993164,2250,timeout,6.563662302281034,45.000000000001435,-71.5606973601341
8,998,1549324,151.13128662109375,678,hit,4.664788663811809,13.5599999999998,160.3055847354069
8,999,1552000,162.2471466064453,669,hit,4.900660098652163,13.379999999999804,158.54622259147206
8,1000,1552608,12.823802947998047,2250,timeout,5.210635772552736,45.000000000001435,-63.36422159228336
8,1001,1555180,171.3880615234375,795,hit,1.7187102119352515,15.89999999999975,158.1826248252433
8,1002,1555232,152.6044158935547,656,hit,4.812811450370276,13.11999999999981,153.6198472239378
8,1003,1555880,-13.615776062011719,2250,timeout,12.609710550638649,45.000000000001435,-70.44393488519151
8,1004,1557572,-10.078033447265625,2250,timeout,5.081852106722471,45.000000000001435,-73.7056530223649
8,1005,1557864,164.70289611816406,671,hit,1.4622978582127943,13.419999999999803,156.96892296553256
8,1006,1558812,180.72390747070312,895,hit,3.052886329240022,17.899999999999707,165.2341046121686
8,1007,1559756,150.590576171875,969,hit,4.504851095787134,19.379999999999676,153.34735183002812
8,1008,1561220,176.96380615234375,839,hit,2.8993133664605946,16.77999999999973,171.18569977279353
8,1009,1561836,150.80897521972656,756,hit,4.256258106558493,15.119999999999767,163.7329075449462
8,1010,1564268,176.28549194335938,1128,hit,2.594796667485555,22.559999999999608,157.2870433547165
8,1011,1565696,183.75143432617188,1119,hit,1.72692366429696,22.37999999999961,160.62745296098475
8,1012,1566572,-3.6804962158203125,2250,timeout,11.269990456431197,45.000000000001435,-59.87106133782771
8,1013,1567120,175.97889709472656,1321,hit,2.8709731775378065,26.419999999999526,164.85536557742017
8,1014,1568704,151.06088256835938,1109,hit,4.145519406564465,22.179999999999616,154.41545409339287
8,1015,1570568,183.0358428955078,999,hit,0.5610323744970732,19.979999999999663,172.16032518710722
8,1016,1572396,161.3623504638672,923,hit,4.31248593758437,18.459999999999695,170.81796412024053
8,1017,1573184,158.84146118164062,1516,hit,4.858331939429734,30.319999999999443,162.9764686004072
8,1018,1573548,171.45278930664062,745,hit,3.4209651528854588,14.899999999999771,163.9829452235213
8,1019,1574696,14.954465866088867,2250,timeout,5.252378364657031,45.000000000001435,-56.101283403412026
8,1020,1575448,153.98521423339844,763,hit,2.7943412712419176,15.259999999999764,158.00034669708157
8,1021,1576868,171.902587890625,830,hit,1.9079664027792311,16.599999999999735,168.76768303728744
8,1022,1577840,152.04779052734375,786,hit,4.741931282340244,15.719999999999754,162.46657499810655
8,1023,1579052,164.91741943359375,901,hit,3.1120017376954445,18.019999999999705,157.19251114831854
8,1024,1582184,0.617156982421875,2250,timeout,6.444834275727539,45.000000000001435,-59.63900863094715
8,1025,1582792,156.8822021484375,1481,hit,3.823038825522544,29.619999999999457,168.08171425688676
8,1026,1584192,183.0281219482422,1285,hit,3.9980017671537253,25.69999999999954,165.97484032942236
8,1027,1584452,175.56346130371094,1653,hit,2.5746523638046117,33.05999999999957,160.73460290394337
8,1028,1585480,170.21023559570312,824,hit,3.9416494861177926,16.479999999999738,168.10683645543435
8,1029,1586004,162.3941192626953,803,hit,4.955075020265293,16.059999999999746,161.5102814963769
8,1030,1587216,166.5586395263672,756,hit,4.943328459503006,15.119999999999767,159.26760679805645
8,1031,1588012,168.60362243652344,890,hit,4.636158121984788,17.79999999999971,160.32176774171992
8,1032,1588324,178.89659118652344,711,hit,1.9246353805250045,14.219999999999786,156.72522592756638
8,1033,1589792,178.2853240966797,947,hit,0.8425486817979765,18.939999999999685,167.3142009877698
8,1034,1591528,149.1366424560547,879,hit,4.703825915702733,17.579999999999714,153.88844981521052
8,1035,1592464,151.9729461669922,1312,hit,2.8043008573441335,26.23999999999953,150.0196250519404
8,1036,1595184,158.41929626464844,680,hit,2.4908093019688153,13.599999999999799,159.47728584437303
8,1037,1596096,173.06268310546875,1142,hit,3.0762227839165472,22.839999999999602,157.92990872045084
8,1038,1597324,-47.058433532714844,2250,timeout,5.595247335780973,45.000000000001435,-95.74611840820066
8,1039,1598480,144.2729034423828,824,hit,4.912875745689759,16.479999999999738,153.92159960897305
8,1040,1598792,-45.74215316772461,2250,timeout,6.962996039201518,45.000000000001435,-82.65317279757073
8,1041,1600608,174.02780151367188,1128,hit,3.4517391545575014,22.559999999999608,150.40668753692904
8,1042,1601064,163.95034790039062,935,hit,4.645949679027086,18.69999999999969,171.66688560065967
8,1043,1601468,146.38992309570312,669,hit,4.484570901187423,13.379999999999804,154.79359538803024
8,1044,1602444,163.25973510742188,991,hit,2.707362543687606,19.819999999999666,172.26109438428006
8,1045,1604872,145.76739501953125,952,hit,4.814378783390088,19.039999999999683,154.15474472546617
8,1046,1605028,160.69480895996094,890,hit,4.458912491887198,17.79999999999971,166.91068274851432
8,1047,1605916,167.33160400390625,1327,hit,3.5684545914968497,26.539999999999523,160.64819030251547
8,1048,1608212,168.2726287841797,796,hit,1.3413834616053595,15.91999999999975,163.09529120814628
8,1049,1609208,174.30438232421875,823,hit,4.210698543922102,16.459999999999738,164.39373253392284
8,1050,1610804,165.09034729003906,648,hit,2.1131112944478323,12.959999999999813,155.44818391309093
8,1051,1610916,174.3727264404297,1511,hit,4.6082533176061125,30.219999999999445,159.43303444014302
8,1052,1611444,-29.3538818359375,2250,timeout,10.860826634465736,45.000000000001435,-78.4703315032396
8,1053,1613584,183.5053253173828,1094,hit,2.5501810617774856,21.879999999999622,161.39378373334714
8,1054,1616000,170.6571044921875,1299,hit,4.219495185266718,25.979999999999535,153.55645404094787
8,1055,1616260,174.2063751220703,1336,hit,2.851979447068632,26.71999999999952,158.26338712049386
8,1056,1616460,161.15223693847656,1254,hit,2.987958857404817,25.079999999999554,165.81130123900766
8,1057,1618204,180.0834197998047,1155,hit,4.862764668850751,23.099999999999596,166.67778708474276
8,1058,1619340,167.52618408203125,720,hit,3.5854165968066902,14.399999999999782,160.78223436502628
8,1059,1620380,163.23687744140625,1095,hit,3.5617952260537415,21.899999999999622,165.16362885418937
8,1060,1622144,174.0611572265625,1471,hit,3.2534753982130358,29.41999999999946,162.67892177945765
8,1061,1622344,150.2081298828125,1035,hit,3.677808889319453,20.699999999999648,153.3707756147171
8,1062,1625848,154.65603637695312,1367,hit,4.56807514045936,27.339999999999506,162.91344806799773
8,1063,1625860,29.9877986907959,1630,miss,5.300225188810685,32.5999999999995,-53.941539211829415
8,1064,1625892,175.82125854492188,887,hit,4.182051103751636,17.73999999999971,167.4678542541223
8,1065,1629068,152.09518432617188,794,hit,4.456289614555143,15.87999999999975,153.71993680676985
8,1066,1629696,174.76611328125,962,hit,3.1956332745869935,19.23999999999968,154.43443735431495
8,1067,1630740,151.15541076660156,1220,hit,3.989568505899721,24.39999999999957,165.26123841132983
8,1068,1631144,-40.85898208618164,2250,timeout,6.671418223183874,45.000000000001435,-72.60800409690577
8,1069,1632796,151.28347778320312,932,hit,4.448331834332933,18.63999999999969,172.5747984369396
8,1070,1634860,114.0333480834961,1291,hit,4.385969200279428,25.81999999999954,143.4399238060503
8,1071,1637184,175.8084716796875,1097,hit,3.973913152119888,21.93999999999962,165.7445022602444
8,1072,1637360,177.1313018798828,1554,hit,3.843787228615543,31.079999999999426,165.0519228476175
8,1073,1637928,156.70803833007812,767,hit,3.774536274958805,15.339999999999762,156.3857074027644
