checkpoint,episode,total_timesteps,episode_reward,episode_length,outcome,min_range_m,final_time_s,legacy_episode_reward
1,1,8296,7.480865478515625,2074,miss,705.8287219212914,41.480000000000885,-114.15212284883731
1,2,9000,6.911498069763184,2250,timeout,756.2570022074277,45.000000000001435,-134.34126878041795
1,3,9000,15.337686538696289,2250,timeout,335.5304248796938,45.000000000001435,-130.27397935942992
1,4,9000,-4.7488603591918945,2250,timeout,1152.4916490467538,45.000000000001435,-131.6054556828264
1,5,15820,-19.714685440063477,1881,miss,1647.0776588302845,37.62000000000028,-98.41313802015266
1,6,18000,4.995674133300781,2250,timeout,564.2148766020232,45.000000000001435,-117.76517508808998
1,7,18000,-6.319257736206055,2250,timeout,1144.578605241003,45.000000000001435,-99.3415423458992
1,8,18000,-3.889216423034668,2250,timeout,1065.9643988557777,45.000000000001435,-110.29387340916047
1,9,24820,-47.720035552978516,2250,timeout,3264.542216757583,45.000000000001435,-93.63869694971682
1,10,26356,-23.799537658691406,2089,miss,1386.4132954400532,41.78000000000093,-110.8186640093041
1,11,26360,6.590500831604004,2090,miss,795.1633163929345,41.800000000000935,-101.71585595218266
1,12,27000,-19.662342071533203,2250,timeout,1534.516239414921,45.000000000001435,-114.08612268162986
1,13,33540,6.420934677124023,1635,miss,703.9578612170257,32.69999999999951,-64.7091032991673
1,14,33820,5.072334289550781,2250,timeout,450.07451094446077,45.000000000001435,-146.95134877343554
1,15,35356,17.487831115722656,2250,timeout,134.43170760170486,45.000000000001435,-102.6558346784255
1,16,35360,14.07659912109375,2250,timeout,462.7266482812439,45.000000000001435,-98.20702542576879
1,17,42540,11.830755233764648,2250,timeout,331.9179725108975,45.000000000001435,-114.12567844883475
1,18,42820,-13.151765823364258,2250,timeout,1478.840058248081,45.000000000001435,-74.99492015117782
1,19,44356,20.145069122314453,2250,timeout,238.85065630616643,45.000000000001435,-89.50045337980798
1,20,44360,3.660205841064453,2250,timeout,246.99468519057388,45.000000000001435,-136.88118314139928
1,21,50040,4.231797218322754,1875,miss,795.9556407926497,37.50000000000026,-80.02145297888823
1,22,50784,24.812089920043945,1991,miss,134.39236795548752,39.820000000000626,-91.83733797741371
1,23,53356,25.787601470947266,2250,timeout,24.918821801930388,45.000000000001435,-89.11110542039924
1,24,53360,18.772804260253906,2250,timeout,30.658055834634364,45.000000000001435,-118.07004505541605
1,25,58296,3.1988964080810547,2064,miss,735.3539219281188,41.280000000000854,-81.775337986368
1,26,58804,5.744349956512451,2005,miss,821.2372981344845,40.10000000000067,-67.11042608661758
1,27,61264,15.800430297851562,1976,miss,36.565650788934434,39.52000000000058,-81.47129959024684
1,28,62356,23.216747283935547,2250,timeout,162.04048161348257,45.000000000001435,-63.25672587461553
1,29,66100,-0.3649272918701172,1824,miss,747.3384699312924,36.4800000000001,-92.0424400175616
1,30,66460,21.59804916381836,2041,miss,106.39140623032074,40.82000000000078,-88.52507390503514
1,31,69240,133.14291381835938,785,hit,3.4996536933376112,15.699999999999754,161.00250983673328
1,32,69544,15.344762802124023,2070,miss,13.566749633085148,41.40000000000087,-97.09387260029482
1,33,71356,22.68557357788086,2250,timeout,13.036205383031337,45.000000000001435,-75.9890992317243
1,34,73372,17.66509437561035,1728,miss,25.748549030261763,34.5599999999998,-81.94705744875189
1,35,76528,24.784576416015625,1822,miss,56.542004197659004,36.4400000000001,-80.51806326076866
1,36,78492,26.04878807067871,2237,miss,50.41105177441438,44.740000000001395,-73.26040737573399
1,37,79508,24.230838775634766,2038,miss,20.220601939263315,40.76000000000077,-112.05919175820546
1,38,81348,132.37098693847656,1205,hit,4.583592551243437,24.099999999999575,152.8817984092583
1,39,82372,24.57136344909668,2250,timeout,11.161770109404186,45.000000000001435,-73.88071443010969
1,40,85524,132.5662384033203,788,hit,3.3342759027111852,15.759999999999753,160.07230292607073
1,41,87492,16.1156063079834,2250,timeout,12.81949534126026,45.000000000001435,-122.70841409951241
1,42,88340,20.022558212280273,1748,miss,27.181226103955925,34.959999999999866,-91.87445637848856
1,43,88508,18.272560119628906,2250,timeout,44.18224554277805,45.000000000001435,-128.65919750073664
1,44,89756,130.95750427246094,1058,hit,2.6884974036202522,21.159999999999638,156.23483013123115
1,45,91416,116.48359680175781,769,hit,4.403083055466554,15.379999999999761,149.3488293456184
1,46,95048,25.309810638427734,1889,miss,10.635194010074967,37.78000000000031,-66.98349202214597
1,47,96868,23.51433753967285,2090,miss,9.054108142059388,41.800000000000935,-92.67715634303028
1,48,97900,16.104877471923828,2036,miss,22.6593148343959,40.720000000000766,-97.85015361409212
1,49,100416,14.991828918457031,2250,timeout,68.873139893232,45.000000000001435,-89.49549182520202
1,50,101068,126.81423950195312,1050,hit,3.1789598764891567,20.99999999999964,152.33421243354243
1,51,103852,123.37025451660156,2201,hit,4.176101859177301,44.02000000000128,137.7076928107303
1,52,103920,128.12557983398438,713,hit,4.766591326023975,14.259999999999785,154.32545966698586
1,53,106900,15.991673469543457,2250,timeout,37.21664470598468,45.000000000001435,-62.376507482029034
1,54,109416,10.792445182800293,2250,timeout,20.142302892255437,45.000000000001435,-82.02937807950528
1,55,110808,24.706806182861328,1722,miss,11.592974025794362,34.439999999999785,-63.60339709108375
1,56,111028,23.6424560546875,1794,miss,6.065904768662625,35.88000000000001,-71.54186305763952
1,57,115900,18.440275192260742,2250,timeout,7.546454605171983,45.000000000001435,-78.41084519215724
1,58,118416,10.572548866271973,2250,timeout,14.871988207568343,45.000000000001435,-63.937459545076855
1,59,119808,12.125381469726562,2250,timeout,26.03255661641126,45.000000000001435,-63.94785789713177
1,60,120028,3.56038761138916,2250,timeout,5.399624965617649,45.000000000001435,-73.29229045211483
1,61,124900,11.370237350463867,2250,timeout,11.597748565203576,45.000000000001435,-96.8315931680055
1,62,126028,22.591442108154297,1903,miss,10.789935233780565,38.06000000000035,-89.54518646539964
1,63,126132,21.723541259765625,1581,miss,9.258457804084701,31.619999999999415,-69.40110542124025
1,64,127484,118.56119537353516,646,hit,4.921641932937251,12.919999999999813,150.93656168399139
1,65,128612,14.776107788085938,2146,miss,6.611641537435531,42.92000000000111,-87.46750872981501
1,66,130460,123.92079162597656,744,hit,4.615368919726538,14.879999999999772,156.8323950920829
1,67,134520,11.247859954833984,2097,miss,16.728132769908772,41.94000000000096,-99.76741892595795
1,68,135028,4.301860809326172,2250,timeout,10.506607458021453,45.000000000001435,-87.6985337032364
1,69,137612,21.65221405029297,2250,timeout,5.266319677276039,45.000000000001435,-71.6860799113353
1,70,139460,5.473163604736328,2250,timeout,10.999530755908502,45.000000000001435,-81.18401363572349
1,71,141080,125.61065673828125,1640,hit,4.768731143134591,32.79999999999953,151.80249159944609
1,72,144028,10.017822265625,2250,timeout,8.625859719870856,45.000000000001435,-71.39123942700269
1,73,146612,-3.4412689208984375,2250,timeout,25.065426715105378,45.000000000001435,-73.027860119759
1,74,146804,21.542999267578125,1836,miss,19.865888656665675,36.72000000000014,-71.85334632258032
1,75,149472,-0.8372611999511719,2098,miss,11.101909382741578,41.96000000000096,-64.27863044662404
1,76,153028,3.824798583984375,2250,timeout,11.688731785070942,45.000000000001435,-86.85879517744553
1,77,155612,17.015527725219727,2250,timeout,8.094119411171453,45.000000000001435,-86.04637303604908
1,78,155804,7.505126953125,2250,timeout,6.88675001636522,45.000000000001435,-70.82857326852937
1,79,156300,131.69544982910156,818,hit,1.5309807521509062,16.35999999999974,163.33480017054802
1,80,158472,-4.411947250366211,2250,timeout,14.616847322304915,45.000000000001435,-79.87436908682615
1,81,159532,130.64492797851562,980,hit,4.1218843366413775,19.59999999999967,158.0226267478719
1,82,163192,17.8426513671875,1847,miss,11.04935048544396,36.940000000000175,-65.8855313971649
1,83,163984,17.47228240966797,1921,miss,5.662769212380061,38.42000000000041,-61.88500337940224
1,84,167472,7.3054351806640625,2250,timeout,7.9611952655935285,45.000000000001435,-75.09067878050817
1,85,168532,-4.739711761474609,2250,timeout,22.82261152174085,45.000000000001435,-74.92363991345798
1,86,171948,12.996807098388672,2189,miss,7.417907906033858,43.780000000001245,-65.60340598713182
1,87,172092,13.980558395385742,2027,miss,19.85668321807893,40.54000000000074,-80.59322768079991
1,88,176472,10.521421432495117,2250,timeout,11.197038251446909,45.000000000001435,-70.7713439068749
1,89,177532,2.121746063232422,2250,timeout,21.61080629170873,45.000000000001435,-90.06447124237981
1,90,180472,19.518451690673828,2131,miss,15.543252606954942,42.62000000000106,-65.12266164861475
1,91,181032,10.410795211791992,2235,miss,6.007544615426536,44.70000000000139,-61.37274096541233
1,92,185392,-7.895301818847656,2230,miss,10.304898209913153,44.60000000000137,-75.58078202411104
1,93,186432,2.4081268310546875,2225,miss,22.570966004754755,44.50000000000136,-69.1192960072917
1,94,186560,118.66387939453125,1382,hit,2.8749537882052913,27.6399999999995,143.79682038919816
1,95,187800,12.598237991333008,1832,miss,13.252215369911394,36.64000000000013,-57.112064549659344
1,96,194392,-8.359158515930176,2250,timeout,35.461923551197565,45.000000000001435,-70.83121166468428
1,97,195416,12.991649627685547,1904,miss,11.037997280259617,38.080000000000354,-62.664579776068585
1,98,195432,-18.852293014526367,2250,timeout,10.155679879953325,45.000000000001435,-74.03642173392366
1,99,195560,-2.9179420471191406,2250,timeout,13.328315395695324,45.000000000001435,-84.87444007447452
1,100,203392,9.646017074584961,2250,timeout,11.977989682921109,45.000000000001435,-69.02021931864891
1,101,204416,3.6269664764404297,2250,timeout,5.63274088006435,45.000000000001435,-67.03255190099247
1,102,204432,-3.517324447631836,2250,timeout,21.782256438603763,45.000000000001435,-69.1781857674814
1,103,204560,9.100809097290039,2250,timeout,11.8122508699447,45.000000000001435,-71.18608879526023
2,104,213784,6.429027557373047,2246,miss,6.394029229923344,44.92000000000142,-80.88664028776202
2,105,213800,0.08329987525939941,2250,timeout,5.60468803331322,45.000000000001435,-73.32685979926089
2,106,213800,13.788480758666992,2250,timeout,10.885321375584553,45.000000000001435,-66.71257124522376
2,107,213800,-0.16701507568359375,2250,timeout,18.254439248935544,45.000000000001435,-78.40041531797314
2,108,217440,128.81822204589844,910,hit,2.713931397621157,18.1999999999997,160.29446750306465
2,109,218440,125.8954849243164,1160,hit,2.8427072497256534,23.199999999999594,149.9799420097238
2,110,222176,135.11273193359375,934,hit,4.1431279009460535,18.67999999999969,165.33787268716924
2,111,222644,-1.5189399719238281,2211,miss,12.501843148302523,44.22000000000131,-65.50371036227538
2,112,222784,-6.8887481689453125,2250,timeout,38.234314045133175,45.000000000001435,-67.01157421923381
2,113,226440,-0.7204246520996094,2250,timeout,11.065688623803236,45.000000000001435,-79.99927805413606
2,114,231176,-9.256587982177734,2250,timeout,12.097407143760629,45.000000000001435,-76.68750371751884
2,115,231644,-1.2653770446777344,2250,timeout,6.149577463592992,45.000000000001435,-84.26534866714448
2,116,231784,9.957223892211914,2250,timeout,13.080475272198122,45.000000000001435,-72.39220605958845
2,117,235340,4.036815643310547,2225,miss,10.1678201591913,44.50000000000136,-68.05680477468573
2,118,235780,130.7253875732422,1151,hit,4.907124426949701,23.019999999999598,158.32828121706726
2,119,240448,7.183261871337891,2166,miss,12.340626207175244,43.32000000000117,-62.945973204236715
2,120,240644,-6.303617477416992,2250,timeout,8.733358879832721,45.000000000001435,-80.59028942050989
2,121,244032,-1.9015007019042969,2063,miss,11.202543811952962,41.26000000000085,-80.25880610661834
2,122,244340,-1.885833740234375,2250,timeout,8.205089954669896,45.000000000001435,-85.90501240698136
2,123,248384,127.90065002441406,1011,hit,4.743808135125938,20.219999999999658,152.5274500787777
2,124,249196,2.788043975830078,2138,miss,8.189136764177404,42.760000000001085,-74.40618796194535
2,125,249448,7.304964065551758,2250,timeout,5.982406324226513,45.000000000001435,-69.01788795158048
2,126,253032,16.415040969848633,2250,timeout,6.483513981681265,45.000000000001435,-61.202950146505465
2,127,257348,0.24334144592285156,2241,miss,26.033487909294376,44.82000000000141,-73.41775423495508
2,128,257508,-3.54095458984375,2015,miss,14.681800671200945,40.3000000000007,-73.87704699876164
2,129,257600,122.38097381591797,1142,hit,3.8156624817359073,22.839999999999602,145.93731223502638
2,130,257696,-7.205959320068359,2125,miss,17.43781356255365,42.500000000001044,-75.95234356349894
2,131,260712,132.8438262939453,841,hit,3.012001721495216,16.81999999999973,163.26748368782424
2,132,261004,134.10415649414062,851,hit,3.038944715524192,17.019999999999726,159.33159345436897
2,133,265020,11.068079948425293,1878,miss,9.730206818751704,37.56000000000027,-57.25601627087404
2,134,266696,0.8602466583251953,2250,timeout,14.323723109692779,45.000000000001435,-74.62201158442146
2,135,269712,-1.2879774570465088,2250,timeout,29.408337394048374,45.000000000001435,-75.34541636198198
2,136,269872,-0.6237106323242188,2217,miss,12.994323729266402,44.34000000000133,-73.48567784518943
2,137,269924,116.1140365600586,1226,hit,3.5866482743544705,24.519999999999566,150.0419982999129
2,138,271000,123.13594055175781,1076,hit,3.8205204213165467,21.51999999999963,145.47128802951337
2,139,278712,-2.800264358520508,2250,timeout,12.862915451764856,45.000000000001435,-67.92504080624448
2,140,278872,-4.137994766235352,2250,timeout,5.97122089446186,45.000000000001435,-79.10955098066842
2,141,278924,-9.66634750366211,2250,timeout,12.468212547826237,45.000000000001435,-76.12694878418742
2,142,279800,6.027778625488281,2200,miss,18.564275152596604,44.00000000000128,-75.1172078930961
2,143,287712,3.0080184936523438,2250,timeout,8.352399171764427,45.000000000001435,-64.04190424651561
2,144,287872,8.210229873657227,2250,timeout,15.493840719246819,45.000000000001435,-71.87469070187439
2,145,287924,-7.855739593505859,2250,timeout,14.74291614058602,45.000000000001435,-84.20492339340262
2,146,288800,0.018402099609375,2250,timeout,15.996218992821287,45.000000000001435,-71.09833007680348
2,147,290600,124.71114349365234,682,hit,2.333371866459332,13.639999999999798,153.45199219306124
2,148,296712,-6.184852600097656,2250,timeout,30.522320499167527,45.000000000001435,-81.83065151504437
2,149,296924,10.331291198730469,2250,timeout,14.71550743614057,45.000000000001435,-80.88992075358854
2,150,297800,6.453305244445801,2250,timeout,5.051523168409198,45.000000000001435,-78.34013380802158
2,151,299600,-3.4339065551757812,2250,timeout,10.907342861634326,45.000000000001435,-81.26761614548259
2,152,300440,124.75358581542969,660,hit,4.087462228551319,13.199999999999807,151.4013568749203
2,153,303144,20.281349182128906,1555,miss,387.37582546482196,31.099999999999426,-47.586481120651804
2,154,304872,129.89761352539062,1108,hit,4.362591594306891,22.159999999999616,154.07276888065388
2,155,305712,-4.1212310791015625,2250,timeout,21.163120134165492,45.000000000001435,-75.32562628337526
2,156,307212,4.614920616149902,1903,miss,6.129087339741908,38.06000000000035,-53.16200658982423
2,157,312144,-6.16412878036499,2250,timeout,31.014840331066274,45.000000000001435,-78.15574511454571
2,158,313872,-11.899951934814453,2250,timeout,7.409397599585471,45.000000000001435,-80.85265148693759
2,159,314280,15.789043426513672,1767,miss,10.35075690631645,35.339999999999925,-62.884502283111466
2,160,314712,1.7280464172363281,2250,timeout,11.28266814190131,45.000000000001435,-78.57362085303963
2,161,320692,-19.1811466217041,2137,miss,8.805079317420736,42.74000000000108,-76.02140059011323
2,162,321736,23.497180938720703,1756,miss,11.439345397390184,35.11999999999989,-50.44523928294099
2,163,322872,3.0887932777404785,2250,timeout,15.766989428472302,45.000000000001435,-58.552396968375255
2,164,323280,0.44822120666503906,2250,timeout,10.348156923894205,45.000000000001435,-72.68039305922683
2,165,323352,116.88150024414062,665,hit,2.508599456611081,13.299999999999805,150.97486111422376
2,166,326184,127.87190246582031,726,hit,4.973172707384124,14.51999999999978,153.88287016283437
2,167,328768,106.2061767578125,1758,hit,3.44474016821846,35.1599999999999,147.7938030519403
2,168,329152,123.42216491699219,1450,hit,4.2083719206485535,28.99999999999947,145.77127250699027
2,169,331872,7.557446002960205,2250,timeout,10.55782769891974,45.000000000001435,-72.45235398918955
2,170,335020,-7.173696517944336,2209,miss,13.807832854022934,44.18000000000131,-66.60878975862195
2,171,335544,116.26133728027344,1598,hit,4.986561046861256,31.959999999999408,136.9927369592175
2,172,335652,127.98075103759766,945,hit,2.2262128317767873,18.899999999999686,155.9772316764795
2,173,337768,-14.92819595336914,2250,timeout,12.63922980126704,45.000000000001435,-93.70453286412094
2,174,341480,126.39586639404297,1484,hit,3.7510420380764002,29.679999999999456,154.1431469523438
2,175,344020,-8.214664459228516,2250,timeout,26.465506977820997,45.000000000001435,-75.22656891533425
2,176,344652,9.657184600830078,2250,timeout,10.081937691641114,45.000000000001435,-68.66431263929375
2,177,346612,-10.640853881835938,2211,miss,9.05974423285641,44.22000000000131,-79.33553301333325
2,178,348104,122.80654907226562,1021,hit,3.52594146130071,20.419999999999654,146.43830518683592
2,179,350480,-13.636604309082031,2250,timeout,7.889621019246421,45.000000000001435,-82.43227805806464
2,180,353652,-20.464595794677734,2250,timeout,17.94868759337896,45.000000000001435,-69.17866162278908
2,181,355612,-14.15164566040039,2250,timeout,5.930152988267853,45.000000000001435,-72.4644064322919
2,182,357080,131.5880584716797,857,hit,4.082289877207984,17.139999999999723,165.65227435375078
2,183,357104,-6.886375427246094,2250,timeout,19.375933617743215,45.000000000001435,-73.32053262792745
2,184,359480,-15.488838195800781,2250,timeout,7.779689295845998,45.000000000001435,-62.826000329315896
2,185,362624,130.44906616210938,786,hit,4.710160784206999,15.719999999999754,160.5884245429225
2,186,364612,10.672811508178711,2250,timeout,8.268315627195296,45.000000000001435,-72.23297613311064
2,187,365744,131.9582061767578,780,hit,4.0065049922153975,15.599999999999756,156.02868245911017
2,188,365860,-16.60908317565918,2189,miss,11.316872186069492,43.780000000001245,-82.3335078363369
2,189,366080,-16.308666229248047,2250,timeout,14.254502753613055,45.000000000001435,-75.52957113853374
2,190,370024,121.0942153930664,1070,hit,4.928997925034261,21.399999999999633,148.2487330368139
2,191,373612,15.632625579833984,2250,timeout,6.016461159634261,45.000000000001435,-72.24332820005772
2,192,374444,124.54841613769531,1105,hit,4.553995069006434,22.099999999999618,151.63165969073708
2,193,374860,5.2107391357421875,2250,timeout,6.852596059623896,45.000000000001435,-62.71443943652358
2,194,375080,0.4321746826171875,2250,timeout,7.092736907186907,45.000000000001435,-68.2079471456907
2,195,377096,133.5769500732422,871,hit,4.729621589851121,17.419999999999717,164.01407222762458
2,196,379540,127.55135345458984,1170,hit,2.3294897626725763,23.39999999999959,149.8950818932674
2,197,383444,-8.748023986816406,2250,timeout,23.649933292982997,45.000000000001435,-84.84670813033142
2,198,384080,-12.015811920166016,2250,timeout,7.252436773170049,45.000000000001435,-79.19366180563179
2,199,384496,-17.580699920654297,1850,miss,5.994362369775255,37.000000000000185,-73.12426995641934
2,200,387980,131.7537078857422,1134,hit,4.65124231911374,22.679999999999605,161.6214687388093
2,201,388540,-7.459075927734375,2250,timeout,6.6226489636947825,45.000000000001435,-83.69871829288846
2,202,389624,130.02349853515625,1282,hit,3.298352377933892,25.639999999999542,158.00996787820122
2,203,393008,129.52301025390625,1117,hit,4.878207904703626,22.339999999999613,160.45285121823582
2,204,393080,-39.597686767578125,2250,timeout,8.047140635853879,45.000000000001435,-79.0970784556058
2,205,396980,-1.8299312591552734,2250,timeout,10.265510558910862,45.000000000001435,-78.4882687472576
2,206,398068,130.9153594970703,1247,hit,3.0670511662528765,24.939999999999557,153.2455006664151
2,207,398564,-20.309574127197266,2235,miss,17.28653671275855,44.70000000000139,-79.92198337543333
2,208,401732,129.06411743164062,1188,hit,3.8333473921826067,23.759999999999582,153.9524929503384
2,209,402008,-18.58694076538086,2250,timeout,6.11563631735659,45.000000000001435,-78.92743015018786
2,210,404888,101.75582122802734,1705,hit,4.260606185251936,34.09999999999973,132.3338068420771
2,211,407564,0.5212783813476562,2250,timeout,19.46594173548141,45.000000000001435,-73.98937798358858
3,212,415520,101.96068572998047,1480,hit,3.2414584137223548,29.599999999999458,140.063056761219
3,213,418508,-14.098133087158203,2227,miss,9.700075341219467,44.54000000000136,-81.50085136067298
3,214,418600,-26.184253692626953,2250,timeout,11.159043723883746,45.000000000001435,-80.6688429741589
3,215,418600,-7.7697906494140625,2250,timeout,12.34010991274745,45.000000000001435,-76.80553728331002
3,216,421336,125.67296600341797,684,hit,4.571555508385904,13.679999999999797,154.5862878864492
3,217,422824,123.06372833251953,1056,hit,2.9643014163876664,21.11999999999964,153.0156567740388
3,218,424520,-5.295864105224609,2250,timeout,12.516806554120858,45.000000000001435,-73.23916945967963
3,219,427148,94.26052856445312,2160,hit,4.661194427705922,43.200000000001154,141.81534198468762
3,220,429376,-5.3798370361328125,2010,miss,14.594661547356276,40.200000000000685,-65.90121795256715
3,221,431824,-7.314235687255859,2250,timeout,5.610333577079063,45.000000000001435,-79.42628900743404
3,222,433520,-2.1836938858032227,2250,timeout,18.729345363199716,45.000000000001435,-59.877147224202794
3,223,435168,130.96592712402344,836,hit,4.996491886925021,16.719999999999732,157.729739733498
3,224,436148,-13.817073822021484,2250,timeout,19.338295742455706,45.000000000001435,-82.67786253649396
3,225,438376,-10.703691482543945,2250,timeout,6.687417833634672,45.000000000001435,-76.45646336373387
3,226,438980,134.22491455078125,953,hit,4.513148915495221,19.059999999999683,164.77899381813197
3,227,442328,133.0337677001953,988,hit,3.5456315106686715,19.759999999999668,163.99961440286273
3,228,442520,-5.129428863525391,2250,timeout,5.389082560123797,45.000000000001435,-79.15775048989862
3,229,444284,103.85425567626953,1326,hit,4.589894184653013,26.519999999999524,141.17636500966242
3,230,444936,-5.121243476867676,2197,miss,7.78792473490481,43.94000000000127,-66.07005427804347
3,231,447724,129.96002197265625,697,hit,3.793990005701164,13.939999999999792,150.2571542711073
3,232,449588,8.858003616333008,1815,miss,6.071399190731099,36.300000000000075,-61.51121107619412
3,233,450048,103.56455993652344,1882,hit,4.96973795139322,37.640000000000285,138.01295968372648
3,234,452508,130.61546325683594,1196,hit,3.4674109522968473,23.91999999999958,159.26346760011285
3,235,453008,-10.087457656860352,2181,miss,9.901784476481772,43.62000000000122,-62.07649498548696
3,236,455660,129.3428955078125,788,hit,4.941815556622088,15.759999999999753,155.33902748523806
3,237,458588,-18.603065490722656,2250,timeout,7.523491658385669,45.000000000001435,-79.48981286193207
3,238,459048,-24.616901397705078,2250,timeout,17.665206331527493,45.000000000001435,-84.65891539601454
3,239,459480,121.98299407958984,955,hit,3.701186617077439,19.09999999999968,147.62741429767559
3,240,462008,-12.826908111572266,2250,timeout,13.272748081549263,45.000000000001435,-66.88707522236129
3,241,465480,133.5712890625,868,hit,3.2661560624751527,17.35999999999972,159.9797107230245
3,242,467492,79.54646301269531,2226,hit,4.734671930722766,44.52000000000136,133.1079978994449
3,243,467688,-0.9705724716186523,2160,miss,5.348813003079444,43.200000000001154,-64.68565669923134
3,244,468480,-3.631977081298828,2250,timeout,13.19087337925604,45.000000000001435,-69.62965960009025
3,245,474480,1.695281982421875,2250,timeout,5.344063599036434,45.000000000001435,-67.75748729032443
3,246,475768,8.854095458984375,1822,miss,5.652382530450756,36.4400000000001,-65.01084971477017
3,247,476320,-3.0903167724609375,2207,miss,6.728420792615991,44.1400000000013,-79.69019091169103
3,248,476688,-18.996551513671875,2250,timeout,14.692490193879152,45.000000000001435,-65.10291829982017
3,249,480764,126.67096710205078,1019,hit,4.838342649304179,20.379999999999654,155.48829361153665
3,250,483480,-10.0767822265625,2250,timeout,14.264877057861373,45.000000000001435,-72.47664339012611
3,251,483752,-4.769548416137695,1996,miss,6.051476782128625,39.92000000000064,-64.7755967249881
3,252,483920,87.23612976074219,1900,hit,4.790805256799993,38.00000000000034,131.41420680828534
3,253,489028,118.7400894165039,1387,hit,4.876095609963395,27.739999999999498,142.28814508793587
3,254,489352,107.42864990234375,1358,hit,3.0134661559411,27.15999999999951,142.4387956351237
3,255,489764,-30.97031593322754,2250,timeout,8.344363354333245,45.000000000001435,-66.88520512841572
3,256,492752,-1.9053382873535156,2250,timeout,5.602704215344653,45.000000000001435,-68.53870809345611
3,257,493136,122.3359603881836,1027,hit,2.836122649016675,20.53999999999965,144.3777836054364
3,258,496276,129.38790893554688,785,hit,4.828089075216482,15.699999999999754,159.62657283479632
3,259,497152,118.57489013671875,1950,hit,4.107339179201194,39.0000000000005,141.57406377065678
3,260,498764,-10.084304809570312,2250,timeout,12.164930441891272,45.000000000001435,-77.05491264088678
3,261,501752,-8.447624206542969,2250,timeout,7.966328612990216,45.000000000001435,-75.3901856219982
3,262,502268,132.29412841796875,876,hit,3.7925140953603607,17.519999999999715,162.9683877692716
3,263,503216,110.2252426147461,1516,hit,4.921882871023869,30.319999999999443,145.582337506521
3,264,504856,-21.301349639892578,2145,miss,7.904151992228263,42.90000000000111,-79.28624124384964
3,265,505548,132.50372314453125,820,hit,4.60740717434833,16.39999999999974,161.82807467208357
3,266,506348,130.63209533691406,783,hit,2.995018816722897,15.659999999999755,161.099857372732
3,267,510752,-5.26872444152832,2250,timeout,15.961040603130034,45.000000000001435,-66.09554385039684
3,268,513856,-2.4608802795410156,2250,timeout,13.659790338565886,45.000000000001435,-85.3827926922522
3,269,514548,-13.883319854736328,2250,timeout,14.190062944648295,45.000000000001435,-70.21909154019217
3,270,515348,-5.7039642333984375,2250,timeout,10.474881741877155,45.000000000001435,-73.15780229860933
3,271,516896,127.61347961425781,1536,hit,4.603732544776155,30.719999999999434,151.49289076255997
3,272,521128,6.420379638671875,1818,miss,6.208853459763412,36.360000000000085,-64.30856142895863
3,273,521376,128.92971801757812,1120,hit,4.878076034663685,22.39999999999961,160.44738048372704
3,274,523548,2.0268211364746094,2250,timeout,8.94962873064124,45.000000000001435,-69.81861152219696
3,275,524348,-2.2774620056152344,2250,timeout,9.121793267066975,45.000000000001435,-65.21213998888535
3,276,526488,126.87052917480469,735,hit,2.3750826442829194,14.699999999999775,157.00423762936845
3,277,529596,-4.031063079833984,2117,miss,8.863516425017439,42.34000000000102,-67.02534212717073
3,278,530376,-14.573650360107422,2250,timeout,12.588033540484235,45.000000000001435,-79.44675661576024
3,279,533348,-15.13908576965332,2250,timeout,6.712591298025689,45.000000000001435,-76.17757398504689
3,280,535252,124.99214935302734,1414,hit,4.436507481116967,28.279999999999486,150.34400863381086
3,281,535424,-3.5277671813964844,2234,miss,12.54318313108534,44.680000000001385,-67.87415011563351
3,282,535452,124.00298309326172,1269,hit,4.87549903309337,25.379999999999548,149.61972916156935
3,283,540960,-3.1200923919677734,1903,miss,9.117840487904482,38.06000000000035,-70.52067713265146
3,284,541332,125.60175323486328,1477,hit,4.498162575408888,29.53999999999946,147.98190316516985
3,285,544252,-0.5810012817382812,2250,timeout,12.066731541035049,45.000000000001435,-70.05504816533163
3,286,544452,-6.482051849365234,2250,timeout,5.318845130072285,45.000000000001435,-70.82454495839369
3,287,545800,120.01514434814453,1117,hit,4.861694025793499,22.339999999999613,144.78797984890866
3,288,547200,128.0701141357422,1560,hit,4.314407250285848,31.199999999999424,150.7042730242458
3,289,548044,119.30181121826172,948,hit,2.9400664583773177,18.959999999999685,145.99618459432855
3,290,553452,-14.087230682373047,2250,timeout,6.372350583106782,45.000000000001435,-73.57941810464602
3,291,554800,3.4528005123138428,2250,timeout,5.15704893319536,45.000000000001435,-72.61730621919008
3,292,556200,-8.95236587524414,2250,timeout,8.388364648467705,45.000000000001435,-75.47926739456882
3,293,557044,-4.813558578491211,2250,timeout,8.676662547216413,45.000000000001435,-68.49590349777618
3,294,559600,128.3655242919922,1200,hit,4.763074328446831,23.999999999999577,151.3359265438042
3,295,560672,132.93313598632812,907,hit,4.040200822693933,18.139999999999702,159.43828160734182
3,296,562452,15.37736701965332,2250,timeout,5.16633012628627,45.000000000001435,-64.27282221795127
3,297,563660,119.5731430053711,747,hit,3.249121140399944,14.93999999999977,153.42053891978105
3,298,565200,-12.271678924560547,2250,timeout,9.733005861960217,45.000000000001435,-79.18580934592522
3,299,566536,110.97368621826172,1734,hit,4.566367758086574,34.67999999999982,134.8479368938852
3,300,571452,-26.604225158691406,2250,timeout,15.051111766646642,45.000000000001435,-84.72052968540734
3,301,572624,-15.215484619140625,2241,miss,8.608174696927767,44.82000000000141,-78.54419461380087
3,302,574200,-21.755523681640625,2250,timeout,11.542081452242297,45.000000000001435,-64.18086799762563
3,303,575536,-13.486749649047852,2250,timeout,26.44870939928423,45.000000000001435,-75.81891261102781
3,304,575784,126.31132507324219,790,hit,4.830382526786123,15.799999999999752,151.01741518392956
3,305,580128,79.2197036743164,2169,hit,3.3706215486347673,43.38000000000118,125.42579893840667
3,306,583200,-45.046627044677734,2250,timeout,11.137688806072822,45.000000000001435,-73.44880844539021
3,307,584172,-10.459980010986328,2159,miss,9.125816867159404,43.18000000000115,-65.23583899643987
3,308,584784,-38.22123718261719,2250,timeout,9.416052975206401,45.000000000001435,-106.10733175504393
3,309,585904,121.05044555664062,676,hit,2.403270147427527,13.5199999999998,151.89612058665296
3,310,589128,-27.57516098022461,2250,timeout,5.431055416952218,45.000000000001435,-88.9829870585933
3,311,592756,-17.94116973876953,2146,miss,6.412064768279605,42.92000000000111,-79.62700162199407
3,312,593784,-26.651382446289062,2250,timeout,15.047026385228913,45.000000000001435,-80.56375497796319
3,313,594824,-24.190670013427734,2230,miss,13.644795925816988,44.60000000000137,-83.51410084591859
3,314,598076,-8.534584045410156,2237,miss,10.113075387309296,44.740000000001395,-67.04566101131407
3,315,600848,-7.3423309326171875,1766,miss,5.345150672797601,35.31999999999992,-69.03515850472566
3,316,601264,132.50440979003906,797,hit,1.9094598404771415,15.939999999999749,163.17381760806555
3,317,601748,-30.916893005371094,2248,miss,10.614124233769632,44.96000000000143,-81.96931777490701
3,318,603824,-12.945219993591309,2250,timeout,8.137341634357107,45.000000000001435,-63.47433547021795
3,319,604732,120.7585678100586,746,hit,4.220288056410209,14.91999999999977,149.76668232579928
3,320,605280,132.59796142578125,1108,hit,4.626643345359427,22.159999999999616,161.3350798724672
3,321,606220,117.59323120117188,1239,hit,4.9778208279295475,24.77999999999956,146.86161243479518
3,322,606596,124.9354248046875,693,hit,4.614190193537968,13.859999999999793,149.45808124871562
3,323,608092,122.76592254638672,703,hit,4.694298886571,14.059999999999789,155.67055139930326
3,324,608572,126.58602905273438,960,hit,3.6229377696521348,19.19999999999968,155.29899396589002
3,325,608960,124.33976745605469,685,hit,3.378693138769407,13.699999999999797,154.42512895905082
3,326,612868,0.3240470886230469,1568,miss,7.754192014135642,31.35999999999942,-66.31014718985799
3,327,614176,124.63607788085938,1401,hit,4.988988882325845,28.01999999999949,153.22687987108247
4,328,619316,130.20497131347656,1229,hit,3.825764646623211,24.579999999999565,158.66770283131996
4,329,623400,-1.8651618957519531,2250,timeout,7.558150042807607,45.000000000001435,-70.19552676512305
4,330,623400,-50.541236877441406,2250,timeout,18.679881596753745,45.000000000001435,-73.86019673637078
4,331,623400,-25.03835678100586,2250,timeout,14.301804636093124,45.000000000001435,-90.28105976747403
4,332,626720,124.26873779296875,830,hit,2.8885480984404572,16.599999999999735,147.4402110941935
4,333,628316,-26.055335998535156,2250,timeout,10.207175677253247,45.000000000001435,-88.67317943629108
4,334,628800,131.94952392578125,1350,hit,4.8762909427275325,26.999999999999513,156.87586808703537
4,335,631624,113.62611389160156,706,hit,3.9623333895698214,14.119999999999788,150.913776155196
4,336,631872,133.7190704345703,889,hit,4.10591463287528,17.77999999999971,161.54837697005007
4,337,632400,-5.542219161987305,2250,timeout,22.14473330618092,45.000000000001435,-66.16944583437822
4,338,634796,128.27935791015625,731,hit,4.475409107258358,14.619999999999777,154.5672052281971
4,339,635720,-9.542106628417969,2250,timeout,12.863520713662984,45.000000000001435,-81.8688894705643
4,340,640004,131.61642456054688,1071,hit,3.9749641418738695,21.419999999999632,158.75529033187536
4,341,640624,-17.90011215209961,2250,timeout,8.38522629750246,45.000000000001435,-78.54673893267368
4,342,641400,-10.7113037109375,2250,timeout,6.8528746848648785,45.000000000001435,-70.66273674284295
4,343,643796,-10.242111206054688,2250,timeout,10.35063560860131,45.000000000001435,-81.62717396627654
4,344,644636,122.4208984375,1003,hit,3.8203818765723385,20.05999999999966,152.70064821635964
4,345,649004,-12.42428970336914,2250,timeout,15.041661586317042,45.000000000001435,-60.48134400112579
4,346,650400,-35.566776275634766,2250,timeout,13.681264033021723,45.000000000001435,-101.37500291209925
4,347,652796,-34.93865203857422,2250,timeout,16.59910714285969,45.000000000001435,-80.90929549316536
4,348,653372,-23.772380828857422,2184,miss,8.644651630748255,43.68000000000123,-79.04992583524839
4,349,654140,126.02494812011719,1284,hit,4.295615584314968,25.67999999999954,151.702204714028
4,350,659400,-13.168437957763672,2250,timeout,6.406896312927596,45.000000000001435,-88.58747497305173
4,351,660200,-29.868614196777344,1851,miss,7.570897587399127,37.02000000000019,-81.19885500555412
4,352,662112,-17.898693084716797,2185,miss,5.832291292209545,43.70000000000123,-88.67759112976944
4,353,663140,-11.139461517333984,2250,timeout,5.6015724899836625,45.000000000001435,-77.22682270839769
4,354,663312,129.23805236816406,778,hit,3.7245326707736197,15.559999999999757,159.24008564090457
4,355,668080,-15.938858032226562,2170,miss,6.7989099576966,43.400000000001185,-81.58296817344346
4,356,671112,-10.44488525390625,2250,timeout,16.517605184232462,45.000000000001435,-89.82553398943357
4,357,672092,-19.799449920654297,2195,miss,13.562419811163677,43.90000000000126,-66.49107343044649
4,358,672140,-25.768070220947266,2250,timeout,6.38157031315216,45.000000000001435,-89.3577215795343
4,359,677080,-21.452030181884766,2250,timeout,7.039318540067001,45.000000000001435,-84.57916778300532
4,360,678656,-14.65549087524414,1886,miss,6.310636466162932,37.7200000000003,-75.11181065592862
4,361,680012,124.75139617919922,733,hit,4.771840119939747,14.659999999999776,153.5207210948524
4,362,681092,-21.93431854248047,2250,timeout,9.212574461623744,45.000000000001435,-75.98497378943159
4,363,681140,-21.377304077148438,2250,timeout,10.99801513656182,45.000000000001435,-86.84067028628587
4,364,681996,133.3135528564453,835,hit,3.300934907755473,16.699999999999733,163.76868499685142
4,365,683956,124.19670867919922,704,hit,4.523187127478476,14.079999999999789,154.6867385320933
4,366,684764,124.57328796386719,692,hit,2.1383125260145928,13.839999999999794,151.90396858941017
4,367,689012,-28.077388763427734,2250,timeout,6.861912756902528,45.000000000001435,-70.16482850259467
4,368,690092,-10.705914497375488,2250,timeout,8.784198020625354,45.000000000001435,-79.05035857394677
4,369,691500,115.15203857421875,1886,hit,4.222137970580293,37.7200000000003,142.99995958601266
4,370,692684,132.68408203125,918,hit,1.4426988479344356,18.359999999999697,159.51972621928866
4,371,693764,-24.853139877319336,2250,timeout,14.154120171027849,45.000000000001435,-78.88393961057365
4,372,697120,134.65699768066406,839,hit,4.585197813093095,16.77999999999973,164.80217749521051
4,373,699092,-27.05288314819336,2250,timeout,5.500803141110207,45.000000000001435,-96.54134244149664
4,374,700500,-40.412227630615234,2250,timeout,6.845022406193961,45.000000000001435,-82.47891605066364
4,375,701684,-30.38288116455078,2250,timeout,10.163014125096145,45.000000000001435,-86.49041671054641
4,376,701780,123.03521728515625,672,hit,4.438551949491476,13.439999999999802,150.89075447033198
4,377,706120,4.465192794799805,2250,timeout,5.546379505393895,45.000000000001435,-63.92708187059628
4,378,706668,101.26261901855469,1542,hit,4.824963659071367,30.83999999999943,149.08241946284213
4,379,706908,124.81673431396484,1306,hit,3.6987572996593636,26.119999999999532,146.23459972231103
4,380,708948,121.90860748291016,707,hit,2.2500262686691497,14.139999999999787,152.49887100214187
4,381,710780,-40.57017517089844,2250,timeout,9.05283430737589,45.000000000001435,-80.39530852387631
4,382,712464,128.58839416503906,1449,hit,4.516998439960298,28.97999999999947,155.02498224292282
4,383,712816,126.53655242919922,1477,hit,3.5768632053996123,29.53999999999946,147.42269453538677
4,384,713400,125.00674438476562,655,hit,2.8451731846240325,13.09999999999981,150.7520135025344
4,385,715788,132.73236083984375,831,hit,2.6110385545338164,16.619999999999735,157.77069812560092
4,386,716860,134.54302978515625,865,hit,1.6355017670023977,17.29999999999972,162.02223969035882
4,387,717948,-14.830760955810547,2250,timeout,15.427222494423946,45.000000000001435,-64.20859993750736
4,388,721816,-13.781518936157227,2250,timeout,5.581945298935904,45.000000000001435,-66.27569449590547
4,389,724788,2.0423688888549805,2250,timeout,7.971084639892831,45.000000000001435,-84.71575907308791
4,390,725860,-38.08543395996094,2250,timeout,10.146806470261287,45.000000000001435,-85.73496419218357
4,391,726948,0.8246192932128906,2250,timeout,11.000472309797077,45.000000000001435,-83.9576950335869
4,392,730200,131.92630004882812,813,hit,4.877796311614419,16.259999999999742,161.1721405622726
4,393,730816,-32.973175048828125,2250,timeout,5.1718716902315505,45.000000000001435,-92.7213208332714
4,394,732532,-18.247344970703125,1936,miss,5.385677758266674,38.720000000000454,-82.86122816610055
4,395,733048,128.46444702148438,712,hit,2.7396354252916915,14.239999999999785,153.76787562276857
4,396,733912,129.38880920410156,774,hit,3.433883723531607,15.479999999999759,156.53847451326237
4,397,734860,-9.653738021850586,2250,timeout,5.982182176493604,45.000000000001435,-69.50679601940166
4,398,735620,130.84400939941406,772,hit,4.415475300654155,15.43999999999976,156.8702907562511
4,399,736860,123.72285461425781,737,hit,4.108301066843743,14.739999999999775,149.53807995315714
4,400,737500,124.26332092285156,660,hit,3.826425966730898,13.199999999999807,151.31098043030676
4,401,739236,133.8880615234375,904,hit,2.3311388233950385,18.079999999999703,166.28300969598462
4,402,739992,130.86636352539062,783,hit,3.567299434825573,15.659999999999755,152.82918182932704
4,403,742048,12.270807266235352,2250,timeout,5.475175348198086,45.000000000001435,-73.48979304499018
4,404,742200,125.60448455810547,1175,hit,3.9234299947343656,23.499999999999588,147.23204630242412
4,405,742644,129.50961303710938,852,hit,4.607644509028803,17.039999999999726,157.49023196445145
4,406,743592,132.00173950195312,900,hit,1.198091513684999,17.999999999999705,158.18539871569217
4,407,744812,129.48822021484375,691,hit,1.9949577007129398,13.819999999999794,153.89753557702656
4,408,746592,129.3604736328125,750,hit,3.09585106761884,14.999999999999769,157.5519878991032
4,409,747676,128.67303466796875,716,hit,2.8917296865770905,14.319999999999784,152.67738114617214
4,410,749128,112.56558990478516,634,hit,4.347402232044887,12.679999999999819,150.76890526619292
4,411,751200,-47.43143081665039,2250,timeout,5.56365415707635,45.000000000001435,-102.29936679540724
4,412,751644,-44.82027053833008,2250,timeout,18.586686886711117,45.000000000001435,-98.80634628338537
4,413,752216,130.92581176757812,772,hit,2.651236467324872,15.43999999999976,157.87679969327644
4,414,755264,121.50105285644531,1016,hit,4.397830816477763,20.319999999999656,149.26868668571382
4,415,756676,-7.983882904052734,2250,timeout,12.429517465627027,45.000000000001435,-70.010975851426
4,416,759864,126.37053680419922,797,hit,3.6344939216863046,15.939999999999749,148.20904178549608
4,417,760644,23.909048080444336,2250,timeout,7.020086926878256,45.000000000001435,-63.56545266063233
4,418,760792,-14.768447875976562,2144,miss,9.266643201266774,42.880000000001104,-74.03324953284373
4,419,763436,131.79176330566406,893,hit,2.9657128442920597,17.859999999999708,159.63584167349993
4,420,763796,-25.932960510253906,2133,miss,12.640999176690451,42.66000000000107,-81.85260702856341
4,421,765584,124.09027099609375,1198,hit,3.006484036903124,23.959999999999578,147.46022416314764
4,422,766924,133.56861877441406,872,hit,1.3559149689564347,17.439999999999717,165.61457114657458
4,423,768904,127.59868621826172,1277,hit,3.7966488100343767,25.539999999999544,148.1497906517052
4,424,769644,-19.678085327148438,2250,timeout,7.744743175587395,45.000000000001435,-84.72406931652637
4,425,772680,131.52084350585938,759,hit,3.3051541607753223,15.179999999999765,156.94538406810983
4,426,773504,83.49409484863281,1645,hit,4.460825469995231,32.899999999999544,132.61498115041866
4,427,774584,-25.29920196533203,2250,timeout,5.225927199405641,45.000000000001435,-77.05999883145866
4,428,776080,11.630287170410156,1794,miss,10.28239404477296,35.88000000000001,-59.65991910898382
4,429,777624,123.39933776855469,1236,hit,4.49824664413922,24.719999999999562,152.85588781947703
4,430,778372,126.22093963623047,1217,hit,3.9705620760588434,24.33999999999957,152.24370802012726
4,431,779632,127.28376770019531,1262,hit,4.579115886388166,25.23999999999955,155.140619410809
4,432,780332,130.91738891601562,1063,hit,4.350533388040662,21.259999999999636,159.65357276819307
4,433,786368,106.4919662475586,1684,hit,4.72736499383581,33.679999999999666,140.53614625814907
4,434,786624,-36.2168083190918,2250,timeout,13.940091372913304,45.000000000001435,-82.6507601918494
4,435,786724,127.24603271484375,1598,hit,4.113702744239336,31.959999999999408,154.43166443428865
4,436,787372,-46.56244659423828,2250,timeout,9.186045258977472,45.000000000001435,-87.26038954735121
4,437,795368,-31.890792846679688,2250,timeout,6.323516882914683,45.000000000001435,-89.11324342502999
4,438,795484,-32.287174224853516,2215,miss,9.073256168749186,44.300000000001326,-92.02268386820776
4,439,795724,-40.81132888793945,2250,timeout,10.350503378743431,45.000000000001435,-87.3209465566377
4,440,796372,-44.190467834472656,2250,timeout,6.3080379225890795,45.000000000001435,-78.20052144592101
4,441,798160,123.92830657958984,669,hit,4.884608997569703,13.379999999999804,154.31456950141958
4,442,798620,126.44112396240234,724,hit,3.6784730095874316,14.47999999999978,153.69039319176886
4,443,798944,119.5440444946289,643,hit,3.978900350342187,12.859999999999815,151.72805891160297
4,444,802368,132.84487915039062,937,hit,3.7573329689474333,18.73999999999969,163.46515371113512
4,445,802608,-3.4036483764648438,1810,miss,9.126054147332475,36.20000000000006,-67.1877715655302
4,446,802884,135.97726440429688,985,hit,4.466370915716149,19.69999999999967,162.4568434459565
4,447,805560,130.20257568359375,798,hit,4.1985515393453605,15.959999999999749,158.22150919095557
4,448,805608,127.25633239746094,750,hit,4.500575953532996,14.999999999999769,152.85218414073654
4,449,807160,16.640024185180664,2250,timeout,6.783388863309402,45.000000000001435,-79.30698860415208
4,450,810636,126.14519500732422,1257,hit,4.412297434882947,25.139999999999553,151.0319921289951
4,451,811884,-47.909217834472656,2250,timeout,9.171392524228239,45.000000000001435,-93.44467506224932
4,452,812696,128.79051208496094,1384,hit,3.2463347375504723,27.6799999999995,148.5662551310433
4,453,814528,121.27600860595703,973,hit,4.957841311864528,19.459999999999674,149.11770173351803
4,454,814560,-34.46760177612305,2250,timeout,12.482982176740906,45.000000000001435,-81.39886648713245
5,455,822544,134.07745361328125,836,hit,2.461500204432172,16.719999999999732,163.538802071583
5,456,824456,125.2347640991211,1314,hit,4.822664822016797,26.27999999999953,149.78699556476204
5,457,828188,126.51400756835938,1411,hit,3.7587909434856726,28.219999999999487,149.7001487365007
5,458,828200,-12.543891906738281,2250,timeout,6.2617585995575675,45.000000000001435,-89.12523854242352
5,459,828200,-43.6209602355957,2250,timeout,5.6053853262367745,45.000000000001435,-98.02110358270632
5,460,831444,131.02572631835938,814,hit,4.79329759182765,16.279999999999742,159.2048961580519
5,461,833456,-19.049652099609375,2250,timeout,8.91341054624451,45.000000000001435,-91.53862770932221
5,462,834588,123.70075988769531,786,hit,4.446994723553773,15.719999999999754,151.4449022048838
5,463,835436,87.91392517089844,1809,hit,3.9973043119604075,36.18000000000006,128.97112748342522
5,464,835988,123.65621948242188,633,hit,4.846784691032886,12.659999999999819,149.95346680939284
5,465,837200,-22.13253402709961,2250,timeout,5.047203816828593,45.000000000001435,-77.16379773552475
5,466,838800,129.2119140625,841,hit,2.7739607230226615,16.81999999999973,154.8203259038038
5,467,838940,121.42701721191406,738,hit,4.638337957112383,14.759999999999774,150.28875502003604
5,468,840364,133.1861114501953,791,hit,1.5961511082538122,15.819999999999752,156.20460523022132
5,469,843588,-9.35714340209961,2250,timeout,5.074542910452468,45.000000000001435,-74.7651511851704
5,470,845720,0.5731315612792969,1695,miss,6.797689106065727,33.8999999999997,-76.38830911582012
5,471,847072,134.008544921875,871,hit,1.9741024468251964,17.419999999999717,159.7909708709572
5,472,847800,-2.711994171142578,2250,timeout,14.30055277614805,45.000000000001435,-73.58740942588769
5,473,849364,-7.660175323486328,2250,timeout,7.815014053504626,45.000000000001435,-79.92896758002796
5,474,850776,119.12518310546875,1264,hit,3.3174258186290957,25.27999999999955,142.78676296109654
5,475,852108,126.75617980957031,1259,hit,3.1774819735452704,25.179999999999552,158.45045316603307
5,476,855216,-10.464889526367188,1854,miss,9.54783928972925,37.0800000000002,-81.90692797413868
5,477,857332,128.5233154296875,1306,hit,3.5213784314221224,26.119999999999532,154.74874967349416
5,478,857456,10.106704711914062,1670,miss,8.13104294008808,33.39999999999962,-54.827632177105045
5,479,858364,-44.592689514160156,2250,timeout,10.869379691357196,45.000000000001435,-75.68408499721393
5,480,858840,133.99191284179688,906,hit,4.981735383751941,18.119999999999703,165.39726375807783
5,481,860784,126.58950805664062,832,hit,2.254308128452211,16.639999999999734,154.97136964465057
5,482,861772,132.1764678955078,852,hit,4.922587068433619,17.039999999999726,163.8803943027553
5,483,866044,92.0516357421875,1801,hit,4.7325507603891594,36.02000000000003,141.06302013785137
5,484,866332,-21.784530639648438,2250,timeout,11.399565488389777,45.000000000001435,-85.51420361150163
5,485,868644,118.5602798461914,1965,hit,4.300427344666367,39.300000000000544,138.36591639290893
5,486,870772,-39.50014114379883,2250,timeout,10.99471457934154,45.000000000001435,-91.98276843883725
5,487,871748,89.72017669677734,1426,hit,4.0846838898845865,28.51999999999948,146.22435181163524
5,488,873448,122.83502960205078,1201,hit,4.6935951810102114,24.019999999999577,145.2190951218596
5,489,875332,-13.3150634765625,2250,timeout,5.037182772559461,45.000000000001435,-70.77576975485857
5,490,877096,134.03741455078125,1337,hit,4.983285707349773,26.73999999999952,158.05180904554945
5,491,879772,6.037590980529785,2250,timeout,5.229005742243609,45.000000000001435,-69.25665871000237
5,492,882240,117.24665069580078,1286,hit,3.6060402355726207,25.71999999999954,146.36742527835435
5,493,882448,-45.59368896484375,2250,timeout,5.115482718484037,45.000000000001435,-106.1179572264023
5,494,884332,-13.01531982421875,2250,timeout,5.6640890408986655,45.000000000001435,-77.63036013780699
5,495,885516,131.95742797851562,767,hit,2.8554633960518343,15.339999999999762,160.01840628322412
5,496,885652,131.24440002441406,1470,hit,4.85533653690463,29.399999999999462,152.90135436769324
5,497,888340,123.57354736328125,672,hit,3.267379608731756,13.439999999999802,150.02929160422784
5,498,891240,-22.090652465820312,2250,timeout,9.733135259697237,45.000000000001435,-100.15543899219936
5,499,892744,-22.54928207397461,1807,miss,6.108352837073147,36.14000000000005,-70.81853183459782
5,500,893332,-36.38008117675781,2250,timeout,17.051544535956307,45.000000000001435,-70.23001458631427
5,501,894392,127.07650756835938,788,hit,3.0113659313542778,15.759999999999753,155.42543144487075
5,502,895428,99.48297882080078,1772,hit,4.491123222114914,35.43999999999994,141.23925093693478
5,503,896460,130.98199462890625,929,hit,3.675962220989874,18.579999999999693,161.55999253137304
5,504,900728,129.084228515625,1325,hit,4.236668707088539,26.499999999999524,147.7428675184406
5,505,900924,131.29922485351562,1116,hit,4.16542590955621,22.319999999999613,160.67492047009605
5,506,902332,-12.56472396850586,2250,timeout,5.665403054155193,45.000000000001435,-78.04949650300365
5,507,903392,-22.607322692871094,2250,timeout,6.4115689746837,45.000000000001435,-84.52831457158955
5,508,905232,127.81806945800781,1077,hit,4.136751528251128,21.53999999999963,158.9185024137177
5,509,909728,-34.762107849121094,2250,timeout,5.16044699891298,45.000000000001435,-101.64082743152262
5,510,911332,-21.904369354248047,2250,timeout,6.46918658441885,45.000000000001435,-104.79279405997161
5,511,911920,105.40267944335938,2132,hit,4.367005068922654,42.640000000001066,128.13856712588264
5,512,914232,19.940410614013672,2250,timeout,5.051498397581813,45.000000000001435,-71.35134117690883
5,513,914944,131.8852996826172,756,hit,3.0076574278518953,15.119999999999767,156.77546894654236
5,514,918728,-25.934040069580078,2250,timeout,8.59106162073784,45.000000000001435,-81.77157532198873
5,515,918964,122.79460906982422,1183,hit,3.8339264755127154,23.659999999999584,144.29952150251677
5,516,920332,9.23508071899414,2250,timeout,8.214021123567932,45.000000000001435,-72.21473328255647
5,517,923944,16.905221939086914,2250,timeout,5.842666148138423,45.000000000001435,-68.98097808773277
5,518,925932,123.59794616699219,1400,hit,4.35430544873863,27.999999999999492,152.0338818818539
5,519,927728,-8.064872741699219,2250,timeout,13.541674355409029,45.000000000001435,-91.72375128197878
5,520,927964,-37.023075103759766,2250,timeout,5.529045526835042,45.000000000001435,-89.9951117453303
5,521,930284,133.7046356201172,1088,hit,2.3130999888020973,21.759999999999625,161.1266569900087
5,522,931004,130.20663452148438,819,hit,4.394462243172989,16.37999999999974,154.5328212389206
5,523,932944,-19.5921630859375,2250,timeout,7.820810111242207,45.000000000001435,-87.41674776209256
5,524,935376,127.16085052490234,1273,hit,3.2201749596995177,25.459999999999546,147.9617618111719
5,525,936876,-20.05291748046875,2228,miss,7.977104137680283,44.56000000000137,-88.38968481524711
5,526,938460,133.32138061523438,1379,hit,2.8850528726215834,27.5799999999995,152.99682006693018
5,527,940004,-18.066280364990234,2250,timeout,7.240429289566518,45.000000000001435,-99.74413038345969
5,528,940604,129.60565185546875,932,hit,3.0697600410917323,18.63999999999969,154.38699533454343
5,529,940640,133.20098876953125,1316,hit,4.29513325629044,26.319999999999528,158.74648397509685
5,530,942192,134.92697143554688,933,hit,3.495141203399574,18.65999999999969,163.3384335869773
5,531,943316,133.044921875,828,hit,1.8985617196228655,16.559999999999736,160.42591056750874
5,532,944140,135.6444091796875,884,hit,3.2667671049093308,17.679999999999712,164.55159056099663
5,533,945280,131.0540771484375,772,hit,4.375701718124524,15.43999999999976,156.30617163300042
5,534,945948,118.72422790527344,658,hit,3.9546853114585954,13.159999999999808,152.9762379754474
5,535,945984,128.57806396484375,1336,hit,3.499574502084561,26.71999999999952,150.5223676333921
5,536,948844,127.6947021484375,724,hit,2.700400335975714,14.47999999999978,150.0433543028183
5,537,949804,128.22711181640625,955,hit,4.698296477276371,19.09999999999968,154.43704260032558
5,538,950832,131.17330932617188,1388,hit,2.600042469938975,27.759999999999497,154.77575748774257
5,539,952500,134.7943878173828,914,hit,3.943374792304022,18.2799999999997,160.4222472407302
5,540,952824,130.74765014648438,755,hit,4.677339271366628,15.099999999999767,156.58913900869825
5,541,953140,-41.301246643066406,2250,timeout,5.616314069744102,45.000000000001435,-100.40999129884395
5,542,954744,132.40992736816406,978,hit,4.081307111018826,19.559999999999672,164.83501375974242
5,543,955372,126.46127319335938,718,hit,4.830398250085015,14.359999999999783,156.61176573007734
5,544,958340,130.1229248046875,1300,hit,3.3147403988833717,25.999999999999535,159.4520127071022
5,545,958380,134.21128845214844,909,hit,4.436803125207267,18.1799999999997,160.12919232864596
5,546,958592,132.0491485595703,805,hit,3.9951513412619724,16.099999999999746,154.05071067101642
5,547,961268,126.10811614990234,722,hit,2.621880501183994,14.439999999999781,154.073654311341
5,548,961572,130.7462158203125,808,hit,4.042105067070197,16.159999999999744,158.90226863994343
5,549,961824,9.989791870117188,2250,timeout,5.250784532403878,45.000000000001435,-87.35121528461816
5,550,964560,123.398193359375,684,hit,4.44442787088569,13.679999999999797,153.55891842017218
5,551,964696,129.95948791503906,1526,hit,4.772011953687919,30.51999999999944,151.3702828850733
5,552,965016,133.90667724609375,937,hit,2.549496887663592,18.73999999999969,160.57149452003384
5,553,968520,134.01138305664062,876,hit,4.2655662234675304,17.519999999999715,161.4224590722107
5,554,969096,126.27523803710938,1134,hit,3.8635592993829255,22.679999999999605,149.69919464817275
5,555,969436,98.04585266113281,1185,hit,3.1819467665689642,23.699999999999584,142.81517898635911
5,556,970220,-20.117809295654297,2162,miss,9.285878783046893,43.24000000000116,-81.11711116156607
5,557,971372,129.80731201171875,713,hit,4.4986783758820135,14.259999999999785,154.2732660633027
5,558,973132,116.43768310546875,924,hit,3.2398966788161503,18.479999999999695,146.34514999513334
5,559,973316,131.3661346435547,1055,hit,4.886975810994828,21.09999999999964,158.94915477542867
5,560,974188,126.89888763427734,704,hit,4.939236840466681,14.079999999999789,150.5067120136411
5,561,976296,130.81993103027344,791,hit,3.4455507414534265,15.819999999999752,158.98952889559322
5,562,976880,123.73333740234375,673,hit,2.202739799494416,13.459999999999802,149.91644050372503
5,563,979220,-37.01759719848633,2250,timeout,6.7168015879810445,45.000000000001435,-79.57602518281254
5,564,979488,122.57457733154297,652,hit,4.893142404613913,13.03999999999981,150.2476001246951
5,565,982092,131.13192749023438,1449,hit,2.7019921182260815,28.97999999999947,156.3820400230852
5,566,982316,-14.89090347290039,2250,timeout,5.794213186637084,45.000000000001435,-92.55714884436037
5,567,984788,132.05116271972656,1392,hit,4.669559206296763,27.839999999999495,154.18782221652557
5,568,985060,130.32289123535156,742,hit,1.527348647987128,14.839999999999772,159.19344940236886
5,569,985844,130.88722229003906,882,hit,2.663363738938792,17.639999999999713,156.8636060740412
5,570,988380,132.65899658203125,898,hit,3.5035361794097786,17.959999999999706,160.7352113732008
5,571,988488,-19.14084243774414,2250,timeout,6.659738275337676,45.000000000001435,-75.17582603286803
5,572,988716,135.4573211669922,914,hit,2.4112878921788217,18.2799999999997,162.48129158541536
5,573,989468,127.95303344726562,906,hit,2.4528551321365364,18.119999999999703,149.6128510722399
5,574,991556,130.88246154785156,767,hit,3.020279388688143,15.339999999999762,158.0388033630722
5,575,992144,134.88693237304688,857,hit,1.7448351724932762,17.139999999999723,160.37880862155808
5,576,992660,128.2476348876953,1070,hit,2.9166992177726656,21.399999999999633,150.0307013113786
5,577,993864,126.7572250366211,1099,hit,4.078731368432486,21.97999999999962,149.37669567141188
5,578,994280,130.27337646484375,681,hit,2.1107102529056747,13.619999999999798,151.73778800183746
5,579,994908,126.16045379638672,691,hit,4.849716191583029,13.819999999999794,154.65857710843724
5,580,1000548,-25.049827575683594,1972,miss,15.942613849532036,39.440000000000566,-93.18172710760395
5,581,1000728,129.66506958007812,1455,hit,3.3729774943104305,29.09999999999947,152.70561425963126
5,582,1002864,-25.745662689208984,2250,timeout,6.7368802008246425,45.000000000001435,-90.91974865828931
5,583,1003280,-4.570316314697266,2250,timeout,5.84432412336573,45.000000000001435,-73.77688268538522
5,584,1006764,121.2035903930664,975,hit,4.450150233488489,19.499999999999673,145.31665382802356
5,585,1009548,-24.687252044677734,2250,timeout,6.902470229290209,45.000000000001435,-82.74803447292982
5,586,1009728,-20.50674819946289,2250,timeout,6.079725905461582,45.000000000001435,-86.17184312314659
5,587,1010304,123.61886596679688,885,hit,3.864878617172185,17.69999999999971,147.340619371507
5,588,1012256,127.56990814208984,677,hit,3.7424693053270777,13.5399999999998,150.5247607505607
5,589,1012280,-12.214363098144531,2250,timeout,10.469796209441583,45.000000000001435,-81.4681751841936
5,590,1012356,125.62770080566406,657,hit,1.7970720132801223,13.139999999999809,152.35483447296235
5,591,1015144,125.24977111816406,697,hit,1.7831637464989645,13.939999999999792,154.37622354181337
5,592,1015592,133.16348266601562,828,hit,4.0493686632018235,16.559999999999736,157.44619340556454
5,593,1016200,127.59258270263672,1474,hit,2.785879208742862,29.47999999999946,150.10361087846275
5,594,1016568,119.6492919921875,1078,hit,3.5679503204453487,21.55999999999963,145.83095808936935
5,595,1018588,134.48744201660156,861,hit,3.6826222363663437,17.21999999999972,160.4452252316952
5,596,1018632,125.494873046875,760,hit,1.9590146938807584,15.199999999999765,149.13929146669872
5,597,1019092,128.4542236328125,723,hit,2.4143212248471038,14.45999999999978,151.3902479347463
5,598,1019684,133.03402709960938,779,hit,3.9832691706334518,15.579999999999757,160.43461272531272
5,599,1022264,131.20260620117188,793,hit,2.7581827007604223,15.85999999999975,155.9626680211174
5,600,1023016,131.97422790527344,1107,hit,4.868412908133879,22.139999999999617,158.0957366010912
6,601,1028356,127.89726257324219,1089,hit,4.2693198351286314,21.779999999999625,150.9084450587368
6,602,1031772,132.2288818359375,854,hit,3.584071361183887,17.079999999999725,159.24841496642514
6,603,1033000,-7.507930755615234,2250,timeout,12.091821930737346,45.000000000001435,-77.68581539641586
6,604,1033000,-9.72299575805664,2250,timeout,14.308046332665981,45.000000000001435,-77.66577940014785
6,605,1033000,-31.222415924072266,2250,timeout,8.217888243740399,45.000000000001435,-76.73528730879039
6,606,1036444,130.7637939453125,861,hit,2.274618813493757,17.21999999999972,165.75529221139135
6,607,1036452,130.20814514160156,1170,hit,4.69608301518847,23.39999999999959,151.53153573345315
6,608,1036644,134.85389709472656,911,hit,0.48641610053995354,18.2199999999997,161.23304473250914
6,609,1040208,134.05621337890625,939,hit,3.8035393343932498,18.77999999999969,162.8776116706528
6,610,1042000,-48.10700225830078,2250,timeout,8.16835103246448,45.000000000001435,-100.39791603383419
6,611,1043152,131.93324279785156,736,hit,4.989285065534448,14.719999999999775,154.34361229370194
6,612,1045232,-10.771129608154297,2197,miss,5.627869407870376,43.94000000000127,-76.07290893580341
6,613,1045644,-10.69930648803711,2250,timeout,5.38608900265728,45.000000000001435,-87.22152970324369
6,614,1045752,135.72140502929688,938,hit,3.8223831269216486,18.75999999999969,165.09700346342305
6,615,1048604,128.7080078125,713,hit,2.688531208762784,14.259999999999785,153.81204232387205
6,616,1048860,119.76415252685547,804,hit,3.122336838696762,16.079999999999746,149.57698126072322
6,617,1051056,129.029052734375,1456,hit,3.073920486577364,29.119999999999468,156.32634910271446
6,618,1051860,132.00845336914062,814,hit,4.382049395946304,16.279999999999742,158.42637157307627
6,619,1052152,-17.199472427368164,2250,timeout,5.571812767079879,45.000000000001435,-77.31463825663036
6,620,1055356,130.83738708496094,801,hit,4.418496852015295,16.019999999999747,155.5599161558575
6,621,1057860,6.571805953979492,2250,timeout,5.043826797283739,45.000000000001435,-70.56092314276604
6,622,1059576,129.03981018066406,1929,hit,4.4276482069244425,38.58000000000043,149.2832433848101
6,623,1059584,126.58345794677734,1057,hit,3.6085570627921264,21.139999999999638,149.04573436210302
6,624,1060056,-20.98231315612793,2250,timeout,7.694836552576985,45.000000000001435,-67.45240088511216
6,625,1061768,129.54537963867188,977,hit,4.454898096375105,19.539999999999672,151.04218715690104
6,626,1063016,131.97792053222656,860,hit,4.153671913084731,17.199999999999722,164.8494278650378
6,627,1065216,131.55653381347656,1290,hit,2.8368818395726354,25.79999999999954,152.36093139474275
6,628,1068584,-36.260581970214844,2250,timeout,7.1099133376416095,45.000000000001435,-87.11933666006938
6,629,1069636,131.3579864501953,1105,hit,4.301899900821745,22.099999999999618,161.63082116143903
6,630,1070768,-21.17331314086914,2250,timeout,8.730910797655973,45.000000000001435,-79.52640639277308
6,631,1072016,-40.70905685424805,2250,timeout,5.191415624744537,45.000000000001435,-75.01304855678492
6,632,1073356,133.26670837402344,930,hit,4.1498333739942295,18.599999999999692,161.79456650354416
6,633,1073744,131.724365234375,744,hit,3.580947321960532,14.879999999999772,158.29574576848876
6,634,1075696,135.27345275878906,920,hit,4.38392963972855,18.399999999999697,162.96538060736356
6,635,1076420,130.83294677734375,766,hit,2.326495580430209,15.319999999999762,156.68895863353652
6,636,1077584,-28.261505126953125,2250,timeout,21.903335046208227,45.000000000001435,-95.7156224120674
6,637,1082744,10.525444030761719,2250,timeout,12.919370034623595,45.000000000001435,-64.9762788820794
6,638,1084696,-52.02845001220703,2250,timeout,16.43195331733074,45.000000000001435,-81.998984249189
6,639,1085420,-18.396625518798828,2250,timeout,6.192534875580729,45.000000000001435,-82.87074111369485
6,640,1086388,134.46253967285156,911,hit,4.149146183812599,18.2199999999997,164.12449985357205
6,641,1086584,-25.824234008789062,2250,timeout,16.097373742915025,45.000000000001435,-83.1002856606344
6,642,1088324,129.34774780273438,726,hit,2.343534478205241,14.51999999999978,154.01529828013125
6,643,1089996,133.52911376953125,853,hit,4.996089812618546,17.059999999999725,158.4852930848124
6,644,1093696,-22.02008056640625,2250,timeout,12.610376536907943,45.000000000001435,-80.86914443447822
6,645,1093800,93.60016632080078,1853,hit,4.565752746723327,37.060000000000194,142.6504812073566
6,646,1094168,128.2459716796875,1043,hit,2.980013427650195,20.859999999999644,154.41977861579215
6,647,1097324,-29.513141632080078,2250,timeout,6.371547515500508,45.000000000001435,-95.88369314435457
6,648,1100064,113.20806121826172,1566,hit,3.3301808182289316,31.31999999999942,137.43556569528266
6,649,1101748,-34.74461364746094,1895,miss,11.031683695579007,37.900000000000325,-83.9260748576366
6,650,1102428,129.4132843017578,1276,hit,4.477392041877091,25.519999999999545,158.1751321630254
6,651,1102696,10.58837890625,2250,timeout,5.349822955101567,45.000000000001435,-65.2551822337816
6,652,1105360,124.53734588623047,666,hit,4.2388394118722825,13.319999999999805,154.18605258295912
6,653,1108496,126.21724700927734,1517,hit,3.9905438182195567,30.339999999999442,154.76620371411502
6,654,1109064,-43.80004119873047,2250,timeout,9.463673497614934,45.000000000001435,-74.47562350239984
6,655,1109192,-5.088130950927734,1861,miss,7.292201941415395,37.22000000000022,-57.44982837198832
6,656,1112112,-1.1063423156738281,1688,miss,9.28206858815832,33.75999999999968,-73.54309121217274
6,657,1116844,114.10729217529297,1913,hit,4.023024707623541,38.26000000000038,134.62282529484065
6,658,1117496,6.551591873168945,2250,timeout,7.899373646196386,45.000000000001435,-76.19206429282754
6,659,1118064,-44.35350799560547,2250,timeout,6.368227228783536,45.000000000001435,-92.04192765432495
6,660,1120908,126.96295166015625,1016,hit,4.080320446250458,20.319999999999656,152.41271352549998
6,661,1120912,126.36206817626953,712,hit,4.280258848513154,14.239999999999785,156.3356304212146
6,662,1121112,4.871208190917969,2250,timeout,6.140720463781475,45.000000000001435,-74.34776810732784
6,663,1123580,120.86912536621094,617,hit,2.9221394440053126,12.339999999999826,151.3707296773166
6,664,1123820,123.38370513916016,727,hit,3.9821932988737054,14.539999999999779,155.16250710035786
6,665,1126496,-6.955163955688477,2250,timeout,7.831565621717463,45.000000000001435,-73.83764217874634
6,666,1127068,131.41339111328125,812,hit,2.9286287742114383,16.239999999999743,158.02634262817824
6,667,1127376,130.65353393554688,949,hit,4.393069916343363,18.979999999999684,159.93804092669612
6,668,1129908,-14.156524658203125,2250,timeout,7.127676028846284,45.000000000001435,-90.56809392459573
6,669,1130204,129.57945251464844,707,hit,3.8989562712383155,14.139999999999787,151.9509995000056
6,670,1133132,130.04356384277344,732,hit,1.0722689073964622,14.639999999999777,153.92489634027314
6,671,1134120,129.45501708984375,1053,hit,4.378644027096436,21.05999999999964,155.786477119576
6,672,1135124,-38.03971481323242,2157,miss,5.498093481721403,43.140000000001145,-93.16923994588007
6,673,1136068,-0.5209007263183594,2250,timeout,10.689311968068658,45.000000000001435,-74.89434203844736
6,674,1138828,126.7559585571289,690,hit,1.7287072260105254,13.799999999999795,151.1772813061851
6,675,1139180,128.01821899414062,1265,hit,3.321046949246608,25.29999999999955,149.92635973496766
6,676,1142100,125.17675018310547,730,hit,2.8711958235697512,14.599999999999778,155.5427497279097
6,677,1142132,-37.311683654785156,2250,timeout,20.196805859437706,45.000000000001435,-80.48232638995194
6,678,1144124,-43.82524490356445,2250,timeout,5.739270834367451,45.000000000001435,-79.70616600576113
6,679,1146380,117.54634857177734,1070,hit,4.960299396351036,21.399999999999633,147.87561300256476
6,680,1146668,131.31919860839844,1134,hit,2.9477834313745115,22.679999999999605,157.8997602141793
6,681,1147828,21.612037658691406,2250,timeout,5.2554285391605635,45.000000000001435,-71.99420086904465
6,682,1149428,128.561767578125,1326,hit,4.762152300528193,26.519999999999524,150.79703588105065
6,683,1150916,129.52102661132812,772,hit,2.6659783513938247,15.43999999999976,158.17948148108624
6,684,1151964,132.0225830078125,1324,hit,4.883395615050042,26.479999999999524,156.24029480328483
6,685,1152108,126.96570587158203,670,hit,3.0964206754935057,13.399999999999803,153.69370305419486
6,686,1152376,14.742058753967285,1499,miss,7.92711398022642,29.97999999999945,-54.92517679326257
6,687,1155280,123.04811096191406,829,hit,4.536242813921135,16.579999999999735,148.19736615417648
6,688,1155660,131.6658935546875,821,hit,3.6608924153397573,16.41999999999974,159.49572022414503
6,689,1156292,123.28009033203125,1344,hit,4.879420191530624,26.879999999999516,145.83439148310222
6,690,1158448,127.8156509399414,792,hit,1.5806451374295951,15.839999999999751,157.8673211468075
6,691,1160004,-35.426422119140625,1974,miss,6.651703669836729,39.48000000000057,-82.79147513923297
6,692,1161556,129.10488891601562,777,hit,1.7749342665443975,15.539999999999758,159.30021553783908
6,693,1164304,129.43838500976562,1075,hit,4.837788511381593,21.49999999999963,153.09788153273632
6,694,1164660,-12.012211799621582,2250,timeout,6.278870094942711,45.000000000001435,-73.11878023115852
6,695,1165292,4.379810333251953,2250,timeout,9.163564858171206,45.000000000001435,-70.13124294316121
6,696,1168572,132.37867736816406,820,hit,4.115139594813781,16.39999999999974,161.60346380346252
6,697,1168964,-36.729679107666016,1852,miss,8.527795255555871,37.04000000000019,-82.83712019471051
6,698,1173304,-40.166324615478516,2250,timeout,7.117024323935042,45.000000000001435,-85.6858695630596
6,699,1173660,-28.503097534179688,2250,timeout,5.370540325366529,45.000000000001435,-73.80988400956008
6,700,1175160,131.00604248046875,1549,hit,4.154837974142778,30.97999999999943,156.3983542131415
6,701,1177572,-15.557010650634766,2250,timeout,7.200399811644091,45.000000000001435,-77.6986960287687
6,702,1178256,131.76272583007812,774,hit,1.1993009822274376,15.479999999999759,160.00993530277486
6,703,1182196,115.3665771484375,2134,hit,4.305019639115911,42.68000000000107,141.61768078128648
6,704,1182304,-21.913681030273438,2250,timeout,5.101146283637457,45.000000000001435,-92.00567985093907
6,705,1182576,130.52117919921875,1251,hit,4.375241333157867,25.019999999999555,160.3229153590324
6,706,1184928,124.07785034179688,656,hit,3.8595285046618506,13.11999999999981,152.1111093876267
6,707,1187256,16.336177825927734,2250,timeout,5.224807546391064,45.000000000001435,-74.61929684614627
6,708,1190548,125.4996337890625,1405,hit,3.3154610643130416,28.09999999999949,149.3832024394171
6,709,1191196,-43.52097702026367,2250,timeout,11.071294923920785,45.000000000001435,-81.95450214415865
6,710,1191576,-36.40962219238281,2250,timeout,7.220341302171844,45.000000000001435,-84.3702087829362
6,711,1191904,129.2974090576172,1162,hit,4.98232162826796,23.239999999999593,158.1252496593337
6,712,1194164,134.17166137695312,904,hit,4.246176685667247,18.079999999999703,162.91831993937234
6,713,1194320,120.99359130859375,781,hit,2.836898674188027,15.619999999999756,152.51267204719977
6,714,1196276,132.0478057861328,1175,hit,4.058745899770779,23.499999999999588,159.00669370918138
6,715,1197548,130.09580993652344,846,hit,3.372498513162236,16.919999999999728,154.7899325366369
6,716,1200788,131.79879760742188,810,hit,3.024504833960202,16.199999999999743,159.56681283675698
6,717,1200904,-47.7202262878418,2250,timeout,6.056318510855828,45.000000000001435,-89.95191220349042
6,718,1203320,-40.65514373779297,2250,timeout,7.102356355640743,45.000000000001435,-73.71268485455616
6,719,1204160,131.52760314941406,814,hit,2.6283606726643365,16.279999999999742,159.51941995162457
6,720,1205276,-27.10768699645996,2250,timeout,8.698462649621916,45.000000000001435,-68.20830877208772
6,721,1209584,123.82267761230469,1077,hit,3.8002012964425385,21.53999999999963,145.48670626684574
6,722,1209788,-13.901470184326172,2250,timeout,7.464107596283956,45.000000000001435,-81.87218829939846
6,723,1211880,-43.783851623535156,2140,miss,7.693868485446065,42.80000000000109,-87.9204964715284
6,724,1212664,129.43113708496094,770,hit,3.8460382051172957,15.39999999999976,160.14658587129045
6,725,1212740,128.3812713623047,738,hit,4.486136729902204,14.759999999999774,152.26561955185926
6,726,1213160,-45.30752182006836,2250,timeout,5.185048815013476,45.000000000001435,-86.22404458603889
6,727,1215648,135.59683227539062,942,hit,1.3698237374873414,18.839999999999687,163.90385201485802
6,728,1215944,128.33868408203125,820,hit,4.239192345972474,16.39999999999974,153.00221908600165
6,729,1218424,125.87879180908203,694,hit,3.311012842182662,13.879999999999793,151.0182973532859
6,730,1220400,128.21368408203125,1114,hit,3.429075164002922,22.279999999999614,156.89467463909438
6,731,1221740,-32.92127227783203,2250,timeout,11.94315742876155,45.000000000001435,-61.642853050639424
6,732,1222160,8.23060417175293,2250,timeout,8.363224276511337,45.000000000001435,-63.08616894212524
6,733,1222656,124.12969970703125,1058,hit,4.938447578411652,21.159999999999638,153.09719294263692
6,734,1225088,132.1006317138672,837,hit,1.6198119019513049,16.739999999999732,161.55068136941688
6,735,1225104,130.17984008789062,736,hit,1.8117474277516872,14.719999999999775,154.87080296189643
6,736,1225716,124.30902099609375,1329,hit,4.057615392588514,26.579999999999522,149.51196206966694
6,737,1226164,133.45068359375,877,hit,2.6123152056382555,17.539999999999715,162.48612772751815
6,738,1227976,127.70793151855469,718,hit,4.58111090614513,14.359999999999783,154.52629013719604
7,739,1231868,180.1734619140625,767,hit,2.803614463286333,15.339999999999762,161.49997657692472
7,740,1232304,164.91061401367188,876,hit,3.2047760393609344,17.519999999999715,174.28856164622204
7,741,1232356,157.17095947265625,889,hit,3.9245653876881508,17.77999999999971,168.75975986004653
7,742,1234436,147.90106201171875,642,hit,3.734812719573676,12.839999999999815,157.95681579893014
7,743,1235644,162.16888427734375,822,hit,4.0565001312982645,16.43999999999974,170.45693325238062
7,744,1237800,14.796977996826172,2250,timeout,5.661246822404225,45.000000000001435,-75.56153755255914
7,745,1238896,169.60696411132812,1115,hit,4.068197954883235,22.299999999999613,170.47744936404902
7,746,1239000,166.4525146484375,839,hit,4.984512813256843,16.77999999999973,168.2720164957178
7,747,1239196,-11.235992431640625,1723,miss,7.116139247775034,34.45999999999979,-66.88676818774057
7,748,1242488,171.7342529296875,872,hit,1.6873686790640472,17.439999999999717,166.75033207288533
7,749,1242592,178.85610961914062,924,hit,0.9737649498223747,18.479999999999695,172.24594788423124
7,750,1245400,110.97508239746094,1900,hit,4.126944058038747,38.00000000000034,154.57318864921186
7,751,1245916,136.28414916992188,1680,hit,4.705478787313171,33.59999999999965,149.31166269988285
7,752,1246124,177.19187927246094,883,hit,4.863827714717171,17.659999999999712,170.33549623286058
7,753,1246128,136.5679931640625,910,hit,4.202332413433836,18.1999999999997,153.52306793107147
7,754,1248336,166.63690185546875,734,hit,1.5746630046812304,14.679999999999776,162.22421481999868
7,755,1250752,161.37908935546875,1157,hit,3.6863297779281576,23.139999999999596,161.49769168302865
7,756,1251740,168.7333984375,851,hit,2.4002709776607194,17.019999999999726,166.41545694098457
7,757,1254868,166.2484893798828,1029,hit,3.0058445074314886,20.57999999999965,168.95486536171478
7,758,1254916,-22.855934143066406,2250,timeout,7.455508778566885,45.000000000001435,-61.26423822976038
7,759,1255128,-20.621437072753906,2250,timeout,6.834533221923951,45.000000000001435,-75.01775306674082
7,760,1255424,158.650634765625,921,hit,4.120757833294638,18.419999999999696,174.54841333833446
7,761,1257988,164.81846618652344,641,hit,4.832579843144934,12.819999999999816,157.6663698226646
7,762,1259428,152.0604705810547,1140,hit,4.482721789008529,22.799999999999603,167.12358356051254
7,763,1259932,159.8624725341797,1254,hit,4.146148241765261,25.079999999999554,170.26192299768184
7,764,1263328,157.52699279785156,1335,hit,4.907528299957202,26.69999999999952,164.56738677613424
7,765,1264128,-44.28447341918945,2250,timeout,7.829692589686312,45.000000000001435,-81.59961675791693
7,766,1266040,149.30223083496094,678,hit,4.947956153980478,13.5599999999998,155.88006526523426
7,767,1268428,-14.962493896484375,2250,timeout,5.377173877385102,45.000000000001435,-58.447876095541886
7,768,1268932,-57.14556121826172,2250,timeout,6.048634431369056,45.000000000001435,-85.87785569165943
7,769,1270612,159.15109252929688,1143,hit,2.6957318570424227,22.8599999999996,161.6113329042908
7,770,1272128,155.97311401367188,799,hit,4.041810377221557,15.979999999999748,166.0235382814311
7,771,1273128,-1.4050827026367188,2250,timeout,9.309791290338385,45.000000000001435,-71.54762239917522
7,772,1276956,174.3500518798828,957,hit,4.82832874205953,19.13999999999968,171.1177556668062
7,773,1276984,173.5683135986328,1214,hit,2.124845481713713,24.27999999999957,170.96268810964264
7,774,1277428,-61.65370178222656,2250,timeout,6.626000778080257,45.000000000001435,-82.70311364289729
7,775,1279612,12.911022186279297,2250,timeout,5.738268845096892,45.000000000001435,-71.69152009710758
7,776,1280940,158.55422973632812,878,hit,4.635776524285975,17.559999999999715,174.4724932701021
7,777,1282884,162.99490356445312,1475,hit,3.2248408016113728,29.49999999999946,170.18359143137167
7,778,1284756,147.2052001953125,954,hit,3.9241538749970237,19.079999999999682,153.5913966338005
7,779,1285292,171.35107421875,1420,hit,2.5787414808418765,28.399999999999483,167.7415114423772
7,780,1285956,-17.63915252685547,2250,timeout,5.19818973597594,45.000000000001435,-65.27486209717377
7,781,1288252,157.2936553955078,740,hit,4.501265491863897,14.799999999999773,163.30703613745666
7,782,1290360,133.51187133789062,1401,hit,3.913419113607104,28.01999999999949,156.51069948928546
7,783,1291884,-23.933513641357422,2250,timeout,5.564434161897438,45.000000000001435,-69.51782675038426
7,784,1293248,-22.688045501708984,1823,miss,7.914348791893551,36.4600000000001,-64.82587854172513
7,785,1293392,145.6693878173828,758,hit,3.925965050025646,15.159999999999766,156.77190972537875
7,786,1296904,166.79872131347656,878,hit,3.4292301752063,17.559999999999715,168.49198232887073
7,787,1297104,155.07400512695312,964,hit,3.9094910418929505,19.279999999999678,170.64078060827404
7,788,1297252,-16.505722045898438,2250,timeout,5.859451330787389,45.000000000001435,-63.16192160350186
7,789,1299880,162.58970642089844,694,hit,1.793050703979816,13.879999999999793,157.66684752569097
7,790,1300460,-14.333362579345703,2144,miss,6.7247324101942745,42.880000000001104,-58.17113840865328
7,791,1301024,170.51719665527344,943,hit,2.44382704510745,18.859999999999687,175.78535321163602
7,792,1301760,166.41802978515625,1214,hit,4.700385386284534,24.27999999999957,169.59564998582823
7,793,1303964,155.46466064453125,1021,hit,3.8028357578501266,20.419999999999654,165.15144483397611
7,794,1304564,170.8983612060547,701,hit,4.908331698521678,14.01999999999979,161.81563819039417
7,795,1305188,169.51809692382812,1182,hit,3.5734209301706708,23.639999999999585,164.08185211654308
7,796,1307988,172.85235595703125,856,hit,4.496614790093333,17.119999999999724,171.53648438610017
7,797,1309784,-39.14383316040039,2190,miss,8.314320681710482,43.80000000000125,-65.90040337123153
7,798,1310032,168.31146240234375,1211,hit,3.9198658672421094,24.219999999999573,159.8492292400237
7,799,1311636,169.25106811523438,912,hit,1.6770249468059837,18.2399999999997,165.10504104881102
7,800,1312964,-26.272756576538086,2250,timeout,8.221896791210174,45.000000000001435,-55.618150835811655
7,801,1312972,166.71437072753906,797,hit,2.2701635136431,15.939999999999749,163.3264553077112
7,802,1315784,136.65121459960938,1037,hit,4.853032661726371,20.739999999999647,154.946863043078
7,803,1316008,150.5149383544922,759,hit,4.652502252434544,15.179999999999765,166.22948707613352
7,804,1318152,-0.8851089477539062,2030,miss,5.001777577122002,40.60000000000075,-50.556373005118445
7,805,1318668,150.0587921142578,721,hit,4.227281321237132,14.419999999999781,160.3951980397167
7,806,1320564,151.8114471435547,1139,hit,4.306209456609702,22.779999999999603,161.44108690118335
7,807,1321544,161.2865447998047,719,hit,1.9282228926265759,14.379999999999782,157.7191642963569
7,808,1321788,-42.96696090698242,2206,miss,7.3163625808318224,44.1200000000013,-79.43667546840776
7,809,1324452,151.76077270507812,1575,hit,4.379901416030923,31.499999999999417,164.19276776104675
7,810,1325272,162.7671661376953,1177,hit,3.2858639981284874,23.539999999999587,165.63535922546868
7,811,1327672,121.48371124267578,1471,hit,4.882768707237969,29.41999999999946,147.16671540166826
7,812,1328752,160.47650146484375,870,hit,3.5942949201300465,17.399999999999718,172.07685570876617
7,813,1330544,-31.444992065429688,2250,timeout,7.206953359386527,45.000000000001435,-71.65890978630344
7,814,1332096,159.56304931640625,836,hit,4.031801912011876,16.719999999999732,170.9288972978769
7,815,1333440,-33.312442779541016,2247,miss,9.432598528511804,44.940000000001426,-57.570534484661245
7,816,1335012,154.5812225341797,729,hit,3.806443120406859,14.579999999999778,160.61975040812843
7,817,1335980,155.260009765625,1359,hit,3.3869214556228675,27.17999999999951,154.72439742913483
7,818,1336672,-25.79159164428711,2250,timeout,7.57459535288797,45.000000000001435,-66.28320956021463
7,819,1338484,171.32229614257812,868,hit,1.7798039533679004,17.35999999999972,173.79882585751733
7,820,1342440,26.63214111328125,2250,timeout,5.06574347023608,45.000000000001435,-63.2548330440059
7,821,1342876,171.74850463867188,1551,hit,4.444821451673279,31.019999999999428,164.1619261603284
7,822,1343080,171.60540771484375,1149,hit,4.157870595235263,22.9799999999996,158.04208565984177
7,823,1344980,-75.19815063476562,2250,timeout,13.900522648108796,45.000000000001435,-82.59334109879856
7,824,1347892,147.68406677246094,1254,hit,4.7977114806175125,25.079999999999554,160.84097518817168
7,825,1351440,14.706352233886719,2250,timeout,7.28748818914258,45.000000000001435,-67.07290272856423
7,826,1352080,-20.451988220214844,2250,timeout,6.342538311979207,45.000000000001435,-72.16984735523383
7,827,1353980,8.173263549804688,2250,timeout,5.338596755271579,45.000000000001435,-62.26540645968811
7,828,1354876,164.68429565429688,699,hit,2.307377864043614,13.97999999999979,159.50433238441218
7,829,1356624,166.5142059326172,661,hit,2.221370543967402,13.219999999999807,159.07817210437662
7,830,1356892,-39.54410934448242,2250,timeout,18.55415470399356,45.000000000001435,-56.81522736016423
7,831,1360060,151.42221069335938,1296,hit,4.831690381848904,25.919999999999536,169.28407595317486
7,832,1360440,-80.16781616210938,2250,timeout,15.175200439330474,45.000000000001435,-85.37223993937918
7,833,1360592,164.48184204101562,925,hit,4.1356022550640255,18.499999999999694,173.28028201885212
7,834,1362932,143.47850036621094,718,hit,4.600943318905289,14.359999999999783,154.55754613231613
7,835,1363288,149.75518798828125,674,hit,3.978903985385244,13.479999999999801,157.14120265291407
7,836,1365624,-41.394412994384766,2250,timeout,5.535363902868989,45.000000000001435,-74.32084125276234
7,837,1366048,166.0087127685547,690,hit,2.9106239892159063,13.799999999999795,162.52308198266275
7,838,1366244,137.7998809814453,1451,hit,4.356395407498533,29.01999999999947,153.3180793052747
7,839,1368208,165.27212524414062,1319,hit,3.9237393412789814,26.379999999999526,162.79354432544412
7,840,1369124,154.80935668945312,875,hit,4.86598292042643,17.499999999999716,171.69296122934384
7,841,1369628,156.26150512695312,895,hit,3.952124174041021,17.899999999999707,166.82163383635225
7,842,1369728,166.09056091308594,871,hit,4.610980316519543,17.419999999999717,165.79378377685774
7,843,1371400,150.9669647216797,798,hit,3.9618379580619827,15.959999999999749,158.42788991258396
7,844,1372684,155.37863159179688,739,hit,4.304218440628703,14.779999999999774,166.3305747636888
7,845,1373376,178.59100341796875,1063,hit,2.4744040103344793,21.259999999999636,165.75484231347832
7,846,1375492,157.23243713378906,1023,hit,4.536047349104627,20.459999999999653,172.6573637115447
7,847,1376484,165.5550079345703,777,hit,2.3447659147017212,15.539999999999758,169.7573145362743
7,848,1378020,149.1318817138672,632,hit,3.5809908724167356,12.63999999999982,156.72392651292841
7,849,1378628,-69.58477783203125,2250,timeout,12.857706562471147,45.000000000001435,-85.56879670214063
7,850,1381192,149.46311950683594,1177,hit,4.059319709239574,23.539999999999587,159.14117012047342
7,851,1381684,-37.638816833496094,2250,timeout,6.845783279099632,45.000000000001435,-69.07421747954982
7,852,1382032,138.66419982910156,1003,hit,4.2654760755386105,20.05999999999966,151.03883632970488
7,853,1387560,146.88363647460938,1382,hit,3.7167659755902327,27.6399999999995,152.65491381795738
7,854,1387628,26.97259521484375,2250,timeout,5.661073150299382,45.000000000001435,-65.02170019716829
7,855,1388836,-7.16015625,1911,miss,9.071022252772382,38.220000000000375,-58.74026433152301
7,856,1390236,-31.123977661132812,2138,miss,5.66808155629494,42.760000000001085,-79.96737077254367
7,857,1391448,160.6368408203125,955,hit,3.268552065377183,19.09999999999968,161.72607923529839
7,858,1391476,153.4701690673828,660,hit,3.497394957757468,13.199999999999807,158.88544320091853
7,859,1392868,145.20431518554688,1327,hit,4.489567659810188,26.539999999999523,168.68577035196103
7,860,1394544,159.3899383544922,1077,hit,3.3950866023849477,21.53999999999963,162.41584144390612
7,861,1395460,163.54942321777344,1003,hit,3.6875699356224723,20.05999999999966,171.42375557572493
7,862,1396272,149.54747009277344,1199,hit,3.9480294599465324,23.979999999999578,160.86155888971058
7,863,1396324,156.7643280029297,864,hit,3.591541265024516,17.27999999999972,152.5724411577849
7,864,1397428,159.9072723388672,721,hit,2.6001941781278783,14.419999999999781,161.8452173981408
7,865,1399000,158.64013671875,885,hit,4.44703306656575,17.69999999999971,169.89712420690597
7,866,1399400,169.25067138671875,769,hit,1.9870825959102991,15.379999999999761,162.97624504843992
7,867,1400880,169.89024353027344,863,hit,3.1751646247737786,17.25999999999972,160.3481496672555
7,868,1404060,160.9284210205078,795,hit,2.605863914954773,15.89999999999975,156.8335594601744
7,869,1404940,-43.76596450805664,2167,miss,9.394566372844467,43.340000000001176,-81.92471195322535
7,870,1405572,47.754844665527344,1643,miss,6.321840093578998,32.85999999999954,-30.241717401513114
7,871,1405776,169.1717529296875,1594,hit,4.513519205083791,31.87999999999941,161.53550839831794
7,872,1407652,167.8343048095703,898,hit,3.0356018767634216,17.959999999999706,170.15017669932286
7,873,1408184,167.24661254882812,811,hit,2.95607323992812,16.219999999999743,171.30217085817617
7,874,1409940,161.03338623046875,1041,hit,4.640608057211959,20.819999999999645,168.01088170928028
7,875,1411312,179.63656616210938,915,hit,1.430627556143784,18.2999999999997,170.01772369359054
7,876,1413160,0.6949195861816406,1897,miss,5.718075173049627,37.94000000000033,-58.1769018061323
7,877,1414140,157.83802795410156,707,hit,1.9594749238290818,14.139999999999787,155.57467797853292
7,878,1414224,150.32440185546875,1071,hit,3.8329002178719858,21.419999999999632,157.26675042178925
7,879,1416092,164.60340881347656,733,hit,3.8841909104881363,14.659999999999776,160.71085683230518
7,880,1416884,151.80819702148438,686,hit,4.329019674882915,13.719999999999796,158.3287862873288
7,881,1417184,-29.35101318359375,2250,timeout,7.451033269830091,45.000000000001435,-79.57313815093946
7,882,1417764,160.46804809570312,885,hit,4.8640806182400045,17.69999999999971,175.10083233059996
7,883,1420296,162.90640258789062,1051,hit,4.573516002291099,21.01999999999964,160.36608589410991
7,884,1421724,167.69517517089844,1135,hit,4.798201920443071,22.699999999999605,157.12342143248372
7,885,1423364,160.80458068847656,1400,hit,3.8918166047762393,27.999999999999492,160.89763704957656
7,886,1423436,157.27578735351562,785,hit,4.690276078709199,15.699999999999754,161.63836736524013
7,887,1424712,161.27639770507812,747,hit,3.5967015585384527,14.93999999999977,155.22105379879565
7,888,1425884,-63.54178237915039,2250,timeout,11.34089734283357,45.000000000001435,-88.24125605921866
7,889,1427192,160.45654296875,939,hit,3.846035211318248,18.77999999999969,172.48160392715414
7,890,1429264,161.3257293701172,1475,hit,4.69671540745219,29.49999999999946,172.20978465831615
7,891,1429656,158.71096801757812,1236,hit,3.934206377961921,24.719999999999562,164.96892436859406
7,892,1429916,161.466064453125,1008,hit,2.662958248987485,20.15999999999966,164.09950862231426
7,893,1432208,143.1351776123047,736,hit,4.816240486262913,14.719999999999775,161.1035305125962
7,894,1432504,163.5819854736328,712,hit,2.546395387656306,14.239999999999785,158.76334588244066
7,895,1433300,159.56040954589844,1527,hit,4.701914532899249,30.539999999999438,172.15652110718997
8,896,1436820,171.29769897460938,805,hit,2.536425739030799,16.099999999999746,170.5722996617519
8,897,1437180,158.87677001953125,895,hit,3.2346971266749724,17.899999999999707,170.19346908066564
8,898,1438668,165.53182983398438,1267,hit,2.7350037350161798,25.33999999999955,165.85689595434678
8,899,1438908,177.7723388671875,1327,hit,4.768170325074723,26.539999999999523,169.40244870778656
8,900,1440720,164.94708251953125,885,hit,2.3675033526826876,17.69999999999971,166.01028808923954
8,901,1443008,160.2232208251953,1547,hit,3.714442364895595,30.93999999999943,165.32010482956485
8,902,1444956,8.889366149902344,1572,miss,5.576824162994997,31.43999999999942,-61.96417900913725
8,903,1445256,172.47666931152344,1587,hit,4.931720305440499,31.739999999999412,168.60356761831784
8,904,1448868,-30.799076080322266,2037,miss,7.68346791117532,40.74000000000077,-69.89027075921295
8,905,1450016,157.9518585205078,1265,hit,2.862342919116234,25.29999999999955,153.47805240352255
8,906,1450220,176.01705932617188,1241,hit,4.680912839760595,24.81999999999956,159.32066297263805
8,907,1452008,-25.413448333740234,2250,timeout,7.1512576113482265,45.000000000001435,-84.26662486007675
8,908,1453064,145.398681640625,1049,hit,4.898029785895723,20.97999999999964,157.44337761935697
8,909,1453204,164.22506713867188,797,hit,3.1007831478660295,15.939999999999749,162.97015328899914
8,910,1453360,157.64712524414062,785,hit,2.719743464436431,15.699999999999754,165.4480932215655
8,911,1455592,152.9296875,896,hit,4.512393793384837,17.919999999999707,166.6732231090158
8,912,1455916,151.7905731201172,678,hit,2.5281327039929375,13.5599999999998,157.69327080019903
8,913,1456588,158.3242950439453,881,hit,3.649825945619543,17.619999999999713,169.07649046188874
8,914,1458616,150.90292358398438,675,hit,4.771577008458987,13.499999999999801,160.22472126894982
8,915,1461204,169.5265350341797,1403,hit,3.1305986589332067,28.05999999999949,164.77782285478247
8,916,1462060,172.09754943847656,1368,hit,2.882395838196042,27.359999999999506,163.37652902817382
8,917,1462360,-38.39609146118164,2250,timeout,12.631020589037492,45.000000000001435,-61.68820680030941
8,918,1463240,169.08224487304688,1156,hit,3.6768787254588684,23.119999999999596,159.50070420477343
8,919,1464544,177.30564880371094,835,hit,1.2276323491012295,16.699999999999733,169.3451851394808
8,920,1465512,159.73504638671875,788,hit,4.07937417487469,15.759999999999753,163.03898722707333
8,921,1466560,160.2621307373047,1125,hit,4.147832834173456,22.49999999999961,157.08175793809968
8,922,1468276,148.8679656982422,933,hit,4.7783528365761345,18.65999999999969,161.2629228662467
8,923,1469672,172.7278594970703,778,hit,1.4538704212479832,15.559999999999757,165.0824434831499
8,924,1470700,147.5131378173828,1297,hit,4.898170888834973,25.939999999999536,156.41276441235107
8,925,1472240,-30.670597076416016,2250,timeout,5.832018269380406,45.000000000001435,-76.65376620005895
8,926,1474488,152.36465454101562,1553,hit,4.873233332826314,31.059999999999427,166.83314527288945
8,927,1474872,149.37655639648438,658,hit,3.289501969415109,13.159999999999808,159.6932080472288
8,928,1476076,153.00694274902344,1601,hit,3.518828165406417,32.019999999999406,159.44684631082288
8,929,1477388,149.2872772216797,725,hit,4.8552618947744905,14.49999999999978,162.64695356309247
8,930,1479032,155.8560791015625,739,hit,4.852925183291727,14.779999999999774,157.55737179266413
8,931,1479700,-37.10744094848633,2250,timeout,8.737810722219498,45.000000000001435,-57.626522105371805
8,932,1483688,169.90383911132812,1575,hit,3.9158516429636014,31.499999999999417,163.56811366725725
8,933,1483872,7.660179138183594,2250,timeout,9.28850928686636,45.000000000001435,-65.80928175926306
8,934,1484504,178.2161865234375,1201,hit,4.845521110807249,24.019999999999577,166.01302912418595
8,935,1487360,172.67010498046875,714,hit,2.382838163349179,14.279999999999784,159.55607347443637
8,936,1488032,-33.824928283691406,2250,timeout,6.027743782235687,45.000000000001435,-72.59597478188842
8,937,1489092,143.0214080810547,1351,hit,4.367115511118509,27.019999999999513,156.00642290272913
8,938,1490620,162.52362060546875,647,hit,1.7118071023007546,12.939999999999813,156.8778970660162
8,939,1492124,162.53347778320312,758,hit,2.653172264636338,15.159999999999766,163.34441937403983
8,940,1492872,-47.80034637451172,2250,timeout,7.400271025949054,45.000000000001435,-78.10954661979443
8,941,1493484,156.73170471191406,716,hit,2.665916945221179,14.319999999999784,158.17826740161073
8,942,1496360,-20.145137786865234,2250,timeout,6.0345567751702935,45.000000000001435,-72.15543969399522
8,943,1496988,145.33106994628906,1216,hit,4.84485799523885,24.31999999999957,156.34654321830615
8,944,1497084,150.28076171875,1053,hit,4.306138564766969,21.05999999999964,158.48595632942403
8,945,1498512,160.04161071777344,1257,hit,3.343113170764001,25.139999999999553,174.4655952919593
8,946,1499136,166.21188354492188,694,hit,1.9074378423521596,13.879999999999793,155.46136823070577
8,947,1501420,153.289794921875,1108,hit,3.2608243005771884,22.159999999999616,154.98488704254515
8,948,1502220,173.969970703125,927,hit,3.0352746108302755,18.539999999999694,167.1156595896861
8,949,1502892,162.51510620117188,939,hit,4.723163822427736,18.77999999999969,166.38220491911255
8,950,1504616,155.24734497070312,799,hit,3.2899191130546184,15.979999999999748,153.55586589285573
8,951,1505836,173.65219116210938,904,hit,4.200133934882781,18.079999999999703,170.09112287057263
8,952,1506084,-50.8764762878418,2250,timeout,10.648295923238331,45.000000000001435,-77.34551082095099
8,953,1506680,172.91636657714844,947,hit,3.2576892660108117,18.939999999999685,154.90070413706638
8,954,1509060,160.55288696289062,806,hit,3.849673100464803,16.119999999999745,158.07919062553546
8,955,1509260,139.6181640625,1161,hit,4.754159598929273,23.219999999999594,152.5279927399794
8,956,1509904,147.42636108398438,955,hit,4.016596318085727,19.09999999999968,156.4803980080866
8,957,1512368,165.0333251953125,777,hit,1.9174318149767102,15.539999999999758,163.41824454311467
8,958,1514788,148.3481903076172,1432,hit,3.81731548147515,28.63999999999948,160.92593484813
8,959,1515600,179.01058959960938,808,hit,2.7734657195142023,16.159999999999744,164.37383280021092
8,960,1515680,20.060611724853516,2250,timeout,6.956580578914753,45.000000000001435,-53.78945929924713
8,961,1518272,156.6422119140625,871,hit,4.490898521974766,17.419999999999717,172.19304824210832
8,962,1518904,-31.48627471923828,2250,timeout,5.8742862539147245,45.000000000001435,-68.73259040449454
8,963,1523480,174.163330078125,1302,hit,1.577617446596696,26.039999999999534,168.43272403474833
8,964,1524600,-51.58217239379883,2250,timeout,12.827261616079616,45.000000000001435,-74.37356658400235
8,965,1524680,-36.43529510498047,2250,timeout,6.253296419204333,45.000000000001435,-68.30597426415636
8,966,1526616,165.59681701660156,784,hit,3.395424391162541,15.679999999999755,159.03106191592207
8,967,1527904,-39.543800354003906,2250,timeout,8.705630426895793,45.000000000001435,-76.02286680115503
8,968,1528248,154.93405151367188,892,hit,3.0956181833895737,17.83999999999971,152.78205427689318
8,969,1529352,168.337890625,1188,hit,2.6542313481373236,23.759999999999582,170.10548342694648
8,970,1529780,170.85055541992188,791,hit,2.2528942808881856,15.819999999999752,167.78860006673156
8,971,1534624,177.6675567626953,1211,hit,4.699429066554696,24.219999999999573,158.7269495942911
8,972,1536532,-38.045982360839844,2157,miss,11.436671660039433,43.140000000001145,-74.73422660159095
8,973,1537248,-47.01327133178711,2250,timeout,5.685394375624525,45.000000000001435,-81.29606104511852
8,974,1538328,158.05902099609375,926,hit,4.85878511568281,18.519999999999694,170.34404314920906
8,975,1538352,-55.415008544921875,2250,timeout,8.521797504708172,45.000000000001435,-80.95480044681366
8,976,1545532,-0.6015777587890625,2250,timeout,8.481380571387108,45.000000000001435,-60.84732140445507
8,977,1545920,-26.874622344970703,2168,miss,5.085378323393197,43.36000000000118,-66.76853353379235
8,978,1547328,-24.712238311767578,2250,timeout,7.365328430550598,45.000000000001435,-61.273507795833474
8,979,1547352,-32.573829650878906,2250,timeout,11.01255348818096,45.000000000001435,-69.50271108504909
8,980,1550148,168.48233032226562,705,hit,0.6782892196132104,14.099999999999788,160.88312724071798
8,981,1550448,172.56680297851562,1229,hit,3.4232430962694607,24.579999999999565,163.59735104853496
8,982,1550468,167.5263214111328,779,hit,2.4892522911817743,15.579999999999757,167.6938019469444
8,983,1551420,155.76889038085938,1375,hit,4.416444346345868,27.499999999999503,160.94847374087755
8,984,1553880,157.45619201660156,933,hit,4.337848110626095,18.65999999999969,170.53522681627965
8,985,1554428,150.93690490722656,990,hit,4.479459767863693,19.799999999999667,160.47029570181564
8,986,1555156,164.169921875,1177,hit,4.045281613720255,23.539999999999587,162.2975150725756
8,987,1559288,151.55189514160156,1215,hit,4.344445592619599,24.29999999999957,164.5747083813675
8,988,1560420,-40.59819793701172,2250,timeout,17.72639495282334,45.000000000001435,-71.17887464310884
8,989,1562748,-47.855472564697266,2217,miss,16.213688787908865,44.34000000000133,-70.80721595978446
8,990,1564152,168.72251892089844,933,hit,2.034154481691897,18.65999999999969,169.65894995043737
8,991,1564156,-53.67824172973633,2250,timeout,23.60581213910673,45.000000000001435,-72.64581406419919
8,992,1567216,152.0150909423828,765,hit,4.186798317068606,15.299999999999763,163.79322680966976
8,993,1568288,-46.66804885864258,2250,timeout,6.525532943073597,45.000000000001435,-82.7840965903339
8,994,1569108,169.64898681640625,1239,hit,4.421128968355718,24.77999999999956,169.28838493605903
8,995,1571748,-35.261962890625,2250,timeout,8.442233452001348,45.000000000001435,-70.36724860986676
8,996,1573944,113.71858215332031,1682,hit,4.5515401359237115,33.63999999999966,145.65162709939483
8,997,1576388,114.84166717529297,1820,hit,4.936900562538166,36.40000000000009,139.90472915905698
8,998,1576900,-31.002487182617188,2153,miss,8.626476032925899,43.06000000000113,-71.27314696986483
8,999,1577372,171.76539611816406,1406,hit,2.902454492121989,28.11999999999949,166.4906624454014
8,1000,1580160,166.14276123046875,1554,hit,3.8236302813753045,31.079999999999426,161.90357018521112
8,1001,1581632,174.10830688476562,1183,hit,4.3813545489835,23.659999999999584,166.05823735696796
8,1002,1583144,172.259765625,746,hit,1.0665929418580615,14.91999999999977,160.46299966964014
8,1003,1585388,-30.92351531982422,2250,timeout,5.219293057461207,45.000000000001435,-74.14594185946694
8,1004,1585908,163.44619750976562,1069,hit,4.067271436081143,21.379999999999633,163.9386660537672
8,1005,1586372,-28.743793487548828,2250,timeout,5.938238513698144,45.000000000001435,-67.37083488409942
8,1006,1588080,168.83790588378906,1234,hit,4.750809253003795,24.679999999999563,169.0800974906899
8,1007,1589332,159.8644561767578,856,hit,4.056488152370534,17.119999999999724,171.89660608919093
8,1008,1591856,173.54872131347656,944,hit,1.5639840371163294,18.879999999999686,170.6019494632704
8,1009,1592232,163.1887969970703,725,hit,3.4614209048784126,14.49999999999978,158.76607080250295
8,1010,1593692,131.0602264404297,2076,hit,4.715636621899254,41.52000000000089,132.83007426693962
8,1011,1595360,159.52352905273438,876,hit,3.434141934581344,17.519999999999715,172.61798431383784
8,1012,1595372,-9.77182388305664,2250,timeout,6.997747629453064,45.000000000001435,-70.77211802810294
8,1013,1596792,166.19107055664062,775,hit,4.349897146083734,15.499999999999758,162.89643093581495
8,1014,1598260,156.8680877685547,725,hit,3.939237599687869,14.49999999999978,155.5530461785198
8,1015,1598436,151.57199096679688,766,hit,4.515063400126792,15.319999999999762,164.30055710655233
8,1016,1599964,171.38699340820312,793,hit,2.247230917913763,15.85999999999975,162.82533679605507
8,1017,1601232,-15.262176513671875,2250,timeout,11.695595534734466,45.000000000001435,-77.46261295025211
8,1018,1601540,163.75567626953125,820,hit,4.970698538110466,16.39999999999974,169.32026002254486
8,1019,1604776,160.96945190429688,809,hit,3.201170799483356,16.179999999999744,164.5036372494401
8,1020,1605552,145.72927856445312,1080,hit,4.602619061954362,21.59999999999963,158.72591026643397
8,1021,1607436,-67.6575927734375,2250,timeout,13.078247913735192,45.000000000001435,-82.17005244588177
8,1022,1608580,145.78872680664062,951,hit,3.895305563320232,19.019999999999683,155.78640674956227
8,1023,1608964,-67.6922607421875,2250,timeout,8.922960299251894,45.000000000001435,-84.99078226737092
8,1024,1609872,149.4533233642578,1080,hit,3.7509662818859306,21.59999999999963,151.90313414230604
8,1025,1612516,147.43060302734375,661,hit,4.014264518792946,13.219999999999807,155.04680052258215
8,1026,1613116,155.52572631835938,1134,hit,4.296891027493422,22.679999999999605,155.45535826840984
8,1027,1613736,162.40426635742188,1193,hit,3.1178003136376127,23.85999999999958,162.79518711773045
8,1028,1616128,-29.159259796142578,2173,miss,5.758986207660849,43.460000000001195,-75.59119376952687
8,1029,1616448,163.62432861328125,833,hit,3.130641696473682,16.659999999999734,166.15596122058218
8,1030,1621516,-36.10469055175781,2250,timeout,5.224932818927196,45.000000000001435,-80.75574353453399
8,1031,1622584,28.918752670288086,1614,miss,6.548088601482468,32.27999999999945,-48.566246383000575
8,1032,1622736,-26.915019989013672,2250,timeout,6.481774568622631,45.000000000001435,-72.3062898185002
8,1033,1624512,152.1608428955078,749,hit,3.850427158049373,14.97999999999977,156.52672476989557
8,1034,1625448,-37.536048889160156,2250,timeout,5.426253363485749,45.000000000001435,-76.56581014969163
8,1035,1628424,159.89218139648438,978,hit,3.9402839655010276,19.559999999999672,171.67879295021982
8,1036,1631584,-32.51021957397461,2250,timeout,5.8190223771767355,45.000000000001435,-57.02097323429409
8,1037,1631736,-42.61465072631836,2250,timeout,15.940001914289693,45.000000000001435,-60.98670571257783
8,1038,1634448,-44.16482925415039,2250,timeout,16.155292671205686,45.000000000001435,-71.22819368375649
8,1039,1637224,167.88125610351562,1410,hit,3.730511793127293,28.199999999999488,159.52331016820747
8,1040,1637424,-32.7501220703125,2250,timeout,5.1638036952598405,45.000000000001435,-72.24192351599646
