checkpoint,episode,total_timesteps,episode_reward,episode_length,outcome,min_range_m,final_time_s,legacy_episode_reward
1,1,9000,-12.834451675415039,2250,timeout,1254.1961592893144,45.000000000001435,-139.71490777790052
1,2,9000,4.14732551574707,2250,timeout,815.6249319192191,45.000000000001435,-129.51018719001598
1,3,9000,-17.489763259887695,2250,timeout,1209.2253794726482,45.000000000001435,-116.43270824425568
1,4,9000,17.3178653717041,2250,timeout,236.94030464076113,45.000000000001435,-113.68698300882201
1,5,15956,-27.189987182617188,1739,miss,1689.7344724553916,34.77999999999984,-98.57626595649019
1,6,16116,-37.668941497802734,1779,miss,2366.6646718951247,35.57999999999996,-110.14360293786784
1,7,18000,-31.952425003051758,2250,timeout,2135.9063865312655,45.000000000001435,-113.57560695437886
1,8,18000,-42.425621032714844,2250,timeout,2578.5693695084606,45.000000000001435,-132.20146991590147
1,9,23340,-26.38036346435547,1846,miss,1622.0266800596828,36.92000000000017,-114.83147762250634
1,10,24564,22.25666046142578,2112,miss,236.8103552657254,42.240000000001004,-96.0554990611215
1,11,26740,-26.717693328857422,2185,miss,1896.7223893371718,43.70000000000123,-108.71723638632987
1,12,27000,8.356863021850586,2250,timeout,668.5686968203105,45.000000000001435,-93.4146558264146
1,13,30656,18.426618576049805,1829,miss,434.0856707583838,36.58000000000012,-62.22868882987002
1,14,33528,-16.34072494506836,1697,miss,1490.46042487254,33.939999999999706,-75.02976099358065
1,15,33564,15.542397499084473,2250,timeout,323.92376826222215,45.000000000001435,-73.53962440089799
1,16,34320,10.975831985473633,1830,miss,479.8399067067226,36.60000000000012,-73.63242267522102
1,17,39656,12.478902816772461,2250,timeout,250.35942377328,45.000000000001435,-86.86813103254268
1,18,41012,25.96569061279297,1862,miss,88.32850332871016,37.24000000000022,-61.5518191528992
1,19,42528,17.4425048828125,2250,timeout,95.40752919209241,45.000000000001435,-71.61197010797625
1,20,43320,8.239657402038574,2250,timeout,386.6477086668185,45.000000000001435,-86.23014067612515
1,21,48656,24.995925903320312,2250,timeout,50.927889990950824,45.000000000001435,-78.38499477486108
1,22,49896,22.413131713867188,2221,miss,60.88055562700227,44.420000000001345,-79.47229840230267
1,23,51280,21.47551155090332,2188,miss,57.27567623337943,43.76000000000124,-58.22268318863088
1,24,52164,21.853906631469727,2211,miss,22.45245997560516,44.22000000000131,-98.0092936290912
1,25,54288,131.94720458984375,752,hit,4.272255106884826,15.039999999999768,158.349056041246
1,26,57656,17.556346893310547,2250,timeout,17.255650457508995,45.000000000001435,-64.71000830303815
1,27,58696,21.33378028869629,2200,miss,22.361280599437183,44.00000000000128,-75.1089652057446
1,28,61060,20.41745376586914,2224,miss,12.2263623464273,44.480000000001354,-85.44382880463125
1,29,62092,113.38900756835938,1951,hit,3.8946571784664616,39.0200000000005,130.7659897493629
1,30,66656,15.742794036865234,2250,timeout,13.736004986309561,45.000000000001435,-68.00757664204274
1,31,67696,17.743236541748047,2250,timeout,12.710226669832188,45.000000000001435,-79.33201131513843
1,32,69916,21.804475784301758,1956,miss,11.035787160219787,39.120000000000516,-67.02360354345788
1,33,70060,9.095033645629883,2250,timeout,30.336747639974504,45.000000000001435,-69.30552416433511
1,34,74056,17.816505432128906,1850,miss,14.346798731815925,37.000000000000185,-76.21879909587219
1,35,74828,14.453920364379883,1783,miss,13.22204993917954,35.659999999999975,-81.00311690782002
1,36,78916,27.079681396484375,2250,timeout,13.072437211744104,45.000000000001435,-69.08672585932794
1,37,79060,17.556171417236328,2250,miss,11.1974668157163,45.000000000001435,-82.96859515520816
1,38,80924,23.66614532470703,1717,miss,24.98436581914366,34.33999999999977,-57.03384026784636
1,39,83828,9.33242416381836,2250,timeout,29.795127540277782,45.000000000001435,-80.60475837939046
1,40,85012,125.18480682373047,1022,hit,4.604404994159064,20.439999999999653,155.24017743225832
1,41,87396,17.380014419555664,2120,miss,7.367653876663124,42.40000000000103,-73.36678872382143
1,42,87996,9.726367950439453,2234,miss,99.34155830559504,44.680000000001385,-72.94732835084329
1,43,92828,20.838157653808594,2250,timeout,6.8017365306529864,45.000000000001435,-62.258430678631406
1,44,93824,127.38418579101562,1457,hit,4.77171483373788,29.139999999999468,154.82363740000983
1,45,94012,12.198600769042969,2250,timeout,18.430049625296235,45.000000000001435,-73.35635587451972
1,46,96396,6.345396041870117,2250,timeout,16.60973930729262,45.000000000001435,-76.8358097085858
1,47,101828,10.294414520263672,2250,timeout,22.22776518897119,45.000000000001435,-66.93371131770553
1,48,102824,-6.669780731201172,2250,timeout,20.073424465183166,45.000000000001435,-74.514731666503
1,49,103012,6.997978210449219,2250,timeout,13.036693780806552,45.000000000001435,-71.26955555465257
1,50,105024,9.289016723632812,2157,miss,26.87416887493097,43.140000000001145,-82.22550658664643
1,51,105976,129.82464599609375,1037,hit,4.551569040530289,20.739999999999647,153.69471192914642
1,52,109400,20.09463119506836,1597,miss,17.448288260964496,31.939999999999408,-57.601612729181696
1,53,111824,10.024152755737305,2250,timeout,23.122079146207557,45.000000000001435,-75.09867811217333
1,54,112412,14.352375030517578,1847,miss,12.752024871518833,36.940000000000175,-71.01112351317144
1,55,113076,134.7494354248047,919,hit,2.6166866212358846,18.379999999999697,162.91078049997762
1,56,114976,4.341327667236328,2250,timeout,5.747142971351591,45.000000000001435,-78.3148663914782
1,57,117904,129.1920166015625,732,hit,4.081133837049545,14.639999999999777,153.6326190301649
1,58,120480,13.722657203674316,2164,miss,7.2695082234725765,43.280000000001166,-70.64362681011998
1,59,121412,-4.313407897949219,2250,timeout,28.629981707201374,45.000000000001435,-83.56223398195681
1,60,122076,12.21145248413086,2250,timeout,15.23915196775632,45.000000000001435,-72.92865465019833
1,61,126904,4.822620391845703,2250,timeout,16.691290996607492,45.000000000001435,-72.35846359292091
1,62,129220,3.019641876220703,2185,miss,14.56315495341333,43.70000000000123,-77.29780457498146
1,63,130412,12.511921882629395,2250,timeout,33.01656755532002,45.000000000001435,-70.84057027200207
1,64,131076,0.9538497924804688,2250,timeout,11.580570703250501,45.000000000001435,-79.22779791368671
1,65,135904,-0.6887264251708984,2250,timeout,5.187001360044741,45.000000000001435,-73.87240473196852
1,66,136704,22.282146453857422,1573,miss,309.29264131436713,31.459999999999418,-54.016717950667896
1,67,138220,14.394927978515625,2250,timeout,6.646931719666284,45.000000000001435,-66.31928552022077
1,68,138372,108.13752746582031,1824,hit,4.503954917692389,36.4800000000001,146.93572652287793
1,69,139220,125.56523132324219,829,hit,4.275211019146203,16.579999999999735,151.4368111066757
1,70,143164,125.52603912353516,986,hit,4.170272017736385,19.71999999999967,148.48788929082664
1,71,144572,13.872623443603516,1967,miss,12.32565931396577,39.34000000000055,-64.35848880873286
1,72,147220,-4.514926910400391,2250,timeout,16.31987172705465,45.000000000001435,-83.64284413524564
1,73,147372,11.316116333007812,2250,timeout,25.249054575106,45.000000000001435,-62.866522539017154
1,74,150272,128.24525451660156,725,hit,4.563642423748496,14.49999999999978,151.67956323238278
1,75,150856,125.11494445800781,909,hit,3.0712031058829963,18.1799999999997,155.98356043192925
1,76,152164,5.653400421142578,2250,timeout,31.902944355140303,45.000000000001435,-64.28838961561645
1,77,153572,-11.7979736328125,2250,timeout,10.609915452472498,45.000000000001435,-82.82588466029611
1,78,157156,133.17205810546875,896,hit,4.256828341946427,17.919999999999707,164.69507777091616
1,79,159272,5.137577056884766,2250,timeout,11.712974023893821,45.000000000001435,-63.554948524277904
1,80,159856,3.7187328338623047,2250,timeout,31.72832635619581,45.000000000001435,-61.806339259126496
1,81,161164,-1.7698898315429688,2250,timeout,13.082865645376454,45.000000000001435,-75.698487799294
1,82,162972,124.39552307128906,925,hit,3.194864235387268,18.499999999999694,149.82128841536235
1,83,166156,7.488231658935547,2250,timeout,22.909195068501806,45.000000000001435,-63.116703466669485
1,84,168856,-3.8677167892456055,2250,timeout,30.619788135197275,45.000000000001435,-61.22855789468346
1,85,170164,1.8261184692382812,2250,timeout,49.887365527495255,45.000000000001435,-62.80962368909346
1,86,171972,-2.877582550048828,2250,timeout,29.850804192401846,45.000000000001435,-77.95655538727229
1,87,174304,0.2979717254638672,2037,miss,10.927915441449159,40.74000000000077,-72.55312109987925
1,88,174424,107.29861450195312,1392,hit,4.52058856237634,27.839999999999495,141.78213030975976
1,89,179164,15.951349258422852,2250,timeout,5.935672746105963,45.000000000001435,-64.02035832559136
1,90,180972,-3.2459716796875,2250,timeout,23.144311811442783,45.000000000001435,-69.00707395214604
1,91,183068,-1.857595443725586,2191,miss,6.949097898364648,43.82000000000125,-80.21814604001138
1,92,183424,5.96783447265625,2250,timeout,11.617154014252144,45.000000000001435,-70.13548600828156
1,93,187540,11.092225074768066,2094,miss,9.796735580504853,41.88000000000095,-65.79227703106321
1,94,189972,-10.555767059326172,2250,timeout,16.26338206992372,45.000000000001435,-76.33465513114726
1,95,190776,-7.909076690673828,1838,miss,12.772467193741779,36.76000000000015,-74.34209901031987
1,96,192068,6.956703186035156,2250,timeout,24.845767173315377,45.000000000001435,-63.1288928324974
1,97,196540,5.726057052612305,2250,timeout,14.094807592685006,45.000000000001435,-66.7046979120889
1,98,198972,6.069976806640625,2250,timeout,19.333598660338488,45.000000000001435,-70.0230647172576
1,99,199776,-18.487276077270508,2250,timeout,21.52936365680146,45.000000000001435,-83.49899296714176
1,100,201068,-12.789304733276367,2250,timeout,15.083429757312988,45.000000000001435,-77.1076771295453
1,101,204308,121.21835327148438,1334,hit,4.84285792252123,26.67999999999952,140.08651337489027
2,102,213004,93.39717864990234,2051,hit,4.587727883849803,41.02000000000081,128.38479092045768
2,103,213640,102.5803451538086,2210,hit,4.973350492576087,44.20000000000131,131.1214137675732
2,104,213800,16.848384857177734,2250,timeout,10.695336323589789,45.000000000001435,-73.61043210225692
2,105,213800,-26.22139549255371,2250,timeout,6.1866023799325065,45.000000000001435,-78.28428067053137
2,106,222004,5.036518096923828,2250,timeout,7.210327735209094,45.000000000001435,-70.29207039112286
2,107,222640,-4.384895324707031,2250,timeout,11.15435954158686,45.000000000001435,-76.51328515610896
2,108,222800,0.4771080017089844,2250,timeout,12.917427151855858,45.000000000001435,-73.18901743324714
2,109,222800,-10.69668960571289,2250,timeout,9.238619982521422,45.000000000001435,-72.05380251049681
2,110,225524,122.19842529296875,681,hit,4.996204673431478,13.619999999999798,152.31275565497103
2,111,231004,-2.3546829223632812,2250,timeout,8.614604121738756,45.000000000001435,-72.28921302680355
2,112,231640,-7.198005676269531,2250,timeout,18.557352306272186,45.000000000001435,-81.09339851778941
2,113,231800,4.445709228515625,2250,timeout,11.244554979883416,45.000000000001435,-78.16619561714224
2,114,234456,127.43812561035156,704,hit,4.560910524436166,14.079999999999789,151.03082335784376
2,115,234524,8.760456085205078,2250,timeout,9.54103453004061,45.000000000001435,-83.40314999329692
2,116,240004,-5.408470153808594,2250,timeout,7.742225030952326,45.000000000001435,-76.01808052728853
2,117,240800,-10.159664154052734,2250,timeout,14.559823783639507,45.000000000001435,-86.84068689736611
2,118,243456,5.443706512451172,2250,timeout,12.098116362333817,45.000000000001435,-74.49955572935771
2,119,243524,-13.132852554321289,2250,timeout,13.584340576080201,45.000000000001435,-80.52377551480609
2,120,248424,10.657909393310547,1906,miss,9.4605434601595,38.12000000000036,-69.0885727718802
2,121,249004,-3.963376998901367,2250,timeout,10.566295081653246,45.000000000001435,-66.94954489367257
2,122,251716,106.02410888671875,2065,hit,4.578197136945495,41.30000000000086,135.6800259729095
2,123,252524,-9.426959991455078,2250,timeout,17.228851731650575,45.000000000001435,-79.19003014160961
2,124,253996,130.1864471435547,1248,hit,4.567772603208251,24.959999999999557,153.97168583664075
2,125,257424,-1.3551788330078125,2250,timeout,23.238649612098822,45.000000000001435,-71.58767443737105
2,126,258456,8.361339569091797,1685,miss,11.118259873373164,33.69999999999967,-67.99882470215769
2,127,261524,-29.627422332763672,2250,timeout,21.418193394870574,45.000000000001435,-82.94661837406446
2,128,262996,-2.6538162231445312,2250,timeout,7.0427521117661716,45.000000000001435,-77.52979376458137
2,129,264096,124.31552124023438,643,hit,4.053648139805013,12.859999999999815,151.54360691909562
2,130,265224,29.421220779418945,1692,miss,44.49209975210934,33.83999999999969,-48.87142593355243
2,131,266184,16.18687629699707,2190,miss,21.794073087604463,43.80000000000125,-67.7960390823213
2,132,271896,4.172618865966797,2225,miss,5.6219121152501765,44.50000000000136,-88.5998452197581
2,133,273096,-3.080829620361328,2250,timeout,21.696781671583672,45.000000000001435,-92.27267715181456
2,134,274224,16.14853858947754,2250,timeout,6.927295513772661,45.000000000001435,-71.0744207790658
2,135,275184,6.245166778564453,2250,timeout,10.529497018157375,45.000000000001435,-62.64726442507328
2,136,275832,129.0847930908203,984,hit,4.332133151161017,19.67999999999967,156.81832954726272
2,137,276852,128.14431762695312,939,hit,2.636038987871334,18.77999999999969,157.6873348550099
2,138,282276,111.48239135742188,1773,hit,4.853890739287323,35.459999999999944,143.28108328900106
2,139,283224,11.442680358886719,2250,timeout,7.105629255597542,45.000000000001435,-75.16562954984126
2,140,284832,-9.025666236877441,2250,timeout,19.366237675593194,45.000000000001435,-79.17655019960864
2,141,285716,9.142589569091797,2216,miss,12.078778174737339,44.32000000000133,-64.5792064113009
2,142,291276,7.464008331298828,2250,timeout,10.630874121790418,45.000000000001435,-75.73040364027985
2,143,292224,-0.3846168518066406,2250,timeout,9.382800642327535,45.000000000001435,-80.45499136116278
2,144,293660,15.662162780761719,2207,miss,8.537758769053664,44.1400000000013,-72.80394232485529
2,145,294716,15.190460205078125,2250,timeout,6.367687700524979,45.000000000001435,-75.36360860445568
2,146,295500,128.8422088623047,819,hit,3.9960401177056784,16.37999999999974,157.11479027113845
2,147,298344,125.77156066894531,711,hit,4.9668697241959965,14.219999999999786,155.6262471661617
2,148,300276,-21.992897033691406,2250,timeout,5.53179660582533,45.000000000001435,-79.72893729528346
2,149,301096,9.150920867919922,1859,miss,6.975784031340082,37.18000000000021,-71.23559485381278
2,150,303716,9.996273040771484,2250,timeout,8.833282388501111,45.000000000001435,-69.64573766143309
2,151,307344,-6.6821746826171875,2250,timeout,9.370775235029777,45.000000000001435,-82.46236180076914
2,152,309276,-4.8769989013671875,2250,timeout,9.452518102869098,45.000000000001435,-80.37109579172736
2,153,310096,-13.188034057617188,2250,timeout,6.803364794546246,45.000000000001435,-75.49206295714293
2,154,312716,-0.07860755920410156,2250,timeout,5.308795107561166,45.000000000001435,-86.25547086380185
2,155,316344,-2.138866424560547,2250,timeout,16.440279862382486,45.000000000001435,-82.29202999975539
2,156,318188,9.03532600402832,2228,miss,12.535038656661335,44.56000000000137,-70.6347336252843
2,157,319096,4.471240997314453,2250,timeout,12.707358871140274,45.000000000001435,-73.22788703627072
2,158,321716,11.113750457763672,2250,timeout,7.807369812085512,45.000000000001435,-64.96849496644634
2,159,322276,128.5338592529297,795,hit,4.0053857564357065,15.89999999999975,156.50896942935967
2,160,325344,-11.508842468261719,2250,timeout,23.669897253289545,45.000000000001435,-91.71293902094706
2,161,325576,-5.902229309082031,1847,miss,5.969768916094018,36.940000000000175,-67.05077836781047
2,162,327540,123.16853332519531,1316,hit,4.8517199744333,26.319999999999528,150.86137661942078
2,163,329060,4.873111724853516,1836,miss,9.45555775360033,36.72000000000014,-65.57830557775955
2,164,332228,130.51243591308594,792,hit,1.8247674544934371,15.839999999999751,154.00479936459098
2,165,334344,21.438426971435547,2250,timeout,5.088985143638032,45.000000000001435,-71.18992522163866
2,166,334576,10.454803466796875,2250,timeout,9.685149614932497,45.000000000001435,-71.4501434300247
2,167,336540,-6.883460998535156,2250,timeout,8.68728274850861,45.000000000001435,-110.01853475661429
2,168,336560,123.02859497070312,1083,hit,3.60088800764099,21.659999999999627,148.3265486100668
2,169,337400,118.34968566894531,764,hit,3.339125827571292,15.279999999999763,148.18993338601547
2,170,343576,18.2100830078125,2250,timeout,8.09222090101331,45.000000000001435,-60.608507669985656
2,171,345540,17.40973663330078,2250,timeout,6.714901436800454,45.000000000001435,-66.34762001190194
2,172,345560,-14.691452026367188,2250,timeout,17.601096282648562,45.000000000001435,-78.5963689142324
2,173,346400,-12.556224822998047,2250,timeout,18.97609175963955,45.000000000001435,-84.07350896814607
2,174,352576,-20.231346130371094,2250,timeout,7.378683172705749,45.000000000001435,-73.51208657719863
2,175,353316,3.0955581665039062,1944,miss,10.017724643443042,38.88000000000048,-71.803961678419
2,176,354560,-22.189685821533203,2250,timeout,10.676062358191599,45.000000000001435,-90.50040409474542
2,177,355400,-19.288188934326172,2250,timeout,8.7121099701236,45.000000000001435,-77.99157524421966
2,178,355848,125.87042999267578,818,hit,4.336209348661846,16.35999999999974,153.54467994443982
2,179,361192,5.259941101074219,1969,miss,10.279230333650698,39.38000000000056,-87.31890246664801
2,180,362476,17.93643569946289,1657,miss,7.923980366367482,33.13999999999958,-56.90067482950743
2,181,363560,-7.0623931884765625,2250,timeout,14.097456181143093,45.000000000001435,-98.78975211094323
2,182,364400,-8.83542251586914,2250,timeout,9.237527228766565,45.000000000001435,-78.85539808469434
2,183,370192,-11.744709014892578,2250,timeout,9.324588949593752,45.000000000001435,-79.91703421404759
2,184,371476,5.030447959899902,2250,timeout,8.190142154594744,45.000000000001435,-65.00731154316298
2,185,372560,1.9840507507324219,2250,timeout,7.959893016757558,45.000000000001435,-90.57050822958848
2,186,373400,11.124217987060547,2250,timeout,37.470632546559585,45.000000000001435,-78.56029698661985
2,187,377080,126.33948516845703,920,hit,4.790060800867295,18.399999999999697,151.08482322803292
2,188,379192,-9.497947692871094,2250,timeout,9.327582366527498,45.000000000001435,-96.7903746109347
2,189,380476,23.26665496826172,2250,timeout,9.391009445452157,45.000000000001435,-64.25704853564652
2,190,381560,1.6578617095947266,2250,timeout,6.585593073460914,45.000000000001435,-73.82333206586526
2,191,385984,124.5885009765625,1106,hit,4.5389767514357136,22.119999999999617,150.11743670243544
2,192,386080,8.15206527709961,2250,timeout,9.364533757388017,45.000000000001435,-82.22729828329742
2,193,388192,-4.4902191162109375,2250,timeout,5.8680540198040365,45.000000000001435,-63.607775316417246
2,194,389476,-9.696687698364258,2250,timeout,5.455646182076085,45.000000000001435,-78.38883252032257
2,195,394984,10.262971878051758,2250,timeout,8.55405363053869,45.000000000001435,-77.0342994320714
2,196,395080,5.933319091796875,2250,timeout,16.163361987302586,45.000000000001435,-76.5943461100839
2,197,397192,-7.326733589172363,2250,timeout,8.902486796520163,45.000000000001435,-66.30001354804355
2,198,398476,-39.4751091003418,2250,timeout,7.494218827369546,45.000000000001435,-76.23792763918581
2,199,401644,22.496788024902344,1641,miss,162.71319946157757,32.81999999999953,-47.86607097112932
2,200,403820,5.748546600341797,2209,miss,8.40144659738758,44.18000000000131,-78.74944742645486
2,201,405952,-0.941192626953125,1869,miss,7.5202474936988315,37.380000000000244,-61.259115928058485
2,202,406192,-30.63703155517578,2250,timeout,5.594885396694358,45.000000000001435,-86.55317751982481
3,203,413340,130.98321533203125,935,hit,4.196586845686013,18.69999999999969,157.5686198245166
3,204,417216,4.116062164306641,1904,miss,7.314383547813245,38.080000000000354,-78.93905942251601
3,205,418264,130.72642517089844,1231,hit,4.747042822720755,24.619999999999564,157.42987621702227
3,206,418600,-2.0861778259277344,2250,timeout,7.903326395608011,45.000000000001435,-81.72845677650074
3,207,418600,9.095138549804688,2250,timeout,9.411192972700583,45.000000000001435,-80.57998022620129
3,208,426100,-7.758754730224609,2221,miss,8.08074323425399,44.420000000001345,-119.26725914929001
3,209,427264,-4.954784393310547,2250,timeout,7.798007179714742,45.000000000001435,-108.55968225800491
3,210,427492,-8.240970611572266,2223,miss,14.202560590787362,44.46000000000135,-89.64061837868195
3,211,427600,8.772960662841797,2250,timeout,17.072890181260465,45.000000000001435,-94.13487248342526
3,212,435100,-1.2367668151855469,2250,timeout,5.755824948387182,45.000000000001435,-87.53643467746134
3,213,436264,14.69951057434082,2250,timeout,6.983243587806353,45.000000000001435,-74.5720993962227
3,214,436400,-0.33031463623046875,2227,miss,10.10388743704204,44.54000000000136,-96.99925137763566
3,215,436600,-35.86273956298828,2250,timeout,15.528808776618515,45.000000000001435,-70.81742172375144
3,216,438900,119.86761474609375,659,hit,4.711164115163746,13.179999999999808,150.13827322216042
3,217,444100,-24.152847290039062,2250,timeout,12.831496818639147,45.000000000001435,-79.01158328880061
3,218,445400,10.543363571166992,2250,timeout,15.304067146691697,45.000000000001435,-83.12198030222174
3,219,445600,6.651874542236328,2250,timeout,8.758283255654392,45.000000000001435,-93.81263001361692
3,220,447900,-7.004581451416016,2250,timeout,7.136146013731304,45.000000000001435,-79.1145767531751
3,221,448660,131.34860229492188,815,hit,2.6859345966598145,16.29999999999974,161.28320776711718
3,222,449796,125.92919921875,1424,hit,4.0413126734896325,28.47999999999948,146.25117588786415
3,223,454600,-22.153038024902344,2250,timeout,17.84510676464032,45.000000000001435,-72.59111057412855
3,224,455924,-27.714466094970703,2006,miss,5.81182405632015,40.12000000000067,-74.57781321052447
3,225,457660,-30.512649536132812,2250,timeout,17.093599658724678,45.000000000001435,-84.18239613378957
3,226,458796,1.3223838806152344,2250,timeout,10.633955155883545,45.000000000001435,-85.06612207391325
3,227,461120,132.32533264160156,865,hit,3.494034113288692,17.29999999999972,162.72717105995247
3,228,461416,123.71340942382812,655,hit,4.67451657066916,13.09999999999981,152.57846007743012
3,229,463600,25.27781867980957,2250,timeout,6.430228791722371,45.000000000001435,-68.32056246351857
3,230,464824,10.151327133178711,2225,miss,9.81161908845845,44.50000000000136,-73.97780222753153
3,231,467048,130.42738342285156,1408,hit,4.5414920553753575,28.15999999999949,154.50747969747377
3,232,467676,126.99457550048828,713,hit,4.265006657147894,14.259999999999785,153.12861129261478
3,233,469616,92.02713012695312,1504,hit,4.717577357025327,30.079999999999448,136.05941090956432
3,234,469880,119.93203735351562,708,hit,4.815930660068388,14.159999999999787,148.84803014845156
3,235,470120,5.231575012207031,2250,timeout,11.88064642223792,45.000000000001435,-75.96228891161086
3,236,475996,6.679616928100586,2080,miss,5.506128791127376,41.600000000000904,-85.7539622628017
3,237,478616,-1.0319557189941406,2250,timeout,11.854786397646427,45.000000000001435,-103.32777832836597
3,238,478880,-11.978876113891602,2250,timeout,10.033544142079428,45.000000000001435,-82.8386537727792
3,239,479120,10.311285018920898,2250,timeout,14.885350351436411,45.000000000001435,-79.56323569287264
3,240,483644,110.62925720214844,1131,hit,3.090546611484576,22.619999999999607,143.31981704204532
3,241,484996,5.634952545166016,2250,timeout,9.448395157984187,45.000000000001435,-79.65324390523482
3,242,487616,-5.403247833251953,2250,timeout,8.601029270766766,45.000000000001435,-95.45758497912153
3,243,487880,-2.496997833251953,2250,timeout,11.383668197106227,45.000000000001435,-92.68221098125379
3,244,488012,128.92855834960938,754,hit,1.5432069697749116,15.079999999999767,154.98201832688176
3,245,490908,126.2835464477539,724,hit,4.447785740181718,14.47999999999978,156.59642766381302
3,246,491048,2.0388565063476562,1851,miss,9.74316804706993,37.02000000000019,-79.38398172176103
3,247,491380,130.83056640625,941,hit,4.83866018497988,18.819999999999688,153.49387893962552
3,248,495192,126.67841339111328,1071,hit,4.639938772216354,21.419999999999632,158.20180309187845
3,249,496880,-7.341335296630859,2250,timeout,5.277565748575322,45.000000000001435,-83.38108427590535
3,250,497992,128.43357849121094,700,hit,2.5371560106670024,13.99999999999979,150.7770751620797
3,251,500048,3.2832412719726562,2250,timeout,8.930640113979445,45.000000000001435,-83.69780591810428
3,252,500380,-16.394737243652344,2250,timeout,5.578375920388584,45.000000000001435,-90.42225165582646
3,253,503580,128.89549255371094,800,hit,4.5144017054469945,15.999999999999748,157.51898201687868
3,254,505880,-16.690818786621094,2250,timeout,17.791463307955073,45.000000000001435,-87.46786426065626
3,255,506108,-30.727954864501953,2029,miss,12.064979760877867,40.580000000000744,-83.53903496625128
3,256,506888,-13.499267578125,1710,miss,8.039770672049372,34.19999999999975,-68.59095613442022
3,257,512580,-14.356342315673828,2250,timeout,15.21280876718614,45.000000000001435,-78.08550923451354
3,258,514880,-27.067657470703125,2250,timeout,17.45891324699583,45.000000000001435,-75.60966245096496
3,259,514892,-0.24164962768554688,2196,miss,9.327110061064438,43.92000000000127,-98.9941693081229
3,260,515888,-11.729789733886719,2250,timeout,11.571838288559334,45.000000000001435,-98.72393338340935
3,261,517036,126.90144348144531,1114,hit,4.946925187312258,22.279999999999614,152.2640966325748
3,262,523880,7.432659149169922,2250,timeout,6.804674491980707,45.000000000001435,-80.55905282878618
3,263,523892,-3.650146484375,2250,timeout,7.538009046869896,45.000000000001435,-98.67379263303265
3,264,524068,71.09510040283203,1758,hit,4.685161218845193,35.1599999999999,137.10652590231933
3,265,524888,9.028470993041992,2250,timeout,5.093857381525886,45.000000000001435,-64.55375678092315
3,266,527708,134.30335998535156,954,hit,4.096502111808337,19.079999999999682,159.39394970726028
3,267,527860,118.74943542480469,948,hit,4.144516433343582,18.959999999999685,146.06795877439234
3,268,529580,130.53123474121094,1173,hit,3.604654171002496,23.45999999999959,158.4691321583993
3,269,531024,128.3640594482422,829,hit,2.7748288908303773,16.579999999999735,161.5372844651137
3,270,532880,-14.086284637451172,2250,timeout,13.437982970886953,45.000000000001435,-90.4636208640135
3,271,534648,127.6561050415039,1267,hit,4.222997151996439,25.33999999999955,150.27914084592243
3,272,535584,126.84988403320312,676,hit,1.2960340652389324,13.5199999999998,149.86633048709606
3,273,536860,8.62007999420166,2250,timeout,6.9540572217776395,45.000000000001435,-63.08262463235772
3,274,539944,11.422185897827148,2230,miss,11.155748493867021,44.60000000000137,-80.05924239173022
3,275,542852,130.48236083984375,1498,hit,4.412266887883449,29.95999999999945,154.17295857962887
3,276,543100,132.64691162109375,789,hit,2.931728633232662,15.779999999999752,159.61660278765436
3,277,543356,-22.964603424072266,2177,miss,7.13833882245004,43.54000000000121,-96.77333256875838
3,278,544584,19.037202835083008,2250,timeout,6.195474886324357,45.000000000001435,-63.74910991378994
3,279,545624,122.16610717773438,693,hit,3.475137494923699,13.859999999999793,152.0523950116382
3,280,548284,130.57652282714844,1296,hit,4.972556391241993,25.919999999999536,155.91174540948435
3,281,550224,87.0636978149414,1717,hit,3.3303731111216766,34.33999999999977,133.85071582016673
3,282,553244,123.77072143554688,755,hit,4.452405066839633,15.099999999999767,153.97009217554273
3,283,553396,0.2956085205078125,2203,miss,9.872357454542444,44.06000000000129,-83.67161709237806
3,284,554624,5.900089263916016,2250,timeout,11.325239309776833,45.000000000001435,-85.77225930050534
3,285,556772,131.04815673828125,844,hit,4.806029061099696,16.87999999999973,160.75029275498488
3,286,557284,-11.071773529052734,2250,timeout,7.219421296859556,45.000000000001435,-103.92556466214783
3,287,559688,124.95404815673828,1611,hit,3.8200264912910726,32.21999999999944,150.74158991090567
3,288,560164,125.70793151855469,720,hit,2.0933906517471566,14.399999999999782,149.5910742273399
3,289,560612,137.00022888183594,960,hit,1.5744555282427197,19.19999999999968,165.26009705387952
3,290,562076,-5.316612243652344,1863,miss,5.910469230316464,37.260000000000225,-89.13421222228618
3,291,564596,115.8240737915039,630,hit,4.149031179238268,12.59999999999982,150.44252905544465
3,292,565236,126.13601684570312,1268,hit,4.7331208355047245,25.35999999999955,153.1201131537961
3,293,566084,129.94773864746094,1368,hit,4.264555373327955,27.359999999999506,154.49962007545088
3,294,568688,21.953826904296875,2250,timeout,6.121777370175254,45.000000000001435,-63.4306410211531
3,295,573596,4.307094573974609,2250,timeout,11.179395912045765,45.000000000001435,-73.73587625171803
3,296,574236,5.605003356933594,2250,timeout,5.947629284947441,45.000000000001435,-79.08766653021385
3,297,575084,-6.543976783752441,2250,timeout,6.499809209393295,45.000000000001435,-77.18271945900334
3,298,576160,82.48084259033203,1868,hit,4.385049234853352,37.36000000000024,134.8748119447674
3,299,577784,124.01183319091797,887,hit,2.7925790455492248,17.73999999999971,147.04397195984117
3,300,577896,126.80091094970703,1075,hit,3.6228964918501774,21.49999999999963,154.38294107881282
3,301,581580,123.34538269042969,921,hit,4.463777994187645,18.419999999999696,147.72532443822624
3,302,583072,-15.441265106201172,1728,miss,7.008254861885742,34.5599999999998,-89.00882182804648
3,303,584084,4.788265228271484,2250,timeout,9.831354624418626,45.000000000001435,-84.67364766072254
3,304,585864,125.56681060791016,698,hit,1.5539930846874013,13.959999999999791,150.30101410896015
3,305,586784,5.379238128662109,2250,timeout,6.082654845700568,45.000000000001435,-76.15338969098278
3,306,587924,118.80315399169922,960,hit,3.818338478258373,19.19999999999968,145.67574695679923
3,307,588152,130.7456512451172,1643,hit,3.5395704885690726,32.85999999999954,153.5887742387052
3,308,590472,126.84149169921875,922,hit,4.012854054565354,18.439999999999696,152.75925230762658
3,309,590592,131.13531494140625,1182,hit,4.5297471374056375,23.639999999999585,152.30722238242117
3,310,594808,131.07757568359375,1084,hit,3.835234952253334,21.679999999999627,157.4616027345661
3,311,596924,4.479591369628906,2250,timeout,7.859915557380182,45.000000000001435,-91.4717098519352
3,312,597152,11.211786270141602,2250,timeout,7.251988033631998,45.000000000001435,-73.08692059866725
3,313,599592,1.8641471862792969,2250,timeout,7.525606634069227,45.000000000001435,-87.45234413318121
3,314,601752,22.127609252929688,1736,miss,8.23539731213213,34.71999999999983,-51.39328391664213
3,315,602964,133.26353454589844,843,hit,1.9666394459131278,16.85999999999973,161.3369676233445
3,316,605044,132.99594116210938,823,hit,3.978743925401432,16.459999999999738,162.64257897420794
3,317,605924,2.1723861694335938,2250,timeout,7.767511800129993,45.000000000001435,-80.6280081337328
3,318,606152,-4.1156463623046875,2250,timeout,5.142338170327986,45.000000000001435,-70.5115740215665
3,319,607844,127.91514587402344,700,hit,2.7067763408815297,13.99999999999979,154.15106692884467
3,320,609732,126.96450805664062,952,hit,3.6112239408345808,19.039999999999683,153.8169756077856
3,321,611964,-17.245689392089844,2250,timeout,8.250861887133752,45.000000000001435,-66.60847449754478
3,322,612636,127.17182922363281,1198,hit,2.2012796470005918,23.959999999999578,155.36306379366502
3,323,613192,134.1436004638672,865,hit,4.769562524604775,17.29999999999972,162.1808799639264
4,324,617292,128.18936157226562,723,hit,2.7711478693978275,14.45999999999978,151.79731167007643
4,325,623400,-13.888832092285156,2250,timeout,5.711648739860093,45.000000000001435,-107.41242294314232
4,326,623400,15.877128601074219,2250,timeout,6.124009960460701,45.000000000001435,-71.29069046531552
4,327,623400,-21.624351501464844,2250,timeout,8.015101424840621,45.000000000001435,-63.56307219507463
4,328,626096,-9.88519287109375,2201,miss,10.124768539803666,44.02000000000128,-89.75879290489648
4,329,626748,132.46669006347656,837,hit,4.3615204800034295,16.739999999999732,159.69053469458115
4,330,628244,126.16412353515625,1211,hit,4.288237379382847,24.219999999999573,151.70169996925262
4,331,630376,-30.013381958007812,1744,miss,7.702484112651754,34.87999999999985,-71.14344163813365
4,332,631144,125.59797668457031,1262,hit,3.313796542846799,25.23999999999955,152.2254134782584
4,333,635748,-16.569774627685547,2250,timeout,8.377582746006851,45.000000000001435,-77.43045661823635
4,334,637244,0.7448196411132812,2250,timeout,6.004555481866283,45.000000000001435,-72.51422496435518
4,335,639376,-11.85574722290039,2250,timeout,8.497664098454477,45.000000000001435,-101.27120721228235
4,336,640032,125.37638854980469,2222,hit,3.4432981236746247,44.44000000000135,142.49706930390127
4,337,644592,-15.884967803955078,2211,miss,6.463771213958442,44.22000000000131,-99.88646974267432
4,338,646244,7.520656585693359,2250,timeout,7.486796813499464,45.000000000001435,-86.84283123269904
4,339,647360,-29.538177490234375,1996,miss,9.13232404284688,39.92000000000064,-80.27667211959371
4,340,649032,-14.145130157470703,2250,timeout,11.979021677640322,45.000000000001435,-87.23487845930998
4,341,651180,3.0779953002929688,1647,miss,5.580251724069727,32.93999999999955,-65.54203090805737
4,342,652332,130.96897888183594,1243,hit,3.4982597938657705,24.85999999999956,160.43952408849324
4,343,653912,127.87364196777344,1220,hit,4.519546085533057,24.39999999999957,152.58162870273986
4,344,655220,-18.10931396484375,2244,miss,12.112109053633693,44.88000000000142,-97.05701335320815
4,345,660180,-4.730640411376953,2250,timeout,5.815365908790418,45.000000000001435,-79.19934434501764
4,346,661332,-11.669734954833984,2250,timeout,9.738693466148193,45.000000000001435,-87.94982778527553
4,347,662912,-13.898090362548828,2250,timeout,23.61900039196014,45.000000000001435,-85.35675445768163
4,348,664220,-4.330413818359375,2250,timeout,6.962243102193143,45.000000000001435,-104.62702956900445
4,349,667164,120.73973846435547,736,hit,3.2713145325791975,14.719999999999775,150.2158293038766
4,350,669180,-13.106315612792969,2250,timeout,21.22635680314167,45.000000000001435,-81.49591333888009
4,351,670216,129.8048095703125,763,hit,4.087368057407797,15.259999999999764,157.5359791477269
4,352,670268,-1.4394340515136719,2234,miss,6.490682130546041,44.680000000001385,-75.33915731166363
4,353,671912,-4.18061637878418,2250,timeout,7.207751792452086,45.000000000001435,-77.22953984426903
4,354,674656,125.10633850097656,686,hit,1.4932201837732701,13.719999999999796,154.14044644290453
4,355,678148,7.187356948852539,2242,miss,5.396204635787942,44.84000000000141,-74.03841672366201
4,356,679216,-9.539802551269531,2250,timeout,9.643004385333498,45.000000000001435,-92.23203075395537
4,357,679248,-7.123264312744141,2245,miss,8.518320667171217,44.90000000000142,-78.19799290510285
4,358,681564,132.12655639648438,854,hit,4.352887786777551,17.079999999999725,157.24294005822154
4,359,682596,130.48976135253906,837,hit,3.885763381687445,16.739999999999732,159.15147464279318
4,360,683348,-11.08416748046875,2173,miss,5.465007453790664,43.460000000001195,-88.4907301863049
4,361,688216,-2.0538864135742188,2250,timeout,14.305558641981204,45.000000000001435,-82.9818766554876
4,362,689640,-9.005607604980469,1761,miss,5.804130869129709,35.21999999999991,-82.89706858163163
4,363,690564,-16.240184783935547,2250,timeout,9.431454085866841,45.000000000001435,-66.56413950865945
4,364,692132,8.990060806274414,2196,miss,9.45203033709002,43.92000000000127,-78.42821175636725
4,365,697216,-9.518192291259766,2250,timeout,12.424210081537524,45.000000000001435,-73.78538335209988
4,366,698640,5.914112091064453,2250,timeout,5.1243853527838015,45.000000000001435,-91.47307992222798
4,367,699564,-8.63232421875,2250,timeout,5.934971335764447,45.000000000001435,-87.36905708613068
4,368,701132,8.646280288696289,2250,timeout,5.347538170647661,45.000000000001435,-71.23294202855989
4,369,702956,128.77784729003906,1079,hit,4.972550277400798,21.57999999999963,152.7919435740793
4,370,703928,101.71932983398438,1678,hit,4.81717420017547,33.55999999999965,148.24237635896947
4,371,708564,-21.253795623779297,2250,timeout,5.30868854113011,45.000000000001435,-79.16959785921263
4,372,710132,-6.339996337890625,2250,timeout,7.426350664657543,45.000000000001435,-77.37048442974391
4,373,711240,122.19038391113281,669,hit,3.8904756000190037,13.379999999999804,151.8017773207687
4,374,711956,-9.077529907226562,2250,timeout,9.23091356979436,45.000000000001435,-91.31488781745486
4,375,712928,-4.260021209716797,2250,timeout,9.515540577273018,45.000000000001435,-82.83971090680052
4,376,713648,131.83335876464844,879,hit,4.850089395362684,17.579999999999714,161.87601014524006
4,377,715368,121.383056640625,853,hit,4.989945234455526,17.059999999999725,147.59403408974543
4,378,719120,133.275390625,938,hit,3.981407239446726,18.75999999999969,161.6581026941356
4,379,720240,-2.458019256591797,2250,timeout,6.180484008800978,45.000000000001435,-94.20852542928752
4,380,721928,1.9261016845703125,2250,timeout,6.106540686863342,45.000000000001435,-82.32761594017161
4,381,722648,1.8467864990234375,2250,timeout,10.374627519937327,45.000000000001435,-85.511856536793
4,382,725044,127.2509994506836,1481,hit,4.3815824822886,29.619999999999457,149.62799458238953
4,383,727048,118.81741333007812,1100,hit,4.917188521167662,21.99999999999962,143.64788276575257
4,384,729108,5.920173645019531,1795,miss,6.593465821794878,35.90000000000001,-76.65003101689234
4,385,729240,-27.831649780273438,2250,timeout,16.907130523841005,45.000000000001435,-75.62208653155493
4,386,729504,130.35336303710938,1115,hit,4.818141628005109,22.299999999999613,157.945425356736
4,387,732904,126.39837646484375,1464,hit,4.781724184267714,29.279999999999465,151.55845620839196
4,388,737584,-18.992591857910156,2020,miss,8.751312267767728,40.400000000000716,-73.56297050424263
4,389,738108,-24.607891082763672,2250,timeout,6.395599836041497,45.000000000001435,-95.88654661292472
4,390,738240,-7.4813232421875,2250,timeout,9.77746143133307,45.000000000001435,-95.78076313892078
4,391,739664,15.236446380615234,1690,miss,6.190783839827344,33.799999999999685,-52.21464060759535
4,392,740696,130.99319458007812,778,hit,2.813233104136825,15.559999999999757,157.29603717216648
4,393,746708,103.77623748779297,1503,hit,3.5450729644080745,30.059999999999448,148.61131231045417
4,394,747064,-27.047073364257812,2206,miss,6.351059810914759,44.1200000000013,-91.5861756082126
4,395,747108,-15.872821807861328,2250,timeout,14.95658060343142,45.000000000001435,-90.02252821830044
4,396,748664,-15.644630432128906,2250,timeout,10.695376435131353,45.000000000001435,-96.27843682220364
4,397,751888,127.44011688232422,1195,hit,2.704013155675099,23.89999999999958,148.436371322795
4,398,755708,-6.543186187744141,2250,timeout,6.687404113075951,45.000000000001435,-80.9679561054374
4,399,756064,-3.718994140625,2250,timeout,5.243864311761008,45.000000000001435,-96.41738529067979
4,400,757304,-4.793224334716797,2160,miss,8.12540378285005,43.200000000001154,-90.08703199982901
4,401,760888,-1.9561767578125,2250,timeout,6.031819190274337,45.000000000001435,-95.46513607743353
4,402,762424,132.3586883544922,1280,hit,4.252135093575742,25.599999999999543,157.7673084118716
4,403,763588,-1.613856315612793,1970,miss,6.498952957372939,39.40000000000056,-58.95449176340806
4,404,765064,-7.716457366943359,2250,timeout,5.634922079773697,45.000000000001435,-74.50684630452056
4,405,767628,126.9450912475586,1010,hit,3.8080531740611434,20.19999999999966,152.41168196838566
4,406,769888,3.8790245056152344,2250,timeout,11.635077208251364,45.000000000001435,-92.8853616363829
4,407,770000,129.13352966308594,1234,hit,4.551485105536054,24.679999999999563,156.40852352248544
4,408,771424,23.818822860717773,2250,timeout,12.983723276810874,45.000000000001435,-63.89117839487447
4,409,772712,127.45440673828125,706,hit,1.8166916422189878,14.119999999999788,151.74173922542494
4,410,772888,130.0758819580078,722,hit,4.203810915781722,14.439999999999781,152.84108206693782
4,411,775716,127.20683288574219,707,hit,2.8714094953930633,14.139999999999787,155.64239446344058
4,412,776168,133.471435546875,864,hit,2.0922120905442103,17.27999999999972,164.72581758034897
4,413,776628,5.732931137084961,2250,timeout,5.84874534482545,45.000000000001435,-79.63577238759805
4,414,779456,121.71116638183594,935,hit,3.3849201402948097,18.69999999999969,146.23714686020418
4,415,780424,-23.28780746459961,2250,timeout,7.693618182623175,45.000000000001435,-87.82043343585374
4,416,781896,134.13418579101562,1432,hit,4.339069899108314,28.63999999999948,158.15181902514695
4,417,783928,134.44290161132812,876,hit,1.083464712053914,17.519999999999715,160.25135512932937
4,418,784592,124.06877136230469,674,hit,4.817692820989926,13.479999999999801,153.89384589802225
4,419,785280,131.8359832763672,1456,hit,4.852263146121443,29.119999999999468,153.02539162432276
4,420,785628,7.030460357666016,2250,timeout,8.586929749199035,45.000000000001435,-90.82577124072985
4,421,787000,130.67860412597656,768,hit,4.868134298262904,15.359999999999761,154.09749327313492
4,422,788376,135.76449584960938,946,hit,4.462585194525058,18.919999999999686,165.37353938788547
4,423,789476,130.99896240234375,962,hit,4.858251692853527,19.23999999999968,153.0534711110867
4,424,790272,84.58785247802734,1248,hit,2.915998637517121,24.959999999999557,140.27501361314285
4,425,793404,132.6295623779297,783,hit,2.404837729294661,15.659999999999755,156.5482883669549
4,426,794160,133.40855407714844,1446,hit,3.4348059981376537,28.919999999999472,155.22590883807771
4,427,796000,-21.771724700927734,2250,timeout,14.220073393609349,45.000000000001435,-85.01170809002427
4,428,796664,131.91744995117188,815,hit,2.974875462862702,16.29999999999974,156.72492807353018
4,429,798476,-24.932880401611328,2250,timeout,5.19392987563453,45.000000000001435,-82.18895660613623
4,430,799792,134.88861083984375,948,hit,2.838700898329129,18.959999999999685,162.36874934170663
4,431,802928,129.57237243652344,784,hit,3.3986660835623654,15.679999999999755,155.3121784326024
4,432,803160,-21.149879455566406,2250,timeout,7.678349694132606,45.000000000001435,-83.94741425479145
4,433,803404,122.31465148925781,1232,hit,4.357141079602284,24.639999999999564,148.64139514262988
4,434,805664,9.849859237670898,2250,timeout,9.64197954051776,45.000000000001435,-89.73945767605622
4,435,805668,124.14652252197266,685,hit,1.7460407011351256,13.699999999999797,154.51873467899014
4,436,806592,133.9306640625,858,hit,2.8176661133824803,17.159999999999723,161.17578859424935
4,437,807084,132.25238037109375,920,hit,3.613370457210582,18.399999999999697,156.6897270044088
4,438,809124,133.192138671875,865,hit,4.412755324778754,17.29999999999972,158.20202125251728
4,439,809840,132.14173889160156,812,hit,4.728808285295364,16.239999999999743,158.28969525097824
4,440,813944,130.95083618164062,1026,hit,4.554526185147905,20.51999999999965,157.12647705816295
4,441,814668,12.917276382446289,2250,timeout,5.081303262260516,45.000000000001435,-80.35419464467333
4,442,816084,-17.14352035522461,2250,timeout,6.079987865178545,45.000000000001435,-91.60961000121274
4,443,817816,-1.5341758728027344,2173,miss,8.848770750710203,43.460000000001195,-94.97220765668158
4,444,819084,118.65467834472656,1285,hit,1.639821047415805,25.69999999999954,143.35128667806836
5,445,823088,119.70868682861328,972,hit,2.202326573788469,19.439999999999674,147.20784437137223
5,446,823504,124.43070220947266,1076,hit,4.972282351850801,21.51999999999963,150.78755055519093
5,447,824716,130.2949676513672,1379,hit,3.7238439178376472,27.5799999999995,147.27123400522208
5,448,826928,136.7908935546875,960,hit,2.5070453697141395,19.19999999999968,164.94015070422012
5,449,828200,-10.133819580078125,2250,timeout,6.093937858856393,45.000000000001435,-85.70417342829649
5,450,828616,131.1137237548828,1278,hit,3.685441509399607,25.559999999999544,155.4464325198681
5,451,829384,127.79305267333984,1167,hit,4.4967954966922115,23.33999999999959,149.44260562364562
5,452,833284,134.52151489257812,1167,hit,3.2685197241134585,23.33999999999959,160.54395481752766
5,453,835928,-16.961536407470703,2250,timeout,9.65046321231477,45.000000000001435,-101.05019575515695
5,454,837200,-9.284927368164062,2250,timeout,5.791802438241326,45.000000000001435,-78.56710609104091
5,455,838328,-26.107595443725586,2236,miss,9.373471447363919,44.72000000000139,-68.48121178500713
5,456,840032,126.86038970947266,1026,hit,3.8487945110356585,20.51999999999965,149.78845527113018
5,457,840300,131.46334838867188,775,hit,2.9647228976680324,15.499999999999758,153.25665741712595
5,458,842284,-32.841796875,2250,timeout,20.305516845305885,45.000000000001435,-81.40872868567357
5,459,843736,131.32626342773438,1352,hit,4.139333429208401,27.039999999999512,154.6436970954784
5,460,843772,125.8400650024414,935,hit,2.967357320089746,18.69999999999969,147.12999770231525
5,461,845632,129.61257934570312,1333,hit,2.826100598062365,26.65999999999952,151.36138651238346
5,462,845708,125.6810302734375,856,hit,4.910052943776826,17.119999999999724,150.33900823675165
5,463,847360,134.90823364257812,897,hit,3.7711368591153342,17.939999999999706,166.37446605424248
5,464,847400,127.98646545410156,916,hit,4.749907308732343,18.3199999999997,153.01909322144905
5,465,848944,133.13409423828125,809,hit,2.744935690081452,16.179999999999744,160.37574157032395
5,466,850336,128.97402954101562,744,hit,3.9885199767631594,14.879999999999772,155.75600752049726
5,467,851140,132.9781494140625,935,hit,2.5970211579456115,18.69999999999969,163.60836792087656
5,468,852332,131.98631286621094,847,hit,3.999906152828619,16.939999999999728,161.53259018255642
5,469,854632,0.7916221618652344,2250,timeout,6.445320153863175,45.000000000001435,-79.03242801189538
5,470,855460,128.35821533203125,782,hit,4.819754149264614,15.639999999999755,154.8158745249845
5,471,855476,133.3453369140625,1285,hit,2.151266044533674,25.69999999999954,156.69228511962828
5,472,856508,124.37301635742188,1342,hit,4.989238696677946,26.839999999999517,154.81609773536508
5,473,858464,130.66845703125,747,hit,4.23356940078157,14.93999999999977,152.85365008744648
5,474,859212,132.1697998046875,1145,hit,4.876723986474579,22.8999999999996,154.09040720244096
5,475,859472,126.79995727539062,741,hit,3.500044809808926,14.819999999999773,153.76346366216853
5,476,862440,131.95944213867188,807,hit,1.3310760641780623,16.139999999999745,156.91570578721127
5,477,863884,3.976289749145508,2106,miss,5.088304031875192,42.120000000000985,-70.43651056337066
5,478,865928,132.17922973632812,872,hit,4.029471463415683,17.439999999999717,159.42757433114255
5,479,867464,-14.944259643554688,2250,timeout,13.319700837838676,45.000000000001435,-116.1813115119971
5,480,868472,-5.6002349853515625,2250,timeout,6.648536953281436,45.000000000001435,-86.32484845328511
5,481,868756,125.12171936035156,707,hit,4.362913158238801,14.139999999999787,150.33007633798337
5,482,872628,127.14376831054688,1291,hit,4.9903686819308275,25.81999999999954,147.2942862514621
5,483,872884,-31.741943359375,2250,timeout,7.616685173733185,45.000000000001435,-89.73158753822796
5,484,875868,130.38385009765625,746,hit,4.508970816610689,14.91999999999977,155.53724725553948
5,485,876788,125.99700164794922,1040,hit,2.7891947294962396,20.799999999999645,147.44430391540416
5,486,877472,13.349239349365234,2250,timeout,15.329308483436481,45.000000000001435,-76.11140130098288
5,487,877756,1.5665283203125,2250,timeout,9.041343020174553,45.000000000001435,-75.95080627576597
5,488,878456,122.14277648925781,647,hit,3.8666189605483137,12.939999999999813,152.25862176825723
5,489,881048,130.50567626953125,823,hit,2.2096716757148847,16.459999999999738,155.83026557457578
5,490,882452,124.05986022949219,999,hit,4.634173850447954,19.979999999999663,150.1648093026323
5,491,883100,133.1592254638672,1407,hit,4.728129552418651,28.13999999999949,158.27847038833136
5,492,883724,120.09243774414062,669,hit,3.571838886846113,13.379999999999804,150.0856853599978
5,493,884288,2.0466747283935547,1875,miss,5.110589540590671,37.50000000000026,-70.31882526367067
5,494,886984,124.50335693359375,674,hit,2.906052412096515,13.479999999999801,150.50407951894852
5,495,889812,-11.943828582763672,1678,miss,5.555792922382328,33.55999999999965,-89.20801203950506
5,496,891452,-20.563800811767578,2250,timeout,5.510153502097111,45.000000000001435,-81.51764182727158
5,497,892360,4.627716064453125,2159,miss,5.596842509851983,43.18000000000115,-93.61181211592385
5,498,894156,124.3346939086914,676,hit,2.689230077547888,13.5199999999998,154.67383682078966
5,499,894388,126.98113250732422,1144,hit,4.537972891356546,22.8799999999996,156.84549226339107
5,500,895936,-2.2759017944335938,2238,miss,6.217100076548626,44.7600000000014,-108.3549273056177
5,501,897520,128.14027404785156,783,hit,4.107327460311137,15.659999999999755,157.72183790065284
5,502,899636,125.48640441894531,925,hit,4.109661089335812,18.499999999999694,153.93778650314638
5,503,901344,7.4452667236328125,2246,miss,6.2189453043602985,44.92000000000142,-86.90747667587006
5,504,902768,130.30230712890625,783,hit,3.167980607789925,15.659999999999755,156.30393856734176
5,505,903156,-9.940898895263672,2250,timeout,15.650420363224045,45.000000000001435,-69.95487130542185
5,506,905736,126.34339904785156,742,hit,3.112120320210153,14.839999999999772,152.79534584957483
5,507,906520,-9.933406829833984,2250,timeout,5.177146474251578,45.000000000001435,-105.75049882241565
5,508,908120,23.18539810180664,1694,miss,264.10697633788214,33.8799999999997,-47.99571233283612
5,509,908744,129.1344451904297,752,hit,4.921188926835961,15.039999999999768,156.4874491768362
5,510,908836,133.84532165527344,1420,hit,3.3643387283240456,28.399999999999483,157.67803791447352
5,511,912108,131.89964294433594,818,hit,4.8450804964663865,16.35999999999974,158.72141268704587
5,512,914216,110.86000061035156,1368,hit,4.429641049736024,27.359999999999506,139.4504925839367
5,513,915060,126.97930908203125,738,hit,2.9038333329976633,14.759999999999774,153.35252384369159
5,514,915520,-14.593074798583984,2250,timeout,10.009621448564692,45.000000000001435,-108.8507087535669
5,515,917120,-35.05181121826172,2250,timeout,5.2009695853262965,45.000000000001435,-126.25120962511329
5,516,918488,127.47167205810547,857,hit,4.8311633968299486,17.139999999999723,150.62044999005124
5,517,918792,133.18223571777344,818,hit,3.448613124452675,16.35999999999974,163.3846554942548
5,518,920516,133.1331787109375,849,hit,3.4413574834617013,16.979999999999727,156.78168551239034
5,519,922268,133.938232421875,945,hit,4.334473933604244,18.899999999999686,160.80687629286297
5,520,923088,-4.784202575683594,2218,miss,5.251892741467567,44.360000000001335,-89.12436138655339
5,521,923656,129.29396057128906,785,hit,4.699687790199251,15.699999999999754,158.4428254537453
5,522,926336,131.25045776367188,812,hit,4.024479386857001,16.239999999999743,156.64442011388763
5,523,926404,128.41854858398438,1034,hit,2.1523151342114937,20.679999999999648,150.40669984124344
5,524,927792,-3.8224639892578125,2250,timeout,5.566609023147311,45.000000000001435,-95.66254463596508
5,525,929232,120.76627349853516,724,hit,4.781899907191157,14.47999999999978,151.43871273338027
5,526,930532,130.09376525878906,1032,hit,4.5644573138127615,20.63999999999965,157.10156419766395
5,527,932556,133.48175048828125,831,hit,1.5184447739745095,16.619999999999735,160.27157599512006
5,528,932656,9.993260383605957,2250,timeout,6.148830265034393,45.000000000001435,-67.8297124830986
5,529,933844,126.01933288574219,1513,hit,4.082552332571759,30.259999999999444,148.94716343729752
5,530,934604,125.27880859375,1018,hit,3.5991119059226344,20.359999999999655,151.6128149271383
5,531,935640,130.88880920410156,771,hit,3.3662683522351444,15.41999999999976,155.7664474728413
5,532,936560,121.2672119140625,679,hit,2.2196442460969976,13.5799999999998,149.7901159601833
5,533,938036,135.08058166503906,858,hit,2.6201143912538427,17.159999999999723,164.43618924902063
5,534,938544,130.5232696533203,1472,hit,4.785293142709271,29.43999999999946,155.58182719243501
5,535,941392,132.12643432617188,839,hit,3.652600636481405,16.77999999999973,158.76265161274068
5,536,944152,130.965576171875,1402,hit,4.4519362609000375,28.03999999999949,149.65389581901684
5,537,944640,-3.6717491149902344,2250,timeout,7.895873795815514,45.000000000001435,-85.85963711261955
5,538,945432,-33.7747688293457,2218,miss,12.700259013748454,44.360000000001335,-93.83553197899911
5,539,948540,130.14447021484375,777,hit,1.8731542783002493,15.539999999999758,158.29492051292914
5,540,950392,-22.163440704345703,2250,timeout,6.572872231282314,45.000000000001435,-86.23139904045064
5,541,950716,28.17148780822754,1641,miss,42.16279564287592,32.81999999999953,-47.32511898930484
5,542,953508,-22.464004516601562,2217,miss,5.397817748173435,44.34000000000133,-89.55131134648964
5,543,955296,131.38502502441406,1226,hit,4.576895519537794,24.519999999999566,153.85076113387552
5,544,957540,-65.95927429199219,2250,timeout,5.330507744498437,45.000000000001435,-83.08011691232628
5,545,958600,129.6504364013672,826,hit,3.1379865373501854,16.519999999999737,160.94506128372834
5,546,959716,14.164624214172363,2250,timeout,6.618029893733953,45.000000000001435,-68.34327372746498
5,547,961124,131.36245727539062,896,hit,4.140796562249865,17.919999999999707,158.7453244722133
5,548,961956,126.65434265136719,839,hit,4.352799213399185,16.77999999999973,156.24184268399034
5,549,962508,-21.019332885742188,2250,timeout,6.741638465108137,45.000000000001435,-92.80807347786342
5,550,963804,129.8834228515625,1022,hit,4.888330109045531,20.439999999999653,161.56543735913078
5,551,964628,129.59962463378906,876,hit,3.023479382956094,17.519999999999715,155.5557398633939
5,552,966096,125.65219116210938,1035,hit,3.1470508138886646,20.699999999999648,144.3096131520181
5,553,966724,129.3497772216797,1054,hit,3.683502646352162,21.07999999999964,149.43906593105686
5,554,968208,132.672607421875,895,hit,3.1243488550589626,17.899999999999707,160.21035429415596
5,555,970672,128.1892852783203,987,hit,3.7222393784838492,19.739999999999668,149.9351338713887
5,556,971400,131.08331298828125,798,hit,2.880158935536238,15.959999999999749,161.0585815999598
5,557,972804,-15.085025787353516,2250,timeout,6.519663800822447,45.000000000001435,-106.6954841600618
5,558,974132,133.47930908203125,865,hit,2.6391742325430925,17.29999999999972,167.3152332852958
5,559,975096,-42.56960678100586,2250,timeout,5.153948409582739,45.000000000001435,-68.9981594524769
5,560,976664,133.44932556152344,965,hit,4.982666500618123,19.299999999999677,163.45676051941535
5,561,977060,126.25770568847656,1415,hit,3.843645086744019,28.299999999999486,149.97476036965327
5,562,977100,118.25483703613281,742,hit,3.9709248734971374,14.839999999999772,149.0672331264055
5,563,980292,131.5092010498047,907,hit,4.712062753068299,18.139999999999702,166.10285901596754
5,564,981464,132.3380584716797,1091,hit,4.360184927686084,21.819999999999624,157.19469801438885
5,565,982196,130.63296508789062,1284,hit,3.282989842012775,25.67999999999954,158.13342181848316
5,566,983824,133.97265625,883,hit,4.921531646888333,17.659999999999712,160.97408037405467
5,567,984096,0.22398757934570312,2250,timeout,6.666653221842383,45.000000000001435,-77.98001666572378
5,568,985672,128.09716796875,869,hit,4.928769229031449,17.37999999999972,153.2801906552021
5,569,986312,128.994140625,1212,hit,4.699346841938407,24.239999999999572,156.45821427283462
5,570,986412,125.05303955078125,647,hit,3.21883251512706,12.939999999999813,152.13071376891963
5,571,987580,134.39573669433594,871,hit,2.923993916842575,17.419999999999717,158.96832516793245
5,572,991924,127.24397277832031,1086,hit,4.1595101814904005,21.719999999999626,148.02615532156113
5,573,994672,-25.168367385864258,2250,timeout,18.066134409884967,45.000000000001435,-76.43120455791362
5,574,995308,-5.869358062744141,2224,miss,14.44189434238527,44.480000000001354,-91.47548517713831
5,575,995312,2.7526817321777344,2250,timeout,5.788577540320112,45.000000000001435,-104.61370014881116
5,576,998588,132.5452117919922,820,hit,3.5601417158477484,16.39999999999974,164.58072493630485
5,577,1000896,-19.701465606689453,2243,miss,7.519426959369788,44.86000000000141,-106.59745034123877
5,578,1003672,-8.24990463256836,2250,timeout,5.550689463325397,45.000000000001435,-92.94350746008476
5,579,1004312,7.520343780517578,2250,timeout,13.499603572806745,45.000000000001435,-90.83770642614732
5,580,1007084,121.98006439208984,853,hit,4.3317324290893895,17.059999999999725,146.85480286096856
5,581,1007264,127.49722290039062,738,hit,3.1256303495444717,14.759999999999774,154.08975021192717
5,582,1007588,0.8530960083007812,2250,timeout,5.488144134071541,45.000000000001435,-92.55971521335417
5,583,1009896,-14.236282348632812,2250,timeout,5.316907456191687,45.000000000001435,-76.19505062470202
5,584,1010016,127.12445831298828,733,hit,4.852432350707021,14.659999999999776,155.12606188575955
5,585,1016264,-0.12889862060546875,2250,timeout,5.60527546162645,45.000000000001435,-76.12351640399692
5,586,1016588,5.573633193969727,2250,timeout,13.58226116891041,45.000000000001435,-68.37246460153568
5,587,1018896,-27.42832374572754,2250,timeout,5.947824467140561,45.000000000001435,-74.00326550222398
5,588,1019016,-39.76548385620117,2250,timeout,12.184913965062663,45.000000000001435,-92.55485896053416
5,589,1021560,123.17237854003906,1324,hit,2.657745779295758,26.479999999999524,146.98348044517064
5,590,1021792,124.9660873413086,694,hit,2.5913992303922506,13.879999999999793,153.90000024175723
5,591,1022676,127.96540832519531,945,hit,4.209057925253423,18.899999999999686,153.69993322811715
6,592,1027148,130.47293090820312,787,hit,4.751078923639151,15.739999999999753,161.3832973212419
6,593,1033000,-26.278717041015625,2250,timeout,7.999280354060653,45.000000000001435,-67.30310595661612
6,594,1033000,6.247760772705078,2250,timeout,6.553848364444476,45.000000000001435,-68.80975865417913
6,595,1033000,13.260791778564453,2250,timeout,6.015911225790981,45.000000000001435,-71.68663631927777
6,596,1034520,-3.8026962280273438,1843,miss,5.916700332240924,36.86000000000016,-78.2595221441298
6,597,1035576,124.29022979736328,644,hit,4.359133303757498,12.879999999999814,150.2859448865488
6,598,1036104,127.03309631347656,776,hit,2.7747065496180796,15.519999999999758,156.12040148947148
6,599,1036628,133.72015380859375,907,hit,2.8973688654839007,18.139999999999702,162.87285175527444
6,600,1037064,125.76129150390625,636,hit,4.016310910038588,12.719999999999818,152.2304851658834
6,601,1039260,131.09803771972656,789,hit,1.5821033273294858,15.779999999999752,162.48902612898758
6,602,1039588,128.86965942382812,740,hit,3.1267767085256613,14.799999999999773,154.55872426343421
6,603,1040204,130.75608825683594,785,hit,1.4053220499145387,15.699999999999754,158.0162406108359
6,604,1041340,130.13246154785156,1441,hit,4.505972022116014,28.819999999999474,151.2067441518284
6,605,1042160,126.17801666259766,725,hit,2.2910668940968497,14.49999999999978,151.10324964045265
6,606,1043348,135.34054565429688,940,hit,3.7292187750762666,18.799999999999688,165.4998659793252
6,607,1043540,131.8377685546875,834,hit,2.6263993581658545,16.679999999999733,157.90780204851558
6,608,1045040,134.1075439453125,925,hit,3.9762583439670616,18.499999999999694,161.68367295090025
6,609,1045632,133.7444610595703,868,hit,4.056955795919266,17.35999999999972,159.76673426840017
6,610,1048108,124.896484375,1142,hit,3.786255208492205,22.839999999999602,153.83773976544128
6,611,1052348,-22.2039737701416,2250,timeout,5.101631017498881,45.000000000001435,-82.02633283916909
6,612,1052868,129.08621215820312,1190,hit,4.293902030792059,23.79999999999958,150.880777882401
6,613,1054040,-30.08649444580078,2250,timeout,5.2015693037377195,45.000000000001435,-73.07009305400618
6,614,1054632,-20.242534637451172,2250,timeout,12.927562611954274,45.000000000001435,-71.30063817643712
6,615,1055424,130.7119140625,769,hit,3.6066886915857572,15.379999999999761,161.08387937682542
6,616,1055768,120.33793640136719,725,hit,4.391611243261034,14.49999999999978,155.6235236745536
6,617,1057068,124.37213134765625,757,hit,4.428380590416853,15.139999999999766,154.72166800930265
6,618,1057364,124.92135620117188,683,hit,4.65382927511459,13.659999999999798,150.55107129638824
6,619,1057972,117.76731872558594,637,hit,3.6126883253274795,12.739999999999817,150.58846855785407
6,620,1059280,134.17266845703125,878,hit,1.7168285104704866,17.559999999999715,162.6193059605278
6,621,1060528,133.31170654296875,865,hit,4.597013495293991,17.29999999999972,163.84513919286135
6,622,1061316,130.5402069091797,836,hit,4.442636349977448,16.719999999999732,162.81417104831326
6,623,1062968,133.44691467285156,922,hit,3.36746156735182,18.439999999999696,164.74340399324672
6,624,1065852,126.73089599609375,1331,hit,3.9927878293960006,26.61999999999952,151.82597099092914
6,625,1066364,9.453311920166016,2250,timeout,5.125817735055772,45.000000000001435,-92.18775531145315
6,626,1067752,128.71762084960938,1196,hit,4.43889273626885,23.91999999999958,159.57899193719538
6,627,1069120,131.97618103027344,817,hit,3.3584449144770443,16.33999999999974,154.75893948878422
6,628,1070316,-20.591934204101562,2250,timeout,6.198860254324851,45.000000000001435,-75.87391963298572
6,629,1072036,128.06906127929688,729,hit,2.4762783985244674,14.579999999999778,158.0255578183562
6,630,1074672,123.17874145507812,659,hit,3.4084529821540626,13.179999999999808,153.0900509987785
6,631,1075364,-12.188648223876953,2250,timeout,8.809595794616708,45.000000000001435,-104.12028834922151
6,632,1076752,-5.386283874511719,2250,timeout,7.383172348716203,45.000000000001435,-84.23430757758797
6,633,1079316,-9.522575378417969,2250,timeout,5.035315389568634,45.000000000001435,-86.50550937480641
6,634,1080612,131.4830322265625,1312,hit,4.240299547782923,26.23999999999953,156.285581919991
6,635,1082444,129.05209350585938,1423,hit,3.698682211483469,28.459999999999482,150.55583808076702
6,636,1083672,14.097417831420898,2250,timeout,5.893762553807761,45.000000000001435,-76.25566433274429
6,637,1084304,133.81039428710938,923,hit,2.9746454776431435,18.459999999999695,162.49194979881966
6,638,1086348,130.86114501953125,976,hit,4.355147570371437,19.519999999999673,153.1044617384361
6,639,1086656,131.26840209960938,746,hit,3.391113536155259,14.91999999999977,157.33833786826347
6,640,1088316,19.908082962036133,2250,timeout,6.004343561804034,45.000000000001435,-76.42913520748506
6,641,1092048,132.2378692626953,933,hit,4.541625624029179,18.65999999999969,164.23624772226754
6,642,1093304,-9.69704818725586,2250,timeout,8.823025516549505,45.000000000001435,-66.95877766676355
6,643,1093744,-6.98675537109375,1772,miss,7.968326562451079,35.43999999999994,-80.74554282953083
6,644,1095348,-13.053497314453125,2250,timeout,7.601615625130325,45.000000000001435,-67.02497112508513
6,645,1096976,134.52392578125,918,hit,1.3346518505756673,18.359999999999697,161.5702566371358
6,646,1097308,133.66932678222656,1315,hit,4.156260630411166,26.299999999999528,157.74911541265243
6,647,1098716,129.5096435546875,842,hit,4.633812343215871,16.83999999999973,160.78862157543006
6,648,1100616,133.7161102294922,910,hit,1.0297161212561057,18.1999999999997,162.72718814936474
6,649,1102744,-8.140722274780273,2250,timeout,9.491237836664856,45.000000000001435,-71.50312274263368
6,650,1106308,-17.32269287109375,2250,timeout,5.030365444650592,45.000000000001435,-105.24394329888449
6,651,1107716,0.6919670104980469,2250,timeout,5.351552026939991,45.000000000001435,-72.72574719448363
6,652,1109616,-7.170391082763672,2250,timeout,5.772545048786508,45.000000000001435,-91.78944020770908
6,653,1111464,-25.04815673828125,2180,miss,5.438121872224614,43.60000000000122,-82.92023475279838
6,654,1112304,130.0145263671875,1147,hit,3.4791574608153333,22.9399999999996,158.56140081521977
6,655,1112404,122.64461517333984,697,hit,3.9328124045980664,13.939999999999792,150.72682456299563
6,656,1114880,134.2249755859375,854,hit,2.210501277395851,17.079999999999725,158.66354827449712
6,657,1115308,-15.763862609863281,2250,timeout,7.633108838350386,45.000000000001435,-80.31077229511074
6,658,1115700,128.72314453125,824,hit,4.046077245867463,16.479999999999738,160.62742331945495
6,659,1115972,134.91807556152344,917,hit,3.560713282990839,18.339999999999698,162.24439986064834
6,660,1122152,2.9949607849121094,1818,miss,5.275204666097756,36.360000000000085,-73.18178067877953
6,661,1124308,-15.769737243652344,2250,timeout,5.39512473619388,45.000000000001435,-99.33631217528672
6,662,1124700,-24.43659782409668,2250,timeout,10.22687725594969,45.000000000001435,-90.757213822412
6,663,1124972,-15.398090362548828,2250,timeout,6.672535212634725,45.000000000001435,-77.87914512132713
6,664,1127344,129.867919921875,759,hit,2.3435306111827083,15.179999999999765,155.1486107357373
6,665,1128180,125.86316680908203,802,hit,2.9246802245391805,16.039999999999747,148.4593847148987
6,666,1129604,134.09982299804688,1226,hit,3.3339550350621,24.519999999999566,159.83693664398444
6,667,1131152,-15.310901641845703,2250,timeout,14.362901877111934,45.000000000001435,-86.94297014143356
6,668,1132668,120.95523071289062,1122,hit,4.262610654239287,22.43999999999961,144.1909674661454
6,669,1134980,132.65235900878906,957,hit,3.4064948475160857,19.13999999999968,162.00167259576057
6,670,1136344,-16.020572662353516,2250,timeout,5.349540312775821,45.000000000001435,-109.99560008924558
6,671,1138604,19.962173461914062,2250,timeout,6.959018479215099,45.000000000001435,-77.431132712893
6,672,1139804,128.0895233154297,1206,hit,4.608440341502031,24.119999999999575,158.57843887143724
6,673,1140272,122.31086730957031,982,hit,4.9132339331825605,19.63999999999967,156.0353767320399
6,674,1141508,129.3870849609375,726,hit,2.614403920203473,14.51999999999978,150.897619026127
6,675,1141668,-39.81570816040039,2250,timeout,7.344996209880737,45.000000000001435,-84.20340801694081
6,676,1143396,130.01211547851562,781,hit,2.024588936984732,15.619999999999756,157.53091971267713
6,677,1145144,131.8934326171875,869,hit,1.3705324381600792,17.37999999999972,163.40141369218017
6,678,1148804,14.388043403625488,2250,timeout,7.379153749181008,45.000000000001435,-83.40187785301663
6,679,1149148,127.81922912597656,1438,hit,2.8709567624668186,28.759999999999476,150.27456736341438
6,680,1150508,-14.64029312133789,2250,timeout,7.635776100031492,45.000000000001435,-81.57321501814894
6,681,1154144,-28.881675720214844,2250,timeout,6.154810521544586,45.000000000001435,-91.79947115510303
6,682,1155388,128.31463623046875,1560,hit,4.337547070418916,31.199999999999424,150.33489082778488
6,683,1155616,130.78707885742188,1277,hit,4.338569920843267,25.539999999999544,158.61597113913564
6,684,1157804,-24.478404998779297,2250,timeout,11.7430947226132,45.000000000001435,-120.85342111742652
6,685,1159828,125.03106689453125,1421,hit,4.300312867495166,28.419999999999483,149.85270830789227
6,686,1162888,129.84478759765625,765,hit,3.9804029711453057,15.299999999999763,158.99255254532363
6,687,1164388,-17.198780059814453,2250,timeout,6.516273046972405,45.000000000001435,-72.12568752680318
6,688,1164616,-27.412612915039062,2250,timeout,5.806976295414243,45.000000000001435,-87.51790116787386
6,689,1166400,134.46055603027344,878,hit,3.773714036148478,17.559999999999715,164.8445366063663
6,690,1166804,9.223817825317383,2250,timeout,5.128222408872529,45.000000000001435,-76.39713714893756
6,691,1167040,123.61164855957031,663,hit,4.6561618398002995,13.259999999999806,149.97984157665147
6,692,1167312,126.62672424316406,674,hit,2.1375157034077588,13.479999999999801,154.51178406405032
6,693,1169752,124.31827545166016,678,hit,1.0842814269365653,13.5599999999998,152.031753086846
6,694,1172548,127.60588073730469,1309,hit,3.3193384368620396,26.17999999999953,150.72895111211463
6,695,1173528,114.10079956054688,1681,hit,3.3933497022853607,33.619999999999656,135.62580069274279
6,696,1174180,-22.40949249267578,1945,miss,9.929460245437843,38.90000000000048,-100.8825668559538
6,697,1175436,127.6817626953125,722,hit,4.127861507214988,14.439999999999781,154.25397809947864
6,698,1176048,127.267333984375,630,hit,4.731209926867093,12.59999999999982,150.2303468109265
6,699,1178656,132.77035522460938,805,hit,2.416918896428713,16.099999999999746,162.33848964318483
6,700,1178752,5.540903091430664,2250,timeout,5.386690602569645,45.000000000001435,-88.84225913514453
6,701,1179880,124.57662200927734,1425,hit,3.537610361593684,28.49999999999948,150.4007578803317
6,702,1181440,124.53559875488281,696,hit,4.882407956520492,13.919999999999792,150.50308295493505
6,703,1184884,11.075817108154297,2209,miss,5.085622322622059,44.18000000000131,-94.63853621536721
6,704,1187200,6.9477996826171875,1830,miss,6.19443604413424,36.60000000000012,-70.61683871417624
6,705,1187752,-9.98613166809082,2250,timeout,10.996947908116873,45.000000000001435,-76.8172623238583
6,706,1187784,129.71063232421875,725,hit,3.5643991516479985,14.49999999999978,155.61938014856378
6,707,1188048,26.145341873168945,1652,miss,55.20172702432282,33.039999999999566,-49.285845638547315
6,708,1190740,128.8367156982422,739,hit,3.7416430295246093,14.779999999999774,157.29912201843104
6,709,1190992,136.07044982910156,948,hit,3.19017855486164,18.959999999999685,163.46892557147754
6,710,1192336,130.80340576171875,1072,hit,3.7878214343498704,21.439999999999632,155.02198257739866
6,711,1192652,131.76658630371094,1225,hit,4.855133003856305,24.499999999999567,158.1358882962362
6,712,1193964,121.96650695800781,743,hit,4.107145274780749,14.859999999999772,156.97674566417857
6,713,1197124,126.04020690917969,1118,hit,3.287190246555703,22.359999999999612,149.07988114187611
6,714,1199740,9.047042846679688,2250,timeout,7.820070775279373,45.000000000001435,-78.67165772121422
6,715,1201036,135.936767578125,978,hit,2.7474354854164007,19.559999999999672,164.07227256477057
6,716,1201336,-32.38340759277344,2250,timeout,6.133556808212181,45.000000000001435,-89.59324125610053
6,717,1202660,3.6113662719726562,2174,miss,11.104191973243081,43.4800000000012,-102.94153850224963
6,718,1204224,132.37576293945312,797,hit,2.59938443506673,15.939999999999749,157.8474359016923
6,719,1204404,129.80393981933594,767,hit,4.928031889308652,15.339999999999762,153.35470152430088
6,720,1205648,129.27395629882812,747,hit,3.098470618146796,14.93999999999977,152.14779836859984
6,721,1207164,124.17448425292969,690,hit,2.237319166352455,13.799999999999795,156.24805541493365
6,722,1207620,131.7577667236328,849,hit,4.998325409455867,16.979999999999727,162.50335303846606
6,723,1208740,-26.502376556396484,2250,timeout,6.639313375701497,45.000000000001435,-93.51048020138067
6,724,1210820,134.31556701660156,914,hit,2.499073381908784,18.2799999999997,160.67052057348462
6,725,1212932,134.1875,1048,hit,3.259311306040538,20.959999999999642,164.69690455479542
6,726,1214648,-13.986835479736328,2250,timeout,7.551932081061004,45.000000000001435,-77.88711541590838
6,727,1216324,127.27632141113281,848,hit,2.2188820501224362,16.959999999999727,160.43258787736016
6,728,1216620,-23.484970092773438,2250,timeout,5.9106635188349035,45.000000000001435,-114.67206158733899
6,729,1218808,126.81317901611328,1040,hit,3.273436334431174,20.799999999999645,152.87270354647907
6,730,1219820,4.722404479980469,2250,timeout,5.253535288218371,45.000000000001435,-103.19888720399187
6,731,1220576,124.60655975341797,989,hit,3.5394903089866805,19.779999999999667,148.20439121621382
6,732,1221196,126.07865142822266,1218,hit,4.7025899293285,24.35999999999957,152.2033414004403
6,733,1221716,123.22491455078125,727,hit,3.851850944341862,14.539999999999779,151.71861615803573
6,734,1224048,133.80702209472656,1057,hit,4.929137579684989,21.139999999999638,159.41197563328035
6,735,1224528,132.28042602539062,833,hit,3.0724620959958777,16.659999999999734,160.34231363032688
6,736,1225088,133.02500915527344,843,hit,2.520173276575154,16.85999999999973,162.25644433898677
6,737,1225856,128.2029571533203,1320,hit,4.434747851400101,26.399999999999526,152.9392578964938
6,738,1227992,135.39324951171875,866,hit,0.6296481327933633,17.31999999999972,163.91612992061508
6,739,1228316,132.82762145996094,807,hit,2.0873850814695154,16.139999999999745,162.19787020893747
6,740,1228588,125.95145416259766,683,hit,3.5941352108699465,13.659999999999798,151.8229753913885
7,741,1232184,157.01400756835938,846,hit,3.6779665977415616,16.919999999999728,156.08342636983411
7,742,1232348,167.62889099121094,887,hit,2.7961485079399897,17.73999999999971,162.30460291427477
7,743,1233704,167.002685546875,1226,hit,3.9306073087058033,24.519999999999566,156.64927011812313
7,744,1236008,166.02491760253906,915,hit,3.2021337195531103,18.2999999999997,168.27555198942488
7,745,1237800,-29.36093521118164,2250,timeout,7.657599539183989,45.000000000001435,-72.96820166663684
7,746,1239052,160.32464599609375,761,hit,3.1988922490150276,15.219999999999764,158.15479944566437
7,747,1241184,7.281719207763672,2250,timeout,5.207302507126439,45.000000000001435,-79.15888040779294
7,748,1241688,140.02755737304688,659,hit,4.935148183178752,13.179999999999808,156.926949301548
7,749,1241864,148.3756103515625,1016,hit,4.940915511745394,20.319999999999656,159.0704343258585
7,750,1242688,13.287406921386719,2246,miss,5.127040431680743,44.92000000000142,-76.27573450765351
7,751,1245940,171.1847381591797,1189,hit,3.020294223436896,23.779999999999582,162.96372422577744
7,752,1246608,145.32870483398438,1230,hit,4.735475474303002,24.599999999999564,155.12316935416828
7,753,1247440,165.44876098632812,1188,hit,3.9832774725277567,23.759999999999582,168.42478414440876
7,754,1249032,-5.666038513183594,1792,miss,6.22100504905066,35.84,-74.13346976972538
7,755,1249300,157.87741088867188,840,hit,3.6196449302493856,16.79999999999973,171.66756701649948
7,756,1249652,157.23838806152344,761,hit,4.264000903873139,15.219999999999764,151.7713860707143
7,757,1250676,168.78878784179688,809,hit,3.3225051467675866,16.179999999999744,167.9615908366382
7,758,1251968,165.0635223388672,667,hit,2.284258507996721,13.339999999999804,157.86739532436982
7,759,1252640,176.78158569335938,747,hit,0.683063299798768,14.93999999999977,160.9746417172842
7,760,1255680,155.36184692382812,1251,hit,4.544106594792505,25.019999999999555,156.09415281174336
7,761,1256160,161.5960693359375,880,hit,3.4804204126737597,17.599999999999714,168.89787054640863
7,762,1258032,-18.293926239013672,2250,timeout,5.366131756496049,45.000000000001435,-83.8448476570802
7,763,1260968,-15.23043441772461,2250,timeout,11.097026347039858,45.000000000001435,-82.69658818754287
7,764,1261372,165.75892639160156,835,hit,4.948414219126915,16.699999999999733,162.22595531147994
7,765,1261888,169.13812255859375,1432,hit,4.035037713370935,28.63999999999948,168.94868376884313
7,766,1264492,161.93109130859375,780,hit,3.6131938551833653,15.599999999999756,158.94890343929765
7,767,1264680,-32.73804473876953,2250,timeout,12.006067649918629,45.000000000001435,-81.85811355361557
7,768,1265420,152.7217559814453,883,hit,4.3409964430307175,17.659999999999712,168.75620991713672
7,769,1266268,160.86331176757812,1325,hit,2.9903639954526597,26.499999999999524,153.23290815732915
7,770,1269012,165.96054077148438,898,hit,4.2655044763350505,17.959999999999706,172.32813258628772
7,771,1270744,162.8492431640625,1516,hit,3.188598112169711,30.319999999999443,164.0072768229586
7,772,1272392,153.7086639404297,845,hit,4.949359859163989,16.89999999999973,165.9046599018089
7,773,1273492,15.94814682006836,2250,timeout,5.75719875507233,45.000000000001435,-104.88500345198032
7,774,1275268,-6.307285308837891,2250,timeout,6.600671444629634,45.000000000001435,-109.60021224367192
7,775,1275536,153.5335693359375,786,hit,4.2309474297161795,15.719999999999754,164.87261163109818
7,776,1278248,160.89064025878906,745,hit,2.6785236891393094,14.899999999999771,164.07998998982487
7,777,1278640,149.69541931152344,776,hit,4.371267432488968,15.519999999999758,159.84050243868575
7,778,1278960,165.4720001220703,1367,hit,3.7112840237402995,27.339999999999506,158.65716215772906
7,779,1279744,-36.71123123168945,2250,timeout,7.4644449414216885,45.000000000001435,-74.60214918305385
7,780,1283348,166.7777557373047,901,hit,2.8544387325194034,18.019999999999705,174.3303169883198
7,781,1283888,171.34127807617188,1232,hit,4.609254340022309,24.639999999999564,166.4334309662842
7,782,1284668,152.06280517578125,1507,hit,3.8057635823897664,30.139999999999446,147.9201940973026
7,783,1286212,173.68185424804688,716,hit,1.0901701554794936,14.319999999999784,156.6717675207671
7,784,1287248,-15.371929168701172,2250,timeout,13.848705142873472,45.000000000001435,-78.04618431759218
7,785,1287480,166.5542449951172,898,hit,2.51198119178492,17.959999999999706,171.42472443743839
7,786,1289208,171.3868408203125,749,hit,4.576219501624057,14.97999999999977,157.73950941583576
7,787,1291180,165.87188720703125,925,hit,3.618674059943119,18.499999999999694,168.6959505044088
7,788,1292100,163.2464599609375,723,hit,2.0289787512193564,14.45999999999978,156.41064910744535
7,789,1292560,144.70016479492188,1328,hit,4.858744534614592,26.559999999999523,158.79805156002453
7,790,1293668,3.1098899841308594,2250,timeout,5.787686539959756,45.000000000001435,-87.57473282104469
7,791,1295120,138.77401733398438,985,hit,4.952038117099992,19.69999999999967,152.14938949862133
7,792,1296312,166.73158264160156,661,hit,2.3749527180201033,13.219999999999807,158.02548045964974
7,793,1296320,155.42938232421875,1055,hit,4.66134196207382,21.09999999999964,164.69417951705975
7,794,1299020,156.54002380371094,677,hit,2.906190705873104,13.5399999999998,156.00750596793256
7,795,1299396,143.77532958984375,1069,hit,4.428111077772199,21.379999999999633,154.07972709621095
7,796,1299988,173.95028686523438,917,hit,2.922864689264282,18.339999999999698,168.50827109881016
7,797,1301288,-9.52206039428711,2182,miss,5.970923542314602,43.64000000000122,-72.0050986604198
7,798,1303588,163.80697631835938,900,hit,3.077313465643215,17.999999999999705,170.08565536964818
7,799,1305016,150.506591796875,1499,hit,3.2748196911465706,29.97999999999945,160.90228133219054
7,800,1308396,-28.026634216308594,2250,timeout,6.8521666508283205,45.000000000001435,-70.36504406931101
7,801,1308696,174.06509399414062,920,hit,1.629663216125107,18.399999999999697,170.44143174279475
7,802,1310288,8.460304260253906,2250,timeout,6.3773692340454025,45.000000000001435,-84.61959484206994
7,803,1311240,158.51419067382812,711,hit,2.2463706499566047,14.219999999999786,160.41680450982562
7,804,1312588,9.358406066894531,2250,timeout,6.209145402725099,45.000000000001435,-76.65106740816317
7,805,1313228,166.16294860839844,1133,hit,1.9238982962996511,22.659999999999606,160.06291970441006
7,806,1313700,168.63023376464844,853,hit,2.0232435342783037,17.059999999999725,168.1674271940479
7,807,1314972,181.71022033691406,933,hit,3.3172314628739117,18.65999999999969,172.8749189842885
7,808,1315240,165.95977783203125,663,hit,3.990814221939111,13.259999999999806,157.44005834665515
7,809,1316784,181.12176513671875,889,hit,1.6956224747994573,17.77999999999971,166.6177536162799
7,810,1317952,167.843994140625,678,hit,1.099078495677655,13.5599999999998,155.31303485503017
7,811,1318012,167.8583526611328,1078,hit,2.454344349837095,21.55999999999963,164.58079740932487
7,812,1318176,156.17359924316406,801,hit,4.133705869791608,16.019999999999747,162.9485248040095
7,813,1320000,152.9833221435547,804,hit,4.669861224902248,16.079999999999746,165.83167669175066
7,814,1320788,148.32583618164062,709,hit,4.4637521389902295,14.179999999999787,159.80821695014822
7,815,1321112,170.4557342529297,775,hit,3.262357679969905,15.499999999999758,162.95640349826223
7,816,1324036,157.6808624267578,731,hit,3.014576338033189,14.619999999999777,156.69294921290734
7,817,1325672,157.5570831298828,1221,hit,4.922134358663297,24.41999999999957,164.36128707112277
7,818,1327176,-28.94226837158203,2250,timeout,11.4533976554498,45.000000000001435,-100.44139142198517
7,819,1327632,158.98260498046875,899,hit,3.4319486924783327,17.979999999999706,170.4743467021313
7,820,1329000,-8.89105224609375,2250,timeout,8.279665779206987,45.000000000001435,-97.80824939035708
7,821,1330068,149.3838348388672,1099,hit,4.986444500167203,21.97999999999962,156.559863237454
7,822,1332108,159.71835327148438,1119,hit,4.315579425334545,22.37999999999961,163.93354327091498
7,823,1332836,155.99801635742188,1415,hit,4.283752470300426,28.299999999999486,164.6614037596285
7,824,1335460,151.76231384277344,838,hit,4.744669361491554,16.75999999999973,165.97292556621528
7,825,1336316,157.12155151367188,870,hit,4.076288719912157,17.399999999999718,164.39905771411833
7,826,1338000,4.815685272216797,2250,timeout,6.446904899516433,45.000000000001435,-68.98952399085834
7,827,1339068,-23.384090423583984,2250,timeout,7.656124458133649,45.000000000001435,-68.98177894161898
7,828,1339388,163.17251586914062,982,hit,4.131793139769091,19.63999999999967,164.805365706958
7,829,1341412,157.36830139160156,853,hit,4.061588000207028,17.059999999999725,169.121028778628
7,830,1342044,178.9366455078125,744,hit,3.818516359092199,14.879999999999772,163.46939849696724
7,831,1342196,155.8956756591797,702,hit,4.022288213874108,14.03999999999979,160.87839015094576
7,832,1344336,152.10618591308594,731,hit,3.8342202289423137,14.619999999999777,161.6617796890289
7,833,1345316,-39.921966552734375,2250,timeout,10.044848464673372,45.000000000001435,-74.21116627359676
7,834,1345616,154.94451904296875,893,hit,4.951702879048145,17.859999999999708,167.52929253592944
7,835,1345692,183.22601318359375,874,hit,2.9374980579743415,17.479999999999716,171.3269008749329
7,836,1348560,170.09591674804688,811,hit,2.252292249956327,16.219999999999743,166.87760447144515
7,837,1349456,159.05508422851562,960,hit,4.4089375752586255,19.19999999999968,170.91334391748504
7,838,1351612,167.0661163330078,763,hit,2.9839641278785876,15.259999999999764,166.24195396411156
7,839,1353336,-7.4190673828125,2250,timeout,6.422949717233051,45.000000000001435,-72.80371340351942
7,840,1354616,143.62681579589844,751,hit,4.645350737683197,15.019999999999769,160.4659494886425
7,841,1354620,162.89170837402344,1291,hit,2.765193752213492,25.81999999999954,167.89613199740052
7,842,1354692,7.131313323974609,2250,timeout,14.299749049012986,45.000000000001435,-52.76629942410371
7,843,1356668,156.49923706054688,833,hit,4.451405206841735,16.659999999999734,164.42548015599579
7,844,1357640,165.8284912109375,737,hit,4.453610849804175,14.739999999999775,157.07445596382274
7,845,1358012,169.7336883544922,848,hit,3.5772881479167564,16.959999999999727,168.54159439915895
7,846,1360848,154.38558959960938,709,hit,3.6439969427953107,14.179999999999787,158.84214996010923
7,847,1363616,-21.48110580444336,2250,timeout,12.224610364241443,45.000000000001435,-72.89407056481066
7,848,1364368,171.39736938476562,880,hit,2.4548552904355074,17.599999999999714,172.03830858404535
7,849,1365668,-3.6486434936523438,2250,timeout,5.266257192004265,45.000000000001435,-101.05581669250185
7,850,1366252,162.8901824951172,659,hit,4.553365315279012,13.179999999999808,160.2727378105757
7,851,1366640,32.38874053955078,2250,timeout,6.737158426144899,45.000000000001435,-62.106275168802085
7,852,1369588,156.1080322265625,834,hit,4.748450808117691,16.679999999999733,160.22608274529625
7,853,1370100,162.48660278320312,865,hit,3.434114934166407,17.29999999999972,172.6522560296598
7,854,1373348,154.73892211914062,812,hit,4.585724126127393,16.239999999999743,169.85909086290428
7,855,1373368,2.1116294860839844,2250,timeout,11.851775071036982,45.000000000001435,-76.12423563888024
7,856,1373512,-24.2601261138916,1961,miss,7.8419778692548485,39.22000000000053,-67.36708774861775
7,857,1376000,148.33511352539062,658,hit,4.439502809915319,13.159999999999808,156.97081827908036
7,858,1376824,168.69729614257812,828,hit,1.6272674200613355,16.559999999999736,160.4848139317184
7,859,1378536,154.10186767578125,1297,hit,2.964433911783912,25.939999999999536,150.55611175092562
7,860,1378588,34.81671142578125,2250,timeout,5.881192153394242,45.000000000001435,-75.49858276919898
7,861,1379044,162.87315368652344,761,hit,3.128181748977995,15.219999999999764,156.27088646008903
7,862,1382896,150.11727905273438,1090,hit,4.937129994310242,21.799999999999624,164.11642301102785
7,863,1383336,29.36837387084961,1628,miss,91.23192620028946,32.55999999999949,-34.401104886145674
7,864,1384100,159.78485107421875,1264,hit,3.8655008596213567,25.27999999999955,168.1325489128575
7,865,1385652,154.3024139404297,689,hit,3.0116153986127405,13.779999999999795,156.48652231871597
7,866,1387516,144.17034912109375,1045,hit,4.386438691936433,20.899999999999643,157.59645405009243
7,867,1387588,3.774810791015625,2250,timeout,5.173728121186629,45.000000000001435,-101.81081207236923
7,868,1388996,166.5400848388672,836,hit,2.6629522471489024,16.719999999999732,163.9640791156121
7,869,1390748,173.11911010742188,790,hit,1.1197926052395573,15.799999999999752,163.5981580056015
7,870,1393100,-12.333847045898438,2250,timeout,7.262119907625985,45.000000000001435,-84.91510366949511
7,871,1393896,153.19813537597656,787,hit,4.748378843283126,15.739999999999753,159.32932575546945
7,872,1396516,-10.703437805175781,2250,timeout,9.147410513242455,45.000000000001435,-82.2374496272624
7,873,1397092,150.90557861328125,998,hit,3.914351871691061,19.959999999999663,154.16506150966063
7,874,1397752,181.00291442871094,964,hit,0.80480816053479,19.279999999999678,171.92282501518355
7,875,1397996,0.01709747314453125,2250,timeout,5.702404751063345,45.000000000001435,-65.82717368408146
7,876,1399784,154.32736206054688,673,hit,4.332524531142182,13.459999999999802,155.2690432717926
7,877,1399832,175.16481018066406,829,hit,4.354775104239048,16.579999999999735,160.58134598175388
7,878,1402556,170.9171905517578,1201,hit,2.6811608053783855,24.019999999999577,163.40602689242834
7,879,1403404,159.79360961914062,905,hit,3.9239492497105934,18.099999999999703,170.95453802337153
7,880,1403660,169.65655517578125,957,hit,3.0569926092440687,19.13999999999968,172.62959278378304
7,881,1406996,1.7163124084472656,2250,timeout,8.937615915862605,45.000000000001435,-76.6822351443133
7,882,1407108,152.23619079589844,1138,hit,4.4620875142741205,22.759999999999604,165.05067101842354
7,883,1407160,156.87400817871094,875,hit,4.214123651956219,17.499999999999716,170.70192893951327
7,884,1407872,160.30685424804688,1117,hit,3.5809669148995766,22.339999999999613,161.9884495161738
7,885,1412228,155.12881469726562,1267,hit,4.669430230638585,25.33999999999955,169.16464383668512
7,886,1412708,146.2169189453125,1428,hit,4.37191628566736,28.55999999999948,157.1241334632673
7,887,1412716,164.04998779296875,1211,hit,4.505107704498544,24.219999999999573,157.68056344513752
7,888,1414236,150.3157196044922,1782,hit,4.352835419743284,35.63999999999997,166.75043657988303
7,889,1416292,168.00103759765625,894,hit,1.941759102179439,17.879999999999708,169.13925775210714
7,890,1417780,147.4444580078125,1268,hit,3.635328745416669,25.35999999999955,153.4970879597921
7,891,1418168,159.1619873046875,983,hit,4.2868434829690685,19.65999999999967,160.47305685244686
7,892,1419516,163.40731811523438,806,hit,2.4162939852387257,16.119999999999745,164.17918967299647
7,893,1421228,20.129776000976562,2250,timeout,7.01168028678678,45.000000000001435,-70.28582541106792
7,894,1422612,154.5719757080078,774,hit,4.200321523897271,15.479999999999759,162.6439600551945
7,895,1426020,146.9734344482422,1198,hit,4.271690051807392,23.959999999999578,159.9328898916927
7,896,1426272,145.58438110351562,915,hit,4.24403828412465,18.2999999999997,153.9148662765461
7,897,1426780,-3.1885910034179688,2250,timeout,6.350791676587623,45.000000000001435,-94.80886457609239
7,898,1427168,-5.748584747314453,2250,timeout,6.054023577567204,45.000000000001435,-97.91282064611293
7,899,1428648,155.48410034179688,657,hit,4.770306599077886,13.139999999999809,158.6554307030818
7,900,1430156,162.52574157714844,747,hit,3.4693776645079586,14.93999999999977,160.01741478673983
7,901,1430168,170.42796325683594,847,hit,3.6280128695393365,16.939999999999728,170.18217889562828
7,902,1431760,164.94805908203125,778,hit,2.623898473488767,15.559999999999757,162.8038372167091
7,903,1433484,147.06436157226562,829,hit,3.1203415314276524,16.579999999999735,152.89267443611277
8,904,1437464,174.1175537109375,966,hit,2.3994118350252913,19.319999999999677,172.19475359978944
8,905,1437828,164.045654296875,1057,hit,4.922238257928477,21.139999999999638,161.36369591179852
8,906,1438616,152.53607177734375,1254,hit,3.444932281522245,25.079999999999554,157.15685970439282
8,907,1442600,9.874126434326172,2250,timeout,7.17038283401586,45.000000000001435,-91.68229205312326
8,908,1446464,-28.03675079345703,2250,timeout,9.715697405824468,45.000000000001435,-112.4456796750892
8,909,1446828,-28.736724853515625,2250,timeout,12.003908485084983,45.000000000001435,-64.19297989913102
8,910,1447616,-40.40077209472656,2250,timeout,10.081979167726352,45.000000000001435,-89.94832346296636
8,911,1450192,158.54672241210938,644,hit,2.245718038125501,12.879999999999814,156.12148842740172
8,912,1450492,150.3257293701172,1007,hit,4.269104877684325,20.13999999999966,152.23214406172403
8,913,1451600,-26.100173950195312,2250,timeout,5.505096440277542,45.000000000001435,-107.76088330161593
8,914,1455032,162.01181030273438,1210,hit,3.631283361716128,24.199999999999573,160.44945060090953
8,915,1455484,7.027774810791016,2164,miss,5.24679520843527,43.280000000001166,-83.56358399267259
8,916,1457728,152.1778564453125,674,hit,4.494033236850496,13.479999999999801,157.85165696203998
8,917,1458196,25.307575225830078,1649,miss,350.08946067186986,32.979999999999556,-32.34038360938004
8,918,1459492,-9.830787658691406,2250,timeout,6.625455812475185,45.000000000001435,-101.92434512025918
8,919,1460508,165.29934692382812,1256,hit,3.090693326878539,25.119999999999553,163.8703399636662
8,920,1461008,169.77377319335938,820,hit,2.928688590879033,16.39999999999974,166.33346197180245
8,921,1461988,163.24102783203125,948,hit,3.230337197935991,18.959999999999685,171.35427441517248
8,922,1463272,173.26104736328125,945,hit,2.5366556099682698,18.899999999999686,172.00258751237521
8,923,1465124,161.77806091308594,1154,hit,4.714029273563029,23.079999999999597,157.48310931875977
8,924,1465900,175.75164794921875,1223,hit,0.9835870634484004,24.459999999999567,161.21650084206757
8,925,1467160,160.79800415039062,972,hit,3.9763096932994357,19.439999999999674,173.30671975807735
8,926,1468188,177.67283630371094,766,hit,1.3449576375914027,15.319999999999762,164.48857503202186
8,927,1470988,-21.818531036376953,2250,timeout,12.452073667705042,45.000000000001435,-82.74672702920397
8,928,1471084,180.90809631347656,981,hit,2.9957405845540572,19.61999999999967,172.6338377066715
8,929,1471488,173.55291748046875,1397,hit,2.962831663290774,27.939999999999493,162.64478818018532
8,930,1472196,155.98634338378906,1002,hit,3.877752125462873,20.03999999999966,162.01057801101052
8,931,1475176,154.7391815185547,745,hit,3.58285545322521,14.899999999999771,164.1048083077677
8,932,1475176,166.11514282226562,922,hit,3.0720818684271234,18.439999999999696,167.9828190119046
8,933,1477928,155.45130920410156,688,hit,3.188318737755963,13.759999999999796,156.68664462425733
8,934,1478224,157.73526000976562,762,hit,2.959716614585441,15.239999999999764,162.35601935493617
8,935,1479988,0.7413711547851562,2250,timeout,5.715749928463432,45.000000000001435,-96.54309244388595
8,936,1480084,-17.317428588867188,2250,timeout,7.334185073364377,45.000000000001435,-68.12868489141668
8,937,1481600,174.6471710205078,844,hit,2.9446469903029278,16.87999999999973,164.30476220899052
8,938,1481664,171.3592987060547,934,hit,4.071741259118792,18.67999999999969,166.04384972918513
8,939,1484504,153.18638610839844,1105,hit,3.7025522049913513,22.099999999999618,159.80532937631236
8,940,1487224,113.9656982421875,1809,hit,4.712460564753241,36.18000000000006,149.91359251794495
8,941,1489372,153.43243408203125,1217,hit,4.006388250953422,24.33999999999957,157.11890789867334
8,942,1490600,-11.73703384399414,2250,timeout,6.968228134214023,45.000000000001435,-69.8719891205616
8,943,1490664,-28.76299285888672,2250,timeout,7.892840354460187,45.000000000001435,-61.71431479959892
8,944,1493588,159.87271118164062,747,hit,3.0716492869702035,14.93999999999977,158.46556729154844
8,945,1494364,153.9947052001953,1248,hit,4.842187756766709,24.959999999999557,158.0767576529586
8,946,1495188,151.1141357421875,1131,hit,4.184195468335906,22.619999999999607,160.26461189605465
8,947,1495960,-17.64190673828125,2184,miss,6.521095360564482,43.68000000000123,-93.14914104979181
8,948,1496544,170.3621063232422,739,hit,1.8714700097942918,14.779999999999774,159.1092910972896
8,949,1497312,156.93695068359375,737,hit,2.7923330137760063,14.739999999999775,161.75294521848917
8,950,1499484,159.5986785888672,735,hit,2.4981945211452716,14.699999999999775,161.25157679336382
8,951,1499752,179.0882568359375,948,hit,1.651767218409329,18.959999999999685,173.14591149285957
8,952,1504188,-5.65325927734375,2250,timeout,7.620738564293488,45.000000000001435,-94.04708934573719
8,953,1506312,-16.90517807006836,2250,timeout,7.079782576961915,45.000000000001435,-73.43626241348608
8,954,1508484,-16.080425262451172,2250,timeout,5.11088201399014,45.000000000001435,-86.90496249943112
8,955,1508752,2.6534385681152344,2250,timeout,5.112119771896223,45.000000000001435,-70.19880221139914
8,956,1509376,158.5985870361328,766,hit,3.357362472144655,15.319999999999762,165.76498453668688
8,957,1509968,172.71253967285156,1445,hit,2.6674825931815316,28.899999999999473,162.80851062879407
8,958,1512760,167.96800231933594,698,hit,1.3565532573301369,13.959999999999791,156.18957081909988
8,959,1513080,151.7832489013672,1149,hit,3.5792908539944643,22.9799999999996,151.20161128476659
8,960,1517752,-27.56127166748047,2250,timeout,7.313984878062072,45.000000000001435,-98.16083351547654
8,961,1518164,-28.30795669555664,2197,miss,8.870743641925966,43.94000000000127,-98.99727929215888
8,962,1520844,179.28176879882812,773,hit,1.78531668561871,15.45999999999976,162.80734136165685
8,963,1521736,124.41100311279297,2244,hit,4.280680203693539,44.88000000000142,135.34896161167086
8,964,1522080,-4.196113586425781,2250,timeout,13.691540937662841,45.000000000001435,-61.58586700256255
8,965,1524676,146.9127197265625,649,hit,3.6755461221246084,12.979999999999812,156.17455297144315
8,966,1524968,171.60250854492188,808,hit,2.709837427928165,16.159999999999744,164.32099219268179
8,967,1527164,19.94429588317871,2250,timeout,6.265911325068597,45.000000000001435,-74.21174838534814
8,968,1527560,154.34349060058594,648,hit,2.5661073875092573,12.959999999999813,158.16477607697846
8,969,1528064,158.3881378173828,847,hit,3.4277348720157375,16.939999999999728,166.25318490121768
8,970,1529844,-11.074626922607422,2250,timeout,7.812536743857839,45.000000000001435,-104.35450705931989
8,971,1530812,157.69369506835938,813,hit,3.915580644268529,16.259999999999742,166.72855041167082
8,972,1530840,169.61854553222656,919,hit,2.094353981220035,18.379999999999697,171.25614100165092
8,973,1531136,164.80616760253906,768,hit,2.627286143286384,15.359999999999761,166.55904647516988
8,974,1533284,162.04391479492188,860,hit,3.0226907059561134,17.199999999999722,172.35279892797467
8,975,1533592,151.33273315429688,695,hit,2.7846382216988945,13.899999999999793,159.81219749552469
8,976,1535004,153.10679626464844,1041,hit,4.4961071226391605,20.819999999999645,163.67311374239193
8,977,1536736,153.73020935058594,786,hit,4.352080616584316,15.719999999999754,153.7754529878774
8,978,1538700,154.6219024658203,1354,hit,3.8351360750306673,27.07999999999951,163.71059391925905
8,979,1539556,149.02342224121094,705,hit,4.047258973897748,14.099999999999788,161.11839162845783
8,980,1540136,-2.7034378051757812,2250,timeout,8.623691905504105,45.000000000001435,-73.34790832051924
8,981,1542176,175.38124084472656,869,hit,2.067136397869791,17.37999999999972,160.59625789125323
8,982,1542908,-5.4325714111328125,1976,miss,6.156391595612794,39.52000000000058,-53.44554185004842
8,983,1543116,173.6988983154297,745,hit,0.8626111229106562,14.899999999999771,162.31668703738245
8,984,1544292,161.32537841796875,1184,hit,2.784256694659091,23.679999999999584,164.05936159933836
8,985,1547172,153.85353088378906,720,hit,3.695466680245225,14.399999999999782,160.6430557494511
8,986,1547852,173.06544494628906,1184,hit,2.5037303281917005,23.679999999999584,159.39217286331103
8,987,1550308,11.991695404052734,1850,miss,5.657932348759906,37.000000000000185,-60.27935848938853
8,988,1550592,158.9683074951172,685,hit,2.2559403300636562,13.699999999999797,159.11617545817765
8,989,1551176,9.719808578491211,2250,timeout,8.61865539066785,45.000000000001435,-68.97130269257336
8,990,1552908,159.83120727539062,1434,hit,4.476718792549096,28.679999999999477,154.83326810943922
8,991,1555696,162.72579956054688,1347,hit,3.46496818776784,26.939999999999515,171.48685282819503
8,992,1556368,148.16653442382812,1444,hit,4.444912177989733,28.879999999999473,160.25103471074272
8,993,1557660,164.5694580078125,1188,hit,4.091588329071409,23.759999999999582,159.21234317260803
8,994,1559656,169.88543701171875,990,hit,2.147140551784791,19.799999999999667,173.6283578954871
8,995,1560176,15.81905746459961,2250,timeout,5.295819788073899,45.000000000001435,-73.9081896504318
8,996,1565368,-24.861064910888672,2250,timeout,8.084393540632023,45.000000000001435,-87.70514410836186
8,997,1566216,156.7394561767578,1510,hit,4.461065470057823,30.199999999999445,168.1450213788656
8,998,1566660,-11.097816467285156,2250,timeout,5.977217917883923,45.000000000001435,-96.39060079528934
8,999,1568624,183.1393280029297,814,hit,0.4886259102612347,16.279999999999742,168.98170782507785
8,1000,1568656,0.4521026611328125,2250,timeout,17.25387870174593,45.000000000001435,-71.34145486764244
8,1001,1568928,149.55419921875,678,hit,4.039545137745813,13.5599999999998,157.91333290839952
8,1002,1569560,160.42178344726562,725,hit,3.310533507788352,14.49999999999978,157.94658142293937
8,1003,1571724,160.70310974121094,699,hit,1.994428533102977,13.97999999999979,156.23188478362582
8,1004,1572828,168.94161987304688,1051,hit,3.6703772243193327,21.01999999999964,154.0422924879393
8,1005,1573564,167.30406188964844,1001,hit,2.279590316085833,20.019999999999662,171.72239909180837
8,1006,1576244,155.3606414794922,670,hit,3.886268745932889,13.399999999999803,158.14595628017886
8,1007,1577504,161.89093017578125,1445,hit,4.7314158827629695,28.899999999999473,166.87488255667907
8,1008,1577656,20.940162658691406,2250,timeout,6.055060993754365,45.000000000001435,-57.62674845406978
8,1009,1578932,172.09512329101562,1526,hit,3.9833476339529774,30.51999999999944,165.32467043215098
8,1010,1580180,158.6285400390625,984,hit,3.785210741979336,19.67999999999967,155.1938849472844
8,1011,1581204,176.2288360595703,887,hit,1.0954695756326585,17.73999999999971,171.4854506964182
8,1012,1582288,164.47195434570312,1196,hit,3.6353288694239523,23.91999999999958,161.85587763486052
8,1013,1582720,171.57717895507812,635,hit,4.068271053182889,12.699999999999818,155.53679829352723
8,1014,1584088,160.5367889404297,1289,hit,3.9551301566612027,25.77999999999954,167.26931124987868
8,1015,1584536,148.90151977539062,833,hit,4.916283028373381,16.659999999999734,168.37323241168474
8,1016,1587704,175.92913818359375,792,hit,2.5118234884603337,15.839999999999751,153.33477324591658
8,1017,1588312,157.48036193847656,1056,hit,3.6567548642854613,21.11999999999964,156.59595939173718
8,1018,1589408,-24.684539794921875,1780,miss,7.474854165278859,35.599999999999966,-73.5462442183294
8,1019,1591560,146.19869995117188,964,hit,4.706401670925118,19.279999999999678,152.78007230569335
8,1020,1591704,161.52767944335938,848,hit,4.003791224199688,16.959999999999727,168.61891000549014
8,1021,1591720,-50.52116775512695,2250,timeout,8.698537108646503,45.000000000001435,-64.27286816731885
8,1022,1592352,157.46920776367188,736,hit,2.5159418585432927,14.719999999999775,156.4018276560509
8,1023,1594548,166.71971130371094,707,hit,2.512233090182522,14.139999999999787,158.89650084960655
8,1024,1600560,20.655906677246094,2250,timeout,7.051966029143639,45.000000000001435,-86.37465042282008
8,1025,1600704,18.09941864013672,2250,timeout,6.65358506605084,45.000000000001435,-74.28653742724889
8,1026,1601352,21.103342056274414,2250,timeout,6.364071319326609,45.000000000001435,-74.67504282239642
8,1027,1603204,153.86459350585938,625,hit,2.5327880761576753,12.499999999999822,155.27726049041968
8,1028,1603548,46.248146057128906,2250,timeout,5.265563708320463,45.000000000001435,-54.92552370976168
8,1029,1604960,164.69146728515625,902,hit,2.7713113677736025,18.039999999999704,171.25001905378406
8,1030,1605052,156.18133544921875,1123,hit,4.221078173329316,22.45999999999961,163.62681482619445
8,1031,1607468,163.9240264892578,980,hit,3.450270966530439,19.59999999999967,173.38447783013729
8,1032,1608012,162.66648864746094,1202,hit,3.123757088327586,24.039999999999576,161.6933004493253
8,1033,1608812,180.14431762695312,940,hit,4.198260160244459,18.799999999999688,169.03058804601756
8,1034,1609956,153.7979278564453,1249,hit,4.711954899382376,24.979999999999556,161.12609246842447
8,1035,1611204,159.77284240722656,934,hit,3.613740462969208,18.67999999999969,170.62844613742175
8,1036,1613264,175.98451232910156,827,hit,4.019618573351242,16.539999999999736,168.57715881512632
8,1037,1615380,155.6966552734375,1044,hit,3.926857500498842,20.879999999999644,156.3599670930201
8,1038,1616228,155.95687866210938,741,hit,3.461064612999826,14.819999999999773,161.0552960929531
8,1039,1617012,-28.339962005615234,2250,timeout,9.14732097269989,45.000000000001435,-81.48548207232001
8,1040,1617812,-13.7139892578125,2250,timeout,6.034564512394184,45.000000000001435,-87.35112987427202
8,1041,1618652,162.56260681152344,818,hit,3.3822166260640176,16.35999999999974,150.56944971642307
8,1042,1619212,160.52903747558594,746,hit,2.920628572642741,14.91999999999977,161.07223949045513
8,1043,1621308,161.11688232421875,874,hit,4.817804144907016,17.479999999999716,154.96930179232044
8,1044,1622968,180.1937255859375,939,hit,1.3484645967071482,18.77999999999969,170.71177063259614
8,1045,1622988,154.508056640625,1494,hit,4.431577718450581,29.879999999999452,168.33260290024765
8,1046,1623764,176.5860595703125,1278,hit,2.305808170035932,25.559999999999544,165.0974861982017
8,1047,1625452,148.15164184570312,621,hit,4.288069941368335,12.419999999999824,156.32733599867942
8,1048,1626148,149.56072998046875,1210,hit,4.687788848657051,24.199999999999573,153.34714729448217
8,1049,1626588,166.41024780273438,706,hit,1.7764126876183148,14.119999999999788,160.22621385454806
8,1050,1627372,150.87844848632812,1096,hit,4.814147518143761,21.91999999999962,160.18833352616304
8,1051,1628496,176.45130920410156,761,hit,4.258043925664616,15.219999999999764,162.24122845804897
8,1052,1634696,-9.180561065673828,2137,miss,6.608116274488419,42.74000000000108,-84.6650654471725
8,1053,1635588,23.15599250793457,2250,timeout,9.085494434287192,45.000000000001435,-60.33443310781746
8,1054,1636348,18.030921936035156,2244,miss,5.027194826318763,44.88000000000142,-85.98782767629798
8,1055,1637496,-46.79024887084961,2250,timeout,6.253553434208377,45.000000000001435,-98.55710609516234
