checkpoint,episode,total_timesteps,episode_reward,episode_length,outcome,min_range_m,final_time_s,legacy_episode_reward
1,1,7804,-26.023513793945312,1951,miss,1956.1375783038782,39.0200000000005,-88.41720598776683
1,2,8720,-7.285073280334473,2180,miss,1034.192831786228,43.60000000000122,-131.35684569696048
1,3,8916,-6.97807502746582,2229,miss,756.969501922935,44.58000000000137,-124.0662274638634
1,4,9000,-12.733850479125977,2250,timeout,1274.3958644483569,45.000000000001435,-83.72170551754331
1,5,15036,-58.457061767578125,1530,miss,4622.597771403899,30.599999999999437,-104.07268382388398
1,6,15044,-63.419090270996094,1810,miss,4534.225932959438,36.20000000000006,-109.93198296168413
1,7,15640,-60.2430419921875,1730,miss,3473.498129411893,34.59999999999981,-133.34861676042104
1,8,16480,-54.908180236816406,1870,miss,2995.7336841646384,37.40000000000025,-124.77024242427575
1,9,20736,-29.482566833496094,1425,miss,2238.747708050847,28.49999999999948,-74.65082842955212
1,10,22580,13.075395584106445,1884,miss,539.7045587245356,37.68000000000029,-77.98303828502513
1,11,22608,-38.58107376098633,1742,miss,2688.541971691151,34.83999999999985,-120.37761246532195
1,12,23348,-54.86725616455078,1717,miss,2905.765990400398,34.33999999999977,-138.8353576360323
1,13,29736,1.9243879318237305,2250,timeout,778.9545807614865,45.000000000001435,-88.03576065949497
1,14,30456,16.393945693969727,1969,miss,500.2343407236993,39.38000000000056,-67.94019974274828
1,15,31608,-9.481678009033203,2250,timeout,1152.055863348328,45.000000000001435,-81.66899131922355
1,16,31912,-8.411507606506348,2141,miss,1219.3175841180528,42.820000000001095,-131.8972961594593
1,17,37940,1.3619022369384766,2051,miss,612.1843114605012,41.02000000000081,-114.41243552220614
1,18,38720,-27.8033390045166,1778,miss,1747.776987394166,35.55999999999996,-79.80100832899514
1,19,39388,-2.4255504608154297,2233,miss,934.0727785780678,44.66000000000138,-127.99657200298617
1,20,40912,-15.188605308532715,2250,timeout,1215.8717425684245,45.000000000001435,-90.53327528602621
1,21,46424,17.28071403503418,2121,miss,357.5299088574518,42.42000000000103,-69.59403660408293
1,22,47720,3.7970199584960938,2250,timeout,497.4644884632599,45.000000000001435,-93.65206269070099
1,23,48388,20.58267593383789,2250,timeout,188.11875432193258,45.000000000001435,-81.25420479832265
1,24,48392,-2.3101696968078613,1870,miss,906.7066380604746,37.40000000000025,-70.66843728943209
1,25,55424,20.24696922302246,2250,timeout,206.54360421414236,45.000000000001435,-87.98432002770882
1,26,55632,9.698514938354492,1978,miss,314.69234352454,39.560000000000585,-88.36067637518403
1,27,57388,17.4664306640625,2250,timeout,47.44296316378304,45.000000000001435,-89.35306397629324
1,28,57392,0.5625019073486328,2250,timeout,588.4325207062675,45.000000000001435,-82.6331678846778
1,29,64424,18.741100311279297,2250,timeout,48.244073341066766,45.000000000001435,-79.12307806133687
1,30,64632,21.38591194152832,2250,timeout,148.22258202904393,45.000000000001435,-58.19730076374123
1,31,66388,8.927606582641602,2250,timeout,46.67626317208128,45.000000000001435,-80.81536463261551
1,32,66392,-1.462615966796875,2250,timeout,25.75827588126629,45.000000000001435,-76.95434706353488
1,33,73424,10.287660598754883,2250,timeout,150.3454650815717,45.000000000001435,-72.01556940071812
1,34,73560,10.67854118347168,2232,miss,94.94988028896569,44.64000000000138,-64.43384341254978
1,35,75024,15.689016342163086,2159,miss,40.3486731502077,43.18000000000115,-58.39346216411975
1,36,75392,21.719806671142578,2250,timeout,7.689649952606999,45.000000000001435,-68.60543169133263
1,37,78608,121.56970977783203,1262,hit,4.966873727659347,25.23999999999955,144.6076272346754
1,38,80904,10.601007461547852,1870,miss,5.048261809980703,37.40000000000025,-70.24069480930342
1,39,81712,130.8434600830078,776,hit,4.18073698896965,15.519999999999758,155.35562891319924
1,40,84024,13.7969388961792,2250,timeout,58.976932489803694,45.000000000001435,-66.17266075748213
1,41,84344,7.855235576629639,2238,miss,9.44137095333355,44.7600000000014,-58.38897947890394
1,42,86204,126.98872375488281,1123,hit,4.809472078081606,22.45999999999961,149.35025394331777
1,43,89904,10.610130310058594,2250,timeout,35.977157312572785,45.000000000001435,-84.93426292290003
1,44,90520,114.35519409179688,1079,hit,3.463019989864051,21.57999999999963,144.0156363438986
1,45,91608,15.911266326904297,1896,miss,15.523169770214421,37.92000000000033,-59.59476111063111
1,46,93048,11.559052467346191,2176,miss,22.472007824745923,43.520000000001204,-60.77520178777917
1,47,98904,1.0011749267578125,2250,timeout,5.383279772694774,45.000000000001435,-76.32664966558215
1,48,99520,14.325202941894531,2250,timeout,11.90784079381366,45.000000000001435,-82.78580830916906
1,49,100292,12.507898330688477,2171,miss,9.930907340179973,43.42000000000119,-70.71989395389821
1,50,102048,-1.4815177917480469,2250,timeout,37.79544287101837,45.000000000001435,-70.58495651928197
1,51,104448,117.86782836914062,1039,hit,3.917384006342151,20.779999999999646,145.24525509599127
1,52,106980,-11.025972366333008,1865,miss,8.482005386494032,37.30000000000023,-79.47257729620583
1,53,107116,122.6175537109375,667,hit,4.4626156647879975,13.339999999999804,154.3005868021549
1,54,107904,4.007383346557617,2250,timeout,16.147634661194065,45.000000000001435,-83.38127243804749
1,55,111048,-1.2497062683105469,2250,timeout,9.485321904024284,45.000000000001435,-68.27880421277972
1,56,115980,1.6339564323425293,2250,timeout,10.797164663581922,45.000000000001435,-72.0939998398029
1,57,116116,-8.89694595336914,2250,timeout,11.458044887210452,45.000000000001435,-68.2581506895594
1,58,116884,14.253168106079102,2245,miss,21.196486895136296,44.90000000000142,-72.47806956771379
1,59,120048,16.90151596069336,2250,timeout,13.964416852094471,45.000000000001435,-78.38866567070573
1,60,124980,-18.709728240966797,2250,timeout,21.384658504408332,45.000000000001435,-79.44128342249006
1,61,125116,6.385229110717773,2250,timeout,7.4463376911918955,45.000000000001435,-63.93670838459829
1,62,125884,14.3035888671875,2250,timeout,8.652536718728024,45.000000000001435,-79.67208072456742
1,63,128988,18.65278434753418,2235,miss,7.295122859588139,44.70000000000139,-68.64576160233878
1,64,132416,26.520931243896484,1633,miss,111.83821602532656,32.659999999999506,-51.45513046107499
1,65,132424,10.594770431518555,1827,miss,11.281125968086268,36.54000000000011,-59.24331061189978
1,66,133980,5.534247398376465,2250,timeout,11.578221763510713,45.000000000001435,-66.24313520360735
1,67,137988,0.4447593688964844,2250,timeout,25.827769880833046,45.000000000001435,-74.05441133334936
1,68,141212,-1.9715499877929688,2197,miss,8.73320338174698,43.94000000000127,-92.03571470520144
1,69,141416,-0.34590911865234375,2250,timeout,16.337973581206267,45.000000000001435,-79.15551251909187
1,70,141464,129.21170043945312,869,hit,4.839687281095399,17.37999999999972,159.941357522889
1,71,142980,15.932413101196289,2250,timeout,17.93840289755042,45.000000000001435,-57.796610070166786
1,72,145504,129.05784606933594,1010,hit,4.692562983884923,20.19999999999966,150.81313886362273
1,73,150212,11.975605010986328,2250,timeout,25.399365790983197,45.000000000001435,-73.52897392439993
1,74,150416,7.063203811645508,2250,timeout,12.781928924923404,45.000000000001435,-78.53236749156054
1,75,151832,5.085674285888672,2213,miss,26.463754806756846,44.26000000000132,-84.68879436008035
1,76,153572,127.25363159179688,789,hit,3.5900203234325025,15.779999999999752,153.44292727210637
1,77,154504,12.211902618408203,2250,timeout,15.10929834981317,45.000000000001435,-67.01288745395627
1,78,159212,15.780965805053711,2250,timeout,15.02490310562002,45.000000000001435,-64.90388838649528
1,79,159784,120.01788330078125,1553,hit,4.09221682901534,31.059999999999427,138.91314438030085
1,80,160832,-2.7769622802734375,2250,timeout,14.034934604676584,45.000000000001435,-82.21945969268836
1,81,161820,16.0393123626709,1829,miss,5.613438129827639,36.58000000000012,-69.66530919588274
1,82,168212,2.391143798828125,2250,timeout,9.241578015855481,45.000000000001435,-87.63330025738729
1,83,168784,-9.525598526000977,2250,timeout,18.412576170345204,45.000000000001435,-81.80583520474802
1,84,169832,-4.575984954833984,2250,timeout,16.45000394288861,45.000000000001435,-83.56693270585421
1,85,170540,112.89684295654297,2180,hit,4.374953644199964,43.60000000000122,137.6778923620184
1,86,173556,135.11459350585938,931,hit,2.952209365718166,18.619999999999692,162.48876333097627
1,87,176812,13.326152801513672,2007,miss,7.064574418649067,40.140000000000676,-66.65056544941876
1,88,177212,11.013418197631836,2250,timeout,19.559465642562873,45.000000000001435,-65.43143339804945
1,89,179540,8.50202751159668,2250,timeout,5.906345078570584,45.000000000001435,-70.49925207525507
1,90,182556,6.299580097198486,2250,timeout,19.40910288974051,45.000000000001435,-76.00202569537288
1,91,185812,-1.1820449829101562,2250,timeout,18.54132927609259,45.000000000001435,-70.55420705763156
1,92,186080,6.653024673461914,2217,miss,5.74991673660212,44.34000000000133,-76.86120648866543
1,93,188540,-0.2699928283691406,2250,timeout,5.304306702708009,45.000000000001435,-77.46180828061853
1,94,190840,99.02217864990234,2071,hit,4.34024617858712,41.420000000000876,129.4497038145637
1,95,194812,0.48120689392089844,2250,timeout,14.266914284875362,45.000000000001435,-74.70797376011218
1,96,195080,12.520671844482422,2250,timeout,19.397138146596735,45.000000000001435,-62.88153232106178
1,97,197540,11.203107833862305,2250,timeout,37.2158263613686,45.000000000001435,-60.66955831395157
1,98,199840,15.466480255126953,2250,timeout,7.881836100099014,45.000000000001435,-63.171239769944975
1,99,203812,4.198808193206787,2250,timeout,10.803857929559982,45.000000000001435,-76.0997919314239
1,100,204080,17.96235466003418,2250,timeout,11.174804327840627,45.000000000001435,-58.06405548284816
2,101,212272,7.047092437744141,1868,miss,7.189215127830787,37.36000000000024,-64.73949709056892
2,102,213492,0.7483959197998047,2173,miss,8.289978912757915,43.460000000001195,-75.4359032438548
2,103,213800,-5.729244232177734,2250,timeout,11.938927005136767,45.000000000001435,-87.7273832658946
2,104,213800,-17.250747680664062,2250,timeout,26.212900144681438,45.000000000001435,-83.54351333967661
2,105,221272,-8.202415466308594,2250,timeout,7.238606566116653,45.000000000001435,-83.87914562912417
2,106,222492,14.72066879272461,2250,timeout,6.856888230168267,45.000000000001435,-70.7865686577041
2,107,222800,-7.912136077880859,2250,timeout,8.31052195618337,45.000000000001435,-77.99636381905881
2,108,222800,4.4301300048828125,2250,timeout,10.603054447826485,45.000000000001435,-70.93658991720488
2,109,229740,2.4107513427734375,1812,miss,5.814929502917254,36.240000000000066,-75.88882165183686
2,110,230272,-16.949981689453125,2250,timeout,27.16413294893802,45.000000000001435,-79.04735302234263
2,111,230480,-2.3923768997192383,1920,miss,10.2396615977198,38.400000000000404,-66.94662341555184
2,112,231800,-0.5589637756347656,2250,timeout,6.295780262937222,45.000000000001435,-79.58705066759913
2,113,238284,5.105587005615234,2136,miss,17.073250984167412,42.72000000000108,-65.21308573784637
2,114,239272,-5.4900360107421875,2250,timeout,15.514340652430587,45.000000000001435,-74.2363453090241
2,115,239480,0.5020637512207031,2250,timeout,12.501680276813772,45.000000000001435,-83.2572997390534
2,116,240800,1.8259162902832031,2250,timeout,5.293599360082327,45.000000000001435,-76.13835200577373
2,117,243108,129.0316162109375,1206,hit,4.885932849769199,24.119999999999575,148.16651441457762
2,118,244416,132.4453887939453,1234,hit,3.997967421549197,24.679999999999563,153.59257570084995
2,119,247340,2.7151336669921875,1635,miss,10.941676244410619,32.69999999999951,-74.39429900487082
2,120,248272,-3.3944625854492188,2250,timeout,22.701293046193005,45.000000000001435,-87.97383605178793
2,121,249540,124.87613677978516,1281,hit,4.975752460562157,25.619999999999543,146.86535982228835
2,122,252108,-18.631065368652344,2250,timeout,9.414814479815401,45.000000000001435,-89.8716263450098
2,123,254492,123.61346435546875,1238,hit,3.5818684155453275,24.75999999999956,146.57801659200183
2,124,256340,7.1027069091796875,2250,timeout,20.29716372701532,45.000000000001435,-75.45071132294655
2,125,257272,-5.645896911621094,2250,timeout,18.6492305713517,45.000000000001435,-82.98260719375631
2,126,261108,12.261274337768555,2250,timeout,5.051224920569656,45.000000000001435,-67.21998327698842
2,127,263100,9.331836700439453,2152,miss,7.835710577052796,43.04000000000113,-73.39539344646279
2,128,264416,3.7286322116851807,2019,miss,6.1367971763561675,40.38000000000071,-58.94206043382548
2,129,266272,-7.137487411499023,2250,timeout,11.943584297576429,45.000000000001435,-60.39149711607674
2,130,270108,8.383180618286133,2250,timeout,5.0763470556056305,45.000000000001435,-89.55290820112228
2,131,271972,4.816871643066406,2218,miss,12.11914055789069,44.360000000001335,-77.63694327711471
2,132,273416,-11.918659210205078,2250,timeout,7.14791185981917,45.000000000001435,-80.3057470020184
2,133,275272,2.5473251342773438,2250,timeout,13.044538383997516,45.000000000001435,-87.24968794515507
2,134,278908,7.708858489990234,1734,miss,7.469396740148851,34.67999999999982,-74.14372886297821
2,135,279108,12.764772415161133,2250,timeout,21.023821981437738,45.000000000001435,-81.24558072835845
2,136,282416,8.94316291809082,2250,timeout,9.0030442024187,45.000000000001435,-74.46083866102833
2,137,284272,-3.1553421020507812,2250,timeout,10.67708275473728,45.000000000001435,-75.57922961097084
2,138,287824,131.5772705078125,888,hit,4.784347698067521,17.75999999999971,156.83304771394427
2,139,287908,-14.435309410095215,2250,timeout,9.607322352230886,45.000000000001435,-78.60393061112747
2,140,288108,-7.365959167480469,2250,timeout,8.512958948136898,45.000000000001435,-62.62244984935632
2,141,291168,101.04488372802734,2188,hit,4.605332788771624,43.76000000000124,129.7630876524878
2,142,296824,-1.1558303833007812,2250,timeout,5.852235708195715,45.000000000001435,-65.11956247376858
2,143,296908,4.320425033569336,2250,timeout,8.1227297498861,45.000000000001435,-71.31331055028654
2,144,297108,6.790929794311523,2250,timeout,6.187703051657854,45.000000000001435,-82.51847985143813
2,145,300076,128.90589904785156,792,hit,2.528840607840951,15.839999999999751,157.07452413591403
2,146,300168,20.260162353515625,2250,timeout,6.551071799213872,45.000000000001435,-67.75047077193847
2,147,303524,134.5505828857422,862,hit,3.4440807962625137,17.23999999999972,162.26057303941866
2,148,305632,108.98159790039062,2202,hit,4.631038026354532,44.040000000001285,136.94385705199994
2,149,306020,10.546133041381836,2228,miss,7.613080433111039,44.56000000000137,-71.37461808767806
2,150,309168,-5.799068450927734,2250,timeout,18.36324109870198,45.000000000001435,-77.34501509790394
2,151,309856,27.378799438476562,1583,miss,13.41027248187569,31.659999999999414,-55.15281475187399
2,152,311236,131.74957275390625,1304,hit,4.516283173577925,26.079999999999533,158.0708151024295
2,153,313096,130.9903106689453,810,hit,3.0468139789419366,16.199999999999743,154.8627306733312
2,154,314284,1.0995616912841797,2163,miss,10.915155890941653,43.26000000000116,-71.98585004874941
2,155,317384,127.6406021118164,775,hit,4.389313364454441,15.499999999999758,158.50562127807765
2,156,318168,2.3607025146484375,2250,timeout,6.590441075988454,45.000000000001435,-75.59318420532207
2,157,318684,0.9588146209716797,1862,miss,5.556103532441206,37.24000000000022,-65.21266686396011
2,158,322036,-7.969818115234375,2235,miss,5.484990423110406,44.70000000000139,-66.70115195462992
2,159,323080,127.48384094238281,1424,hit,4.6881832907554655,28.47999999999948,148.23097380717564
2,160,326448,130.105224609375,1103,hit,4.1308457744449,22.05999999999962,158.46059465499678
2,161,327168,1.4820976257324219,2250,timeout,21.783991675096207,45.000000000001435,-79.6993716328759
2,162,327684,-3.62384033203125,2250,timeout,7.908565249690057,45.000000000001435,-76.62467911563647
2,163,329668,125.45875549316406,805,hit,4.2871636546218035,16.099999999999746,156.61678900954863
2,164,332080,-8.91763687133789,2250,timeout,6.0637334951484405,45.000000000001435,-68.26633088766809
2,165,336168,-14.58344841003418,2250,timeout,9.264986568867144,45.000000000001435,-70.41351897055821
2,166,336684,-16.259540557861328,2250,timeout,10.206413967154452,45.000000000001435,-75.56373466007463
2,167,338668,-5.226258277893066,2250,timeout,11.087797041194078,45.000000000001435,-66.4817424912786
2,168,341080,-6.247213363647461,2250,timeout,11.273564261957134,45.000000000001435,-77.51489327885021
2,169,342804,131.34033203125,1034,hit,4.444695535544263,20.679999999999648,161.70924332586935
2,170,344936,105.84313201904297,964,hit,4.8713991621140265,19.279999999999678,146.33797143253224
2,171,345168,-2.209066390991211,2250,timeout,5.586279439053404,45.000000000001435,-73.46038844700388
2,172,345684,-3.8649635314941406,2250,timeout,14.226682972627906,45.000000000001435,-84.12064726176195
2,173,351804,-8.21804428100586,2250,timeout,10.909451659135705,45.000000000001435,-85.28204686974371
2,174,353368,-8.112844467163086,1921,miss,6.878473885275891,38.42000000000041,-59.694385228959796
2,175,353936,-35.35111999511719,2250,timeout,6.65184437703366,45.000000000001435,-81.42727094950567
2,176,354168,-23.13193130493164,2250,timeout,14.87180602319203,45.000000000001435,-98.47036555871132
2,177,357336,128.90054321289062,850,hit,4.886856672674457,16.999999999999726,160.9012098749191
2,178,357624,127.90093231201172,1455,hit,3.7058293413415027,29.09999999999947,151.77943016692205
2,179,360516,123.50009155273438,723,hit,4.341440760106037,14.45999999999978,151.93153029894316
2,180,361792,123.36569213867188,1906,hit,4.952473968130519,38.12000000000036,145.09478991021223
2,181,362368,28.52361488342285,2250,timeout,12.685701809764176,45.000000000001435,-62.36023171209464
2,182,366336,-35.82353210449219,2250,timeout,5.9969661310484295,45.000000000001435,-84.51732106917434
2,183,367688,113.33496856689453,1474,hit,4.7705151742661,29.47999999999946,147.15396776635913
2,184,369308,88.30638122558594,2198,hit,4.085136414696569,43.96000000000127,141.44366951548108
2,185,371368,-31.373558044433594,2250,timeout,13.640299879926634,45.000000000001435,-78.81433819172813
2,186,373988,125.87725830078125,1170,hit,3.9684009640719027,23.39999999999959,152.92664246005762
2,187,375336,-21.64403533935547,2250,timeout,10.147027371528395,45.000000000001435,-85.13080003049758
2,188,376688,-1.8498268127441406,2250,timeout,12.352416428881446,45.000000000001435,-70.55930264310024
2,189,378404,-2.1103267669677734,1759,miss,6.541393860380461,35.1799999999999,-72.1876070333699
2,190,382988,5.079503059387207,2250,timeout,6.925183946423806,45.000000000001435,-68.89071241382307
2,191,384336,-24.048782348632812,2250,timeout,13.04796305209048,45.000000000001435,-68.12947912881961
2,192,385688,-19.010456085205078,2250,timeout,20.869383990711096,45.000000000001435,-65.54436489945483
2,193,386804,-16.226566314697266,2100,miss,15.228652479276057,42.000000000000966,-69.11219939609612
2,194,391988,-7.462860107421875,2250,timeout,8.21852714706171,45.000000000001435,-80.37437932471711
2,195,393336,-14.216724395751953,2250,timeout,6.552957157578407,45.000000000001435,-77.42309459126774
2,196,394188,5.943077087402344,2125,miss,13.395022293884933,42.500000000001044,-73.1769759251588
2,197,395804,-24.828933715820312,2250,timeout,5.954342286820274,45.000000000001435,-74.80152338674945
2,198,400752,124.06466674804688,1237,hit,2.6756768793673764,24.73999999999956,148.24037390632304
2,199,400988,-14.340091705322266,2250,timeout,7.28486696968098,45.000000000001435,-86.34095581637703
2,200,402336,-25.767860412597656,2250,timeout,8.013443018901402,45.000000000001435,-66.37657253453679
2,201,403188,-16.091888427734375,2250,timeout,6.537532680596269,45.000000000001435,-85.12360982594438
3,202,412416,125.18141174316406,704,hit,3.9342786864171004,14.079999999999789,153.63881466157395
3,203,414012,126.64531707763672,1103,hit,4.493639604292358,22.05999999999962,153.04887613916134
3,204,415412,130.46217346191406,749,hit,3.7447868415100425,14.97999999999977,154.12037498311878
3,205,418208,-7.17176628112793,2152,miss,17.75757146034924,43.04000000000113,-62.90126257474245
3,206,418600,-12.151817321777344,2250,timeout,12.431117486751054,45.000000000001435,-93.97135309622227
3,207,423012,13.046401977539062,2250,timeout,5.738758003012056,45.000000000001435,-66.86753361541207
3,208,424412,-11.457178115844727,2250,timeout,6.792039861515952,45.000000000001435,-71.45922663152123
3,209,427208,-24.931461334228516,2250,timeout,10.409664791310128,45.000000000001435,-73.05993484909476
3,210,427500,0.3912086486816406,2225,miss,5.74282005632617,44.50000000000136,-81.89739608833234
3,211,432012,-36.23933792114258,2250,timeout,24.90358416610325,45.000000000001435,-75.13614655140151
3,212,433412,-4.7028961181640625,2250,timeout,15.37382312779685,45.000000000001435,-92.80921459817297
3,213,436208,-12.52908706665039,2250,timeout,10.976977448071047,45.000000000001435,-99.3603311012592
3,214,436500,12.069957733154297,2250,timeout,12.933158816288056,45.000000000001435,-70.6729634883377
3,215,440748,124.2932357788086,1135,hit,3.3000604538692784,22.699999999999605,148.69010522751427
3,216,441012,-28.612773895263672,2250,timeout,6.132986965791432,45.000000000001435,-98.6442981034426
3,217,442412,3.377552032470703,2250,timeout,6.244819961641156,45.000000000001435,-73.958831541937
3,218,445124,-14.456589698791504,2156,miss,5.471553364416795,43.12000000000114,-73.5933082713641
3,219,449740,125.58417510986328,1154,hit,3.7474342604209734,23.079999999999597,153.8978985573412
3,220,449748,21.31528091430664,2250,timeout,5.031873077621917,45.000000000001435,-67.34417995229197
3,221,449892,-26.499977111816406,2220,miss,15.365321943854944,44.40000000000134,-82.01892602994215
3,222,451412,-4.055751800537109,2250,timeout,8.591666610030247,45.000000000001435,-62.28029394599632
3,223,456180,133.36505126953125,1192,hit,4.525331396723808,23.83999999999958,160.0317911289797
3,224,458512,-15.189004898071289,2193,miss,6.290638621044253,43.86000000000126,-67.73821793179917
3,225,458748,-28.71035385131836,2250,timeout,8.11712295413265,45.000000000001435,-78.25816592977208
3,226,458892,-20.214582443237305,2250,timeout,8.387583134153983,45.000000000001435,-76.24439635632629
3,227,460416,128.27008056640625,1059,hit,3.716875055821875,21.179999999999637,162.56351116684658
3,228,463172,123.18408203125,689,hit,2.387278204038285,13.779999999999795,151.48804108553026
3,229,463484,127.82364654541016,1184,hit,4.826180745987582,23.679999999999584,153.5184606090333
3,230,465128,126.98268127441406,1559,hit,4.442390900536243,31.179999999999424,152.74682568995647
3,231,467512,-13.103429794311523,2250,timeout,6.313430225774755,45.000000000001435,-74.96721754118268
3,232,468792,120.7381591796875,1327,hit,3.05682617391677,26.539999999999523,145.6686587411049
3,233,470124,130.5532989501953,1249,hit,4.947945631096998,24.979999999999556,148.91296780350137
3,234,472172,-8.041213989257812,2250,timeout,10.616606553025852,45.000000000001435,-87.73574352600617
3,235,474348,122.19276428222656,1056,hit,4.927692203608066,21.11999999999964,147.12758942676612
3,236,476288,-23.237579345703125,2194,miss,6.3349580916614885,43.88000000000126,-83.69891864487627
3,237,477792,-1.3685569763183594,2250,timeout,7.1574526397576275,45.000000000001435,-80.81414545834097
3,238,480928,-22.177227020263672,2189,miss,5.183175779238563,43.780000000001245,-80.88335429325348
3,239,481396,129.31259155273438,1277,hit,4.737397200883966,25.539999999999544,155.56992392748225
3,240,482400,123.93486785888672,1152,hit,3.794818525724749,23.039999999999598,146.21822393384846
3,241,482404,-2.1145172119140625,2014,miss,7.361333157414595,40.2800000000007,-80.04770822614807
3,242,486284,122.32405090332031,970,hit,3.306622538335529,19.399999999999675,150.24415879266687
3,243,486932,122.6883544921875,1501,hit,3.7751544243089232,30.01999999999945,154.27838974701805
3,244,487956,133.8193359375,1389,hit,3.341224055921946,27.779999999999497,158.26423883532345
3,245,490360,130.5643310546875,857,hit,4.7691562505074225,17.139999999999723,163.68494033912586
3,246,490396,1.798147201538086,2250,timeout,5.132387048470539,45.000000000001435,-80.65932753548782
3,247,490968,131.12088012695312,753,hit,4.805500099043185,15.059999999999768,153.42674674280374
3,248,495284,-2.928211212158203,2250,timeout,33.94865128572214,45.000000000001435,-75.99264868251814
3,249,498364,132.0747833251953,770,hit,4.9978341651544325,15.39999999999976,153.00917522651372
3,250,499360,-4.036388397216797,2250,timeout,8.793352605546556,45.000000000001435,-85.67507205869104
3,251,499396,-29.69317626953125,2250,timeout,19.955509590819304,45.000000000001435,-97.68364372121685
3,252,499968,-3.1827268600463867,2250,timeout,6.44380000799765,45.000000000001435,-71.92784144605875
3,253,503236,132.18544006347656,817,hit,4.060597924157991,16.33999999999974,159.39323266669066
3,254,506372,133.3522186279297,784,hit,1.1751277798098028,15.679999999999755,155.3971791054658
3,255,507364,-11.204498291015625,2250,timeout,5.912457222370519,45.000000000001435,-68.45063539970319
3,256,508360,-7.512384414672852,2250,timeout,10.798740177032974,45.000000000001435,-71.54702307047296
3,257,508396,2.757762908935547,2250,timeout,11.623536098329376,45.000000000001435,-77.9218655356527
3,258,511984,130.42750549316406,1403,hit,2.8144778568340443,28.05999999999949,152.50468716217995
3,259,513296,125.82292175292969,1225,hit,2.8172637992063145,24.499999999999567,146.19287741761957
3,260,515644,125.51141357421875,915,hit,4.1279465404946185,18.2999999999997,147.6529114535461
3,261,516364,-21.96219253540039,2250,timeout,10.921665943934173,45.000000000001435,-69.60749387746424
3,262,516596,133.93002319335938,825,hit,4.17042749132908,16.499999999999737,161.31069721608614
3,263,517240,-9.776191711425781,2220,miss,7.571522633012913,44.40000000000134,-73.85849686087633
3,264,519056,124.7966079711914,673,hit,3.617952717951265,13.459999999999802,152.28446857154958
3,265,521588,121.51793670654297,1486,hit,2.9137306758430324,29.719999999999455,144.79964805892624
3,266,522220,131.27037048339844,791,hit,4.5340399215865705,15.819999999999752,154.10042175021601
3,267,525596,-32.51706314086914,2250,timeout,5.838202193445426,45.000000000001435,-89.16757746032842
3,268,526084,2.9253005981445312,2211,miss,12.852737615928937,44.22000000000131,-80.56937151343118
3,269,527464,126.84549713134766,1469,hit,4.2854652755152065,29.379999999999463,154.5481227500993
3,270,531192,126.9585189819336,932,hit,4.278541651313643,18.63999999999969,146.47183008475585
3,271,531220,-3.765713691711426,2250,timeout,8.09788109689067,45.000000000001435,-74.13658976300854
3,272,534028,124.50320434570312,702,hit,1.5187206624958638,14.03999999999979,151.03493324910477
3,273,534120,129.9678192138672,732,hit,3.66126730667448,14.639999999999777,154.08098223719563
3,274,534596,-20.10043716430664,2250,timeout,6.877125733093054,45.000000000001435,-77.65065839082155
3,275,535084,8.960697174072266,2250,timeout,5.139180848320443,45.000000000001435,-77.27027862745734
3,276,537636,134.19725036621094,879,hit,2.86477322360673,17.579999999999714,160.5672747710673
3,277,538204,130.583740234375,902,hit,4.9019549911404035,18.039999999999704,163.25937853315656
3,278,539972,130.98939514160156,1222,hit,4.471525217351356,24.439999999999568,148.44892211975343
3,279,543028,-18.336572647094727,2250,timeout,8.483132771006662,45.000000000001435,-79.54667232788861
3,280,546396,-38.75563430786133,2190,miss,12.786219888009002,43.80000000000125,-80.17760123013524
3,281,547204,-11.933551788330078,2250,timeout,6.961866480605437,45.000000000001435,-81.12985190464471
3,282,548972,-2.0438499450683594,2250,timeout,6.574518226707496,45.000000000001435,-81.89965075119635
3,283,552028,-29.714210510253906,2250,timeout,6.794309687603614,45.000000000001435,-80.49084771729426
3,284,555396,-10.444194793701172,2250,timeout,17.23433260710141,45.000000000001435,-67.35655781289569
3,285,556204,-26.722030639648438,2250,timeout,6.704752977364863,45.000000000001435,-82.94849118986761
3,286,557972,-5.620708465576172,2250,timeout,19.759719184385045,45.000000000001435,-90.7574932895993
3,287,558472,130.07992553710938,769,hit,3.4630875865187556,15.379999999999761,157.90776078712307
3,288,558980,-8.739034652709961,1738,miss,6.34878069787912,34.759999999999835,-67.27994916939659
3,289,561264,131.88986206054688,823,hit,3.9353056113388436,16.459999999999738,161.864662273823
3,290,562532,135.3819580078125,888,hit,4.742510518563561,17.75999999999971,164.81223612108585
3,291,564304,129.71438598632812,760,hit,3.452858101781806,15.199999999999765,158.52596976804097
3,292,565204,-11.20733642578125,2250,timeout,11.20122128484799,45.000000000001435,-75.6297528517073
3,293,567472,-27.191904067993164,2250,timeout,11.148717394458053,45.000000000001435,-76.7718435870544
3,294,568096,135.85040283203125,948,hit,2.0238170526312476,18.959999999999685,164.0504612214105
3,295,568712,127.5075454711914,877,hit,3.7051747490927793,17.539999999999715,155.81995936551942
3,296,571532,-24.221309661865234,2250,timeout,6.896239707410183,45.000000000001435,-64.55676009324992
3,297,572624,130.0996551513672,978,hit,4.284315213927391,19.559999999999672,159.15952590130385
3,298,576472,-33.646453857421875,2250,timeout,14.506684544006276,45.000000000001435,-69.46260094669094
3,299,577096,-29.84027099609375,2250,timeout,6.5100482224162235,45.000000000001435,-97.14122722685323
3,300,579524,128.10069274902344,1998,hit,4.345988020366926,39.96000000000065,147.10383035987653
3,301,581624,7.99384880065918,2250,timeout,6.134167166095482,45.000000000001435,-68.61020796351151
3,302,585472,-17.43315887451172,2250,timeout,10.764666482364824,45.000000000001435,-75.89374733168539
3,303,586096,-3.8648147583007812,2250,timeout,9.008566239218492,45.000000000001435,-74.00909019423287
3,304,588524,1.1427345275878906,2250,timeout,6.055725250061771,45.000000000001435,-67.27882611699857
3,305,589404,133.0656280517578,983,hit,3.8266863830589153,19.65999999999967,161.575098670993
3,306,590624,-31.660675048828125,2250,timeout,17.158553270060267,45.000000000001435,-81.43776410373067
3,307,591424,131.94381713867188,1332,hit,4.839893434433599,26.63999999999952,158.76487888136722
3,308,592776,125.99819946289062,843,hit,4.819724427693764,16.85999999999973,153.3851918302709
3,309,595536,124.03532409667969,690,hit,4.9152824182109,13.799999999999795,154.46109672008436
3,310,597224,128.59596252441406,1450,hit,4.149972355256146,28.99999999999947,151.45524535742697
3,311,597524,-3.618328094482422,2250,timeout,6.131197482186445,45.000000000001435,-76.85294497963726
3,312,599624,7.639213562011719,2250,timeout,5.8530457387859185,45.000000000001435,-82.82938720057165
3,313,600992,129.8432159423828,867,hit,2.5866806818786636,17.33999999999972,160.1647667869221
3,314,601068,132.68865966796875,961,hit,1.6352845821401383,19.21999999999968,165.10611368351286
3,315,604536,-35.059120178222656,2250,timeout,15.013523976097868,45.000000000001435,-88.20421629437178
3,316,607940,2.3302345275878906,2079,miss,7.841289678325197,41.5800000000009,-78.57116773610223
3,317,609992,-19.131641387939453,2250,timeout,5.200008102756734,45.000000000001435,-68.88783732417707
3,318,610068,-15.75714111328125,2250,timeout,5.574968683477202,45.000000000001435,-91.82662048154235
3,319,613048,133.1586151123047,1277,hit,4.7800482110068,25.539999999999544,160.01364262955693
3,320,613536,0.9467086791992188,2250,timeout,6.111809726615576,45.000000000001435,-77.41621675578135
4,321,617044,126.49313354492188,661,hit,4.410877054485669,13.219999999999807,151.98801425388456
4,322,617900,133.067626953125,875,hit,4.976299770587007,17.499999999999716,161.30759595543984
4,323,618112,136.20838928222656,928,hit,3.8812442796044406,18.559999999999693,164.49598685663764
4,324,620032,117.44518280029297,1408,hit,4.371047581049728,28.15999999999949,139.60518879358006
4,325,622996,126.11355590820312,741,hit,3.269267276427487,14.819999999999773,155.01030890398457
4,326,623108,128.74679565429688,1302,hit,4.5780488409096005,26.039999999999534,148.30608771145168
4,327,625556,116.87178039550781,640,hit,3.8590362876200004,12.799999999999816,151.85783911475707
4,328,625884,125.0635757446289,694,hit,3.722948717241281,13.879999999999793,153.6634268672808
4,329,626044,-54.97771453857422,2250,timeout,5.566059723028875,45.000000000001435,-91.35504538388635
4,330,626860,-35.775291442871094,2187,miss,11.18157621893294,43.74000000000124,-66.93396480311209
4,331,632128,130.88858032226562,1317,hit,3.58246477190328,26.339999999999527,158.93093942353903
4,332,634516,-23.174949645996094,2240,miss,10.783329525585607,44.800000000001404,-74.8018404022049
4,333,634884,7.162675857543945,2250,timeout,5.0456773015929866,45.000000000001435,-75.35725012420076
4,334,635044,-16.968894958496094,2250,timeout,6.365619567425408,45.000000000001435,-81.16187590997593
4,335,635552,133.03363037109375,856,hit,2.2831357398063847,17.119999999999724,161.46584717056385
4,336,638108,128.89979553222656,806,hit,4.639629031133216,16.119999999999745,160.61828285011754
4,337,643516,-6.861248016357422,2250,timeout,6.765351245617833,45.000000000001435,-88.90242423365733
4,338,644032,-12.606948852539062,2120,miss,6.558780807404039,42.40000000000103,-69.05241658397674
4,339,644044,12.408018112182617,2250,timeout,6.368851341690427,45.000000000001435,-81.64914922375542
4,340,646920,127.896484375,719,hit,2.6179891758181313,14.379999999999782,153.86674616762292
4,341,647108,-49.14201354980469,2250,timeout,8.344324894654477,45.000000000001435,-75.80500167454716
4,342,648660,124.29084014892578,1157,hit,4.04178407481841,23.139999999999596,146.436732063233
4,343,650392,131.12176513671875,868,hit,2.640571788342778,17.35999999999972,161.89066090737717
4,344,652072,131.4119110107422,1241,hit,3.7436089328075726,24.81999999999956,158.14599702189042
4,345,652516,-49.40282440185547,2250,timeout,5.868744825506863,45.000000000001435,-89.08584609998856
4,346,655296,125.05943298339844,695,hit,4.412063149801711,13.899999999999793,155.26702627048354
4,347,657660,-19.083480834960938,2250,timeout,6.5245303982008735,45.000000000001435,-82.14937135601937
4,348,659392,-38.359500885009766,2250,timeout,5.878945503865293,45.000000000001435,-96.30511768673243
4,349,661072,-35.604122161865234,2250,timeout,18.449460636889196,45.000000000001435,-67.65103363552423
4,350,661716,25.455219268798828,1605,miss,205.03413753777988,32.09999999999942,-50.748748648686664
4,351,664420,133.47744750976562,837,hit,3.7859684003890317,16.739999999999732,160.07714612158134
4,352,664596,119.66251373291016,720,hit,4.672856301930669,14.399999999999782,154.93189173662498
4,353,664816,124.09859466552734,1356,hit,3.2245838541208744,27.11999999999951,151.2502369432366
4,354,665804,-11.904403686523438,2036,miss,7.180086257072626,40.720000000000766,-83.62840002452893
4,355,668352,123.6461181640625,983,hit,3.6601855418760554,19.65999999999967,151.00998685094766
4,356,669800,128.8622589111328,999,hit,3.971211116287097,19.979999999999663,152.5188958688261
4,357,670656,103.884521484375,1460,hit,3.7775134694651986,29.199999999999466,150.78057995118934
4,358,671144,127.85889434814453,1637,hit,4.372323525934243,32.73999999999952,149.16813385479463
4,359,672476,125.31266784667969,669,hit,3.292868730698602,13.379999999999804,151.2294227455181
4,360,672760,124.97676086425781,1102,hit,4.914255027255471,22.03999999999962,146.5484975969139
4,361,674612,134.28726196289062,867,hit,2.3889849840373887,17.33999999999972,163.66111148337154
4,362,678144,133.47042846679688,883,hit,2.5671651836434473,17.659999999999712,166.3615324995371
4,363,679656,-22.106517791748047,2250,timeout,7.2987294436014265,45.000000000001435,-81.79547589628915
4,364,680336,-13.65716552734375,1894,miss,5.957404539615111,37.88000000000032,-80.98328899332463
4,365,681476,-23.841453552246094,2250,timeout,9.792144400320668,45.000000000001435,-80.67220631098014
4,366,682880,121.19839477539062,1184,hit,3.5882353566581475,23.679999999999584,147.79993594326967
4,367,683964,116.89244079589844,622,hit,3.6497981515158218,12.439999999999824,152.03841790994926
4,368,685532,127.03324127197266,1299,hit,4.788322012793098,25.979999999999535,152.22607270429887
4,369,685556,121.51663970947266,669,hit,4.736378135139791,13.379999999999804,150.48781843361132
4,370,688656,-7.188026428222656,2250,timeout,5.862676458003687,45.000000000001435,-78.394705387099
4,371,690364,131.73594665527344,1600,hit,3.7991609502017156,31.999999999999407,154.08240880140974
4,372,691848,129.04315185546875,798,hit,3.9886590373255295,15.959999999999749,156.86856492385294
4,373,692584,128.6334228515625,1757,hit,4.748941358812813,35.139999999999894,152.69281817098434
4,374,694532,13.776206970214844,2250,timeout,6.885722195082841,45.000000000001435,-64.13867596297399
4,375,696160,128.56239318847656,894,hit,3.5767818000751457,17.879999999999708,155.34605666626888
4,376,698952,-0.7576179504394531,2147,miss,6.0617962113300425,42.94000000000111,-87.53356151764191
4,377,700848,-30.767105102539062,2250,timeout,7.153343048950888,45.000000000001435,-74.73891808078497
4,378,701684,132.84999084472656,1381,hit,3.4103391279179776,27.6199999999995,157.79238753426011
4,379,701920,-11.70162582397461,1847,miss,9.524928390140373,36.940000000000175,-91.32046994592531
4,380,702348,133.4493408203125,849,hit,3.561829484785363,16.979999999999727,163.736592313557
4,381,706720,133.2607879638672,1200,hit,4.916093598451488,23.999999999999577,159.3045472913451
4,382,706856,128.04421997070312,1293,hit,3.5851987463891395,25.859999999999538,155.144707493123
4,383,709848,6.748747825622559,2250,timeout,11.752616464171084,45.000000000001435,-73.92120526063786
4,384,710128,129.3264617919922,818,hit,3.7297308064404024,16.35999999999974,150.98914013974075
4,385,711348,-9.652670860290527,2250,timeout,12.635478086058903,45.000000000001435,-63.1205481826091
4,386,714012,132.5165557861328,971,hit,4.249877597799584,19.419999999999675,153.639842222587
4,387,715608,131.8184051513672,1065,hit,4.893348697353031,21.299999999999635,157.95361766087348
4,388,715720,-8.285442352294922,2250,timeout,10.869659891139145,45.000000000001435,-72.54976180912055
4,389,717336,129.81703186035156,831,hit,3.0328205874214356,16.619999999999735,159.09335400905667
4,390,718628,125.45259094238281,727,hit,3.333740648419343,14.539999999999779,157.07495591671898
4,391,718848,-19.561359405517578,2250,timeout,6.692856587305609,45.000000000001435,-73.16295383760374
4,392,721836,128.09695434570312,1557,hit,4.803048159792451,31.139999999999425,150.60747668516603
4,393,726336,-8.15274429321289,2250,timeout,14.82544464653758,45.000000000001435,-77.56578438560493
4,394,727092,129.7537078857422,1314,hit,4.405222027510787,26.27999999999953,156.5382787221645
4,395,727188,92.34404754638672,2085,hit,4.017084004666454,41.70000000000092,138.80179156420576
4,396,727628,-16.388242721557617,2250,timeout,8.04673747209832,45.000000000001435,-80.58293298748262
4,397,729888,125.39327239990234,675,hit,4.931647550948432,13.499999999999801,150.01628130265715
4,398,733404,132.11801147460938,879,hit,4.382083676515454,17.579999999999714,156.82384229533523
4,399,735336,-23.773540496826172,2250,timeout,5.386606229245494,45.000000000001435,-83.0879191602692
4,400,736092,-31.676921844482422,2250,timeout,10.359497724895784,45.000000000001435,-79.98881733309818
4,401,736628,-22.449745178222656,2250,timeout,5.589966508618207,45.000000000001435,-68.17955647818277
4,402,738008,130.44052124023438,1151,hit,3.679375279351594,23.019999999999598,153.85342108296737
4,403,740048,133.15480041503906,855,hit,2.8180990194378617,17.099999999999724,164.4607889890196
4,404,742236,125.93412017822266,1536,hit,3.2316663837478137,30.719999999999434,150.59269612882494
4,405,742896,128.32061767578125,712,hit,3.078875013908221,14.239999999999785,152.68185743059144
4,406,744336,-10.950309753417969,2250,timeout,11.26921725228963,45.000000000001435,-83.05293024580496
4,407,744768,116.2247085571289,633,hit,2.5194039231853496,12.659999999999819,151.8315060668326
4,408,747008,-20.45855140686035,2250,timeout,8.043867286227886,45.000000000001435,-70.7231226190488
4,409,747804,130.17613220214844,759,hit,1.6216392589179496,15.179999999999765,154.56500822991214
4,410,751896,-23.71208953857422,2250,timeout,5.514405664426584,45.000000000001435,-83.61598666468683
4,411,753336,2.5077786445617676,2250,timeout,6.25085320268345,45.000000000001435,-70.79062120595191
4,412,755368,108.40839385986328,2090,hit,3.683641544808931,41.800000000000935,134.13731345910017
4,413,756488,125.40721130371094,1148,hit,4.700702908753577,22.9599999999996,149.97264994684275
4,414,756804,-24.700481414794922,2250,timeout,10.766115147465719,45.000000000001435,-90.93557733607707
4,415,756888,136.11935424804688,888,hit,2.947234664725736,17.75999999999971,163.97618803567815
4,416,758524,131.83587646484375,789,hit,3.877339742319513,15.779999999999752,153.2161362241898
4,417,759272,126.11305236816406,696,hit,4.986727630703477,13.919999999999792,149.87023704874775
4,418,760212,133.95904541015625,831,hit,4.498083599120933,16.619999999999735,164.1179048662034
4,419,761028,124.79827880859375,1056,hit,4.2815180001700845,21.11999999999964,148.7093905865228
4,420,765760,4.043753623962402,1809,miss,7.3927253151407175,36.18000000000006,-55.243795289203604
4,421,768272,-17.71807098388672,2250,timeout,5.760725927076768,45.000000000001435,-74.46225949385476
4,422,769212,-28.11114501953125,2250,timeout,7.424380291618793,45.000000000001435,-75.6918165633796
4,423,770028,2.6216068267822266,2250,timeout,8.177413475797847,45.000000000001435,-72.39386718698799
4,424,773540,132.56028747558594,878,hit,4.394279657635664,17.559999999999715,160.24855758176363
4,425,774760,5.182062149047852,2250,timeout,5.820148130371922,45.000000000001435,-81.47735401033675
4,426,777272,-12.039077758789062,2250,timeout,14.006682408157129,45.000000000001435,-89.27306058472875
4,427,778212,-40.213897705078125,2250,timeout,11.519126513977522,45.000000000001435,-85.15214058758974
4,428,780200,129.5306854248047,732,hit,3.3897298011599264,14.639999999999777,157.90897580511023
4,429,780456,119.32987976074219,1424,hit,4.936962947940797,28.47999999999948,146.22866976943357
4,430,782540,-53.87501525878906,2250,timeout,10.334383080716677,45.000000000001435,-92.79535515860496
4,431,783588,131.99847412109375,847,hit,4.894376961863403,16.939999999999728,158.06770194441833
4,432,784200,132.4916229248047,936,hit,2.3139117298777183,18.71999999999969,164.67025751859762
4,433,784444,130.67369079589844,1558,hit,4.158888770610168,31.159999999999425,156.12113028043794
4,434,786584,129.83961486816406,749,hit,4.632223097378457,14.97999999999977,152.9047524765262
4,435,787516,133.447265625,1244,hit,4.131208154909022,24.87999999999956,155.8331982305372
4,436,787976,132.09364318847656,883,hit,4.306719984291735,17.659999999999712,164.893929031803
4,437,790588,131.9438934326172,768,hit,3.9541197046473844,15.359999999999761,159.74287266235035
4,438,791208,133.47035217285156,808,hit,3.985648702666954,16.159999999999744,158.32258858724057
4,439,793200,-6.50494909286499,2250,timeout,10.752428952430757,45.000000000001435,-73.59996979701722
4,440,795392,131.39480590820312,1201,hit,3.712672300574199,24.019999999999577,154.4884217672776
4,441,795548,-22.434722900390625,2241,miss,5.542603405900279,44.82000000000141,-76.3015541876753
4,442,796532,131.0936737060547,833,hit,4.222714526463386,16.659999999999734,159.05264607415458
4,443,799548,111.99864959716797,1039,hit,2.887284954196577,20.779999999999646,146.07740009449665
4,444,799624,118.46544647216797,1019,hit,3.2789275363435193,20.379999999999654,145.46842286752877
4,445,800208,-12.562202453613281,2250,timeout,6.69507118769223,45.000000000001435,-83.07250813938731
4,446,803164,134.47659301757812,885,hit,0.68950396621427,17.69999999999971,161.17715263165087
4,447,803464,130.76405334472656,814,hit,4.7203639534309545,16.279999999999742,157.55000770738326
4,448,805532,-21.304182052612305,2250,timeout,5.876076021032074,45.000000000001435,-74.4297063056082
4,449,805864,98.145751953125,1579,hit,3.540599211806258,31.579999999999416,136.05060500205138
4,450,805996,114.76570129394531,633,hit,4.508578827066545,12.659999999999819,150.8974525274908
4,451,810320,128.89418029785156,1197,hit,3.526634051109937,23.93999999999958,152.99846718572974
4,452,812164,-11.999080657958984,2250,timeout,7.747544548738581,45.000000000001435,-81.6894283896768
4,453,814300,107.70035552978516,995,hit,3.7516871256197635,19.899999999999665,145.41995912565685
4,454,814864,-57.68950271606445,2250,timeout,5.345133458756766,45.000000000001435,-73.0685947651049
4,455,814996,-22.562297821044922,2250,timeout,8.059332281537722,45.000000000001435,-81.04947121326308
4,456,815228,128.8406982421875,766,hit,3.893223133597434,15.319999999999762,158.08253393973536
4,457,818888,119.24852752685547,973,hit,3.7143894242479845,19.459999999999674,145.98934512155847
5,458,822036,127.72836303710938,709,hit,4.040600129464611,14.179999999999787,154.28312508149332
5,459,822044,125.79165649414062,711,hit,2.4538498606379044,14.219999999999786,151.02591240837245
5,460,826884,135.5818634033203,1212,hit,3.51633393026676,24.239999999999572,162.2879848244913
5,461,827972,-16.421554565429688,2193,miss,5.654696812225098,43.86000000000126,-97.14210770125293
5,462,828200,-8.714561462402344,2250,timeout,8.890213907277229,45.000000000001435,-83.98094637923431
5,463,830972,129.69520568847656,750,hit,3.3351712872720793,14.999999999999769,154.28527068014648
5,464,831044,-47.48406982421875,2250,timeout,6.292765607939459,45.000000000001435,-72.97754954083331
5,465,832476,133.1486358642578,1069,hit,3.6717008479567586,21.379999999999633,154.1077132985995
5,466,834188,-33.82136535644531,1826,miss,5.715074544883993,36.52000000000011,-94.651465814776
5,467,834692,132.87796020507812,912,hit,4.291742511690695,18.2399999999997,160.66427809810742
5,468,835972,129.14718627929688,1250,hit,4.853692560882453,24.999999999999556,159.18664258601174
5,469,837260,125.77485656738281,768,hit,3.899533517225433,15.359999999999761,151.7141368273684
5,470,838396,136.06414794921875,926,hit,3.0350568940442058,18.519999999999694,165.27816341092597
5,471,839320,129.40252685546875,1711,hit,4.456476765174691,34.21999999999975,152.06550269789233
5,472,840388,126.30748748779297,782,hit,2.8914058611437667,15.639999999999755,154.1840591043769
5,473,842460,129.0656280517578,785,hit,2.926506966713788,15.699999999999754,157.9759819208426
5,474,844972,-39.02402114868164,2250,timeout,6.946848902397666,45.000000000001435,-76.1892171310903
5,475,845324,126.64230346679688,716,hit,3.7610439723906905,14.319999999999784,156.2283038045269
5,476,847396,-18.94454574584961,2250,timeout,12.740961917130948,45.000000000001435,-69.33914996156122
5,477,849388,-7.870292663574219,2250,timeout,9.99538069974478,45.000000000001435,-77.95924520064163
5,478,849572,134.22589111328125,1150,hit,4.145626220789393,22.9999999999996,157.37504361619926
5,479,849824,127.30162048339844,1125,hit,1.982536325960419,22.49999999999961,157.12061069567656
5,480,852624,128.87698364257812,809,hit,3.51219552111082,16.179999999999744,155.2525800096867
5,481,853960,135.0601806640625,1097,hit,2.68456270533265,21.93999999999962,157.65237067307672
5,482,856396,-28.75892448425293,2250,timeout,5.018869901607925,45.000000000001435,-84.65271017812711
5,483,858304,128.2681884765625,1086,hit,4.09632361298489,21.719999999999626,150.45010908382915
5,484,858824,-21.991226196289062,2250,timeout,8.772970894698318,45.000000000001435,-78.05019237012822
5,485,859412,127.68899536132812,754,hit,4.790560042939612,15.079999999999767,152.7982056701793
5,486,861136,-27.095829010009766,2128,miss,6.527947321061043,42.560000000001054,-87.95602246885153
5,487,862172,133.30923461914062,837,hit,4.402520587882288,16.739999999999732,158.92289254128121
5,488,863356,132.74317932128906,1263,hit,4.80684604291207,25.25999999999955,160.63070484153636
5,489,865168,129.7999267578125,749,hit,2.0911126458135123,14.97999999999977,156.83158802012747
5,490,866048,109.64537048339844,1659,hit,4.930499688213467,33.17999999999959,132.98956829832164
5,491,868560,132.11627197265625,848,hit,3.5431905541782625,16.959999999999727,159.56506835658305
5,492,870136,-48.162811279296875,2250,timeout,6.007162353035421,45.000000000001435,-97.37569325298291
5,493,872016,104.46136474609375,2165,hit,4.488635715088276,43.30000000000117,128.06997327413154
5,494,872020,128.98927307128906,865,hit,4.174852829731447,17.29999999999972,156.9790283584881
5,495,872960,127.70346069335938,706,hit,4.943503649912407,14.119999999999788,154.53366596826783
5,496,875048,11.470060348510742,2250,timeout,11.59702880129721,45.000000000001435,-64.75008525499119
5,497,876692,135.64283752441406,933,hit,4.486375801705857,18.65999999999969,164.84348876458535
5,498,877548,129.20822143554688,1382,hit,4.079344972489454,27.6399999999995,154.88708913126078
5,499,877780,124.10783386230469,683,hit,2.2231138763808977,13.659999999999798,151.57438049810895
5,500,879772,131.50482177734375,770,hit,4.55149150884363,15.39999999999976,158.1232663344157
5,501,881016,-45.523826599121094,2250,timeout,6.77383372032312,45.000000000001435,-81.68868591542757
5,502,881280,131.8486785888672,933,hit,1.0264591659041293,18.65999999999969,157.20148456251994
5,503,882676,129.32040405273438,1224,hit,4.634113304686659,24.479999999999567,151.73921287216342
5,504,883992,129.7983856201172,744,hit,2.006128358694558,14.879999999999772,152.41556533118958
5,505,888772,-28.27321434020996,2250,timeout,6.6116933513835665,45.000000000001435,-76.73538261322553
5,506,889076,130.9057159423828,1271,hit,4.555979626531172,25.419999999999547,156.29107500759218
5,507,889696,102.09357452392578,1755,hit,2.9864785038943675,35.09999999999989,150.90748728855803
5,508,890280,-33.58194351196289,2250,timeout,8.291867420797894,45.000000000001435,-88.00554069078876
5,509,892684,128.94073486328125,747,hit,4.1545198553471145,14.93999999999977,154.5524148646599
5,510,893052,122.55674743652344,994,hit,4.3363079791608845,19.879999999999665,150.63641316396365
5,511,893792,120.40415954589844,1255,hit,4.5101075090786305,25.099999999999554,141.5114232848395
5,512,895932,131.60287475585938,812,hit,3.996952514036627,16.239999999999743,162.04755781952463
5,513,899264,134.4451904296875,833,hit,4.049996460167476,16.659999999999734,164.12516637044845
5,514,899280,-50.46064758300781,2250,timeout,5.430368477933987,45.000000000001435,-74.01134688343491
5,515,902052,2.725050926208496,2250,timeout,5.874322393953053,45.000000000001435,-82.38726646149331
5,516,902792,-30.097217559814453,2250,timeout,5.560910510109988,45.000000000001435,-84.96240056106328
5,517,904508,125.04399108886719,1307,hit,4.286964461162418,26.13999999999953,155.88569169490523
5,518,906364,135.09317016601562,893,hit,1.1985911831207614,17.859999999999708,161.85466034514394
5,519,907608,125.17416381835938,775,hit,4.950523231857097,15.499999999999758,151.1272560692461
5,520,908264,3.440654754638672,2250,timeout,5.035683396469074,45.000000000001435,-76.46309251350225
5,521,909748,128.6732635498047,1924,hit,4.5105538401637135,38.480000000000416,149.6061325189334
5,522,909864,133.16876220703125,875,hit,2.7049874035045143,17.499999999999716,158.7033830517422
5,523,915392,133.58445739746094,1411,hit,4.320789931736869,28.219999999999487,158.61539288797138
5,524,915836,121.78316497802734,1493,hit,3.8636067400820258,29.859999999999452,143.01448652695117
5,525,916608,-25.629077911376953,2250,timeout,8.817592220201565,45.000000000001435,-87.99973710592775
5,526,917264,-9.342056274414062,2250,timeout,10.347089906337105,45.000000000001435,-65.79358155510583
5,527,918892,133.9914093017578,875,hit,2.884594887256864,17.499999999999716,159.5260858884251
5,528,919952,128.50169372558594,1029,hit,4.234542546504509,20.57999999999965,154.62053929162303
5,529,920104,134.529052734375,874,hit,3.439217140835635,17.479999999999716,165.1146355092083
5,530,921468,130.52105712890625,1051,hit,3.9692516711354537,21.01999999999964,156.2964657936716
5,531,922344,133.73526000976562,863,hit,2.77945618090777,17.25999999999972,163.31247901835266
5,532,922720,118.76616668701172,692,hit,3.390688803452864,13.839999999999794,152.89076792000816
5,533,925284,128.44692993164062,1295,hit,3.7465582726575435,25.899999999999537,147.40318927413603
5,534,926064,132.58729553222656,930,hit,2.034257084772571,18.599999999999692,162.51085252672348
5,535,926428,133.94863891601562,927,hit,2.3023507198297994,18.539999999999694,163.34286694938797
5,536,929592,132.3428497314453,791,hit,4.803104915571825,15.819999999999752,157.74366529151473
5,537,930468,-12.817581176757812,2250,timeout,9.891747159630368,45.000000000001435,-83.94884799919909
5,538,933040,122.8670654296875,643,hit,4.732097353242608,12.859999999999815,151.75822806172067
5,539,934284,-38.487064361572266,2250,timeout,10.43055712519003,45.000000000001435,-73.71059619299803
5,540,934592,127.34026336669922,1250,hit,3.5484668838112325,24.999999999999556,146.42797382290993
5,541,935064,-46.452728271484375,2250,timeout,10.454791657157152,45.000000000001435,-86.50521217026868
5,542,937048,128.51705932617188,691,hit,2.318121679824118,13.819999999999794,156.86186748158264
5,543,937488,125.818115234375,724,hit,4.351872859943565,14.47999999999978,153.6433540632068
5,544,938040,128.26663208007812,744,hit,2.7962363954075573,14.879999999999772,157.548189425073
5,545,938820,129.9938201904297,1445,hit,2.554367389421389,28.899999999999473,154.04579399840628
5,546,939844,124.29512023925781,699,hit,2.45121462170935,13.97999999999979,154.08167969613962
5,547,942876,128.35476684570312,1209,hit,4.886463899778748,24.179999999999573,152.56896105326817
5,548,944516,130.41262817382812,1424,hit,4.5965575388782645,28.47999999999948,155.35591466150936
5,549,946488,6.273094177246094,2250,timeout,6.529047357618994,45.000000000001435,-68.33873387459715
5,550,947764,130.1094970703125,812,hit,3.7185344705579215,16.239999999999743,158.10528616543874
5,551,948844,4.840131759643555,2250,timeout,8.496561442929934,45.000000000001435,-78.39134932463188
5,552,949296,127.70616149902344,702,hit,4.667655131269396,14.03999999999979,155.71034114515268
5,553,951032,131.10409545898438,817,hit,3.202573065138125,16.33999999999974,155.7362606981068
5,554,951876,-21.56787109375,2250,timeout,13.982108786045101,45.000000000001435,-90.0685003166707
5,555,953012,134.1474609375,929,hit,3.445451388237667,18.579999999999693,164.8176182555448
5,556,954732,128.25540161132812,1472,hit,4.953745093608174,29.43999999999946,154.2578972076532
5,557,955868,129.41943359375,714,hit,4.78767155737005,14.279999999999784,157.99345601182262
5,558,959132,131.5183868408203,816,hit,1.5396081835769935,16.31999999999974,164.54845154765408
5,559,959592,130.11648559570312,1215,hit,2.8716634406612065,24.29999999999957,158.44156978863188
5,560,960032,-5.9745635986328125,2250,timeout,5.605832392171087,45.000000000001435,-68.43487654633999
5,561,960876,-8.02639389038086,2250,timeout,7.302007031737099,45.000000000001435,-87.1190769415011
5,562,964136,131.86331176757812,815,hit,4.458294457356602,16.29999999999974,163.79128826551985
5,563,965436,131.19424438476562,1351,hit,4.464827979701845,27.019999999999513,159.5058580511995
5,564,966252,-24.889606475830078,1665,miss,6.388291393150137,33.299999999999606,-73.42179388267984
5,565,966576,-4.838939666748047,1861,miss,5.9741679683771265,37.22000000000022,-63.75055935694734
5,566,969480,129.6337432861328,807,hit,3.4437265715220184,16.139999999999745,160.85477944976662
5,567,969756,131.9424285888672,795,hit,4.631176037519051,15.89999999999975,159.31095268104332
5,568,969912,130.6101531982422,1444,hit,2.9920489471558613,28.879999999999473,150.84915569714562
5,569,970088,128.463623046875,1163,hit,3.9995083852020317,23.259999999999593,155.3770430969522
5,570,972488,127.27008056640625,683,hit,4.926649386175671,13.659999999999798,152.21421336215158
5,571,972864,132.4405975341797,846,hit,2.5901103783768886,16.919999999999728,157.39461108443513
5,572,973160,131.13502502441406,812,hit,3.3092554589390266,16.239999999999743,154.43256444650498
5,573,976060,132.35781860351562,799,hit,3.2734644948952707,15.979999999999748,162.1358975787325
5,574,978148,-24.325313568115234,2015,miss,5.004561986789973,40.3000000000007,-83.3706396850151
5,575,979720,134.06260681152344,915,hit,2.749606995763837,18.2999999999997,165.9014651907101
5,576,980716,-46.78245162963867,2057,miss,5.816460793930505,41.14000000000083,-71.36234101154598
5,577,982160,-24.070281982421875,2250,timeout,7.066361077887552,45.000000000001435,-97.1170753165555
5,578,982900,125.91702270507812,795,hit,4.881248893268422,15.89999999999975,160.37513279186
5,579,983536,127.67565155029297,1347,hit,4.497741975875323,26.939999999999515,152.64210569086265
5,580,986836,93.03492736816406,1530,hit,4.329780191648774,30.599999999999437,142.56871306346457
5,581,986876,125.96701049804688,1179,hit,4.139854683179161,23.579999999999586,156.18163102388053
5,582,988180,128.6542205810547,1320,hit,4.803351965332189,26.399999999999526,150.87032059694036
5,583,992536,-71.5635986328125,2250,timeout,11.281499201244959,45.000000000001435,-81.97909955914598
5,584,992768,124.61583709716797,1147,hit,3.945930240857352,22.9399999999996,155.45922042087722
5,585,995836,-51.11018753051758,2250,timeout,13.692734478428045,45.000000000001435,-84.50071743783161
5,586,995876,-9.124034881591797,2250,timeout,5.253133957166965,45.000000000001435,-86.21070887661664
5,587,999408,118.64088439941406,893,hit,4.763865471724666,17.859999999999708,147.8121213105852
5,588,1000224,130.4695587158203,1087,hit,4.729930206770669,21.739999999999625,160.07769927782346
5,589,1001536,13.771525382995605,2250,timeout,8.066285027343879,45.000000000001435,-70.68888136733005
5,590,1001768,-15.471435546875,2250,timeout,7.1560211238561955,45.000000000001435,-75.63092413107925
5,591,1003060,124.7196044921875,709,hit,4.719173209548854,14.179999999999787,152.9817599908018
5,592,1006728,122.33612060546875,1240,hit,3.4138014449401193,24.79999999999956,145.45829423671773
5,593,1008408,16.884117126464844,2250,timeout,6.9981492548981254,45.000000000001435,-69.4239325447847
5,594,1010180,-5.162666320800781,2161,miss,8.569990110225111,43.22000000000116,-81.80744571394558
5,595,1010220,132.39566040039062,873,hit,1.6747403915529335,17.459999999999717,158.0434838285897
5,596,1012060,-22.45429229736328,2250,timeout,7.7667928408865805,45.000000000001435,-74.68308818348234
5,597,1012560,129.3571014404297,1038,hit,2.3593383825426155,20.759999999999646,153.99136289651534
5,598,1016736,126.21780395507812,1169,hit,4.171439719252984,23.37999999999959,155.758126845724
5,599,1017560,124.86674499511719,1250,hit,4.430395515166734,24.999999999999556,150.05482820625755
5,600,1019180,-23.815399169921875,2250,timeout,6.4089420725860755,45.000000000001435,-76.74391662158209
5,601,1019220,-49.58271789550781,2250,timeout,7.7362019990089435,45.000000000001435,-78.2727766115002
5,602,1019320,124.22296142578125,646,hit,2.1892057087775343,12.919999999999813,152.79770285122746
5,603,1021672,121.16702270507812,1028,hit,3.1090081756998527,20.55999999999965,145.21282816043197
5,604,1022696,129.86944580078125,844,hit,2.8761646321618937,16.87999999999973,163.8776512083475
6,605,1027308,131.95616149902344,827,hit,2.5311497781183196,16.539999999999736,160.76695369157352
6,606,1027552,132.35057067871094,888,hit,4.355772474544376,17.75999999999971,160.09829382486902
6,607,1028972,89.10969543457031,1243,hit,3.903721715642274,24.85999999999956,139.85824869932316
6,608,1029212,129.75811767578125,1303,hit,3.3842460634861773,26.059999999999533,155.71166900535204
6,609,1031132,135.039794921875,956,hit,3.468270671772796,19.11999999999968,164.92642173448712
6,610,1036552,-19.18376922607422,2250,timeout,14.826518661646922,45.000000000001435,-80.73118581163524
6,611,1037972,-8.845857620239258,2250,timeout,7.9982683947137,45.000000000001435,-70.24633652029556
6,612,1038212,-45.5,2250,timeout,8.569760525646245,45.000000000001435,-67.55958785423596
6,613,1039824,130.92117309570312,818,hit,3.1844105188153775,16.35999999999974,156.51825214981542
6,614,1040132,-17.616466522216797,2250,timeout,5.047529901689368,45.000000000001435,-72.2315888427006
6,615,1041232,113.61973571777344,815,hit,4.298974816723607,16.29999999999974,150.0718433343613
6,616,1041868,134.68734741210938,914,hit,4.669995440391942,18.2799999999997,162.21132645699112
6,617,1044768,130.94046020507812,1159,hit,4.9942844067722385,23.179999999999595,152.7084867197454
6,618,1045100,134.8120880126953,967,hit,4.961322071385194,19.339999999999677,162.89272987147544
6,619,1045392,134.43731689453125,881,hit,4.962450662073378,17.619999999999713,161.4901955756231
6,620,1048824,1.4720821380615234,2250,timeout,5.508305050847748,45.000000000001435,-72.05673360483325
6,621,1049012,125.03143310546875,978,hit,4.577209982156791,19.559999999999672,146.22964971725233
6,622,1049256,135.35968017578125,966,hit,1.399452817245381,19.319999999999677,164.55011711481586
6,623,1050276,130.3561553955078,1377,hit,4.106554408091181,27.5399999999995,158.94728524014846
6,624,1052148,132.03366088867188,784,hit,3.004665365410455,15.679999999999755,159.6796921582928
6,625,1053076,134.8760223388672,955,hit,4.705931646575601,19.09999999999968,165.48095282537784
6,626,1053152,123.5333251953125,719,hit,2.7441745304573013,14.379999999999782,155.646194252368
6,627,1054924,128.0597381591797,694,hit,1.5538254802921114,13.879999999999793,156.71105461035293
6,628,1055924,124.14656066894531,693,hit,4.45510797688244,13.859999999999793,153.2280647422844
6,629,1056992,119.03126525878906,979,hit,4.098452605203397,19.57999999999967,145.8079172606921
6,630,1057504,120.07488250732422,645,hit,2.482142625260521,12.899999999999814,151.00784215328963
6,631,1057652,-25.00008773803711,2207,miss,5.816423768158682,44.1400000000013,-73.05125635927989
6,632,1060404,127.14857482910156,725,hit,3.155332879878115,14.49999999999978,156.4691877817071
6,633,1064924,-11.970821380615234,2250,timeout,6.556912060015113,45.000000000001435,-66.59534723154921
6,634,1065992,-22.74496078491211,2250,timeout,7.116961417153061,45.000000000001435,-92.22815627038375
6,635,1066652,-26.137666702270508,2250,timeout,8.71398501999962,45.000000000001435,-62.49605544329878
6,636,1068644,134.33692932128906,930,hit,2.3731165198257456,18.599999999999692,163.16230256147153
6,637,1069404,-29.24462127685547,2250,timeout,8.48424524496817,45.000000000001435,-82.90526851805616
6,638,1072960,110.78993225097656,1577,hit,2.252882072387704,31.539999999999417,146.9045882068986
6,639,1074992,-20.958011627197266,2250,timeout,11.516220699847318,45.000000000001435,-65.86830757655285
6,640,1076772,126.56214904785156,953,hit,4.810407619044372,19.059999999999683,154.7087845243002
6,641,1077216,112.31900787353516,1953,hit,4.733407109102582,39.06000000000051,137.12187910421608
6,642,1077644,-9.93697738647461,2250,timeout,5.538093217742903,45.000000000001435,-87.29387292901673
6,643,1081388,134.6199493408203,936,hit,1.2101466988234177,18.71999999999969,165.68962562257659
6,644,1081476,130.96665954589844,1176,hit,4.541072135088024,23.519999999999587,158.40150128314406
6,645,1082188,-22.861480712890625,1799,miss,7.472358760245825,35.980000000000025,-89.38690464371543
6,646,1084264,129.2782440185547,697,hit,2.204738183071344,13.939999999999792,156.0817776994466
6,647,1086216,-48.05828857421875,2250,timeout,6.559355500596218,45.000000000001435,-103.6641111511641
6,648,1087368,129.7945098876953,776,hit,4.950479910255444,15.519999999999758,155.7640355831848
6,649,1088216,130.88890075683594,1507,hit,4.731924816015694,30.139999999999446,154.01124076804524
6,650,1089408,125.33653259277344,798,hit,4.166769818438923,15.959999999999749,155.5006719830663
6,651,1089520,120.22228240966797,2033,hit,3.16653696802291,40.66000000000076,145.99228614853143
6,652,1090164,124.10308837890625,699,hit,3.4718899052768264,13.97999999999979,150.1162984855963
6,653,1091696,135.0678253173828,870,hit,1.4135605902254564,17.399999999999718,165.04241916228983
6,654,1092956,130.73245239257812,887,hit,3.0688113800675674,17.73999999999971,167.4382373958932
6,655,1093064,120.70853424072266,886,hit,3.365660562132178,17.71999999999971,148.56506544694463
6,656,1096008,117.85340881347656,1078,hit,4.9545611321199505,21.55999999999963,145.3755198300076
6,657,1097492,128.0865020751953,1107,hit,3.3043149673594936,22.139999999999617,147.3836604326338
6,658,1099024,-42.955902099609375,2215,miss,5.0094259120774725,44.300000000001326,-72.64530915461422
6,659,1100860,131.2103729248047,1213,hit,2.706051811861074,24.25999999999957,155.645667247863
6,660,1101956,2.9819679260253906,2250,timeout,10.324733694075148,45.000000000001435,-73.66167582738127
6,661,1103660,98.5902328491211,1542,hit,4.897129342972346,30.83999999999943,141.3636615373528
6,662,1103848,129.82920837402344,1206,hit,3.7591482709316244,24.119999999999575,151.88817256597207
6,663,1104660,135.61155700683594,950,hit,2.687463381352176,18.999999999999684,165.80645532008316
6,664,1105220,133.7374725341797,816,hit,3.613793023703327,16.31999999999974,163.8338101407336
6,665,1107572,133.27914428710938,931,hit,3.0811102744825907,18.619999999999692,164.7811497454901
6,666,1110740,131.35989379882812,792,hit,1.6061381700952833,15.839999999999751,158.91537333883866
6,667,1111116,131.1222381591797,1474,hit,4.118430922550183,29.47999999999946,151.6827107782636
6,668,1112660,14.685338973999023,2250,timeout,5.2218933673861265,45.000000000001435,-74.06147987042948
6,669,1113544,-36.62094497680664,2221,miss,5.354293872403065,44.420000000001345,-95.46720905233434
6,670,1115576,130.71640014648438,1209,hit,4.11862043186414,24.179999999999573,152.49399710211708
6,671,1118460,133.62240600585938,1229,hit,4.374983941409335,24.579999999999565,159.7939747391941
6,672,1118812,133.12368774414062,809,hit,0.4725924444660399,16.179999999999744,159.28229569005373
6,673,1118940,127.34149169921875,1570,hit,4.7609039172086804,31.39999999999942,149.5618624196361
6,674,1120116,-6.187639236450195,2250,timeout,7.460065381514527,45.000000000001435,-60.60490145315666
6,675,1121684,125.70765686035156,686,hit,3.130595823220691,13.719999999999796,155.41670665122052
6,676,1124260,122.96647644042969,1036,hit,4.3984257600192365,20.719999999999647,146.3918034099933
6,677,1124596,128.1497802734375,728,hit,2.22595965160137,14.559999999999778,156.29184322671034
6,678,1127460,-23.246280670166016,2250,timeout,6.723498105324017,45.000000000001435,-82.63356067696408
6,679,1127540,133.8382568359375,820,hit,2.7779836474907067,16.39999999999974,163.357752241597
6,680,1127812,-25.520294189453125,2250,timeout,9.138448669317459,45.000000000001435,-87.5195855307617
6,681,1127912,133.47857666015625,829,hit,3.119728625602674,16.579999999999735,162.60143678943084
6,682,1130940,131.04847717285156,757,hit,4.436550476315448,15.139999999999766,160.49778422754912
6,683,1130964,126.96426391601562,788,hit,2.9277146442395985,15.759999999999753,161.6329883873818
6,684,1131060,135.5161895751953,900,hit,2.789384953886454,17.999999999999705,161.7053924698786
6,685,1135436,128.751220703125,1094,hit,2.9743155688521856,21.879999999999622,147.70236420459855
6,686,1136540,-39.59524154663086,2250,timeout,6.2556257419695775,45.000000000001435,-70.26291490279158
6,687,1138112,127.05656433105469,669,hit,3.9610381375828148,13.379999999999804,155.04354286187015
6,688,1138468,-19.258670806884766,1876,miss,7.2304352014913595,37.520000000000266,-71.49565103949332
6,689,1139940,-27.015209197998047,2250,timeout,6.994297979879463,45.000000000001435,-108.26366449063072
6,690,1140924,128.78541564941406,703,hit,4.798849347691162,14.059999999999789,154.90951626427085
6,691,1141580,131.9361114501953,778,hit,3.387970132480934,15.559999999999757,157.7562953576432
6,692,1143540,134.17633056640625,900,hit,4.1890289460325505,17.999999999999705,163.3809795541125
6,693,1143720,125.85811614990234,699,hit,3.567956493112559,13.97999999999979,156.24791609941897
6,694,1145540,-13.423725128173828,2250,timeout,6.039679656979812,45.000000000001435,-77.84128725729886
6,695,1147996,123.63070678710938,1069,hit,3.840691357959908,21.379999999999633,151.80482556329883
6,696,1149132,134.57872009277344,898,hit,2.6158308281353273,17.959999999999706,162.52841070351113
6,697,1150580,-8.63223648071289,2250,timeout,12.557178345278341,45.000000000001435,-92.14873914472379
6,698,1151196,131.22494506835938,800,hit,4.3943096707195,15.999999999999748,159.7412298778067
6,699,1152540,-31.228740692138672,2250,timeout,5.1544662114178434,45.000000000001435,-95.42590045727647
6,700,1153696,124.0318603515625,625,hit,3.9413688364100063,12.499999999999822,152.23224108435926
6,701,1153980,133.20498657226562,850,hit,2.581765265781613,16.999999999999726,165.51193357239723
6,702,1154256,133.9611053466797,1281,hit,3.40541787953563,25.619999999999543,157.69782956262225
6,703,1157132,130.94676208496094,788,hit,4.484890494672047,15.759999999999753,158.399067402602
6,704,1157788,133.15907287597656,883,hit,3.6677973554163845,17.659999999999712,165.33919237051052
6,705,1161540,-45.970096588134766,2250,timeout,6.799406544385589,45.000000000001435,-103.66146775598948
6,706,1161988,129.2109375,1214,hit,3.95984768069085,24.27999999999957,153.42005029317735
6,707,1162696,-37.6318473815918,2250,timeout,6.6822993504658825,45.000000000001435,-114.02045481193967
6,708,1163788,130.29959106445312,1500,hit,4.2139479509038935,29.99999999999945,158.79739032602996
6,709,1164468,119.80353546142578,620,hit,2.5506874225068197,12.399999999999824,151.25058021831106
6,710,1165412,130.03775024414062,968,hit,3.921968807102076,19.359999999999676,159.74061709504474
6,711,1167420,133.84988403320312,1181,hit,4.753954440435096,23.619999999999585,162.55541739745954
6,712,1167500,129.3972625732422,758,hit,3.9145324311262857,15.159999999999766,153.52413525849698
6,713,1170940,133.5045166015625,860,hit,2.711084081329205,17.199999999999722,159.05199251547924
6,714,1172788,-15.077701568603516,2250,timeout,14.852461818693664,45.000000000001435,-91.1715077639517
6,715,1174412,-31.587852478027344,2250,timeout,5.879935105710168,45.000000000001435,-103.23074193330788
6,716,1174608,130.0249786376953,917,hit,4.757224344199951,18.339999999999698,160.31669537053716
6,717,1176120,128.45095825195312,833,hit,4.68599559321284,16.659999999999734,157.24358615744794
6,718,1176420,-20.773170471191406,2250,timeout,6.220771861941508,45.000000000001435,-69.69899412462405
6,719,1177592,126.44552612304688,795,hit,4.307225633495388,15.89999999999975,157.39044044333275
6,720,1179084,121.74832153320312,666,hit,3.651854955443173,13.319999999999805,153.4562892172558
6,721,1182484,127.8077392578125,850,hit,2.0131174242671643,16.999999999999726,152.58089822162316
6,722,1182684,107.32836151123047,2019,hit,2.5104929706564967,40.38000000000071,133.83388572016648
6,723,1182788,132.16148376464844,1299,hit,4.32411582746762,25.979999999999535,156.85081384888528
6,724,1185120,-11.700008392333984,2250,timeout,6.9606142271080165,45.000000000001435,-78.77003578013021
6,725,1185528,125.42977142333984,685,hit,4.397431314407585,13.699999999999797,156.03582870668512
6,726,1188424,125.61676025390625,1485,hit,3.9810010896975085,29.699999999999456,151.74899132974696
6,727,1188744,132.95571899414062,804,hit,3.3477675751945353,16.079999999999746,163.56774038156854
6,728,1191684,-57.27963638305664,2250,timeout,9.81602272666436,45.000000000001435,-83.39155335881397
6,729,1191800,127.18492889404297,844,hit,3.7895429122932938,16.87999999999973,162.68208192576918
6,730,1191920,131.95423889160156,794,hit,1.7049569250752568,15.87999999999975,156.38925943450897
6,731,1194120,-14.502796173095703,2250,timeout,6.011349669918574,45.000000000001435,-88.09835654323007
6,732,1194592,126.6123046875,698,hit,1.8254295744438003,13.959999999999791,154.3644870342091
6,733,1194956,128.70834350585938,759,hit,3.368631151964055,15.179999999999765,155.4882463792167
6,734,1197012,127.25668334960938,723,hit,3.474495926990626,14.45999999999978,154.09111212224917
6,735,1197444,127.11624908447266,713,hit,4.3038376504763125,14.259999999999785,155.35942167274575
6,736,1199908,129.16558837890625,724,hit,2.365045391269353,14.47999999999978,158.0582996985044
6,737,1200144,-1.3268203735351562,2115,miss,5.274580564349141,42.30000000000101,-90.62953689579066
6,738,1200272,126.96585083007812,707,hit,4.196260634211925,14.139999999999787,151.90447909331547
6,739,1203308,133.79226684570312,850,hit,2.982673988190796,16.999999999999726,162.63604162892088
6,740,1203816,135.66549682617188,886,hit,4.658619169623455,17.71999999999971,165.21685513597322
6,741,1203956,-7.041740417480469,2250,timeout,5.656531718818781,45.000000000001435,-87.94719224146489
6,742,1206508,126.20658874511719,673,hit,4.302180388396834,13.459999999999802,151.07272700715563
6,743,1209144,-25.959850311279297,2250,timeout,5.1679981624207585,45.000000000001435,-93.04383909824334
6,744,1211004,132.041259765625,1124,hit,4.045146976816116,22.47999999999961,153.915906461841
6,745,1212308,-8.173107147216797,2250,timeout,5.355756394112655,45.000000000001435,-82.86054647122525
6,746,1212956,-12.066829681396484,2250,timeout,19.8292180560661,45.000000000001435,-72.14377092506228
6,747,1216268,130.62841796875,828,hit,3.98763492805714,16.559999999999736,162.1010633324603
6,748,1218144,-21.44463348388672,2250,timeout,11.855414721801008,45.000000000001435,-82.95160681891875
6,749,1220004,-38.26572799682617,2250,timeout,5.912556807091196,45.000000000001435,-111.21136996938297
6,750,1220196,120.15043640136719,982,hit,4.366768295285875,19.63999999999967,147.99527955030365
6,751,1221308,-18.702869415283203,2250,timeout,6.408926387427407,45.000000000001435,-79.30118683794339
6,752,1223744,132.24343872070312,887,hit,2.921476270393048,17.73999999999971,163.2471588049325
6,753,1225704,125.45825958251953,1099,hit,4.188776783821462,21.97999999999962,156.2150691018658
6,754,1226108,-35.249996185302734,1991,miss,6.245970604943125,39.820000000000626,-69.87554796530554
6,755,1228724,130.5482940673828,755,hit,2.571439427730029,15.099999999999767,154.6564142541095
7,756,1231448,163.6185302734375,662,hit,4.288820586309457,13.239999999999807,156.10624793014205
7,757,1231696,148.22402954101562,724,hit,4.14459723375336,14.47999999999978,157.10718930399196
7,758,1232600,175.84408569335938,950,hit,2.0664911937709523,18.999999999999684,161.90811856068964
7,759,1233128,144.07318115234375,1082,hit,4.920185468709748,21.639999999999628,152.20085805855018
7,760,1235568,152.31121826171875,742,hit,3.9771393321061237,14.839999999999772,163.86159123840213
7,761,1238968,171.41073608398438,850,hit,2.055284730331828,16.999999999999726,167.36375019499542
7,762,1240448,0.01021575927734375,2250,timeout,6.044598119063052,45.000000000001435,-93.49267280460532
7,763,1240696,-7.521953582763672,2250,timeout,7.699853003780704,45.000000000001435,-70.51199910821185
7,764,1242124,1.6951026916503906,2249,miss,7.487610949291875,44.98000000000143,-89.107165132812
7,765,1244664,161.88609313964844,992,hit,2.920123644365307,19.839999999999666,158.24694120989756
7,766,1246148,155.54379272460938,1006,hit,4.3307748792962855,20.11999999999966,172.18039636885425
7,767,1247968,1.7049636840820312,2250,timeout,9.014189765456319,45.000000000001435,-72.67136311720766
7,768,1249024,167.20668029785156,719,hit,3.1041894353709827,14.379999999999782,160.22421850787327
7,769,1249448,9.153106689453125,2250,timeout,8.181737361351747,45.000000000001435,-90.01385103457358
7,770,1252928,155.154296875,870,hit,4.943966564882016,17.399999999999718,166.89580101519914
7,771,1253664,39.94451904296875,2250,timeout,5.7958724901845535,45.000000000001435,-58.72558976405664
7,772,1256968,-24.86754608154297,2250,timeout,5.002295235546604,45.000000000001435,-86.6203850265678
7,773,1258024,-12.94614028930664,2250,timeout,11.096700543647659,45.000000000001435,-63.75690104091967
7,774,1258568,149.38088989257812,1226,hit,4.322071126755942,24.519999999999566,156.99102981777457
7,775,1261532,170.34881591796875,741,hit,2.3283743452639087,14.819999999999773,163.2012227589556
7,776,1261928,-23.689861297607422,2250,timeout,10.042030112170641,45.000000000001435,-83.01059374439285
7,777,1264044,164.0297088623047,1505,hit,3.42975327057468,30.099999999999447,166.48772495417407
7,778,1264396,153.09974670410156,716,hit,4.372850259363886,14.319999999999784,159.36730626686733
7,779,1265968,-6.788578033447266,2250,timeout,7.0825901436111165,45.000000000001435,-85.46013110742962
7,780,1266828,140.9474639892578,696,hit,4.472629243053298,13.919999999999792,154.20284208644642
7,781,1268004,153.47801208496094,902,hit,4.4228260039921095,18.039999999999704,157.23379077849174
7,782,1269692,161.68748474121094,716,hit,3.4110124816166785,14.319999999999784,156.22316548979433
7,783,1270928,-1.3036041259765625,2250,timeout,5.12440514912494,45.000000000001435,-61.4020097673771
7,784,1274692,0.5603981018066406,2181,miss,7.0332139941196115,43.62000000000122,-69.0727801042286
7,785,1277004,-13.464519500732422,2250,timeout,5.3704161266141375,45.000000000001435,-83.63568960965343
7,786,1278692,18.204866409301758,2250,timeout,8.749547483284019,45.000000000001435,-68.09773595912318
7,787,1279928,16.76961898803711,2250,timeout,5.825173830901093,45.000000000001435,-77.36201259945119
7,788,1280168,155.91053771972656,791,hit,3.5515218415016667,15.819999999999752,162.30338823307827
7,789,1280180,165.51913452148438,1372,hit,3.9381074396967284,27.439999999999504,167.0081576920192
7,790,1282432,172.11903381347656,935,hit,4.589299567881627,18.69999999999969,173.97618733583835
7,791,1282940,145.81536865234375,690,hit,3.8590688308461663,13.799999999999795,157.63530609528271
7,792,1284684,180.3826446533203,1129,hit,3.654180666081093,22.579999999999607,169.07626638251648
7,793,1284704,147.9597930908203,1194,hit,4.379251114874156,23.87999999999958,164.00831177818148
7,794,1290492,165.37973022460938,1452,hit,4.7715131627861584,29.03999999999947,164.0213086078277
7,795,1291432,-6.434230804443359,2250,timeout,8.502475830161167,45.000000000001435,-67.20666497355029
7,796,1291880,-25.709548950195312,2235,miss,9.236647907513452,44.70000000000139,-65.76816443598632
7,797,1293704,-25.657188415527344,2250,timeout,5.489581407552529,45.000000000001435,-99.02462177333538
7,798,1294112,153.748046875,905,hit,4.65571294053944,18.099999999999703,168.5036128888445
7,799,1296264,139.07154846191406,640,hit,4.89407527670368,12.799999999999816,158.21525425254185
7,800,1296924,157.0782470703125,1373,hit,4.268824961575199,27.459999999999503,167.92581228964923
7,801,1297212,163.84092712402344,775,hit,2.3150055338478017,15.499999999999758,164.52048454710558
7,802,1299168,154.68896484375,726,hit,3.405194569237038,14.51999999999978,164.2867258256787
7,803,1300880,-24.640480041503906,2250,timeout,5.3349597056018325,45.000000000001435,-88.71787885305082
7,804,1302364,127.81472778320312,1360,hit,4.966533363688264,27.19999999999951,151.6874629845068
7,805,1306212,-8.331001281738281,2250,timeout,11.157405354626107,45.000000000001435,-78.02403579013875
7,806,1307704,5.566192626953125,2134,miss,5.6010997506478,42.68000000000107,-76.6122632972957
7,807,1308988,146.8003387451172,694,hit,4.050483480287089,13.879999999999793,160.45737153843567
7,808,1309880,-15.249897003173828,2250,timeout,7.455837545308762,45.000000000001435,-90.3960774947468
7,809,1311304,-13.174114227294922,2235,miss,5.487331789042232,44.70000000000139,-65.71011147601423
7,810,1312392,167.72601318359375,851,hit,3.2692790201429895,17.019999999999726,174.8688782424374
7,811,1316704,-19.358169555664062,2250,timeout,5.888324691047581,45.000000000001435,-103.07283159184841
7,812,1318880,-22.081806182861328,2250,timeout,6.379687108399791,45.000000000001435,-55.9929771272062
7,813,1320232,108.41592407226562,1960,hit,4.561826981618053,39.20000000000053,145.5294102034023
7,814,1320276,4.671451568603516,2243,miss,6.219557261647713,44.86000000000141,-50.55910406240295
7,815,1321592,154.99050903320312,1222,hit,4.394969699487337,24.439999999999568,161.05629752975892
7,816,1322236,158.61312866210938,839,hit,4.184174430814595,16.77999999999973,164.425047022839
7,817,1323336,170.87355041503906,776,hit,3.162352525843215,15.519999999999758,161.65160784906297
7,818,1325056,174.86021423339844,866,hit,4.502511033705211,17.31999999999972,173.84106785277527
7,819,1325480,171.79066467285156,811,hit,2.64677983979168,16.219999999999743,167.5100207332639
7,820,1328196,174.5561981201172,785,hit,2.0456465752062654,15.699999999999754,168.96169729403556
7,821,1328704,-25.59200668334961,2107,miss,5.16280239705121,42.14000000000099,-78.94591029651292
7,822,1329596,162.6043701171875,1565,hit,4.907894887177104,31.29999999999942,159.01483358198928
7,823,1330920,157.3237762451172,681,hit,3.5736165224745617,13.619999999999798,160.06935849410786
7,824,1331448,153.03286743164062,686,hit,4.576230131205224,13.719999999999796,157.023376840308
7,825,1333356,168.2639923095703,940,hit,2.196085682961067,18.799999999999688,170.4526436212746
7,826,1334136,170.9307861328125,804,hit,1.9735721196487415,16.079999999999746,168.3674588376492
7,827,1334480,-21.407413482666016,2250,timeout,7.035575001791796,45.000000000001435,-76.6026693478108
7,828,1336916,154.6800079345703,695,hit,3.064902407091319,13.899999999999793,155.56048737228198
7,829,1338660,5.957683563232422,1803,miss,6.360932315944155,36.06000000000004,-78.8460714114868
7,830,1341684,156.69384765625,1192,hit,3.509703207718295,23.83999999999958,167.93578429992783
7,831,1342356,-30.652610778808594,2250,timeout,6.113869467183261,45.000000000001435,-76.60806205939963
7,832,1343480,-10.316102981567383,2250,timeout,9.031113355423171,45.000000000001435,-73.5666482500871
7,833,1345440,155.2955780029297,771,hit,3.7748780813107974,15.41999999999976,160.41960270392417
7,834,1347660,-16.483474731445312,2250,timeout,5.320981187294407,45.000000000001435,-87.80577692552245
7,835,1348088,168.732421875,662,hit,4.827350602134552,13.239999999999807,160.98531991492172
7,836,1349692,-5.1170501708984375,2002,miss,5.105672263405818,40.04000000000066,-78.17737923301749
7,837,1352404,161.7046661376953,1186,hit,4.797672271725219,23.719999999999583,154.7456565521583
7,838,1352480,-36.252593994140625,2250,timeout,6.3663679688503185,45.000000000001435,-85.06011916742875
7,839,1353172,155.7731475830078,870,hit,4.760483674698626,17.399999999999718,172.21740738662663
7,840,1355588,158.0865478515625,777,hit,2.856799325761264,15.539999999999758,166.0566500466529
7,841,1355868,154.79840087890625,866,hit,4.473645606930102,17.31999999999972,169.00373132911454
7,842,1356024,158.52720642089844,713,hit,3.019433740694384,14.259999999999785,160.4561779664782
7,843,1357088,-36.342105865478516,2250,timeout,6.355886897238741,45.000000000001435,-62.415886423873786
7,844,1359668,166.09994506835938,911,hit,2.7814875081026535,18.2199999999997,173.6900861553252
7,845,1360312,167.92669677734375,806,hit,2.4746265664261595,16.119999999999745,169.6643581660466
7,846,1363008,-7.920719146728516,1855,miss,6.962507745328765,37.1000000000002,-74.2737635003985
7,847,1364868,-16.604747772216797,2250,timeout,8.167496331592984,45.000000000001435,-77.96731181370166
7,848,1366936,-4.486152648925781,1817,miss,8.02997231234546,36.34000000000008,-52.231649354495126
7,849,1369052,158.59466552734375,1046,hit,3.778939919282361,20.919999999999643,164.89109156815806
7,850,1369312,2.8470306396484375,2250,timeout,11.455664474445403,45.000000000001435,-79.99082899519937
7,851,1371240,151.10086059570312,1076,hit,4.437172036527608,21.51999999999963,162.5340868527095
7,852,1371696,4.578029632568359,2172,miss,5.6924678908065385,43.44000000000119,-92.65611081348813
7,853,1372860,176.29473876953125,887,hit,1.3817423162703308,17.73999999999971,170.41353429749967
7,854,1373576,144.5938720703125,1131,hit,4.7962660387406135,22.619999999999607,153.05166857041627
7,855,1373736,144.57884216308594,624,hit,3.3091186519975944,12.479999999999823,155.77692190938933
7,856,1375948,161.56407165527344,1063,hit,2.6789404189767714,21.259999999999636,159.27434217860463
7,857,1376740,158.72125244140625,751,hit,4.552932887123693,15.019999999999769,162.07725041265104
7,858,1377360,174.97364807128906,1125,hit,3.3421608147447617,22.49999999999961,170.3636075101193
7,859,1377736,164.98666381835938,1040,hit,4.064916004650614,20.799999999999645,163.44648341035682
7,860,1381392,167.9976806640625,914,hit,2.695669934111074,18.2799999999997,168.04025875017305
7,861,1381472,143.90953063964844,1028,hit,4.9310050612766325,20.55999999999965,154.20343103686406
7,862,1381936,157.07864379882812,1497,hit,3.7590453616811885,29.93999999999945,167.80768000054655
7,863,1384388,-16.03256607055664,1912,miss,5.155345398765221,38.24000000000038,-88.20638298435969
7,864,1390284,-7.446929931640625,2203,miss,5.331588050884175,44.06000000000129,-77.41722562563474
7,865,1390392,-14.746910095214844,2250,timeout,6.139116778856956,45.000000000001435,-71.68786919475983
7,866,1390936,-1.5205764770507812,2250,timeout,5.286349662372928,45.000000000001435,-71.94846161408763
7,867,1391364,6.897132873535156,1744,miss,7.344186592862479,34.87999999999985,-51.91828389945668
7,868,1394212,163.6913299560547,819,hit,2.8213210741683676,16.37999999999974,171.48421946735067
7,869,1395228,147.52732849121094,1209,hit,3.9941885577394367,24.179999999999573,156.43407320569509
7,870,1395556,149.32098388671875,1318,hit,4.7771772762909395,26.359999999999527,151.83572003719348
7,871,1398548,170.84840393066406,830,hit,4.122143717653326,16.599999999999735,165.73469224820832
7,872,1399040,154.41432189941406,871,hit,3.4794016469063944,17.419999999999717,156.33832511428176
7,873,1400332,153.83200073242188,1530,hit,4.850408697937632,30.599999999999437,165.52686804705317
7,874,1400364,-1.68511962890625,2250,timeout,5.32751735838779,45.000000000001435,-80.3333754949672
7,875,1401552,175.23394775390625,751,hit,1.5593942919462866,15.019999999999769,163.0794012722402
7,876,1405256,153.34864807128906,1554,hit,4.802373930480391,31.079999999999426,160.6817348202119
7,877,1409332,-33.29743576049805,2250,timeout,11.58597108755856,45.000000000001435,-67.52291742685782
7,878,1409364,-25.733749389648438,2250,timeout,9.918282540833331,45.000000000001435,-102.09072528406051
7,879,1410552,-4.316200256347656,2250,timeout,9.395913270453196,45.000000000001435,-68.99811949711098
7,880,1412768,160.1623077392578,851,hit,3.816992125906383,17.019999999999726,158.38556260607328
7,881,1414256,-21.449356079101562,2250,timeout,10.711973777444877,45.000000000001435,-78.53300624236289
7,882,1414560,165.16592407226562,1002,hit,3.4765699817983973,20.03999999999966,165.42811219732334
7,883,1415196,159.20571899414062,1466,hit,4.500602626838132,29.319999999999464,166.46957060418328
7,884,1417288,170.10169982910156,682,hit,1.5141834732783648,13.639999999999798,161.2397491598399
7,885,1419324,145.22344970703125,1032,hit,4.770653474686636,20.63999999999965,158.132211419525
7,886,1420648,-27.171977996826172,1970,miss,5.7069130996089195,39.40000000000056,-78.77768447970121
7,887,1421920,160.03993225097656,649,hit,1.99586918979197,12.979999999999812,155.7037472185195
7,888,1423256,-33.86325454711914,2250,timeout,6.097512374393734,45.000000000001435,-97.28152925347594
7,889,1426288,-30.352558135986328,2250,timeout,9.644231900270295,45.000000000001435,-78.30018376296148
7,890,1427316,165.70040893554688,1349,hit,3.03541423218244,26.979999999999514,161.2800877495133
7,891,1429648,11.643165588378906,2250,timeout,6.944360326636556,45.000000000001435,-56.40453410248968
7,892,1430868,167.19952392578125,888,hit,2.548042961597871,17.75999999999971,173.4927141522723
7,893,1431192,178.7224884033203,1226,hit,4.101132491125343,24.519999999999566,166.18354615379587
7,894,1432256,19.451757431030273,2250,timeout,5.866389979658436,45.000000000001435,-67.36714759821803
8,895,1437772,171.254150390625,1043,hit,3.8798864277094265,20.859999999999644,162.161554236789
8,896,1438280,159.3989715576172,1170,hit,3.2347335762066782,23.39999999999959,164.15186894654934
8,897,1438292,150.8429718017578,1173,hit,4.943211070215149,23.45999999999959,166.79887062012236
8,898,1438320,161.9095916748047,1180,hit,2.186595448244816,23.599999999999586,163.81135293167478
8,899,1441092,153.854736328125,703,hit,4.712160240861575,14.059999999999789,157.33160388755903
8,900,1441132,162.37948608398438,710,hit,3.497671291136585,14.199999999999786,160.5239989339707
8,901,1441580,168.3828887939453,952,hit,3.8007453348028752,19.039999999999683,162.96884479226952
8,902,1443912,141.95001220703125,1398,hit,3.6882354800847197,27.959999999999493,160.17725234901786
8,903,1444464,169.2534942626953,833,hit,4.991279078341852,16.659999999999734,171.1780884508841
8,904,1446716,175.67694091796875,701,hit,0.49640964881541455,14.01999999999979,158.97988776361416
8,905,1447132,167.98524475097656,667,hit,2.1630421113656224,13.339999999999804,157.2296742033024
8,906,1449188,-14.131082534790039,1902,miss,7.608402875555766,38.04000000000035,-64.73851599978303
8,907,1449888,-27.28045654296875,2199,miss,9.904125130260217,43.980000000001276,-63.84492874404799
8,908,1451192,147.09881591796875,1119,hit,4.224845341981444,22.37999999999961,155.4545983597627
8,909,1453188,169.72283935546875,1000,hit,4.713814065169276,19.999999999999662,164.2763234255081
8,910,1453952,156.01678466796875,1016,hit,3.6389383351306406,20.319999999999656,149.66904258399958
8,911,1455148,-0.3046455383300781,2004,miss,5.587286051897936,40.080000000000666,-58.65570707123844
8,912,1456840,156.38034057617188,722,hit,3.852935749581546,14.439999999999781,160.19997730529724
8,913,1459664,139.873046875,1619,hit,4.572658224443802,32.37999999999946,149.30883728931806
8,914,1459764,165.6400909423828,1154,hit,3.309714768069271,23.079999999999597,166.8282589528739
8,915,1460192,-38.00143051147461,2250,timeout,6.7489566487863835,45.000000000001435,-87.0613658720434
8,916,1460872,147.593017578125,1008,hit,4.934468573823471,20.15999999999966,150.06936902274606
8,917,1463020,145.37893676757812,707,hit,4.550648662330082,14.139999999999787,156.74834678593493
8,918,1464416,154.90817260742188,1188,hit,3.402170483218257,23.759999999999582,152.9549583568956
8,919,1465144,155.8593292236328,1068,hit,4.180101784316569,21.359999999999634,158.9171600249377
8,920,1468764,-0.3019981384277344,2250,timeout,5.643015653026962,45.000000000001435,-96.703007636271
8,921,1469400,156.98056030273438,1595,hit,4.4788549994312215,31.89999999999941,159.63783797080842
8,922,1473416,1.0466995239257812,2250,timeout,5.8429036608282,45.000000000001435,-94.43147319061629
8,923,1474144,0.8453521728515625,2250,timeout,11.18223611574216,45.000000000001435,-79.23748776367421
8,924,1477764,-13.727424621582031,2250,timeout,8.71399684096954,45.000000000001435,-57.85383055110346
8,925,1478400,-20.188907623291016,2250,timeout,9.897351098348985,45.000000000001435,-62.80671032102239
8,926,1481300,162.43264770507812,725,hit,2.556657499177028,14.49999999999978,164.86746562292927
8,927,1482416,21.976526260375977,2250,timeout,5.496631075959034,45.000000000001435,-56.959873511397525
8,928,1482712,-24.582561492919922,2142,miss,6.267469347181931,42.8400000000011,-77.52140889350487
8,929,1484040,144.1647491455078,685,hit,4.582947705110356,13.699999999999797,160.06686083751572
8,930,1485644,157.87615966796875,807,hit,3.665774389201505,16.139999999999745,161.75483904719562
8,931,1486192,160.2035675048828,870,hit,4.53598801244308,17.399999999999718,152.13340085433526
8,932,1486764,-15.207927703857422,2250,timeout,6.363800127542586,45.000000000001435,-84.05321006364224
8,933,1487720,152.8228759765625,920,hit,4.531324828055723,18.399999999999697,174.31563324793507
8,934,1488520,155.67352294921875,719,hit,3.1453120953277165,14.379999999999782,163.52614836853252
8,935,1490964,169.537353515625,811,hit,2.2165883082868425,16.219999999999743,158.0936280393753
8,936,1491016,144.6094970703125,1063,hit,4.608985459561597,21.259999999999636,151.10804360197548
8,937,1491836,182.6056671142578,829,hit,4.431359107554674,16.579999999999735,170.5854216995513
8,938,1494260,176.02706909179688,824,hit,2.843064393514507,16.479999999999738,170.29235824950442
8,939,1494932,18.503509521484375,2185,miss,5.414994609441898,43.70000000000123,-72.13865020653226
8,940,1495440,158.33656311035156,1106,hit,3.1683442850933976,22.119999999999617,159.54051445390468
8,941,1495580,165.69671630859375,936,hit,4.575829996348714,18.71999999999969,172.7810267380384
8,942,1497408,175.57887268066406,787,hit,1.7088127455099145,15.739999999999753,162.20175327058496
8,943,1498552,163.34506225585938,905,hit,2.807684645572384,18.099999999999703,173.32867405783304
8,944,1499344,172.71302795410156,976,hit,4.197515661097912,19.519999999999673,175.04649856501914
8,945,1500608,169.22308349609375,800,hit,4.9746546248513805,15.999999999999748,167.09133090501396
8,946,1501924,162.3275146484375,843,hit,2.4270670644572507,16.85999999999973,166.18717393985418
8,947,1502020,160.47384643554688,669,hit,3.578752117104271,13.379999999999804,156.77236078198916
8,948,1504580,-19.038719177246094,2250,timeout,8.908373247276577,45.000000000001435,-98.80388869054964
8,949,1505268,162.5869140625,812,hit,3.6107021573763998,16.239999999999743,155.50790819754593
8,950,1505688,146.5713348388672,1270,hit,4.770112553867224,25.399999999999547,159.2002757246904
8,951,1507976,159.94142150878906,677,hit,2.9138667951490502,13.5399999999998,158.80302725633234
8,952,1510280,166.799072265625,1148,hit,4.673285225791567,22.9599999999996,171.5792896331543
8,953,1510924,-41.99181365966797,2250,timeout,9.981633324189092,45.000000000001435,-66.81766193268544
8,954,1513244,170.03858947753906,741,hit,1.2280815594440677,14.819999999999773,159.10631217500185
8,955,1513284,164.8982391357422,1327,hit,3.812873275656709,26.539999999999523,167.28045534563108
8,956,1513572,-12.956256866455078,2248,miss,8.040699170613728,44.96000000000143,-75.09454279266976
8,957,1515024,159.83810424804688,1025,hit,4.605976430549526,20.499999999999652,154.70586631271152
8,958,1517020,158.28350830078125,934,hit,3.901269406175006,18.67999999999969,172.18403836617648
8,959,1517200,176.27786254882812,907,hit,1.621648937184923,18.139999999999702,174.28417653832292
8,960,1517372,175.758056640625,1032,hit,3.96453067055954,20.63999999999965,172.7868923132544
8,961,1517944,159.5546417236328,730,hit,4.879248935689952,14.599999999999778,162.54691272835777
8,962,1520400,160.49119567871094,757,hit,3.376954735465072,15.139999999999766,161.2291719925795
8,963,1520800,181.964599609375,945,hit,3.5672190698184334,18.899999999999686,173.92527587789107
8,964,1523384,163.2203826904297,746,hit,3.4482814857590363,14.91999999999977,158.18777951430977
8,965,1524376,149.67623901367188,894,hit,4.810321027839978,17.879999999999708,163.37207213444344
8,966,1524888,-2.608440399169922,1922,miss,6.6927458513411855,38.44000000000041,-90.39342921866212
8,967,1526840,177.56051635742188,864,hit,2.1266860439899458,17.27999999999972,166.68175263095628
8,968,1526944,-22.95703887939453,2250,timeout,8.464912336203144,45.000000000001435,-78.49775904551052
8,969,1527624,171.0553436279297,812,hit,1.5924410824450617,16.239999999999743,167.04945664456736
8,970,1527956,163.3955078125,767,hit,3.9819024771005656,15.339999999999762,164.66076345753638
8,971,1529920,153.21759033203125,770,hit,4.187026883114395,15.39999999999976,165.75601907334487
8,972,1530680,164.19833374023438,764,hit,1.929479544802506,15.279999999999763,156.29280854568387
8,973,1533800,177.53457641601562,780,hit,2.729348909559491,15.599999999999756,165.0252387618089
8,974,1535944,6.794795989990234,2250,timeout,5.805925333067794,45.000000000001435,-57.752458789593184
8,975,1536956,-38.827369689941406,2250,timeout,7.236464408437502,45.000000000001435,-67.93798415270376
8,976,1537372,147.21923828125,893,hit,4.80500229702854,17.859999999999708,152.62445604177304
8,977,1538920,7.444732666015625,2250,timeout,5.169744216526349,45.000000000001435,-89.51831193967338
8,978,1539760,157.98663330078125,701,hit,2.476420187179356,14.01999999999979,156.33866284840875
8,979,1541464,164.74244689941406,1380,hit,3.5567562931576027,27.5999999999995,168.65629848396048
8,980,1542156,163.00677490234375,809,hit,2.7841076422673567,16.179999999999744,167.68277949292474
8,981,1543116,167.70616149902344,839,hit,4.271523699958323,16.77999999999973,169.21670297740627
8,982,1544456,14.439512252807617,1771,miss,7.504642588764432,35.41999999999994,-44.22486620603046
8,983,1547460,165.13812255859375,751,hit,1.9159202437504363,15.019999999999769,165.03661763547052
8,984,1550464,10.630485534667969,2250,timeout,9.852542219750225,45.000000000001435,-75.42330086689354
8,985,1551156,-23.25912857055664,2250,timeout,7.791204243460468,45.000000000001435,-50.92208943191713
8,986,1552116,-2.7941932678222656,2250,timeout,6.021891386633399,45.000000000001435,-61.07472601291633
8,987,1552572,156.4922637939453,1278,hit,4.345471202865135,25.559999999999544,165.92163421178586
8,988,1555636,172.8528594970703,880,hit,3.895815439087354,17.599999999999714,175.19585565619207
8,989,1559464,-4.207019805908203,2250,timeout,9.178028410151791,45.000000000001435,-80.23053441469054
8,990,1559740,18.034629821777344,1792,miss,5.759271503372852,35.84,-65.38215416518648
8,991,1560156,-20.768535614013672,2250,timeout,8.17855911882607,45.000000000001435,-76.55053033377304
8,992,1563296,164.77503967285156,958,hit,4.96687514361135,19.15999999999968,170.763689014817
8,993,1563492,167.52670288085938,834,hit,2.7312673233742473,16.679999999999733,166.97671903494137
8,994,1564020,148.42385864257812,1070,hit,3.746929279592133,21.399999999999633,151.61506261053816
8,995,1564636,-33.99460220336914,2250,timeout,11.675766430234207,45.000000000001435,-105.90078387771379
8,996,1567264,155.54820251464844,811,hit,4.166270719388959,16.219999999999743,163.06995417444065
8,997,1568168,158.51756286621094,883,hit,4.99052602317544,17.659999999999712,168.92375839697914
8,998,1570392,155.74990844726562,782,hit,3.956233526174726,15.639999999999755,167.72928741969662
8,999,1572296,-30.768123626708984,2250,timeout,14.612232315777984,45.000000000001435,-74.967919250689
8,1000,1572492,-26.57015609741211,2250,timeout,14.525522391102953,45.000000000001435,-79.62413862009281
8,1001,1574184,177.4008331298828,1504,hit,4.2856229045811345,30.079999999999448,166.22873107545394
8,1002,1577588,168.95750427246094,851,hit,2.318811227102439,17.019999999999726,171.76291548391458
8,1003,1577960,175.5541534423828,1416,hit,4.172286060137642,28.319999999999485,168.12814597447226
8,1004,1579392,-21.33774185180664,2250,timeout,6.188509047256829,45.000000000001435,-96.11368360505307
8,1005,1581492,-18.35202407836914,2250,timeout,8.42611161704681,45.000000000001435,-78.61788937060425
8,1006,1581820,176.72830200195312,1058,hit,2.326395074976105,21.159999999999638,160.71791592508615
8,1007,1583840,170.25216674804688,1470,hit,4.527057425721969,29.399999999999462,169.54212064140492
8,1008,1584560,158.31715393066406,685,hit,3.2880195303432536,13.699999999999797,159.32593609560848
8,1009,1584560,156.6919403076172,767,hit,4.799254997332373,15.339999999999762,163.1731068667401
8,1010,1587780,170.73411560058594,805,hit,1.6546992167433174,16.099999999999746,170.4013821934896
8,1011,1588392,-19.98363494873047,2250,timeout,6.337483014017477,45.000000000001435,-81.54832021524301
8,1012,1591256,169.4368896484375,869,hit,3.5216862597327556,17.37999999999972,164.00986327150076
8,1013,1592840,-12.794059753417969,2250,timeout,5.231188407525811,45.000000000001435,-87.19756329952158
8,1014,1593560,-29.73953628540039,2250,timeout,7.929129648901865,45.000000000001435,-64.35475224820169
8,1015,1595172,174.62094116210938,979,hit,2.3591819642915217,19.57999999999967,158.10361334904348
8,1016,1596556,165.95408630371094,749,hit,4.286257578927787,14.97999999999977,161.57389830526503
8,1017,1597392,7.533302307128906,2250,timeout,6.899415467770257,45.000000000001435,-78.14765548742982
8,1018,1598576,155.23178100585938,1434,hit,4.338605021967003,28.679999999999477,166.15038833490755
8,1019,1599428,163.146240234375,718,hit,2.4202067420891415,14.359999999999783,163.9481124996504
8,1020,1601936,159.71878051757812,840,hit,2.505229421899742,16.79999999999973,165.30892176011497
8,1021,1602716,161.84402465820312,822,hit,3.3752199476711238,16.43999999999974,168.36494034703725
8,1022,1604172,-32.0300407409668,2250,timeout,8.637725882897556,45.000000000001435,-108.54095259193879
8,1023,1606392,-11.551750183105469,2250,timeout,7.078343708657873,45.000000000001435,-71.41821911388872
8,1024,1607940,165.22225952148438,942,hit,3.312829333545239,18.839999999999687,162.3204540164209
8,1025,1607956,182.46226501464844,1310,hit,4.88563356364401,26.19999999999953,171.2335771274321
8,1026,1609412,2.133268356323242,1869,miss,7.0691412860375875,37.380000000000244,-47.06994826723318
8,1027,1610992,167.14688110351562,763,hit,2.259608337293312,15.259999999999764,166.78151182189794
8,1028,1612200,149.6344757080078,697,hit,4.991507622800537,13.939999999999792,158.4233177870263
8,1029,1614528,162.5914306640625,884,hit,2.9019843401947507,17.679999999999712,173.22754468738566
8,1030,1615056,157.80291748046875,714,hit,2.8279668117523222,14.279999999999784,155.10580032325885
8,1031,1615392,2.563385009765625,2250,timeout,5.270993753644196,45.000000000001435,-71.78202887657572
8,1032,1616956,-33.69087219238281,2250,timeout,14.040002374696721,45.000000000001435,-82.40239029502857
8,1033,1617432,164.64450073242188,726,hit,4.719042861931552,14.51999999999978,159.35093360831976
8,1034,1619564,149.82781982421875,1127,hit,4.978195550522186,22.53999999999961,163.7203186218345
8,1035,1619932,159.05267333984375,744,hit,3.669225189347664,14.879999999999772,158.1186984844805
8,1036,1620756,168.2128143310547,1341,hit,4.698103421010651,26.819999999999517,168.44217610323363
8,1037,1623644,164.39674377441406,1020,hit,3.6291487121673667,20.399999999999654,156.13483675330045
8,1038,1626432,28.6397705078125,2250,timeout,5.018973425862542,45.000000000001435,-62.78011395679009
8,1039,1626860,151.82533264160156,804,hit,4.1752944812677555,16.079999999999746,162.0057180395695
8,1040,1628932,7.402492523193359,2250,timeout,5.2323278419045,45.000000000001435,-65.20835915377103
8,1041,1629756,-49.261688232421875,2250,timeout,9.550396045585016,45.000000000001435,-75.58015682352564
8,1042,1631252,176.97769165039062,1098,hit,3.885053715209665,21.95999999999962,160.20616660342438
8,1043,1632968,167.65855407714844,1009,hit,3.465910918695253,20.17999999999966,164.22513267735093
8,1044,1635432,-16.06435775756836,2250,timeout,7.246173162796599,45.000000000001435,-77.60662779772858
8,1045,1635844,155.4112548828125,719,hit,3.3063775735833354,14.379999999999782,160.8781198559098
