
==== babysit CP1 2026-09-14 18:25:44 ====
CP1: evasive lineage | max_time=45s t_go_max=10s | tracking=True | obs=12-D | miss_tanh_scale=3000m shaping_gamma=1 effort_weight=5 -> out=/Users/vincenzo/Desktop/Projects/Physics Sim Project/missile_guidance_sim/outputs/evasive_zemtgo10_seed5
Using cpu device
-----------------------------
| time/              |      |
|    fps             | 4602 |
|    iterations      | 1    |
|    time_elapsed    | 0    |
|    total_timesteps | 2048 |
-----------------------------
------------------------------------------
| time/                   |              |
|    fps                  | 1945         |
|    iterations           | 2            |
|    time_elapsed         | 2            |
|    total_timesteps      | 4096         |
| train/                  |              |
|    approx_kl            | 0.0012437057 |
|    clip_fraction        | 0            |
|    clip_range           | 0.2          |
|    entropy_loss         | -2.84        |
|    explained_variance   | -0.00169     |
|    learning_rate        | 0.0003       |
|    loss                 | 0.0699       |
|    n_updates            | 5            |
|    policy_gradient_loss | -0.000839    |
|    std                  | 1            |
|    value_loss           | 2.05         |
------------------------------------------
-----------------------------------------
| time/                   |             |
|    fps                  | 1775        |
|    iterations           | 3           |
|    time_elapsed         | 3           |
|    total_timesteps      | 6144        |
| train/                  |             |
|    approx_kl            | 0.004813479 |
|    clip_fraction        | 0.0121      |
|    clip_range           | 0.2         |
|    entropy_loss         | -2.83       |
|    explained_variance   | 0.0281      |
|    learning_rate        | 0.0003      |
|    loss                 | 0.589       |
|    n_updates            | 10          |
|    policy_gradient_loss | -0.00196    |
|    std                  | 0.996       |
|    value_loss           | 1.51        |
-----------------------------------------
-----------------------------------------
| rollout/                |             |
|    ep_len_mean          | 2e+03       |
|    ep_rew_mean          | -13.5       |
| time/                   |             |
|    fps                  | 1694        |
|    iterations           | 4           |
|    time_elapsed         | 4           |
|    total_timesteps      | 8192        |
| train/                  |             |
|    approx_kl            | 0.006675023 |
|    clip_fraction        | 0.0314      |
|    clip_range           | 0.2         |
|    entropy_loss         | -2.83       |
|    explained_variance   | 0.216       |
|    learning_rate        | 0.0003      |
|    loss                 | -0.00494    |
|    n_updates            | 15          |
|    policy_gradient_loss | -0.00427    |
|    std                  | 0.993       |
|    value_loss           | 0.00793     |
-----------------------------------------
-----------------------------------------
| rollout/                |             |
|    ep_len_mean          | 2.1e+03     |
|    ep_rew_mean          | -8.43       |
| time/                   |             |
|    fps                  | 1629        |
|    iterations           | 5           |
|    time_elapsed         | 6           |
|    total_timesteps      | 10240       |
| train/                  |             |
|    approx_kl            | 0.003950187 |
|    clip_fraction        | 0.0113      |
|    clip_range           | 0.2         |
|    entropy_loss         | -2.82       |
|    explained_variance   | 0.00886     |
|    learning_rate        | 0.0003      |
|    loss                 | 0.00592     |
|    n_updates            | 20          |
|    policy_gradient_loss | -0.00163    |
|    std                  | 0.994       |
|    value_loss           | 1.83        |
-----------------------------------------
-----------------------------------------
| rollout/                |             |
|    ep_len_mean          | 2.1e+03     |
|    ep_rew_mean          | -8.43       |
| time/                   |             |
|    fps                  | 1572        |
|    iterations           | 6           |
|    time_elapsed         | 7           |
|    total_timesteps      | 12288       |
| train/                  |             |
|    approx_kl            | 0.013511411 |
|    clip_fraction        | 0.141       |
|    clip_range           | 0.2         |
|    entropy_loss         | -2.83       |
|    explained_variance   | 0.0396      |
|    learning_rate        | 0.0003      |
|    loss                 | 0.0606      |
|    n_updates            | 25          |
|    policy_gradient_loss | -0.0116     |
|    std                  | 0.996       |
|    value_loss           | 5.36        |
-----------------------------------------
-----------------------------------------
| rollout/                |             |
|    ep_len_mean          | 1.93e+03    |
|    ep_rew_mean          | -15.7       |
| time/                   |             |
|    fps                  | 1560        |
|    iterations           | 7           |
|    time_elapsed         | 9           |
|    total_timesteps      | 14336       |
| train/                  |             |
|    approx_kl            | 0.010897276 |
|    clip_fraction        | 0.0535      |
|    clip_range           | 0.2         |
|    entropy_loss         | -2.83       |
|    explained_variance   | -0.235      |
|    learning_rate        | 0.0003      |
|    loss                 | -0.00325    |
|    n_updates            | 30          |
|    policy_gradient_loss | -0.0043     |
|    std                  | 0.997       |
|    value_loss           | 0.044       |
-----------------------------------------
------------------------------------------
| rollout/                |              |
|    ep_len_mean          | 1.9e+03      |
|    ep_rew_mean          | -18.1        |
| time/                   |              |
|    fps                  | 1559         |
|    iterations           | 8            |
|    time_elapsed         | 10           |
|    total_timesteps      | 16384        |
| train/                  |              |
|    approx_kl            | 0.0038137594 |
|    clip_fraction        | 0.0103       |
|    clip_range           | 0.2          |
|    entropy_loss         | -2.83        |
|    explained_variance   | 0.0131       |
|    learning_rate        | 0.0003       |
|    loss                 | -0.015       |
|    n_updates            | 35           |
|    policy_gradient_loss | -0.00243     |
|    std                  | 0.993        |
|    value_loss           | 4.43         |
------------------------------------------
-----------------------------------------
| rollout/                |             |
|    ep_len_mean          | 1.97e+03    |
|    ep_rew_mean          | -20.4       |
| time/                   |             |
|    fps                  | 1559        |
|    iterations           | 9           |
|    time_elapsed         | 11          |
|    total_timesteps      | 18432       |
| train/                  |             |
|    approx_kl            | 0.006980831 |
|    clip_fraction        | 0.0225      |
|    clip_range           | 0.2         |
|    entropy_loss         | -2.82       |
|    explained_variance   | 0.0675      |
|    learning_rate        | 0.0003      |
|    loss                 | 0.0818      |
|    n_updates            | 40          |
|    policy_gradient_loss | -0.00428    |
|    std                  | 0.992       |
|    value_loss           | 1.2         |
-----------------------------------------
------------------------------------------
| rollout/                |              |
|    ep_len_mean          | 1.97e+03     |
|    ep_rew_mean          | -20.4        |
| time/                   |              |
|    fps                  | 1544         |
|    iterations           | 10           |
|    time_elapsed         | 13           |
|    total_timesteps      | 20480        |
| train/                  |              |
|    approx_kl            | 0.0053578736 |
|    clip_fraction        | 0.0273       |
|    clip_range           | 0.2          |
|    entropy_loss         | -2.82        |
|    explained_variance   | -0.0272      |
|    learning_rate        | 0.0003       |
|    loss                 | -0.00502     |
|    n_updates            | 45           |
|    policy_gradient_loss | -0.00266     |
|    std                  | 0.992        |
|    value_loss           | 3.99         |
------------------------------------------
----------------------------------------
| rollout/                |            |
|    ep_len_mean          | 1.93e+03   |
|    ep_rew_mean          | -20.7      |
| time/                   |            |
|    fps                  | 1554       |
|    iterations           | 11         |
|    time_elapsed         | 14         |
|    total_timesteps      | 22528      |
| train/                  |            |
|    approx_kl            | 0.00614491 |
|    clip_fraction        | 0.0504     |
|    clip_range           | 0.2        |
|    entropy_loss         | -2.82      |
|    explained_variance   | 0.847      |
|    learning_rate        | 0.0003     |
|    loss                 | -0.0107    |
|    n_updates            | 50         |
|    policy_gradient_loss | -0.00462   |
|    std                  | 0.985      |
|    value_loss           | 0.0253     |
----------------------------------------
-----------------------------------------
| rollout/                |             |
|    ep_len_mean          | 1.88e+03    |
|    ep_rew_mean          | -21.4       |
| time/                   |             |
|    fps                  | 1550        |
|    iterations           | 12          |
|    time_elapsed         | 15          |
|    total_timesteps      | 24576       |
| train/                  |             |
|    approx_kl            | 0.001761127 |
|    clip_fraction        | 0.000879    |
|    clip_range           | 0.2         |
|    entropy_loss         | -2.8        |
|    explained_variance   | 0.00625     |
|    learning_rate        | 0.0003      |
|    loss                 | 0.171       |
|    n_updates            | 55          |
|    policy_gradient_loss | -0.00152    |
|    std                  | 0.983       |
|    value_loss           | 0.911       |
-----------------------------------------
-------------------------------------------
| rollout/                |               |
|    ep_len_mean          | 1.88e+03      |
|    ep_rew_mean          | -21.4         |
| time/                   |               |
|    fps                  | 1549          |
|    iterations           | 13            |
|    time_elapsed         | 17            |
|    total_timesteps      | 26624         |
| train/                  |               |
|    approx_kl            | 0.00065509736 |
|    clip_fraction        | 0             |
|    clip_range           | 0.2           |
|    entropy_loss         | -2.8          |
|    explained_variance   | 0.0287        |
|    learning_rate        | 0.0003        |
|    loss                 | 1.08          |
|    n_updates            | 60            |
|    policy_gradient_loss | -0.000434     |
|    std                  | 0.982         |
|    value_loss           | 2.56          |
-------------------------------------------
------------------------------------------
| rollout/                |              |
|    ep_len_mean          | 1.88e+03     |
|    ep_rew_mean          | -21.4        |
| time/                   |              |
|    fps                  | 1561         |
|    iterations           | 14           |
|    time_elapsed         | 18           |
|    total_timesteps      | 28672        |
| train/                  |              |
|    approx_kl            | 0.0058085695 |
|    clip_fraction        | 0.0149       |
|    clip_range           | 0.2          |
|    entropy_loss         | -2.8         |
|    explained_variance   | -0.00398     |
|    learning_rate        | 0.0003       |
|    loss                 | 0.613        |
|    n_updates            | 65           |
|    policy_gradient_loss | -0.00276     |
|    std                  | 0.982        |
|    value_loss           | 2.2          |
------------------------------------------
------------------------------------------
| rollout/                |              |
|    ep_len_mean          | 1.9e+03      |
|    ep_rew_mean          | -17.2        |
| time/                   |              |
|    fps                  | 1568         |
|    iterations           | 15           |
|    time_elapsed         | 19           |
|    total_timesteps      | 30720        |
| train/                  |              |
|    approx_kl            | 0.0067449072 |
|    clip_fraction        | 0.049        |
|    clip_range           | 0.2          |
|    entropy_loss         | -2.8         |
|    explained_variance   | -0.0358      |
|    learning_rate        | 0.0003       |
|    loss                 | 2.23         |
|    n_updates            | 70           |
|    policy_gradient_loss | -0.00387     |
|    std                  | 0.983        |
|    value_loss           | 4.32         |
------------------------------------------
------------------------------------------
| rollout/                |              |
|    ep_len_mean          | 1.91e+03     |
|    ep_rew_mean          | -14.7        |
| time/                   |              |
|    fps                  | 1566         |
|    iterations           | 16           |
|    time_elapsed         | 20           |
|    total_timesteps      | 32768        |
| train/                  |              |
|    approx_kl            | 0.0075582294 |
|    clip_fraction        | 0.0422       |
|    clip_range           | 0.2          |
|    entropy_loss         | -2.8         |
|    explained_variance   | -0.0254      |
|    learning_rate        | 0.0003       |
|    loss                 | 0.118        |
|    n_updates            | 75           |
|    policy_gradient_loss | -0.00329     |
|    std                  | 0.983        |
|    value_loss           | 1.07         |
------------------------------------------
-----------------------------------------
| rollout/                |             |
|    ep_len_mean          | 1.93e+03    |
|    ep_rew_mean          | -13.2       |
| time/                   |             |
|    fps                  | 1561        |
|    iterations           | 17          |
|    time_elapsed         | 22          |
|    total_timesteps      | 34816       |
| train/                  |             |
|    approx_kl            | 0.011744265 |
|    clip_fraction        | 0.0777      |
|    clip_range           | 0.2         |
|    entropy_loss         | -2.8        |
|    explained_variance   | 0.00958     |
|    learning_rate        | 0.0003      |
|    loss                 | -0.00127    |
|    n_updates            | 80          |
|    policy_gradient_loss | -0.00693    |
|    std                  | 0.98        |
|    value_loss           | 8.47        |
-----------------------------------------
------------------------------------------
| rollout/                |              |
|    ep_len_mean          | 1.93e+03     |
|    ep_rew_mean          | -13.3        |
| time/                   |              |
|    fps                  | 1559         |
|    iterations           | 18           |
|    time_elapsed         | 23           |
|    total_timesteps      | 36864        |
| train/                  |              |
|    approx_kl            | 0.0035358146 |
|    clip_fraction        | 0.0145       |
|    clip_range           | 0.2          |
|    entropy_loss         | -2.8         |
|    explained_variance   | 0.0033       |
|    learning_rate        | 0.0003       |
|    loss                 | 0.00484      |
|    n_updates            | 85           |
|    policy_gradient_loss | -0.00134     |
|    std                  | 0.979        |
|    value_loss           | 5.39         |
------------------------------------------
------------------------------------------
| rollout/                |              |
|    ep_len_mean          | 1.95e+03     |
|    ep_rew_mean          | -12.3        |
| time/                   |              |
|    fps                  | 1560         |
|    iterations           | 19           |
|    time_elapsed         | 24           |
|    total_timesteps      | 38912        |
| train/                  |              |
|    approx_kl            | 0.0017520548 |
|    clip_fraction        | 0.000391     |
|    clip_range           | 0.2          |
|    entropy_loss         | -2.8         |
|    explained_variance   | -0.0453      |
|    learning_rate        | 0.0003       |
|    loss                 | 0.0989       |
|    n_updates            | 90           |
|    policy_gradient_loss | 7.22e-05     |
|    std                  | 0.98         |
|    value_loss           | 3.4          |
------------------------------------------
------------------------------------------
| rollout/                |              |
|    ep_len_mean          | 1.94e+03     |
|    ep_rew_mean          | -9.71        |
| time/                   |              |
|    fps                  | 1558         |
|    iterations           | 20           |
|    time_elapsed         | 26           |
|    total_timesteps      | 40960        |
| train/                  |              |
|    approx_kl            | 0.0036598402 |
|    clip_fraction        | 0.0143       |
|    clip_range           | 0.2          |
|    entropy_loss         | -2.8         |
|    explained_variance   | 0.0158       |
|    learning_rate        | 0.0003       |
|    loss                 | 0.208        |
|    n_updates            | 95           |
|    policy_gradient_loss | -0.00142     |
|    std                  | 0.98         |
|    value_loss           | 7.77         |
------------------------------------------
------------------------------------------
| rollout/                |              |
|    ep_len_mean          | 1.94e+03     |
|    ep_rew_mean          | -9.71        |
| time/                   |              |
|    fps                  | 1552         |
|    iterations           | 21           |
|    time_elapsed         | 27           |
|    total_timesteps      | 43008        |
| train/                  |              |
|    approx_kl            | 0.0064710695 |
|    clip_fraction        | 0.0282       |
|    clip_range           | 0.2          |
|    entropy_loss         | -2.8         |
|    explained_variance   | 0.0318       |
|    learning_rate        | 0.0003       |
|    loss                 | 27.4         |
|    n_updates            | 100          |
|    policy_gradient_loss | -0.0041      |
|    std                  | 0.979        |
|    value_loss           | 18.5         |
------------------------------------------
-----------------------------------------
| rollout/                |             |
|    ep_len_mean          | 1.94e+03    |
|    ep_rew_mean          | -9.71       |
| time/                   |             |
|    fps                  | 1553        |
|    iterations           | 22          |
|    time_elapsed         | 29          |
|    total_timesteps      | 45056       |
| train/                  |             |
|    approx_kl            | 0.009935995 |
|    clip_fraction        | 0.0887      |
|    clip_range           | 0.2         |
|    entropy_loss         | -2.8        |
|    explained_variance   | 0.531       |
|    learning_rate        | 0.0003      |
|    loss                 | 0.255       |
|    n_updates            | 105         |
|    policy_gradient_loss | -0.00769    |
|    std                  | 0.979       |
|    value_loss           | 0.614       |
-----------------------------------------
------------------------------------------
| rollout/                |              |
|    ep_len_mean          | 1.95e+03     |
|    ep_rew_mean          | -7.25        |
| time/                   |              |
|    fps                  | 1557         |
|    iterations           | 23           |
|    time_elapsed         | 30           |
|    total_timesteps      | 47104        |
| train/                  |              |
|    approx_kl            | 0.0025200155 |
|    clip_fraction        | 0.00234      |
|    clip_range           | 0.2          |
|    entropy_loss         | -2.8         |
|    explained_variance   | 0.0677       |
|    learning_rate        | 0.0003       |
|    loss                 | 1.12         |
|    n_updates            | 110          |
|    policy_gradient_loss | -0.000661    |
|    std                  | 0.98         |
|    value_loss           | 4.15         |
------------------------------------------
-----------------------------------------
| rollout/                |             |
|    ep_len_mean          | 1.96e+03    |
|    ep_rew_mean          | -5.06       |
| time/                   |             |
|    fps                  | 1556        |
|    iterations           | 24          |
|    time_elapsed         | 31          |
|    total_timesteps      | 49152       |
| train/                  |             |
|    approx_kl            | 0.009613192 |
|    clip_fraction        | 0.0515      |
|    clip_range           | 0.2         |
|    entropy_loss         | -2.8        |
|    explained_variance   | -0.0122     |
|    learning_rate        | 0.0003      |
|    loss                 | 0.0058      |
|    n_updates            | 115         |
|    policy_gradient_loss | -0.00505    |
|    std                  | 0.977       |
|    value_loss           | 13.9        |
-----------------------------------------
-----------------------------------------
| rollout/                |             |
|    ep_len_mean          | 1.96e+03    |
|    ep_rew_mean          | -5.06       |
| time/                   |             |
|    fps                  | 1552        |
|    iterations           | 25          |
|    time_elapsed         | 32          |
|    total_timesteps      | 51200       |
| train/                  |             |
|    approx_kl            | 0.007083875 |
|    clip_fraction        | 0.0265      |
|    clip_range           | 0.2         |
|    entropy_loss         | -2.79       |
|    explained_variance   | 0.0422      |
|    learning_rate        | 0.0003      |
|    loss                 | 30.8        |
|    n_updates            | 120         |
|    policy_gradient_loss | -0.00225    |
|    std                  | 0.977       |
|    value_loss           | 19          |
-----------------------------------------
------------------------------------------
| rollout/                |              |
|    ep_len_mean          | 1.96e+03     |
|    ep_rew_mean          | -5.06        |
| time/                   |              |
|    fps                  | 1555         |
|    iterations           | 26           |
|    time_elapsed         | 34           |
|    total_timesteps      | 53248        |
| train/                  |              |
|    approx_kl            | 0.0018946317 |
|    clip_fraction        | 0.00127      |
|    clip_range           | 0.2          |
|    entropy_loss         | -2.79        |
|    explained_variance   | 0.206        |
|    learning_rate        | 0.0003       |
|    loss                 | 0.0141       |
|    n_updates            | 125          |
|    policy_gradient_loss | -0.0024      |
|    std                  | 0.976        |
|    value_loss           | 3.93         |
------------------------------------------
------------------------------------------
| rollout/                |              |
|    ep_len_mean          | 1.96e+03     |
|    ep_rew_mean          | -2.45        |
| time/                   |              |
|    fps                  | 1558         |
|    iterations           | 27           |
|    time_elapsed         | 35           |
|    total_timesteps      | 55296        |
| train/                  |              |
|    approx_kl            | 0.0012315889 |
|    clip_fraction        | 0.000684     |
|    clip_range           | 0.2          |
|    entropy_loss         | -2.79        |
|    explained_variance   | 0.466        |
|    learning_rate        | 0.0003       |
|    loss                 | 0.847        |
|    n_updates            | 130          |
|    policy_gradient_loss | -0.000764    |
|    std                  | 0.976        |
|    value_loss           | 1.04         |
------------------------------------------
------------------------------------------
| rollout/                |              |
|    ep_len_mean          | 1.97e+03     |
|    ep_rew_mean          | -0.793       |
| time/                   |              |
|    fps                  | 1555         |
|    iterations           | 28           |
|    time_elapsed         | 36           |
|    total_timesteps      | 57344        |
| train/                  |              |
|    approx_kl            | 0.0065319138 |
|    clip_fraction        | 0.0427       |
|    clip_range           | 0.2          |
|    entropy_loss         | -2.79        |
|    explained_variance   | 0.166        |
|    learning_rate        | 0.0003       |
|    loss                 | 0.00327      |
|    n_updates            | 135          |
|    policy_gradient_loss | -0.00346     |
|    std                  | 0.976        |
|    value_loss           | 16.7         |
------------------------------------------
-----------------------------------------
| rollout/                |             |
|    ep_len_mean          | 1.97e+03    |
|    ep_rew_mean          | -0.793      |
| time/                   |             |
|    fps                  | 1553        |
|    iterations           | 29          |
|    time_elapsed         | 38          |
|    total_timesteps      | 59392       |
| train/                  |             |
|    approx_kl            | 0.008668762 |
|    clip_fraction        | 0.0522      |
|    clip_range           | 0.2         |
|    entropy_loss         | -2.79       |
|    explained_variance   | 0.338       |
|    learning_rate        | 0.0003      |
|    loss                 | 0.224       |
|    n_updates            | 140         |
|    policy_gradient_loss | -0.00257    |
|    std                  | 0.975       |
|    value_loss           | 15.4        |
-----------------------------------------
------------------------------------------
| rollout/                |              |
|    ep_len_mean          | 1.97e+03     |
|    ep_rew_mean          | -0.793       |
| time/                   |              |
|    fps                  | 1552         |
|    iterations           | 30           |
|    time_elapsed         | 39           |
|    total_timesteps      | 61440        |
| train/                  |              |
|    approx_kl            | 0.0028674202 |
|    clip_fraction        | 0.0236       |
|    clip_range           | 0.2          |
|    entropy_loss         | -2.79        |
|    explained_variance   | 0.828        |
|    learning_rate        | 0.0003       |
|    loss                 | 1.26         |
|    n_updates            | 145          |
|    policy_gradient_loss | -0.00155     |
|    std                  | 0.974        |
|    value_loss           | 2.27         |
------------------------------------------
------------------------------------------
| rollout/                |              |
|    ep_len_mean          | 1.99e+03     |
|    ep_rew_mean          | 0.349        |
| time/                   |              |
|    fps                  | 1552         |
|    iterations           | 31           |
|    time_elapsed         | 40           |
|    total_timesteps      | 63488        |
| train/                  |              |
|    approx_kl            | 0.0030561544 |
|    clip_fraction        | 0.0085       |
|    clip_range           | 0.2          |
|    entropy_loss         | -2.78        |
|    explained_variance   | 0.736        |
|    learning_rate        | 0.0003       |
|    loss                 | 3.81         |
|    n_updates            | 150          |
|    policy_gradient_loss | -0.00178     |
|    std                  | 0.974        |
|    value_loss           | 1.83         |
------------------------------------------
------------------------------------------
| rollout/                |              |
|    ep_len_mean          | 2e+03        |
|    ep_rew_mean          | 1.04         |
| time/                   |              |
|    fps                  | 1549         |
|    iterations           | 32           |
|    time_elapsed         | 42           |
|    total_timesteps      | 65536        |
| train/                  |              |
|    approx_kl            | 0.0006406468 |
|    clip_fraction        | 0            |
|    clip_range           | 0.2          |
|    entropy_loss         | -2.79        |
|    explained_variance   | 0.0655       |
|    learning_rate        | 0.0003       |
|    loss                 | 23.8         |
|    n_updates            | 155          |
|    policy_gradient_loss | -0.000968    |
|    std                  | 0.974        |
|    value_loss           | 15.3         |
------------------------------------------
------------------------------------------
| rollout/                |              |
|    ep_len_mean          | 2.01e+03     |
|    ep_rew_mean          | 1.52         |
| time/                   |              |
|    fps                  | 1547         |
|    iterations           | 33           |
|    time_elapsed         | 43           |
|    total_timesteps      | 67584        |
| train/                  |              |
|    approx_kl            | 0.0057875495 |
|    clip_fraction        | 0.0889       |
|    clip_range           | 0.2          |
|    entropy_loss         | -2.78        |
|    explained_variance   | 0.0236       |
|    learning_rate        | 0.0003       |
|    loss                 | 0.549        |
|    n_updates            | 160          |
|    policy_gradient_loss | -0.00567     |
|    std                  | 0.973        |
|    value_loss           | 8.22         |
------------------------------------------
------------------------------------------
| rollout/                |              |
|    ep_len_mean          | 2.01e+03     |
|    ep_rew_mean          | 1.52         |
| time/                   |              |
|    fps                  | 1545         |
|    iterations           | 34           |
|    time_elapsed         | 45           |
|    total_timesteps      | 69632        |
| train/                  |              |
|    approx_kl            | 0.0016046573 |
|    clip_fraction        | 0.00244      |
|    clip_range           | 0.2          |
|    entropy_loss         | -2.78        |
|    explained_variance   | 0.59         |
|    learning_rate        | 0.0003       |
|    loss                 | 5.85         |
|    n_updates            | 165          |
|    policy_gradient_loss | -0.00162     |
|    std                  | 0.973        |
|    value_loss           | 9.49         |
------------------------------------------
------------------------------------------
| rollout/                |              |
|    ep_len_mean          | 2.01e+03     |
|    ep_rew_mean          | 2.39         |
| time/                   |              |
|    fps                  | 1546         |
|    iterations           | 35           |
|    time_elapsed         | 46           |
|    total_timesteps      | 71680        |
| train/                  |              |
|    approx_kl            | 0.0014197105 |
|    clip_fraction        | 0.000195     |
|    clip_range           | 0.2          |
|    entropy_loss         | -2.78        |
|    explained_variance   | 0.389        |
|    learning_rate        | 0.0003       |
|    loss                 | 0.225        |
|    n_updates            | 170          |
|    policy_gradient_loss | -0.00123     |
|    std                  | 0.973        |
|    value_loss           | 2.33         |
------------------------------------------
-----------------------------------------
| rollout/                |             |
|    ep_len_mean          | 2.02e+03    |
|    ep_rew_mean          | 3.46        |
| time/                   |             |
|    fps                  | 1543        |
|    iterations           | 36          |
|    time_elapsed         | 47          |
|    total_timesteps      | 73728       |
| train/                  |             |
|    approx_kl            | 0.002144935 |
|    clip_fraction        | 0.00498     |
|    clip_range           | 0.2         |
|    entropy_loss         | -2.78       |
|    explained_variance   | 0.516       |
|    learning_rate        | 0.0003      |
|    loss                 | 5.65        |
|    n_updates            | 175         |
|    policy_gradient_loss | -0.00127    |
|    std                  | 0.973       |
|    value_loss           | 9.78        |
-----------------------------------------
------------------------------------------
| rollout/                |              |
|    ep_len_mean          | 2.03e+03     |
|    ep_rew_mean          | 3.78         |
| time/                   |              |
|    fps                  | 1541         |
|    iterations           | 37           |
|    time_elapsed         | 49           |
|    total_timesteps      | 75776        |
| train/                  |              |
|    approx_kl            | 0.0005801559 |
|    clip_fraction        | 0.000781     |
|    clip_range           | 0.2          |
|    entropy_loss         | -2.78        |
|    explained_variance   | 0.0931       |
|    learning_rate        | 0.0003       |
|    loss                 | 0.12         |
|    n_updates            | 180          |
|    policy_gradient_loss | -0.00032     |
|    std                  | 0.973        |
|    value_loss           | 19.2         |
------------------------------------------
------------------------------------------
| rollout/                |              |
|    ep_len_mean          | 2.03e+03     |
|    ep_rew_mean          | 3.78         |
| time/                   |              |
|    fps                  | 1538         |
|    iterations           | 38           |
|    time_elapsed         | 50           |
|    total_timesteps      | 77824        |
| train/                  |              |
|    approx_kl            | 0.0018672157 |
|    clip_fraction        | 0.0348       |
|    clip_range           | 0.2          |
|    entropy_loss         | -2.78        |
|    explained_variance   | 0.15         |
|    learning_rate        | 0.0003       |
|    loss                 | 2.67         |
|    n_updates            | 185          |
|    policy_gradient_loss | -0.00273     |
|    std                  | 0.973        |
|    value_loss           | 9.73         |
------------------------------------------
-----------------------------------------
| rollout/                |             |
|    ep_len_mean          | 2.01e+03    |
|    ep_rew_mean          | 4.54        |
| time/                   |             |
|    fps                  | 1538        |
|    iterations           | 39          |
|    time_elapsed         | 51          |
|    total_timesteps      | 79872       |
| train/                  |             |
|    approx_kl            | 0.004257758 |
|    clip_fraction        | 0.0123      |
|    clip_range           | 0.2         |
|    entropy_loss         | -2.78       |
|    explained_variance   | 0.41        |
|    learning_rate        | 0.0003      |
|    loss                 | 0.434       |
|    n_updates            | 190         |
|    policy_gradient_loss | -0.00333    |
|    std                  | 0.972       |
|    value_loss           | 4.75        |
-----------------------------------------
------------------------------------------
| rollout/                |              |
|    ep_len_mean          | 2.01e+03     |
|    ep_rew_mean          | 4.54         |
| time/                   |              |
|    fps                  | 1535         |
|    iterations           | 40           |
|    time_elapsed         | 53           |
|    total_timesteps      | 81920        |
| train/                  |              |
|    approx_kl            | 0.0005337434 |
|    clip_fraction        | 0            |
|    clip_range           | 0.2          |
|    entropy_loss         | -2.78        |
|    explained_variance   | 0.316        |
|    learning_rate        | 0.0003       |
|    loss                 | 5.68         |
|    n_updates            | 195          |
|    policy_gradient_loss | -0.000487    |
|    std                  | 0.971        |
|    value_loss           | 13           |
------------------------------------------
------------------------------------------
| rollout/                |              |
|    ep_len_mean          | 2.01e+03     |
|    ep_rew_mean          | 5.33         |
| time/                   |              |
|    fps                  | 1538         |
|    iterations           | 41           |
|    time_elapsed         | 54           |
|    total_timesteps      | 83968        |
| train/                  |              |
|    approx_kl            | 0.0022118287 |
|    clip_fraction        | 0.0152       |
|    clip_range           | 0.2          |
|    entropy_loss         | -2.78        |
|    explained_variance   | 0.38         |
|    learning_rate        | 0.0003       |
|    loss                 | 0.00524      |
|    n_updates            | 200          |
|    policy_gradient_loss | -0.00126     |
|    std                  | 0.971        |
|    value_loss           | 6.18         |
------------------------------------------
----------------------------------------
| rollout/                |            |
|    ep_len_mean          | 2.01e+03   |
|    ep_rew_mean          | 5.33       |
| time/                   |            |
|    fps                  | 1537       |
|    iterations           | 42         |
|    time_elapsed         | 55         |
|    total_timesteps      | 86016      |
| train/                  |            |
|    approx_kl            | 0.00706132 |
|    clip_fraction        | 0.0611     |
|    clip_range           | 0.2        |
|    entropy_loss         | -2.78      |
|    explained_variance   | 0.415      |
|    learning_rate        | 0.0003     |
|    loss                 | 2          |
|    n_updates            | 205        |
|    policy_gradient_loss | -0.00421   |
|    std                  | 0.971      |
|    value_loss           | 12.6       |
----------------------------------------
-----------------------------------------
| rollout/                |             |
|    ep_len_mean          | 2.01e+03    |
|    ep_rew_mean          | 6.27        |
| time/                   |             |
|    fps                  | 1538        |
|    iterations           | 43          |
|    time_elapsed         | 57          |
|    total_timesteps      | 88064       |
| train/                  |             |
|    approx_kl            | 0.010580833 |
|    clip_fraction        | 0.0554      |
|    clip_range           | 0.2         |
|    entropy_loss         | -2.78       |
|    explained_variance   | 0.345       |
|    learning_rate        | 0.0003      |
|    loss                 | 0.939       |
|    n_updates            | 210         |
|    policy_gradient_loss | -0.0066     |
|    std                  | 0.972       |
|    value_loss           | 1.16        |
-----------------------------------------
------------------------------------------
| rollout/                |              |
|    ep_len_mean          | 2.01e+03     |
|    ep_rew_mean          | 6.27         |
| time/                   |              |
|    fps                  | 1536         |
|    iterations           | 44           |
|    time_elapsed         | 58           |
|    total_timesteps      | 90112        |
| train/                  |              |
|    approx_kl            | 0.0037230607 |
|    clip_fraction        | 0.0429       |
|    clip_range           | 0.2          |
|    entropy_loss         | -2.78        |
|    explained_variance   | 0.366        |
|    learning_rate        | 0.0003       |
|    loss                 | 2.9          |
|    n_updates            | 215          |
|    policy_gradient_loss | -0.00338     |
|    std                  | 0.972        |
|    value_loss           | 15           |
------------------------------------------
-----------------------------------------
| rollout/                |             |
|    ep_len_mean          | 2.02e+03    |
|    ep_rew_mean          | 6.89        |
| time/                   |             |
|    fps                  | 1539        |
|    iterations           | 45          |
|    time_elapsed         | 59          |
|    total_timesteps      | 92160       |
| train/                  |             |
|    approx_kl            | 0.004280875 |
|    clip_fraction        | 0.0417      |
|    clip_range           | 0.2         |
|    entropy_loss         | -2.78       |
|    explained_variance   | 0.698       |
|    learning_rate        | 0.0003      |
|    loss                 | 6.34        |
|    n_updates            | 220         |
|    policy_gradient_loss | -0.00335    |
|    std                  | 0.972       |
|    value_loss           | 4.45        |
-----------------------------------------
------------------------------------------
| rollout/                |              |
|    ep_len_mean          | 2.01e+03     |
|    ep_rew_mean          | 7.37         |
| time/                   |              |
|    fps                  | 1540         |
|    iterations           | 46           |
|    time_elapsed         | 61           |
|    total_timesteps      | 94208        |
| train/                  |              |
|    approx_kl            | 0.0069157006 |
|    clip_fraction        | 0.0362       |
|    clip_range           | 0.2          |
|    entropy_loss         | -2.78        |
|    explained_variance   | 0.287        |
|    learning_rate        | 0.0003       |
|    loss                 | 0.33         |
|    n_updates            | 225          |
|    policy_gradient_loss | -0.00113     |
|    std                  | 0.971        |
|    value_loss           | 11.7         |
------------------------------------------
------------------------------------------
| rollout/                |              |
|    ep_len_mean          | 2.02e+03     |
|    ep_rew_mean          | 7.75         |
| time/                   |              |
|    fps                  | 1542         |
|    iterations           | 47           |
|    time_elapsed         | 62           |
|    total_timesteps      | 96256        |
| train/                  |              |
|    approx_kl            | 0.0034582536 |
|    clip_fraction        | 0.0367       |
|    clip_range           | 0.2          |
|    entropy_loss         | -2.78        |
|    explained_variance   | 0.547        |
|    learning_rate        | 0.0003       |
|    loss                 | 19.7         |
|    n_updates            | 230          |
|    policy_gradient_loss | -0.0038      |
|    std                  | 0.97         |
|    value_loss           | 8.8          |
------------------------------------------
-----------------------------------------
| rollout/                |             |
|    ep_len_mean          | 2.02e+03    |
|    ep_rew_mean          | 7.75        |
| time/                   |             |
|    fps                  | 1542        |
|    iterations           | 48          |
|    time_elapsed         | 63          |
|    total_timesteps      | 98304       |
| train/                  |             |
|    approx_kl            | 0.004595235 |
|    clip_fraction        | 0.0194      |
|    clip_range           | 0.2         |
|    entropy_loss         | -2.78       |
|    explained_variance   | 0.173       |
|    learning_rate        | 0.0003      |
|    loss                 | 1.88        |
|    n_updates            | 235         |
|    policy_gradient_loss | -0.00229    |
|    std                  | 0.97        |
|    value_loss           | 12.7        |
-----------------------------------------
------------------------------------------
| rollout/                |              |
|    ep_len_mean          | 2.02e+03     |
|    ep_rew_mean          | 7.99         |
| time/                   |              |
|    fps                  | 1544         |
|    iterations           | 49           |
|    time_elapsed         | 64           |
|    total_timesteps      | 100352       |
| train/                  |              |
|    approx_kl            | 0.0032167085 |
|    clip_fraction        | 0.0227       |
|    clip_range           | 0.2          |
|    entropy_loss         | -2.78        |
|    explained_variance   | 0.868        |
|    learning_rate        | 0.0003       |
|    loss                 | 0.927        |
|    n_updates            | 240          |
|    policy_gradient_loss | -0.00663     |
|    std                  | 0.969        |
|    value_loss           | 2.96         |
------------------------------------------
-----------------------------------------
| rollout/                |             |
|    ep_len_mean          | 2.03e+03    |
|    ep_rew_mean          | 8.21        |
| time/                   |             |
|    fps                  | 1546        |
|    iterations           | 50          |
|    time_elapsed         | 66          |
|    total_timesteps      | 102400      |
| train/                  |             |
|    approx_kl            | 0.002625328 |
|    clip_fraction        | 0.00518     |
|    clip_range           | 0.2         |
|    entropy_loss         | -2.77       |
|    explained_variance   | 0.582       |
|    learning_rate        | 0.0003      |
|    loss                 | 0.07        |
|    n_updates            | 245         |
|    policy_gradient_loss | -0.000933   |
|    std                  | 0.969       |
|    value_loss           | 11.2        |
-----------------------------------------
-----------------------------------------
| rollout/                |             |
|    ep_len_mean          | 2.02e+03    |
|    ep_rew_mean          | 11.1        |
| time/                   |             |
|    fps                  | 1546        |
|    iterations           | 51          |
|    time_elapsed         | 67          |
|    total_timesteps      | 104448      |
| train/                  |             |
|    approx_kl            | 0.011134202 |
|    clip_fraction        | 0.0862      |
|    clip_range           | 0.2         |
|    entropy_loss         | -2.77       |
|    explained_variance   | 0.577       |
|    learning_rate        | 0.0003      |
|    loss                 | 0.492       |
|    n_updates            | 250         |
|    policy_gradient_loss | -0.00384    |
|    std                  | 0.968       |
|    value_loss           | 6.44        |
-----------------------------------------
-----------------------------------------
| rollout/                |             |
|    ep_len_mean          | 2.02e+03    |
|    ep_rew_mean          | 11.1        |
| time/                   |             |
|    fps                  | 1544        |
|    iterations           | 52          |
|    time_elapsed         | 68          |
|    total_timesteps      | 106496      |
| train/                  |             |
|    approx_kl            | 0.000857219 |
|    clip_fraction        | 0.0256      |
|    clip_range           | 0.2         |
|    entropy_loss         | -2.77       |
|    explained_variance   | -0.12       |
|    learning_rate        | 0.0003      |
|    loss                 | 25.9        |
|    n_updates            | 255         |
|    policy_gradient_loss | 0.00073     |
|    std                  | 0.968       |
|    value_loss           | 64.3        |
-----------------------------------------
-----------------------------------------
| rollout/                |             |
|    ep_len_mean          | 2.01e+03    |
|    ep_rew_mean          | 11.2        |
| time/                   |             |
|    fps                  | 1546        |
|    iterations           | 53          |
|    time_elapsed         | 70          |
|    total_timesteps      | 108544      |
| train/                  |             |
|    approx_kl            | 0.008414879 |
|    clip_fraction        | 0.068       |
|    clip_range           | 0.2         |
|    entropy_loss         | -2.77       |
|    explained_variance   | 0.517       |
|    learning_rate        | 0.0003      |
|    loss                 | 2.86        |
|    n_updates            | 260         |
|    policy_gradient_loss | -0.00503    |
|    std                  | 0.967       |
|    value_loss           | 4.8         |
-----------------------------------------
------------------------------------------
| rollout/                |              |
|    ep_len_mean          | 2.01e+03     |
|    ep_rew_mean          | 11.2         |
| time/                   |              |
|    fps                  | 1547         |
|    iterations           | 54           |
|    time_elapsed         | 71           |
|    total_timesteps      | 110592       |
| train/                  |              |
|    approx_kl            | 0.0045363028 |
|    clip_fraction        | 0.0109       |
|    clip_range           | 0.2          |
|    entropy_loss         | -2.77        |
|    explained_variance   | 0.646        |
|    learning_rate        | 0.0003       |
|    loss                 | 0.314        |
|    n_updates            | 265          |
|    policy_gradient_loss | -0.00153     |
|    std                  | 0.966        |
|    value_loss           | 8.84         |
------------------------------------------
------------------------------------------
| rollout/                |              |
|    ep_len_mean          | 2.01e+03     |
|    ep_rew_mean          | 11.4         |
| time/                   |              |
|    fps                  | 1549         |
|    iterations           | 55           |
|    time_elapsed         | 72           |
|    total_timesteps      | 112640       |
| train/                  |              |
|    approx_kl            | 0.0059090266 |
|    clip_fraction        | 0.0481       |
|    clip_range           | 0.2          |
|    entropy_loss         | -2.77        |
|    explained_variance   | 0.391        |
|    learning_rate        | 0.0003       |
|    loss                 | 1.22         |
|    n_updates            | 270          |
|    policy_gradient_loss | -0.0048      |
|    std                  | 0.966        |
|    value_loss           | 2.25         |
------------------------------------------
------------------------------------------
| rollout/                |              |
|    ep_len_mean          | 2.02e+03     |
|    ep_rew_mean          | 11.6         |
| time/                   |              |
|    fps                  | 1549         |
|    iterations           | 56           |
|    time_elapsed         | 74           |
|    total_timesteps      | 114688       |
| train/                  |              |
|    approx_kl            | 0.0018523938 |
|    clip_fraction        | 0.0542       |
|    clip_range           | 0.2          |
|    entropy_loss         | -2.77        |
|    explained_variance   | 0.469        |
|    learning_rate        | 0.0003       |
|    loss                 | 29           |
|    n_updates            | 275          |
|    policy_gradient_loss | 4.92e-05     |
|    std                  | 0.966        |
|    value_loss           | 17.5         |
------------------------------------------
-----------------------------------------
| rollout/                |             |
|    ep_len_mean          | 2.02e+03    |
|    ep_rew_mean          | 11.8        |
| time/                   |             |
|    fps                  | 1548        |
|    iterations           | 57          |
|    time_elapsed         | 75          |
|    total_timesteps      | 116736      |
| train/                  |             |
|    approx_kl            | 0.009817045 |
|    clip_fraction        | 0.082       |
|    clip_range           | 0.2         |
|    entropy_loss         | -2.77       |
|    explained_variance   | 0.114       |
|    learning_rate        | 0.0003      |
|    loss                 | 0.132       |
|    n_updates            | 280         |
|    policy_gradient_loss | -0.00601    |
|    std                  | 0.964       |
|    value_loss           | 10.7        |
-----------------------------------------
------------------------------------------
| rollout/                |              |
|    ep_len_mean          | 2.02e+03     |
|    ep_rew_mean          | 11.8         |
| time/                   |              |
|    fps                  | 1549         |
|    iterations           | 58           |
|    time_elapsed         | 76           |
|    total_timesteps      | 118784       |
| train/                  |              |
|    approx_kl            | 0.0014740059 |
|    clip_fraction        | 0.00215      |
|    clip_range           | 0.2          |
|    entropy_loss         | -2.76        |
|    explained_variance   | 0.583        |
|    learning_rate        | 0.0003       |
|    loss                 | 0.368        |
|    n_updates            | 285          |
|    policy_gradient_loss | -0.000981    |
|    std                  | 0.964        |
|    value_loss           | 14.1         |
------------------------------------------
-----------------------------------------
| rollout/                |             |
|    ep_len_mean          | 2.02e+03    |
|    ep_rew_mean          | 12.5        |
| time/                   |             |
|    fps                  | 1551        |
|    iterations           | 59          |
|    time_elapsed         | 77          |
|    total_timesteps      | 120832      |
| train/                  |             |
|    approx_kl            | 0.006074438 |
|    clip_fraction        | 0.0481      |
|    clip_range           | 0.2         |
|    entropy_loss         | -2.76       |
|    explained_variance   | 0.189       |
|    learning_rate        | 0.0003      |
|    loss                 | 7.02        |
|    n_updates            | 290         |
|    policy_gradient_loss | -0.00332    |
|    std                  | 0.965       |
|    value_loss           | 5.67        |
-----------------------------------------
-------------------------------------------
| rollout/                |               |
|    ep_len_mean          | 2.02e+03      |
|    ep_rew_mean          | 12.5          |
| time/                   |               |
|    fps                  | 1548          |
|    iterations           | 60            |
|    time_elapsed         | 79            |
|    total_timesteps      | 122880        |
| train/                  |               |
|    approx_kl            | 0.00035199136 |
|    clip_fraction        | 9.77e-05      |
|    clip_range           | 0.2           |
|    entropy_loss         | -2.77         |
|    explained_variance   | 0.458         |
|    learning_rate        | 0.0003        |
|    loss                 | 0.519         |
|    n_updates            | 295           |
|    policy_gradient_loss | 0.000557      |
|    std                  | 0.965         |
|    value_loss           | 23.2          |
-------------------------------------------
------------------------------------------
| rollout/                |              |
|    ep_len_mean          | 2.02e+03     |
|    ep_rew_mean          | 12.7         |
| time/                   |              |
|    fps                  | 1550         |
|    iterations           | 61           |
|    time_elapsed         | 80           |
|    total_timesteps      | 124928       |
| train/                  |              |
|    approx_kl            | 0.0076344702 |
|    clip_fraction        | 0.0529       |
|    clip_range           | 0.2          |
|    entropy_loss         | -2.77        |
|    explained_variance   | 0.201        |
|    learning_rate        | 0.0003       |
|    loss                 | 2.37         |
|    n_updates            | 300          |
|    policy_gradient_loss | -0.00385     |
|    std                  | 0.963        |
|    value_loss           | 4.78         |
------------------------------------------
------------------------------------------
| rollout/                |              |
|    ep_len_mean          | 2.01e+03     |
|    ep_rew_mean          | 12.9         |
| time/                   |              |
|    fps                  | 1550         |
|    iterations           | 62           |
|    time_elapsed         | 81           |
|    total_timesteps      | 126976       |
| train/                  |              |
|    approx_kl            | 0.0025828201 |
|    clip_fraction        | 0.0341       |
|    clip_range           | 0.2          |
|    entropy_loss         | -2.76        |
|    explained_variance   | 0.725        |
|    learning_rate        | 0.0003       |
|    loss                 | 1.93         |
|    n_updates            | 305          |
|    policy_gradient_loss | -0.00394     |
|    std                  | 0.962        |
|    value_loss           | 7.21         |
------------------------------------------
-----------------------------------------
| rollout/                |             |
|    ep_len_mean          | 2.01e+03    |
|    ep_rew_mean          | 14.6        |
| time/                   |             |
|    fps                  | 1548        |
|    iterations           | 63          |
|    time_elapsed         | 83          |
|    total_timesteps      | 129024      |
| train/                  |             |
|    approx_kl            | 0.004943414 |
|    clip_fraction        | 0.0338      |
|    clip_range           | 0.2         |
|    entropy_loss         | -2.76       |
|    explained_variance   | 0.757       |
|    learning_rate        | 0.0003      |
|    loss                 | 0.152       |
|    n_updates            | 310         |
|    policy_gradient_loss | -0.00286    |
|    std                  | 0.962       |
|    value_loss           | 6.36        |
-----------------------------------------
------------------------------------------
| rollout/                |              |
|    ep_len_mean          | 2.01e+03     |
|    ep_rew_mean          | 14.6         |
| time/                   |              |
|    fps                  | 1546         |
|    iterations           | 64           |
|    time_elapsed         | 84           |
|    total_timesteps      | 131072       |
| train/                  |              |
|    approx_kl            | 0.0067394455 |
|    clip_fraction        | 0.0506       |
|    clip_range           | 0.2          |
|    entropy_loss         | -2.76        |
|    explained_variance   | 0.458        |
|    learning_rate        | 0.0003       |
|    loss                 | 3.74         |
|    n_updates            | 315          |
|    policy_gradient_loss | -0.000847    |
|    std                  | 0.962        |
|    value_loss           | 29           |
------------------------------------------
------------------------------------------
| rollout/                |              |
|    ep_len_mean          | 2.01e+03     |
|    ep_rew_mean          | 14.7         |
| time/                   |              |
|    fps                  | 1545         |
|    iterations           | 65           |
|    time_elapsed         | 86           |
|    total_timesteps      | 133120       |
| train/                  |              |
|    approx_kl            | 0.0029169628 |
|    clip_fraction        | 0.0239       |
|    clip_range           | 0.2          |
|    entropy_loss         | -2.76        |
|    explained_variance   | 0.659        |
|    learning_rate        | 0.0003       |
|    loss                 | 2.27         |
|    n_updates            | 320          |
|    policy_gradient_loss | -0.00207     |
|    std                  | 0.962        |
|    value_loss           | 17.1         |
------------------------------------------
------------------------------------------
| rollout/                |              |
|    ep_len_mean          | 2.01e+03     |
|    ep_rew_mean          | 14.7         |
| time/                   |              |
|    fps                  | 1543         |
|    iterations           | 66           |
|    time_elapsed         | 87           |
|    total_timesteps      | 135168       |
| train/                  |              |
|    approx_kl            | 0.0022260337 |
|    clip_fraction        | 0.00293      |
|    clip_range           | 0.2          |
|    entropy_loss         | -2.76        |
|    explained_variance   | 0.631        |
|    learning_rate        | 0.0003       |
|    loss                 | 0.324        |
|    n_updates            | 325          |
|    policy_gradient_loss | 0.000311     |
|    std                  | 0.962        |
|    value_loss           | 13           |
------------------------------------------
-----------------------------------------
| rollout/                |             |
|    ep_len_mean          | 2.01e+03    |
|    ep_rew_mean          | 16.5        |
| time/                   |             |
|    fps                  | 1542        |
|    iterations           | 67          |
|    time_elapsed         | 88          |
|    total_timesteps      | 137216      |
| train/                  |             |
|    approx_kl            | 0.004476565 |
|    clip_fraction        | 0.0474      |
|    clip_range           | 0.2         |
|    entropy_loss         | -2.76       |
|    explained_variance   | 0.898       |
|    learning_rate        | 0.0003      |
|    loss                 | 2.06        |
|    n_updates            | 330         |
|    policy_gradient_loss | -0.00345    |
|    std                  | 0.961       |
|    value_loss           | 1.16        |
-----------------------------------------
------------------------------------------
| rollout/                |              |
|    ep_len_mean          | 2.01e+03     |
|    ep_rew_mean          | 16.4         |
| time/                   |              |
|    fps                  | 1538         |
|    iterations           | 68           |
|    time_elapsed         | 90           |
|    total_timesteps      | 139264       |
| train/                  |              |
|    approx_kl            | 0.0064103454 |
|    clip_fraction        | 0.072        |
|    clip_range           | 0.2          |
|    entropy_loss         | -2.76        |
|    explained_variance   | -0.16        |
|    learning_rate        | 0.0003       |
|    loss                 | 182          |
|    n_updates            | 335          |
|    policy_gradient_loss | -0.00349     |
|    std                  | 0.961        |
|    value_loss           | 67.3         |
------------------------------------------
-----------------------------------------
| rollout/                |             |
|    ep_len_mean          | 2.01e+03    |
|    ep_rew_mean          | 16.4        |
| time/                   |             |
|    fps                  | 1538        |
|    iterations           | 69          |
|    time_elapsed         | 91          |
|    total_timesteps      | 141312      |
| train/                  |             |
|    approx_kl            | 0.002957191 |
|    clip_fraction        | 0.0222      |
|    clip_range           | 0.2         |
|    entropy_loss         | -2.76       |
|    explained_variance   | 0.573       |
|    learning_rate        | 0.0003      |
|    loss                 | 4.2         |
|    n_updates            | 340         |
|    policy_gradient_loss | -0.000848   |
|    std                  | 0.961       |
|    value_loss           | 14.9        |
-----------------------------------------
------------------------------------------
| rollout/                |              |
|    ep_len_mean          | 1.99e+03     |
|    ep_rew_mean          | 18           |
| time/                   |              |
|    fps                  | 1537         |
|    iterations           | 70           |
|    time_elapsed         | 93           |
|    total_timesteps      | 143360       |
| train/                  |              |
|    approx_kl            | 0.0018480681 |
|    clip_fraction        | 0.00527      |
|    clip_range           | 0.2          |
|    entropy_loss         | -2.76        |
|    explained_variance   | 0.564        |
|    learning_rate        | 0.0003       |
|    loss                 | 2.16         |
|    n_updates            | 345          |
|    policy_gradient_loss | -0.000876    |
|    std                  | 0.96         |
|    value_loss           | 4.33         |
------------------------------------------
------------------------------------------
| rollout/                |              |
|    ep_len_mean          | 2e+03        |
|    ep_rew_mean          | 18           |
| time/                   |              |
|    fps                  | 1537         |
|    iterations           | 71           |
|    time_elapsed         | 94           |
|    total_timesteps      | 145408       |
| train/                  |              |
|    approx_kl            | 0.0019111494 |
|    clip_fraction        | 0.00908      |
|    clip_range           | 0.2          |
|    entropy_loss         | -2.76        |
|    explained_variance   | 0.186        |
|    learning_rate        | 0.0003       |
|    loss                 | 4.48         |
|    n_updates            | 350          |
|    policy_gradient_loss | -0.00016     |
|    std                  | 0.961        |
|    value_loss           | 56           |
------------------------------------------
------------------------------------------
| rollout/                |              |
|    ep_len_mean          | 2e+03        |
|    ep_rew_mean          | 17.9         |
| time/                   |              |
|    fps                  | 1535         |
|    iterations           | 72           |
|    time_elapsed         | 96           |
|    total_timesteps      | 147456       |
| train/                  |              |
|    approx_kl            | 0.0034974816 |
|    clip_fraction        | 0.0308       |
|    clip_range           | 0.2          |
|    entropy_loss         | -2.76        |
|    explained_variance   | 0.611        |
|    learning_rate        | 0.0003       |
|    loss                 | 22.4         |
|    n_updates            | 355          |
|    policy_gradient_loss | -0.00369     |
|    std                  | 0.962        |
|    value_loss           | 20           |
------------------------------------------
------------------------------------------
| rollout/                |              |
|    ep_len_mean          | 2e+03        |
|    ep_rew_mean          | 17.9         |
| time/                   |              |
|    fps                  | 1534         |
|    iterations           | 73           |
|    time_elapsed         | 97           |
|    total_timesteps      | 149504       |
| train/                  |              |
|    approx_kl            | 0.0026784944 |
|    clip_fraction        | 0.0531       |
|    clip_range           | 0.2          |
|    entropy_loss         | -2.76        |
|    explained_variance   | 0.565        |
|    learning_rate        | 0.0003       |
|    loss                 | 3.63         |
|    n_updates            | 360          |
|    policy_gradient_loss | 0.000726     |
|    std                  | 0.962        |
|    value_loss           | 12.6         |
------------------------------------------
------------------------------------------
| rollout/                |              |
|    ep_len_mean          | 2e+03        |
|    ep_rew_mean          | 18           |
| time/                   |              |
|    fps                  | 1534         |
|    iterations           | 74           |
|    time_elapsed         | 98           |
|    total_timesteps      | 151552       |
| train/                  |              |
|    approx_kl            | 0.0017699426 |
|    clip_fraction        | 0.0302       |
|    clip_range           | 0.2          |
|    entropy_loss         | -2.76        |
|    explained_variance   | 0.869        |
|    learning_rate        | 0.0003       |
|    loss                 | 2.26         |
|    n_updates            | 365          |
|    policy_gradient_loss | -0.0026      |
|    std                  | 0.962        |
|    value_loss           | 5.57         |
------------------------------------------
-----------------------------------------
| rollout/                |             |
|    ep_len_mean          | 2.01e+03    |
|    ep_rew_mean          | 17.9        |
| time/                   |             |
|    fps                  | 1535        |
|    iterations           | 75          |
|    time_elapsed         | 100         |
|    total_timesteps      | 153600      |
| train/                  |             |
|    approx_kl            | 0.018453524 |
|    clip_fraction        | 0.053       |
|    clip_range           | 0.2         |
|    entropy_loss         | -2.76       |
|    explained_variance   | 0.692       |
|    learning_rate        | 0.0003      |
|    loss                 | 0.204       |
|    n_updates            | 370         |
|    policy_gradient_loss | -0.00182    |
|    std                  | 0.961       |
|    value_loss           | 6.6         |
-----------------------------------------
------------------------------------------
| rollout/                |              |
|    ep_len_mean          | 2.01e+03     |
|    ep_rew_mean          | 17.8         |
| time/                   |              |
|    fps                  | 1533         |
|    iterations           | 76           |
|    time_elapsed         | 101          |
|    total_timesteps      | 155648       |
| train/                  |              |
|    approx_kl            | 0.0073754266 |
|    clip_fraction        | 0.0659       |
|    clip_range           | 0.2          |
|    entropy_loss         | -2.76        |
|    explained_variance   | 0.522        |
|    learning_rate        | 0.0003       |
|    loss                 | 0.816        |
|    n_updates            | 375          |
|    policy_gradient_loss | -0.0022      |
|    std                  | 0.961        |
|    value_loss           | 5.05         |
------------------------------------------
------------------------------------------
| rollout/                |              |
|    ep_len_mean          | 2.01e+03     |
|    ep_rew_mean          | 17.8         |
| time/                   |              |
|    fps                  | 1533         |
|    iterations           | 77           |
|    time_elapsed         | 102          |
|    total_timesteps      | 157696       |
| train/                  |              |
|    approx_kl            | 0.0076455236 |
|    clip_fraction        | 0.157        |
|    clip_range           | 0.2          |
|    entropy_loss         | -2.76        |
|    explained_variance   | 0.414        |
|    learning_rate        | 0.0003       |
|    loss                 | 3.37         |
|    n_updates            | 380          |
|    policy_gradient_loss | 0.00214      |
|    std                  | 0.961        |
|    value_loss           | 17.4         |
------------------------------------------
------------------------------------------
| rollout/                |              |
|    ep_len_mean          | 2.01e+03     |
|    ep_rew_mean          | 17.8         |
| time/                   |              |
|    fps                  | 1533         |
|    iterations           | 78           |
|    time_elapsed         | 104          |
|    total_timesteps      | 159744       |
| train/                  |              |
|    approx_kl            | 0.0031637715 |
|    clip_fraction        | 0.0191       |
|    clip_range           | 0.2          |
|    entropy_loss         | -2.76        |
|    explained_variance   | 0.645        |
|    learning_rate        | 0.0003       |
|    loss                 | 0.509        |
|    n_updates            | 385          |
|    policy_gradient_loss | -0.00103     |
|    std                  | 0.961        |
|    value_loss           | 4.61         |
------------------------------------------
------------------------------------------
| rollout/                |              |
|    ep_len_mean          | 2.01e+03     |
|    ep_rew_mean          | 17.8         |
| time/                   |              |
|    fps                  | 1534         |
|    iterations           | 79           |
|    time_elapsed         | 105          |
|    total_timesteps      | 161792       |
| train/                  |              |
|    approx_kl            | 0.0027513215 |
|    clip_fraction        | 0.00762      |
|    clip_range           | 0.2          |
|    entropy_loss         | -2.76        |
|    explained_variance   | 0.797        |
|    learning_rate        | 0.0003       |
|    loss                 | 9.55         |
|    n_updates            | 390          |
|    policy_gradient_loss | -0.00181     |
|    std                  | 0.961        |
|    value_loss           | 6.84         |
------------------------------------------
------------------------------------------
| rollout/                |              |
|    ep_len_mean          | 2.02e+03     |
|    ep_rew_mean          | 17.6         |
| time/                   |              |
|    fps                  | 1534         |
|    iterations           | 80           |
|    time_elapsed         | 106          |
|    total_timesteps      | 163840       |
| train/                  |              |
|    approx_kl            | 0.0072773267 |
|    clip_fraction        | 0.0951       |
|    clip_range           | 0.2          |
|    entropy_loss         | -2.76        |
|    explained_variance   | 0.788        |
|    learning_rate        | 0.0003       |
|    loss                 | 0.0553       |
|    n_updates            | 395          |
|    policy_gradient_loss | -0.000791    |
|    std                  | 0.961        |
|    value_loss           | 1.67         |
------------------------------------------
-----------------------------------------
| rollout/                |             |
|    ep_len_mean          | 2.02e+03    |
|    ep_rew_mean          | 17.6        |
| time/                   |             |
|    fps                  | 1533        |
|    iterations           | 81          |
|    time_elapsed         | 108         |
|    total_timesteps      | 165888      |
| train/                  |             |
|    approx_kl            | 0.010816194 |
|    clip_fraction        | 0.0648      |
|    clip_range           | 0.2         |
|    entropy_loss         | -2.76       |
|    explained_variance   | 0.433       |
|    learning_rate        | 0.0003      |
|    loss                 | 1.03        |
|    n_updates            | 400         |
|    policy_gradient_loss | 0.000383    |
|    std                  | 0.961       |
|    value_loss           | 22.6        |
-----------------------------------------
------------------------------------------
| rollout/                |              |
|    ep_len_mean          | 2.02e+03     |
|    ep_rew_mean          | 17.6         |
| time/                   |              |
|    fps                  | 1534         |
|    iterations           | 82           |
|    time_elapsed         | 109          |
|    total_timesteps      | 167936       |
| train/                  |              |
|    approx_kl            | 0.0048962533 |
|    clip_fraction        | 0.0271       |
|    clip_range           | 0.2          |
|    entropy_loss         | -2.76        |
|    explained_variance   | 0.697        |
|    learning_rate        | 0.0003       |
|    loss                 | 2.93         |
|    n_updates            | 405          |
|    policy_gradient_loss | -0.00192     |
|    std                  | 0.961        |
|    value_loss           | 6.52         |
------------------------------------------
------------------------------------------
| rollout/                |              |
|    ep_len_mean          | 2.02e+03     |
|    ep_rew_mean          | 17.6         |
| time/                   |              |
|    fps                  | 1535         |
|    iterations           | 83           |
|    time_elapsed         | 110          |
|    total_timesteps      | 169984       |
| train/                  |              |
|    approx_kl            | 0.0020625754 |
|    clip_fraction        | 0.00371      |
|    clip_range           | 0.2          |
|    entropy_loss         | -2.76        |
|    explained_variance   | 0.859        |
|    learning_rate        | 0.0003       |
|    loss                 | 2.98         |
|    n_updates            | 410          |
|    policy_gradient_loss | -0.00182     |
|    std                  | 0.96         |
|    value_loss           | 3.96         |
------------------------------------------
----------------------------------------
| rollout/                |            |
|    ep_len_mean          | 2.03e+03   |
|    ep_rew_mean          | 17.5       |
| time/                   |            |
|    fps                  | 1534       |
|    iterations           | 84         |
|    time_elapsed         | 112        |
|    total_timesteps      | 172032     |
| train/                  |            |
|    approx_kl            | 0.00964431 |
|    clip_fraction        | 0.0893     |
|    clip_range           | 0.2        |
|    entropy_loss         | -2.76      |
|    explained_variance   | 0.728      |
|    learning_rate        | 0.0003     |
|    loss                 | 1.63       |
|    n_updates            | 415        |
|    policy_gradient_loss | -0.00341   |
|    std                  | 0.961      |
|    value_loss           | 9.17       |
----------------------------------------
-----------------------------------------
| rollout/                |             |
|    ep_len_mean          | 2.03e+03    |
|    ep_rew_mean          | 17.5        |
| time/                   |             |
|    fps                  | 1529        |
|    iterations           | 85          |
|    time_elapsed         | 113         |
|    total_timesteps      | 174080      |
| train/                  |             |
|    approx_kl            | 0.002963305 |
|    clip_fraction        | 0.0208      |
|    clip_range           | 0.2         |
|    entropy_loss         | -2.76       |
|    explained_variance   | 0.218       |
|    learning_rate        | 0.0003      |
|    loss                 | 19.5        |
|    n_updates            | 420         |
|    policy_gradient_loss | -0.00272    |
|    std                  | 0.96        |
|    value_loss           | 17.3        |
-----------------------------------------
-----------------------------------------
| rollout/                |             |
|    ep_len_mean          | 2.02e+03    |
|    ep_rew_mean          | 18.9        |
| time/                   |             |
|    fps                  | 1532        |
|    iterations           | 86          |
|    time_elapsed         | 114         |
|    total_timesteps      | 176128      |
| train/                  |             |
|    approx_kl            | 0.011573783 |
|    clip_fraction        | 0.15        |
|    clip_range           | 0.2         |
|    entropy_loss         | -2.76       |
|    explained_variance   | 0.774       |
|    learning_rate        | 0.0003      |
|    loss                 | 0.294       |
|    n_updates            | 425         |
|    policy_gradient_loss | -0.00672    |
|    std                  | 0.959       |
|    value_loss           | 4           |
-----------------------------------------
------------------------------------------
| rollout/                |              |
|    ep_len_mean          | 2.02e+03     |
|    ep_rew_mean          | 18.8         |
| time/                   |              |
|    fps                  | 1533         |
|    iterations           | 87           |
|    time_elapsed         | 116          |
|    total_timesteps      | 178176       |
| train/                  |              |
|    approx_kl            | 0.0015088101 |
|    clip_fraction        | 0.00156      |
|    clip_range           | 0.2          |
|    entropy_loss         | -2.75        |
|    explained_variance   | 0.113        |
|    learning_rate        | 0.0003       |
|    loss                 | 184          |
|    n_updates            | 430          |
|    policy_gradient_loss | -0.00173     |
|    std                  | 0.959        |
|    value_loss           | 60.3         |
------------------------------------------
-----------------------------------------
| rollout/                |             |
|    ep_len_mean          | 2.02e+03    |
|    ep_rew_mean          | 18.6        |
| time/                   |             |
|    fps                  | 1533        |
|    iterations           | 88          |
|    time_elapsed         | 117         |
|    total_timesteps      | 180224      |
| train/                  |             |
|    approx_kl            | 0.010521386 |
|    clip_fraction        | 0.0279      |
|    clip_range           | 0.2         |
|    entropy_loss         | -2.75       |
|    explained_variance   | 0.621       |
|    learning_rate        | 0.0003      |
|    loss                 | 0.204       |
|    n_updates            | 435         |
|    policy_gradient_loss | -0.00151    |
|    std                  | 0.959       |
|    value_loss           | 7.59        |
-----------------------------------------
------------------------------------------
| rollout/                |              |
|    ep_len_mean          | 2.01e+03     |
|    ep_rew_mean          | 19.8         |
| time/                   |              |
|    fps                  | 1533         |
|    iterations           | 89           |
|    time_elapsed         | 118          |
|    total_timesteps      | 182272       |
| train/                  |              |
|    approx_kl            | 0.0011123309 |
|    clip_fraction        | 0.000391     |
|    clip_range           | 0.2          |
|    entropy_loss         | -2.75        |
|    explained_variance   | 0.519        |
|    learning_rate        | 0.0003       |
|    loss                 | 1.61         |
|    n_updates            | 440          |
|    policy_gradient_loss | -0.000816    |
|    std                  | 0.96         |
|    value_loss           | 18.5         |
------------------------------------------
-----------------------------------------
| rollout/                |             |
|    ep_len_mean          | 2.01e+03    |
|    ep_rew_mean          | 19.8        |
| time/                   |             |
|    fps                  | 1533        |
|    iterations           | 90          |
|    time_elapsed         | 120         |
|    total_timesteps      | 184320      |
| train/                  |             |
|    approx_kl            | 0.008866623 |
|    clip_fraction        | 0.0552      |
|    clip_range           | 0.2         |
|    entropy_loss         | -2.76       |
|    explained_variance   | 0.161       |
|    learning_rate        | 0.0003      |
|    loss                 | 0.163       |
|    n_updates            | 445         |
|    policy_gradient_loss | -0.00232    |
|    std                  | 0.959       |
|    value_loss           | 58.9        |
-----------------------------------------
------------------------------------------
| rollout/                |              |
|    ep_len_mean          | 2.01e+03     |
|    ep_rew_mean          | 19.7         |
| time/                   |              |
|    fps                  | 1534         |
|    iterations           | 91           |
|    time_elapsed         | 121          |
|    total_timesteps      | 186368       |
| train/                  |              |
|    approx_kl            | 0.0047204774 |
|    clip_fraction        | 0.0174       |
|    clip_range           | 0.2          |
|    entropy_loss         | -2.75        |
|    explained_variance   | 0.756        |
|    learning_rate        | 0.0003       |
|    loss                 | 0.105        |
|    n_updates            | 450          |
|    policy_gradient_loss | -0.00115     |
|    std                  | 0.96         |
|    value_loss           | 3.85         |
------------------------------------------
-----------------------------------------
| rollout/                |             |
|    ep_len_mean          | 2.02e+03    |
|    ep_rew_mean          | 19.7        |
| time/                   |             |
|    fps                  | 1534        |
|    iterations           | 92          |
|    time_elapsed         | 122         |
|    total_timesteps      | 188416      |
| train/                  |             |
|    approx_kl            | 0.007366868 |
|    clip_fraction        | 0.0316      |
|    clip_range           | 0.2         |
|    entropy_loss         | -2.76       |
|    explained_variance   | 0.494       |
|    learning_rate        | 0.0003      |
|    loss                 | 0.0402      |
|    n_updates            | 455         |
|    policy_gradient_loss | -0.00338    |
|    std                  | 0.96        |
|    value_loss           | 6.19        |
-----------------------------------------
------------------------------------------
| rollout/                |              |
|    ep_len_mean          | 2.02e+03     |
|    ep_rew_mean          | 19.5         |
| time/                   |              |
|    fps                  | 1534         |
|    iterations           | 93           |
|    time_elapsed         | 124          |
|    total_timesteps      | 190464       |
| train/                  |              |
|    approx_kl            | 0.0043136715 |
|    clip_fraction        | 0.0137       |
|    clip_range           | 0.2          |
|    entropy_loss         | -2.76        |
|    explained_variance   | 0.579        |
|    learning_rate        | 0.0003       |
|    loss                 | 36.1         |
|    n_updates            | 460          |
|    policy_gradient_loss | -0.00116     |
|    std                  | 0.96         |
|    value_loss           | 11.7         |
------------------------------------------
-----------------------------------------
| rollout/                |             |
|    ep_len_mean          | 2.02e+03    |
|    ep_rew_mean          | 19.5        |
| time/                   |             |
|    fps                  | 1534        |
|    iterations           | 94          |
|    time_elapsed         | 125         |
|    total_timesteps      | 192512      |
| train/                  |             |
|    approx_kl            | 0.004738603 |
|    clip_fraction        | 0.0733      |
|    clip_range           | 0.2         |
|    entropy_loss         | -2.76       |
|    explained_variance   | 0.513       |
|    learning_rate        | 0.0003      |
|    loss                 | 22.2        |
|    n_updates            | 465         |
|    policy_gradient_loss | -0.000633   |
|    std                  | 0.959       |
|    value_loss           | 17.5        |
-----------------------------------------
------------------------------------------
| rollout/                |              |
|    ep_len_mean          | 2.02e+03     |
|    ep_rew_mean          | 19.3         |
| time/                   |              |
|    fps                  | 1535         |
|    iterations           | 95           |
|    time_elapsed         | 126          |
|    total_timesteps      | 194560       |
| train/                  |              |
|    approx_kl            | 0.0010998948 |
|    clip_fraction        | 0.043        |
|    clip_range           | 0.2          |
|    entropy_loss         | -2.75        |
|    explained_variance   | 0.8          |
|    learning_rate        | 0.0003       |
|    loss                 | 7.1          |
|    n_updates            | 470          |
|    policy_gradient_loss | 5.13e-05     |
|    std                  | 0.959        |
|    value_loss           | 6.54         |
------------------------------------------
------------------------------------------
| rollout/                |              |
|    ep_len_mean          | 2.02e+03     |
|    ep_rew_mean          | 19.3         |
| time/                   |              |
|    fps                  | 1534         |
|    iterations           | 96           |
|    time_elapsed         | 128          |
|    total_timesteps      | 196608       |
| train/                  |              |
|    approx_kl            | 0.0028470648 |
|    clip_fraction        | 0.0041       |
|    clip_range           | 0.2          |
|    entropy_loss         | -2.75        |
|    explained_variance   | 0.767        |
|    learning_rate        | 0.0003       |
|    loss                 | 0.0638       |
|    n_updates            | 475          |
|    policy_gradient_loss | -0.00173     |
|    std                  | 0.959        |
|    value_loss           | 6.31         |
------------------------------------------
-----------------------------------------
| rollout/                |             |
|    ep_len_mean          | 2.02e+03    |
|    ep_rew_mean          | 19.3        |
| time/                   |             |
|    fps                  | 1534        |
|    iterations           | 97          |
|    time_elapsed         | 129         |
|    total_timesteps      | 198656      |
| train/                  |             |
|    approx_kl            | 0.004222904 |
|    clip_fraction        | 0.0633      |
|    clip_range           | 0.2         |
|    entropy_loss         | -2.75       |
|    explained_variance   | 0.762       |
|    learning_rate        | 0.0003      |
|    loss                 | 3.22        |
|    n_updates            | 480         |
|    policy_gradient_loss | -0.0032     |
|    std                  | 0.959       |
|    value_loss           | 3.22        |
-----------------------------------------
------------------------------------------
| rollout/                |              |
|    ep_len_mean          | 2.03e+03     |
|    ep_rew_mean          | 19.1         |
| time/                   |              |
|    fps                  | 1534         |
|    iterations           | 98           |
|    time_elapsed         | 130          |
|    total_timesteps      | 200704       |
| train/                  |              |
|    approx_kl            | 0.0026588882 |
|    clip_fraction        | 0.0172       |
|    clip_range           | 0.2          |
|    entropy_loss         | -2.76        |
|    explained_variance   | 0.65         |
|    learning_rate        | 0.0003       |
|    loss                 | 1.23         |
|    n_updates            | 485          |
|    policy_gradient_loss | 0.000588     |
|    std                  | 0.96         |
|    value_loss           | 15.9         |
------------------------------------------
------------------------------------------
| rollout/                |              |
|    ep_len_mean          | 2.03e+03     |
|    ep_rew_mean          | 19           |
| time/                   |              |
|    fps                  | 1535         |
|    iterations           | 99           |
|    time_elapsed         | 132          |
|    total_timesteps      | 202752       |
| train/                  |              |
|    approx_kl            | 0.0012307608 |
|    clip_fraction        | 0.000781     |
|    clip_range           | 0.2          |
|    entropy_loss         | -2.76        |
|    explained_variance   | 0.743        |
|    learning_rate        | 0.0003       |
|    loss                 | 2.61         |
|    n_updates            | 490          |
|    policy_gradient_loss | -0.000865    |
|    std                  | 0.96         |
|    value_loss           | 15.9         |
------------------------------------------
------------------------------------------
| rollout/                |              |
|    ep_len_mean          | 2.03e+03     |
|    ep_rew_mean          | 19           |
| time/                   |              |
|    fps                  | 1535         |
|    iterations           | 100          |
|    time_elapsed         | 133          |
|    total_timesteps      | 204800       |
| train/                  |              |
|    approx_kl            | 0.0021522054 |
|    clip_fraction        | 0.0104       |
|    clip_range           | 0.2          |
|    entropy_loss         | -2.76        |
|    explained_variance   | 0.796        |
|    learning_rate        | 0.0003       |
|    loss                 | 1.12         |
|    n_updates            | 495          |
|    policy_gradient_loss | -0.00182     |
|    std                  | 0.96         |
|    value_loss           | 9.36         |
------------------------------------------

CP1 held-out: 1/50 hits (2.0%), mean miss 14.7 m, mean reward 0.89

==== babysit CP2 2026-09-14 18:28:30 ====
CP2: evasive lineage | max_time=45s t_go_max=10s | tracking=True | obs=12-D | miss_tanh_scale=3000m shaping_gamma=1 effort_weight=5 -> out=/Users/vincenzo/Desktop/Projects/Physics Sim Project/missile_guidance_sim/outputs/evasive_zemtgo10_seed5
---------------------------------
| rollout/           |          |
|    ep_len_mean     | 2.03e+03 |
|    ep_rew_mean     | 19       |
| time/              |          |
|    fps             | 4779     |
|    iterations      | 1        |
|    time_elapsed    | 0        |
|    total_timesteps | 206848   |
---------------------------------
------------------------------------------
| rollout/                |              |
|    ep_len_mean          | 2.03e+03     |
|    ep_rew_mean          | 19           |
| time/                   |              |
|    fps                  | 1822         |
|    iterations           | 2            |
|    time_elapsed         | 2            |
|    total_timesteps      | 208896       |
| train/                  |              |
|    approx_kl            | 0.0069936975 |
|    clip_fraction        | 0.113        |
|    clip_range           | 0.2          |
|    entropy_loss         | -2.75        |
|    explained_variance   | 0.285        |
|    learning_rate        | 0.0003       |
|    loss                 | 5.99         |
|    n_updates            | 505          |
|    policy_gradient_loss | 0.00166      |
|    std                  | 0.959        |
|    value_loss           | 9.06         |
------------------------------------------
----------------------------------------
| rollout/                |            |
|    ep_len_mean          | 2.03e+03   |
|    ep_rew_mean          | 19         |
| time/                   |            |
|    fps                  | 1723       |
|    iterations           | 3          |
|    time_elapsed         | 3          |
|    total_timesteps      | 210944     |
| train/                  |            |
|    approx_kl            | 0.00400637 |
|    clip_fraction        | 0.0669     |
|    clip_range           | 0.2        |
|    entropy_loss         | -2.75      |
|    explained_variance   | 0.806      |
|    learning_rate        | 0.0003     |
|    loss                 | 2.64       |
|    n_updates            | 510        |
|    policy_gradient_loss | -0.00192   |
|    std                  | 0.959      |
|    value_loss           | 8.69       |
----------------------------------------
-----------------------------------------
| rollout/                |             |
|    ep_len_mean          | 2.03e+03    |
|    ep_rew_mean          | 19          |
| time/                   |             |
|    fps                  | 1665        |
|    iterations           | 4           |
|    time_elapsed         | 4           |
|    total_timesteps      | 212992      |
| train/                  |             |
|    approx_kl            | 0.008387339 |
|    clip_fraction        | 0.0462      |
|    clip_range           | 0.2         |
|    entropy_loss         | -2.75       |
|    explained_variance   | 0.833       |
|    learning_rate        | 0.0003      |
|    loss                 | 1.1         |
|    n_updates            | 515         |
|    policy_gradient_loss | -0.00335    |
|    std                  | 0.958       |
|    value_loss           | 4.6         |
-----------------------------------------
------------------------------------------
| rollout/                |              |
|    ep_len_mean          | 2.04e+03     |
|    ep_rew_mean          | 19.3         |
| time/                   |              |
|    fps                  | 1652         |
|    iterations           | 5            |
|    time_elapsed         | 6            |
|    total_timesteps      | 215040       |
| train/                  |              |
|    approx_kl            | 0.0056927497 |
|    clip_fraction        | 0.0495       |
|    clip_range           | 0.2          |
|    entropy_loss         | -2.75        |
|    explained_variance   | 0.824        |
|    learning_rate        | 0.0003       |
|    loss                 | 0.05         |
|    n_updates            | 520          |
|    policy_gradient_loss | -0.00343     |
|    std                  | 0.957        |
|    value_loss           | 1.12         |
------------------------------------------
------------------------------------------
| rollout/                |              |
|    ep_len_mean          | 2.04e+03     |
|    ep_rew_mean          | 19.3         |
| time/                   |              |
|    fps                  | 1569         |
|    iterations           | 6            |
|    time_elapsed         | 7            |
|    total_timesteps      | 217088       |
| train/                  |              |
|    approx_kl            | 0.0035287738 |
|    clip_fraction        | 0.0307       |
|    clip_range           | 0.2          |
|    entropy_loss         | -2.75        |
|    explained_variance   | 0.178        |
|    learning_rate        | 0.0003       |
|    loss                 | 30.6         |
|    n_updates            | 525          |
|    policy_gradient_loss | -0.00416     |
|    std                  | 0.956        |
|    value_loss           | 23.1         |
------------------------------------------
-----------------------------------------
| rollout/                |             |
|    ep_len_mean          | 2.04e+03    |
|    ep_rew_mean          | 19.3        |
| time/                   |             |
|    fps                  | 1590        |
|    iterations           | 7           |
|    time_elapsed         | 9           |
|    total_timesteps      | 219136      |
| train/                  |             |
|    approx_kl            | 0.005830638 |
|    clip_fraction        | 0.0442      |
|    clip_range           | 0.2         |
|    entropy_loss         | -2.75       |
|    explained_variance   | 0.801       |
|    learning_rate        | 0.0003      |
|    loss                 | 1.81        |
|    n_updates            | 530         |
|    policy_gradient_loss | -0.00301    |
|    std                  | 0.955       |
|    value_loss           | 7.05        |
-----------------------------------------
------------------------------------------
| rollout/                |              |
|    ep_len_mean          | 2.04e+03     |
|    ep_rew_mean          | 19.3         |
| time/                   |              |
|    fps                  | 1592         |
|    iterations           | 8            |
|    time_elapsed         | 10           |
|    total_timesteps      | 221184       |
| train/                  |              |
|    approx_kl            | 0.0039922437 |
|    clip_fraction        | 0.0233       |
|    clip_range           | 0.2          |
|    entropy_loss         | -2.74        |
|    explained_variance   | 0.857        |
|    learning_rate        | 0.0003       |
|    loss                 | 2.52         |
|    n_updates            | 535          |
|    policy_gradient_loss | -0.00224     |
|    std                  | 0.954        |
|    value_loss           | 4.33         |
------------------------------------------
-----------------------------------------
| rollout/                |             |
|    ep_len_mean          | 2.05e+03    |
|    ep_rew_mean          | 20.5        |
| time/                   |             |
|    fps                  | 1588        |
|    iterations           | 9           |
|    time_elapsed         | 11          |
|    total_timesteps      | 223232      |
| train/                  |             |
|    approx_kl            | 0.004334738 |
|    clip_fraction        | 0.156       |
|    clip_range           | 0.2         |
|    entropy_loss         | -2.74       |
|    explained_variance   | 0.962       |
|    learning_rate        | 0.0003      |
|    loss                 | 0.0232      |
|    n_updates            | 540         |
|    policy_gradient_loss | 0.00582     |
|    std                  | 0.954       |
|    value_loss           | 2.26        |
-----------------------------------------
------------------------------------------
| rollout/                |              |
|    ep_len_mean          | 2.05e+03     |
|    ep_rew_mean          | 20.5         |
| time/                   |              |
|    fps                  | 1573         |
|    iterations           | 10           |
|    time_elapsed         | 13           |
|    total_timesteps      | 225280       |
| train/                  |              |
|    approx_kl            | 0.0038565344 |
|    clip_fraction        | 0.0137       |
|    clip_range           | 0.2          |
|    entropy_loss         | -2.74        |
|    explained_variance   | 0.585        |
|    learning_rate        | 0.0003       |
|    loss                 | 2.16         |
|    n_updates            | 545          |
|    policy_gradient_loss | 0.000231     |
|    std                  | 0.954        |
|    value_loss           | 21.3         |
------------------------------------------
------------------------------------------
| rollout/                |              |
|    ep_len_mean          | 2.05e+03     |
|    ep_rew_mean          | 20.5         |
| time/                   |              |
|    fps                  | 1568         |
|    iterations           | 11           |
|    time_elapsed         | 14           |
|    total_timesteps      | 227328       |
| train/                  |              |
|    approx_kl            | 0.0038460407 |
|    clip_fraction        | 0.0442       |
|    clip_range           | 0.2          |
|    entropy_loss         | -2.74        |
|    explained_variance   | 0.853        |
|    learning_rate        | 0.0003       |
|    loss                 | 4.4          |
|    n_updates            | 550          |
|    policy_gradient_loss | -0.00174     |
|    std                  | 0.953        |
|    value_loss           | 7.33         |
------------------------------------------
-----------------------------------------
| rollout/                |             |
|    ep_len_mean          | 2.05e+03    |
|    ep_rew_mean          | 20.5        |
| time/                   |             |
|    fps                  | 1573        |
|    iterations           | 12          |
|    time_elapsed         | 15          |
|    total_timesteps      | 229376      |
| train/                  |             |
|    approx_kl            | 0.006187773 |
|    clip_fraction        | 0.0359      |
|    clip_range           | 0.2         |
|    entropy_loss         | -2.74       |
|    explained_variance   | 0.882       |
|    learning_rate        | 0.0003      |
|    loss                 | 4.33        |
|    n_updates            | 555         |
|    policy_gradient_loss | -0.000953   |
|    std                  | 0.953       |
|    value_loss           | 4.4         |
-----------------------------------------
----------------------------------------
| rollout/                |            |
|    ep_len_mean          | 2.04e+03   |
|    ep_rew_mean          | 21.3       |
| time/                   |            |
|    fps                  | 1564       |
|    iterations           | 13         |
|    time_elapsed         | 17         |
|    total_timesteps      | 231424     |
| train/                  |            |
|    approx_kl            | 0.00307763 |
|    clip_fraction        | 0.00713    |
|    clip_range           | 0.2        |
|    entropy_loss         | -2.74      |
|    explained_variance   | 0.936      |
|    learning_rate        | 0.0003     |
|    loss                 | 0.0957     |
|    n_updates            | 560        |
|    policy_gradient_loss | -0.00167   |
|    std                  | 0.953      |
|    value_loss           | 1.95       |
----------------------------------------
-----------------------------------------
| rollout/                |             |
|    ep_len_mean          | 2.05e+03    |
|    ep_rew_mean          | 21.9        |
| time/                   |             |
|    fps                  | 1554        |
|    iterations           | 14          |
|    time_elapsed         | 18          |
|    total_timesteps      | 233472      |
| train/                  |             |
|    approx_kl            | 0.017004421 |
|    clip_fraction        | 0.0837      |
|    clip_range           | 0.2         |
|    entropy_loss         | -2.74       |
|    explained_variance   | 0.441       |
|    learning_rate        | 0.0003      |
|    loss                 | 1.11        |
|    n_updates            | 565         |
|    policy_gradient_loss | 0.000856    |
|    std                  | 0.953       |
|    value_loss           | 13.9        |
-----------------------------------------
-----------------------------------------
| rollout/                |             |
|    ep_len_mean          | 2.05e+03    |
|    ep_rew_mean          | 21.9        |
| time/                   |             |
|    fps                  | 1546        |
|    iterations           | 15          |
|    time_elapsed         | 19          |
|    total_timesteps      | 235520      |
| train/                  |             |
|    approx_kl            | 0.007830815 |
|    clip_fraction        | 0.0513      |
|    clip_range           | 0.2         |
|    entropy_loss         | -2.74       |
|    explained_variance   | 0.621       |
|    learning_rate        | 0.0003      |
|    loss                 | 6.57        |
|    n_updates            | 570         |
|    policy_gradient_loss | -0.00477    |
|    std                  | 0.953       |
|    value_loss           | 17.9        |
-----------------------------------------
------------------------------------------
| rollout/                |              |
|    ep_len_mean          | 2.05e+03     |
|    ep_rew_mean          | 21.9         |
| time/                   |              |
|    fps                  | 1540         |
|    iterations           | 16           |
|    time_elapsed         | 21           |
|    total_timesteps      | 237568       |
| train/                  |              |
|    approx_kl            | 0.0010926933 |
|    clip_fraction        | 0.00137      |
|    clip_range           | 0.2          |
|    entropy_loss         | -2.74        |
|    explained_variance   | 0.859        |
|    learning_rate        | 0.0003       |
|    loss                 | 7.54         |
|    n_updates            | 575          |
|    policy_gradient_loss | -0.00124     |
|    std                  | 0.953        |
|    value_loss           | 6.98         |
------------------------------------------
------------------------------------------
| rollout/                |              |
|    ep_len_mean          | 2.07e+03     |
|    ep_rew_mean          | 22.6         |
| time/                   |              |
|    fps                  | 1545         |
|    iterations           | 17           |
|    time_elapsed         | 22           |
|    total_timesteps      | 239616       |
| train/                  |              |
|    approx_kl            | 0.0022803796 |
|    clip_fraction        | 0.00439      |
|    clip_range           | 0.2          |
|    entropy_loss         | -2.74        |
|    explained_variance   | 0.948        |
|    learning_rate        | 0.0003       |
|    loss                 | 1.74         |
|    n_updates            | 580          |
|    policy_gradient_loss | -0.00159     |
|    std                  | 0.953        |
|    value_loss           | 3.03         |
------------------------------------------
-----------------------------------------
| rollout/                |             |
|    ep_len_mean          | 2.07e+03    |
|    ep_rew_mean          | 22.6        |
| time/                   |             |
|    fps                  | 1542        |
|    iterations           | 18          |
|    time_elapsed         | 23          |
|    total_timesteps      | 241664      |
| train/                  |             |
|    approx_kl            | 0.004041777 |
|    clip_fraction        | 0.00781     |
|    clip_range           | 0.2         |
|    entropy_loss         | -2.74       |
|    explained_variance   | 0.607       |
|    learning_rate        | 0.0003      |
|    loss                 | 20.9        |
|    n_updates            | 585         |
|    policy_gradient_loss | -0.00301    |
|    std                  | 0.953       |
|    value_loss           | 16.3        |
-----------------------------------------
-----------------------------------------
| rollout/                |             |
|    ep_len_mean          | 2.07e+03    |
|    ep_rew_mean          | 22.6        |
| time/                   |             |
|    fps                  | 1537        |
|    iterations           | 19          |
|    time_elapsed         | 25          |
|    total_timesteps      | 243712      |
| train/                  |             |
|    approx_kl            | 0.011226529 |
|    clip_fraction        | 0.13        |
|    clip_range           | 0.2         |
|    entropy_loss         | -2.74       |
|    explained_variance   | 0.568       |
|    learning_rate        | 0.0003      |
|    loss                 | 3.08        |
|    n_updates            | 590         |
|    policy_gradient_loss | -0.0044     |
|    std                  | 0.952       |
|    value_loss           | 18.5        |
-----------------------------------------
------------------------------------------
| rollout/                |              |
|    ep_len_mean          | 2.07e+03     |
|    ep_rew_mean          | 22.6         |
| time/                   |              |
|    fps                  | 1540         |
|    iterations           | 20           |
|    time_elapsed         | 26           |
|    total_timesteps      | 245760       |
| train/                  |              |
|    approx_kl            | 0.0027369321 |
|    clip_fraction        | 0.00459      |
|    clip_range           | 0.2          |
|    entropy_loss         | -2.74        |
|    explained_variance   | 0.761        |
|    learning_rate        | 0.0003       |
|    loss                 | 4.15         |
|    n_updates            | 595          |
|    policy_gradient_loss | -0.000477    |
|    std                  | 0.952        |
|    value_loss           | 5.8          |
------------------------------------------
-----------------------------------------
| rollout/                |             |
|    ep_len_mean          | 2.07e+03    |
|    ep_rew_mean          | 22.6        |
| time/                   |             |
|    fps                  | 1543        |
|    iterations           | 21          |
|    time_elapsed         | 27          |
|    total_timesteps      | 247808      |
| train/                  |             |
|    approx_kl            | 0.003292261 |
|    clip_fraction        | 0.00635     |
|    clip_range           | 0.2         |
|    entropy_loss         | -2.74       |
|    explained_variance   | 0.839       |
|    learning_rate        | 0.0003      |
|    loss                 | 2.91        |
|    n_updates            | 600         |
|    policy_gradient_loss | -0.00156    |
|    std                  | 0.951       |
|    value_loss           | 3.47        |
-----------------------------------------
-----------------------------------------
| rollout/                |             |
|    ep_len_mean          | 2.08e+03    |
|    ep_rew_mean          | 22.9        |
| time/                   |             |
|    fps                  | 1551        |
|    iterations           | 22          |
|    time_elapsed         | 29          |
|    total_timesteps      | 249856      |
| train/                  |             |
|    approx_kl            | 0.004587318 |
|    clip_fraction        | 0.0522      |
|    clip_range           | 0.2         |
|    entropy_loss         | -2.74       |
|    explained_variance   | 0.972       |
|    learning_rate        | 0.0003      |
|    loss                 | 0.752       |
|    n_updates            | 605         |
|    policy_gradient_loss | -0.00275    |
|    std                  | 0.951       |
|    value_loss           | 1.1         |
-----------------------------------------
-----------------------------------------
| rollout/                |             |
|    ep_len_mean          | 2.08e+03    |
|    ep_rew_mean          | 22.9        |
| time/                   |             |
|    fps                  | 1548        |
|    iterations           | 23          |
|    time_elapsed         | 30          |
|    total_timesteps      | 251904      |
| train/                  |             |
|    approx_kl            | 0.004505896 |
|    clip_fraction        | 0.0143      |
|    clip_range           | 0.2         |
|    entropy_loss         | -2.74       |
|    explained_variance   | 0.675       |
|    learning_rate        | 0.0003      |
|    loss                 | 1.36        |
|    n_updates            | 610         |
|    policy_gradient_loss | -0.00103    |
|    std                  | 0.95        |
|    value_loss           | 17.4        |
-----------------------------------------
-----------------------------------------
| rollout/                |             |
|    ep_len_mean          | 2.06e+03    |
|    ep_rew_mean          | 25.3        |
| time/                   |             |
|    fps                  | 1554        |
|    iterations           | 24          |
|    time_elapsed         | 31          |
|    total_timesteps      | 253952      |
| train/                  |             |
|    approx_kl            | 0.009003694 |
|    clip_fraction        | 0.104       |
|    clip_range           | 0.2         |
|    entropy_loss         | -2.73       |
|    explained_variance   | 0.771       |
|    learning_rate        | 0.0003      |
|    loss                 | 0.75        |
|    n_updates            | 615         |
|    policy_gradient_loss | -0.00497    |
|    std                  | 0.95        |
|    value_loss           | 5.11        |
-----------------------------------------
------------------------------------------
| rollout/                |              |
|    ep_len_mean          | 2.06e+03     |
|    ep_rew_mean          | 25.3         |
| time/                   |              |
|    fps                  | 1554         |
|    iterations           | 25           |
|    time_elapsed         | 32           |
|    total_timesteps      | 256000       |
| train/                  |              |
|    approx_kl            | 0.0060753813 |
|    clip_fraction        | 0.0249       |
|    clip_range           | 0.2          |
|    entropy_loss         | -2.73        |
|    explained_variance   | -0.0313      |
|    learning_rate        | 0.0003       |
|    loss                 | 7.54         |
|    n_updates            | 620          |
|    policy_gradient_loss | 9.17e-05     |
|    std                  | 0.95         |
|    value_loss           | 109          |
------------------------------------------
------------------------------------------
| rollout/                |              |
|    ep_len_mean          | 2.05e+03     |
|    ep_rew_mean          | 26.4         |
| time/                   |              |
|    fps                  | 1556         |
|    iterations           | 26           |
|    time_elapsed         | 34           |
|    total_timesteps      | 258048       |
| train/                  |              |
|    approx_kl            | 0.0073579643 |
|    clip_fraction        | 0.0489       |
|    clip_range           | 0.2          |
|    entropy_loss         | -2.73        |
|    explained_variance   | 0.81         |
|    learning_rate        | 0.0003       |
|    loss                 | 2.73         |
|    n_updates            | 625          |
|    policy_gradient_loss | -0.00262     |
|    std                  | 0.95         |
|    value_loss           | 4.62         |
------------------------------------------
------------------------------------------
| rollout/                |              |
|    ep_len_mean          | 2.05e+03     |
|    ep_rew_mean          | 26.3         |
| time/                   |              |
|    fps                  | 1550         |
|    iterations           | 27           |
|    time_elapsed         | 35           |
|    total_timesteps      | 260096       |
| train/                  |              |
|    approx_kl            | 0.0046767537 |
|    clip_fraction        | 0.0382       |
|    clip_range           | 0.2          |
|    entropy_loss         | -2.74        |
|    explained_variance   | 0.146        |
|    learning_rate        | 0.0003       |
|    loss                 | 0.599        |
|    n_updates            | 630          |
|    policy_gradient_loss | -0.00214     |
|    std                  | 0.95         |
|    value_loss           | 52.1         |
------------------------------------------
-----------------------------------------
| rollout/                |             |
|    ep_len_mean          | 2.04e+03    |
|    ep_rew_mean          | 27.3        |
| time/                   |             |
|    fps                  | 1545        |
|    iterations           | 28          |
|    time_elapsed         | 37          |
|    total_timesteps      | 262144      |
| train/                  |             |
|    approx_kl            | 0.007461898 |
|    clip_fraction        | 0.0689      |
|    clip_range           | 0.2         |
|    entropy_loss         | -2.73       |
|    explained_variance   | 0.627       |
|    learning_rate        | 0.0003      |
|    loss                 | 12.8        |
|    n_updates            | 635         |
|    policy_gradient_loss | -0.000142   |
|    std                  | 0.949       |
|    value_loss           | 9.83        |
-----------------------------------------
------------------------------------------
| rollout/                |              |
|    ep_len_mean          | 2.02e+03     |
|    ep_rew_mean          | 29.3         |
| time/                   |              |
|    fps                  | 1543         |
|    iterations           | 29           |
|    time_elapsed         | 38           |
|    total_timesteps      | 264192       |
| train/                  |              |
|    approx_kl            | 0.0049359417 |
|    clip_fraction        | 0.0537       |
|    clip_range           | 0.2          |
|    entropy_loss         | -2.73        |
|    explained_variance   | -0.00537     |
|    learning_rate        | 0.0003       |
|    loss                 | 2.8          |
|    n_updates            | 640          |
|    policy_gradient_loss | 0.000568     |
|    std                  | 0.949        |
|    value_loss           | 56.7         |
------------------------------------------
-----------------------------------------
| rollout/                |             |
|    ep_len_mean          | 2.02e+03    |
|    ep_rew_mean          | 29.3        |
| time/                   |             |
|    fps                  | 1542        |
|    iterations           | 30          |
|    time_elapsed         | 39          |
|    total_timesteps      | 266240      |
| train/                  |             |
|    approx_kl            | 0.010289684 |
|    clip_fraction        | 0.213       |
|    clip_range           | 0.2         |
|    entropy_loss         | -2.74       |
|    explained_variance   | -0.161      |
|    learning_rate        | 0.0003      |
|    loss                 | 6.94        |
|    n_updates            | 645         |
|    policy_gradient_loss | 0.00136     |
|    std                  | 0.951       |
|    value_loss           | 109         |
-----------------------------------------
-----------------------------------------
| rollout/                |             |
|    ep_len_mean          | 2.02e+03    |
|    ep_rew_mean          | 29.3        |
| time/                   |             |
|    fps                  | 1544        |
|    iterations           | 31          |
|    time_elapsed         | 41          |
|    total_timesteps      | 268288      |
| train/                  |             |
|    approx_kl            | 0.006925343 |
|    clip_fraction        | 0.102       |
|    clip_range           | 0.2         |
|    entropy_loss         | -2.74       |
|    explained_variance   | 0.668       |
|    learning_rate        | 0.0003      |
|    loss                 | 0.346       |
|    n_updates            | 650         |
|    policy_gradient_loss | -0.00231    |
|    std                  | 0.95        |
|    value_loss           | 10.6        |
-----------------------------------------
------------------------------------------
| rollout/                |              |
|    ep_len_mean          | 2.02e+03     |
|    ep_rew_mean          | 29.3         |
| time/                   |              |
|    fps                  | 1546         |
|    iterations           | 32           |
|    time_elapsed         | 42           |
|    total_timesteps      | 270336       |
| train/                  |              |
|    approx_kl            | 0.0065090074 |
|    clip_fraction        | 0.0228       |
|    clip_range           | 0.2          |
|    entropy_loss         | -2.73        |
|    explained_variance   | 0.711        |
|    learning_rate        | 0.0003       |
|    loss                 | 2.63         |
|    n_updates            | 655          |
|    policy_gradient_loss | -0.00329     |
|    std                  | 0.95         |
|    value_loss           | 3.48         |
------------------------------------------
-----------------------------------------
| rollout/                |             |
|    ep_len_mean          | 2.01e+03    |
|    ep_rew_mean          | 29.2        |
| time/                   |             |
|    fps                  | 1548        |
|    iterations           | 33          |
|    time_elapsed         | 43          |
|    total_timesteps      | 272384      |
| train/                  |             |
|    approx_kl            | 0.006783608 |
|    clip_fraction        | 0.0272      |
|    clip_range           | 0.2         |
|    entropy_loss         | -2.73       |
|    explained_variance   | 0.673       |
|    learning_rate        | 0.0003      |
|    loss                 | 0.709       |
|    n_updates            | 660         |
|    policy_gradient_loss | -0.00331    |
|    std                  | 0.949       |
|    value_loss           | 1.89        |
-----------------------------------------
------------------------------------------
| rollout/                |              |
|    ep_len_mean          | 2.01e+03     |
|    ep_rew_mean          | 29.2         |
| time/                   |              |
|    fps                  | 1548         |
|    iterations           | 34           |
|    time_elapsed         | 44           |
|    total_timesteps      | 274432       |
| train/                  |              |
|    approx_kl            | 0.0042038355 |
|    clip_fraction        | 0.0139       |
|    clip_range           | 0.2          |
|    entropy_loss         | -2.73        |
|    explained_variance   | 0.422        |
|    learning_rate        | 0.0003       |
|    loss                 | 22.1         |
|    n_updates            | 665          |
|    policy_gradient_loss | -0.00309     |
|    std                  | 0.949        |
|    value_loss           | 21.3         |
------------------------------------------
----------------------------------------
| rollout/                |            |
|    ep_len_mean          | 2.01e+03   |
|    ep_rew_mean          | 29.2       |
| time/                   |            |
|    fps                  | 1549       |
|    iterations           | 35         |
|    time_elapsed         | 46         |
|    total_timesteps      | 276480     |
| train/                  |            |
|    approx_kl            | 0.01311107 |
|    clip_fraction        | 0.137      |
|    clip_range           | 0.2        |
|    entropy_loss         | -2.73      |
|    explained_variance   | 0.639      |
|    learning_rate        | 0.0003     |
|    loss                 | 2.49       |
|    n_updates            | 670        |
|    policy_gradient_loss | 0.00157    |
|    std                  | 0.949      |
|    value_loss           | 9.97       |
----------------------------------------
------------------------------------------
| rollout/                |              |
|    ep_len_mean          | 2.01e+03     |
|    ep_rew_mean          | 28.8         |
| time/                   |              |
|    fps                  | 1550         |
|    iterations           | 36           |
|    time_elapsed         | 47           |
|    total_timesteps      | 278528       |
| train/                  |              |
|    approx_kl            | 0.0033633532 |
|    clip_fraction        | 0.0282       |
|    clip_range           | 0.2          |
|    entropy_loss         | -2.73        |
|    explained_variance   | 0.837        |
|    learning_rate        | 0.0003       |
|    loss                 | 2.66         |
|    n_updates            | 675          |
|    policy_gradient_loss | -0.00192     |
|    std                  | 0.949        |
|    value_loss           | 4.64         |
------------------------------------------
-----------------------------------------
| rollout/                |             |
|    ep_len_mean          | 2.01e+03    |
|    ep_rew_mean          | 28.9        |
| time/                   |             |
|    fps                  | 1549        |
|    iterations           | 37          |
|    time_elapsed         | 48          |
|    total_timesteps      | 280576      |
| train/                  |             |
|    approx_kl            | 0.003607422 |
|    clip_fraction        | 0.0403      |
|    clip_range           | 0.2         |
|    entropy_loss         | -2.73       |
|    explained_variance   | 0.746       |
|    learning_rate        | 0.0003      |
|    loss                 | 0.0563      |
|    n_updates            | 680         |
|    policy_gradient_loss | -0.00043    |
|    std                  | 0.949       |
|    value_loss           | 7.2         |
-----------------------------------------
------------------------------------------
| rollout/                |              |
|    ep_len_mean          | 2.01e+03     |
|    ep_rew_mean          | 28.6         |
| time/                   |              |
|    fps                  | 1549         |
|    iterations           | 38           |
|    time_elapsed         | 50           |
|    total_timesteps      | 282624       |
| train/                  |              |
|    approx_kl            | 0.0057000867 |
|    clip_fraction        | 0.0721       |
|    clip_range           | 0.2          |
|    entropy_loss         | -2.73        |
|    explained_variance   | 0.599        |
|    learning_rate        | 0.0003       |
|    loss                 | 0.0409       |
|    n_updates            | 685          |
|    policy_gradient_loss | -0.00236     |
|    std                  | 0.947        |
|    value_loss           | 10.2         |
------------------------------------------
-----------------------------------------
| rollout/                |             |
|    ep_len_mean          | 2.01e+03    |
|    ep_rew_mean          | 28.6        |
| time/                   |             |
|    fps                  | 1548        |
|    iterations           | 39          |
|    time_elapsed         | 51          |
|    total_timesteps      | 284672      |
| train/                  |             |
|    approx_kl            | 0.004741673 |
|    clip_fraction        | 0.0257      |
|    clip_range           | 0.2         |
|    entropy_loss         | -2.73       |
|    explained_variance   | 0.591       |
|    learning_rate        | 0.0003      |
|    loss                 | 19.8        |
|    n_updates            | 690         |
|    policy_gradient_loss | -0.00172    |
|    std                  | 0.946       |
|    value_loss           | 16.6        |
-----------------------------------------
-----------------------------------------
| rollout/                |             |
|    ep_len_mean          | 2.01e+03    |
|    ep_rew_mean          | 28.3        |
| time/                   |             |
|    fps                  | 1552        |
|    iterations           | 40          |
|    time_elapsed         | 52          |
|    total_timesteps      | 286720      |
| train/                  |             |
|    approx_kl            | 0.002281676 |
|    clip_fraction        | 0.00166     |
|    clip_range           | 0.2         |
|    entropy_loss         | -2.73       |
|    explained_variance   | 0.782       |
|    learning_rate        | 0.0003      |
|    loss                 | 1.88        |
|    n_updates            | 695         |
|    policy_gradient_loss | -0.00173    |
|    std                  | 0.946       |
|    value_loss           | 4.66        |
-----------------------------------------
------------------------------------------
| rollout/                |              |
|    ep_len_mean          | 2.02e+03     |
|    ep_rew_mean          | 28.2         |
| time/                   |              |
|    fps                  | 1552         |
|    iterations           | 41           |
|    time_elapsed         | 54           |
|    total_timesteps      | 288768       |
| train/                  |              |
|    approx_kl            | 0.0044627488 |
|    clip_fraction        | 0.0661       |
|    clip_range           | 0.2          |
|    entropy_loss         | -2.73        |
|    explained_variance   | 0.808        |
|    learning_rate        | 0.0003       |
|    loss                 | 3.24         |
|    n_updates            | 700          |
|    policy_gradient_loss | -0.0021      |
|    std                  | 0.945        |
|    value_loss           | 8.73         |
------------------------------------------
-----------------------------------------
| rollout/                |             |
|    ep_len_mean          | 2.01e+03    |
|    ep_rew_mean          | 29.1        |
| time/                   |             |
|    fps                  | 1553        |
|    iterations           | 42          |
|    time_elapsed         | 55          |
|    total_timesteps      | 290816      |
| train/                  |             |
|    approx_kl            | 0.005007276 |
|    clip_fraction        | 0.0157      |
|    clip_range           | 0.2         |
|    entropy_loss         | -2.73       |
|    explained_variance   | 0.842       |
|    learning_rate        | 0.0003      |
|    loss                 | 0.444       |
|    n_updates            | 705         |
|    policy_gradient_loss | -0.00243    |
|    std                  | 0.946       |
|    value_loss           | 8.02        |
-----------------------------------------
------------------------------------------
| rollout/                |              |
|    ep_len_mean          | 2e+03        |
|    ep_rew_mean          | 29.9         |
| time/                   |              |
|    fps                  | 1551         |
|    iterations           | 43           |
|    time_elapsed         | 56           |
|    total_timesteps      | 292864       |
| train/                  |              |
|    approx_kl            | 0.0023047933 |
|    clip_fraction        | 0.00469      |
|    clip_range           | 0.2          |
|    entropy_loss         | -2.73        |
|    explained_variance   | 0.0741       |
|    learning_rate        | 0.0003       |
|    loss                 | 2.23         |
|    n_updates            | 710          |
|    policy_gradient_loss | -0.00175     |
|    std                  | 0.947        |
|    value_loss           | 58.9         |
------------------------------------------
------------------------------------------
| rollout/                |              |
|    ep_len_mean          | 2e+03        |
|    ep_rew_mean          | 29.9         |
| time/                   |              |
|    fps                  | 1549         |
|    iterations           | 44           |
|    time_elapsed         | 58           |
|    total_timesteps      | 294912       |
| train/                  |              |
|    approx_kl            | 0.0040492592 |
|    clip_fraction        | 0.035        |
|    clip_range           | 0.2          |
|    entropy_loss         | -2.73        |
|    explained_variance   | -0.0381      |
|    learning_rate        | 0.0003       |
|    loss                 | 15           |
|    n_updates            | 715          |
|    policy_gradient_loss | -0.00144     |
|    std                  | 0.946        |
|    value_loss           | 64           |
------------------------------------------
----------------------------------------
| rollout/                |            |
|    ep_len_mean          | 2e+03      |
|    ep_rew_mean          | 29.9       |
| time/                   |            |
|    fps                  | 1551       |
|    iterations           | 45         |
|    time_elapsed         | 59         |
|    total_timesteps      | 296960     |
| train/                  |            |
|    approx_kl            | 0.00296035 |
|    clip_fraction        | 0.0288     |
|    clip_range           | 0.2        |
|    entropy_loss         | -2.73      |
|    explained_variance   | 0.663      |
|    learning_rate        | 0.0003     |
|    loss                 | 2.58       |
|    n_updates            | 720        |
|    policy_gradient_loss | -0.00173   |
|    std                  | 0.947      |
|    value_loss           | 7.91       |
----------------------------------------
------------------------------------------
| rollout/                |              |
|    ep_len_mean          | 2e+03        |
|    ep_rew_mean          | 29.9         |
| time/                   |              |
|    fps                  | 1552         |
|    iterations           | 46           |
|    time_elapsed         | 60           |
|    total_timesteps      | 299008       |
| train/                  |              |
|    approx_kl            | 0.0027794023 |
|    clip_fraction        | 0.0118       |
|    clip_range           | 0.2          |
|    entropy_loss         | -2.73        |
|    explained_variance   | 0.916        |
|    learning_rate        | 0.0003       |
|    loss                 | 1.07         |
|    n_updates            | 725          |
|    policy_gradient_loss | -0.00222     |
|    std                  | 0.946        |
|    value_loss           | 3.18         |
------------------------------------------
----------------------------------------
| rollout/                |            |
|    ep_len_mean          | 2.01e+03   |
|    ep_rew_mean          | 29.1       |
| time/                   |            |
|    fps                  | 1555       |
|    iterations           | 47         |
|    time_elapsed         | 61         |
|    total_timesteps      | 301056     |
| train/                  |            |
|    approx_kl            | 0.01217471 |
|    clip_fraction        | 0.116      |
|    clip_range           | 0.2        |
|    entropy_loss         | -2.73      |
|    explained_variance   | 0.928      |
|    learning_rate        | 0.0003     |
|    loss                 | 1.28       |
|    n_updates            | 730        |
|    policy_gradient_loss | 0.00593    |
|    std                  | 0.946      |
|    value_loss           | 1.89       |
----------------------------------------
-----------------------------------------
| rollout/                |             |
|    ep_len_mean          | 2.01e+03    |
|    ep_rew_mean          | 29.1        |
| time/                   |             |
|    fps                  | 1551        |
|    iterations           | 48          |
|    time_elapsed         | 63          |
|    total_timesteps      | 303104      |
| train/                  |             |
|    approx_kl            | 0.012179858 |
|    clip_fraction        | 0.0769      |
|    clip_range           | 0.2         |
|    entropy_loss         | -2.73       |
|    explained_variance   | 0.416       |
|    learning_rate        | 0.0003      |
|    loss                 | 0.839       |
|    n_updates            | 735         |
|    policy_gradient_loss | 0.00238     |
|    std                  | 0.946       |
|    value_loss           | 29.7        |
-----------------------------------------
------------------------------------------
| rollout/                |              |
|    ep_len_mean          | 2.01e+03     |
|    ep_rew_mean          | 29.1         |
| time/                   |              |
|    fps                  | 1553         |
|    iterations           | 49           |
|    time_elapsed         | 64           |
|    total_timesteps      | 305152       |
| train/                  |              |
|    approx_kl            | 0.0019140125 |
|    clip_fraction        | 0.0289       |
|    clip_range           | 0.2          |
|    entropy_loss         | -2.73        |
|    explained_variance   | 0.626        |
|    learning_rate        | 0.0003       |
|    loss                 | 0.995        |
|    n_updates            | 740          |
|    policy_gradient_loss | -0.00185     |
|    std                  | 0.947        |
|    value_loss           | 6.48         |
------------------------------------------
-----------------------------------------
| rollout/                |             |
|    ep_len_mean          | 2.01e+03    |
|    ep_rew_mean          | 29.1        |
| time/                   |             |
|    fps                  | 1555        |
|    iterations           | 50          |
|    time_elapsed         | 65          |
|    total_timesteps      | 307200      |
| train/                  |             |
|    approx_kl            | 0.005771091 |
|    clip_fraction        | 0.0179      |
|    clip_range           | 0.2         |
|    entropy_loss         | -2.73       |
|    explained_variance   | 0.782       |
|    learning_rate        | 0.0003      |
|    loss                 | 2.22        |
|    n_updates            | 745         |
|    policy_gradient_loss | -0.00334    |
|    std                  | 0.947       |
|    value_loss           | 4.84        |
-----------------------------------------
-----------------------------------------
| rollout/                |             |
|    ep_len_mean          | 2.01e+03    |
|    ep_rew_mean          | 28.8        |
| time/                   |             |
|    fps                  | 1556        |
|    iterations           | 51          |
|    time_elapsed         | 67          |
|    total_timesteps      | 309248      |
| train/                  |             |
|    approx_kl            | 0.004105491 |
|    clip_fraction        | 0.0437      |
|    clip_range           | 0.2         |
|    entropy_loss         | -2.73       |
|    explained_variance   | 0.909       |
|    learning_rate        | 0.0003      |
|    loss                 | 0.0493      |
|    n_updates            | 750         |
|    policy_gradient_loss | -0.00115    |
|    std                  | 0.949       |
|    value_loss           | 1.76        |
-----------------------------------------
------------------------------------------
| rollout/                |              |
|    ep_len_mean          | 2.02e+03     |
|    ep_rew_mean          | 27.4         |
| time/                   |              |
|    fps                  | 1550         |
|    iterations           | 52           |
|    time_elapsed         | 68           |
|    total_timesteps      | 311296       |
| train/                  |              |
|    approx_kl            | 0.0028047687 |
|    clip_fraction        | 0.0482       |
|    clip_range           | 0.2          |
|    entropy_loss         | -2.73        |
|    explained_variance   | 0.593        |
|    learning_rate        | 0.0003       |
|    loss                 | 0.2          |
|    n_updates            | 755          |
|    policy_gradient_loss | -0.0013      |
|    std                  | 0.948        |
|    value_loss           | 23.4         |
------------------------------------------
------------------------------------------
| rollout/                |              |
|    ep_len_mean          | 2.02e+03     |
|    ep_rew_mean          | 27.4         |
| time/                   |              |
|    fps                  | 1552         |
|    iterations           | 53           |
|    time_elapsed         | 69           |
|    total_timesteps      | 313344       |
| train/                  |              |
|    approx_kl            | 0.0023023551 |
|    clip_fraction        | 0.0665       |
|    clip_range           | 0.2          |
|    entropy_loss         | -2.73        |
|    explained_variance   | 0.697        |
|    learning_rate        | 0.0003       |
|    loss                 | 4.67         |
|    n_updates            | 760          |
|    policy_gradient_loss | -0.00348     |
|    std                  | 0.946        |
|    value_loss           | 10.1         |
------------------------------------------
------------------------------------------
| rollout/                |              |
|    ep_len_mean          | 2.01e+03     |
|    ep_rew_mean          | 27.4         |
| time/                   |              |
|    fps                  | 1553         |
|    iterations           | 54           |
|    time_elapsed         | 71           |
|    total_timesteps      | 315392       |
| train/                  |              |
|    approx_kl            | 0.0036943944 |
|    clip_fraction        | 0.031        |
|    clip_range           | 0.2          |
|    entropy_loss         | -2.73        |
|    explained_variance   | 0.85         |
|    learning_rate        | 0.0003       |
|    loss                 | 0.161        |
|    n_updates            | 765          |
|    policy_gradient_loss | 0.00011      |
|    std                  | 0.945        |
|    value_loss           | 3.27         |
------------------------------------------
------------------------------------------
| rollout/                |              |
|    ep_len_mean          | 2.02e+03     |
|    ep_rew_mean          | 27           |
| time/                   |              |
|    fps                  | 1554         |
|    iterations           | 55           |
|    time_elapsed         | 72           |
|    total_timesteps      | 317440       |
| train/                  |              |
|    approx_kl            | 0.0069837365 |
|    clip_fraction        | 0.0501       |
|    clip_range           | 0.2          |
|    entropy_loss         | -2.73        |
|    explained_variance   | 0.808        |
|    learning_rate        | 0.0003       |
|    loss                 | 0.0883       |
|    n_updates            | 770          |
|    policy_gradient_loss | -0.00426     |
|    std                  | 0.947        |
|    value_loss           | 7.87         |
------------------------------------------
------------------------------------------
| rollout/                |              |
|    ep_len_mean          | 2.02e+03     |
|    ep_rew_mean          | 26.8         |
| time/                   |              |
|    fps                  | 1554         |
|    iterations           | 56           |
|    time_elapsed         | 73           |
|    total_timesteps      | 319488       |
| train/                  |              |
|    approx_kl            | 0.0036038794 |
|    clip_fraction        | 0.066        |
|    clip_range           | 0.2          |
|    entropy_loss         | -2.73        |
|    explained_variance   | 0.632        |
|    learning_rate        | 0.0003       |
|    loss                 | 5.24         |
|    n_updates            | 775          |
|    policy_gradient_loss | -0.00107     |
|    std                  | 0.948        |
|    value_loss           | 11.5         |
------------------------------------------
------------------------------------------
| rollout/                |              |
|    ep_len_mean          | 2.02e+03     |
|    ep_rew_mean          | 26.8         |
| time/                   |              |
|    fps                  | 1554         |
|    iterations           | 57           |
|    time_elapsed         | 75           |
|    total_timesteps      | 321536       |
| train/                  |              |
|    approx_kl            | 0.0029717279 |
|    clip_fraction        | 0.0557       |
|    clip_range           | 0.2          |
|    entropy_loss         | -2.73        |
|    explained_variance   | 0.555        |
|    learning_rate        | 0.0003       |
|    loss                 | 3.04         |
|    n_updates            | 780          |
|    policy_gradient_loss | -0.0028      |
|    std                  | 0.948        |
|    value_loss           | 9.77         |
------------------------------------------
-----------------------------------------
| rollout/                |             |
|    ep_len_mean          | 2.01e+03    |
|    ep_rew_mean          | 27.8        |
| time/                   |             |
|    fps                  | 1555        |
|    iterations           | 58          |
|    time_elapsed         | 76          |
|    total_timesteps      | 323584      |
| train/                  |             |
|    approx_kl            | 0.002620365 |
|    clip_fraction        | 0.0249      |
|    clip_range           | 0.2         |
|    entropy_loss         | -2.73       |
|    explained_variance   | 0.676       |
|    learning_rate        | 0.0003      |
|    loss                 | 2.9         |
|    n_updates            | 785         |
|    policy_gradient_loss | -0.00303    |
|    std                  | 0.948       |
|    value_loss           | 6.74        |
-----------------------------------------
------------------------------------------
| rollout/                |              |
|    ep_len_mean          | 2.01e+03     |
|    ep_rew_mean          | 27.7         |
| time/                   |              |
|    fps                  | 1555         |
|    iterations           | 59           |
|    time_elapsed         | 77           |
|    total_timesteps      | 325632       |
| train/                  |              |
|    approx_kl            | 0.0050821016 |
|    clip_fraction        | 0.0297       |
|    clip_range           | 0.2          |
|    entropy_loss         | -2.73        |
|    explained_variance   | 0.221        |
|    learning_rate        | 0.0003       |
|    loss                 | 0.925        |
|    n_updates            | 790          |
|    policy_gradient_loss | -0.00217     |
|    std                  | 0.948        |
|    value_loss           | 56.5         |
------------------------------------------
------------------------------------------
| rollout/                |              |
|    ep_len_mean          | 2.02e+03     |
|    ep_rew_mean          | 27.3         |
| time/                   |              |
|    fps                  | 1555         |
|    iterations           | 60           |
|    time_elapsed         | 78           |
|    total_timesteps      | 327680       |
| train/                  |              |
|    approx_kl            | 0.0051629404 |
|    clip_fraction        | 0.153        |
|    clip_range           | 0.2          |
|    entropy_loss         | -2.73        |
|    explained_variance   | 0.68         |
|    learning_rate        | 0.0003       |
|    loss                 | 4.46         |
|    n_updates            | 795          |
|    policy_gradient_loss | 0.00443      |
|    std                  | 0.947        |
|    value_loss           | 8.76         |
------------------------------------------
------------------------------------------
| rollout/                |              |
|    ep_len_mean          | 2.02e+03     |
|    ep_rew_mean          | 27.3         |
| time/                   |              |
|    fps                  | 1555         |
|    iterations           | 61           |
|    time_elapsed         | 80           |
|    total_timesteps      | 329728       |
| train/                  |              |
|    approx_kl            | 0.0059682988 |
|    clip_fraction        | 0.0451       |
|    clip_range           | 0.2          |
|    entropy_loss         | -2.73        |
|    explained_variance   | 0.786        |
|    learning_rate        | 0.0003       |
|    loss                 | 3.58         |
|    n_updates            | 800          |
|    policy_gradient_loss | -0.00282     |
|    std                  | 0.947        |
|    value_loss           | 11.5         |
------------------------------------------
-----------------------------------------
| rollout/                |             |
|    ep_len_mean          | 2.02e+03    |
|    ep_rew_mean          | 27.3        |
| time/                   |             |
|    fps                  | 1555        |
|    iterations           | 62          |
|    time_elapsed         | 81          |
|    total_timesteps      | 331776      |
| train/                  |             |
|    approx_kl            | 0.007956048 |
|    clip_fraction        | 0.0499      |
|    clip_range           | 0.2         |
|    entropy_loss         | -2.73       |
|    explained_variance   | 0.924       |
|    learning_rate        | 0.0003      |
|    loss                 | 0.341       |
|    n_updates            | 805         |
|    policy_gradient_loss | -0.0035     |
|    std                  | 0.947       |
|    value_loss           | 3.84        |
-----------------------------------------
-----------------------------------------
| rollout/                |             |
|    ep_len_mean          | 2.02e+03    |
|    ep_rew_mean          | 27.1        |
| time/                   |             |
|    fps                  | 1556        |
|    iterations           | 63          |
|    time_elapsed         | 82          |
|    total_timesteps      | 333824      |
| train/                  |             |
|    approx_kl            | 0.008627718 |
|    clip_fraction        | 0.0806      |
|    clip_range           | 0.2         |
|    entropy_loss         | -2.73       |
|    explained_variance   | 0.914       |
|    learning_rate        | 0.0003      |
|    loss                 | 1.27        |
|    n_updates            | 810         |
|    policy_gradient_loss | -0.000765   |
|    std                  | 0.947       |
|    value_loss           | 3.06        |
-----------------------------------------
-----------------------------------------
| rollout/                |             |
|    ep_len_mean          | 2.03e+03    |
|    ep_rew_mean          | 26.8        |
| time/                   |             |
|    fps                  | 1553        |
|    iterations           | 64          |
|    time_elapsed         | 84          |
|    total_timesteps      | 335872      |
| train/                  |             |
|    approx_kl            | 0.013187394 |
|    clip_fraction        | 0.117       |
|    clip_range           | 0.2         |
|    entropy_loss         | -2.73       |
|    explained_variance   | 0.716       |
|    learning_rate        | 0.0003      |
|    loss                 | 0.829       |
|    n_updates            | 815         |
|    policy_gradient_loss | 0.00224     |
|    std                  | 0.944       |
|    value_loss           | 16.8        |
-----------------------------------------
----------------------------------------
| rollout/                |            |
|    ep_len_mean          | 2.03e+03   |
|    ep_rew_mean          | 25.6       |
| time/                   |            |
|    fps                  | 1554       |
|    iterations           | 65         |
|    time_elapsed         | 85         |
|    total_timesteps      | 337920     |
| train/                  |            |
|    approx_kl            | 0.03706804 |
|    clip_fraction        | 0.212      |
|    clip_range           | 0.2        |
|    entropy_loss         | -2.72      |
|    explained_variance   | 0.752      |
|    learning_rate        | 0.0003     |
|    loss                 | 1.03       |
|    n_updates            | 820        |
|    policy_gradient_loss | 0.00595    |
|    std                  | 0.945      |
|    value_loss           | 10.3       |
----------------------------------------
-----------------------------------------
| rollout/                |             |
|    ep_len_mean          | 2.01e+03    |
|    ep_rew_mean          | 26.7        |
| time/                   |             |
|    fps                  | 1554        |
|    iterations           | 66          |
|    time_elapsed         | 86          |
|    total_timesteps      | 339968      |
| train/                  |             |
|    approx_kl            | 0.003960574 |
|    clip_fraction        | 0.0268      |
|    clip_range           | 0.2         |
|    entropy_loss         | -2.73       |
|    explained_variance   | 0.782       |
|    learning_rate        | 0.0003      |
|    loss                 | 2.61        |
|    n_updates            | 825         |
|    policy_gradient_loss | -0.00225    |
|    std                  | 0.945       |
|    value_loss           | 10.3        |
-----------------------------------------
------------------------------------------
| rollout/                |              |
|    ep_len_mean          | 2.01e+03     |
|    ep_rew_mean          | 26.6         |
| time/                   |              |
|    fps                  | 1552         |
|    iterations           | 67           |
|    time_elapsed         | 88           |
|    total_timesteps      | 342016       |
| train/                  |              |
|    approx_kl            | 0.0064140735 |
|    clip_fraction        | 0.043        |
|    clip_range           | 0.2          |
|    entropy_loss         | -2.73        |
|    explained_variance   | 0.266        |
|    learning_rate        | 0.0003       |
|    loss                 | 1.75         |
|    n_updates            | 830          |
|    policy_gradient_loss | -0.00231     |
|    std                  | 0.945        |
|    value_loss           | 59           |
------------------------------------------
------------------------------------------
| rollout/                |              |
|    ep_len_mean          | 2.01e+03     |
|    ep_rew_mean          | 26.6         |
| time/                   |              |
|    fps                  | 1552         |
|    iterations           | 68           |
|    time_elapsed         | 89           |
|    total_timesteps      | 344064       |
| train/                  |              |
|    approx_kl            | 0.0060773874 |
|    clip_fraction        | 0.0383       |
|    clip_range           | 0.2          |
|    entropy_loss         | -2.73        |
|    explained_variance   | 0.802        |
|    learning_rate        | 0.0003       |
|    loss                 | 4.02         |
|    n_updates            | 835          |
|    policy_gradient_loss | -0.0025      |
|    std                  | 0.946        |
|    value_loss           | 9.46         |
------------------------------------------
------------------------------------------
| rollout/                |              |
|    ep_len_mean          | 2.01e+03     |
|    ep_rew_mean          | 26.6         |
| time/                   |              |
|    fps                  | 1553         |
|    iterations           | 69           |
|    time_elapsed         | 90           |
|    total_timesteps      | 346112       |
| train/                  |              |
|    approx_kl            | 0.0065596597 |
|    clip_fraction        | 0.0326       |
|    clip_range           | 0.2          |
|    entropy_loss         | -2.73        |
|    explained_variance   | 0.829        |
|    learning_rate        | 0.0003       |
|    loss                 | 5.37         |
|    n_updates            | 840          |
|    policy_gradient_loss | -0.00153     |
|    std                  | 0.946        |
|    value_loss           | 11.4         |
------------------------------------------
----------------------------------------
| rollout/                |            |
|    ep_len_mean          | 2.01e+03   |
|    ep_rew_mean          | 26.7       |
| time/                   |            |
|    fps                  | 1554       |
|    iterations           | 70         |
|    time_elapsed         | 92         |
|    total_timesteps      | 348160     |
| train/                  |            |
|    approx_kl            | 0.00892958 |
|    clip_fraction        | 0.0953     |
|    clip_range           | 0.2        |
|    entropy_loss         | -2.73      |
|    explained_variance   | 0.837      |
|    learning_rate        | 0.0003     |
|    loss                 | 4.03       |
|    n_updates            | 845        |
|    policy_gradient_loss | -0.00447   |
|    std                  | 0.947      |
|    value_loss           | 4.73       |
----------------------------------------
-----------------------------------------
| rollout/                |             |
|    ep_len_mean          | 2.03e+03    |
|    ep_rew_mean          | 25.4        |
| time/                   |             |
|    fps                  | 1555        |
|    iterations           | 71          |
|    time_elapsed         | 93          |
|    total_timesteps      | 350208      |
| train/                  |             |
|    approx_kl            | 0.004511927 |
|    clip_fraction        | 0.0146      |
|    clip_range           | 0.2         |
|    entropy_loss         | -2.73       |
|    explained_variance   | 0.0096      |
|    learning_rate        | 0.0003      |
|    loss                 | 0.457       |
|    n_updates            | 850         |
|    policy_gradient_loss | -0.00186    |
|    std                  | 0.947       |
|    value_loss           | 53.8        |
-----------------------------------------
-----------------------------------------
| rollout/                |             |
|    ep_len_mean          | 2.03e+03    |
|    ep_rew_mean          | 25.2        |
| time/                   |             |
|    fps                  | 1554        |
|    iterations           | 72          |
|    time_elapsed         | 94          |
|    total_timesteps      | 352256      |
| train/                  |             |
|    approx_kl            | 0.009596379 |
|    clip_fraction        | 0.0554      |
|    clip_range           | 0.2         |
|    entropy_loss         | -2.73       |
|    explained_variance   | 0.608       |
|    learning_rate        | 0.0003      |
|    loss                 | 6.75        |
|    n_updates            | 855         |
|    policy_gradient_loss | -0.00173    |
|    std                  | 0.947       |
|    value_loss           | 18.5        |
-----------------------------------------
------------------------------------------
| rollout/                |              |
|    ep_len_mean          | 2.03e+03     |
|    ep_rew_mean          | 25.2         |
| time/                   |              |
|    fps                  | 1555         |
|    iterations           | 73           |
|    time_elapsed         | 96           |
|    total_timesteps      | 354304       |
| train/                  |              |
|    approx_kl            | 0.0034726267 |
|    clip_fraction        | 0.0104       |
|    clip_range           | 0.2          |
|    entropy_loss         | -2.73        |
|    explained_variance   | 0.659        |
|    learning_rate        | 0.0003       |
|    loss                 | 5.4          |
|    n_updates            | 860          |
|    policy_gradient_loss | -0.000308    |
|    std                  | 0.946        |
|    value_loss           | 13           |
------------------------------------------
-----------------------------------------
| rollout/                |             |
|    ep_len_mean          | 2.03e+03    |
|    ep_rew_mean          | 25.2        |
| time/                   |             |
|    fps                  | 1556        |
|    iterations           | 74          |
|    time_elapsed         | 97          |
|    total_timesteps      | 356352      |
| train/                  |             |
|    approx_kl            | 0.008698099 |
|    clip_fraction        | 0.0634      |
|    clip_range           | 0.2         |
|    entropy_loss         | -2.73       |
|    explained_variance   | 0.844       |
|    learning_rate        | 0.0003      |
|    loss                 | 0.283       |
|    n_updates            | 865         |
|    policy_gradient_loss | -0.00223    |
|    std                  | 0.948       |
|    value_loss           | 3.86        |
-----------------------------------------
-----------------------------------------
| rollout/                |             |
|    ep_len_mean          | 2.03e+03    |
|    ep_rew_mean          | 24.7        |
| time/                   |             |
|    fps                  | 1556        |
|    iterations           | 75          |
|    time_elapsed         | 98          |
|    total_timesteps      | 358400      |
| train/                  |             |
|    approx_kl            | 0.004246959 |
|    clip_fraction        | 0.0213      |
|    clip_range           | 0.2         |
|    entropy_loss         | -2.73       |
|    explained_variance   | 0.939       |
|    learning_rate        | 0.0003      |
|    loss                 | 2.23        |
|    n_updates            | 870         |
|    policy_gradient_loss | -0.00195    |
|    std                  | 0.947       |
|    value_loss           | 2.14        |
-----------------------------------------
------------------------------------------
| rollout/                |              |
|    ep_len_mean          | 2.03e+03     |
|    ep_rew_mean          | 24.5         |
| time/                   |              |
|    fps                  | 1555         |
|    iterations           | 76           |
|    time_elapsed         | 100          |
|    total_timesteps      | 360448       |
| train/                  |              |
|    approx_kl            | 0.0046966886 |
|    clip_fraction        | 0.0283       |
|    clip_range           | 0.2          |
|    entropy_loss         | -2.73        |
|    explained_variance   | 0.61         |
|    learning_rate        | 0.0003       |
|    loss                 | 45           |
|    n_updates            | 875          |
|    policy_gradient_loss | -0.00239     |
|    std                  | 0.946        |
|    value_loss           | 19           |
------------------------------------------
----------------------------------------
| rollout/                |            |
|    ep_len_mean          | 2.02e+03   |
|    ep_rew_mean          | 25.6       |
| time/                   |            |
|    fps                  | 1555       |
|    iterations           | 77         |
|    time_elapsed         | 101        |
|    total_timesteps      | 362496     |
| train/                  |            |
|    approx_kl            | 0.02142079 |
|    clip_fraction        | 0.088      |
|    clip_range           | 0.2        |
|    entropy_loss         | -2.73      |
|    explained_variance   | 0.647      |
|    learning_rate        | 0.0003     |
|    loss                 | 4.86       |
|    n_updates            | 880        |
|    policy_gradient_loss | 0.000729   |
|    std                  | 0.946      |
|    value_loss           | 10         |
----------------------------------------
-----------------------------------------
| rollout/                |             |
|    ep_len_mean          | 2.02e+03    |
|    ep_rew_mean          | 25.6        |
| time/                   |             |
|    fps                  | 1554        |
|    iterations           | 78          |
|    time_elapsed         | 102         |
|    total_timesteps      | 364544      |
| train/                  |             |
|    approx_kl            | 0.004453974 |
|    clip_fraction        | 0.0488      |
|    clip_range           | 0.2         |
|    entropy_loss         | -2.73       |
|    explained_variance   | 0.282       |
|    learning_rate        | 0.0003      |
|    loss                 | 1.31        |
|    n_updates            | 885         |
|    policy_gradient_loss | -0.00209    |
|    std                  | 0.946       |
|    value_loss           | 57.7        |
-----------------------------------------
-----------------------------------------
| rollout/                |             |
|    ep_len_mean          | 2.02e+03    |
|    ep_rew_mean          | 25.4        |
| time/                   |             |
|    fps                  | 1555        |
|    iterations           | 79          |
|    time_elapsed         | 103         |
|    total_timesteps      | 366592      |
| train/                  |             |
|    approx_kl            | 0.002615094 |
|    clip_fraction        | 0.0135      |
|    clip_range           | 0.2         |
|    entropy_loss         | -2.73       |
|    explained_variance   | 0.828       |
|    learning_rate        | 0.0003      |
|    loss                 | 0.454       |
|    n_updates            | 890         |
|    policy_gradient_loss | -0.000484   |
|    std                  | 0.945       |
|    value_loss           | 4.3         |
-----------------------------------------
-----------------------------------------
| rollout/                |             |
|    ep_len_mean          | 2e+03       |
|    ep_rew_mean          | 26.4        |
| time/                   |             |
|    fps                  | 1555        |
|    iterations           | 80          |
|    time_elapsed         | 105         |
|    total_timesteps      | 368640      |
| train/                  |             |
|    approx_kl            | 0.005753707 |
|    clip_fraction        | 0.0444      |
|    clip_range           | 0.2         |
|    entropy_loss         | -2.72       |
|    explained_variance   | 0.698       |
|    learning_rate        | 0.0003      |
|    loss                 | 6.22        |
|    n_updates            | 895         |
|    policy_gradient_loss | -0.00114    |
|    std                  | 0.944       |
|    value_loss           | 13.3        |
-----------------------------------------
------------------------------------------
| rollout/                |              |
|    ep_len_mean          | 2e+03        |
|    ep_rew_mean          | 26.4         |
| time/                   |              |
|    fps                  | 1552         |
|    iterations           | 81           |
|    time_elapsed         | 106          |
|    total_timesteps      | 370688       |
| train/                  |              |
|    approx_kl            | 0.0035214578 |
|    clip_fraction        | 0.141        |
|    clip_range           | 0.2          |
|    entropy_loss         | -2.72        |
|    explained_variance   | 0.252        |
|    learning_rate        | 0.0003       |
|    loss                 | 4.08         |
|    n_updates            | 900          |
|    policy_gradient_loss | -0.000116    |
|    std                  | 0.943        |
|    value_loss           | 67.3         |
------------------------------------------
-----------------------------------------
| rollout/                |             |
|    ep_len_mean          | 2e+03       |
|    ep_rew_mean          | 26.3        |
| time/                   |             |
|    fps                  | 1553        |
|    iterations           | 82          |
|    time_elapsed         | 108         |
|    total_timesteps      | 372736      |
| train/                  |             |
|    approx_kl            | 0.011229682 |
|    clip_fraction        | 0.0596      |
|    clip_range           | 0.2         |
|    entropy_loss         | -2.72       |
|    explained_variance   | 0.875       |
|    learning_rate        | 0.0003      |
|    loss                 | 4.47        |
|    n_updates            | 905         |
|    policy_gradient_loss | -0.00384    |
|    std                  | 0.942       |
|    value_loss           | 6.2         |
-----------------------------------------
-----------------------------------------
| rollout/                |             |
|    ep_len_mean          | 2e+03       |
|    ep_rew_mean          | 26.3        |
| time/                   |             |
|    fps                  | 1554        |
|    iterations           | 83          |
|    time_elapsed         | 109         |
|    total_timesteps      | 374784      |
| train/                  |             |
|    approx_kl            | 0.002583789 |
|    clip_fraction        | 0.049       |
|    clip_range           | 0.2         |
|    entropy_loss         | -2.72       |
|    explained_variance   | 0.735       |
|    learning_rate        | 0.0003      |
|    loss                 | 5.42        |
|    n_updates            | 910         |
|    policy_gradient_loss | -0.00128    |
|    std                  | 0.941       |
|    value_loss           | 9.28        |
-----------------------------------------
-----------------------------------------
| rollout/                |             |
|    ep_len_mean          | 2e+03       |
|    ep_rew_mean          | 25.9        |
| time/                   |             |
|    fps                  | 1555        |
|    iterations           | 84          |
|    time_elapsed         | 110         |
|    total_timesteps      | 376832      |
| train/                  |             |
|    approx_kl            | 0.007325371 |
|    clip_fraction        | 0.0479      |
|    clip_range           | 0.2         |
|    entropy_loss         | -2.72       |
|    explained_variance   | 0.892       |
|    learning_rate        | 0.0003      |
|    loss                 | 0.0907      |
|    n_updates            | 915         |
|    policy_gradient_loss | -0.00294    |
|    std                  | 0.941       |
|    value_loss           | 5.01        |
-----------------------------------------
-----------------------------------------
| rollout/                |             |
|    ep_len_mean          | 2e+03       |
|    ep_rew_mean          | 25.7        |
| time/                   |             |
|    fps                  | 1554        |
|    iterations           | 85          |
|    time_elapsed         | 111         |
|    total_timesteps      | 378880      |
| train/                  |             |
|    approx_kl            | 0.005683024 |
|    clip_fraction        | 0.0261      |
|    clip_range           | 0.2         |
|    entropy_loss         | -2.72       |
|    explained_variance   | 0.803       |
|    learning_rate        | 0.0003      |
|    loss                 | 0.131       |
|    n_updates            | 920         |
|    policy_gradient_loss | -0.00168    |
|    std                  | 0.941       |
|    value_loss           | 14.1        |
-----------------------------------------
-----------------------------------------
| rollout/                |             |
|    ep_len_mean          | 2e+03       |
|    ep_rew_mean          | 25.5        |
| time/                   |             |
|    fps                  | 1553        |
|    iterations           | 86          |
|    time_elapsed         | 113         |
|    total_timesteps      | 380928      |
| train/                  |             |
|    approx_kl            | 0.011756904 |
|    clip_fraction        | 0.165       |
|    clip_range           | 0.2         |
|    entropy_loss         | -2.71       |
|    explained_variance   | 0.498       |
|    learning_rate        | 0.0003      |
|    loss                 | 2.02        |
|    n_updates            | 925         |
|    policy_gradient_loss | 0.00925     |
|    std                  | 0.939       |
|    value_loss           | 9.59        |
-----------------------------------------
------------------------------------------
| rollout/                |              |
|    ep_len_mean          | 2e+03        |
|    ep_rew_mean          | 25.5         |
| time/                   |              |
|    fps                  | 1554         |
|    iterations           | 87           |
|    time_elapsed         | 114          |
|    total_timesteps      | 382976       |
| train/                  |              |
|    approx_kl            | 0.0047650742 |
|    clip_fraction        | 0.067        |
|    clip_range           | 0.2          |
|    entropy_loss         | -2.71        |
|    explained_variance   | 0.596        |
|    learning_rate        | 0.0003       |
|    loss                 | 2.41         |
|    n_updates            | 930          |
|    policy_gradient_loss | -0.0033      |
|    std                  | 0.938        |
|    value_loss           | 11.6         |
------------------------------------------
-----------------------------------------
| rollout/                |             |
|    ep_len_mean          | 2e+03       |
|    ep_rew_mean          | 25.5        |
| time/                   |             |
|    fps                  | 1553        |
|    iterations           | 88          |
|    time_elapsed         | 115         |
|    total_timesteps      | 385024      |
| train/                  |             |
|    approx_kl            | 0.004947805 |
|    clip_fraction        | 0.0629      |
|    clip_range           | 0.2         |
|    entropy_loss         | -2.71       |
|    explained_variance   | 0.182       |
|    learning_rate        | 0.0003      |
|    loss                 | 3.16        |
|    n_updates            | 935         |
|    policy_gradient_loss | -0.00202    |
|    std                  | 0.939       |
|    value_loss           | 57.2        |
-----------------------------------------
-----------------------------------------
| rollout/                |             |
|    ep_len_mean          | 1.99e+03    |
|    ep_rew_mean          | 26.6        |
| time/                   |             |
|    fps                  | 1555        |
|    iterations           | 89          |
|    time_elapsed         | 117         |
|    total_timesteps      | 387072      |
| train/                  |             |
|    approx_kl            | 0.006639329 |
|    clip_fraction        | 0.0304      |
|    clip_range           | 0.2         |
|    entropy_loss         | -2.71       |
|    explained_variance   | 0.729       |
|    learning_rate        | 0.0003      |
|    loss                 | 0.0616      |
|    n_updates            | 940         |
|    policy_gradient_loss | -0.00228    |
|    std                  | 0.939       |
|    value_loss           | 6.3         |
-----------------------------------------
------------------------------------------
| rollout/                |              |
|    ep_len_mean          | 2e+03        |
|    ep_rew_mean          | 26.6         |
| time/                   |              |
|    fps                  | 1553         |
|    iterations           | 90           |
|    time_elapsed         | 118          |
|    total_timesteps      | 389120       |
| train/                  |              |
|    approx_kl            | 0.0030795007 |
|    clip_fraction        | 0.0128       |
|    clip_range           | 0.2          |
|    entropy_loss         | -2.71        |
|    explained_variance   | 0.206        |
|    learning_rate        | 0.0003       |
|    loss                 | 1.74         |
|    n_updates            | 945          |
|    policy_gradient_loss | -0.00133     |
|    std                  | 0.939        |
|    value_loss           | 113          |
------------------------------------------
----------------------------------------
| rollout/                |            |
|    ep_len_mean          | 1.98e+03   |
|    ep_rew_mean          | 27.8       |
| time/                   |            |
|    fps                  | 1553       |
|    iterations           | 91         |
|    time_elapsed         | 119        |
|    total_timesteps      | 391168     |
| train/                  |            |
|    approx_kl            | 0.00647121 |
|    clip_fraction        | 0.0716     |
|    clip_range           | 0.2        |
|    entropy_loss         | -2.71      |
|    explained_variance   | 0.515      |
|    learning_rate        | 0.0003     |
|    loss                 | 1.29       |
|    n_updates            | 950        |
|    policy_gradient_loss | -0.00706   |
|    std                  | 0.939      |
|    value_loss           | 8.33       |
----------------------------------------
-----------------------------------------
| rollout/                |             |
|    ep_len_mean          | 1.97e+03    |
|    ep_rew_mean          | 28.9        |
| time/                   |             |
|    fps                  | 1554        |
|    iterations           | 92          |
|    time_elapsed         | 121         |
|    total_timesteps      | 393216      |
| train/                  |             |
|    approx_kl            | 0.004045761 |
|    clip_fraction        | 0.0528      |
|    clip_range           | 0.2         |
|    entropy_loss         | -2.71       |
|    explained_variance   | 0.0903      |
|    learning_rate        | 0.0003      |
|    loss                 | 0.916       |
|    n_updates            | 955         |
|    policy_gradient_loss | -0.00271    |
|    std                  | 0.939       |
|    value_loss           | 56.6        |
-----------------------------------------
------------------------------------------
| rollout/                |              |
|    ep_len_mean          | 1.96e+03     |
|    ep_rew_mean          | 29           |
| time/                   |              |
|    fps                  | 1554         |
|    iterations           | 93           |
|    time_elapsed         | 122          |
|    total_timesteps      | 395264       |
| train/                  |              |
|    approx_kl            | 0.0048255376 |
|    clip_fraction        | 0.0564       |
|    clip_range           | 0.2          |
|    entropy_loss         | -2.71        |
|    explained_variance   | 0.337        |
|    learning_rate        | 0.0003       |
|    loss                 | 0.65         |
|    n_updates            | 960          |
|    policy_gradient_loss | 5.78e-05     |
|    std                  | 0.937        |
|    value_loss           | 54.6         |
------------------------------------------
------------------------------------------
| rollout/                |              |
|    ep_len_mean          | 1.96e+03     |
|    ep_rew_mean          | 29           |
| time/                   |              |
|    fps                  | 1553         |
|    iterations           | 94           |
|    time_elapsed         | 123          |
|    total_timesteps      | 397312       |
| train/                  |              |
|    approx_kl            | 0.0150151225 |
|    clip_fraction        | 0.171        |
|    clip_range           | 0.2          |
|    entropy_loss         | -2.71        |
|    explained_variance   | 0.75         |
|    learning_rate        | 0.0003       |
|    loss                 | 9.54         |
|    n_updates            | 965          |
|    policy_gradient_loss | -0.00277     |
|    std                  | 0.937        |
|    value_loss           | 10.8         |
------------------------------------------
------------------------------------------
| rollout/                |              |
|    ep_len_mean          | 1.97e+03     |
|    ep_rew_mean          | 28.9         |
| time/                   |              |
|    fps                  | 1554         |
|    iterations           | 95           |
|    time_elapsed         | 125          |
|    total_timesteps      | 399360       |
| train/                  |              |
|    approx_kl            | 0.0037397519 |
|    clip_fraction        | 0.039        |
|    clip_range           | 0.2          |
|    entropy_loss         | -2.71        |
|    explained_variance   | 0.868        |
|    learning_rate        | 0.0003       |
|    loss                 | 2.51         |
|    n_updates            | 970          |
|    policy_gradient_loss | -0.000568    |
|    std                  | 0.936        |
|    value_loss           | 7.13         |
------------------------------------------
-----------------------------------------
| rollout/                |             |
|    ep_len_mean          | 1.97e+03    |
|    ep_rew_mean          | 28.9        |
| time/                   |             |
|    fps                  | 1553        |
|    iterations           | 96          |
|    time_elapsed         | 126         |
|    total_timesteps      | 401408      |
| train/                  |             |
|    approx_kl            | 0.007760987 |
|    clip_fraction        | 0.0448      |
|    clip_range           | 0.2         |
|    entropy_loss         | -2.7        |
|    explained_variance   | 0.772       |
|    learning_rate        | 0.0003      |
|    loss                 | 12          |
|    n_updates            | 975         |
|    policy_gradient_loss | -0.00215    |
|    std                  | 0.936       |
|    value_loss           | 14.1        |
-----------------------------------------
------------------------------------------
| rollout/                |              |
|    ep_len_mean          | 1.96e+03     |
|    ep_rew_mean          | 29.6         |
| time/                   |              |
|    fps                  | 1554         |
|    iterations           | 97           |
|    time_elapsed         | 127          |
|    total_timesteps      | 403456       |
| train/                  |              |
|    approx_kl            | 0.0062531307 |
|    clip_fraction        | 0.0573       |
|    clip_range           | 0.2          |
|    entropy_loss         | -2.7         |
|    explained_variance   | 0.866        |
|    learning_rate        | 0.0003       |
|    loss                 | 0.671        |
|    n_updates            | 980          |
|    policy_gradient_loss | -0.00561     |
|    std                  | 0.935        |
|    value_loss           | 4.94         |
------------------------------------------
-----------------------------------------
| rollout/                |             |
|    ep_len_mean          | 1.94e+03    |
|    ep_rew_mean          | 30.6        |
| time/                   |             |
|    fps                  | 1552        |
|    iterations           | 98          |
|    time_elapsed         | 129         |
|    total_timesteps      | 405504      |
| train/                  |             |
|    approx_kl            | 0.005169625 |
|    clip_fraction        | 0.0307      |
|    clip_range           | 0.2         |
|    entropy_loss         | -2.7        |
|    explained_variance   | 0.21        |
|    learning_rate        | 0.0003      |
|    loss                 | 2.36        |
|    n_updates            | 985         |
|    policy_gradient_loss | -0.002      |
|    std                  | 0.935       |
|    value_loss           | 63.5        |
-----------------------------------------
------------------------------------------
| rollout/                |              |
|    ep_len_mean          | 1.94e+03     |
|    ep_rew_mean          | 30.6         |
| time/                   |              |
|    fps                  | 1552         |
|    iterations           | 99           |
|    time_elapsed         | 130          |
|    total_timesteps      | 407552       |
| train/                  |              |
|    approx_kl            | 0.0072330907 |
|    clip_fraction        | 0.0591       |
|    clip_range           | 0.2          |
|    entropy_loss         | -2.7         |
|    explained_variance   | -0.0167      |
|    learning_rate        | 0.0003       |
|    loss                 | 210          |
|    n_updates            | 990          |
|    policy_gradient_loss | -0.00511     |
|    std                  | 0.935        |
|    value_loss           | 64.7         |
------------------------------------------
------------------------------------------
| rollout/                |              |
|    ep_len_mean          | 1.94e+03     |
|    ep_rew_mean          | 30.6         |
| time/                   |              |
|    fps                  | 1553         |
|    iterations           | 100          |
|    time_elapsed         | 131          |
|    total_timesteps      | 409600       |
| train/                  |              |
|    approx_kl            | 0.0035822615 |
|    clip_fraction        | 0.0515       |
|    clip_range           | 0.2          |
|    entropy_loss         | -2.7         |
|    explained_variance   | 0.589        |
|    learning_rate        | 0.0003       |
|    loss                 | 5.82         |
|    n_updates            | 995          |
|    policy_gradient_loss | -0.00258     |
|    std                  | 0.934        |
|    value_loss           | 6.38         |
------------------------------------------

CP2 held-out: 18/50 hits (36.0%), mean miss 7.8 m, mean reward 34.81
STOP CONDITION: no joint improvement -- review gate before continuing.

==== babysit CP3 2026-09-14 18:31:09 ====
CP3: evasive lineage | max_time=45s t_go_max=10s | tracking=True | obs=12-D | miss_tanh_scale=3000m shaping_gamma=1 effort_weight=5 -> out=/Users/vincenzo/Desktop/Projects/Physics Sim Project/missile_guidance_sim/outputs/evasive_zemtgo10_seed5
---------------------------------
| rollout/           |          |
|    ep_len_mean     | 1.94e+03 |
|    ep_rew_mean     | 30.6     |
| time/              |          |
|    fps             | 4805     |
|    iterations      | 1        |
|    time_elapsed    | 0        |
|    total_timesteps | 411648   |
---------------------------------
-----------------------------------------
| rollout/                |             |
|    ep_len_mean          | 1.94e+03    |
|    ep_rew_mean          | 30.6        |
| time/                   |             |
|    fps                  | 1959        |
|    iterations           | 2           |
|    time_elapsed         | 2           |
|    total_timesteps      | 413696      |
| train/                  |             |
|    approx_kl            | 0.008823004 |
|    clip_fraction        | 0.127       |
|    clip_range           | 0.2         |
|    entropy_loss         | -2.7        |
|    explained_variance   | 0.542       |
|    learning_rate        | 0.0003      |
|    loss                 | 6.54        |
|    n_updates            | 1005        |
|    policy_gradient_loss | -0.00769    |
|    std                  | 0.932       |
|    value_loss           | 6.98        |
-----------------------------------------
------------------------------------------
| rollout/                |              |
|    ep_len_mean          | 1.94e+03     |
|    ep_rew_mean          | 30.6         |
| time/                   |              |
|    fps                  | 1840         |
|    iterations           | 3            |
|    time_elapsed         | 3            |
|    total_timesteps      | 415744       |
| train/                  |              |
|    approx_kl            | 0.0061728237 |
|    clip_fraction        | 0.039        |
|    clip_range           | 0.2          |
|    entropy_loss         | -2.69        |
|    explained_variance   | 0.71         |
|    learning_rate        | 0.0003       |
|    loss                 | 1.25         |
|    n_updates            | 1010         |
|    policy_gradient_loss | -0.00338     |
|    std                  | 0.929        |
|    value_loss           | 8.59         |
------------------------------------------
-----------------------------------------
| rollout/                |             |
|    ep_len_mean          | 1.94e+03    |
|    ep_rew_mean          | 30.5        |
| time/                   |             |
|    fps                  | 1753        |
|    iterations           | 4           |
|    time_elapsed         | 4           |
|    total_timesteps      | 417792      |
| train/                  |             |
|    approx_kl            | 0.005565985 |
|    clip_fraction        | 0.0437      |
|    clip_range           | 0.2         |
|    entropy_loss         | -2.69       |
|    explained_variance   | 0.875       |
|    learning_rate        | 0.0003      |
|    loss                 | 5.55        |
|    n_updates            | 1015        |
|    policy_gradient_loss | 0.00092     |
|    std                  | 0.929       |
|    value_loss           | 12.4        |
-----------------------------------------
-----------------------------------------
| rollout/                |             |
|    ep_len_mean          | 1.94e+03    |
|    ep_rew_mean          | 29.8        |
| time/                   |             |
|    fps                  | 1707        |
|    iterations           | 5           |
|    time_elapsed         | 5           |
|    total_timesteps      | 419840      |
| train/                  |             |
|    approx_kl            | 0.003856945 |
|    clip_fraction        | 0.0134      |
|    clip_range           | 0.2         |
|    entropy_loss         | -2.69       |
|    explained_variance   | 0.915       |
|    learning_rate        | 0.0003      |
|    loss                 | 1.88        |
|    n_updates            | 1020        |
|    policy_gradient_loss | -0.00046    |
|    std                  | 0.928       |
|    value_loss           | 8.59        |
-----------------------------------------
------------------------------------------
| rollout/                |              |
|    ep_len_mean          | 1.94e+03     |
|    ep_rew_mean          | 29.8         |
| time/                   |              |
|    fps                  | 1617         |
|    iterations           | 6            |
|    time_elapsed         | 7            |
|    total_timesteps      | 421888       |
| train/                  |              |
|    approx_kl            | 0.0075435513 |
|    clip_fraction        | 0.0732       |
|    clip_range           | 0.2          |
|    entropy_loss         | -2.69        |
|    explained_variance   | 0.679        |
|    learning_rate        | 0.0003       |
|    loss                 | 21.9         |
|    n_updates            | 1025         |
|    policy_gradient_loss | -0.00167     |
|    std                  | 0.927        |
|    value_loss           | 22.1         |
------------------------------------------
-----------------------------------------
| rollout/                |             |
|    ep_len_mean          | 1.92e+03    |
|    ep_rew_mean          | 32.2        |
| time/                   |             |
|    fps                  | 1617        |
|    iterations           | 7           |
|    time_elapsed         | 8           |
|    total_timesteps      | 423936      |
| train/                  |             |
|    approx_kl            | 0.010070618 |
|    clip_fraction        | 0.119       |
|    clip_range           | 0.2         |
|    entropy_loss         | -2.69       |
|    explained_variance   | 0.85        |
|    learning_rate        | 0.0003      |
|    loss                 | 2.31        |
|    n_updates            | 1030        |
|    policy_gradient_loss | 0.000781    |
|    std                  | 0.927       |
|    value_loss           | 6.66        |
-----------------------------------------
-----------------------------------------
| rollout/                |             |
|    ep_len_mean          | 1.92e+03    |
|    ep_rew_mean          | 32.2        |
| time/                   |             |
|    fps                  | 1593        |
|    iterations           | 8           |
|    time_elapsed         | 10          |
|    total_timesteps      | 425984      |
| train/                  |             |
|    approx_kl            | 0.004954232 |
|    clip_fraction        | 0.0195      |
|    clip_range           | 0.2         |
|    entropy_loss         | -2.69       |
|    explained_variance   | 0.162       |
|    learning_rate        | 0.0003      |
|    loss                 | 0.451       |
|    n_updates            | 1035        |
|    policy_gradient_loss | -0.00281    |
|    std                  | 0.927       |
|    value_loss           | 119         |
-----------------------------------------
------------------------------------------
| rollout/                |              |
|    ep_len_mean          | 1.92e+03     |
|    ep_rew_mean          | 31.7         |
| time/                   |              |
|    fps                  | 1593         |
|    iterations           | 9            |
|    time_elapsed         | 11           |
|    total_timesteps      | 428032       |
| train/                  |              |
|    approx_kl            | 0.0040834043 |
|    clip_fraction        | 0.0401       |
|    clip_range           | 0.2          |
|    entropy_loss         | -2.68        |
|    explained_variance   | 0.924        |
|    learning_rate        | 0.0003       |
|    loss                 | 0.0497       |
|    n_updates            | 1040         |
|    policy_gradient_loss | -0.00372     |
|    std                  | 0.926        |
|    value_loss           | 5.46         |
------------------------------------------
-----------------------------------------
| rollout/                |             |
|    ep_len_mean          | 1.92e+03    |
|    ep_rew_mean          | 31.7        |
| time/                   |             |
|    fps                  | 1568        |
|    iterations           | 10          |
|    time_elapsed         | 13          |
|    total_timesteps      | 430080      |
| train/                  |             |
|    approx_kl            | 0.009096362 |
|    clip_fraction        | 0.18        |
|    clip_range           | 0.2         |
|    entropy_loss         | -2.68       |
|    explained_variance   | 0.76        |
|    learning_rate        | 0.0003      |
|    loss                 | 32.6        |
|    n_updates            | 1045        |
|    policy_gradient_loss | 0.00357     |
|    std                  | 0.921       |
|    value_loss           | 17.2        |
-----------------------------------------
-----------------------------------------
| rollout/                |             |
|    ep_len_mean          | 1.92e+03    |
|    ep_rew_mean          | 31.5        |
| time/                   |             |
|    fps                  | 1567        |
|    iterations           | 11          |
|    time_elapsed         | 14          |
|    total_timesteps      | 432128      |
| train/                  |             |
|    approx_kl            | 0.026168082 |
|    clip_fraction        | 0.0854      |
|    clip_range           | 0.2         |
|    entropy_loss         | -2.67       |
|    explained_variance   | 0.887       |
|    learning_rate        | 0.0003      |
|    loss                 | 2.15        |
|    n_updates            | 1050        |
|    policy_gradient_loss | 0.00592     |
|    std                  | 0.921       |
|    value_loss           | 5.36        |
-----------------------------------------
-----------------------------------------
| rollout/                |             |
|    ep_len_mean          | 1.92e+03    |
|    ep_rew_mean          | 31.3        |
| time/                   |             |
|    fps                  | 1556        |
|    iterations           | 12          |
|    time_elapsed         | 15          |
|    total_timesteps      | 434176      |
| train/                  |             |
|    approx_kl            | 0.006130123 |
|    clip_fraction        | 0.0667      |
|    clip_range           | 0.2         |
|    entropy_loss         | -2.67       |
|    explained_variance   | 0.85        |
|    learning_rate        | 0.0003      |
|    loss                 | 2.02        |
|    n_updates            | 1055        |
|    policy_gradient_loss | -0.00367    |
|    std                  | 0.921       |
|    value_loss           | 13.8        |
-----------------------------------------
--------------------------------------
| rollout/                |          |
|    ep_len_mean          | 1.91e+03 |
|    ep_rew_mean          | 32       |
| time/                   |          |
|    fps                  | 1549     |
|    iterations           | 13       |
|    time_elapsed         | 17       |
|    total_timesteps      | 436224   |
| train/                  |          |
|    approx_kl            | 0.032876 |
|    clip_fraction        | 0.108    |
|    clip_range           | 0.2      |
|    entropy_loss         | -2.67    |
|    explained_variance   | 0.788    |
|    learning_rate        | 0.0003   |
|    loss                 | 12.3     |
|    n_updates            | 1060     |
|    policy_gradient_loss | 0.00319  |
|    std                  | 0.918    |
|    value_loss           | 13       |
--------------------------------------
-----------------------------------------
| rollout/                |             |
|    ep_len_mean          | 1.91e+03    |
|    ep_rew_mean          | 32          |
| time/                   |             |
|    fps                  | 1530        |
|    iterations           | 14          |
|    time_elapsed         | 18          |
|    total_timesteps      | 438272      |
| train/                  |             |
|    approx_kl            | 0.018982843 |
|    clip_fraction        | 0.25        |
|    clip_range           | 0.2         |
|    entropy_loss         | -2.66       |
|    explained_variance   | 0.215       |
|    learning_rate        | 0.0003      |
|    loss                 | 3.04        |
|    n_updates            | 1065        |
|    policy_gradient_loss | 0.0076      |
|    std                  | 0.916       |
|    value_loss           | 62.3        |
-----------------------------------------
-----------------------------------------
| rollout/                |             |
|    ep_len_mean          | 1.9e+03     |
|    ep_rew_mean          | 33.2        |
| time/                   |             |
|    fps                  | 1533        |
|    iterations           | 15          |
|    time_elapsed         | 20          |
|    total_timesteps      | 440320      |
| train/                  |             |
|    approx_kl            | 0.010376739 |
|    clip_fraction        | 0.117       |
|    clip_range           | 0.2         |
|    entropy_loss         | -2.66       |
|    explained_variance   | 0.641       |
|    learning_rate        | 0.0003      |
|    loss                 | 3.8         |
|    n_updates            | 1070        |
|    policy_gradient_loss | 0.000252    |
|    std                  | 0.916       |
|    value_loss           | 7.88        |
-----------------------------------------
-----------------------------------------
| rollout/                |             |
|    ep_len_mean          | 1.9e+03     |
|    ep_rew_mean          | 32.9        |
| time/                   |             |
|    fps                  | 1527        |
|    iterations           | 16          |
|    time_elapsed         | 21          |
|    total_timesteps      | 442368      |
| train/                  |             |
|    approx_kl            | 0.020838102 |
|    clip_fraction        | 0.141       |
|    clip_range           | 0.2         |
|    entropy_loss         | -2.66       |
|    explained_variance   | 0.269       |
|    learning_rate        | 0.0003      |
|    loss                 | 0.564       |
|    n_updates            | 1075        |
|    policy_gradient_loss | 0.0109      |
|    std                  | 0.918       |
|    value_loss           | 59.6        |
-----------------------------------------
-----------------------------------------
| rollout/                |             |
|    ep_len_mean          | 1.89e+03    |
|    ep_rew_mean          | 32.8        |
| time/                   |             |
|    fps                  | 1518        |
|    iterations           | 17          |
|    time_elapsed         | 22          |
|    total_timesteps      | 444416      |
| train/                  |             |
|    approx_kl            | 0.003314489 |
|    clip_fraction        | 0.0551      |
|    clip_range           | 0.2         |
|    entropy_loss         | -2.67       |
|    explained_variance   | 0.85        |
|    learning_rate        | 0.0003      |
|    loss                 | 1.43        |
|    n_updates            | 1080        |
|    policy_gradient_loss | -0.00303    |
|    std                  | 0.918       |
|    value_loss           | 5.98        |
-----------------------------------------
-----------------------------------------
| rollout/                |             |
|    ep_len_mean          | 1.88e+03    |
|    ep_rew_mean          | 33.9        |
| time/                   |             |
|    fps                  | 1525        |
|    iterations           | 18          |
|    time_elapsed         | 24          |
|    total_timesteps      | 446464      |
| train/                  |             |
|    approx_kl            | 0.018938875 |
|    clip_fraction        | 0.0992      |
|    clip_range           | 0.2         |
|    entropy_loss         | -2.67       |
|    explained_variance   | 0.925       |
|    learning_rate        | 0.0003      |
|    loss                 | 0.134       |
|    n_updates            | 1085        |
|    policy_gradient_loss | 0.000849    |
|    std                  | 0.919       |
|    value_loss           | 8.07        |
-----------------------------------------
-----------------------------------------
| rollout/                |             |
|    ep_len_mean          | 1.89e+03    |
|    ep_rew_mean          | 32.6        |
| time/                   |             |
|    fps                  | 1524        |
|    iterations           | 19          |
|    time_elapsed         | 25          |
|    total_timesteps      | 448512      |
| train/                  |             |
|    approx_kl            | 0.008141326 |
|    clip_fraction        | 0.0726      |
|    clip_range           | 0.2         |
|    entropy_loss         | -2.67       |
|    explained_variance   | 0.558       |
|    learning_rate        | 0.0003      |
|    loss                 | 22.2        |
|    n_updates            | 1090        |
|    policy_gradient_loss | -0.00326    |
|    std                  | 0.918       |
|    value_loss           | 47.7        |
-----------------------------------------
------------------------------------------
| rollout/                |              |
|    ep_len_mean          | 1.89e+03     |
|    ep_rew_mean          | 32.6         |
| time/                   |              |
|    fps                  | 1520         |
|    iterations           | 20           |
|    time_elapsed         | 26           |
|    total_timesteps      | 450560       |
| train/                  |              |
|    approx_kl            | 0.0030909313 |
|    clip_fraction        | 0.0458       |
|    clip_range           | 0.2          |
|    entropy_loss         | -2.66        |
|    explained_variance   | 0.695        |
|    learning_rate        | 0.0003       |
|    loss                 | 2.32         |
|    n_updates            | 1095         |
|    policy_gradient_loss | -0.00106     |
|    std                  | 0.916        |
|    value_loss           | 10.8         |
------------------------------------------
------------------------------------------
| rollout/                |              |
|    ep_len_mean          | 1.91e+03     |
|    ep_rew_mean          | 31           |
| time/                   |              |
|    fps                  | 1516         |
|    iterations           | 21           |
|    time_elapsed         | 28           |
|    total_timesteps      | 452608       |
| train/                  |              |
|    approx_kl            | 0.0038234917 |
|    clip_fraction        | 0.0222       |
|    clip_range           | 0.2          |
|    entropy_loss         | -2.66        |
|    explained_variance   | 0.833        |
|    learning_rate        | 0.0003       |
|    loss                 | 6.47         |
|    n_updates            | 1100         |
|    policy_gradient_loss | -0.00217     |
|    std                  | 0.915        |
|    value_loss           | 8.55         |
------------------------------------------
-----------------------------------------
| rollout/                |             |
|    ep_len_mean          | 1.92e+03    |
|    ep_rew_mean          | 29.5        |
| time/                   |             |
|    fps                  | 1510        |
|    iterations           | 22          |
|    time_elapsed         | 29          |
|    total_timesteps      | 454656      |
| train/                  |             |
|    approx_kl            | 0.002955569 |
|    clip_fraction        | 0.00684     |
|    clip_range           | 0.2         |
|    entropy_loss         | -2.66       |
|    explained_variance   | 0.886       |
|    learning_rate        | 0.0003      |
|    loss                 | 2.59        |
|    n_updates            | 1105        |
|    policy_gradient_loss | -0.00101    |
|    std                  | 0.915       |
|    value_loss           | 9.85        |
-----------------------------------------
-----------------------------------------
| rollout/                |             |
|    ep_len_mean          | 1.9e+03     |
|    ep_rew_mean          | 31.9        |
| time/                   |             |
|    fps                  | 1505        |
|    iterations           | 23          |
|    time_elapsed         | 31          |
|    total_timesteps      | 456704      |
| train/                  |             |
|    approx_kl            | 0.010438895 |
|    clip_fraction        | 0.115       |
|    clip_range           | 0.2         |
|    entropy_loss         | -2.66       |
|    explained_variance   | 0.573       |
|    learning_rate        | 0.0003      |
|    loss                 | 2.1         |
|    n_updates            | 1110        |
|    policy_gradient_loss | -0.000814   |
|    std                  | 0.915       |
|    value_loss           | 17.1        |
-----------------------------------------
------------------------------------------
| rollout/                |              |
|    ep_len_mean          | 1.91e+03     |
|    ep_rew_mean          | 30.3         |
| time/                   |              |
|    fps                  | 1503         |
|    iterations           | 24           |
|    time_elapsed         | 32           |
|    total_timesteps      | 458752       |
| train/                  |              |
|    approx_kl            | 0.0040726084 |
|    clip_fraction        | 0.0321       |
|    clip_range           | 0.2          |
|    entropy_loss         | -2.66        |
|    explained_variance   | 0.138        |
|    learning_rate        | 0.0003       |
|    loss                 | 5.99         |
|    n_updates            | 1115         |
|    policy_gradient_loss | -0.00227     |
|    std                  | 0.914        |
|    value_loss           | 122          |
------------------------------------------
------------------------------------------
| rollout/                |              |
|    ep_len_mean          | 1.91e+03     |
|    ep_rew_mean          | 30.3         |
| time/                   |              |
|    fps                  | 1502         |
|    iterations           | 25           |
|    time_elapsed         | 34           |
|    total_timesteps      | 460800       |
| train/                  |              |
|    approx_kl            | 0.0079526175 |
|    clip_fraction        | 0.0446       |
|    clip_range           | 0.2          |
|    entropy_loss         | -2.66        |
|    explained_variance   | 0.786        |
|    learning_rate        | 0.0003       |
|    loss                 | 2.73         |
|    n_updates            | 1120         |
|    policy_gradient_loss | -0.000923    |
|    std                  | 0.913        |
|    value_loss           | 13.5         |
------------------------------------------
------------------------------------------
| rollout/                |              |
|    ep_len_mean          | 1.91e+03     |
|    ep_rew_mean          | 30.3         |
| time/                   |              |
|    fps                  | 1505         |
|    iterations           | 26           |
|    time_elapsed         | 35           |
|    total_timesteps      | 462848       |
| train/                  |              |
|    approx_kl            | 0.0036729176 |
|    clip_fraction        | 0.0279       |
|    clip_range           | 0.2          |
|    entropy_loss         | -2.65        |
|    explained_variance   | 0.75         |
|    learning_rate        | 0.0003       |
|    loss                 | 16.6         |
|    n_updates            | 1125         |
|    policy_gradient_loss | -0.00303     |
|    std                  | 0.913        |
|    value_loss           | 13.9         |
------------------------------------------
------------------------------------------
| rollout/                |              |
|    ep_len_mean          | 1.93e+03     |
|    ep_rew_mean          | 27.5         |
| time/                   |              |
|    fps                  | 1507         |
|    iterations           | 27           |
|    time_elapsed         | 36           |
|    total_timesteps      | 464896       |
| train/                  |              |
|    approx_kl            | 0.0032277897 |
|    clip_fraction        | 0.0238       |
|    clip_range           | 0.2          |
|    entropy_loss         | -2.66        |
|    explained_variance   | 0.982        |
|    learning_rate        | 0.0003       |
|    loss                 | 0.129        |
|    n_updates            | 1130         |
|    policy_gradient_loss | -0.00103     |
|    std                  | 0.913        |
|    value_loss           | 2.47         |
------------------------------------------
------------------------------------------
| rollout/                |              |
|    ep_len_mean          | 1.93e+03     |
|    ep_rew_mean          | 27.2         |
| time/                   |              |
|    fps                  | 1505         |
|    iterations           | 28           |
|    time_elapsed         | 38           |
|    total_timesteps      | 466944       |
| train/                  |              |
|    approx_kl            | 0.0071674064 |
|    clip_fraction        | 0.0371       |
|    clip_range           | 0.2          |
|    entropy_loss         | -2.65        |
|    explained_variance   | 0.867        |
|    learning_rate        | 0.0003       |
|    loss                 | 1.88         |
|    n_updates            | 1135         |
|    policy_gradient_loss | 0.000146     |
|    std                  | 0.912        |
|    value_loss           | 16.1         |
------------------------------------------
-----------------------------------------
| rollout/                |             |
|    ep_len_mean          | 1.93e+03    |
|    ep_rew_mean          | 27.2        |
| time/                   |             |
|    fps                  | 1502        |
|    iterations           | 29          |
|    time_elapsed         | 39          |
|    total_timesteps      | 468992      |
| train/                  |             |
|    approx_kl            | 0.007539129 |
|    clip_fraction        | 0.0889      |
|    clip_range           | 0.2         |
|    entropy_loss         | -2.65       |
|    explained_variance   | 0.821       |
|    learning_rate        | 0.0003      |
|    loss                 | 5.65        |
|    n_updates            | 1140        |
|    policy_gradient_loss | -0.000123   |
|    std                  | 0.911       |
|    value_loss           | 19.9        |
-----------------------------------------
------------------------------------------
| rollout/                |              |
|    ep_len_mean          | 1.92e+03     |
|    ep_rew_mean          | 28.2         |
| time/                   |              |
|    fps                  | 1505         |
|    iterations           | 30           |
|    time_elapsed         | 40           |
|    total_timesteps      | 471040       |
| train/                  |              |
|    approx_kl            | 0.0066639814 |
|    clip_fraction        | 0.0567       |
|    clip_range           | 0.2          |
|    entropy_loss         | -2.65        |
|    explained_variance   | 0.808        |
|    learning_rate        | 0.0003       |
|    loss                 | 6.8          |
|    n_updates            | 1145         |
|    policy_gradient_loss | -0.00384     |
|    std                  | 0.911        |
|    value_loss           | 4.43         |
------------------------------------------
----------------------------------------
| rollout/                |            |
|    ep_len_mean          | 1.93e+03   |
|    ep_rew_mean          | 28.1       |
| time/                   |            |
|    fps                  | 1503       |
|    iterations           | 31         |
|    time_elapsed         | 42         |
|    total_timesteps      | 473088     |
| train/                  |            |
|    approx_kl            | 0.01085096 |
|    clip_fraction        | 0.0635     |
|    clip_range           | 0.2        |
|    entropy_loss         | -2.65      |
|    explained_variance   | 0.536      |
|    learning_rate        | 0.0003     |
|    loss                 | 0.46       |
|    n_updates            | 1150       |
|    policy_gradient_loss | -0.000889  |
|    std                  | 0.912      |
|    value_loss           | 62.5       |
----------------------------------------
----------------------------------------
| rollout/                |            |
|    ep_len_mean          | 1.93e+03   |
|    ep_rew_mean          | 28         |
| time/                   |            |
|    fps                  | 1504       |
|    iterations           | 32         |
|    time_elapsed         | 43         |
|    total_timesteps      | 475136     |
| train/                  |            |
|    approx_kl            | 0.02395399 |
|    clip_fraction        | 0.115      |
|    clip_range           | 0.2        |
|    entropy_loss         | -2.66      |
|    explained_variance   | 0.953      |
|    learning_rate        | 0.0003     |
|    loss                 | 4.32       |
|    n_updates            | 1155       |
|    policy_gradient_loss | -0.00262   |
|    std                  | 0.914      |
|    value_loss           | 4.84       |
----------------------------------------
-----------------------------------------
| rollout/                |             |
|    ep_len_mean          | 1.93e+03    |
|    ep_rew_mean          | 28.1        |
| time/                   |             |
|    fps                  | 1504        |
|    iterations           | 33          |
|    time_elapsed         | 44          |
|    total_timesteps      | 477184      |
| train/                  |             |
|    approx_kl            | 0.006204373 |
|    clip_fraction        | 0.0577      |
|    clip_range           | 0.2         |
|    entropy_loss         | -2.66       |
|    explained_variance   | 0.855       |
|    learning_rate        | 0.0003      |
|    loss                 | 10.4        |
|    n_updates            | 1160        |
|    policy_gradient_loss | 0.000851    |
|    std                  | 0.914       |
|    value_loss           | 11.2        |
-----------------------------------------
-----------------------------------------
| rollout/                |             |
|    ep_len_mean          | 1.93e+03    |
|    ep_rew_mean          | 28.1        |
| time/                   |             |
|    fps                  | 1503        |
|    iterations           | 34          |
|    time_elapsed         | 46          |
|    total_timesteps      | 479232      |
| train/                  |             |
|    approx_kl            | 0.006073257 |
|    clip_fraction        | 0.0729      |
|    clip_range           | 0.2         |
|    entropy_loss         | -2.66       |
|    explained_variance   | 0.866       |
|    learning_rate        | 0.0003      |
|    loss                 | 3.7         |
|    n_updates            | 1165        |
|    policy_gradient_loss | -0.0025     |
|    std                  | 0.915       |
|    value_loss           | 14.3        |
-----------------------------------------
------------------------------------------
| rollout/                |              |
|    ep_len_mean          | 1.93e+03     |
|    ep_rew_mean          | 28.1         |
| time/                   |              |
|    fps                  | 1501         |
|    iterations           | 35           |
|    time_elapsed         | 47           |
|    total_timesteps      | 481280       |
| train/                  |              |
|    approx_kl            | 0.0049769417 |
|    clip_fraction        | 0.0306       |
|    clip_range           | 0.2          |
|    entropy_loss         | -2.66        |
|    explained_variance   | 0.924        |
|    learning_rate        | 0.0003       |
|    loss                 | 6.78         |
|    n_updates            | 1170         |
|    policy_gradient_loss | -0.00118     |
|    std                  | 0.913        |
|    value_loss           | 10           |
------------------------------------------
-----------------------------------------
| rollout/                |             |
|    ep_len_mean          | 1.93e+03    |
|    ep_rew_mean          | 27.9        |
| time/                   |             |
|    fps                  | 1500        |
|    iterations           | 36          |
|    time_elapsed         | 49          |
|    total_timesteps      | 483328      |
| train/                  |             |
|    approx_kl            | 0.008434992 |
|    clip_fraction        | 0.0549      |
|    clip_range           | 0.2         |
|    entropy_loss         | -2.65       |
|    explained_variance   | 0.627       |
|    learning_rate        | 0.0003      |
|    loss                 | 2.75        |
|    n_updates            | 1175        |
|    policy_gradient_loss | -0.0012     |
|    std                  | 0.912       |
|    value_loss           | 14.5        |
-----------------------------------------
------------------------------------------
| rollout/                |              |
|    ep_len_mean          | 1.94e+03     |
|    ep_rew_mean          | 27.9         |
| time/                   |              |
|    fps                  | 1499         |
|    iterations           | 37           |
|    time_elapsed         | 50           |
|    total_timesteps      | 485376       |
| train/                  |              |
|    approx_kl            | 0.0030588536 |
|    clip_fraction        | 0.0802       |
|    clip_range           | 0.2          |
|    entropy_loss         | -2.65        |
|    explained_variance   | 0.908        |
|    learning_rate        | 0.0003       |
|    loss                 | 1.21         |
|    n_updates            | 1180         |
|    policy_gradient_loss | -0.000442    |
|    std                  | 0.912        |
|    value_loss           | 10.6         |
------------------------------------------
------------------------------------------
| rollout/                |              |
|    ep_len_mean          | 1.94e+03     |
|    ep_rew_mean          | 27.9         |
| time/                   |              |
|    fps                  | 1499         |
|    iterations           | 38           |
|    time_elapsed         | 51           |
|    total_timesteps      | 487424       |
| train/                  |              |
|    approx_kl            | 0.0035057762 |
|    clip_fraction        | 0.017        |
|    clip_range           | 0.2          |
|    entropy_loss         | -2.65        |
|    explained_variance   | 0.891        |
|    learning_rate        | 0.0003       |
|    loss                 | 5.48         |
|    n_updates            | 1185         |
|    policy_gradient_loss | -0.00098     |
|    std                  | 0.913        |
|    value_loss           | 12           |
------------------------------------------
----------------------------------------
| rollout/                |            |
|    ep_len_mean          | 1.93e+03   |
|    ep_rew_mean          | 29.1       |
| time/                   |            |
|    fps                  | 1498       |
|    iterations           | 39         |
|    time_elapsed         | 53         |
|    total_timesteps      | 489472     |
| train/                  |            |
|    approx_kl            | 0.00440891 |
|    clip_fraction        | 0.131      |
|    clip_range           | 0.2        |
|    entropy_loss         | -2.66      |
|    explained_variance   | 0.889      |
|    learning_rate        | 0.0003     |
|    loss                 | 4.91       |
|    n_updates            | 1190       |
|    policy_gradient_loss | 0.00729    |
|    std                  | 0.913      |
|    value_loss           | 5.51       |
----------------------------------------
------------------------------------------
| rollout/                |              |
|    ep_len_mean          | 1.93e+03     |
|    ep_rew_mean          | 29           |
| time/                   |              |
|    fps                  | 1497         |
|    iterations           | 40           |
|    time_elapsed         | 54           |
|    total_timesteps      | 491520       |
| train/                  |              |
|    approx_kl            | 0.0036348028 |
|    clip_fraction        | 0.0217       |
|    clip_range           | 0.2          |
|    entropy_loss         | -2.66        |
|    explained_variance   | 0.409        |
|    learning_rate        | 0.0003       |
|    loss                 | 2.64         |
|    n_updates            | 1195         |
|    policy_gradient_loss | -0.00142     |
|    std                  | 0.913        |
|    value_loss           | 72.7         |
------------------------------------------
------------------------------------------
| rollout/                |              |
|    ep_len_mean          | 1.9e+03      |
|    ep_rew_mean          | 31.4         |
| time/                   |              |
|    fps                  | 1497         |
|    iterations           | 41           |
|    time_elapsed         | 56           |
|    total_timesteps      | 493568       |
| train/                  |              |
|    approx_kl            | 0.0025965543 |
|    clip_fraction        | 0.0104       |
|    clip_range           | 0.2          |
|    entropy_loss         | -2.65        |
|    explained_variance   | 0.408        |
|    learning_rate        | 0.0003       |
|    loss                 | 13.7         |
|    n_updates            | 1200         |
|    policy_gradient_loss | -0.00222     |
|    std                  | 0.912        |
|    value_loss           | 60.9         |
------------------------------------------
------------------------------------------
| rollout/                |              |
|    ep_len_mean          | 1.9e+03      |
|    ep_rew_mean          | 31.4         |
| time/                   |              |
|    fps                  | 1495         |
|    iterations           | 42           |
|    time_elapsed         | 57           |
|    total_timesteps      | 495616       |
| train/                  |              |
|    approx_kl            | 0.0060853125 |
|    clip_fraction        | 0.057        |
|    clip_range           | 0.2          |
|    entropy_loss         | -2.65        |
|    explained_variance   | -0.208       |
|    learning_rate        | 0.0003       |
|    loss                 | 6.35         |
|    n_updates            | 1205         |
|    policy_gradient_loss | -0.00171     |
|    std                  | 0.912        |
|    value_loss           | 177          |
------------------------------------------
----------------------------------------
| rollout/                |            |
|    ep_len_mean          | 1.9e+03    |
|    ep_rew_mean          | 31.2       |
| time/                   |            |
|    fps                  | 1496       |
|    iterations           | 43         |
|    time_elapsed         | 58         |
|    total_timesteps      | 497664     |
| train/                  |            |
|    approx_kl            | 0.00706683 |
|    clip_fraction        | 0.0479     |
|    clip_range           | 0.2        |
|    entropy_loss         | -2.65      |
|    explained_variance   | 0.857      |
|    learning_rate        | 0.0003     |
|    loss                 | 4.15       |
|    n_updates            | 1210       |
|    policy_gradient_loss | -0.00204   |
|    std                  | 0.911      |
|    value_loss           | 4.92       |
----------------------------------------
------------------------------------------
| rollout/                |              |
|    ep_len_mean          | 1.9e+03      |
|    ep_rew_mean          | 31.2         |
| time/                   |              |
|    fps                  | 1495         |
|    iterations           | 44           |
|    time_elapsed         | 60           |
|    total_timesteps      | 499712       |
| train/                  |              |
|    approx_kl            | 0.0042461283 |
|    clip_fraction        | 0.0733       |
|    clip_range           | 0.2          |
|    entropy_loss         | -2.65        |
|    explained_variance   | 0.854        |
|    learning_rate        | 0.0003       |
|    loss                 | 1.93         |
|    n_updates            | 1215         |
|    policy_gradient_loss | 0.00121      |
|    std                  | 0.909        |
|    value_loss           | 10.8         |
------------------------------------------
-----------------------------------------
| rollout/                |             |
|    ep_len_mean          | 1.89e+03    |
|    ep_rew_mean          | 32.5        |
| time/                   |             |
|    fps                  | 1497        |
|    iterations           | 45          |
|    time_elapsed         | 61          |
|    total_timesteps      | 501760      |
| train/                  |             |
|    approx_kl            | 0.004261495 |
|    clip_fraction        | 0.0227      |
|    clip_range           | 0.2         |
|    entropy_loss         | -2.64       |
|    explained_variance   | 0.838       |
|    learning_rate        | 0.0003      |
|    loss                 | 7.47        |
|    n_updates            | 1220        |
|    policy_gradient_loss | -0.000772   |
|    std                  | 0.907       |
|    value_loss           | 7.12        |
-----------------------------------------
-----------------------------------------
| rollout/                |             |
|    ep_len_mean          | 1.89e+03    |
|    ep_rew_mean          | 32.2        |
| time/                   |             |
|    fps                  | 1497        |
|    iterations           | 46          |
|    time_elapsed         | 62          |
|    total_timesteps      | 503808      |
| train/                  |             |
|    approx_kl            | 0.013691609 |
|    clip_fraction        | 0.0581      |
|    clip_range           | 0.2         |
|    entropy_loss         | -2.64       |
|    explained_variance   | 0.511       |
|    learning_rate        | 0.0003      |
|    loss                 | 3.22        |
|    n_updates            | 1225        |
|    policy_gradient_loss | -0.000218   |
|    std                  | 0.908       |
|    value_loss           | 60.9        |
-----------------------------------------
-----------------------------------------
| rollout/                |             |
|    ep_len_mean          | 1.89e+03    |
|    ep_rew_mean          | 32.2        |
| time/                   |             |
|    fps                  | 1497        |
|    iterations           | 47          |
|    time_elapsed         | 64          |
|    total_timesteps      | 505856      |
| train/                  |             |
|    approx_kl            | 0.010767879 |
|    clip_fraction        | 0.106       |
|    clip_range           | 0.2         |
|    entropy_loss         | -2.64       |
|    explained_variance   | 0.781       |
|    learning_rate        | 0.0003      |
|    loss                 | 0.574       |
|    n_updates            | 1230        |
|    policy_gradient_loss | -0.00258    |
|    std                  | 0.905       |
|    value_loss           | 15.2        |
-----------------------------------------
-----------------------------------------
| rollout/                |             |
|    ep_len_mean          | 1.89e+03    |
|    ep_rew_mean          | 32.2        |
| time/                   |             |
|    fps                  | 1499        |
|    iterations           | 48          |
|    time_elapsed         | 65          |
|    total_timesteps      | 507904      |
| train/                  |             |
|    approx_kl            | 0.009670287 |
|    clip_fraction        | 0.1         |
|    clip_range           | 0.2         |
|    entropy_loss         | -2.64       |
|    explained_variance   | 0.934       |
|    learning_rate        | 0.0003      |
|    loss                 | 0.234       |
|    n_updates            | 1235        |
|    policy_gradient_loss | -0.00202    |
|    std                  | 0.906       |
|    value_loss           | 5.59        |
-----------------------------------------
------------------------------------------
| rollout/                |              |
|    ep_len_mean          | 1.89e+03     |
|    ep_rew_mean          | 32.2         |
| time/                   |              |
|    fps                  | 1500         |
|    iterations           | 49           |
|    time_elapsed         | 66           |
|    total_timesteps      | 509952       |
| train/                  |              |
|    approx_kl            | 0.0046058893 |
|    clip_fraction        | 0.0404       |
|    clip_range           | 0.2          |
|    entropy_loss         | -2.64        |
|    explained_variance   | 0.979        |
|    learning_rate        | 0.0003       |
|    loss                 | 0.109        |
|    n_updates            | 1240         |
|    policy_gradient_loss | -0.000429    |
|    std                  | 0.907        |
|    value_loss           | 2.34         |
------------------------------------------
------------------------------------------
| rollout/                |              |
|    ep_len_mean          | 1.9e+03      |
|    ep_rew_mean          | 31.6         |
| time/                   |              |
|    fps                  | 1503         |
|    iterations           | 50           |
|    time_elapsed         | 68           |
|    total_timesteps      | 512000       |
| train/                  |              |
|    approx_kl            | 0.0053550983 |
|    clip_fraction        | 0.0266       |
|    clip_range           | 0.2          |
|    entropy_loss         | -2.64        |
|    explained_variance   | 0.846        |
|    learning_rate        | 0.0003       |
|    loss                 | 1.41         |
|    n_updates            | 1245         |
|    policy_gradient_loss | -0.00212     |
|    std                  | 0.907        |
|    value_loss           | 12.2         |
------------------------------------------
------------------------------------------
| rollout/                |              |
|    ep_len_mean          | 1.9e+03      |
|    ep_rew_mean          | 31.6         |
| time/                   |              |
|    fps                  | 1502         |
|    iterations           | 51           |
|    time_elapsed         | 69           |
|    total_timesteps      | 514048       |
| train/                  |              |
|    approx_kl            | 0.0051068785 |
|    clip_fraction        | 0.0474       |
|    clip_range           | 0.2          |
|    entropy_loss         | -2.64        |
|    explained_variance   | 0.712        |
|    learning_rate        | 0.0003       |
|    loss                 | 3.67         |
|    n_updates            | 1250         |
|    policy_gradient_loss | -0.0026      |
|    std                  | 0.906        |
|    value_loss           | 22           |
------------------------------------------
------------------------------------------
| rollout/                |              |
|    ep_len_mean          | 1.9e+03      |
|    ep_rew_mean          | 31.6         |
| time/                   |              |
|    fps                  | 1505         |
|    iterations           | 52           |
|    time_elapsed         | 70           |
|    total_timesteps      | 516096       |
| train/                  |              |
|    approx_kl            | 0.0028492715 |
|    clip_fraction        | 0.059        |
|    clip_range           | 0.2          |
|    entropy_loss         | -2.64        |
|    explained_variance   | 0.849        |
|    learning_rate        | 0.0003       |
|    loss                 | 3.2          |
|    n_updates            | 1255         |
|    policy_gradient_loss | -0.00159     |
|    std                  | 0.907        |
|    value_loss           | 6.31         |
------------------------------------------
------------------------------------------
| rollout/                |              |
|    ep_len_mean          | 1.9e+03      |
|    ep_rew_mean          | 31.5         |
| time/                   |              |
|    fps                  | 1506         |
|    iterations           | 53           |
|    time_elapsed         | 72           |
|    total_timesteps      | 518144       |
| train/                  |              |
|    approx_kl            | 0.0069882423 |
|    clip_fraction        | 0.0338       |
|    clip_range           | 0.2          |
|    entropy_loss         | -2.64        |
|    explained_variance   | 0.832        |
|    learning_rate        | 0.0003       |
|    loss                 | 4.57         |
|    n_updates            | 1260         |
|    policy_gradient_loss | -0.00216     |
|    std                  | 0.907        |
|    value_loss           | 9.04         |
------------------------------------------
-----------------------------------------
| rollout/                |             |
|    ep_len_mean          | 1.9e+03     |
|    ep_rew_mean          | 31.4        |
| time/                   |             |
|    fps                  | 1507        |
|    iterations           | 54          |
|    time_elapsed         | 73          |
|    total_timesteps      | 520192      |
| train/                  |             |
|    approx_kl            | 0.005739916 |
|    clip_fraction        | 0.022       |
|    clip_range           | 0.2         |
|    entropy_loss         | -2.64       |
|    explained_variance   | 0.771       |
|    learning_rate        | 0.0003      |
|    loss                 | 2.45        |
|    n_updates            | 1265        |
|    policy_gradient_loss | -0.00201    |
|    std                  | 0.908       |
|    value_loss           | 7.23        |
-----------------------------------------
------------------------------------------
| rollout/                |              |
|    ep_len_mean          | 1.89e+03     |
|    ep_rew_mean          | 32.6         |
| time/                   |              |
|    fps                  | 1505         |
|    iterations           | 55           |
|    time_elapsed         | 74           |
|    total_timesteps      | 522240       |
| train/                  |              |
|    approx_kl            | 0.0031039473 |
|    clip_fraction        | 0.0595       |
|    clip_range           | 0.2          |
|    entropy_loss         | -2.64        |
|    explained_variance   | 0.279        |
|    learning_rate        | 0.0003       |
|    loss                 | 5.15         |
|    n_updates            | 1270         |
|    policy_gradient_loss | -0.000922    |
|    std                  | 0.908        |
|    value_loss           | 52.5         |
------------------------------------------
------------------------------------------
| rollout/                |              |
|    ep_len_mean          | 1.88e+03     |
|    ep_rew_mean          | 33.8         |
| time/                   |              |
|    fps                  | 1506         |
|    iterations           | 56           |
|    time_elapsed         | 76           |
|    total_timesteps      | 524288       |
| train/                  |              |
|    approx_kl            | 0.0056576114 |
|    clip_fraction        | 0.0885       |
|    clip_range           | 0.2          |
|    entropy_loss         | -2.64        |
|    explained_variance   | -0.0506      |
|    learning_rate        | 0.0003       |
|    loss                 | 0.523        |
|    n_updates            | 1275         |
|    policy_gradient_loss | -0.00315     |
|    std                  | 0.907        |
|    value_loss           | 65.7         |
------------------------------------------
------------------------------------------
| rollout/                |              |
|    ep_len_mean          | 1.87e+03     |
|    ep_rew_mean          | 35           |
| time/                   |              |
|    fps                  | 1508         |
|    iterations           | 57           |
|    time_elapsed         | 77           |
|    total_timesteps      | 526336       |
| train/                  |              |
|    approx_kl            | 0.0079873325 |
|    clip_fraction        | 0.0586       |
|    clip_range           | 0.2          |
|    entropy_loss         | -2.64        |
|    explained_variance   | 0.0546       |
|    learning_rate        | 0.0003       |
|    loss                 | 2.39         |
|    n_updates            | 1280         |
|    policy_gradient_loss | -0.00241     |
|    std                  | 0.905        |
|    value_loss           | 60.5         |
------------------------------------------
------------------------------------------
| rollout/                |              |
|    ep_len_mean          | 1.86e+03     |
|    ep_rew_mean          | 35.1         |
| time/                   |              |
|    fps                  | 1510         |
|    iterations           | 58           |
|    time_elapsed         | 78           |
|    total_timesteps      | 528384       |
| train/                  |              |
|    approx_kl            | 0.0064981715 |
|    clip_fraction        | 0.122        |
|    clip_range           | 0.2          |
|    entropy_loss         | -2.64        |
|    explained_variance   | 0.394        |
|    learning_rate        | 0.0003       |
|    loss                 | 0.876        |
|    n_updates            | 1285         |
|    policy_gradient_loss | 0.00068      |
|    std                  | 0.905        |
|    value_loss           | 57.7         |
------------------------------------------
-----------------------------------------
| rollout/                |             |
|    ep_len_mean          | 1.86e+03    |
|    ep_rew_mean          | 36.3        |
| time/                   |             |
|    fps                  | 1510        |
|    iterations           | 59          |
|    time_elapsed         | 79          |
|    total_timesteps      | 530432      |
| train/                  |             |
|    approx_kl            | 0.006138672 |
|    clip_fraction        | 0.0812      |
|    clip_range           | 0.2         |
|    entropy_loss         | -2.64       |
|    explained_variance   | 0.91        |
|    learning_rate        | 0.0003      |
|    loss                 | 5.55        |
|    n_updates            | 1290        |
|    policy_gradient_loss | -0.0052     |
|    std                  | 0.905       |
|    value_loss           | 7.03        |
-----------------------------------------
------------------------------------------
| rollout/                |              |
|    ep_len_mean          | 1.86e+03     |
|    ep_rew_mean          | 36.3         |
| time/                   |              |
|    fps                  | 1510         |
|    iterations           | 60           |
|    time_elapsed         | 81           |
|    total_timesteps      | 532480       |
| train/                  |              |
|    approx_kl            | 0.0031679163 |
|    clip_fraction        | 0.0443       |
|    clip_range           | 0.2          |
|    entropy_loss         | -2.64        |
|    explained_variance   | -0.183       |
|    learning_rate        | 0.0003       |
|    loss                 | 0.0978       |
|    n_updates            | 1295         |
|    policy_gradient_loss | -0.00185     |
|    std                  | 0.904        |
|    value_loss           | 70.5         |
------------------------------------------
------------------------------------------
| rollout/                |              |
|    ep_len_mean          | 1.86e+03     |
|    ep_rew_mean          | 36.1         |
| time/                   |              |
|    fps                  | 1511         |
|    iterations           | 61           |
|    time_elapsed         | 82           |
|    total_timesteps      | 534528       |
| train/                  |              |
|    approx_kl            | 0.0066974163 |
|    clip_fraction        | 0.0601       |
|    clip_range           | 0.2          |
|    entropy_loss         | -2.63        |
|    explained_variance   | 0.496        |
|    learning_rate        | 0.0003       |
|    loss                 | 0.291        |
|    n_updates            | 1300         |
|    policy_gradient_loss | -0.0017      |
|    std                  | 0.902        |
|    value_loss           | 60.7         |
------------------------------------------
------------------------------------------
| rollout/                |              |
|    ep_len_mean          | 1.86e+03     |
|    ep_rew_mean          | 36.1         |
| time/                   |              |
|    fps                  | 1512         |
|    iterations           | 62           |
|    time_elapsed         | 83           |
|    total_timesteps      | 536576       |
| train/                  |              |
|    approx_kl            | 0.0031586317 |
|    clip_fraction        | 0.0758       |
|    clip_range           | 0.2          |
|    entropy_loss         | -2.63        |
|    explained_variance   | 0.804        |
|    learning_rate        | 0.0003       |
|    loss                 | 3.34         |
|    n_updates            | 1305         |
|    policy_gradient_loss | -0.000842    |
|    std                  | 0.901        |
|    value_loss           | 13.4         |
------------------------------------------
------------------------------------------
| rollout/                |              |
|    ep_len_mean          | 1.87e+03     |
|    ep_rew_mean          | 34.8         |
| time/                   |              |
|    fps                  | 1514         |
|    iterations           | 63           |
|    time_elapsed         | 85           |
|    total_timesteps      | 538624       |
| train/                  |              |
|    approx_kl            | 0.0059026508 |
|    clip_fraction        | 0.0845       |
|    clip_range           | 0.2          |
|    entropy_loss         | -2.63        |
|    explained_variance   | 0.888        |
|    learning_rate        | 0.0003       |
|    loss                 | 1.11         |
|    n_updates            | 1310         |
|    policy_gradient_loss | 0.000638     |
|    std                  | 0.9          |
|    value_loss           | 2.55         |
------------------------------------------
-----------------------------------------
| rollout/                |             |
|    ep_len_mean          | 1.85e+03    |
|    ep_rew_mean          | 35.7        |
| time/                   |             |
|    fps                  | 1513        |
|    iterations           | 64          |
|    time_elapsed         | 86          |
|    total_timesteps      | 540672      |
| train/                  |             |
|    approx_kl            | 0.024497934 |
|    clip_fraction        | 0.0823      |
|    clip_range           | 0.2         |
|    entropy_loss         | -2.63       |
|    explained_variance   | 0.669       |
|    learning_rate        | 0.0003      |
|    loss                 | 1.1         |
|    n_updates            | 1315        |
|    policy_gradient_loss | -0.00195    |
|    std                  | 0.899       |
|    value_loss           | 23.4        |
-----------------------------------------
------------------------------------------
| rollout/                |              |
|    ep_len_mean          | 1.85e+03     |
|    ep_rew_mean          | 35.5         |
| time/                   |              |
|    fps                  | 1513         |
|    iterations           | 65           |
|    time_elapsed         | 87           |
|    total_timesteps      | 542720       |
| train/                  |              |
|    approx_kl            | 0.0065996163 |
|    clip_fraction        | 0.0187       |
|    clip_range           | 0.2          |
|    entropy_loss         | -2.62        |
|    explained_variance   | 0.471        |
|    learning_rate        | 0.0003       |
|    loss                 | 4.9          |
|    n_updates            | 1320         |
|    policy_gradient_loss | -0.000588    |
|    std                  | 0.899        |
|    value_loss           | 68.1         |
------------------------------------------
-----------------------------------------
| rollout/                |             |
|    ep_len_mean          | 1.84e+03    |
|    ep_rew_mean          | 36.8        |
| time/                   |             |
|    fps                  | 1512        |
|    iterations           | 66          |
|    time_elapsed         | 89          |
|    total_timesteps      | 544768      |
| train/                  |             |
|    approx_kl            | 0.010365004 |
|    clip_fraction        | 0.132       |
|    clip_range           | 0.2         |
|    entropy_loss         | -2.62       |
|    explained_variance   | 0.605       |
|    learning_rate        | 0.0003      |
|    loss                 | 3.65        |
|    n_updates            | 1325        |
|    policy_gradient_loss | 0.000342    |
|    std                  | 0.897       |
|    value_loss           | 11.2        |
-----------------------------------------
------------------------------------------
| rollout/                |              |
|    ep_len_mean          | 1.82e+03     |
|    ep_rew_mean          | 38.1         |
| time/                   |              |
|    fps                  | 1513         |
|    iterations           | 67           |
|    time_elapsed         | 90           |
|    total_timesteps      | 546816       |
| train/                  |              |
|    approx_kl            | 0.0032198364 |
|    clip_fraction        | 0.0221       |
|    clip_range           | 0.2          |
|    entropy_loss         | -2.62        |
|    explained_variance   | 0.345        |
|    learning_rate        | 0.0003       |
|    loss                 | 213          |
|    n_updates            | 1330         |
|    policy_gradient_loss | -0.000695    |
|    std                  | 0.896        |
|    value_loss           | 59.6         |
------------------------------------------
------------------------------------------
| rollout/                |              |
|    ep_len_mean          | 1.82e+03     |
|    ep_rew_mean          | 38.1         |
| time/                   |              |
|    fps                  | 1514         |
|    iterations           | 68           |
|    time_elapsed         | 91           |
|    total_timesteps      | 548864       |
| train/                  |              |
|    approx_kl            | 0.0036162783 |
|    clip_fraction        | 0.0233       |
|    clip_range           | 0.2          |
|    entropy_loss         | -2.62        |
|    explained_variance   | 0.373        |
|    learning_rate        | 0.0003       |
|    loss                 | 4.33         |
|    n_updates            | 1335         |
|    policy_gradient_loss | -0.00194     |
|    std                  | 0.896        |
|    value_loss           | 62.4         |
------------------------------------------
-----------------------------------------
| rollout/                |             |
|    ep_len_mean          | 1.83e+03    |
|    ep_rew_mean          | 36.9        |
| time/                   |             |
|    fps                  | 1515        |
|    iterations           | 69          |
|    time_elapsed         | 93          |
|    total_timesteps      | 550912      |
| train/                  |             |
|    approx_kl            | 0.036320645 |
|    clip_fraction        | 0.15        |
|    clip_range           | 0.2         |
|    entropy_loss         | -2.61       |
|    explained_variance   | 0.862       |
|    learning_rate        | 0.0003      |
|    loss                 | 1.65        |
|    n_updates            | 1340        |
|    policy_gradient_loss | 0.00892     |
|    std                  | 0.893       |
|    value_loss           | 10.8        |
-----------------------------------------
---------------------------------------
| rollout/                |           |
|    ep_len_mean          | 1.81e+03  |
|    ep_rew_mean          | 39.5      |
| time/                   |           |
|    fps                  | 1514      |
|    iterations           | 70        |
|    time_elapsed         | 94        |
|    total_timesteps      | 552960    |
| train/                  |           |
|    approx_kl            | 0.0335674 |
|    clip_fraction        | 0.324     |
|    clip_range           | 0.2       |
|    entropy_loss         | -2.61     |
|    explained_variance   | 0.813     |
|    learning_rate        | 0.0003    |
|    loss                 | 2.71      |
|    n_updates            | 1345      |
|    policy_gradient_loss | 0.0159    |
|    std                  | 0.89      |
|    value_loss           | 13.3      |
---------------------------------------
------------------------------------------
| rollout/                |              |
|    ep_len_mean          | 1.81e+03     |
|    ep_rew_mean          | 39.5         |
| time/                   |              |
|    fps                  | 1514         |
|    iterations           | 71           |
|    time_elapsed         | 96           |
|    total_timesteps      | 555008       |
| train/                  |              |
|    approx_kl            | 0.0029272675 |
|    clip_fraction        | 0.0813       |
|    clip_range           | 0.2          |
|    entropy_loss         | -2.6         |
|    explained_variance   | 0.203        |
|    learning_rate        | 0.0003       |
|    loss                 | 1.51         |
|    n_updates            | 1350         |
|    policy_gradient_loss | -0.00335     |
|    std                  | 0.889        |
|    value_loss           | 107          |
------------------------------------------
-----------------------------------------
| rollout/                |             |
|    ep_len_mean          | 1.82e+03    |
|    ep_rew_mean          | 38.2        |
| time/                   |             |
|    fps                  | 1515        |
|    iterations           | 72          |
|    time_elapsed         | 97          |
|    total_timesteps      | 557056      |
| train/                  |             |
|    approx_kl            | 0.010487937 |
|    clip_fraction        | 0.0429      |
|    clip_range           | 0.2         |
|    entropy_loss         | -2.6        |
|    explained_variance   | 0.943       |
|    learning_rate        | 0.0003      |
|    loss                 | 2.27        |
|    n_updates            | 1355        |
|    policy_gradient_loss | -0.00235    |
|    std                  | 0.888       |
|    value_loss           | 5.28        |
-----------------------------------------
-----------------------------------------
| rollout/                |             |
|    ep_len_mean          | 1.81e+03    |
|    ep_rew_mean          | 39.6        |
| time/                   |             |
|    fps                  | 1516        |
|    iterations           | 73          |
|    time_elapsed         | 98          |
|    total_timesteps      | 559104      |
| train/                  |             |
|    approx_kl            | 0.010140549 |
|    clip_fraction        | 0.132       |
|    clip_range           | 0.2         |
|    entropy_loss         | -2.6        |
|    explained_variance   | 0.631       |
|    learning_rate        | 0.0003      |
|    loss                 | 19.1        |
|    n_updates            | 1360        |
|    policy_gradient_loss | 0.000616    |
|    std                  | 0.889       |
|    value_loss           | 10.2        |
-----------------------------------------
-----------------------------------------
| rollout/                |             |
|    ep_len_mean          | 1.79e+03    |
|    ep_rew_mean          | 40.9        |
| time/                   |             |
|    fps                  | 1516        |
|    iterations           | 74          |
|    time_elapsed         | 99          |
|    total_timesteps      | 561152      |
| train/                  |             |
|    approx_kl            | 0.006971358 |
|    clip_fraction        | 0.0584      |
|    clip_range           | 0.2         |
|    entropy_loss         | -2.6        |
|    explained_variance   | 0.302       |
|    learning_rate        | 0.0003      |
|    loss                 | 206         |
|    n_updates            | 1365        |
|    policy_gradient_loss | -0.00527    |
|    std                  | 0.887       |
|    value_loss           | 54.7        |
-----------------------------------------
------------------------------------------
| rollout/                |              |
|    ep_len_mean          | 1.77e+03     |
|    ep_rew_mean          | 42.5         |
| time/                   |              |
|    fps                  | 1515         |
|    iterations           | 75           |
|    time_elapsed         | 101          |
|    total_timesteps      | 563200       |
| train/                  |              |
|    approx_kl            | 0.0052681733 |
|    clip_fraction        | 0.122        |
|    clip_range           | 0.2          |
|    entropy_loss         | -2.6         |
|    explained_variance   | 0.123        |
|    learning_rate        | 0.0003       |
|    loss                 | 9.52         |
|    n_updates            | 1370         |
|    policy_gradient_loss | -8.81e-05    |
|    std                  | 0.885        |
|    value_loss           | 55.1         |
------------------------------------------
------------------------------------------
| rollout/                |              |
|    ep_len_mean          | 1.77e+03     |
|    ep_rew_mean          | 43.6         |
| time/                   |              |
|    fps                  | 1514         |
|    iterations           | 76           |
|    time_elapsed         | 102          |
|    total_timesteps      | 565248       |
| train/                  |              |
|    approx_kl            | 0.0032061539 |
|    clip_fraction        | 0.0325       |
|    clip_range           | 0.2          |
|    entropy_loss         | -2.59        |
|    explained_variance   | 0.119        |
|    learning_rate        | 0.0003       |
|    loss                 | 6.81         |
|    n_updates            | 1375         |
|    policy_gradient_loss | -0.000935    |
|    std                  | 0.885        |
|    value_loss           | 41.6         |
------------------------------------------
------------------------------------------
| rollout/                |              |
|    ep_len_mean          | 1.76e+03     |
|    ep_rew_mean          | 43.5         |
| time/                   |              |
|    fps                  | 1514         |
|    iterations           | 77           |
|    time_elapsed         | 104          |
|    total_timesteps      | 567296       |
| train/                  |              |
|    approx_kl            | 0.0062722284 |
|    clip_fraction        | 0.0702       |
|    clip_range           | 0.2          |
|    entropy_loss         | -2.59        |
|    explained_variance   | 0.155        |
|    learning_rate        | 0.0003       |
|    loss                 | 0.441        |
|    n_updates            | 1380         |
|    policy_gradient_loss | -0.000264    |
|    std                  | 0.885        |
|    value_loss           | 55.3         |
------------------------------------------
-----------------------------------------
| rollout/                |             |
|    ep_len_mean          | 1.78e+03    |
|    ep_rew_mean          | 42.1        |
| time/                   |             |
|    fps                  | 1515        |
|    iterations           | 78          |
|    time_elapsed         | 105         |
|    total_timesteps      | 569344      |
| train/                  |             |
|    approx_kl            | 0.008022732 |
|    clip_fraction        | 0.0729      |
|    clip_range           | 0.2         |
|    entropy_loss         | -2.59       |
|    explained_variance   | 0.236       |
|    learning_rate        | 0.0003      |
|    loss                 | 14.5        |
|    n_updates            | 1385        |
|    policy_gradient_loss | 0.00197     |
|    std                  | 0.885       |
|    value_loss           | 56.4        |
-----------------------------------------
-----------------------------------------
| rollout/                |             |
|    ep_len_mean          | 1.77e+03    |
|    ep_rew_mean          | 43.2        |
| time/                   |             |
|    fps                  | 1514        |
|    iterations           | 79          |
|    time_elapsed         | 106         |
|    total_timesteps      | 571392      |
| train/                  |             |
|    approx_kl            | 0.006703476 |
|    clip_fraction        | 0.0695      |
|    clip_range           | 0.2         |
|    entropy_loss         | -2.59       |
|    explained_variance   | 0.747       |
|    learning_rate        | 0.0003      |
|    loss                 | 3.13        |
|    n_updates            | 1390        |
|    policy_gradient_loss | -0.00187    |
|    std                  | 0.887       |
|    value_loss           | 14.9        |
-----------------------------------------
-----------------------------------------
| rollout/                |             |
|    ep_len_mean          | 1.76e+03    |
|    ep_rew_mean          | 43.1        |
| time/                   |             |
|    fps                  | 1514        |
|    iterations           | 80          |
|    time_elapsed         | 108         |
|    total_timesteps      | 573440      |
| train/                  |             |
|    approx_kl            | 0.011633724 |
|    clip_fraction        | 0.147       |
|    clip_range           | 0.2         |
|    entropy_loss         | -2.6        |
|    explained_variance   | -0.00654    |
|    learning_rate        | 0.0003      |
|    loss                 | 192         |
|    n_updates            | 1395        |
|    policy_gradient_loss | -0.00174    |
|    std                  | 0.887       |
|    value_loss           | 71.9        |
-----------------------------------------
-----------------------------------------
| rollout/                |             |
|    ep_len_mean          | 1.75e+03    |
|    ep_rew_mean          | 44.4        |
| time/                   |             |
|    fps                  | 1514        |
|    iterations           | 81          |
|    time_elapsed         | 109         |
|    total_timesteps      | 575488      |
| train/                  |             |
|    approx_kl            | 0.011646636 |
|    clip_fraction        | 0.108       |
|    clip_range           | 0.2         |
|    entropy_loss         | -2.6        |
|    explained_variance   | -0.0509     |
|    learning_rate        | 0.0003      |
|    loss                 | 0.483       |
|    n_updates            | 1400        |
|    policy_gradient_loss | 0.000799    |
|    std                  | 0.885       |
|    value_loss           | 106         |
-----------------------------------------
-----------------------------------------
| rollout/                |             |
|    ep_len_mean          | 1.75e+03    |
|    ep_rew_mean          | 44.4        |
| time/                   |             |
|    fps                  | 1514        |
|    iterations           | 82          |
|    time_elapsed         | 110         |
|    total_timesteps      | 577536      |
| train/                  |             |
|    approx_kl            | 0.007350142 |
|    clip_fraction        | 0.188       |
|    clip_range           | 0.2         |
|    entropy_loss         | -2.59       |
|    explained_variance   | -0.00832    |
|    learning_rate        | 0.0003      |
|    loss                 | 1.77        |
|    n_updates            | 1405        |
|    policy_gradient_loss | 0.00687     |
|    std                  | 0.885       |
|    value_loss           | 54.4        |
-----------------------------------------
------------------------------------------
| rollout/                |              |
|    ep_len_mean          | 1.75e+03     |
|    ep_rew_mean          | 45.1         |
| time/                   |              |
|    fps                  | 1515         |
|    iterations           | 83           |
|    time_elapsed         | 112          |
|    total_timesteps      | 579584       |
| train/                  |              |
|    approx_kl            | 0.0093341125 |
|    clip_fraction        | 0.0852       |
|    clip_range           | 0.2          |
|    entropy_loss         | -2.59        |
|    explained_variance   | 0.802        |
|    learning_rate        | 0.0003       |
|    loss                 | 0.328        |
|    n_updates            | 1410         |
|    policy_gradient_loss | -0.00025     |
|    std                  | 0.885        |
|    value_loss           | 7.38         |
------------------------------------------
-----------------------------------------
| rollout/                |             |
|    ep_len_mean          | 1.75e+03    |
|    ep_rew_mean          | 45          |
| time/                   |             |
|    fps                  | 1515        |
|    iterations           | 84          |
|    time_elapsed         | 113         |
|    total_timesteps      | 581632      |
| train/                  |             |
|    approx_kl            | 0.012084321 |
|    clip_fraction        | 0.0533      |
|    clip_range           | 0.2         |
|    entropy_loss         | -2.59       |
|    explained_variance   | 0.519       |
|    learning_rate        | 0.0003      |
|    loss                 | 0.464       |
|    n_updates            | 1415        |
|    policy_gradient_loss | -0.000629   |
|    std                  | 0.884       |
|    value_loss           | 53.3        |
-----------------------------------------
------------------------------------------
| rollout/                |              |
|    ep_len_mean          | 1.73e+03     |
|    ep_rew_mean          | 46.4         |
| time/                   |              |
|    fps                  | 1515         |
|    iterations           | 85           |
|    time_elapsed         | 114          |
|    total_timesteps      | 583680       |
| train/                  |              |
|    approx_kl            | 0.0047821775 |
|    clip_fraction        | 0.0771       |
|    clip_range           | 0.2          |
|    entropy_loss         | -2.59        |
|    explained_variance   | 0.263        |
|    learning_rate        | 0.0003       |
|    loss                 | 30.7         |
|    n_updates            | 1420         |
|    policy_gradient_loss | -0.00218     |
|    std                  | 0.884        |
|    value_loss           | 61.2         |
------------------------------------------
-----------------------------------------
| rollout/                |             |
|    ep_len_mean          | 1.73e+03    |
|    ep_rew_mean          | 46.5        |
| time/                   |             |
|    fps                  | 1516        |
|    iterations           | 86          |
|    time_elapsed         | 116         |
|    total_timesteps      | 585728      |
| train/                  |             |
|    approx_kl            | 0.016824927 |
|    clip_fraction        | 0.0912      |
|    clip_range           | 0.2         |
|    entropy_loss         | -2.59       |
|    explained_variance   | 0.0962      |
|    learning_rate        | 0.0003      |
|    loss                 | 7.6         |
|    n_updates            | 1425        |
|    policy_gradient_loss | 0.000954    |
|    std                  | 0.885       |
|    value_loss           | 51.9        |
-----------------------------------------
----------------------------------------
| rollout/                |            |
|    ep_len_mean          | 1.71e+03   |
|    ep_rew_mean          | 49.4       |
| time/                   |            |
|    fps                  | 1516       |
|    iterations           | 87         |
|    time_elapsed         | 117        |
|    total_timesteps      | 587776     |
| train/                  |            |
|    approx_kl            | 0.01800401 |
|    clip_fraction        | 0.136      |
|    clip_range           | 0.2        |
|    entropy_loss         | -2.59      |
|    explained_variance   | -0.131     |
|    learning_rate        | 0.0003     |
|    loss                 | 1.61       |
|    n_updates            | 1430       |
|    policy_gradient_loss | 0.00389    |
|    std                  | 0.885      |
|    value_loss           | 58.6       |
----------------------------------------
-----------------------------------------
| rollout/                |             |
|    ep_len_mean          | 1.71e+03    |
|    ep_rew_mean          | 49.4        |
| time/                   |             |
|    fps                  | 1515        |
|    iterations           | 88          |
|    time_elapsed         | 118         |
|    total_timesteps      | 589824      |
| train/                  |             |
|    approx_kl            | 0.013245913 |
|    clip_fraction        | 0.112       |
|    clip_range           | 0.2         |
|    entropy_loss         | -2.59       |
|    explained_variance   | 0.00798     |
|    learning_rate        | 0.0003      |
|    loss                 | 0.648       |
|    n_updates            | 1435        |
|    policy_gradient_loss | -0.000186   |
|    std                  | 0.886       |
|    value_loss           | 99.1        |
-----------------------------------------
-----------------------------------------
| rollout/                |             |
|    ep_len_mean          | 1.71e+03    |
|    ep_rew_mean          | 49.6        |
| time/                   |             |
|    fps                  | 1517        |
|    iterations           | 89          |
|    time_elapsed         | 120         |
|    total_timesteps      | 591872      |
| train/                  |             |
|    approx_kl            | 0.021461507 |
|    clip_fraction        | 0.0975      |
|    clip_range           | 0.2         |
|    entropy_loss         | -2.6        |
|    explained_variance   | 0.619       |
|    learning_rate        | 0.0003      |
|    loss                 | 3.47        |
|    n_updates            | 1440        |
|    policy_gradient_loss | 0.00343     |
|    std                  | 0.889       |
|    value_loss           | 8.35        |
-----------------------------------------
-----------------------------------------
| rollout/                |             |
|    ep_len_mean          | 1.71e+03    |
|    ep_rew_mean          | 49.3        |
| time/                   |             |
|    fps                  | 1517        |
|    iterations           | 90          |
|    time_elapsed         | 121         |
|    total_timesteps      | 593920      |
| train/                  |             |
|    approx_kl            | 0.003709161 |
|    clip_fraction        | 0.0491      |
|    clip_range           | 0.2         |
|    entropy_loss         | -2.6        |
|    explained_variance   | 0.476       |
|    learning_rate        | 0.0003      |
|    loss                 | 0.877       |
|    n_updates            | 1445        |
|    policy_gradient_loss | -0.00221    |
|    std                  | 0.89        |
|    value_loss           | 12.4        |
-----------------------------------------
----------------------------------------
| rollout/                |            |
|    ep_len_mean          | 1.73e+03   |
|    ep_rew_mean          | 47.9       |
| time/                   |            |
|    fps                  | 1518       |
|    iterations           | 91         |
|    time_elapsed         | 122        |
|    total_timesteps      | 595968     |
| train/                  |            |
|    approx_kl            | 0.03118372 |
|    clip_fraction        | 0.0971     |
|    clip_range           | 0.2        |
|    entropy_loss         | -2.6       |
|    explained_variance   | 0.518      |
|    learning_rate        | 0.0003     |
|    loss                 | 0.949      |
|    n_updates            | 1450       |
|    policy_gradient_loss | 0.00182    |
|    std                  | 0.891      |
|    value_loss           | 6.94       |
----------------------------------------
-----------------------------------------
| rollout/                |             |
|    ep_len_mean          | 1.74e+03    |
|    ep_rew_mean          | 46.3        |
| time/                   |             |
|    fps                  | 1518        |
|    iterations           | 92          |
|    time_elapsed         | 124         |
|    total_timesteps      | 598016      |
| train/                  |             |
|    approx_kl            | 0.010527959 |
|    clip_fraction        | 0.096       |
|    clip_range           | 0.2         |
|    entropy_loss         | -2.61       |
|    explained_variance   | 0.725       |
|    learning_rate        | 0.0003      |
|    loss                 | 3.59        |
|    n_updates            | 1455        |
|    policy_gradient_loss | -0.000962   |
|    std                  | 0.893       |
|    value_loss           | 13.6        |
-----------------------------------------
-----------------------------------------
| rollout/                |             |
|    ep_len_mean          | 1.71e+03    |
|    ep_rew_mean          | 49.2        |
| time/                   |             |
|    fps                  | 1518        |
|    iterations           | 93          |
|    time_elapsed         | 125         |
|    total_timesteps      | 600064      |
| train/                  |             |
|    approx_kl            | 0.006134668 |
|    clip_fraction        | 0.0694      |
|    clip_range           | 0.2         |
|    entropy_loss         | -2.61       |
|    explained_variance   | 0.679       |
|    learning_rate        | 0.0003      |
|    loss                 | 3.01        |
|    n_updates            | 1460        |
|    policy_gradient_loss | -0.00265    |
|    std                  | 0.892       |
|    value_loss           | 12.2        |
-----------------------------------------
----------------------------------------
| rollout/                |            |
|    ep_len_mean          | 1.71e+03   |
|    ep_rew_mean          | 49.3       |
| time/                   |            |
|    fps                  | 1518       |
|    iterations           | 94         |
|    time_elapsed         | 126        |
|    total_timesteps      | 602112     |
| train/                  |            |
|    approx_kl            | 0.00414751 |
|    clip_fraction        | 0.0132     |
|    clip_range           | 0.2        |
|    entropy_loss         | -2.61      |
|    explained_variance   | -0.054     |
|    learning_rate        | 0.0003     |
|    loss                 | 2.34       |
|    n_updates            | 1465       |
|    policy_gradient_loss | -0.00172   |
|    std                  | 0.891      |
|    value_loss           | 98.5       |
----------------------------------------
-----------------------------------------
| rollout/                |             |
|    ep_len_mean          | 1.71e+03    |
|    ep_rew_mean          | 49.4        |
| time/                   |             |
|    fps                  | 1518        |
|    iterations           | 95          |
|    time_elapsed         | 128         |
|    total_timesteps      | 604160      |
| train/                  |             |
|    approx_kl            | 0.037186548 |
|    clip_fraction        | 0.197       |
|    clip_range           | 0.2         |
|    entropy_loss         | -2.61       |
|    explained_variance   | 0.72        |
|    learning_rate        | 0.0003      |
|    loss                 | 1.15        |
|    n_updates            | 1470        |
|    policy_gradient_loss | 0.00484     |
|    std                  | 0.893       |
|    value_loss           | 8.14        |
-----------------------------------------
----------------------------------------
| rollout/                |            |
|    ep_len_mean          | 1.71e+03   |
|    ep_rew_mean          | 49.4       |
| time/                   |            |
|    fps                  | 1519       |
|    iterations           | 96         |
|    time_elapsed         | 129        |
|    total_timesteps      | 606208     |
| train/                  |            |
|    approx_kl            | 0.00967761 |
|    clip_fraction        | 0.108      |
|    clip_range           | 0.2        |
|    entropy_loss         | -2.61      |
|    explained_variance   | 0.674      |
|    learning_rate        | 0.0003     |
|    loss                 | 0.75       |
|    n_updates            | 1475       |
|    policy_gradient_loss | 0.00199    |
|    std                  | 0.892      |
|    value_loss           | 15.7       |
----------------------------------------
-----------------------------------------
| rollout/                |             |
|    ep_len_mean          | 1.72e+03    |
|    ep_rew_mean          | 48.2        |
| time/                   |             |
|    fps                  | 1520        |
|    iterations           | 97          |
|    time_elapsed         | 130         |
|    total_timesteps      | 608256      |
| train/                  |             |
|    approx_kl            | 0.004365851 |
|    clip_fraction        | 0.0194      |
|    clip_range           | 0.2         |
|    entropy_loss         | -2.61       |
|    explained_variance   | 0.918       |
|    learning_rate        | 0.0003      |
|    loss                 | 0.689       |
|    n_updates            | 1480        |
|    policy_gradient_loss | -0.00218    |
|    std                  | 0.891       |
|    value_loss           | 4.17        |
-----------------------------------------
------------------------------------------
| rollout/                |              |
|    ep_len_mean          | 1.73e+03     |
|    ep_rew_mean          | 48.1         |
| time/                   |              |
|    fps                  | 1521         |
|    iterations           | 98           |
|    time_elapsed         | 131          |
|    total_timesteps      | 610304       |
| train/                  |              |
|    approx_kl            | 0.0042061685 |
|    clip_fraction        | 0.0378       |
|    clip_range           | 0.2          |
|    entropy_loss         | -2.6         |
|    explained_variance   | 0.784        |
|    learning_rate        | 0.0003       |
|    loss                 | 0.0874       |
|    n_updates            | 1485         |
|    policy_gradient_loss | -0.00293     |
|    std                  | 0.89         |
|    value_loss           | 9.8          |
------------------------------------------
-----------------------------------------
| rollout/                |             |
|    ep_len_mean          | 1.73e+03    |
|    ep_rew_mean          | 48.1        |
| time/                   |             |
|    fps                  | 1520        |
|    iterations           | 99          |
|    time_elapsed         | 133         |
|    total_timesteps      | 612352      |
| train/                  |             |
|    approx_kl            | 0.004072884 |
|    clip_fraction        | 0.0181      |
|    clip_range           | 0.2         |
|    entropy_loss         | -2.6        |
|    explained_variance   | 0.28        |
|    learning_rate        | 0.0003      |
|    loss                 | 26.8        |
|    n_updates            | 1490        |
|    policy_gradient_loss | -0.00155    |
|    std                  | 0.889       |
|    value_loss           | 70.4        |
-----------------------------------------
------------------------------------------
| rollout/                |              |
|    ep_len_mean          | 1.73e+03     |
|    ep_rew_mean          | 48.1         |
| time/                   |              |
|    fps                  | 1521         |
|    iterations           | 100          |
|    time_elapsed         | 134          |
|    total_timesteps      | 614400       |
| train/                  |              |
|    approx_kl            | 0.0060184803 |
|    clip_fraction        | 0.0876       |
|    clip_range           | 0.2          |
|    entropy_loss         | -2.6         |
|    explained_variance   | 0.669        |
|    learning_rate        | 0.0003       |
|    loss                 | 3.66         |
|    n_updates            | 1495         |
|    policy_gradient_loss | 4.48e-05     |
|    std                  | 0.89         |
|    value_loss           | 6.28         |
------------------------------------------

CP3 held-out: 19/50 hits (38.0%), mean miss 6.9 m, mean reward 40.37
STOP CONDITION: no joint improvement -- review gate before continuing.

==== babysit CP4 2026-09-14 18:33:50 ====
CP4: evasive lineage | max_time=45s t_go_max=10s | tracking=True | obs=12-D | miss_tanh_scale=3000m shaping_gamma=1 effort_weight=5 -> out=/Users/vincenzo/Desktop/Projects/Physics Sim Project/missile_guidance_sim/outputs/evasive_zemtgo10_seed5
---------------------------------
| rollout/           |          |
|    ep_len_mean     | 1.73e+03 |
|    ep_rew_mean     | 48.1     |
| time/              |          |
|    fps             | 4718     |
|    iterations      | 1        |
|    time_elapsed    | 0        |
|    total_timesteps | 616448   |
---------------------------------
------------------------------------------
| rollout/                |              |
|    ep_len_mean          | 1.73e+03     |
|    ep_rew_mean          | 48.1         |
| time/                   |              |
|    fps                  | 1836         |
|    iterations           | 2            |
|    time_elapsed         | 2            |
|    total_timesteps      | 618496       |
| train/                  |              |
|    approx_kl            | 0.0050981324 |
|    clip_fraction        | 0.0179       |
|    clip_range           | 0.2          |
|    entropy_loss         | -2.6         |
|    explained_variance   | 0.534        |
|    learning_rate        | 0.0003       |
|    loss                 | 1.26         |
|    n_updates            | 1505         |
|    policy_gradient_loss | -0.000931    |
|    std                  | 0.889        |
|    value_loss           | 6.09         |
------------------------------------------
------------------------------------------
| rollout/                |              |
|    ep_len_mean          | 1.72e+03     |
|    ep_rew_mean          | 49.5         |
| time/                   |              |
|    fps                  | 1714         |
|    iterations           | 3            |
|    time_elapsed         | 3            |
|    total_timesteps      | 620544       |
| train/                  |              |
|    approx_kl            | 0.0022743596 |
|    clip_fraction        | 0.0827       |
|    clip_range           | 0.2          |
|    entropy_loss         | -2.6         |
|    explained_variance   | 0.714        |
|    learning_rate        | 0.0003       |
|    loss                 | 1.2          |
|    n_updates            | 1510         |
|    policy_gradient_loss | -0.000234    |
|    std                  | 0.889        |
|    value_loss           | 3.68         |
------------------------------------------
-----------------------------------------
| rollout/                |             |
|    ep_len_mean          | 1.72e+03    |
|    ep_rew_mean          | 49.5        |
| time/                   |             |
|    fps                  | 1628        |
|    iterations           | 4           |
|    time_elapsed         | 5           |
|    total_timesteps      | 622592      |
| train/                  |             |
|    approx_kl            | 0.007421163 |
|    clip_fraction        | 0.0701      |
|    clip_range           | 0.2         |
|    entropy_loss         | -2.6        |
|    explained_variance   | 0.238       |
|    learning_rate        | 0.0003      |
|    loss                 | 7.8         |
|    n_updates            | 1515        |
|    policy_gradient_loss | -0.00173    |
|    std                  | 0.89        |
|    value_loss           | 54.5        |
-----------------------------------------
-----------------------------------------
| rollout/                |             |
|    ep_len_mean          | 1.74e+03    |
|    ep_rew_mean          | 47.7        |
| time/                   |             |
|    fps                  | 1622        |
|    iterations           | 5           |
|    time_elapsed         | 6           |
|    total_timesteps      | 624640      |
| train/                  |             |
|    approx_kl            | 0.005895155 |
|    clip_fraction        | 0.0587      |
|    clip_range           | 0.2         |
|    entropy_loss         | -2.61       |
|    explained_variance   | 0.918       |
|    learning_rate        | 0.0003      |
|    loss                 | 5.48        |
|    n_updates            | 1520        |
|    policy_gradient_loss | -0.00222    |
|    std                  | 0.891       |
|    value_loss           | 3.34        |
-----------------------------------------
------------------------------------------
| rollout/                |              |
|    ep_len_mean          | 1.74e+03     |
|    ep_rew_mean          | 47.7         |
| time/                   |              |
|    fps                  | 1580         |
|    iterations           | 6            |
|    time_elapsed         | 7            |
|    total_timesteps      | 626688       |
| train/                  |              |
|    approx_kl            | 0.0030816756 |
|    clip_fraction        | 0.00322      |
|    clip_range           | 0.2          |
|    entropy_loss         | -2.61        |
|    explained_variance   | 0.534        |
|    learning_rate        | 0.0003       |
|    loss                 | 6.5          |
|    n_updates            | 1525         |
|    policy_gradient_loss | -0.00275     |
|    std                  | 0.891        |
|    value_loss           | 27.4         |
------------------------------------------
------------------------------------------
| rollout/                |              |
|    ep_len_mean          | 1.74e+03     |
|    ep_rew_mean          | 47.7         |
| time/                   |              |
|    fps                  | 1571         |
|    iterations           | 7            |
|    time_elapsed         | 9            |
|    total_timesteps      | 628736       |
| train/                  |              |
|    approx_kl            | 0.0023510708 |
|    clip_fraction        | 0.0357       |
|    clip_range           | 0.2          |
|    entropy_loss         | -2.61        |
|    explained_variance   | 0.685        |
|    learning_rate        | 0.0003       |
|    loss                 | 1.07         |
|    n_updates            | 1530         |
|    policy_gradient_loss | -0.00259     |
|    std                  | 0.889        |
|    value_loss           | 8.16         |
------------------------------------------
-----------------------------------------
| rollout/                |             |
|    ep_len_mean          | 1.74e+03    |
|    ep_rew_mean          | 47.5        |
| time/                   |             |
|    fps                  | 1576        |
|    iterations           | 8           |
|    time_elapsed         | 10          |
|    total_timesteps      | 630784      |
| train/                  |             |
|    approx_kl            | 0.003625949 |
|    clip_fraction        | 0.0165      |
|    clip_range           | 0.2         |
|    entropy_loss         | -2.6        |
|    explained_variance   | 0.93        |
|    learning_rate        | 0.0003      |
|    loss                 | 0.297       |
|    n_updates            | 1535        |
|    policy_gradient_loss | -0.00155    |
|    std                  | 0.889       |
|    value_loss           | 4.42        |
-----------------------------------------
-----------------------------------------
| rollout/                |             |
|    ep_len_mean          | 1.74e+03    |
|    ep_rew_mean          | 47.4        |
| time/                   |             |
|    fps                  | 1579        |
|    iterations           | 9           |
|    time_elapsed         | 11          |
|    total_timesteps      | 632832      |
| train/                  |             |
|    approx_kl            | 0.005736409 |
|    clip_fraction        | 0.0709      |
|    clip_range           | 0.2         |
|    entropy_loss         | -2.6        |
|    explained_variance   | 0.869       |
|    learning_rate        | 0.0003      |
|    loss                 | 11.5        |
|    n_updates            | 1540        |
|    policy_gradient_loss | -0.00571    |
|    std                  | 0.889       |
|    value_loss           | 11.5        |
-----------------------------------------
-----------------------------------------
| rollout/                |             |
|    ep_len_mean          | 1.74e+03    |
|    ep_rew_mean          | 47.3        |
| time/                   |             |
|    fps                  | 1553        |
|    iterations           | 10          |
|    time_elapsed         | 13          |
|    total_timesteps      | 634880      |
| train/                  |             |
|    approx_kl            | 0.004082491 |
|    clip_fraction        | 0.0355      |
|    clip_range           | 0.2         |
|    entropy_loss         | -2.6        |
|    explained_variance   | 0.836       |
|    learning_rate        | 0.0003      |
|    loss                 | 0.426       |
|    n_updates            | 1545        |
|    policy_gradient_loss | -0.00398    |
|    std                  | 0.889       |
|    value_loss           | 17          |
-----------------------------------------
-----------------------------------------
| rollout/                |             |
|    ep_len_mean          | 1.73e+03    |
|    ep_rew_mean          | 48.9        |
| time/                   |             |
|    fps                  | 1547        |
|    iterations           | 11          |
|    time_elapsed         | 14          |
|    total_timesteps      | 636928      |
| train/                  |             |
|    approx_kl            | 0.018088333 |
|    clip_fraction        | 0.119       |
|    clip_range           | 0.2         |
|    entropy_loss         | -2.6        |
|    explained_variance   | 0.183       |
|    learning_rate        | 0.0003      |
|    loss                 | 3.88        |
|    n_updates            | 1550        |
|    policy_gradient_loss | -0.00325    |
|    std                  | 0.89        |
|    value_loss           | 58.4        |
-----------------------------------------
-----------------------------------------
| rollout/                |             |
|    ep_len_mean          | 1.69e+03    |
|    ep_rew_mean          | 53          |
| time/                   |             |
|    fps                  | 1534        |
|    iterations           | 12          |
|    time_elapsed         | 16          |
|    total_timesteps      | 638976      |
| train/                  |             |
|    approx_kl            | 0.004711404 |
|    clip_fraction        | 0.064       |
|    clip_range           | 0.2         |
|    entropy_loss         | -2.6        |
|    explained_variance   | 0.00938     |
|    learning_rate        | 0.0003      |
|    loss                 | 212         |
|    n_updates            | 1555        |
|    policy_gradient_loss | -0.00507    |
|    std                  | 0.89        |
|    value_loss           | 109         |
-----------------------------------------
------------------------------------------
| rollout/                |              |
|    ep_len_mean          | 1.68e+03     |
|    ep_rew_mean          | 54.3         |
| time/                   |              |
|    fps                  | 1521         |
|    iterations           | 13           |
|    time_elapsed         | 17           |
|    total_timesteps      | 641024       |
| train/                  |              |
|    approx_kl            | 0.0030269388 |
|    clip_fraction        | 0.00615      |
|    clip_range           | 0.2          |
|    entropy_loss         | -2.6         |
|    explained_variance   | -0.165       |
|    learning_rate        | 0.0003       |
|    loss                 | 207          |
|    n_updates            | 1560         |
|    policy_gradient_loss | -0.00101     |
|    std                  | 0.889        |
|    value_loss           | 160          |
------------------------------------------
----------------------------------------
| rollout/                |            |
|    ep_len_mean          | 1.68e+03   |
|    ep_rew_mean          | 54.3       |
| time/                   |            |
|    fps                  | 1525       |
|    iterations           | 14         |
|    time_elapsed         | 18         |
|    total_timesteps      | 643072     |
| train/                  |            |
|    approx_kl            | 0.01120284 |
|    clip_fraction        | 0.163      |
|    clip_range           | 0.2        |
|    entropy_loss         | -2.6       |
|    explained_variance   | 0.146      |
|    learning_rate        | 0.0003     |
|    loss                 | 3.32       |
|    n_updates            | 1565       |
|    policy_gradient_loss | 0.00281    |
|    std                  | 0.887      |
|    value_loss           | 56.1       |
----------------------------------------
-----------------------------------------
| rollout/                |             |
|    ep_len_mean          | 1.68e+03    |
|    ep_rew_mean          | 54.5        |
| time/                   |             |
|    fps                  | 1531        |
|    iterations           | 15          |
|    time_elapsed         | 20          |
|    total_timesteps      | 645120      |
| train/                  |             |
|    approx_kl            | 0.011600981 |
|    clip_fraction        | 0.143       |
|    clip_range           | 0.2         |
|    entropy_loss         | -2.59       |
|    explained_variance   | 0.804       |
|    learning_rate        | 0.0003      |
|    loss                 | 2.93        |
|    n_updates            | 1570        |
|    policy_gradient_loss | -0.00225    |
|    std                  | 0.882       |
|    value_loss           | 5.51        |
-----------------------------------------
-----------------------------------------
| rollout/                |             |
|    ep_len_mean          | 1.67e+03    |
|    ep_rew_mean          | 55.6        |
| time/                   |             |
|    fps                  | 1529        |
|    iterations           | 16          |
|    time_elapsed         | 21          |
|    total_timesteps      | 647168      |
| train/                  |             |
|    approx_kl            | 0.045754492 |
|    clip_fraction        | 0.133       |
|    clip_range           | 0.2         |
|    entropy_loss         | -2.59       |
|    explained_variance   | 0.291       |
|    learning_rate        | 0.0003      |
|    loss                 | 1.67        |
|    n_updates            | 1575        |
|    policy_gradient_loss | 0.00318     |
|    std                  | 0.882       |
|    value_loss           | 53.4        |
-----------------------------------------
------------------------------------------
| rollout/                |              |
|    ep_len_mean          | 1.67e+03     |
|    ep_rew_mean          | 55.6         |
| time/                   |              |
|    fps                  | 1518         |
|    iterations           | 17           |
|    time_elapsed         | 22           |
|    total_timesteps      | 649216       |
| train/                  |              |
|    approx_kl            | 0.0135621615 |
|    clip_fraction        | 0.211        |
|    clip_range           | 0.2          |
|    entropy_loss         | -2.59        |
|    explained_variance   | 0.0823       |
|    learning_rate        | 0.0003       |
|    loss                 | 3.11         |
|    n_updates            | 1580         |
|    policy_gradient_loss | 0.011        |
|    std                  | 0.884        |
|    value_loss           | 60.4         |
------------------------------------------
-----------------------------------------
| rollout/                |             |
|    ep_len_mean          | 1.64e+03    |
|    ep_rew_mean          | 57.9        |
| time/                   |             |
|    fps                  | 1527        |
|    iterations           | 18          |
|    time_elapsed         | 24          |
|    total_timesteps      | 651264      |
| train/                  |             |
|    approx_kl            | 0.014793326 |
|    clip_fraction        | 0.177       |
|    clip_range           | 0.2         |
|    entropy_loss         | -2.59       |
|    explained_variance   | 0.465       |
|    learning_rate        | 0.0003      |
|    loss                 | 3.56        |
|    n_updates            | 1585        |
|    policy_gradient_loss | -0.00315    |
|    std                  | 0.885       |
|    value_loss           | 6.45        |
-----------------------------------------
----------------------------------------
| rollout/                |            |
|    ep_len_mean          | 1.64e+03   |
|    ep_rew_mean          | 57.9       |
| time/                   |            |
|    fps                  | 1521       |
|    iterations           | 19         |
|    time_elapsed         | 25         |
|    total_timesteps      | 653312     |
| train/                  |            |
|    approx_kl            | 0.00751604 |
|    clip_fraction        | 0.056      |
|    clip_range           | 0.2        |
|    entropy_loss         | -2.59      |
|    explained_variance   | 0.173      |
|    learning_rate        | 0.0003     |
|    loss                 | 2.57       |
|    n_updates            | 1590       |
|    policy_gradient_loss | -0.00222   |
|    std                  | 0.885      |
|    value_loss           | 105        |
----------------------------------------
-----------------------------------------
| rollout/                |             |
|    ep_len_mean          | 1.64e+03    |
|    ep_rew_mean          | 57.9        |
| time/                   |             |
|    fps                  | 1527        |
|    iterations           | 20          |
|    time_elapsed         | 26          |
|    total_timesteps      | 655360      |
| train/                  |             |
|    approx_kl            | 0.023934886 |
|    clip_fraction        | 0.148       |
|    clip_range           | 0.2         |
|    entropy_loss         | -2.59       |
|    explained_variance   | 0.411       |
|    learning_rate        | 0.0003      |
|    loss                 | 0.284       |
|    n_updates            | 1595        |
|    policy_gradient_loss | 0.0102      |
|    std                  | 0.879       |
|    value_loss           | 2.72        |
-----------------------------------------
-----------------------------------------
| rollout/                |             |
|    ep_len_mean          | 1.64e+03    |
|    ep_rew_mean          | 57.9        |
| time/                   |             |
|    fps                  | 1522        |
|    iterations           | 21          |
|    time_elapsed         | 28          |
|    total_timesteps      | 657408      |
| train/                  |             |
|    approx_kl            | 0.010601594 |
|    clip_fraction        | 0.106       |
|    clip_range           | 0.2         |
|    entropy_loss         | -2.58       |
|    explained_variance   | 0.707       |
|    learning_rate        | 0.0003      |
|    loss                 | 1.13        |
|    n_updates            | 1600        |
|    policy_gradient_loss | 0.000567    |
|    std                  | 0.878       |
|    value_loss           | 14.1        |
-----------------------------------------
------------------------------------------
| rollout/                |              |
|    ep_len_mean          | 1.66e+03     |
|    ep_rew_mean          | 55.1         |
| time/                   |              |
|    fps                  | 1525         |
|    iterations           | 22           |
|    time_elapsed         | 29           |
|    total_timesteps      | 659456       |
| train/                  |              |
|    approx_kl            | 0.0053428826 |
|    clip_fraction        | 0.0453       |
|    clip_range           | 0.2          |
|    entropy_loss         | -2.58        |
|    explained_variance   | 0.855        |
|    learning_rate        | 0.0003       |
|    loss                 | 0.777        |
|    n_updates            | 1605         |
|    policy_gradient_loss | -0.00176     |
|    std                  | 0.877        |
|    value_loss           | 4.46         |
------------------------------------------
------------------------------------------
| rollout/                |              |
|    ep_len_mean          | 1.64e+03     |
|    ep_rew_mean          | 56.5         |
| time/                   |              |
|    fps                  | 1519         |
|    iterations           | 23           |
|    time_elapsed         | 30           |
|    total_timesteps      | 661504       |
| train/                  |              |
|    approx_kl            | 0.0032992763 |
|    clip_fraction        | 0.0164       |
|    clip_range           | 0.2          |
|    entropy_loss         | -2.57        |
|    explained_variance   | 0.71         |
|    learning_rate        | 0.0003       |
|    loss                 | 3.99         |
|    n_updates            | 1610         |
|    policy_gradient_loss | -0.000858    |
|    std                  | 0.877        |
|    value_loss           | 26.4         |
------------------------------------------
------------------------------------------
| rollout/                |              |
|    ep_len_mean          | 1.64e+03     |
|    ep_rew_mean          | 56.6         |
| time/                   |              |
|    fps                  | 1523         |
|    iterations           | 24           |
|    time_elapsed         | 32           |
|    total_timesteps      | 663552       |
| train/                  |              |
|    approx_kl            | 0.0035280825 |
|    clip_fraction        | 0.112        |
|    clip_range           | 0.2          |
|    entropy_loss         | -2.57        |
|    explained_variance   | 0.0581       |
|    learning_rate        | 0.0003       |
|    loss                 | 8.98         |
|    n_updates            | 1615         |
|    policy_gradient_loss | 0.00298      |
|    std                  | 0.875        |
|    value_loss           | 57.7         |
------------------------------------------
---------------------------------------
| rollout/                |           |
|    ep_len_mean          | 1.65e+03  |
|    ep_rew_mean          | 55.1      |
| time/                   |           |
|    fps                  | 1524      |
|    iterations           | 25        |
|    time_elapsed         | 33        |
|    total_timesteps      | 665600    |
| train/                  |           |
|    approx_kl            | 0.0045004 |
|    clip_fraction        | 0.0293    |
|    clip_range           | 0.2       |
|    entropy_loss         | -2.57     |
|    explained_variance   | 0.387     |
|    learning_rate        | 0.0003    |
|    loss                 | 3.52      |
|    n_updates            | 1620      |
|    policy_gradient_loss | -0.00156  |
|    std                  | 0.874     |
|    value_loss           | 56.2      |
---------------------------------------
-----------------------------------------
| rollout/                |             |
|    ep_len_mean          | 1.65e+03    |
|    ep_rew_mean          | 55.1        |
| time/                   |             |
|    fps                  | 1519        |
|    iterations           | 26          |
|    time_elapsed         | 35          |
|    total_timesteps      | 667648      |
| train/                  |             |
|    approx_kl            | 0.017513204 |
|    clip_fraction        | 0.0843      |
|    clip_range           | 0.2         |
|    entropy_loss         | -2.57       |
|    explained_variance   | -0.135      |
|    learning_rate        | 0.0003      |
|    loss                 | 2.54        |
|    n_updates            | 1625        |
|    policy_gradient_loss | -0.00202    |
|    std                  | 0.872       |
|    value_loss           | 57.3        |
-----------------------------------------
-----------------------------------------
| rollout/                |             |
|    ep_len_mean          | 1.64e+03    |
|    ep_rew_mean          | 57.5        |
| time/                   |             |
|    fps                  | 1521        |
|    iterations           | 27          |
|    time_elapsed         | 36          |
|    total_timesteps      | 669696      |
| train/                  |             |
|    approx_kl            | 0.005316555 |
|    clip_fraction        | 0.106       |
|    clip_range           | 0.2         |
|    entropy_loss         | -2.56       |
|    explained_variance   | 0.729       |
|    learning_rate        | 0.0003      |
|    loss                 | 0.526       |
|    n_updates            | 1630        |
|    policy_gradient_loss | -0.00254    |
|    std                  | 0.869       |
|    value_loss           | 3.31        |
-----------------------------------------
-----------------------------------------
| rollout/                |             |
|    ep_len_mean          | 1.63e+03    |
|    ep_rew_mean          | 59          |
| time/                   |             |
|    fps                  | 1515        |
|    iterations           | 28          |
|    time_elapsed         | 37          |
|    total_timesteps      | 671744      |
| train/                  |             |
|    approx_kl            | 0.006209448 |
|    clip_fraction        | 0.123       |
|    clip_range           | 0.2         |
|    entropy_loss         | -2.55       |
|    explained_variance   | -0.0393     |
|    learning_rate        | 0.0003      |
|    loss                 | 23.6        |
|    n_updates            | 1635        |
|    policy_gradient_loss | -0.0034     |
|    std                  | 0.868       |
|    value_loss           | 141         |
-----------------------------------------
-----------------------------------------
| rollout/                |             |
|    ep_len_mean          | 1.63e+03    |
|    ep_rew_mean          | 59          |
| time/                   |             |
|    fps                  | 1511        |
|    iterations           | 29          |
|    time_elapsed         | 39          |
|    total_timesteps      | 673792      |
| train/                  |             |
|    approx_kl            | 0.004332572 |
|    clip_fraction        | 0.0231      |
|    clip_range           | 0.2         |
|    entropy_loss         | -2.55       |
|    explained_variance   | 0.0171      |
|    learning_rate        | 0.0003      |
|    loss                 | 10.1        |
|    n_updates            | 1640        |
|    policy_gradient_loss | -0.00167    |
|    std                  | 0.864       |
|    value_loss           | 53          |
-----------------------------------------
------------------------------------------
| rollout/                |              |
|    ep_len_mean          | 1.61e+03     |
|    ep_rew_mean          | 60.3         |
| time/                   |              |
|    fps                  | 1512         |
|    iterations           | 30           |
|    time_elapsed         | 40           |
|    total_timesteps      | 675840       |
| train/                  |              |
|    approx_kl            | 0.0037254053 |
|    clip_fraction        | 0.0386       |
|    clip_range           | 0.2          |
|    entropy_loss         | -2.54        |
|    explained_variance   | 0.686        |
|    learning_rate        | 0.0003       |
|    loss                 | 8.01         |
|    n_updates            | 1645         |
|    policy_gradient_loss | -0.0027      |
|    std                  | 0.864        |
|    value_loss           | 7.13         |
------------------------------------------
-----------------------------------------
| rollout/                |             |
|    ep_len_mean          | 1.61e+03    |
|    ep_rew_mean          | 60.3        |
| time/                   |             |
|    fps                  | 1512        |
|    iterations           | 31          |
|    time_elapsed         | 41          |
|    total_timesteps      | 677888      |
| train/                  |             |
|    approx_kl            | 0.008616422 |
|    clip_fraction        | 0.0615      |
|    clip_range           | 0.2         |
|    entropy_loss         | -2.54       |
|    explained_variance   | 0.392       |
|    learning_rate        | 0.0003      |
|    loss                 | 3.76        |
|    n_updates            | 1650        |
|    policy_gradient_loss | -0.00225    |
|    std                  | 0.863       |
|    value_loss           | 46.9        |
-----------------------------------------
-----------------------------------------
| rollout/                |             |
|    ep_len_mean          | 1.61e+03    |
|    ep_rew_mean          | 60.4        |
| time/                   |             |
|    fps                  | 1511        |
|    iterations           | 32          |
|    time_elapsed         | 43          |
|    total_timesteps      | 679936      |
| train/                  |             |
|    approx_kl            | 0.005277061 |
|    clip_fraction        | 0.0783      |
|    clip_range           | 0.2         |
|    entropy_loss         | -2.54       |
|    explained_variance   | 0.687       |
|    learning_rate        | 0.0003      |
|    loss                 | 34.3        |
|    n_updates            | 1655        |
|    policy_gradient_loss | 5.92e-05    |
|    std                  | 0.864       |
|    value_loss           | 20.6        |
-----------------------------------------
------------------------------------------
| rollout/                |              |
|    ep_len_mean          | 1.58e+03     |
|    ep_rew_mean          | 62.9         |
| time/                   |              |
|    fps                  | 1513         |
|    iterations           | 33           |
|    time_elapsed         | 44           |
|    total_timesteps      | 681984       |
| train/                  |              |
|    approx_kl            | 0.0043542506 |
|    clip_fraction        | 0.0318       |
|    clip_range           | 0.2          |
|    entropy_loss         | -2.55        |
|    explained_variance   | 0.671        |
|    learning_rate        | 0.0003       |
|    loss                 | 23.8         |
|    n_updates            | 1660         |
|    policy_gradient_loss | -0.000272    |
|    std                  | 0.865        |
|    value_loss           | 11.2         |
------------------------------------------
-----------------------------------------
| rollout/                |             |
|    ep_len_mean          | 1.58e+03    |
|    ep_rew_mean          | 62.7        |
| time/                   |             |
|    fps                  | 1513        |
|    iterations           | 34          |
|    time_elapsed         | 46          |
|    total_timesteps      | 684032      |
| train/                  |             |
|    approx_kl            | 0.007115453 |
|    clip_fraction        | 0.0358      |
|    clip_range           | 0.2         |
|    entropy_loss         | -2.55       |
|    explained_variance   | 0.188       |
|    learning_rate        | 0.0003      |
|    loss                 | 186         |
|    n_updates            | 1665        |
|    policy_gradient_loss | -0.00058    |
|    std                  | 0.864       |
|    value_loss           | 96.9        |
-----------------------------------------
-----------------------------------------
| rollout/                |             |
|    ep_len_mean          | 1.58e+03    |
|    ep_rew_mean          | 62.7        |
| time/                   |             |
|    fps                  | 1513        |
|    iterations           | 35          |
|    time_elapsed         | 47          |
|    total_timesteps      | 686080      |
| train/                  |             |
|    approx_kl            | 0.019356862 |
|    clip_fraction        | 0.104       |
|    clip_range           | 0.2         |
|    entropy_loss         | -2.54       |
|    explained_variance   | 0.797       |
|    learning_rate        | 0.0003      |
|    loss                 | 3.2         |
|    n_updates            | 1670        |
|    policy_gradient_loss | 0.001       |
|    std                  | 0.86        |
|    value_loss           | 13.2        |
-----------------------------------------
-----------------------------------------
| rollout/                |             |
|    ep_len_mean          | 1.58e+03    |
|    ep_rew_mean          | 61.7        |
| time/                   |             |
|    fps                  | 1512        |
|    iterations           | 36          |
|    time_elapsed         | 48          |
|    total_timesteps      | 688128      |
| train/                  |             |
|    approx_kl            | 0.018519118 |
|    clip_fraction        | 0.097       |
|    clip_range           | 0.2         |
|    entropy_loss         | -2.54       |
|    explained_variance   | 0.865       |
|    learning_rate        | 0.0003      |
|    loss                 | 0.659       |
|    n_updates            | 1675        |
|    policy_gradient_loss | 0.00263     |
|    std                  | 0.861       |
|    value_loss           | 7.66        |
-----------------------------------------
-----------------------------------------
| rollout/                |             |
|    ep_len_mean          | 1.59e+03    |
|    ep_rew_mean          | 60.2        |
| time/                   |             |
|    fps                  | 1507        |
|    iterations           | 37          |
|    time_elapsed         | 50          |
|    total_timesteps      | 690176      |
| train/                  |             |
|    approx_kl            | 0.006944889 |
|    clip_fraction        | 0.124       |
|    clip_range           | 0.2         |
|    entropy_loss         | -2.54       |
|    explained_variance   | 0.298       |
|    learning_rate        | 0.0003      |
|    loss                 | 184         |
|    n_updates            | 1680        |
|    policy_gradient_loss | -0.00618    |
|    std                  | 0.861       |
|    value_loss           | 56.6        |
-----------------------------------------
-----------------------------------------
| rollout/                |             |
|    ep_len_mean          | 1.59e+03    |
|    ep_rew_mean          | 60.2        |
| time/                   |             |
|    fps                  | 1501        |
|    iterations           | 38          |
|    time_elapsed         | 51          |
|    total_timesteps      | 692224      |
| train/                  |             |
|    approx_kl            | 0.034371186 |
|    clip_fraction        | 0.323       |
|    clip_range           | 0.2         |
|    entropy_loss         | -2.53       |
|    explained_variance   | -0.0675     |
|    learning_rate        | 0.0003      |
|    loss                 | 0.85        |
|    n_updates            | 1685        |
|    policy_gradient_loss | 0.0137      |
|    std                  | 0.859       |
|    value_loss           | 55.2        |
-----------------------------------------
-----------------------------------------
| rollout/                |             |
|    ep_len_mean          | 1.59e+03    |
|    ep_rew_mean          | 60.2        |
| time/                   |             |
|    fps                  | 1503        |
|    iterations           | 39          |
|    time_elapsed         | 53          |
|    total_timesteps      | 694272      |
| train/                  |             |
|    approx_kl            | 0.016330289 |
|    clip_fraction        | 0.258       |
|    clip_range           | 0.2         |
|    entropy_loss         | -2.53       |
|    explained_variance   | 0.421       |
|    learning_rate        | 0.0003      |
|    loss                 | 5.6         |
|    n_updates            | 1690        |
|    policy_gradient_loss | 0.011       |
|    std                  | 0.86        |
|    value_loss           | 4.47        |
-----------------------------------------
-----------------------------------------
| rollout/                |             |
|    ep_len_mean          | 1.59e+03    |
|    ep_rew_mean          | 60.1        |
| time/                   |             |
|    fps                  | 1503        |
|    iterations           | 40          |
|    time_elapsed         | 54          |
|    total_timesteps      | 696320      |
| train/                  |             |
|    approx_kl            | 0.007461562 |
|    clip_fraction        | 0.0453      |
|    clip_range           | 0.2         |
|    entropy_loss         | -2.54       |
|    explained_variance   | 0.709       |
|    learning_rate        | 0.0003      |
|    loss                 | 1.75        |
|    n_updates            | 1695        |
|    policy_gradient_loss | -0.00247    |
|    std                  | 0.86        |
|    value_loss           | 14.4        |
-----------------------------------------
-----------------------------------------
| rollout/                |             |
|    ep_len_mean          | 1.61e+03    |
|    ep_rew_mean          | 58.8        |
| time/                   |             |
|    fps                  | 1504        |
|    iterations           | 41          |
|    time_elapsed         | 55          |
|    total_timesteps      | 698368      |
| train/                  |             |
|    approx_kl            | 0.007046624 |
|    clip_fraction        | 0.0406      |
|    clip_range           | 0.2         |
|    entropy_loss         | -2.54       |
|    explained_variance   | 0.31        |
|    learning_rate        | 0.0003      |
|    loss                 | 161         |
|    n_updates            | 1700        |
|    policy_gradient_loss | -0.00386    |
|    std                  | 0.86        |
|    value_loss           | 51          |
-----------------------------------------
-----------------------------------------
| rollout/                |             |
|    ep_len_mean          | 1.6e+03     |
|    ep_rew_mean          | 60.1        |
| time/                   |             |
|    fps                  | 1503        |
|    iterations           | 42          |
|    time_elapsed         | 57          |
|    total_timesteps      | 700416      |
| train/                  |             |
|    approx_kl            | 0.027558696 |
|    clip_fraction        | 0.188       |
|    clip_range           | 0.2         |
|    entropy_loss         | -2.53       |
|    explained_variance   | 0.876       |
|    learning_rate        | 0.0003      |
|    loss                 | 1.21        |
|    n_updates            | 1705        |
|    policy_gradient_loss | 0.00531     |
|    std                  | 0.858       |
|    value_loss           | 5.62        |
-----------------------------------------
------------------------------------------
| rollout/                |              |
|    ep_len_mean          | 1.59e+03     |
|    ep_rew_mean          | 61.5         |
| time/                   |              |
|    fps                  | 1503         |
|    iterations           | 43           |
|    time_elapsed         | 58           |
|    total_timesteps      | 702464       |
| train/                  |              |
|    approx_kl            | 0.0046267635 |
|    clip_fraction        | 0.154        |
|    clip_range           | 0.2          |
|    entropy_loss         | -2.53        |
|    explained_variance   | 0.0821       |
|    learning_rate        | 0.0003       |
|    loss                 | 1.85         |
|    n_updates            | 1710         |
|    policy_gradient_loss | -0.000171    |
|    std                  | 0.855        |
|    value_loss           | 53.6         |
------------------------------------------
------------------------------------------
| rollout/                |              |
|    ep_len_mean          | 1.57e+03     |
|    ep_rew_mean          | 64.4         |
| time/                   |              |
|    fps                  | 1502         |
|    iterations           | 44           |
|    time_elapsed         | 59           |
|    total_timesteps      | 704512       |
| train/                  |              |
|    approx_kl            | 0.0055868765 |
|    clip_fraction        | 0.039        |
|    clip_range           | 0.2          |
|    entropy_loss         | -2.52        |
|    explained_variance   | -0.0997      |
|    learning_rate        | 0.0003       |
|    loss                 | 2.4          |
|    n_updates            | 1715         |
|    policy_gradient_loss | -0.00227     |
|    std                  | 0.852        |
|    value_loss           | 97.6         |
------------------------------------------
-----------------------------------------
| rollout/                |             |
|    ep_len_mean          | 1.57e+03    |
|    ep_rew_mean          | 64.4        |
| time/                   |             |
|    fps                  | 1499        |
|    iterations           | 45          |
|    time_elapsed         | 61          |
|    total_timesteps      | 706560      |
| train/                  |             |
|    approx_kl            | 0.009595802 |
|    clip_fraction        | 0.133       |
|    clip_range           | 0.2         |
|    entropy_loss         | -2.52       |
|    explained_variance   | 0.212       |
|    learning_rate        | 0.0003      |
|    loss                 | 5.59        |
|    n_updates            | 1720        |
|    policy_gradient_loss | -0.00189    |
|    std                  | 0.851       |
|    value_loss           | 90.1        |
-----------------------------------------
-----------------------------------------
| rollout/                |             |
|    ep_len_mean          | 1.56e+03    |
|    ep_rew_mean          | 64.4        |
| time/                   |             |
|    fps                  | 1499        |
|    iterations           | 46          |
|    time_elapsed         | 62          |
|    total_timesteps      | 708608      |
| train/                  |             |
|    approx_kl            | 0.006340338 |
|    clip_fraction        | 0.06        |
|    clip_range           | 0.2         |
|    entropy_loss         | -2.51       |
|    explained_variance   | 0.675       |
|    learning_rate        | 0.0003      |
|    loss                 | 0.149       |
|    n_updates            | 1725        |
|    policy_gradient_loss | -0.00284    |
|    std                  | 0.85        |
|    value_loss           | 7.37        |
-----------------------------------------
-----------------------------------------
| rollout/                |             |
|    ep_len_mean          | 1.58e+03    |
|    ep_rew_mean          | 63.1        |
| time/                   |             |
|    fps                  | 1499        |
|    iterations           | 47          |
|    time_elapsed         | 64          |
|    total_timesteps      | 710656      |
| train/                  |             |
|    approx_kl            | 0.012566704 |
|    clip_fraction        | 0.071       |
|    clip_range           | 0.2         |
|    entropy_loss         | -2.51       |
|    explained_variance   | 0.206       |
|    learning_rate        | 0.0003      |
|    loss                 | 1.76        |
|    n_updates            | 1730        |
|    policy_gradient_loss | 0.00147     |
|    std                  | 0.848       |
|    value_loss           | 50.1        |
-----------------------------------------
------------------------------------------
| rollout/                |              |
|    ep_len_mean          | 1.56e+03     |
|    ep_rew_mean          | 64.4         |
| time/                   |              |
|    fps                  | 1495         |
|    iterations           | 48           |
|    time_elapsed         | 65           |
|    total_timesteps      | 712704       |
| train/                  |              |
|    approx_kl            | 0.0015422753 |
|    clip_fraction        | 0.00391      |
|    clip_range           | 0.2          |
|    entropy_loss         | -2.5         |
|    explained_variance   | 0.46         |
|    learning_rate        | 0.0003       |
|    loss                 | 2.5          |
|    n_updates            | 1735         |
|    policy_gradient_loss | -0.000549    |
|    std                  | 0.846        |
|    value_loss           | 18.1         |
------------------------------------------
-----------------------------------------
| rollout/                |             |
|    ep_len_mean          | 1.57e+03    |
|    ep_rew_mean          | 64.4        |
| time/                   |             |
|    fps                  | 1495        |
|    iterations           | 49          |
|    time_elapsed         | 67          |
|    total_timesteps      | 714752      |
| train/                  |             |
|    approx_kl            | 0.008104641 |
|    clip_fraction        | 0.129       |
|    clip_range           | 0.2         |
|    entropy_loss         | -2.5        |
|    explained_variance   | 0.203       |
|    learning_rate        | 0.0003      |
|    loss                 | 3.07        |
|    n_updates            | 1740        |
|    policy_gradient_loss | 0.00176     |
|    std                  | 0.842       |
|    value_loss           | 55.6        |
-----------------------------------------
-----------------------------------------
| rollout/                |             |
|    ep_len_mean          | 1.57e+03    |
|    ep_rew_mean          | 64.4        |
| time/                   |             |
|    fps                  | 1495        |
|    iterations           | 50          |
|    time_elapsed         | 68          |
|    total_timesteps      | 716800      |
| train/                  |             |
|    approx_kl            | 0.010524999 |
|    clip_fraction        | 0.0754      |
|    clip_range           | 0.2         |
|    entropy_loss         | -2.49       |
|    explained_variance   | 0.237       |
|    learning_rate        | 0.0003      |
|    loss                 | 1.21        |
|    n_updates            | 1745        |
|    policy_gradient_loss | -0.000698   |
|    std                  | 0.841       |
|    value_loss           | 86.1        |
-----------------------------------------
-----------------------------------------
| rollout/                |             |
|    ep_len_mean          | 1.56e+03    |
|    ep_rew_mean          | 65.9        |
| time/                   |             |
|    fps                  | 1496        |
|    iterations           | 51          |
|    time_elapsed         | 69          |
|    total_timesteps      | 718848      |
| train/                  |             |
|    approx_kl            | 0.009852091 |
|    clip_fraction        | 0.062       |
|    clip_range           | 0.2         |
|    entropy_loss         | -2.49       |
|    explained_variance   | 0.671       |
|    learning_rate        | 0.0003      |
|    loss                 | 1.71        |
|    n_updates            | 1750        |
|    policy_gradient_loss | -0.000438   |
|    std                  | 0.841       |
|    value_loss           | 5.48        |
-----------------------------------------
------------------------------------------
| rollout/                |              |
|    ep_len_mean          | 1.57e+03     |
|    ep_rew_mean          | 64.4         |
| time/                   |              |
|    fps                  | 1492         |
|    iterations           | 52           |
|    time_elapsed         | 71           |
|    total_timesteps      | 720896       |
| train/                  |              |
|    approx_kl            | 0.0072093825 |
|    clip_fraction        | 0.0907       |
|    clip_range           | 0.2          |
|    entropy_loss         | -2.49        |
|    explained_variance   | 0.333        |
|    learning_rate        | 0.0003       |
|    loss                 | 5.61         |
|    n_updates            | 1755         |
|    policy_gradient_loss | 0.00139      |
|    std                  | 0.841        |
|    value_loss           | 49.6         |
------------------------------------------
-----------------------------------------
| rollout/                |             |
|    ep_len_mean          | 1.56e+03    |
|    ep_rew_mean          | 65.8        |
| time/                   |             |
|    fps                  | 1490        |
|    iterations           | 53          |
|    time_elapsed         | 72          |
|    total_timesteps      | 722944      |
| train/                  |             |
|    approx_kl            | 0.003496816 |
|    clip_fraction        | 0.0741      |
|    clip_range           | 0.2         |
|    entropy_loss         | -2.49       |
|    explained_variance   | 0.813       |
|    learning_rate        | 0.0003      |
|    loss                 | 0.134       |
|    n_updates            | 1760        |
|    policy_gradient_loss | -0.00254    |
|    std                  | 0.841       |
|    value_loss           | 3.55        |
-----------------------------------------
------------------------------------------
| rollout/                |              |
|    ep_len_mean          | 1.56e+03     |
|    ep_rew_mean          | 65.6         |
| time/                   |              |
|    fps                  | 1488         |
|    iterations           | 54           |
|    time_elapsed         | 74           |
|    total_timesteps      | 724992       |
| train/                  |              |
|    approx_kl            | 0.0066123344 |
|    clip_fraction        | 0.0585       |
|    clip_range           | 0.2          |
|    entropy_loss         | -2.49        |
|    explained_variance   | 0.117        |
|    learning_rate        | 0.0003       |
|    loss                 | 5.01         |
|    n_updates            | 1765         |
|    policy_gradient_loss | -0.00153     |
|    std                  | 0.842        |
|    value_loss           | 92.9         |
------------------------------------------
------------------------------------------
| rollout/                |              |
|    ep_len_mean          | 1.55e+03     |
|    ep_rew_mean          | 67.1         |
| time/                   |              |
|    fps                  | 1485         |
|    iterations           | 55           |
|    time_elapsed         | 75           |
|    total_timesteps      | 727040       |
| train/                  |              |
|    approx_kl            | 0.0054672277 |
|    clip_fraction        | 0.0431       |
|    clip_range           | 0.2          |
|    entropy_loss         | -2.49        |
|    explained_variance   | 0.221        |
|    learning_rate        | 0.0003       |
|    loss                 | 1.43         |
|    n_updates            | 1770         |
|    policy_gradient_loss | -0.00182     |
|    std                  | 0.841        |
|    value_loss           | 52.6         |
------------------------------------------
------------------------------------------
| rollout/                |              |
|    ep_len_mean          | 1.55e+03     |
|    ep_rew_mean          | 67.1         |
| time/                   |              |
|    fps                  | 1481         |
|    iterations           | 56           |
|    time_elapsed         | 77           |
|    total_timesteps      | 729088       |
| train/                  |              |
|    approx_kl            | 0.0048010256 |
|    clip_fraction        | 0.042        |
|    clip_range           | 0.2          |
|    entropy_loss         | -2.49        |
|    explained_variance   | 0.164        |
|    learning_rate        | 0.0003       |
|    loss                 | 125          |
|    n_updates            | 1775         |
|    policy_gradient_loss | -0.00138     |
|    std                  | 0.841        |
|    value_loss           | 122          |
------------------------------------------
-----------------------------------------
| rollout/                |             |
|    ep_len_mean          | 1.55e+03    |
|    ep_rew_mean          | 66.8        |
| time/                   |             |
|    fps                  | 1482        |
|    iterations           | 57          |
|    time_elapsed         | 78          |
|    total_timesteps      | 731136      |
| train/                  |             |
|    approx_kl            | 0.009273196 |
|    clip_fraction        | 0.0615      |
|    clip_range           | 0.2         |
|    entropy_loss         | -2.49       |
|    explained_variance   | 0.781       |
|    learning_rate        | 0.0003      |
|    loss                 | 2.26        |
|    n_updates            | 1780        |
|    policy_gradient_loss | -0.00394    |
|    std                  | 0.841       |
|    value_loss           | 7.2         |
-----------------------------------------
------------------------------------------
| rollout/                |              |
|    ep_len_mean          | 1.55e+03     |
|    ep_rew_mean          | 67           |
| time/                   |              |
|    fps                  | 1483         |
|    iterations           | 58           |
|    time_elapsed         | 80           |
|    total_timesteps      | 733184       |
| train/                  |              |
|    approx_kl            | 0.0036745004 |
|    clip_fraction        | 0.015        |
|    clip_range           | 0.2          |
|    entropy_loss         | -2.49        |
|    explained_variance   | 0.729        |
|    learning_rate        | 0.0003       |
|    loss                 | 2.02         |
|    n_updates            | 1785         |
|    policy_gradient_loss | -0.00115     |
|    std                  | 0.841        |
|    value_loss           | 11.7         |
------------------------------------------
------------------------------------------
| rollout/                |              |
|    ep_len_mean          | 1.55e+03     |
|    ep_rew_mean          | 67           |
| time/                   |              |
|    fps                  | 1482         |
|    iterations           | 59           |
|    time_elapsed         | 81           |
|    total_timesteps      | 735232       |
| train/                  |              |
|    approx_kl            | 0.0031156745 |
|    clip_fraction        | 0.0288       |
|    clip_range           | 0.2          |
|    entropy_loss         | -2.49        |
|    explained_variance   | 0.385        |
|    learning_rate        | 0.0003       |
|    loss                 | 1.92         |
|    n_updates            | 1790         |
|    policy_gradient_loss | -0.00054     |
|    std                  | 0.84         |
|    value_loss           | 74.3         |
------------------------------------------
-----------------------------------------
| rollout/                |             |
|    ep_len_mean          | 1.57e+03    |
|    ep_rew_mean          | 65.5        |
| time/                   |             |
|    fps                  | 1483        |
|    iterations           | 60          |
|    time_elapsed         | 82          |
|    total_timesteps      | 737280      |
| train/                  |             |
|    approx_kl            | 0.006366522 |
|    clip_fraction        | 0.0329      |
|    clip_range           | 0.2         |
|    entropy_loss         | -2.49       |
|    explained_variance   | 0.844       |
|    learning_rate        | 0.0003      |
|    loss                 | 0.268       |
|    n_updates            | 1795        |
|    policy_gradient_loss | -0.00191    |
|    std                  | 0.839       |
|    value_loss           | 11.6        |
-----------------------------------------
-----------------------------------------
| rollout/                |             |
|    ep_len_mean          | 1.58e+03    |
|    ep_rew_mean          | 64.1        |
| time/                   |             |
|    fps                  | 1481        |
|    iterations           | 61          |
|    time_elapsed         | 84          |
|    total_timesteps      | 739328      |
| train/                  |             |
|    approx_kl            | 0.010652373 |
|    clip_fraction        | 0.101       |
|    clip_range           | 0.2         |
|    entropy_loss         | -2.49       |
|    explained_variance   | 0.273       |
|    learning_rate        | 0.0003      |
|    loss                 | 9.67        |
|    n_updates            | 1800        |
|    policy_gradient_loss | 0.00209     |
|    std                  | 0.837       |
|    value_loss           | 40.1        |
-----------------------------------------
------------------------------------------
| rollout/                |              |
|    ep_len_mean          | 1.58e+03     |
|    ep_rew_mean          | 62.9         |
| time/                   |              |
|    fps                  | 1478         |
|    iterations           | 62           |
|    time_elapsed         | 85           |
|    total_timesteps      | 741376       |
| train/                  |              |
|    approx_kl            | 0.0033726932 |
|    clip_fraction        | 0.0604       |
|    clip_range           | 0.2          |
|    entropy_loss         | -2.48        |
|    explained_variance   | 0.74         |
|    learning_rate        | 0.0003       |
|    loss                 | 22.1         |
|    n_updates            | 1805         |
|    policy_gradient_loss | -1.35e-05    |
|    std                  | 0.836        |
|    value_loss           | 19.5         |
------------------------------------------
------------------------------------------
| rollout/                |              |
|    ep_len_mean          | 1.58e+03     |
|    ep_rew_mean          | 62.9         |
| time/                   |              |
|    fps                  | 1478         |
|    iterations           | 63           |
|    time_elapsed         | 87           |
|    total_timesteps      | 743424       |
| train/                  |              |
|    approx_kl            | 0.0077339327 |
|    clip_fraction        | 0.0483       |
|    clip_range           | 0.2          |
|    entropy_loss         | -2.48        |
|    explained_variance   | 0.743        |
|    learning_rate        | 0.0003       |
|    loss                 | 1.72         |
|    n_updates            | 1810         |
|    policy_gradient_loss | -0.00245     |
|    std                  | 0.835        |
|    value_loss           | 9.78         |
------------------------------------------
----------------------------------------
| rollout/                |            |
|    ep_len_mean          | 1.58e+03   |
|    ep_rew_mean          | 63.1       |
| time/                   |            |
|    fps                  | 1480       |
|    iterations           | 64         |
|    time_elapsed         | 88         |
|    total_timesteps      | 745472     |
| train/                  |            |
|    approx_kl            | 0.02302625 |
|    clip_fraction        | 0.0815     |
|    clip_range           | 0.2        |
|    entropy_loss         | -2.48      |
|    explained_variance   | 0.679      |
|    learning_rate        | 0.0003     |
|    loss                 | 0.267      |
|    n_updates            | 1815       |
|    policy_gradient_loss | -0.000488  |
|    std                  | 0.833      |
|    value_loss           | 3.72       |
----------------------------------------
-----------------------------------------
| rollout/                |             |
|    ep_len_mean          | 1.58e+03    |
|    ep_rew_mean          | 63.1        |
| time/                   |             |
|    fps                  | 1479        |
|    iterations           | 65          |
|    time_elapsed         | 89          |
|    total_timesteps      | 747520      |
| train/                  |             |
|    approx_kl            | 0.045210607 |
|    clip_fraction        | 0.183       |
|    clip_range           | 0.2         |
|    entropy_loss         | -2.47       |
|    explained_variance   | 0.722       |
|    learning_rate        | 0.0003      |
|    loss                 | 2.54        |
|    n_updates            | 1820        |
|    policy_gradient_loss | 0.00932     |
|    std                  | 0.831       |
|    value_loss           | 25.5        |
-----------------------------------------
-----------------------------------------
| rollout/                |             |
|    ep_len_mean          | 1.61e+03    |
|    ep_rew_mean          | 60.3        |
| time/                   |             |
|    fps                  | 1483        |
|    iterations           | 66          |
|    time_elapsed         | 91          |
|    total_timesteps      | 749568      |
| train/                  |             |
|    approx_kl            | 0.005062188 |
|    clip_fraction        | 0.0521      |
|    clip_range           | 0.2         |
|    entropy_loss         | -2.47       |
|    explained_variance   | 0.735       |
|    learning_rate        | 0.0003      |
|    loss                 | 2.5         |
|    n_updates            | 1825        |
|    policy_gradient_loss | -0.00374    |
|    std                  | 0.831       |
|    value_loss           | 9.54        |
-----------------------------------------
-----------------------------------------
| rollout/                |             |
|    ep_len_mean          | 1.61e+03    |
|    ep_rew_mean          | 60.3        |
| time/                   |             |
|    fps                  | 1483        |
|    iterations           | 67          |
|    time_elapsed         | 92          |
|    total_timesteps      | 751616      |
| train/                  |             |
|    approx_kl            | 0.007844262 |
|    clip_fraction        | 0.0768      |
|    clip_range           | 0.2         |
|    entropy_loss         | -2.47       |
|    explained_variance   | 0.733       |
|    learning_rate        | 0.0003      |
|    loss                 | 2.42        |
|    n_updates            | 1830        |
|    policy_gradient_loss | -0.0035     |
|    std                  | 0.83        |
|    value_loss           | 16.9        |
-----------------------------------------
-----------------------------------------
| rollout/                |             |
|    ep_len_mean          | 1.62e+03    |
|    ep_rew_mean          | 58.7        |
| time/                   |             |
|    fps                  | 1484        |
|    iterations           | 68          |
|    time_elapsed         | 93          |
|    total_timesteps      | 753664      |
| train/                  |             |
|    approx_kl            | 0.035711363 |
|    clip_fraction        | 0.188       |
|    clip_range           | 0.2         |
|    entropy_loss         | -2.47       |
|    explained_variance   | 0.782       |
|    learning_rate        | 0.0003      |
|    loss                 | 7.14        |
|    n_updates            | 1835        |
|    policy_gradient_loss | 0.00704     |
|    std                  | 0.831       |
|    value_loss           | 5.97        |
-----------------------------------------
-----------------------------------------
| rollout/                |             |
|    ep_len_mean          | 1.62e+03    |
|    ep_rew_mean          | 58.7        |
| time/                   |             |
|    fps                  | 1486        |
|    iterations           | 69          |
|    time_elapsed         | 95          |
|    total_timesteps      | 755712      |
| train/                  |             |
|    approx_kl            | 0.009453647 |
|    clip_fraction        | 0.163       |
|    clip_range           | 0.2         |
|    entropy_loss         | -2.47       |
|    explained_variance   | 0.789       |
|    learning_rate        | 0.0003      |
|    loss                 | 1.49        |
|    n_updates            | 1840        |
|    policy_gradient_loss | -0.000948   |
|    std                  | 0.831       |
|    value_loss           | 14          |
-----------------------------------------
------------------------------------------
| rollout/                |              |
|    ep_len_mean          | 1.64e+03     |
|    ep_rew_mean          | 56           |
| time/                   |              |
|    fps                  | 1488         |
|    iterations           | 70           |
|    time_elapsed         | 96           |
|    total_timesteps      | 757760       |
| train/                  |              |
|    approx_kl            | 0.0045890305 |
|    clip_fraction        | 0.0441       |
|    clip_range           | 0.2          |
|    entropy_loss         | -2.47        |
|    explained_variance   | 0.873        |
|    learning_rate        | 0.0003       |
|    loss                 | 0.0259       |
|    n_updates            | 1845         |
|    policy_gradient_loss | -0.00162     |
|    std                  | 0.83         |
|    value_loss           | 7.22         |
------------------------------------------
-----------------------------------------
| rollout/                |             |
|    ep_len_mean          | 1.64e+03    |
|    ep_rew_mean          | 56          |
| time/                   |             |
|    fps                  | 1487        |
|    iterations           | 71          |
|    time_elapsed         | 97          |
|    total_timesteps      | 759808      |
| train/                  |             |
|    approx_kl            | 0.006047165 |
|    clip_fraction        | 0.0919      |
|    clip_range           | 0.2         |
|    entropy_loss         | -2.46       |
|    explained_variance   | 0.899       |
|    learning_rate        | 0.0003      |
|    loss                 | 1.43        |
|    n_updates            | 1850        |
|    policy_gradient_loss | 0.00214     |
|    std                  | 0.83        |
|    value_loss           | 10.6        |
-----------------------------------------
-----------------------------------------
| rollout/                |             |
|    ep_len_mean          | 1.64e+03    |
|    ep_rew_mean          | 56          |
| time/                   |             |
|    fps                  | 1489        |
|    iterations           | 72          |
|    time_elapsed         | 99          |
|    total_timesteps      | 761856      |
| train/                  |             |
|    approx_kl            | 0.006665732 |
|    clip_fraction        | 0.0597      |
|    clip_range           | 0.2         |
|    entropy_loss         | -2.46       |
|    explained_variance   | 0.825       |
|    learning_rate        | 0.0003      |
|    loss                 | 1.07        |
|    n_updates            | 1855        |
|    policy_gradient_loss | -0.00333    |
|    std                  | 0.828       |
|    value_loss           | 3.28        |
-----------------------------------------
-----------------------------------------
| rollout/                |             |
|    ep_len_mean          | 1.63e+03    |
|    ep_rew_mean          | 57.7        |
| time/                   |             |
|    fps                  | 1490        |
|    iterations           | 73          |
|    time_elapsed         | 100         |
|    total_timesteps      | 763904      |
| train/                  |             |
|    approx_kl            | 0.017002886 |
|    clip_fraction        | 0.1         |
|    clip_range           | 0.2         |
|    entropy_loss         | -2.46       |
|    explained_variance   | 0.691       |
|    learning_rate        | 0.0003      |
|    loss                 | 8.34        |
|    n_updates            | 1860        |
|    policy_gradient_loss | 0.00135     |
|    std                  | 0.828       |
|    value_loss           | 18.2        |
-----------------------------------------
-----------------------------------------
| rollout/                |             |
|    ep_len_mean          | 1.63e+03    |
|    ep_rew_mean          | 57.7        |
| time/                   |             |
|    fps                  | 1489        |
|    iterations           | 74          |
|    time_elapsed         | 101         |
|    total_timesteps      | 765952      |
| train/                  |             |
|    approx_kl            | 0.009322143 |
|    clip_fraction        | 0.119       |
|    clip_range           | 0.2         |
|    entropy_loss         | -2.46       |
|    explained_variance   | 0.0817      |
|    learning_rate        | 0.0003      |
|    loss                 | 6.49        |
|    n_updates            | 1865        |
|    policy_gradient_loss | -0.00178    |
|    std                  | 0.828       |
|    value_loss           | 50.5        |
-----------------------------------------
-----------------------------------------
| rollout/                |             |
|    ep_len_mean          | 1.63e+03    |
|    ep_rew_mean          | 57.5        |
| time/                   |             |
|    fps                  | 1488        |
|    iterations           | 75          |
|    time_elapsed         | 103         |
|    total_timesteps      | 768000      |
| train/                  |             |
|    approx_kl            | 0.012866921 |
|    clip_fraction        | 0.0766      |
|    clip_range           | 0.2         |
|    entropy_loss         | -2.46       |
|    explained_variance   | 0.846       |
|    learning_rate        | 0.0003      |
|    loss                 | 0.749       |
|    n_updates            | 1870        |
|    policy_gradient_loss | -0.000811   |
|    std                  | 0.828       |
|    value_loss           | 10.2        |
-----------------------------------------
-----------------------------------------
| rollout/                |             |
|    ep_len_mean          | 1.63e+03    |
|    ep_rew_mean          | 57.5        |
| time/                   |             |
|    fps                  | 1488        |
|    iterations           | 76          |
|    time_elapsed         | 104         |
|    total_timesteps      | 770048      |
| train/                  |             |
|    approx_kl            | 0.004836317 |
|    clip_fraction        | 0.0333      |
|    clip_range           | 0.2         |
|    entropy_loss         | -2.46       |
|    explained_variance   | 0.368       |
|    learning_rate        | 0.0003      |
|    loss                 | 12          |
|    n_updates            | 1875        |
|    policy_gradient_loss | 0.000654    |
|    std                  | 0.828       |
|    value_loss           | 61.6        |
-----------------------------------------
------------------------------------------
| rollout/                |              |
|    ep_len_mean          | 1.63e+03     |
|    ep_rew_mean          | 57.2         |
| time/                   |              |
|    fps                  | 1489         |
|    iterations           | 77           |
|    time_elapsed         | 105          |
|    total_timesteps      | 772096       |
| train/                  |              |
|    approx_kl            | 0.0051985746 |
|    clip_fraction        | 0.0374       |
|    clip_range           | 0.2          |
|    entropy_loss         | -2.46        |
|    explained_variance   | 0.229        |
|    learning_rate        | 0.0003       |
|    loss                 | 194          |
|    n_updates            | 1880         |
|    policy_gradient_loss | -0.00113     |
|    std                  | 0.829        |
|    value_loss           | 51.4         |
------------------------------------------
-----------------------------------------
| rollout/                |             |
|    ep_len_mean          | 1.62e+03    |
|    ep_rew_mean          | 58.6        |
| time/                   |             |
|    fps                  | 1488        |
|    iterations           | 78          |
|    time_elapsed         | 107         |
|    total_timesteps      | 774144      |
| train/                  |             |
|    approx_kl            | 0.003701026 |
|    clip_fraction        | 0.0197      |
|    clip_range           | 0.2         |
|    entropy_loss         | -2.46       |
|    explained_variance   | 0.691       |
|    learning_rate        | 0.0003      |
|    loss                 | 0.436       |
|    n_updates            | 1885        |
|    policy_gradient_loss | -0.000304   |
|    std                  | 0.828       |
|    value_loss           | 15.8        |
-----------------------------------------
-----------------------------------------
| rollout/                |             |
|    ep_len_mean          | 1.61e+03    |
|    ep_rew_mean          | 59.8        |
| time/                   |             |
|    fps                  | 1487        |
|    iterations           | 79          |
|    time_elapsed         | 108         |
|    total_timesteps      | 776192      |
| train/                  |             |
|    approx_kl            | 0.011519289 |
|    clip_fraction        | 0.162       |
|    clip_range           | 0.2         |
|    entropy_loss         | -2.46       |
|    explained_variance   | 0.164       |
|    learning_rate        | 0.0003      |
|    loss                 | 3.39        |
|    n_updates            | 1890        |
|    policy_gradient_loss | 0.00508     |
|    std                  | 0.828       |
|    value_loss           | 63.7        |
-----------------------------------------
------------------------------------------
| rollout/                |              |
|    ep_len_mean          | 1.61e+03     |
|    ep_rew_mean          | 59.8         |
| time/                   |              |
|    fps                  | 1487         |
|    iterations           | 80           |
|    time_elapsed         | 110          |
|    total_timesteps      | 778240       |
| train/                  |              |
|    approx_kl            | 0.0150402235 |
|    clip_fraction        | 0.153        |
|    clip_range           | 0.2          |
|    entropy_loss         | -2.46        |
|    explained_variance   | 0.0859       |
|    learning_rate        | 0.0003       |
|    loss                 | 5.68         |
|    n_updates            | 1895         |
|    policy_gradient_loss | 0.00301      |
|    std                  | 0.828        |
|    value_loss           | 52.5         |
------------------------------------------
------------------------------------------
| rollout/                |              |
|    ep_len_mean          | 1.6e+03      |
|    ep_rew_mean          | 60.2         |
| time/                   |              |
|    fps                  | 1487         |
|    iterations           | 81           |
|    time_elapsed         | 111          |
|    total_timesteps      | 780288       |
| train/                  |              |
|    approx_kl            | 0.0047136243 |
|    clip_fraction        | 0.0167       |
|    clip_range           | 0.2          |
|    entropy_loss         | -2.46        |
|    explained_variance   | 0.704        |
|    learning_rate        | 0.0003       |
|    loss                 | 12           |
|    n_updates            | 1900         |
|    policy_gradient_loss | -0.0011      |
|    std                  | 0.828        |
|    value_loss           | 12.3         |
------------------------------------------
------------------------------------------
| rollout/                |              |
|    ep_len_mean          | 1.6e+03      |
|    ep_rew_mean          | 59.1         |
| time/                   |              |
|    fps                  | 1486         |
|    iterations           | 82           |
|    time_elapsed         | 112          |
|    total_timesteps      | 782336       |
| train/                  |              |
|    approx_kl            | 0.0058106286 |
|    clip_fraction        | 0.0275       |
|    clip_range           | 0.2          |
|    entropy_loss         | -2.46        |
|    explained_variance   | 0.585        |
|    learning_rate        | 0.0003       |
|    loss                 | 3.85         |
|    n_updates            | 1905         |
|    policy_gradient_loss | -0.0021      |
|    std                  | 0.827        |
|    value_loss           | 52.6         |
------------------------------------------
------------------------------------------
| rollout/                |              |
|    ep_len_mean          | 1.58e+03     |
|    ep_rew_mean          | 62           |
| time/                   |              |
|    fps                  | 1485         |
|    iterations           | 83           |
|    time_elapsed         | 114          |
|    total_timesteps      | 784384       |
| train/                  |              |
|    approx_kl            | 0.0070727924 |
|    clip_fraction        | 0.0855       |
|    clip_range           | 0.2          |
|    entropy_loss         | -2.46        |
|    explained_variance   | 0.685        |
|    learning_rate        | 0.0003       |
|    loss                 | 25.3         |
|    n_updates            | 1910         |
|    policy_gradient_loss | -0.00322     |
|    std                  | 0.828        |
|    value_loss           | 17.3         |
------------------------------------------
------------------------------------------
| rollout/                |              |
|    ep_len_mean          | 1.57e+03     |
|    ep_rew_mean          | 63.5         |
| time/                   |              |
|    fps                  | 1484         |
|    iterations           | 84           |
|    time_elapsed         | 115          |
|    total_timesteps      | 786432       |
| train/                  |              |
|    approx_kl            | 0.0037848968 |
|    clip_fraction        | 0.0998       |
|    clip_range           | 0.2          |
|    entropy_loss         | -2.46        |
|    explained_variance   | 0.0924       |
|    learning_rate        | 0.0003       |
|    loss                 | 181          |
|    n_updates            | 1915         |
|    policy_gradient_loss | 0.00174      |
|    std                  | 0.828        |
|    value_loss           | 106          |
------------------------------------------
-----------------------------------------
| rollout/                |             |
|    ep_len_mean          | 1.57e+03    |
|    ep_rew_mean          | 63.5        |
| time/                   |             |
|    fps                  | 1483        |
|    iterations           | 85          |
|    time_elapsed         | 117         |
|    total_timesteps      | 788480      |
| train/                  |             |
|    approx_kl            | 0.007805079 |
|    clip_fraction        | 0.0624      |
|    clip_range           | 0.2         |
|    entropy_loss         | -2.46       |
|    explained_variance   | 0.531       |
|    learning_rate        | 0.0003      |
|    loss                 | 1.3         |
|    n_updates            | 1920        |
|    policy_gradient_loss | -0.00154    |
|    std                  | 0.828       |
|    value_loss           | 60.4        |
-----------------------------------------
-----------------------------------------
| rollout/                |             |
|    ep_len_mean          | 1.57e+03    |
|    ep_rew_mean          | 63.5        |
| time/                   |             |
|    fps                  | 1486        |
|    iterations           | 86          |
|    time_elapsed         | 118         |
|    total_timesteps      | 790528      |
| train/                  |             |
|    approx_kl            | 0.013556549 |
|    clip_fraction        | 0.113       |
|    clip_range           | 0.2         |
|    entropy_loss         | -2.46       |
|    explained_variance   | 0.963       |
|    learning_rate        | 0.0003      |
|    loss                 | 5.82        |
|    n_updates            | 1925        |
|    policy_gradient_loss | 0.00188     |
|    std                  | 0.827       |
|    value_loss           | 2.58        |
-----------------------------------------
------------------------------------------
| rollout/                |              |
|    ep_len_mean          | 1.57e+03     |
|    ep_rew_mean          | 63.5         |
| time/                   |              |
|    fps                  | 1487         |
|    iterations           | 87           |
|    time_elapsed         | 119          |
|    total_timesteps      | 792576       |
| train/                  |              |
|    approx_kl            | 0.0050181686 |
|    clip_fraction        | 0.0354       |
|    clip_range           | 0.2          |
|    entropy_loss         | -2.46        |
|    explained_variance   | 0.775        |
|    learning_rate        | 0.0003       |
|    loss                 | 0.176        |
|    n_updates            | 1930         |
|    policy_gradient_loss | -0.00161     |
|    std                  | 0.827        |
|    value_loss           | 18.1         |
------------------------------------------
-----------------------------------------
| rollout/                |             |
|    ep_len_mean          | 1.59e+03    |
|    ep_rew_mean          | 60.1        |
| time/                   |             |
|    fps                  | 1489        |
|    iterations           | 88          |
|    time_elapsed         | 121         |
|    total_timesteps      | 794624      |
| train/                  |             |
|    approx_kl            | 0.002334966 |
|    clip_fraction        | 0.0113      |
|    clip_range           | 0.2         |
|    entropy_loss         | -2.46       |
|    explained_variance   | 0.913       |
|    learning_rate        | 0.0003      |
|    loss                 | 5.96        |
|    n_updates            | 1935        |
|    policy_gradient_loss | -0.0017     |
|    std                  | 0.826       |
|    value_loss           | 9.25        |
-----------------------------------------
-----------------------------------------
| rollout/                |             |
|    ep_len_mean          | 1.59e+03    |
|    ep_rew_mean          | 60.1        |
| time/                   |             |
|    fps                  | 1485        |
|    iterations           | 89          |
|    time_elapsed         | 122         |
|    total_timesteps      | 796672      |
| train/                  |             |
|    approx_kl            | 0.007480274 |
|    clip_fraction        | 0.0996      |
|    clip_range           | 0.2         |
|    entropy_loss         | -2.46       |
|    explained_variance   | 0.772       |
|    learning_rate        | 0.0003      |
|    loss                 | 2.03        |
|    n_updates            | 1940        |
|    policy_gradient_loss | -0.00196    |
|    std                  | 0.826       |
|    value_loss           | 16.9        |
-----------------------------------------
-----------------------------------------
| rollout/                |             |
|    ep_len_mean          | 1.59e+03    |
|    ep_rew_mean          | 60          |
| time/                   |             |
|    fps                  | 1486        |
|    iterations           | 90          |
|    time_elapsed         | 124         |
|    total_timesteps      | 798720      |
| train/                  |             |
|    approx_kl            | 0.013236085 |
|    clip_fraction        | 0.106       |
|    clip_range           | 0.2         |
|    entropy_loss         | -2.45       |
|    explained_variance   | 0.722       |
|    learning_rate        | 0.0003      |
|    loss                 | 2.77        |
|    n_updates            | 1945        |
|    policy_gradient_loss | 0.000718    |
|    std                  | 0.825       |
|    value_loss           | 5.58        |
-----------------------------------------
-----------------------------------------
| rollout/                |             |
|    ep_len_mean          | 1.61e+03    |
|    ep_rew_mean          | 58.5        |
| time/                   |             |
|    fps                  | 1484        |
|    iterations           | 91          |
|    time_elapsed         | 125         |
|    total_timesteps      | 800768      |
| train/                  |             |
|    approx_kl            | 0.006108044 |
|    clip_fraction        | 0.0607      |
|    clip_range           | 0.2         |
|    entropy_loss         | -2.45       |
|    explained_variance   | 0.259       |
|    learning_rate        | 0.0003      |
|    loss                 | 0.37        |
|    n_updates            | 1950        |
|    policy_gradient_loss | -0.00222    |
|    std                  | 0.824       |
|    value_loss           | 108         |
-----------------------------------------
-----------------------------------------
| rollout/                |             |
|    ep_len_mean          | 1.61e+03    |
|    ep_rew_mean          | 58.5        |
| time/                   |             |
|    fps                  | 1484        |
|    iterations           | 92          |
|    time_elapsed         | 126         |
|    total_timesteps      | 802816      |
| train/                  |             |
|    approx_kl            | 0.013410183 |
|    clip_fraction        | 0.199       |
|    clip_range           | 0.2         |
|    entropy_loss         | -2.45       |
|    explained_variance   | 0.741       |
|    learning_rate        | 0.0003      |
|    loss                 | 11.6        |
|    n_updates            | 1955        |
|    policy_gradient_loss | 0.00397     |
|    std                  | 0.824       |
|    value_loss           | 16.1        |
-----------------------------------------
-----------------------------------------
| rollout/                |             |
|    ep_len_mean          | 1.62e+03    |
|    ep_rew_mean          | 57          |
| time/                   |             |
|    fps                  | 1486        |
|    iterations           | 93          |
|    time_elapsed         | 128         |
|    total_timesteps      | 804864      |
| train/                  |             |
|    approx_kl            | 0.032689743 |
|    clip_fraction        | 0.132       |
|    clip_range           | 0.2         |
|    entropy_loss         | -2.45       |
|    explained_variance   | 0.872       |
|    learning_rate        | 0.0003      |
|    loss                 | 1.64        |
|    n_updates            | 1960        |
|    policy_gradient_loss | 0.012       |
|    std                  | 0.825       |
|    value_loss           | 8.74        |
-----------------------------------------
------------------------------------------
| rollout/                |              |
|    ep_len_mean          | 1.63e+03     |
|    ep_rew_mean          | 55.5         |
| time/                   |              |
|    fps                  | 1487         |
|    iterations           | 94           |
|    time_elapsed         | 129          |
|    total_timesteps      | 806912       |
| train/                  |              |
|    approx_kl            | 0.0027697019 |
|    clip_fraction        | 0.0904       |
|    clip_range           | 0.2          |
|    entropy_loss         | -2.45        |
|    explained_variance   | 0.268        |
|    learning_rate        | 0.0003       |
|    loss                 | 0.639        |
|    n_updates            | 1965         |
|    policy_gradient_loss | 0.00108      |
|    std                  | 0.825        |
|    value_loss           | 57           |
------------------------------------------
-----------------------------------------
| rollout/                |             |
|    ep_len_mean          | 1.63e+03    |
|    ep_rew_mean          | 55.6        |
| time/                   |             |
|    fps                  | 1487        |
|    iterations           | 95          |
|    time_elapsed         | 130         |
|    total_timesteps      | 808960      |
| train/                  |             |
|    approx_kl            | 0.009236368 |
|    clip_fraction        | 0.138       |
|    clip_range           | 0.2         |
|    entropy_loss         | -2.46       |
|    explained_variance   | 0.751       |
|    learning_rate        | 0.0003      |
|    loss                 | 5.08        |
|    n_updates            | 1970        |
|    policy_gradient_loss | -0.00309    |
|    std                  | 0.827       |
|    value_loss           | 11.5        |
-----------------------------------------
------------------------------------------
| rollout/                |              |
|    ep_len_mean          | 1.63e+03     |
|    ep_rew_mean          | 55.6         |
| time/                   |              |
|    fps                  | 1486         |
|    iterations           | 96           |
|    time_elapsed         | 132          |
|    total_timesteps      | 811008       |
| train/                  |              |
|    approx_kl            | 0.0065865237 |
|    clip_fraction        | 0.161        |
|    clip_range           | 0.2          |
|    entropy_loss         | -2.46        |
|    explained_variance   | 0.863        |
|    learning_rate        | 0.0003       |
|    loss                 | 2.89         |
|    n_updates            | 1975         |
|    policy_gradient_loss | 0.00438      |
|    std                  | 0.828        |
|    value_loss           | 14.7         |
------------------------------------------
------------------------------------------
| rollout/                |              |
|    ep_len_mean          | 1.63e+03     |
|    ep_rew_mean          | 55.9         |
| time/                   |              |
|    fps                  | 1486         |
|    iterations           | 97           |
|    time_elapsed         | 133          |
|    total_timesteps      | 813056       |
| train/                  |              |
|    approx_kl            | 0.0043206313 |
|    clip_fraction        | 0.0597       |
|    clip_range           | 0.2          |
|    entropy_loss         | -2.46        |
|    explained_variance   | 0.871        |
|    learning_rate        | 0.0003       |
|    loss                 | 0.392        |
|    n_updates            | 1980         |
|    policy_gradient_loss | -0.00212     |
|    std                  | 0.825        |
|    value_loss           | 3.61         |
------------------------------------------
-----------------------------------------
| rollout/                |             |
|    ep_len_mean          | 1.64e+03    |
|    ep_rew_mean          | 55.8        |
| time/                   |             |
|    fps                  | 1485        |
|    iterations           | 98          |
|    time_elapsed         | 135         |
|    total_timesteps      | 815104      |
| train/                  |             |
|    approx_kl            | 0.010035638 |
|    clip_fraction        | 0.0858      |
|    clip_range           | 0.2         |
|    entropy_loss         | -2.45       |
|    explained_variance   | 0.448       |
|    learning_rate        | 0.0003      |
|    loss                 | 1.7         |
|    n_updates            | 1985        |
|    policy_gradient_loss | -0.0014     |
|    std                  | 0.824       |
|    value_loss           | 61.7        |
-----------------------------------------
-----------------------------------------
| rollout/                |             |
|    ep_len_mean          | 1.65e+03    |
|    ep_rew_mean          | 55.8        |
| time/                   |             |
|    fps                  | 1486        |
|    iterations           | 99          |
|    time_elapsed         | 136         |
|    total_timesteps      | 817152      |
| train/                  |             |
|    approx_kl            | 0.009831898 |
|    clip_fraction        | 0.1         |
|    clip_range           | 0.2         |
|    entropy_loss         | -2.45       |
|    explained_variance   | -0.0568     |
|    learning_rate        | 0.0003      |
|    loss                 | 1.37        |
|    n_updates            | 1990        |
|    policy_gradient_loss | 0.000459    |
|    std                  | 0.824       |
|    value_loss           | 58.7        |
-----------------------------------------
-----------------------------------------
| rollout/                |             |
|    ep_len_mean          | 1.64e+03    |
|    ep_rew_mean          | 57.1        |
| time/                   |             |
|    fps                  | 1485        |
|    iterations           | 100         |
|    time_elapsed         | 137         |
|    total_timesteps      | 819200      |
| train/                  |             |
|    approx_kl            | 0.010366277 |
|    clip_fraction        | 0.115       |
|    clip_range           | 0.2         |
|    entropy_loss         | -2.45       |
|    explained_variance   | 0.281       |
|    learning_rate        | 0.0003      |
|    loss                 | 0.844       |
|    n_updates            | 1995        |
|    policy_gradient_loss | 0.00155     |
|    std                  | 0.821       |
|    value_loss           | 55          |
-----------------------------------------

CP4 held-out: 27/50 hits (54.0%), mean miss 5.7 m, mean reward 64.34
STOP CONDITION: no joint improvement -- review gate before continuing.

==== babysit CP5 2026-09-14 18:36:32 ====
CP5: evasive lineage | max_time=45s t_go_max=10s | tracking=True | obs=12-D | miss_tanh_scale=3000m shaping_gamma=1 effort_weight=5 -> out=/Users/vincenzo/Desktop/Projects/Physics Sim Project/missile_guidance_sim/outputs/evasive_zemtgo10_seed5
---------------------------------
| rollout/           |          |
|    ep_len_mean     | 1.64e+03 |
|    ep_rew_mean     | 57.1     |
| time/              |          |
|    fps             | 4966     |
|    iterations      | 1        |
|    time_elapsed    | 0        |
|    total_timesteps | 821248   |
---------------------------------
-----------------------------------------
| rollout/                |             |
|    ep_len_mean          | 1.62e+03    |
|    ep_rew_mean          | 58.3        |
| time/                   |             |
|    fps                  | 1965        |
|    iterations           | 2           |
|    time_elapsed         | 2           |
|    total_timesteps      | 823296      |
| train/                  |             |
|    approx_kl            | 0.007913906 |
|    clip_fraction        | 0.0861      |
|    clip_range           | 0.2         |
|    entropy_loss         | -2.44       |
|    explained_variance   | 0.58        |
|    learning_rate        | 0.0003      |
|    loss                 | 3.89        |
|    n_updates            | 2005        |
|    policy_gradient_loss | 0.000517    |
|    std                  | 0.82        |
|    value_loss           | 5.03        |
-----------------------------------------
-----------------------------------------
| rollout/                |             |
|    ep_len_mean          | 1.62e+03    |
|    ep_rew_mean          | 58.3        |
| time/                   |             |
|    fps                  | 1726        |
|    iterations           | 3           |
|    time_elapsed         | 3           |
|    total_timesteps      | 825344      |
| train/                  |             |
|    approx_kl            | 0.014067002 |
|    clip_fraction        | 0.242       |
|    clip_range           | 0.2         |
|    entropy_loss         | -2.44       |
|    explained_variance   | 0.222       |
|    learning_rate        | 0.0003      |
|    loss                 | 1.26        |
|    n_updates            | 2010        |
|    policy_gradient_loss | 0.0135      |
|    std                  | 0.818       |
|    value_loss           | 55          |
-----------------------------------------
------------------------------------------
| rollout/                |              |
|    ep_len_mean          | 1.6e+03      |
|    ep_rew_mean          | 60.1         |
| time/                   |              |
|    fps                  | 1633         |
|    iterations           | 4            |
|    time_elapsed         | 5            |
|    total_timesteps      | 827392       |
| train/                  |              |
|    approx_kl            | 0.0067361337 |
|    clip_fraction        | 0.0982       |
|    clip_range           | 0.2          |
|    entropy_loss         | -2.43        |
|    explained_variance   | 0.782        |
|    learning_rate        | 0.0003       |
|    loss                 | 1.28         |
|    n_updates            | 2015         |
|    policy_gradient_loss | -0.0011      |
|    std                  | 0.815        |
|    value_loss           | 4.74         |
------------------------------------------
-----------------------------------------
| rollout/                |             |
|    ep_len_mean          | 1.63e+03    |
|    ep_rew_mean          | 57.7        |
| time/                   |             |
|    fps                  | 1595        |
|    iterations           | 5           |
|    time_elapsed         | 6           |
|    total_timesteps      | 829440      |
| train/                  |             |
|    approx_kl            | 0.029410731 |
|    clip_fraction        | 0.181       |
|    clip_range           | 0.2         |
|    entropy_loss         | -2.43       |
|    explained_variance   | 0.136       |
|    learning_rate        | 0.0003      |
|    loss                 | 0.472       |
|    n_updates            | 2020        |
|    policy_gradient_loss | 0.00999     |
|    std                  | 0.813       |
|    value_loss           | 57.1        |
-----------------------------------------
-----------------------------------------
| rollout/                |             |
|    ep_len_mean          | 1.62e+03    |
|    ep_rew_mean          | 59.1        |
| time/                   |             |
|    fps                  | 1554        |
|    iterations           | 6           |
|    time_elapsed         | 7           |
|    total_timesteps      | 831488      |
| train/                  |             |
|    approx_kl            | 0.010017142 |
|    clip_fraction        | 0.13        |
|    clip_range           | 0.2         |
|    entropy_loss         | -2.42       |
|    explained_variance   | 0.641       |
|    learning_rate        | 0.0003      |
|    loss                 | 0.518       |
|    n_updates            | 2025        |
|    policy_gradient_loss | -0.00468    |
|    std                  | 0.812       |
|    value_loss           | 14.4        |
-----------------------------------------
-----------------------------------------
| rollout/                |             |
|    ep_len_mean          | 1.63e+03    |
|    ep_rew_mean          | 57.7        |
| time/                   |             |
|    fps                  | 1544        |
|    iterations           | 7           |
|    time_elapsed         | 9           |
|    total_timesteps      | 833536      |
| train/                  |             |
|    approx_kl            | 0.021688558 |
|    clip_fraction        | 0.22        |
|    clip_range           | 0.2         |
|    entropy_loss         | -2.42       |
|    explained_variance   | 0.204       |
|    learning_rate        | 0.0003      |
|    loss                 | 1.41        |
|    n_updates            | 2030        |
|    policy_gradient_loss | 0.0119      |
|    std                  | 0.81        |
|    value_loss           | 56.8        |
-----------------------------------------
------------------------------------------
| rollout/                |              |
|    ep_len_mean          | 1.63e+03     |
|    ep_rew_mean          | 57.7         |
| time/                   |              |
|    fps                  | 1535         |
|    iterations           | 8            |
|    time_elapsed         | 10           |
|    total_timesteps      | 835584       |
| train/                  |              |
|    approx_kl            | 0.0124892555 |
|    clip_fraction        | 0.0887       |
|    clip_range           | 0.2          |
|    entropy_loss         | -2.42        |
|    explained_variance   | 0.865        |
|    learning_rate        | 0.0003       |
|    loss                 | 0.38         |
|    n_updates            | 2035         |
|    policy_gradient_loss | -0.00251     |
|    std                  | 0.811        |
|    value_loss           | 6.98         |
------------------------------------------
-----------------------------------------
| rollout/                |             |
|    ep_len_mean          | 1.64e+03    |
|    ep_rew_mean          | 58.5        |
| time/                   |             |
|    fps                  | 1532        |
|    iterations           | 9           |
|    time_elapsed         | 12          |
|    total_timesteps      | 837632      |
| train/                  |             |
|    approx_kl            | 0.020301064 |
|    clip_fraction        | 0.108       |
|    clip_range           | 0.2         |
|    entropy_loss         | -2.42       |
|    explained_variance   | 0.837       |
|    learning_rate        | 0.0003      |
|    loss                 | 1.03        |
|    n_updates            | 2040        |
|    policy_gradient_loss | 0.00329     |
|    std                  | 0.811       |
|    value_loss           | 7.16        |
-----------------------------------------
------------------------------------------
| rollout/                |              |
|    ep_len_mean          | 1.64e+03     |
|    ep_rew_mean          | 57.2         |
| time/                   |              |
|    fps                  | 1517         |
|    iterations           | 10           |
|    time_elapsed         | 13           |
|    total_timesteps      | 839680       |
| train/                  |              |
|    approx_kl            | 0.0038206782 |
|    clip_fraction        | 0.105        |
|    clip_range           | 0.2          |
|    entropy_loss         | -2.42        |
|    explained_variance   | 0.00547      |
|    learning_rate        | 0.0003       |
|    loss                 | 7.01         |
|    n_updates            | 2045         |
|    policy_gradient_loss | 0.000146     |
|    std                  | 0.811        |
|    value_loss           | 103          |
------------------------------------------
-----------------------------------------
| rollout/                |             |
|    ep_len_mean          | 1.63e+03    |
|    ep_rew_mean          | 58.5        |
| time/                   |             |
|    fps                  | 1504        |
|    iterations           | 11          |
|    time_elapsed         | 14          |
|    total_timesteps      | 841728      |
| train/                  |             |
|    approx_kl            | 0.012430031 |
|    clip_fraction        | 0.0966      |
|    clip_range           | 0.2         |
|    entropy_loss         | -2.42       |
|    explained_variance   | 0.0989      |
|    learning_rate        | 0.0003      |
|    loss                 | 190         |
|    n_updates            | 2050        |
|    policy_gradient_loss | 0.00047     |
|    std                  | 0.81        |
|    value_loss           | 57.4        |
-----------------------------------------
------------------------------------------
| rollout/                |              |
|    ep_len_mean          | 1.61e+03     |
|    ep_rew_mean          | 61.5         |
| time/                   |              |
|    fps                  | 1485         |
|    iterations           | 12           |
|    time_elapsed         | 16           |
|    total_timesteps      | 843776       |
| train/                  |              |
|    approx_kl            | 0.0102738645 |
|    clip_fraction        | 0.0986       |
|    clip_range           | 0.2          |
|    entropy_loss         | -2.42        |
|    explained_variance   | -0.00743     |
|    learning_rate        | 0.0003       |
|    loss                 | 2.47         |
|    n_updates            | 2055         |
|    policy_gradient_loss | -0.00366     |
|    std                  | 0.81         |
|    value_loss           | 140          |
------------------------------------------
-----------------------------------------
| rollout/                |             |
|    ep_len_mean          | 1.61e+03    |
|    ep_rew_mean          | 61.5        |
| time/                   |             |
|    fps                  | 1474        |
|    iterations           | 13          |
|    time_elapsed         | 18          |
|    total_timesteps      | 845824      |
| train/                  |             |
|    approx_kl            | 0.009466102 |
|    clip_fraction        | 0.129       |
|    clip_range           | 0.2         |
|    entropy_loss         | -2.41       |
|    explained_variance   | -0.154      |
|    learning_rate        | 0.0003      |
|    loss                 | 5.19        |
|    n_updates            | 2060        |
|    policy_gradient_loss | -0.00241    |
|    std                  | 0.808       |
|    value_loss           | 93          |
-----------------------------------------
------------------------------------------
| rollout/                |              |
|    ep_len_mean          | 1.61e+03     |
|    ep_rew_mean          | 61.4         |
| time/                   |              |
|    fps                  | 1479         |
|    iterations           | 14           |
|    time_elapsed         | 19           |
|    total_timesteps      | 847872       |
| train/                  |              |
|    approx_kl            | 0.0026239082 |
|    clip_fraction        | 0.0493       |
|    clip_range           | 0.2          |
|    entropy_loss         | -2.41        |
|    explained_variance   | 0.57         |
|    learning_rate        | 0.0003       |
|    loss                 | 13.4         |
|    n_updates            | 2065         |
|    policy_gradient_loss | -0.00215     |
|    std                  | 0.808        |
|    value_loss           | 15.1         |
------------------------------------------
-----------------------------------------
| rollout/                |             |
|    ep_len_mean          | 1.62e+03    |
|    ep_rew_mean          | 60          |
| time/                   |             |
|    fps                  | 1469        |
|    iterations           | 15          |
|    time_elapsed         | 20          |
|    total_timesteps      | 849920      |
| train/                  |             |
|    approx_kl            | 0.008385452 |
|    clip_fraction        | 0.0689      |
|    clip_range           | 0.2         |
|    entropy_loss         | -2.41       |
|    explained_variance   | 0.275       |
|    learning_rate        | 0.0003      |
|    loss                 | 0.663       |
|    n_updates            | 2070        |
|    policy_gradient_loss | -0.000565   |
|    std                  | 0.807       |
|    value_loss           | 49.5        |
-----------------------------------------
----------------------------------------
| rollout/                |            |
|    ep_len_mean          | 1.62e+03   |
|    ep_rew_mean          | 59.8       |
| time/                   |            |
|    fps                  | 1471       |
|    iterations           | 16         |
|    time_elapsed         | 22         |
|    total_timesteps      | 851968     |
| train/                  |            |
|    approx_kl            | 0.09954581 |
|    clip_fraction        | 0.252      |
|    clip_range           | 0.2        |
|    entropy_loss         | -2.41      |
|    explained_variance   | 0.722      |
|    learning_rate        | 0.0003     |
|    loss                 | 4.98       |
|    n_updates            | 2075       |
|    policy_gradient_loss | 0.0248     |
|    std                  | 0.806      |
|    value_loss           | 5.97       |
----------------------------------------
----------------------------------------
| rollout/                |            |
|    ep_len_mean          | 1.62e+03   |
|    ep_rew_mean          | 59.8       |
| time/                   |            |
|    fps                  | 1467       |
|    iterations           | 17         |
|    time_elapsed         | 23         |
|    total_timesteps      | 854016     |
| train/                  |            |
|    approx_kl            | 0.00924026 |
|    clip_fraction        | 0.0887     |
|    clip_range           | 0.2        |
|    entropy_loss         | -2.41      |
|    explained_variance   | 0.127      |
|    learning_rate        | 0.0003     |
|    loss                 | 2.87       |
|    n_updates            | 2080       |
|    policy_gradient_loss | -0.0037    |
|    std                  | 0.805      |
|    value_loss           | 55.1       |
----------------------------------------
-----------------------------------------
| rollout/                |             |
|    ep_len_mean          | 1.61e+03    |
|    ep_rew_mean          | 62.3        |
| time/                   |             |
|    fps                  | 1475        |
|    iterations           | 18          |
|    time_elapsed         | 24          |
|    total_timesteps      | 856064      |
| train/                  |             |
|    approx_kl            | 0.011760258 |
|    clip_fraction        | 0.114       |
|    clip_range           | 0.2         |
|    entropy_loss         | -2.4        |
|    explained_variance   | 0.115       |
|    learning_rate        | 0.0003      |
|    loss                 | 3.21        |
|    n_updates            | 2085        |
|    policy_gradient_loss | -0.00139    |
|    std                  | 0.802       |
|    value_loss           | 6.19        |
-----------------------------------------
------------------------------------------
| rollout/                |              |
|    ep_len_mean          | 1.61e+03     |
|    ep_rew_mean          | 62.3         |
| time/                   |              |
|    fps                  | 1467         |
|    iterations           | 19           |
|    time_elapsed         | 26           |
|    total_timesteps      | 858112       |
| train/                  |              |
|    approx_kl            | 0.0065729897 |
|    clip_fraction        | 0.0712       |
|    clip_range           | 0.2          |
|    entropy_loss         | -2.39        |
|    explained_variance   | 0.0704       |
|    learning_rate        | 0.0003       |
|    loss                 | 159          |
|    n_updates            | 2090         |
|    policy_gradient_loss | -0.000556    |
|    std                  | 0.8          |
|    value_loss           | 139          |
------------------------------------------
------------------------------------------
| rollout/                |              |
|    ep_len_mean          | 1.6e+03      |
|    ep_rew_mean          | 63.6         |
| time/                   |              |
|    fps                  | 1472         |
|    iterations           | 20           |
|    time_elapsed         | 27           |
|    total_timesteps      | 860160       |
| train/                  |              |
|    approx_kl            | 0.0034619598 |
|    clip_fraction        | 0.032        |
|    clip_range           | 0.2          |
|    entropy_loss         | -2.39        |
|    explained_variance   | 0.711        |
|    learning_rate        | 0.0003       |
|    loss                 | 4.06         |
|    n_updates            | 2095         |
|    policy_gradient_loss | -0.000339    |
|    std                  | 0.8          |
|    value_loss           | 4.97         |
------------------------------------------
------------------------------------------
| rollout/                |              |
|    ep_len_mean          | 1.6e+03      |
|    ep_rew_mean          | 63.6         |
| time/                   |              |
|    fps                  | 1462         |
|    iterations           | 21           |
|    time_elapsed         | 29           |
|    total_timesteps      | 862208       |
| train/                  |              |
|    approx_kl            | 0.0063448194 |
|    clip_fraction        | 0.0411       |
|    clip_range           | 0.2          |
|    entropy_loss         | -2.39        |
|    explained_variance   | 0.328        |
|    learning_rate        | 0.0003       |
|    loss                 | 1.23         |
|    n_updates            | 2100         |
|    policy_gradient_loss | -0.00301     |
|    std                  | 0.799        |
|    value_loss           | 99.7         |
------------------------------------------
-----------------------------------------
| rollout/                |             |
|    ep_len_mean          | 1.58e+03    |
|    ep_rew_mean          | 64.8        |
| time/                   |             |
|    fps                  | 1464        |
|    iterations           | 22          |
|    time_elapsed         | 30          |
|    total_timesteps      | 864256      |
| train/                  |             |
|    approx_kl            | 0.014675174 |
|    clip_fraction        | 0.101       |
|    clip_range           | 0.2         |
|    entropy_loss         | -2.38       |
|    explained_variance   | 0.51        |
|    learning_rate        | 0.0003      |
|    loss                 | 0.736       |
|    n_updates            | 2105        |
|    policy_gradient_loss | 0.00374     |
|    std                  | 0.795       |
|    value_loss           | 2.56        |
-----------------------------------------
---------------------------------------
| rollout/                |           |
|    ep_len_mean          | 1.59e+03  |
|    ep_rew_mean          | 63.5      |
| time/                   |           |
|    fps                  | 1465      |
|    iterations           | 23        |
|    time_elapsed         | 32        |
|    total_timesteps      | 866304    |
| train/                  |           |
|    approx_kl            | 0.0098124 |
|    clip_fraction        | 0.0831    |
|    clip_range           | 0.2       |
|    entropy_loss         | -2.38     |
|    explained_variance   | 0.337     |
|    learning_rate        | 0.0003    |
|    loss                 | 1.05      |
|    n_updates            | 2110      |
|    policy_gradient_loss | -0.00302  |
|    std                  | 0.794     |
|    value_loss           | 56.4      |
---------------------------------------
----------------------------------------
| rollout/                |            |
|    ep_len_mean          | 1.6e+03    |
|    ep_rew_mean          | 62.1       |
| time/                   |            |
|    fps                  | 1461       |
|    iterations           | 24         |
|    time_elapsed         | 33         |
|    total_timesteps      | 868352     |
| train/                  |            |
|    approx_kl            | 0.00512308 |
|    clip_fraction        | 0.0679     |
|    clip_range           | 0.2        |
|    entropy_loss         | -2.37      |
|    explained_variance   | 0.281      |
|    learning_rate        | 0.0003     |
|    loss                 | 2          |
|    n_updates            | 2115       |
|    policy_gradient_loss | -0.000283  |
|    std                  | 0.791      |
|    value_loss           | 55         |
----------------------------------------
-----------------------------------------
| rollout/                |             |
|    ep_len_mean          | 1.61e+03    |
|    ep_rew_mean          | 60.6        |
| time/                   |             |
|    fps                  | 1464        |
|    iterations           | 25          |
|    time_elapsed         | 34          |
|    total_timesteps      | 870400      |
| train/                  |             |
|    approx_kl            | 0.005144025 |
|    clip_fraction        | 0.0497      |
|    clip_range           | 0.2         |
|    entropy_loss         | -2.37       |
|    explained_variance   | 0.911       |
|    learning_rate        | 0.0003      |
|    loss                 | 0.357       |
|    n_updates            | 2120        |
|    policy_gradient_loss | 0.00161     |
|    std                  | 0.789       |
|    value_loss           | 4.07        |
-----------------------------------------
-----------------------------------------
| rollout/                |             |
|    ep_len_mean          | 1.61e+03    |
|    ep_rew_mean          | 60.5        |
| time/                   |             |
|    fps                  | 1467        |
|    iterations           | 26          |
|    time_elapsed         | 36          |
|    total_timesteps      | 872448      |
| train/                  |             |
|    approx_kl            | 0.009079624 |
|    clip_fraction        | 0.0619      |
|    clip_range           | 0.2         |
|    entropy_loss         | -2.36       |
|    explained_variance   | 0.778       |
|    learning_rate        | 0.0003      |
|    loss                 | 1.4         |
|    n_updates            | 2125        |
|    policy_gradient_loss | -0.0014     |
|    std                  | 0.79        |
|    value_loss           | 12.3        |
-----------------------------------------
-----------------------------------------
| rollout/                |             |
|    ep_len_mean          | 1.63e+03    |
|    ep_rew_mean          | 59.3        |
| time/                   |             |
|    fps                  | 1469        |
|    iterations           | 27          |
|    time_elapsed         | 37          |
|    total_timesteps      | 874496      |
| train/                  |             |
|    approx_kl            | 0.010509363 |
|    clip_fraction        | 0.161       |
|    clip_range           | 0.2         |
|    entropy_loss         | -2.36       |
|    explained_variance   | 0.434       |
|    learning_rate        | 0.0003      |
|    loss                 | 0.287       |
|    n_updates            | 2130        |
|    policy_gradient_loss | 0.00574     |
|    std                  | 0.789       |
|    value_loss           | 52          |
-----------------------------------------
------------------------------------------
| rollout/                |              |
|    ep_len_mean          | 1.63e+03     |
|    ep_rew_mean          | 59           |
| time/                   |              |
|    fps                  | 1469         |
|    iterations           | 28           |
|    time_elapsed         | 39           |
|    total_timesteps      | 876544       |
| train/                  |              |
|    approx_kl            | 0.0092745405 |
|    clip_fraction        | 0.153        |
|    clip_range           | 0.2          |
|    entropy_loss         | -2.36        |
|    explained_variance   | 0.461        |
|    learning_rate        | 0.0003       |
|    loss                 | 0.215        |
|    n_updates            | 2135         |
|    policy_gradient_loss | 0.00465      |
|    std                  | 0.788        |
|    value_loss           | 9.62         |
------------------------------------------
------------------------------------------
| rollout/                |              |
|    ep_len_mean          | 1.63e+03     |
|    ep_rew_mean          | 59           |
| time/                   |              |
|    fps                  | 1464         |
|    iterations           | 29           |
|    time_elapsed         | 40           |
|    total_timesteps      | 878592       |
| train/                  |              |
|    approx_kl            | 0.0063320855 |
|    clip_fraction        | 0.0752       |
|    clip_range           | 0.2          |
|    entropy_loss         | -2.36        |
|    explained_variance   | 0.596        |
|    learning_rate        | 0.0003       |
|    loss                 | 3.1          |
|    n_updates            | 2140         |
|    policy_gradient_loss | -0.00323     |
|    std                  | 0.787        |
|    value_loss           | 26.6         |
------------------------------------------
-----------------------------------------
| rollout/                |             |
|    ep_len_mean          | 1.63e+03    |
|    ep_rew_mean          | 59          |
| time/                   |             |
|    fps                  | 1467        |
|    iterations           | 30          |
|    time_elapsed         | 41          |
|    total_timesteps      | 880640      |
| train/                  |             |
|    approx_kl            | 0.021072656 |
|    clip_fraction        | 0.184       |
|    clip_range           | 0.2         |
|    entropy_loss         | -2.36       |
|    explained_variance   | 0.93        |
|    learning_rate        | 0.0003      |
|    loss                 | 0.826       |
|    n_updates            | 2145        |
|    policy_gradient_loss | 0.00349     |
|    std                  | 0.786       |
|    value_loss           | 2.6         |
-----------------------------------------
-----------------------------------------
| rollout/                |             |
|    ep_len_mean          | 1.64e+03    |
|    ep_rew_mean          | 59          |
| time/                   |             |
|    fps                  | 1471        |
|    iterations           | 31          |
|    time_elapsed         | 43          |
|    total_timesteps      | 882688      |
| train/                  |             |
|    approx_kl            | 0.010177918 |
|    clip_fraction        | 0.178       |
|    clip_range           | 0.2         |
|    entropy_loss         | -2.36       |
|    explained_variance   | 0.692       |
|    learning_rate        | 0.0003      |
|    loss                 | 0.196       |
|    n_updates            | 2150        |
|    policy_gradient_loss | -0.00358    |
|    std                  | 0.787       |
|    value_loss           | 10.5        |
-----------------------------------------
-----------------------------------------
| rollout/                |             |
|    ep_len_mean          | 1.65e+03    |
|    ep_rew_mean          | 57.3        |
| time/                   |             |
|    fps                  | 1475        |
|    iterations           | 32          |
|    time_elapsed         | 44          |
|    total_timesteps      | 884736      |
| train/                  |             |
|    approx_kl            | 0.009843753 |
|    clip_fraction        | 0.0708      |
|    clip_range           | 0.2         |
|    entropy_loss         | -2.36       |
|    explained_variance   | 0.0306      |
|    learning_rate        | 0.0003      |
|    loss                 | 163         |
|    n_updates            | 2155        |
|    policy_gradient_loss | -0.00421    |
|    std                  | 0.786       |
|    value_loss           | 89          |
-----------------------------------------
-----------------------------------------
| rollout/                |             |
|    ep_len_mean          | 1.63e+03    |
|    ep_rew_mean          | 58.5        |
| time/                   |             |
|    fps                  | 1474        |
|    iterations           | 33          |
|    time_elapsed         | 45          |
|    total_timesteps      | 886784      |
| train/                  |             |
|    approx_kl            | 0.010229547 |
|    clip_fraction        | 0.121       |
|    clip_range           | 0.2         |
|    entropy_loss         | -2.35       |
|    explained_variance   | -0.00198    |
|    learning_rate        | 0.0003      |
|    loss                 | 180         |
|    n_updates            | 2160        |
|    policy_gradient_loss | 0.00128     |
|    std                  | 0.781       |
|    value_loss           | 55.1        |
-----------------------------------------
-----------------------------------------
| rollout/                |             |
|    ep_len_mean          | 1.63e+03    |
|    ep_rew_mean          | 58.5        |
| time/                   |             |
|    fps                  | 1472        |
|    iterations           | 34          |
|    time_elapsed         | 47          |
|    total_timesteps      | 888832      |
| train/                  |             |
|    approx_kl            | 0.007960041 |
|    clip_fraction        | 0.0633      |
|    clip_range           | 0.2         |
|    entropy_loss         | -2.34       |
|    explained_variance   | 0.156       |
|    learning_rate        | 0.0003      |
|    loss                 | 6.39        |
|    n_updates            | 2165        |
|    policy_gradient_loss | -0.00227    |
|    std                  | 0.779       |
|    value_loss           | 51.9        |
-----------------------------------------
-----------------------------------------
| rollout/                |             |
|    ep_len_mean          | 1.63e+03    |
|    ep_rew_mean          | 58.4        |
| time/                   |             |
|    fps                  | 1469        |
|    iterations           | 35          |
|    time_elapsed         | 48          |
|    total_timesteps      | 890880      |
| train/                  |             |
|    approx_kl            | 0.007816167 |
|    clip_fraction        | 0.0617      |
|    clip_range           | 0.2         |
|    entropy_loss         | -2.34       |
|    explained_variance   | 0.0772      |
|    learning_rate        | 0.0003      |
|    loss                 | 0.729       |
|    n_updates            | 2170        |
|    policy_gradient_loss | -0.00213    |
|    std                  | 0.778       |
|    value_loss           | 96.3        |
-----------------------------------------
------------------------------------------
| rollout/                |              |
|    ep_len_mean          | 1.63e+03     |
|    ep_rew_mean          | 58.4         |
| time/                   |              |
|    fps                  | 1473         |
|    iterations           | 36           |
|    time_elapsed         | 50           |
|    total_timesteps      | 892928       |
| train/                  |              |
|    approx_kl            | 0.0062296838 |
|    clip_fraction        | 0.0678       |
|    clip_range           | 0.2          |
|    entropy_loss         | -2.34        |
|    explained_variance   | 0.0896       |
|    learning_rate        | 0.0003       |
|    loss                 | 2.92         |
|    n_updates            | 2175         |
|    policy_gradient_loss | -0.00134     |
|    std                  | 0.778        |
|    value_loss           | 47           |
------------------------------------------
------------------------------------------
| rollout/                |              |
|    ep_len_mean          | 1.63e+03     |
|    ep_rew_mean          | 59.7         |
| time/                   |              |
|    fps                  | 1477         |
|    iterations           | 37           |
|    time_elapsed         | 51           |
|    total_timesteps      | 894976       |
| train/                  |              |
|    approx_kl            | 0.0030226056 |
|    clip_fraction        | 0.0279       |
|    clip_range           | 0.2          |
|    entropy_loss         | -2.34        |
|    explained_variance   | 0.626        |
|    learning_rate        | 0.0003       |
|    loss                 | 1.84         |
|    n_updates            | 2180         |
|    policy_gradient_loss | -0.00175     |
|    std                  | 0.778        |
|    value_loss           | 9.19         |
------------------------------------------
------------------------------------------
| rollout/                |              |
|    ep_len_mean          | 1.64e+03     |
|    ep_rew_mean          | 58.1         |
| time/                   |              |
|    fps                  | 1480         |
|    iterations           | 38           |
|    time_elapsed         | 52           |
|    total_timesteps      | 897024       |
| train/                  |              |
|    approx_kl            | 0.0034203352 |
|    clip_fraction        | 0.0201       |
|    clip_range           | 0.2          |
|    entropy_loss         | -2.33        |
|    explained_variance   | 0.204        |
|    learning_rate        | 0.0003       |
|    loss                 | 178          |
|    n_updates            | 2185         |
|    policy_gradient_loss | -0.000495    |
|    std                  | 0.777        |
|    value_loss           | 47.6         |
------------------------------------------
-----------------------------------------
| rollout/                |             |
|    ep_len_mean          | 1.67e+03    |
|    ep_rew_mean          | 55.1        |
| time/                   |             |
|    fps                  | 1482        |
|    iterations           | 39          |
|    time_elapsed         | 53          |
|    total_timesteps      | 899072      |
| train/                  |             |
|    approx_kl            | 0.012280857 |
|    clip_fraction        | 0.0418      |
|    clip_range           | 0.2         |
|    entropy_loss         | -2.33       |
|    explained_variance   | 0.641       |
|    learning_rate        | 0.0003      |
|    loss                 | 0.651       |
|    n_updates            | 2190        |
|    policy_gradient_loss | 0.00177     |
|    std                  | 0.778       |
|    value_loss           | 12.3        |
-----------------------------------------
------------------------------------------
| rollout/                |              |
|    ep_len_mean          | 1.67e+03     |
|    ep_rew_mean          | 55.1         |
| time/                   |              |
|    fps                  | 1483         |
|    iterations           | 40           |
|    time_elapsed         | 55           |
|    total_timesteps      | 901120       |
| train/                  |              |
|    approx_kl            | 0.0066345916 |
|    clip_fraction        | 0.0709       |
|    clip_range           | 0.2          |
|    entropy_loss         | -2.34        |
|    explained_variance   | 0.635        |
|    learning_rate        | 0.0003       |
|    loss                 | 1.4          |
|    n_updates            | 2195         |
|    policy_gradient_loss | 0.000155     |
|    std                  | 0.779        |
|    value_loss           | 14.6         |
------------------------------------------
-----------------------------------------
| rollout/                |             |
|    ep_len_mean          | 1.66e+03    |
|    ep_rew_mean          | 56.4        |
| time/                   |             |
|    fps                  | 1484        |
|    iterations           | 41          |
|    time_elapsed         | 56          |
|    total_timesteps      | 903168      |
| train/                  |             |
|    approx_kl            | 0.034743045 |
|    clip_fraction        | 0.199       |
|    clip_range           | 0.2         |
|    entropy_loss         | -2.34       |
|    explained_variance   | 0.739       |
|    learning_rate        | 0.0003      |
|    loss                 | 16.6        |
|    n_updates            | 2200        |
|    policy_gradient_loss | 0.00561     |
|    std                  | 0.779       |
|    value_loss           | 8.3         |
-----------------------------------------
------------------------------------------
| rollout/                |              |
|    ep_len_mean          | 1.66e+03     |
|    ep_rew_mean          | 55.2         |
| time/                   |              |
|    fps                  | 1481         |
|    iterations           | 42           |
|    time_elapsed         | 58           |
|    total_timesteps      | 905216       |
| train/                  |              |
|    approx_kl            | 0.0132837705 |
|    clip_fraction        | 0.174        |
|    clip_range           | 0.2          |
|    entropy_loss         | -2.34        |
|    explained_variance   | 0.109        |
|    learning_rate        | 0.0003       |
|    loss                 | 11.9         |
|    n_updates            | 2205         |
|    policy_gradient_loss | 0.0147       |
|    std                  | 0.78         |
|    value_loss           | 94.5         |
------------------------------------------
-----------------------------------------
| rollout/                |             |
|    ep_len_mean          | 1.63e+03    |
|    ep_rew_mean          | 58.1        |
| time/                   |             |
|    fps                  | 1475        |
|    iterations           | 43          |
|    time_elapsed         | 59          |
|    total_timesteps      | 907264      |
| train/                  |             |
|    approx_kl            | 0.014224647 |
|    clip_fraction        | 0.143       |
|    clip_range           | 0.2         |
|    entropy_loss         | -2.34       |
|    explained_variance   | 0.028       |
|    learning_rate        | 0.0003      |
|    loss                 | 0.318       |
|    n_updates            | 2210        |
|    policy_gradient_loss | 0.00297     |
|    std                  | 0.779       |
|    value_loss           | 49.6        |
-----------------------------------------
-----------------------------------------
| rollout/                |             |
|    ep_len_mean          | 1.6e+03     |
|    ep_rew_mean          | 60.8        |
| time/                   |             |
|    fps                  | 1473        |
|    iterations           | 44          |
|    time_elapsed         | 61          |
|    total_timesteps      | 909312      |
| train/                  |             |
|    approx_kl            | 0.007669785 |
|    clip_fraction        | 0.0908      |
|    clip_range           | 0.2         |
|    entropy_loss         | -2.34       |
|    explained_variance   | 0.0337      |
|    learning_rate        | 0.0003      |
|    loss                 | 149         |
|    n_updates            | 2215        |
|    policy_gradient_loss | -0.00111    |
|    std                  | 0.779       |
|    value_loss           | 90.5        |
-----------------------------------------
-----------------------------------------
| rollout/                |             |
|    ep_len_mean          | 1.58e+03    |
|    ep_rew_mean          | 63.6        |
| time/                   |             |
|    fps                  | 1469        |
|    iterations           | 45          |
|    time_elapsed         | 62          |
|    total_timesteps      | 911360      |
| train/                  |             |
|    approx_kl            | 0.002815133 |
|    clip_fraction        | 0.0539      |
|    clip_range           | 0.2         |
|    entropy_loss         | -2.34       |
|    explained_variance   | 0.069       |
|    learning_rate        | 0.0003      |
|    loss                 | 197         |
|    n_updates            | 2220        |
|    policy_gradient_loss | -0.000904   |
|    std                  | 0.781       |
|    value_loss           | 83.6        |
-----------------------------------------
------------------------------------------
| rollout/                |              |
|    ep_len_mean          | 1.57e+03     |
|    ep_rew_mean          | 65.1         |
| time/                   |              |
|    fps                  | 1466         |
|    iterations           | 46           |
|    time_elapsed         | 64           |
|    total_timesteps      | 913408       |
| train/                  |              |
|    approx_kl            | 0.0026448152 |
|    clip_fraction        | 0.0226       |
|    clip_range           | 0.2          |
|    entropy_loss         | -2.34        |
|    explained_variance   | 0.184        |
|    learning_rate        | 0.0003       |
|    loss                 | 0.981        |
|    n_updates            | 2225         |
|    policy_gradient_loss | -0.000767    |
|    std                  | 0.781        |
|    value_loss           | 87.9         |
------------------------------------------
-----------------------------------------
| rollout/                |             |
|    ep_len_mean          | 1.56e+03    |
|    ep_rew_mean          | 66.4        |
| time/                   |             |
|    fps                  | 1468        |
|    iterations           | 47          |
|    time_elapsed         | 65          |
|    total_timesteps      | 915456      |
| train/                  |             |
|    approx_kl            | 0.019106897 |
|    clip_fraction        | 0.136       |
|    clip_range           | 0.2         |
|    entropy_loss         | -2.35       |
|    explained_variance   | 0.269       |
|    learning_rate        | 0.0003      |
|    loss                 | 0.776       |
|    n_updates            | 2230        |
|    policy_gradient_loss | 0.00416     |
|    std                  | 0.782       |
|    value_loss           | 41.2        |
-----------------------------------------
------------------------------------------
| rollout/                |              |
|    ep_len_mean          | 1.55e+03     |
|    ep_rew_mean          | 67.9         |
| time/                   |              |
|    fps                  | 1469         |
|    iterations           | 48           |
|    time_elapsed         | 66           |
|    total_timesteps      | 917504       |
| train/                  |              |
|    approx_kl            | 0.0065100817 |
|    clip_fraction        | 0.0501       |
|    clip_range           | 0.2          |
|    entropy_loss         | -2.34        |
|    explained_variance   | 0.297        |
|    learning_rate        | 0.0003       |
|    loss                 | 2.05         |
|    n_updates            | 2235         |
|    policy_gradient_loss | -0.00177     |
|    std                  | 0.781        |
|    value_loss           | 37.6         |
------------------------------------------
-----------------------------------------
| rollout/                |             |
|    ep_len_mean          | 1.55e+03    |
|    ep_rew_mean          | 67.8        |
| time/                   |             |
|    fps                  | 1470        |
|    iterations           | 49          |
|    time_elapsed         | 68          |
|    total_timesteps      | 919552      |
| train/                  |             |
|    approx_kl            | 0.008726973 |
|    clip_fraction        | 0.22        |
|    clip_range           | 0.2         |
|    entropy_loss         | -2.34       |
|    explained_variance   | 0.297       |
|    learning_rate        | 0.0003      |
|    loss                 | 2.01        |
|    n_updates            | 2240        |
|    policy_gradient_loss | 0.0105      |
|    std                  | 0.781       |
|    value_loss           | 45.6        |
-----------------------------------------
-----------------------------------------
| rollout/                |             |
|    ep_len_mean          | 1.53e+03    |
|    ep_rew_mean          | 69.2        |
| time/                   |             |
|    fps                  | 1470        |
|    iterations           | 50          |
|    time_elapsed         | 69          |
|    total_timesteps      | 921600      |
| train/                  |             |
|    approx_kl            | 0.015681967 |
|    clip_fraction        | 0.136       |
|    clip_range           | 0.2         |
|    entropy_loss         | -2.34       |
|    explained_variance   | 0.649       |
|    learning_rate        | 0.0003      |
|    loss                 | 0.455       |
|    n_updates            | 2245        |
|    policy_gradient_loss | 0.00682     |
|    std                  | 0.777       |
|    value_loss           | 13.6        |
-----------------------------------------
-----------------------------------------
| rollout/                |             |
|    ep_len_mean          | 1.53e+03    |
|    ep_rew_mean          | 69.4        |
| time/                   |             |
|    fps                  | 1469        |
|    iterations           | 51          |
|    time_elapsed         | 71          |
|    total_timesteps      | 923648      |
| train/                  |             |
|    approx_kl            | 0.025142234 |
|    clip_fraction        | 0.254       |
|    clip_range           | 0.2         |
|    entropy_loss         | -2.33       |
|    explained_variance   | 0.256       |
|    learning_rate        | 0.0003      |
|    loss                 | 1.18        |
|    n_updates            | 2250        |
|    policy_gradient_loss | 0.0159      |
|    std                  | 0.777       |
|    value_loss           | 83.2        |
-----------------------------------------
-----------------------------------------
| rollout/                |             |
|    ep_len_mean          | 1.51e+03    |
|    ep_rew_mean          | 70.8        |
| time/                   |             |
|    fps                  | 1469        |
|    iterations           | 52          |
|    time_elapsed         | 72          |
|    total_timesteps      | 925696      |
| train/                  |             |
|    approx_kl            | 0.015431179 |
|    clip_fraction        | 0.0928      |
|    clip_range           | 0.2         |
|    entropy_loss         | -2.33       |
|    explained_variance   | 0.395       |
|    learning_rate        | 0.0003      |
|    loss                 | 3.82        |
|    n_updates            | 2255        |
|    policy_gradient_loss | 0.000943    |
|    std                  | 0.777       |
|    value_loss           | 51.8        |
-----------------------------------------
-----------------------------------------
| rollout/                |             |
|    ep_len_mean          | 1.51e+03    |
|    ep_rew_mean          | 70.9        |
| time/                   |             |
|    fps                  | 1469        |
|    iterations           | 53          |
|    time_elapsed         | 73          |
|    total_timesteps      | 927744      |
| train/                  |             |
|    approx_kl            | 0.004095448 |
|    clip_fraction        | 0.0858      |
|    clip_range           | 0.2         |
|    entropy_loss         | -2.33       |
|    explained_variance   | 0.343       |
|    learning_rate        | 0.0003      |
|    loss                 | 3.56        |
|    n_updates            | 2260        |
|    policy_gradient_loss | -0.00149    |
|    std                  | 0.776       |
|    value_loss           | 81.3        |
-----------------------------------------
-----------------------------------------
| rollout/                |             |
|    ep_len_mean          | 1.5e+03     |
|    ep_rew_mean          | 72          |
| time/                   |             |
|    fps                  | 1471        |
|    iterations           | 54          |
|    time_elapsed         | 75          |
|    total_timesteps      | 929792      |
| train/                  |             |
|    approx_kl            | 0.016290076 |
|    clip_fraction        | 0.0845      |
|    clip_range           | 0.2         |
|    entropy_loss         | -2.33       |
|    explained_variance   | 0.572       |
|    learning_rate        | 0.0003      |
|    loss                 | 1.97        |
|    n_updates            | 2265        |
|    policy_gradient_loss | -0.000826   |
|    std                  | 0.774       |
|    value_loss           | 12.1        |
-----------------------------------------
------------------------------------------
| rollout/                |              |
|    ep_len_mean          | 1.49e+03     |
|    ep_rew_mean          | 73.4         |
| time/                   |              |
|    fps                  | 1470         |
|    iterations           | 55           |
|    time_elapsed         | 76           |
|    total_timesteps      | 931840       |
| train/                  |              |
|    approx_kl            | 0.0062616877 |
|    clip_fraction        | 0.0703       |
|    clip_range           | 0.2          |
|    entropy_loss         | -2.32        |
|    explained_variance   | 0.301        |
|    learning_rate        | 0.0003       |
|    loss                 | 3.3          |
|    n_updates            | 2270         |
|    policy_gradient_loss | 0.00139      |
|    std                  | 0.772        |
|    value_loss           | 85.1         |
------------------------------------------
-----------------------------------------
| rollout/                |             |
|    ep_len_mean          | 1.47e+03    |
|    ep_rew_mean          | 74.7        |
| time/                   |             |
|    fps                  | 1465        |
|    iterations           | 56          |
|    time_elapsed         | 78          |
|    total_timesteps      | 933888      |
| train/                  |             |
|    approx_kl            | 0.017432513 |
|    clip_fraction        | 0.111       |
|    clip_range           | 0.2         |
|    entropy_loss         | -2.32       |
|    explained_variance   | 0.191       |
|    learning_rate        | 0.0003      |
|    loss                 | 130         |
|    n_updates            | 2275        |
|    policy_gradient_loss | 0.00407     |
|    std                  | 0.771       |
|    value_loss           | 117         |
-----------------------------------------
-----------------------------------------
| rollout/                |             |
|    ep_len_mean          | 1.47e+03    |
|    ep_rew_mean          | 74.7        |
| time/                   |             |
|    fps                  | 1466        |
|    iterations           | 57          |
|    time_elapsed         | 79          |
|    total_timesteps      | 935936      |
| train/                  |             |
|    approx_kl            | 0.007217522 |
|    clip_fraction        | 0.0539      |
|    clip_range           | 0.2         |
|    entropy_loss         | -2.32       |
|    explained_variance   | 0.436       |
|    learning_rate        | 0.0003      |
|    loss                 | 4.9         |
|    n_updates            | 2280        |
|    policy_gradient_loss | -0.000668   |
|    std                  | 0.771       |
|    value_loss           | 38.2        |
-----------------------------------------
-----------------------------------------
| rollout/                |             |
|    ep_len_mean          | 1.46e+03    |
|    ep_rew_mean          | 76.2        |
| time/                   |             |
|    fps                  | 1467        |
|    iterations           | 58          |
|    time_elapsed         | 80          |
|    total_timesteps      | 937984      |
| train/                  |             |
|    approx_kl            | 0.011864442 |
|    clip_fraction        | 0.105       |
|    clip_range           | 0.2         |
|    entropy_loss         | -2.32       |
|    explained_variance   | 0.311       |
|    learning_rate        | 0.0003      |
|    loss                 | 124         |
|    n_updates            | 2285        |
|    policy_gradient_loss | 0.00158     |
|    std                  | 0.77        |
|    value_loss           | 67.1        |
-----------------------------------------
-----------------------------------------
| rollout/                |             |
|    ep_len_mean          | 1.43e+03    |
|    ep_rew_mean          | 79.4        |
| time/                   |             |
|    fps                  | 1470        |
|    iterations           | 59          |
|    time_elapsed         | 82          |
|    total_timesteps      | 940032      |
| train/                  |             |
|    approx_kl            | 0.034851514 |
|    clip_fraction        | 0.235       |
|    clip_range           | 0.2         |
|    entropy_loss         | -2.31       |
|    explained_variance   | 0.436       |
|    learning_rate        | 0.0003      |
|    loss                 | 2.03        |
|    n_updates            | 2290        |
|    policy_gradient_loss | 0.0052      |
|    std                  | 0.769       |
|    value_loss           | 67.2        |
-----------------------------------------
-----------------------------------------
| rollout/                |             |
|    ep_len_mean          | 1.42e+03    |
|    ep_rew_mean          | 81          |
| time/                   |             |
|    fps                  | 1471        |
|    iterations           | 60          |
|    time_elapsed         | 83          |
|    total_timesteps      | 942080      |
| train/                  |             |
|    approx_kl            | 0.010244271 |
|    clip_fraction        | 0.116       |
|    clip_range           | 0.2         |
|    entropy_loss         | -2.31       |
|    explained_variance   | 0.253       |
|    learning_rate        | 0.0003      |
|    loss                 | 6.07        |
|    n_updates            | 2295        |
|    policy_gradient_loss | -0.00153    |
|    std                  | 0.769       |
|    value_loss           | 72.1        |
-----------------------------------------
------------------------------------------
| rollout/                |              |
|    ep_len_mean          | 1.4e+03      |
|    ep_rew_mean          | 82.6         |
| time/                   |              |
|    fps                  | 1470         |
|    iterations           | 61           |
|    time_elapsed         | 84           |
|    total_timesteps      | 944128       |
| train/                  |              |
|    approx_kl            | 0.0043240497 |
|    clip_fraction        | 0.0824       |
|    clip_range           | 0.2          |
|    entropy_loss         | -2.31        |
|    explained_variance   | 0.373        |
|    learning_rate        | 0.0003       |
|    loss                 | 106          |
|    n_updates            | 2300         |
|    policy_gradient_loss | 0.000421     |
|    std                  | 0.767        |
|    value_loss           | 90.3         |
------------------------------------------
------------------------------------------
| rollout/                |              |
|    ep_len_mean          | 1.39e+03     |
|    ep_rew_mean          | 84           |
| time/                   |              |
|    fps                  | 1472         |
|    iterations           | 62           |
|    time_elapsed         | 86           |
|    total_timesteps      | 946176       |
| train/                  |              |
|    approx_kl            | 0.0076945396 |
|    clip_fraction        | 0.0999       |
|    clip_range           | 0.2          |
|    entropy_loss         | -2.31        |
|    explained_variance   | 0.609        |
|    learning_rate        | 0.0003       |
|    loss                 | 7.25         |
|    n_updates            | 2305         |
|    policy_gradient_loss | -0.0017      |
|    std                  | 0.767        |
|    value_loss           | 35.5         |
------------------------------------------
-----------------------------------------
| rollout/                |             |
|    ep_len_mean          | 1.36e+03    |
|    ep_rew_mean          | 86.7        |
| time/                   |             |
|    fps                  | 1475        |
|    iterations           | 63          |
|    time_elapsed         | 87          |
|    total_timesteps      | 948224      |
| train/                  |             |
|    approx_kl            | 0.048525892 |
|    clip_fraction        | 0.185       |
|    clip_range           | 0.2         |
|    entropy_loss         | -2.31       |
|    explained_variance   | 0.619       |
|    learning_rate        | 0.0003      |
|    loss                 | 3.07        |
|    n_updates            | 2310        |
|    policy_gradient_loss | 0.011       |
|    std                  | 0.767       |
|    value_loss           | 39.4        |
-----------------------------------------
-----------------------------------------
| rollout/                |             |
|    ep_len_mean          | 1.36e+03    |
|    ep_rew_mean          | 86.6        |
| time/                   |             |
|    fps                  | 1475        |
|    iterations           | 64          |
|    time_elapsed         | 88          |
|    total_timesteps      | 950272      |
| train/                  |             |
|    approx_kl            | 0.023672037 |
|    clip_fraction        | 0.268       |
|    clip_range           | 0.2         |
|    entropy_loss         | -2.31       |
|    explained_variance   | 0.298       |
|    learning_rate        | 0.0003      |
|    loss                 | 18.6        |
|    n_updates            | 2315        |
|    policy_gradient_loss | 0.0109      |
|    std                  | 0.766       |
|    value_loss           | 97.2        |
-----------------------------------------
------------------------------------------
| rollout/                |              |
|    ep_len_mean          | 1.33e+03     |
|    ep_rew_mean          | 87.3         |
| time/                   |              |
|    fps                  | 1477         |
|    iterations           | 65           |
|    time_elapsed         | 90           |
|    total_timesteps      | 952320       |
| train/                  |              |
|    approx_kl            | 0.0048807357 |
|    clip_fraction        | 0.0771       |
|    clip_range           | 0.2          |
|    entropy_loss         | -2.3         |
|    explained_variance   | 0.563        |
|    learning_rate        | 0.0003       |
|    loss                 | 10.8         |
|    n_updates            | 2320         |
|    policy_gradient_loss | -0.00444     |
|    std                  | 0.766        |
|    value_loss           | 38.3         |
------------------------------------------
------------------------------------------
| rollout/                |              |
|    ep_len_mean          | 1.33e+03     |
|    ep_rew_mean          | 87.3         |
| time/                   |              |
|    fps                  | 1475         |
|    iterations           | 66           |
|    time_elapsed         | 91           |
|    total_timesteps      | 954368       |
| train/                  |              |
|    approx_kl            | 0.0112952115 |
|    clip_fraction        | 0.149        |
|    clip_range           | 0.2          |
|    entropy_loss         | -2.3         |
|    explained_variance   | 0.509        |
|    learning_rate        | 0.0003       |
|    loss                 | 102          |
|    n_updates            | 2325         |
|    policy_gradient_loss | 0.00161      |
|    std                  | 0.766        |
|    value_loss           | 82.7         |
------------------------------------------
------------------------------------------
| rollout/                |              |
|    ep_len_mean          | 1.33e+03     |
|    ep_rew_mean          | 87.4         |
| time/                   |              |
|    fps                  | 1477         |
|    iterations           | 67           |
|    time_elapsed         | 92           |
|    total_timesteps      | 956416       |
| train/                  |              |
|    approx_kl            | 0.0051595215 |
|    clip_fraction        | 0.0203       |
|    clip_range           | 0.2          |
|    entropy_loss         | -2.3         |
|    explained_variance   | 0.689        |
|    learning_rate        | 0.0003       |
|    loss                 | 2.16         |
|    n_updates            | 2330         |
|    policy_gradient_loss | -0.00152     |
|    std                  | 0.766        |
|    value_loss           | 29.3         |
------------------------------------------
-----------------------------------------
| rollout/                |             |
|    ep_len_mean          | 1.31e+03    |
|    ep_rew_mean          | 88.5        |
| time/                   |             |
|    fps                  | 1478        |
|    iterations           | 68          |
|    time_elapsed         | 94          |
|    total_timesteps      | 958464      |
| train/                  |             |
|    approx_kl            | 0.006552664 |
|    clip_fraction        | 0.0685      |
|    clip_range           | 0.2         |
|    entropy_loss         | -2.3        |
|    explained_variance   | 0.702       |
|    learning_rate        | 0.0003      |
|    loss                 | 0.0718      |
|    n_updates            | 2335        |
|    policy_gradient_loss | -0.00412    |
|    std                  | 0.765       |
|    value_loss           | 47.4        |
-----------------------------------------
-----------------------------------------
| rollout/                |             |
|    ep_len_mean          | 1.31e+03    |
|    ep_rew_mean          | 88.2        |
| time/                   |             |
|    fps                  | 1478        |
|    iterations           | 69          |
|    time_elapsed         | 95          |
|    total_timesteps      | 960512      |
| train/                  |             |
|    approx_kl            | 0.008266878 |
|    clip_fraction        | 0.0686      |
|    clip_range           | 0.2         |
|    entropy_loss         | -2.3        |
|    explained_variance   | 0.605       |
|    learning_rate        | 0.0003      |
|    loss                 | 0.92        |
|    n_updates            | 2340        |
|    policy_gradient_loss | -0.00138    |
|    std                  | 0.765       |
|    value_loss           | 58.2        |
-----------------------------------------
------------------------------------------
| rollout/                |              |
|    ep_len_mean          | 1.3e+03      |
|    ep_rew_mean          | 89.7         |
| time/                   |              |
|    fps                  | 1479         |
|    iterations           | 70           |
|    time_elapsed         | 96           |
|    total_timesteps      | 962560       |
| train/                  |              |
|    approx_kl            | 0.0050395215 |
|    clip_fraction        | 0.025        |
|    clip_range           | 0.2          |
|    entropy_loss         | -2.3         |
|    explained_variance   | 0.585        |
|    learning_rate        | 0.0003       |
|    loss                 | 4.3          |
|    n_updates            | 2345         |
|    policy_gradient_loss | -0.0027      |
|    std                  | 0.765        |
|    value_loss           | 33.6         |
------------------------------------------
------------------------------------------
| rollout/                |              |
|    ep_len_mean          | 1.27e+03     |
|    ep_rew_mean          | 90.3         |
| time/                   |              |
|    fps                  | 1480         |
|    iterations           | 71           |
|    time_elapsed         | 98           |
|    total_timesteps      | 964608       |
| train/                  |              |
|    approx_kl            | 0.0062878206 |
|    clip_fraction        | 0.0847       |
|    clip_range           | 0.2          |
|    entropy_loss         | -2.3         |
|    explained_variance   | 0.582        |
|    learning_rate        | 0.0003       |
|    loss                 | 1.65         |
|    n_updates            | 2350         |
|    policy_gradient_loss | -0.00574     |
|    std                  | 0.765        |
|    value_loss           | 41.9         |
------------------------------------------
-----------------------------------------
| rollout/                |             |
|    ep_len_mean          | 1.27e+03    |
|    ep_rew_mean          | 90.3        |
| time/                   |             |
|    fps                  | 1481        |
|    iterations           | 72          |
|    time_elapsed         | 99          |
|    total_timesteps      | 966656      |
| train/                  |             |
|    approx_kl            | 0.006159659 |
|    clip_fraction        | 0.117       |
|    clip_range           | 0.2         |
|    entropy_loss         | -2.3        |
|    explained_variance   | 0.701       |
|    learning_rate        | 0.0003      |
|    loss                 | 99.7        |
|    n_updates            | 2355        |
|    policy_gradient_loss | 0.000705    |
|    std                  | 0.764       |
|    value_loss           | 70.1        |
-----------------------------------------
----------------------------------------
| rollout/                |            |
|    ep_len_mean          | 1.27e+03   |
|    ep_rew_mean          | 90.4       |
| time/                   |            |
|    fps                  | 1483       |
|    iterations           | 73         |
|    time_elapsed         | 100        |
|    total_timesteps      | 968704     |
| train/                  |            |
|    approx_kl            | 0.00979838 |
|    clip_fraction        | 0.12       |
|    clip_range           | 0.2        |
|    entropy_loss         | -2.3       |
|    explained_variance   | 0.969      |
|    learning_rate        | 0.0003     |
|    loss                 | 1.03       |
|    n_updates            | 2360       |
|    policy_gradient_loss | -0.00576   |
|    std                  | 0.765      |
|    value_loss           | 2.86       |
----------------------------------------
-----------------------------------------
| rollout/                |             |
|    ep_len_mean          | 1.28e+03    |
|    ep_rew_mean          | 89          |
| time/                   |             |
|    fps                  | 1482        |
|    iterations           | 74          |
|    time_elapsed         | 102         |
|    total_timesteps      | 970752      |
| train/                  |             |
|    approx_kl            | 0.003304211 |
|    clip_fraction        | 0.0165      |
|    clip_range           | 0.2         |
|    entropy_loss         | -2.3        |
|    explained_variance   | 0.514       |
|    learning_rate        | 0.0003      |
|    loss                 | 4.02        |
|    n_updates            | 2365        |
|    policy_gradient_loss | -0.000948   |
|    std                  | 0.765       |
|    value_loss           | 58.9        |
-----------------------------------------
------------------------------------------
| rollout/                |              |
|    ep_len_mean          | 1.28e+03     |
|    ep_rew_mean          | 88.9         |
| time/                   |              |
|    fps                  | 1481         |
|    iterations           | 75           |
|    time_elapsed         | 103          |
|    total_timesteps      | 972800       |
| train/                  |              |
|    approx_kl            | 0.0043397686 |
|    clip_fraction        | 0.0228       |
|    clip_range           | 0.2          |
|    entropy_loss         | -2.3         |
|    explained_variance   | 0.538        |
|    learning_rate        | 0.0003       |
|    loss                 | 2.7          |
|    n_updates            | 2370         |
|    policy_gradient_loss | -0.00236     |
|    std                  | 0.764        |
|    value_loss           | 35.5         |
------------------------------------------
------------------------------------------
| rollout/                |              |
|    ep_len_mean          | 1.28e+03     |
|    ep_rew_mean          | 88.9         |
| time/                   |              |
|    fps                  | 1480         |
|    iterations           | 76           |
|    time_elapsed         | 105          |
|    total_timesteps      | 974848       |
| train/                  |              |
|    approx_kl            | 0.0019635975 |
|    clip_fraction        | 0.0231       |
|    clip_range           | 0.2          |
|    entropy_loss         | -2.3         |
|    explained_variance   | 0.733        |
|    learning_rate        | 0.0003       |
|    loss                 | 2.95         |
|    n_updates            | 2375         |
|    policy_gradient_loss | -0.00239     |
|    std                  | 0.762        |
|    value_loss           | 30.2         |
------------------------------------------
-----------------------------------------
| rollout/                |             |
|    ep_len_mean          | 1.29e+03    |
|    ep_rew_mean          | 89          |
| time/                   |             |
|    fps                  | 1479        |
|    iterations           | 77          |
|    time_elapsed         | 106         |
|    total_timesteps      | 976896      |
| train/                  |             |
|    approx_kl            | 0.015421741 |
|    clip_fraction        | 0.166       |
|    clip_range           | 0.2         |
|    entropy_loss         | -2.29       |
|    explained_variance   | 0.614       |
|    learning_rate        | 0.0003      |
|    loss                 | 1.3         |
|    n_updates            | 2380        |
|    policy_gradient_loss | 0.00658     |
|    std                  | 0.762       |
|    value_loss           | 42.1        |
-----------------------------------------
-----------------------------------------
| rollout/                |             |
|    ep_len_mean          | 1.28e+03    |
|    ep_rew_mean          | 89.2        |
| time/                   |             |
|    fps                  | 1479        |
|    iterations           | 78          |
|    time_elapsed         | 107         |
|    total_timesteps      | 978944      |
| train/                  |             |
|    approx_kl            | 0.014130846 |
|    clip_fraction        | 0.174       |
|    clip_range           | 0.2         |
|    entropy_loss         | -2.29       |
|    explained_variance   | 0.317       |
|    learning_rate        | 0.0003      |
|    loss                 | 0.349       |
|    n_updates            | 2385        |
|    policy_gradient_loss | 0.00471     |
|    std                  | 0.762       |
|    value_loss           | 34.9        |
-----------------------------------------
------------------------------------------
| rollout/                |              |
|    ep_len_mean          | 1.28e+03     |
|    ep_rew_mean          | 89.2         |
| time/                   |              |
|    fps                  | 1481         |
|    iterations           | 79           |
|    time_elapsed         | 109          |
|    total_timesteps      | 980992       |
| train/                  |              |
|    approx_kl            | 0.0068384185 |
|    clip_fraction        | 0.0528       |
|    clip_range           | 0.2          |
|    entropy_loss         | -2.29        |
|    explained_variance   | 0.786        |
|    learning_rate        | 0.0003       |
|    loss                 | 2.66         |
|    n_updates            | 2390         |
|    policy_gradient_loss | -0.001       |
|    std                  | 0.76         |
|    value_loss           | 15.4         |
------------------------------------------
------------------------------------------
| rollout/                |              |
|    ep_len_mean          | 1.28e+03     |
|    ep_rew_mean          | 89.3         |
| time/                   |              |
|    fps                  | 1481         |
|    iterations           | 80           |
|    time_elapsed         | 110          |
|    total_timesteps      | 983040       |
| train/                  |              |
|    approx_kl            | 0.0076185395 |
|    clip_fraction        | 0.026        |
|    clip_range           | 0.2          |
|    entropy_loss         | -2.29        |
|    explained_variance   | 0.717        |
|    learning_rate        | 0.0003       |
|    loss                 | 8.25         |
|    n_updates            | 2395         |
|    policy_gradient_loss | -0.000468    |
|    std                  | 0.759        |
|    value_loss           | 60.8         |
------------------------------------------
----------------------------------------
| rollout/                |            |
|    ep_len_mean          | 1.28e+03   |
|    ep_rew_mean          | 88.2       |
| time/                   |            |
|    fps                  | 1480       |
|    iterations           | 81         |
|    time_elapsed         | 112        |
|    total_timesteps      | 985088     |
| train/                  |            |
|    approx_kl            | 0.00882245 |
|    clip_fraction        | 0.123      |
|    clip_range           | 0.2        |
|    entropy_loss         | -2.28      |
|    explained_variance   | 0.579      |
|    learning_rate        | 0.0003     |
|    loss                 | 0.133      |
|    n_updates            | 2400       |
|    policy_gradient_loss | -0.0017    |
|    std                  | 0.757      |
|    value_loss           | 31.7       |
----------------------------------------
------------------------------------------
| rollout/                |              |
|    ep_len_mean          | 1.29e+03     |
|    ep_rew_mean          | 86.5         |
| time/                   |              |
|    fps                  | 1479         |
|    iterations           | 82           |
|    time_elapsed         | 113          |
|    total_timesteps      | 987136       |
| train/                  |              |
|    approx_kl            | 0.0037969188 |
|    clip_fraction        | 0.0261       |
|    clip_range           | 0.2          |
|    entropy_loss         | -2.28        |
|    explained_variance   | 0.502        |
|    learning_rate        | 0.0003       |
|    loss                 | 1.74         |
|    n_updates            | 2405         |
|    policy_gradient_loss | -0.000389    |
|    std                  | 0.756        |
|    value_loss           | 8.97         |
------------------------------------------
------------------------------------------
| rollout/                |              |
|    ep_len_mean          | 1.29e+03     |
|    ep_rew_mean          | 86.5         |
| time/                   |              |
|    fps                  | 1479         |
|    iterations           | 83           |
|    time_elapsed         | 114          |
|    total_timesteps      | 989184       |
| train/                  |              |
|    approx_kl            | 0.0014559621 |
|    clip_fraction        | 0.0209       |
|    clip_range           | 0.2          |
|    entropy_loss         | -2.28        |
|    explained_variance   | 0.57         |
|    learning_rate        | 0.0003       |
|    loss                 | 13.2         |
|    n_updates            | 2410         |
|    policy_gradient_loss | -0.00153     |
|    std                  | 0.756        |
|    value_loss           | 36           |
------------------------------------------
------------------------------------------
| rollout/                |              |
|    ep_len_mean          | 1.32e+03     |
|    ep_rew_mean          | 83.8         |
| time/                   |              |
|    fps                  | 1481         |
|    iterations           | 84           |
|    time_elapsed         | 116          |
|    total_timesteps      | 991232       |
| train/                  |              |
|    approx_kl            | 0.0034115538 |
|    clip_fraction        | 0.038        |
|    clip_range           | 0.2          |
|    entropy_loss         | -2.28        |
|    explained_variance   | 0.653        |
|    learning_rate        | 0.0003       |
|    loss                 | 1.1          |
|    n_updates            | 2415         |
|    policy_gradient_loss | -0.0016      |
|    std                  | 0.757        |
|    value_loss           | 24.9         |
------------------------------------------
------------------------------------------
| rollout/                |              |
|    ep_len_mean          | 1.32e+03     |
|    ep_rew_mean          | 83.8         |
| time/                   |              |
|    fps                  | 1481         |
|    iterations           | 85           |
|    time_elapsed         | 117          |
|    total_timesteps      | 993280       |
| train/                  |              |
|    approx_kl            | 0.0030435775 |
|    clip_fraction        | 0.016        |
|    clip_range           | 0.2          |
|    entropy_loss         | -2.28        |
|    explained_variance   | 0.835        |
|    learning_rate        | 0.0003       |
|    loss                 | 1.08         |
|    n_updates            | 2420         |
|    policy_gradient_loss | -0.00127     |
|    std                  | 0.756        |
|    value_loss           | 15.2         |
------------------------------------------
-----------------------------------------
| rollout/                |             |
|    ep_len_mean          | 1.32e+03    |
|    ep_rew_mean          | 83.7        |
| time/                   |             |
|    fps                  | 1481        |
|    iterations           | 86          |
|    time_elapsed         | 118         |
|    total_timesteps      | 995328      |
| train/                  |             |
|    approx_kl            | 0.013683291 |
|    clip_fraction        | 0.273       |
|    clip_range           | 0.2         |
|    entropy_loss         | -2.28       |
|    explained_variance   | 0.591       |
|    learning_rate        | 0.0003      |
|    loss                 | 2.77        |
|    n_updates            | 2425        |
|    policy_gradient_loss | 0.00499     |
|    std                  | 0.755       |
|    value_loss           | 11.2        |
-----------------------------------------
-----------------------------------------
| rollout/                |             |
|    ep_len_mean          | 1.32e+03    |
|    ep_rew_mean          | 83.7        |
| time/                   |             |
|    fps                  | 1480        |
|    iterations           | 87          |
|    time_elapsed         | 120         |
|    total_timesteps      | 997376      |
| train/                  |             |
|    approx_kl            | 0.017166551 |
|    clip_fraction        | 0.127       |
|    clip_range           | 0.2         |
|    entropy_loss         | -2.28       |
|    explained_variance   | 0.15        |
|    learning_rate        | 0.0003      |
|    loss                 | 33.1        |
|    n_updates            | 2430        |
|    policy_gradient_loss | 0.000284    |
|    std                  | 0.755       |
|    value_loss           | 81.7        |
-----------------------------------------
-----------------------------------------
| rollout/                |             |
|    ep_len_mean          | 1.29e+03    |
|    ep_rew_mean          | 87.8        |
| time/                   |             |
|    fps                  | 1481        |
|    iterations           | 88          |
|    time_elapsed         | 121         |
|    total_timesteps      | 999424      |
| train/                  |             |
|    approx_kl            | 0.018103523 |
|    clip_fraction        | 0.104       |
|    clip_range           | 0.2         |
|    entropy_loss         | -2.27       |
|    explained_variance   | 0.412       |
|    learning_rate        | 0.0003      |
|    loss                 | 3.48        |
|    n_updates            | 2435        |
|    policy_gradient_loss | 0.00316     |
|    std                  | 0.755       |
|    value_loss           | 4.78        |
-----------------------------------------
------------------------------------------
| rollout/                |              |
|    ep_len_mean          | 1.29e+03     |
|    ep_rew_mean          | 87.8         |
| time/                   |              |
|    fps                  | 1479         |
|    iterations           | 89           |
|    time_elapsed         | 123          |
|    total_timesteps      | 1001472      |
| train/                  |              |
|    approx_kl            | 0.0052088937 |
|    clip_fraction        | 0.11         |
|    clip_range           | 0.2          |
|    entropy_loss         | -2.27        |
|    explained_variance   | 0.0232       |
|    learning_rate        | 0.0003       |
|    loss                 | 4.34         |
|    n_updates            | 2440         |
|    policy_gradient_loss | 0.000678     |
|    std                  | 0.754        |
|    value_loss           | 123          |
------------------------------------------
-----------------------------------------
| rollout/                |             |
|    ep_len_mean          | 1.26e+03    |
|    ep_rew_mean          | 90.5        |
| time/                   |             |
|    fps                  | 1482        |
|    iterations           | 90          |
|    time_elapsed         | 124         |
|    total_timesteps      | 1003520     |
| train/                  |             |
|    approx_kl            | 0.029953156 |
|    clip_fraction        | 0.0785      |
|    clip_range           | 0.2         |
|    entropy_loss         | -2.27       |
|    explained_variance   | 0.647       |
|    learning_rate        | 0.0003      |
|    loss                 | 1.09        |
|    n_updates            | 2445        |
|    policy_gradient_loss | 0.00279     |
|    std                  | 0.754       |
|    value_loss           | 17.4        |
-----------------------------------------
----------------------------------------
| rollout/                |            |
|    ep_len_mean          | 1.26e+03   |
|    ep_rew_mean          | 90.5       |
| time/                   |            |
|    fps                  | 1482       |
|    iterations           | 91         |
|    time_elapsed         | 125        |
|    total_timesteps      | 1005568    |
| train/                  |            |
|    approx_kl            | 0.01382297 |
|    clip_fraction        | 0.102      |
|    clip_range           | 0.2        |
|    entropy_loss         | -2.27      |
|    explained_variance   | 0.349      |
|    learning_rate        | 0.0003     |
|    loss                 | 1.56       |
|    n_updates            | 2450       |
|    policy_gradient_loss | -0.0015    |
|    std                  | 0.755      |
|    value_loss           | 57.3       |
----------------------------------------
-----------------------------------------
| rollout/                |             |
|    ep_len_mean          | 1.27e+03    |
|    ep_rew_mean          | 89.3        |
| time/                   |             |
|    fps                  | 1484        |
|    iterations           | 92          |
|    time_elapsed         | 126         |
|    total_timesteps      | 1007616     |
| train/                  |             |
|    approx_kl            | 0.012471962 |
|    clip_fraction        | 0.224       |
|    clip_range           | 0.2         |
|    entropy_loss         | -2.27       |
|    explained_variance   | 0.768       |
|    learning_rate        | 0.0003      |
|    loss                 | 0.765       |
|    n_updates            | 2455        |
|    policy_gradient_loss | 0.0024      |
|    std                  | 0.755       |
|    value_loss           | 12          |
-----------------------------------------
------------------------------------------
| rollout/                |              |
|    ep_len_mean          | 1.26e+03     |
|    ep_rew_mean          | 91           |
| time/                   |              |
|    fps                  | 1483         |
|    iterations           | 93           |
|    time_elapsed         | 128          |
|    total_timesteps      | 1009664      |
| train/                  |              |
|    approx_kl            | 0.0040602135 |
|    clip_fraction        | 0.0378       |
|    clip_range           | 0.2          |
|    entropy_loss         | -2.27        |
|    explained_variance   | 0.483        |
|    learning_rate        | 0.0003       |
|    loss                 | 2.1          |
|    n_updates            | 2460         |
|    policy_gradient_loss | -0.00174     |
|    std                  | 0.755        |
|    value_loss           | 37.7         |
------------------------------------------
-----------------------------------------
| rollout/                |             |
|    ep_len_mean          | 1.26e+03    |
|    ep_rew_mean          | 91          |
| time/                   |             |
|    fps                  | 1481        |
|    iterations           | 94          |
|    time_elapsed         | 129         |
|    total_timesteps      | 1011712     |
| train/                  |             |
|    approx_kl            | 0.013046815 |
|    clip_fraction        | 0.0563      |
|    clip_range           | 0.2         |
|    entropy_loss         | -2.28       |
|    explained_variance   | 0.428       |
|    learning_rate        | 0.0003      |
|    loss                 | 4.31        |
|    n_updates            | 2465        |
|    policy_gradient_loss | -0.00115    |
|    std                  | 0.755       |
|    value_loss           | 74.7        |
-----------------------------------------
-----------------------------------------
| rollout/                |             |
|    ep_len_mean          | 1.25e+03    |
|    ep_rew_mean          | 90.9        |
| time/                   |             |
|    fps                  | 1482        |
|    iterations           | 95          |
|    time_elapsed         | 131         |
|    total_timesteps      | 1013760     |
| train/                  |             |
|    approx_kl            | 0.007443415 |
|    clip_fraction        | 0.0783      |
|    clip_range           | 0.2         |
|    entropy_loss         | -2.27       |
|    explained_variance   | 0.685       |
|    learning_rate        | 0.0003      |
|    loss                 | 2.8         |
|    n_updates            | 2470        |
|    policy_gradient_loss | -0.00395    |
|    std                  | 0.754       |
|    value_loss           | 7.43        |
-----------------------------------------
------------------------------------------
| rollout/                |              |
|    ep_len_mean          | 1.25e+03     |
|    ep_rew_mean          | 92.1         |
| time/                   |              |
|    fps                  | 1482         |
|    iterations           | 96           |
|    time_elapsed         | 132          |
|    total_timesteps      | 1015808      |
| train/                  |              |
|    approx_kl            | 0.0078091603 |
|    clip_fraction        | 0.0587       |
|    clip_range           | 0.2          |
|    entropy_loss         | -2.27        |
|    explained_variance   | 0.684        |
|    learning_rate        | 0.0003       |
|    loss                 | 0.672        |
|    n_updates            | 2475         |
|    policy_gradient_loss | 0.0022       |
|    std                  | 0.752        |
|    value_loss           | 40           |
------------------------------------------
------------------------------------------
| rollout/                |              |
|    ep_len_mean          | 1.24e+03     |
|    ep_rew_mean          | 92.6         |
| time/                   |              |
|    fps                  | 1481         |
|    iterations           | 97           |
|    time_elapsed         | 134          |
|    total_timesteps      | 1017856      |
| train/                  |              |
|    approx_kl            | 0.0030942191 |
|    clip_fraction        | 0.0233       |
|    clip_range           | 0.2          |
|    entropy_loss         | -2.27        |
|    explained_variance   | 0.705        |
|    learning_rate        | 0.0003       |
|    loss                 | 6.92         |
|    n_updates            | 2480         |
|    policy_gradient_loss | -0.00236     |
|    std                  | 0.751        |
|    value_loss           | 52.4         |
------------------------------------------
-----------------------------------------
| rollout/                |             |
|    ep_len_mean          | 1.24e+03    |
|    ep_rew_mean          | 92.6        |
| time/                   |             |
|    fps                  | 1479        |
|    iterations           | 98          |
|    time_elapsed         | 135         |
|    total_timesteps      | 1019904     |
| train/                  |             |
|    approx_kl            | 0.003598217 |
|    clip_fraction        | 0.0709      |
|    clip_range           | 0.2         |
|    entropy_loss         | -2.27       |
|    explained_variance   | 0.608       |
|    learning_rate        | 0.0003      |
|    loss                 | 0.849       |
|    n_updates            | 2485        |
|    policy_gradient_loss | 0.00145     |
|    std                  | 0.752       |
|    value_loss           | 78          |
-----------------------------------------
------------------------------------------
| rollout/                |              |
|    ep_len_mean          | 1.23e+03     |
|    ep_rew_mean          | 94.1         |
| time/                   |              |
|    fps                  | 1481         |
|    iterations           | 99           |
|    time_elapsed         | 136          |
|    total_timesteps      | 1021952      |
| train/                  |              |
|    approx_kl            | 0.0048987605 |
|    clip_fraction        | 0.0712       |
|    clip_range           | 0.2          |
|    entropy_loss         | -2.27        |
|    explained_variance   | 0.905        |
|    learning_rate        | 0.0003       |
|    loss                 | 3.15         |
|    n_updates            | 2490         |
|    policy_gradient_loss | -0.0014      |
|    std                  | 0.753        |
|    value_loss           | 5.68         |
------------------------------------------
------------------------------------------
| rollout/                |              |
|    ep_len_mean          | 1.23e+03     |
|    ep_rew_mean          | 94.3         |
| time/                   |              |
|    fps                  | 1481         |
|    iterations           | 100          |
|    time_elapsed         | 138          |
|    total_timesteps      | 1024000      |
| train/                  |              |
|    approx_kl            | 0.0056210835 |
|    clip_fraction        | 0.0301       |
|    clip_range           | 0.2          |
|    entropy_loss         | -2.27        |
|    explained_variance   | 0.699        |
|    learning_rate        | 0.0003       |
|    loss                 | 126          |
|    n_updates            | 2495         |
|    policy_gradient_loss | -0.00188     |
|    std                  | 0.752        |
|    value_loss           | 38.6         |
------------------------------------------

CP5 held-out: 44/50 hits (88.0%), mean miss 3.8 m, mean reward 114.35
STOP CONDITION: no joint improvement -- review gate before continuing.

==== babysit CP6 2026-09-14 18:39:08 ====
CP6: evasive lineage | max_time=45s t_go_max=10s | tracking=True | obs=12-D | miss_tanh_scale=3000m shaping_gamma=1 effort_weight=5 -> out=/Users/vincenzo/Desktop/Projects/Physics Sim Project/missile_guidance_sim/outputs/evasive_zemtgo10_seed5
---------------------------------
| rollout/           |          |
|    ep_len_mean     | 1.23e+03 |
|    ep_rew_mean     | 94.3     |
| time/              |          |
|    fps             | 4511     |
|    iterations      | 1        |
|    time_elapsed    | 0        |
|    total_timesteps | 1026048  |
---------------------------------
-----------------------------------------
| rollout/                |             |
|    ep_len_mean          | 1.21e+03    |
|    ep_rew_mean          | 95.8        |
| time/                   |             |
|    fps                  | 1706        |
|    iterations           | 2           |
|    time_elapsed         | 2           |
|    total_timesteps      | 1028096     |
| train/                  |             |
|    approx_kl            | 0.008466512 |
|    clip_fraction        | 0.107       |
|    clip_range           | 0.2         |
|    entropy_loss         | -2.26       |
|    explained_variance   | 0.695       |
|    learning_rate        | 0.0003      |
|    loss                 | 2.41        |
|    n_updates            | 2505        |
|    policy_gradient_loss | -0.00321    |
|    std                  | 0.749       |
|    value_loss           | 4.24        |
-----------------------------------------
-----------------------------------------
| rollout/                |             |
|    ep_len_mean          | 1.21e+03    |
|    ep_rew_mean          | 95.8        |
| time/                   |             |
|    fps                  | 1612        |
|    iterations           | 3           |
|    time_elapsed         | 3           |
|    total_timesteps      | 1030144     |
| train/                  |             |
|    approx_kl            | 0.018149186 |
|    clip_fraction        | 0.11        |
|    clip_range           | 0.2         |
|    entropy_loss         | -2.26       |
|    explained_variance   | 0.551       |
|    learning_rate        | 0.0003      |
|    loss                 | 122         |
|    n_updates            | 2510        |
|    policy_gradient_loss | 0.00501     |
|    std                  | 0.747       |
|    value_loss           | 77.5        |
-----------------------------------------
-----------------------------------------
| rollout/                |             |
|    ep_len_mean          | 1.21e+03    |
|    ep_rew_mean          | 96.7        |
| time/                   |             |
|    fps                  | 1572        |
|    iterations           | 4           |
|    time_elapsed         | 5           |
|    total_timesteps      | 1032192     |
| train/                  |             |
|    approx_kl            | 0.004230854 |
|    clip_fraction        | 0.0352      |
|    clip_range           | 0.2         |
|    entropy_loss         | -2.25       |
|    explained_variance   | 0.761       |
|    learning_rate        | 0.0003      |
|    loss                 | 2.51        |
|    n_updates            | 2515        |
|    policy_gradient_loss | -0.000989   |
|    std                  | 0.747       |
|    value_loss           | 33.2        |
-----------------------------------------
------------------------------------------
| rollout/                |              |
|    ep_len_mean          | 1.23e+03     |
|    ep_rew_mean          | 95.1         |
| time/                   |              |
|    fps                  | 1564         |
|    iterations           | 5            |
|    time_elapsed         | 6            |
|    total_timesteps      | 1034240      |
| train/                  |              |
|    approx_kl            | 0.0062518604 |
|    clip_fraction        | 0.0689       |
|    clip_range           | 0.2          |
|    entropy_loss         | -2.25        |
|    explained_variance   | 0.537        |
|    learning_rate        | 0.0003       |
|    loss                 | 0.909        |
|    n_updates            | 2520         |
|    policy_gradient_loss | -0.00242     |
|    std                  | 0.746        |
|    value_loss           | 31.3         |
------------------------------------------
-----------------------------------------
| rollout/                |             |
|    ep_len_mean          | 1.23e+03    |
|    ep_rew_mean          | 95.2        |
| time/                   |             |
|    fps                  | 1508        |
|    iterations           | 6           |
|    time_elapsed         | 8           |
|    total_timesteps      | 1036288     |
| train/                  |             |
|    approx_kl            | 0.017361704 |
|    clip_fraction        | 0.121       |
|    clip_range           | 0.2         |
|    entropy_loss         | -2.25       |
|    explained_variance   | 0.555       |
|    learning_rate        | 0.0003      |
|    loss                 | 2.43        |
|    n_updates            | 2525        |
|    policy_gradient_loss | -0.00373    |
|    std                  | 0.746       |
|    value_loss           | 58.1        |
-----------------------------------------
------------------------------------------
| rollout/                |              |
|    ep_len_mean          | 1.22e+03     |
|    ep_rew_mean          | 95.2         |
| time/                   |              |
|    fps                  | 1486         |
|    iterations           | 7            |
|    time_elapsed         | 9            |
|    total_timesteps      | 1038336      |
| train/                  |              |
|    approx_kl            | 0.0047795344 |
|    clip_fraction        | 0.0529       |
|    clip_range           | 0.2          |
|    entropy_loss         | -2.25        |
|    explained_variance   | 0.538        |
|    learning_rate        | 0.0003       |
|    loss                 | 1.03         |
|    n_updates            | 2530         |
|    policy_gradient_loss | -0.00119     |
|    std                  | 0.746        |
|    value_loss           | 70.1         |
------------------------------------------
-----------------------------------------
| rollout/                |             |
|    ep_len_mean          | 1.21e+03    |
|    ep_rew_mean          | 96.6        |
| time/                   |             |
|    fps                  | 1471        |
|    iterations           | 8           |
|    time_elapsed         | 11          |
|    total_timesteps      | 1040384     |
| train/                  |             |
|    approx_kl            | 0.005640887 |
|    clip_fraction        | 0.0618      |
|    clip_range           | 0.2         |
|    entropy_loss         | -2.25       |
|    explained_variance   | 0.587       |
|    learning_rate        | 0.0003      |
|    loss                 | 0.524       |
|    n_updates            | 2535        |
|    policy_gradient_loss | -0.00234    |
|    std                  | 0.745       |
|    value_loss           | 34.5        |
-----------------------------------------
-----------------------------------------
| rollout/                |             |
|    ep_len_mean          | 1.2e+03     |
|    ep_rew_mean          | 97.9        |
| time/                   |             |
|    fps                  | 1461        |
|    iterations           | 9           |
|    time_elapsed         | 12          |
|    total_timesteps      | 1042432     |
| train/                  |             |
|    approx_kl            | 0.011807535 |
|    clip_fraction        | 0.099       |
|    clip_range           | 0.2         |
|    entropy_loss         | -2.25       |
|    explained_variance   | 0.657       |
|    learning_rate        | 0.0003      |
|    loss                 | 3.34        |
|    n_updates            | 2540        |
|    policy_gradient_loss | 0.000913    |
|    std                  | 0.745       |
|    value_loss           | 68.5        |
-----------------------------------------
------------------------------------------
| rollout/                |              |
|    ep_len_mean          | 1.2e+03      |
|    ep_rew_mean          | 97.9         |
| time/                   |              |
|    fps                  | 1460         |
|    iterations           | 10           |
|    time_elapsed         | 14           |
|    total_timesteps      | 1044480      |
| train/                  |              |
|    approx_kl            | 0.0061112987 |
|    clip_fraction        | 0.0991       |
|    clip_range           | 0.2          |
|    entropy_loss         | -2.25        |
|    explained_variance   | 0.727        |
|    learning_rate        | 0.0003       |
|    loss                 | 31.6         |
|    n_updates            | 2545         |
|    policy_gradient_loss | -0.00104     |
|    std                  | 0.746        |
|    value_loss           | 46.8         |
------------------------------------------
-----------------------------------------
| rollout/                |             |
|    ep_len_mean          | 1.2e+03     |
|    ep_rew_mean          | 97.9        |
| time/                   |             |
|    fps                  | 1472        |
|    iterations           | 11          |
|    time_elapsed         | 15          |
|    total_timesteps      | 1046528     |
| train/                  |             |
|    approx_kl            | 0.015932532 |
|    clip_fraction        | 0.0696      |
|    clip_range           | 0.2         |
|    entropy_loss         | -2.25       |
|    explained_variance   | 0.655       |
|    learning_rate        | 0.0003      |
|    loss                 | 0.336       |
|    n_updates            | 2550        |
|    policy_gradient_loss | 0.00101     |
|    std                  | 0.748       |
|    value_loss           | 22.9        |
-----------------------------------------
-----------------------------------------
| rollout/                |             |
|    ep_len_mean          | 1.2e+03     |
|    ep_rew_mean          | 97.9        |
| time/                   |             |
|    fps                  | 1466        |
|    iterations           | 12          |
|    time_elapsed         | 16          |
|    total_timesteps      | 1048576     |
| train/                  |             |
|    approx_kl            | 0.013236353 |
|    clip_fraction        | 0.151       |
|    clip_range           | 0.2         |
|    entropy_loss         | -2.26       |
|    explained_variance   | 0.632       |
|    learning_rate        | 0.0003      |
|    loss                 | 2.05        |
|    n_updates            | 2555        |
|    policy_gradient_loss | 0.00135     |
|    std                  | 0.748       |
|    value_loss           | 51.3        |
-----------------------------------------
-----------------------------------------
| rollout/                |             |
|    ep_len_mean          | 1.19e+03    |
|    ep_rew_mean          | 99.3        |
| time/                   |             |
|    fps                  | 1470        |
|    iterations           | 13          |
|    time_elapsed         | 18          |
|    total_timesteps      | 1050624     |
| train/                  |             |
|    approx_kl            | 0.008180964 |
|    clip_fraction        | 0.0906      |
|    clip_range           | 0.2         |
|    entropy_loss         | -2.26       |
|    explained_variance   | 0.627       |
|    learning_rate        | 0.0003      |
|    loss                 | 1.86        |
|    n_updates            | 2560        |
|    policy_gradient_loss | -0.00495    |
|    std                  | 0.748       |
|    value_loss           | 36.9        |
-----------------------------------------
-----------------------------------------
| rollout/                |             |
|    ep_len_mean          | 1.21e+03    |
|    ep_rew_mean          | 98.1        |
| time/                   |             |
|    fps                  | 1473        |
|    iterations           | 14          |
|    time_elapsed         | 19          |
|    total_timesteps      | 1052672     |
| train/                  |             |
|    approx_kl            | 0.008443661 |
|    clip_fraction        | 0.0687      |
|    clip_range           | 0.2         |
|    entropy_loss         | -2.26       |
|    explained_variance   | 0.807       |
|    learning_rate        | 0.0003      |
|    loss                 | 45.2        |
|    n_updates            | 2565        |
|    policy_gradient_loss | -0.00455    |
|    std                  | 0.748       |
|    value_loss           | 46.2        |
-----------------------------------------
-----------------------------------------
| rollout/                |             |
|    ep_len_mean          | 1.2e+03     |
|    ep_rew_mean          | 98.1        |
| time/                   |             |
|    fps                  | 1469        |
|    iterations           | 15          |
|    time_elapsed         | 20          |
|    total_timesteps      | 1054720     |
| train/                  |             |
|    approx_kl            | 0.005381733 |
|    clip_fraction        | 0.165       |
|    clip_range           | 0.2         |
|    entropy_loss         | -2.25       |
|    explained_variance   | 0.742       |
|    learning_rate        | 0.0003      |
|    loss                 | 9.44        |
|    n_updates            | 2570        |
|    policy_gradient_loss | 0.00722     |
|    std                  | 0.747       |
|    value_loss           | 39.6        |
-----------------------------------------
-----------------------------------------
| rollout/                |             |
|    ep_len_mean          | 1.2e+03     |
|    ep_rew_mean          | 98          |
| time/                   |             |
|    fps                  | 1472        |
|    iterations           | 16          |
|    time_elapsed         | 22          |
|    total_timesteps      | 1056768     |
| train/                  |             |
|    approx_kl            | 0.010854978 |
|    clip_fraction        | 0.114       |
|    clip_range           | 0.2         |
|    entropy_loss         | -2.25       |
|    explained_variance   | 0.762       |
|    learning_rate        | 0.0003      |
|    loss                 | 1.21        |
|    n_updates            | 2575        |
|    policy_gradient_loss | 0.00273     |
|    std                  | 0.747       |
|    value_loss           | 50.7        |
-----------------------------------------
-----------------------------------------
| rollout/                |             |
|    ep_len_mean          | 1.2e+03     |
|    ep_rew_mean          | 98          |
| time/                   |             |
|    fps                  | 1473        |
|    iterations           | 17          |
|    time_elapsed         | 23          |
|    total_timesteps      | 1058816     |
| train/                  |             |
|    approx_kl            | 0.018106587 |
|    clip_fraction        | 0.0938      |
|    clip_range           | 0.2         |
|    entropy_loss         | -2.25       |
|    explained_variance   | 0.69        |
|    learning_rate        | 0.0003      |
|    loss                 | 88.6        |
|    n_updates            | 2580        |
|    policy_gradient_loss | 0.00262     |
|    std                  | 0.748       |
|    value_loss           | 31.7        |
-----------------------------------------
-----------------------------------------
| rollout/                |             |
|    ep_len_mean          | 1.22e+03    |
|    ep_rew_mean          | 96.6        |
| time/                   |             |
|    fps                  | 1484        |
|    iterations           | 18          |
|    time_elapsed         | 24          |
|    total_timesteps      | 1060864     |
| train/                  |             |
|    approx_kl            | 0.004427953 |
|    clip_fraction        | 0.0867      |
|    clip_range           | 0.2         |
|    entropy_loss         | -2.25       |
|    explained_variance   | 0.812       |
|    learning_rate        | 0.0003      |
|    loss                 | 7.41        |
|    n_updates            | 2585        |
|    policy_gradient_loss | 0.000803    |
|    std                  | 0.746       |
|    value_loss           | 22.8        |
-----------------------------------------
------------------------------------------
| rollout/                |              |
|    ep_len_mean          | 1.22e+03     |
|    ep_rew_mean          | 96.6         |
| time/                   |              |
|    fps                  | 1483         |
|    iterations           | 19           |
|    time_elapsed         | 26           |
|    total_timesteps      | 1062912      |
| train/                  |              |
|    approx_kl            | 0.0042603742 |
|    clip_fraction        | 0.0151       |
|    clip_range           | 0.2          |
|    entropy_loss         | -2.25        |
|    explained_variance   | 0.619        |
|    learning_rate        | 0.0003       |
|    loss                 | 1.14         |
|    n_updates            | 2590         |
|    policy_gradient_loss | -0.00141     |
|    std                  | 0.746        |
|    value_loss           | 55.1         |
------------------------------------------
----------------------------------------
| rollout/                |            |
|    ep_len_mean          | 1.26e+03   |
|    ep_rew_mean          | 93.8       |
| time/                   |            |
|    fps                  | 1490       |
|    iterations           | 20         |
|    time_elapsed         | 27         |
|    total_timesteps      | 1064960    |
| train/                  |            |
|    approx_kl            | 0.00326041 |
|    clip_fraction        | 0.0315     |
|    clip_range           | 0.2        |
|    entropy_loss         | -2.25      |
|    explained_variance   | 0.967      |
|    learning_rate        | 0.0003     |
|    loss                 | 1.01       |
|    n_updates            | 2595       |
|    policy_gradient_loss | -0.00208   |
|    std                  | 0.746      |
|    value_loss           | 4.28       |
----------------------------------------
-----------------------------------------
| rollout/                |             |
|    ep_len_mean          | 1.26e+03    |
|    ep_rew_mean          | 93.8        |
| time/                   |             |
|    fps                  | 1483        |
|    iterations           | 21          |
|    time_elapsed         | 28          |
|    total_timesteps      | 1067008     |
| train/                  |             |
|    approx_kl            | 0.016180884 |
|    clip_fraction        | 0.141       |
|    clip_range           | 0.2         |
|    entropy_loss         | -2.25       |
|    explained_variance   | 0.603       |
|    learning_rate        | 0.0003      |
|    loss                 | 2.39        |
|    n_updates            | 2600        |
|    policy_gradient_loss | 0.00582     |
|    std                  | 0.745       |
|    value_loss           | 52.1        |
-----------------------------------------
-----------------------------------------
| rollout/                |             |
|    ep_len_mean          | 1.26e+03    |
|    ep_rew_mean          | 92.6        |
| time/                   |             |
|    fps                  | 1487        |
|    iterations           | 22          |
|    time_elapsed         | 30          |
|    total_timesteps      | 1069056     |
| train/                  |             |
|    approx_kl            | 0.030742679 |
|    clip_fraction        | 0.206       |
|    clip_range           | 0.2         |
|    entropy_loss         | -2.25       |
|    explained_variance   | 0.908       |
|    learning_rate        | 0.0003      |
|    loss                 | 2.4         |
|    n_updates            | 2605        |
|    policy_gradient_loss | 0.00753     |
|    std                  | 0.743       |
|    value_loss           | 2.37        |
-----------------------------------------
------------------------------------------
| rollout/                |              |
|    ep_len_mean          | 1.26e+03     |
|    ep_rew_mean          | 92.8         |
| time/                   |              |
|    fps                  | 1486         |
|    iterations           | 23           |
|    time_elapsed         | 31           |
|    total_timesteps      | 1071104      |
| train/                  |              |
|    approx_kl            | 0.0032030735 |
|    clip_fraction        | 0.0902       |
|    clip_range           | 0.2          |
|    entropy_loss         | -2.24        |
|    explained_variance   | 0.48         |
|    learning_rate        | 0.0003       |
|    loss                 | 5.46         |
|    n_updates            | 2610         |
|    policy_gradient_loss | 0.00183      |
|    std                  | 0.743        |
|    value_loss           | 74.1         |
------------------------------------------
-----------------------------------------
| rollout/                |             |
|    ep_len_mean          | 1.25e+03    |
|    ep_rew_mean          | 92.7        |
| time/                   |             |
|    fps                  | 1490        |
|    iterations           | 24          |
|    time_elapsed         | 32          |
|    total_timesteps      | 1073152     |
| train/                  |             |
|    approx_kl            | 0.009156023 |
|    clip_fraction        | 0.0557      |
|    clip_range           | 0.2         |
|    entropy_loss         | -2.24       |
|    explained_variance   | 0.636       |
|    learning_rate        | 0.0003      |
|    loss                 | 2.03        |
|    n_updates            | 2615        |
|    policy_gradient_loss | -0.000589   |
|    std                  | 0.743       |
|    value_loss           | 38          |
-----------------------------------------
-----------------------------------------
| rollout/                |             |
|    ep_len_mean          | 1.27e+03    |
|    ep_rew_mean          | 91.2        |
| time/                   |             |
|    fps                  | 1493        |
|    iterations           | 25          |
|    time_elapsed         | 34          |
|    total_timesteps      | 1075200     |
| train/                  |             |
|    approx_kl            | 0.008259726 |
|    clip_fraction        | 0.118       |
|    clip_range           | 0.2         |
|    entropy_loss         | -2.24       |
|    explained_variance   | 0.717       |
|    learning_rate        | 0.0003      |
|    loss                 | 2.34        |
|    n_updates            | 2620        |
|    policy_gradient_loss | -0.00202    |
|    std                  | 0.743       |
|    value_loss           | 32.6        |
-----------------------------------------
------------------------------------------
| rollout/                |              |
|    ep_len_mean          | 1.26e+03     |
|    ep_rew_mean          | 91.4         |
| time/                   |              |
|    fps                  | 1485         |
|    iterations           | 26           |
|    time_elapsed         | 35           |
|    total_timesteps      | 1077248      |
| train/                  |              |
|    approx_kl            | 0.0152044855 |
|    clip_fraction        | 0.137        |
|    clip_range           | 0.2          |
|    entropy_loss         | -2.24        |
|    explained_variance   | 0.511        |
|    learning_rate        | 0.0003       |
|    loss                 | 2.44         |
|    n_updates            | 2625         |
|    policy_gradient_loss | -0.00416     |
|    std                  | 0.744        |
|    value_loss           | 65.4         |
------------------------------------------
-----------------------------------------
| rollout/                |             |
|    ep_len_mean          | 1.27e+03    |
|    ep_rew_mean          | 91.5        |
| time/                   |             |
|    fps                  | 1484        |
|    iterations           | 27          |
|    time_elapsed         | 37          |
|    total_timesteps      | 1079296     |
| train/                  |             |
|    approx_kl            | 0.004143562 |
|    clip_fraction        | 0.0437      |
|    clip_range           | 0.2         |
|    entropy_loss         | -2.24       |
|    explained_variance   | 0.692       |
|    learning_rate        | 0.0003      |
|    loss                 | 82.1        |
|    n_updates            | 2630        |
|    policy_gradient_loss | 0.000244    |
|    std                  | 0.743       |
|    value_loss           | 63          |
-----------------------------------------
-----------------------------------------
| rollout/                |             |
|    ep_len_mean          | 1.25e+03    |
|    ep_rew_mean          | 93.2        |
| time/                   |             |
|    fps                  | 1488        |
|    iterations           | 28          |
|    time_elapsed         | 38          |
|    total_timesteps      | 1081344     |
| train/                  |             |
|    approx_kl            | 0.003984503 |
|    clip_fraction        | 0.0348      |
|    clip_range           | 0.2         |
|    entropy_loss         | -2.24       |
|    explained_variance   | 0.688       |
|    learning_rate        | 0.0003      |
|    loss                 | 3.68        |
|    n_updates            | 2635        |
|    policy_gradient_loss | -0.00211    |
|    std                  | 0.741       |
|    value_loss           | 27.2        |
-----------------------------------------
-----------------------------------------
| rollout/                |             |
|    ep_len_mean          | 1.27e+03    |
|    ep_rew_mean          | 91.3        |
| time/                   |             |
|    fps                  | 1485        |
|    iterations           | 29          |
|    time_elapsed         | 39          |
|    total_timesteps      | 1083392     |
| train/                  |             |
|    approx_kl            | 0.014097265 |
|    clip_fraction        | 0.0653      |
|    clip_range           | 0.2         |
|    entropy_loss         | -2.24       |
|    explained_variance   | 0.746       |
|    learning_rate        | 0.0003      |
|    loss                 | 82          |
|    n_updates            | 2640        |
|    policy_gradient_loss | -0.00113    |
|    std                  | 0.74        |
|    value_loss           | 43.6        |
-----------------------------------------
-----------------------------------------
| rollout/                |             |
|    ep_len_mean          | 1.27e+03    |
|    ep_rew_mean          | 91.3        |
| time/                   |             |
|    fps                  | 1486        |
|    iterations           | 30          |
|    time_elapsed         | 41          |
|    total_timesteps      | 1085440     |
| train/                  |             |
|    approx_kl            | 0.006012197 |
|    clip_fraction        | 0.0563      |
|    clip_range           | 0.2         |
|    entropy_loss         | -2.23       |
|    explained_variance   | 0.612       |
|    learning_rate        | 0.0003      |
|    loss                 | 2.01        |
|    n_updates            | 2645        |
|    policy_gradient_loss | -0.00169    |
|    std                  | 0.74        |
|    value_loss           | 53.6        |
-----------------------------------------
-----------------------------------------
| rollout/                |             |
|    ep_len_mean          | 1.26e+03    |
|    ep_rew_mean          | 92.6        |
| time/                   |             |
|    fps                  | 1490        |
|    iterations           | 31          |
|    time_elapsed         | 42          |
|    total_timesteps      | 1087488     |
| train/                  |             |
|    approx_kl            | 0.031413212 |
|    clip_fraction        | 0.202       |
|    clip_range           | 0.2         |
|    entropy_loss         | -2.23       |
|    explained_variance   | 0.812       |
|    learning_rate        | 0.0003      |
|    loss                 | 0.449       |
|    n_updates            | 2650        |
|    policy_gradient_loss | 0.00882     |
|    std                  | 0.741       |
|    value_loss           | 23.6        |
-----------------------------------------
-----------------------------------------
| rollout/                |             |
|    ep_len_mean          | 1.26e+03    |
|    ep_rew_mean          | 93.1        |
| time/                   |             |
|    fps                  | 1488        |
|    iterations           | 32          |
|    time_elapsed         | 44          |
|    total_timesteps      | 1089536     |
| train/                  |             |
|    approx_kl            | 0.010725668 |
|    clip_fraction        | 0.151       |
|    clip_range           | 0.2         |
|    entropy_loss         | -2.23       |
|    explained_variance   | 0.707       |
|    learning_rate        | 0.0003      |
|    loss                 | 76          |
|    n_updates            | 2655        |
|    policy_gradient_loss | -0.00732    |
|    std                  | 0.739       |
|    value_loss           | 42.5        |
-----------------------------------------
------------------------------------------
| rollout/                |              |
|    ep_len_mean          | 1.26e+03     |
|    ep_rew_mean          | 93.1         |
| time/                   |              |
|    fps                  | 1488         |
|    iterations           | 33           |
|    time_elapsed         | 45           |
|    total_timesteps      | 1091584      |
| train/                  |              |
|    approx_kl            | 0.0154917035 |
|    clip_fraction        | 0.0604       |
|    clip_range           | 0.2          |
|    entropy_loss         | -2.23        |
|    explained_variance   | 0.62         |
|    learning_rate        | 0.0003       |
|    loss                 | 14.7         |
|    n_updates            | 2660         |
|    policy_gradient_loss | -0.00158     |
|    std                  | 0.74         |
|    value_loss           | 48.5         |
------------------------------------------
------------------------------------------
| rollout/                |              |
|    ep_len_mean          | 1.25e+03     |
|    ep_rew_mean          | 94.4         |
| time/                   |              |
|    fps                  | 1489         |
|    iterations           | 34           |
|    time_elapsed         | 46           |
|    total_timesteps      | 1093632      |
| train/                  |              |
|    approx_kl            | 0.0045028473 |
|    clip_fraction        | 0.154        |
|    clip_range           | 0.2          |
|    entropy_loss         | -2.23        |
|    explained_variance   | 0.626        |
|    learning_rate        | 0.0003       |
|    loss                 | 3.73         |
|    n_updates            | 2665         |
|    policy_gradient_loss | 0.00413      |
|    std                  | 0.738        |
|    value_loss           | 43.6         |
------------------------------------------
------------------------------------------
| rollout/                |              |
|    ep_len_mean          | 1.25e+03     |
|    ep_rew_mean          | 94.4         |
| time/                   |              |
|    fps                  | 1484         |
|    iterations           | 35           |
|    time_elapsed         | 48           |
|    total_timesteps      | 1095680      |
| train/                  |              |
|    approx_kl            | 0.0101561695 |
|    clip_fraction        | 0.0946       |
|    clip_range           | 0.2          |
|    entropy_loss         | -2.23        |
|    explained_variance   | 0.777        |
|    learning_rate        | 0.0003       |
|    loss                 | 1.45         |
|    n_updates            | 2670         |
|    policy_gradient_loss | -0.00186     |
|    std                  | 0.737        |
|    value_loss           | 59           |
------------------------------------------
-----------------------------------------
| rollout/                |             |
|    ep_len_mean          | 1.24e+03    |
|    ep_rew_mean          | 94.6        |
| time/                   |             |
|    fps                  | 1483        |
|    iterations           | 36          |
|    time_elapsed         | 49          |
|    total_timesteps      | 1097728     |
| train/                  |             |
|    approx_kl            | 0.013235488 |
|    clip_fraction        | 0.236       |
|    clip_range           | 0.2         |
|    entropy_loss         | -2.23       |
|    explained_variance   | 0.807       |
|    learning_rate        | 0.0003      |
|    loss                 | 2.63        |
|    n_updates            | 2675        |
|    policy_gradient_loss | 0.0107      |
|    std                  | 0.737       |
|    value_loss           | 21.8        |
-----------------------------------------
-----------------------------------------
| rollout/                |             |
|    ep_len_mean          | 1.25e+03    |
|    ep_rew_mean          | 94.6        |
| time/                   |             |
|    fps                  | 1481        |
|    iterations           | 37          |
|    time_elapsed         | 51          |
|    total_timesteps      | 1099776     |
| train/                  |             |
|    approx_kl            | 0.011579469 |
|    clip_fraction        | 0.0729      |
|    clip_range           | 0.2         |
|    entropy_loss         | -2.23       |
|    explained_variance   | 0.71        |
|    learning_rate        | 0.0003      |
|    loss                 | 0.735       |
|    n_updates            | 2680        |
|    policy_gradient_loss | -0.00269    |
|    std                  | 0.738       |
|    value_loss           | 21.9        |
-----------------------------------------
------------------------------------------
| rollout/                |              |
|    ep_len_mean          | 1.25e+03     |
|    ep_rew_mean          | 94.6         |
| time/                   |              |
|    fps                  | 1480         |
|    iterations           | 38           |
|    time_elapsed         | 52           |
|    total_timesteps      | 1101824      |
| train/                  |              |
|    approx_kl            | 0.0053774174 |
|    clip_fraction        | 0.0182       |
|    clip_range           | 0.2          |
|    entropy_loss         | -2.23        |
|    explained_variance   | 0.684        |
|    learning_rate        | 0.0003       |
|    loss                 | 6.05         |
|    n_updates            | 2685         |
|    policy_gradient_loss | -0.0011      |
|    std                  | 0.738        |
|    value_loss           | 54.4         |
------------------------------------------
------------------------------------------
| rollout/                |              |
|    ep_len_mean          | 1.25e+03     |
|    ep_rew_mean          | 94.6         |
| time/                   |              |
|    fps                  | 1478         |
|    iterations           | 39           |
|    time_elapsed         | 54           |
|    total_timesteps      | 1103872      |
| train/                  |              |
|    approx_kl            | 0.0030145077 |
|    clip_fraction        | 0.0607       |
|    clip_range           | 0.2          |
|    entropy_loss         | -2.23        |
|    explained_variance   | 0.84         |
|    learning_rate        | 0.0003       |
|    loss                 | 2.14         |
|    n_updates            | 2690         |
|    policy_gradient_loss | -0.00356     |
|    std                  | 0.736        |
|    value_loss           | 23.7         |
------------------------------------------
------------------------------------------
| rollout/                |              |
|    ep_len_mean          | 1.26e+03     |
|    ep_rew_mean          | 93.3         |
| time/                   |              |
|    fps                  | 1478         |
|    iterations           | 40           |
|    time_elapsed         | 55           |
|    total_timesteps      | 1105920      |
| train/                  |              |
|    approx_kl            | 0.0074808747 |
|    clip_fraction        | 0.101        |
|    clip_range           | 0.2          |
|    entropy_loss         | -2.22        |
|    explained_variance   | 0.663        |
|    learning_rate        | 0.0003       |
|    loss                 | 0.56         |
|    n_updates            | 2695         |
|    policy_gradient_loss | -0.000363    |
|    std                  | 0.737        |
|    value_loss           | 51.9         |
------------------------------------------
-----------------------------------------
| rollout/                |             |
|    ep_len_mean          | 1.26e+03    |
|    ep_rew_mean          | 93.2        |
| time/                   |             |
|    fps                  | 1476        |
|    iterations           | 41          |
|    time_elapsed         | 56          |
|    total_timesteps      | 1107968     |
| train/                  |             |
|    approx_kl            | 0.048057936 |
|    clip_fraction        | 0.121       |
|    clip_range           | 0.2         |
|    entropy_loss         | -2.23       |
|    explained_variance   | 0.801       |
|    learning_rate        | 0.0003      |
|    loss                 | 0.037       |
|    n_updates            | 2700        |
|    policy_gradient_loss | 0.0125      |
|    std                  | 0.739       |
|    value_loss           | 17.3        |
-----------------------------------------
-----------------------------------------
| rollout/                |             |
|    ep_len_mean          | 1.28e+03    |
|    ep_rew_mean          | 91.8        |
| time/                   |             |
|    fps                  | 1475        |
|    iterations           | 42          |
|    time_elapsed         | 58          |
|    total_timesteps      | 1110016     |
| train/                  |             |
|    approx_kl            | 0.005773985 |
|    clip_fraction        | 0.141       |
|    clip_range           | 0.2         |
|    entropy_loss         | -2.23       |
|    explained_variance   | 0.78        |
|    learning_rate        | 0.0003      |
|    loss                 | 1.39        |
|    n_updates            | 2705        |
|    policy_gradient_loss | 0.00395     |
|    std                  | 0.736       |
|    value_loss           | 13          |
-----------------------------------------
-----------------------------------------
| rollout/                |             |
|    ep_len_mean          | 1.28e+03    |
|    ep_rew_mean          | 91.8        |
| time/                   |             |
|    fps                  | 1475        |
|    iterations           | 43          |
|    time_elapsed         | 59          |
|    total_timesteps      | 1112064     |
| train/                  |             |
|    approx_kl            | 0.013783808 |
|    clip_fraction        | 0.121       |
|    clip_range           | 0.2         |
|    entropy_loss         | -2.22       |
|    explained_variance   | 0.765       |
|    learning_rate        | 0.0003      |
|    loss                 | 29.3        |
|    n_updates            | 2710        |
|    policy_gradient_loss | 0.00147     |
|    std                  | 0.736       |
|    value_loss           | 19.5        |
-----------------------------------------
-----------------------------------------
| rollout/                |             |
|    ep_len_mean          | 1.27e+03    |
|    ep_rew_mean          | 93.1        |
| time/                   |             |
|    fps                  | 1472        |
|    iterations           | 44          |
|    time_elapsed         | 61          |
|    total_timesteps      | 1114112     |
| train/                  |             |
|    approx_kl            | 0.010051578 |
|    clip_fraction        | 0.149       |
|    clip_range           | 0.2         |
|    entropy_loss         | -2.22       |
|    explained_variance   | 0.376       |
|    learning_rate        | 0.0003      |
|    loss                 | 149         |
|    n_updates            | 2715        |
|    policy_gradient_loss | 0.00643     |
|    std                  | 0.736       |
|    value_loss           | 44.1        |
-----------------------------------------
-----------------------------------------
| rollout/                |             |
|    ep_len_mean          | 1.27e+03    |
|    ep_rew_mean          | 93.4        |
| time/                   |             |
|    fps                  | 1468        |
|    iterations           | 45          |
|    time_elapsed         | 62          |
|    total_timesteps      | 1116160     |
| train/                  |             |
|    approx_kl            | 0.013649724 |
|    clip_fraction        | 0.159       |
|    clip_range           | 0.2         |
|    entropy_loss         | -2.22       |
|    explained_variance   | 0.363       |
|    learning_rate        | 0.0003      |
|    loss                 | 23          |
|    n_updates            | 2720        |
|    policy_gradient_loss | 0.00482     |
|    std                  | 0.736       |
|    value_loss           | 43.5        |
-----------------------------------------
-----------------------------------------
| rollout/                |             |
|    ep_len_mean          | 1.25e+03    |
|    ep_rew_mean          | 94.9        |
| time/                   |             |
|    fps                  | 1466        |
|    iterations           | 46          |
|    time_elapsed         | 64          |
|    total_timesteps      | 1118208     |
| train/                  |             |
|    approx_kl            | 0.010114681 |
|    clip_fraction        | 0.138       |
|    clip_range           | 0.2         |
|    entropy_loss         | -2.22       |
|    explained_variance   | 0.746       |
|    learning_rate        | 0.0003      |
|    loss                 | 3.23        |
|    n_updates            | 2725        |
|    policy_gradient_loss | 0.00184     |
|    std                  | 0.734       |
|    value_loss           | 19.4        |
-----------------------------------------
-----------------------------------------
| rollout/                |             |
|    ep_len_mean          | 1.24e+03    |
|    ep_rew_mean          | 95.9        |
| time/                   |             |
|    fps                  | 1464        |
|    iterations           | 47          |
|    time_elapsed         | 65          |
|    total_timesteps      | 1120256     |
| train/                  |             |
|    approx_kl            | 0.034140576 |
|    clip_fraction        | 0.225       |
|    clip_range           | 0.2         |
|    entropy_loss         | -2.22       |
|    explained_variance   | 0.359       |
|    learning_rate        | 0.0003      |
|    loss                 | 1.41        |
|    n_updates            | 2730        |
|    policy_gradient_loss | 0.0131      |
|    std                  | 0.733       |
|    value_loss           | 43.4        |
-----------------------------------------
------------------------------------------
| rollout/                |              |
|    ep_len_mean          | 1.24e+03     |
|    ep_rew_mean          | 95.9         |
| time/                   |              |
|    fps                  | 1461         |
|    iterations           | 48           |
|    time_elapsed         | 67           |
|    total_timesteps      | 1122304      |
| train/                  |              |
|    approx_kl            | 0.0073524956 |
|    clip_fraction        | 0.124        |
|    clip_range           | 0.2          |
|    entropy_loss         | -2.22        |
|    explained_variance   | 0.379        |
|    learning_rate        | 0.0003       |
|    loss                 | 154          |
|    n_updates            | 2735         |
|    policy_gradient_loss | 0.00529      |
|    std                  | 0.734        |
|    value_loss           | 94.1         |
------------------------------------------
------------------------------------------
| rollout/                |              |
|    ep_len_mean          | 1.24e+03     |
|    ep_rew_mean          | 95.5         |
| time/                   |              |
|    fps                  | 1463         |
|    iterations           | 49           |
|    time_elapsed         | 68           |
|    total_timesteps      | 1124352      |
| train/                  |              |
|    approx_kl            | 0.0047319513 |
|    clip_fraction        | 0.0615       |
|    clip_range           | 0.2          |
|    entropy_loss         | -2.22        |
|    explained_variance   | 0.519        |
|    learning_rate        | 0.0003       |
|    loss                 | 1.56         |
|    n_updates            | 2740         |
|    policy_gradient_loss | -0.00325     |
|    std                  | 0.734        |
|    value_loss           | 45           |
------------------------------------------
----------------------------------------
| rollout/                |            |
|    ep_len_mean          | 1.25e+03   |
|    ep_rew_mean          | 95.5       |
| time/                   |            |
|    fps                  | 1464       |
|    iterations           | 50         |
|    time_elapsed         | 69         |
|    total_timesteps      | 1126400    |
| train/                  |            |
|    approx_kl            | 0.04485921 |
|    clip_fraction        | 0.109      |
|    clip_range           | 0.2        |
|    entropy_loss         | -2.22      |
|    explained_variance   | 0.281      |
|    learning_rate        | 0.0003     |
|    loss                 | 0.417      |
|    n_updates            | 2745       |
|    policy_gradient_loss | 0.00325    |
|    std                  | 0.732      |
|    value_loss           | 46.5       |
----------------------------------------
-----------------------------------------
| rollout/                |             |
|    ep_len_mean          | 1.24e+03    |
|    ep_rew_mean          | 95.6        |
| time/                   |             |
|    fps                  | 1465        |
|    iterations           | 51          |
|    time_elapsed         | 71          |
|    total_timesteps      | 1128448     |
| train/                  |             |
|    approx_kl            | 0.008388761 |
|    clip_fraction        | 0.148       |
|    clip_range           | 0.2         |
|    entropy_loss         | -2.21       |
|    explained_variance   | 0.42        |
|    learning_rate        | 0.0003      |
|    loss                 | 2.57        |
|    n_updates            | 2750        |
|    policy_gradient_loss | 0.00639     |
|    std                  | 0.728       |
|    value_loss           | 50.1        |
-----------------------------------------
-----------------------------------------
| rollout/                |             |
|    ep_len_mean          | 1.24e+03    |
|    ep_rew_mean          | 95.5        |
| time/                   |             |
|    fps                  | 1464        |
|    iterations           | 52          |
|    time_elapsed         | 72          |
|    total_timesteps      | 1130496     |
| train/                  |             |
|    approx_kl            | 0.020814318 |
|    clip_fraction        | 0.155       |
|    clip_range           | 0.2         |
|    entropy_loss         | -2.2        |
|    explained_variance   | 0.274       |
|    learning_rate        | 0.0003      |
|    loss                 | 2.63        |
|    n_updates            | 2755        |
|    policy_gradient_loss | 0.00551     |
|    std                  | 0.727       |
|    value_loss           | 70          |
-----------------------------------------
----------------------------------------
| rollout/                |            |
|    ep_len_mean          | 1.25e+03   |
|    ep_rew_mean          | 94.4       |
| time/                   |            |
|    fps                  | 1466       |
|    iterations           | 53         |
|    time_elapsed         | 73         |
|    total_timesteps      | 1132544    |
| train/                  |            |
|    approx_kl            | 0.03805916 |
|    clip_fraction        | 0.139      |
|    clip_range           | 0.2        |
|    entropy_loss         | -2.2       |
|    explained_variance   | 0.635      |
|    learning_rate        | 0.0003     |
|    loss                 | 1.49       |
|    n_updates            | 2760       |
|    policy_gradient_loss | 0.00736    |
|    std                  | 0.728      |
|    value_loss           | 62.1       |
----------------------------------------
---------------------------------------
| rollout/                |           |
|    ep_len_mean          | 1.25e+03  |
|    ep_rew_mean          | 94.4      |
| time/                   |           |
|    fps                  | 1469      |
|    iterations           | 54        |
|    time_elapsed         | 75        |
|    total_timesteps      | 1134592   |
| train/                  |           |
|    approx_kl            | 0.0356047 |
|    clip_fraction        | 0.262     |
|    clip_range           | 0.2       |
|    entropy_loss         | -2.2      |
|    explained_variance   | 0.811     |
|    learning_rate        | 0.0003    |
|    loss                 | 1.11      |
|    n_updates            | 2765      |
|    policy_gradient_loss | 0.0233    |
|    std                  | 0.729     |
|    value_loss           | 18.4      |
---------------------------------------
-----------------------------------------
| rollout/                |             |
|    ep_len_mean          | 1.25e+03    |
|    ep_rew_mean          | 94.5        |
| time/                   |             |
|    fps                  | 1470        |
|    iterations           | 55          |
|    time_elapsed         | 76          |
|    total_timesteps      | 1136640     |
| train/                  |             |
|    approx_kl            | 0.031093065 |
|    clip_fraction        | 0.297       |
|    clip_range           | 0.2         |
|    entropy_loss         | -2.2        |
|    explained_variance   | 0.509       |
|    learning_rate        | 0.0003      |
|    loss                 | 139         |
|    n_updates            | 2770        |
|    policy_gradient_loss | 0.0201      |
|    std                  | 0.727       |
|    value_loss           | 48.8        |
-----------------------------------------
-----------------------------------------
| rollout/                |             |
|    ep_len_mean          | 1.25e+03    |
|    ep_rew_mean          | 94          |
| time/                   |             |
|    fps                  | 1471        |
|    iterations           | 56          |
|    time_elapsed         | 77          |
|    total_timesteps      | 1138688     |
| train/                  |             |
|    approx_kl            | 0.015514977 |
|    clip_fraction        | 0.0932      |
|    clip_range           | 0.2         |
|    entropy_loss         | -2.2        |
|    explained_variance   | 0.917       |
|    learning_rate        | 0.0003      |
|    loss                 | 6.71        |
|    n_updates            | 2775        |
|    policy_gradient_loss | 0.00311     |
|    std                  | 0.726       |
|    value_loss           | 15.4        |
-----------------------------------------
-----------------------------------------
| rollout/                |             |
|    ep_len_mean          | 1.26e+03    |
|    ep_rew_mean          | 92.7        |
| time/                   |             |
|    fps                  | 1470        |
|    iterations           | 57          |
|    time_elapsed         | 79          |
|    total_timesteps      | 1140736     |
| train/                  |             |
|    approx_kl            | 0.007929458 |
|    clip_fraction        | 0.0897      |
|    clip_range           | 0.2         |
|    entropy_loss         | -2.2        |
|    explained_variance   | 0.356       |
|    learning_rate        | 0.0003      |
|    loss                 | 140         |
|    n_updates            | 2780        |
|    policy_gradient_loss | -0.00395    |
|    std                  | 0.726       |
|    value_loss           | 41.4        |
-----------------------------------------
-----------------------------------------
| rollout/                |             |
|    ep_len_mean          | 1.26e+03    |
|    ep_rew_mean          | 92.8        |
| time/                   |             |
|    fps                  | 1469        |
|    iterations           | 58          |
|    time_elapsed         | 80          |
|    total_timesteps      | 1142784     |
| train/                  |             |
|    approx_kl            | 0.007046174 |
|    clip_fraction        | 0.142       |
|    clip_range           | 0.2         |
|    entropy_loss         | -2.2        |
|    explained_variance   | 0.537       |
|    learning_rate        | 0.0003      |
|    loss                 | 53.2        |
|    n_updates            | 2785        |
|    policy_gradient_loss | 3.57e-05    |
|    std                  | 0.726       |
|    value_loss           | 91.5        |
-----------------------------------------
------------------------------------------
| rollout/                |              |
|    ep_len_mean          | 1.26e+03     |
|    ep_rew_mean          | 92.8         |
| time/                   |              |
|    fps                  | 1470         |
|    iterations           | 59           |
|    time_elapsed         | 82           |
|    total_timesteps      | 1144832      |
| train/                  |              |
|    approx_kl            | 0.0074009597 |
|    clip_fraction        | 0.0723       |
|    clip_range           | 0.2          |
|    entropy_loss         | -2.2         |
|    explained_variance   | 0.664        |
|    learning_rate        | 0.0003       |
|    loss                 | 0.224        |
|    n_updates            | 2790         |
|    policy_gradient_loss | -0.00246     |
|    std                  | 0.727        |
|    value_loss           | 33.2         |
------------------------------------------
-----------------------------------------
| rollout/                |             |
|    ep_len_mean          | 1.27e+03    |
|    ep_rew_mean          | 92.4        |
| time/                   |             |
|    fps                  | 1473        |
|    iterations           | 60          |
|    time_elapsed         | 83          |
|    total_timesteps      | 1146880     |
| train/                  |             |
|    approx_kl            | 0.072124094 |
|    clip_fraction        | 0.112       |
|    clip_range           | 0.2         |
|    entropy_loss         | -2.2        |
|    explained_variance   | 0.694       |
|    learning_rate        | 0.0003      |
|    loss                 | 4.85        |
|    n_updates            | 2795        |
|    policy_gradient_loss | 0.00656     |
|    std                  | 0.726       |
|    value_loss           | 5.39        |
-----------------------------------------
-----------------------------------------
| rollout/                |             |
|    ep_len_mean          | 1.27e+03    |
|    ep_rew_mean          | 92.4        |
| time/                   |             |
|    fps                  | 1470        |
|    iterations           | 61          |
|    time_elapsed         | 84          |
|    total_timesteps      | 1148928     |
| train/                  |             |
|    approx_kl            | 0.021409817 |
|    clip_fraction        | 0.176       |
|    clip_range           | 0.2         |
|    entropy_loss         | -2.2        |
|    explained_variance   | 0.412       |
|    learning_rate        | 0.0003      |
|    loss                 | 0.633       |
|    n_updates            | 2800        |
|    policy_gradient_loss | -0.000261   |
|    std                  | 0.727       |
|    value_loss           | 71.7        |
-----------------------------------------
-----------------------------------------
| rollout/                |             |
|    ep_len_mean          | 1.25e+03    |
|    ep_rew_mean          | 93.7        |
| time/                   |             |
|    fps                  | 1473        |
|    iterations           | 62          |
|    time_elapsed         | 86          |
|    total_timesteps      | 1150976     |
| train/                  |             |
|    approx_kl            | 0.014264382 |
|    clip_fraction        | 0.0979      |
|    clip_range           | 0.2         |
|    entropy_loss         | -2.2        |
|    explained_variance   | 0.64        |
|    learning_rate        | 0.0003      |
|    loss                 | 4.26        |
|    n_updates            | 2805        |
|    policy_gradient_loss | 0.00186     |
|    std                  | 0.727       |
|    value_loss           | 8.04        |
-----------------------------------------
-----------------------------------------
| rollout/                |             |
|    ep_len_mean          | 1.26e+03    |
|    ep_rew_mean          | 91.9        |
| time/                   |             |
|    fps                  | 1473        |
|    iterations           | 63          |
|    time_elapsed         | 87          |
|    total_timesteps      | 1153024     |
| train/                  |             |
|    approx_kl            | 0.008943019 |
|    clip_fraction        | 0.136       |
|    clip_range           | 0.2         |
|    entropy_loss         | -2.2        |
|    explained_variance   | 0.46        |
|    learning_rate        | 0.0003      |
|    loss                 | 2.57        |
|    n_updates            | 2810        |
|    policy_gradient_loss | -0.00181    |
|    std                  | 0.727       |
|    value_loss           | 74.2        |
-----------------------------------------
-----------------------------------------
| rollout/                |             |
|    ep_len_mean          | 1.27e+03    |
|    ep_rew_mean          | 92.1        |
| time/                   |             |
|    fps                  | 1475        |
|    iterations           | 64          |
|    time_elapsed         | 88          |
|    total_timesteps      | 1155072     |
| train/                  |             |
|    approx_kl            | 0.010642255 |
|    clip_fraction        | 0.0934      |
|    clip_range           | 0.2         |
|    entropy_loss         | -2.2        |
|    explained_variance   | 0.654       |
|    learning_rate        | 0.0003      |
|    loss                 | 2.47        |
|    n_updates            | 2815        |
|    policy_gradient_loss | -0.00368    |
|    std                  | 0.726       |
|    value_loss           | 8.82        |
-----------------------------------------
-----------------------------------------
| rollout/                |             |
|    ep_len_mean          | 1.27e+03    |
|    ep_rew_mean          | 92.4        |
| time/                   |             |
|    fps                  | 1473        |
|    iterations           | 65          |
|    time_elapsed         | 90          |
|    total_timesteps      | 1157120     |
| train/                  |             |
|    approx_kl            | 0.015847033 |
|    clip_fraction        | 0.188       |
|    clip_range           | 0.2         |
|    entropy_loss         | -2.19       |
|    explained_variance   | 0.638       |
|    learning_rate        | 0.0003      |
|    loss                 | 0.943       |
|    n_updates            | 2820        |
|    policy_gradient_loss | 0.00815     |
|    std                  | 0.725       |
|    value_loss           | 59.5        |
-----------------------------------------
-----------------------------------------
| rollout/                |             |
|    ep_len_mean          | 1.25e+03    |
|    ep_rew_mean          | 94.2        |
| time/                   |             |
|    fps                  | 1473        |
|    iterations           | 66          |
|    time_elapsed         | 91          |
|    total_timesteps      | 1159168     |
| train/                  |             |
|    approx_kl            | 0.011205171 |
|    clip_fraction        | 0.114       |
|    clip_range           | 0.2         |
|    entropy_loss         | -2.19       |
|    explained_variance   | 0.586       |
|    learning_rate        | 0.0003      |
|    loss                 | 54.2        |
|    n_updates            | 2825        |
|    policy_gradient_loss | -0.00473    |
|    std                  | 0.725       |
|    value_loss           | 25.2        |
-----------------------------------------
-----------------------------------------
| rollout/                |             |
|    ep_len_mean          | 1.25e+03    |
|    ep_rew_mean          | 94.2        |
| time/                   |             |
|    fps                  | 1470        |
|    iterations           | 67          |
|    time_elapsed         | 93          |
|    total_timesteps      | 1161216     |
| train/                  |             |
|    approx_kl            | 0.008444371 |
|    clip_fraction        | 0.129       |
|    clip_range           | 0.2         |
|    entropy_loss         | -2.19       |
|    explained_variance   | 0.724       |
|    learning_rate        | 0.0003      |
|    loss                 | 69.1        |
|    n_updates            | 2830        |
|    policy_gradient_loss | -0.00141    |
|    std                  | 0.724       |
|    value_loss           | 72.9        |
-----------------------------------------
-----------------------------------------
| rollout/                |             |
|    ep_len_mean          | 1.25e+03    |
|    ep_rew_mean          | 94.2        |
| time/                   |             |
|    fps                  | 1470        |
|    iterations           | 68          |
|    time_elapsed         | 94          |
|    total_timesteps      | 1163264     |
| train/                  |             |
|    approx_kl            | 0.008340485 |
|    clip_fraction        | 0.0893      |
|    clip_range           | 0.2         |
|    entropy_loss         | -2.19       |
|    explained_variance   | 0.801       |
|    learning_rate        | 0.0003      |
|    loss                 | 0.938       |
|    n_updates            | 2835        |
|    policy_gradient_loss | 0.000912    |
|    std                  | 0.724       |
|    value_loss           | 23.1        |
-----------------------------------------
-----------------------------------------
| rollout/                |             |
|    ep_len_mean          | 1.25e+03    |
|    ep_rew_mean          | 94.2        |
| time/                   |             |
|    fps                  | 1468        |
|    iterations           | 69          |
|    time_elapsed         | 96          |
|    total_timesteps      | 1165312     |
| train/                  |             |
|    approx_kl            | 0.008090238 |
|    clip_fraction        | 0.0772      |
|    clip_range           | 0.2         |
|    entropy_loss         | -2.19       |
|    explained_variance   | 0.85        |
|    learning_rate        | 0.0003      |
|    loss                 | 9.61        |
|    n_updates            | 2840        |
|    policy_gradient_loss | -8.33e-05   |
|    std                  | 0.723       |
|    value_loss           | 48.5        |
-----------------------------------------
----------------------------------------
| rollout/                |            |
|    ep_len_mean          | 1.27e+03   |
|    ep_rew_mean          | 92.4       |
| time/                   |            |
|    fps                  | 1471       |
|    iterations           | 70         |
|    time_elapsed         | 97         |
|    total_timesteps      | 1167360    |
| train/                  |            |
|    approx_kl            | 0.01553741 |
|    clip_fraction        | 0.0552     |
|    clip_range           | 0.2        |
|    entropy_loss         | -2.18      |
|    explained_variance   | 0.733      |
|    learning_rate        | 0.0003     |
|    loss                 | 3.39       |
|    n_updates            | 2845       |
|    policy_gradient_loss | -0.00133   |
|    std                  | 0.722      |
|    value_loss           | 42.6       |
----------------------------------------
-----------------------------------------
| rollout/                |             |
|    ep_len_mean          | 1.28e+03    |
|    ep_rew_mean          | 90.9        |
| time/                   |             |
|    fps                  | 1470        |
|    iterations           | 71          |
|    time_elapsed         | 98          |
|    total_timesteps      | 1169408     |
| train/                  |             |
|    approx_kl            | 0.010269398 |
|    clip_fraction        | 0.0706      |
|    clip_range           | 0.2         |
|    entropy_loss         | -2.18       |
|    explained_variance   | 0.86        |
|    learning_rate        | 0.0003      |
|    loss                 | 4.01        |
|    n_updates            | 2850        |
|    policy_gradient_loss | -0.00414    |
|    std                  | 0.721       |
|    value_loss           | 28          |
-----------------------------------------
-----------------------------------------
| rollout/                |             |
|    ep_len_mean          | 1.29e+03    |
|    ep_rew_mean          | 89.5        |
| time/                   |             |
|    fps                  | 1472        |
|    iterations           | 72          |
|    time_elapsed         | 100         |
|    total_timesteps      | 1171456     |
| train/                  |             |
|    approx_kl            | 0.011563089 |
|    clip_fraction        | 0.057       |
|    clip_range           | 0.2         |
|    entropy_loss         | -2.18       |
|    explained_variance   | 0.937       |
|    learning_rate        | 0.0003      |
|    loss                 | 3.42        |
|    n_updates            | 2855        |
|    policy_gradient_loss | 0.00278     |
|    std                  | 0.721       |
|    value_loss           | 10.4        |
-----------------------------------------
-----------------------------------------
| rollout/                |             |
|    ep_len_mean          | 1.28e+03    |
|    ep_rew_mean          | 90.8        |
| time/                   |             |
|    fps                  | 1471        |
|    iterations           | 73          |
|    time_elapsed         | 101         |
|    total_timesteps      | 1173504     |
| train/                  |             |
|    approx_kl            | 0.006605243 |
|    clip_fraction        | 0.148       |
|    clip_range           | 0.2         |
|    entropy_loss         | -2.18       |
|    explained_variance   | 0.765       |
|    learning_rate        | 0.0003      |
|    loss                 | 66.5        |
|    n_updates            | 2860        |
|    policy_gradient_loss | -0.00285    |
|    std                  | 0.721       |
|    value_loss           | 60.3        |
-----------------------------------------
-----------------------------------------
| rollout/                |             |
|    ep_len_mean          | 1.28e+03    |
|    ep_rew_mean          | 90.8        |
| time/                   |             |
|    fps                  | 1473        |
|    iterations           | 74          |
|    time_elapsed         | 102         |
|    total_timesteps      | 1175552     |
| train/                  |             |
|    approx_kl            | 0.024243709 |
|    clip_fraction        | 0.334       |
|    clip_range           | 0.2         |
|    entropy_loss         | -2.18       |
|    explained_variance   | 0.792       |
|    learning_rate        | 0.0003      |
|    loss                 | 2.04        |
|    n_updates            | 2865        |
|    policy_gradient_loss | 0.0272      |
|    std                  | 0.721       |
|    value_loss           | 19.6        |
-----------------------------------------
------------------------------------------
| rollout/                |              |
|    ep_len_mean          | 1.28e+03     |
|    ep_rew_mean          | 90.9         |
| time/                   |              |
|    fps                  | 1474         |
|    iterations           | 75           |
|    time_elapsed         | 104          |
|    total_timesteps      | 1177600      |
| train/                  |              |
|    approx_kl            | 0.0063308184 |
|    clip_fraction        | 0.0426       |
|    clip_range           | 0.2          |
|    entropy_loss         | -2.18        |
|    explained_variance   | 0.788        |
|    learning_rate        | 0.0003       |
|    loss                 | 1.96         |
|    n_updates            | 2870         |
|    policy_gradient_loss | -0.000113    |
|    std                  | 0.72         |
|    value_loss           | 48.1         |
------------------------------------------
-----------------------------------------
| rollout/                |             |
|    ep_len_mean          | 1.28e+03    |
|    ep_rew_mean          | 91          |
| time/                   |             |
|    fps                  | 1475        |
|    iterations           | 76          |
|    time_elapsed         | 105         |
|    total_timesteps      | 1179648     |
| train/                  |             |
|    approx_kl            | 0.005134439 |
|    clip_fraction        | 0.0586      |
|    clip_range           | 0.2         |
|    entropy_loss         | -2.17       |
|    explained_variance   | 0.705       |
|    learning_rate        | 0.0003      |
|    loss                 | 67.3        |
|    n_updates            | 2875        |
|    policy_gradient_loss | -0.00127    |
|    std                  | 0.717       |
|    value_loss           | 30.4        |
-----------------------------------------
------------------------------------------
| rollout/                |              |
|    ep_len_mean          | 1.3e+03      |
|    ep_rew_mean          | 89.5         |
| time/                   |              |
|    fps                  | 1475         |
|    iterations           | 77           |
|    time_elapsed         | 106          |
|    total_timesteps      | 1181696      |
| train/                  |              |
|    approx_kl            | 0.0065608565 |
|    clip_fraction        | 0.0415       |
|    clip_range           | 0.2          |
|    entropy_loss         | -2.17        |
|    explained_variance   | 0.816        |
|    learning_rate        | 0.0003       |
|    loss                 | 74.6         |
|    n_updates            | 2880         |
|    policy_gradient_loss | -0.00204     |
|    std                  | 0.716        |
|    value_loss           | 21.4         |
------------------------------------------
----------------------------------------
| rollout/                |            |
|    ep_len_mean          | 1.31e+03   |
|    ep_rew_mean          | 89.6       |
| time/                   |            |
|    fps                  | 1473       |
|    iterations           | 78         |
|    time_elapsed         | 108        |
|    total_timesteps      | 1183744    |
| train/                  |            |
|    approx_kl            | 0.01169543 |
|    clip_fraction        | 0.0913     |
|    clip_range           | 0.2        |
|    entropy_loss         | -2.17      |
|    explained_variance   | 0.685      |
|    learning_rate        | 0.0003     |
|    loss                 | 1.62       |
|    n_updates            | 2885       |
|    policy_gradient_loss | -0.00193   |
|    std                  | 0.716      |
|    value_loss           | 45         |
----------------------------------------
------------------------------------------
| rollout/                |              |
|    ep_len_mean          | 1.29e+03     |
|    ep_rew_mean          | 91           |
| time/                   |              |
|    fps                  | 1470         |
|    iterations           | 79           |
|    time_elapsed         | 110          |
|    total_timesteps      | 1185792      |
| train/                  |              |
|    approx_kl            | 0.0071204514 |
|    clip_fraction        | 0.0754       |
|    clip_range           | 0.2          |
|    entropy_loss         | -2.17        |
|    explained_variance   | 0.718        |
|    learning_rate        | 0.0003       |
|    loss                 | 1.47         |
|    n_updates            | 2890         |
|    policy_gradient_loss | -0.00188     |
|    std                  | 0.716        |
|    value_loss           | 39.8         |
------------------------------------------
------------------------------------------
| rollout/                |              |
|    ep_len_mean          | 1.26e+03     |
|    ep_rew_mean          | 93.7         |
| time/                   |              |
|    fps                  | 1470         |
|    iterations           | 80           |
|    time_elapsed         | 111          |
|    total_timesteps      | 1187840      |
| train/                  |              |
|    approx_kl            | 0.0073411968 |
|    clip_fraction        | 0.0634       |
|    clip_range           | 0.2          |
|    entropy_loss         | -2.17        |
|    explained_variance   | 0.53         |
|    learning_rate        | 0.0003       |
|    loss                 | 29.1         |
|    n_updates            | 2895         |
|    policy_gradient_loss | -0.000733    |
|    std                  | 0.716        |
|    value_loss           | 30.5         |
------------------------------------------
-----------------------------------------
| rollout/                |             |
|    ep_len_mean          | 1.25e+03    |
|    ep_rew_mean          | 93.8        |
| time/                   |             |
|    fps                  | 1469        |
|    iterations           | 81          |
|    time_elapsed         | 112         |
|    total_timesteps      | 1189888     |
| train/                  |             |
|    approx_kl            | 0.015298918 |
|    clip_fraction        | 0.133       |
|    clip_range           | 0.2         |
|    entropy_loss         | -2.17       |
|    explained_variance   | 0.582       |
|    learning_rate        | 0.0003      |
|    loss                 | 1.31        |
|    n_updates            | 2900        |
|    policy_gradient_loss | 0.00421     |
|    std                  | 0.716       |
|    value_loss           | 54.8        |
-----------------------------------------
------------------------------------------
| rollout/                |              |
|    ep_len_mean          | 1.25e+03     |
|    ep_rew_mean          | 93.7         |
| time/                   |              |
|    fps                  | 1468         |
|    iterations           | 82           |
|    time_elapsed         | 114          |
|    total_timesteps      | 1191936      |
| train/                  |              |
|    approx_kl            | 0.0036175519 |
|    clip_fraction        | 0.0387       |
|    clip_range           | 0.2          |
|    entropy_loss         | -2.17        |
|    explained_variance   | 0.833        |
|    learning_rate        | 0.0003       |
|    loss                 | 1.3          |
|    n_updates            | 2905         |
|    policy_gradient_loss | -0.000689    |
|    std                  | 0.715        |
|    value_loss           | 20.5         |
------------------------------------------
------------------------------------------
| rollout/                |              |
|    ep_len_mean          | 1.24e+03     |
|    ep_rew_mean          | 94.9         |
| time/                   |              |
|    fps                  | 1467         |
|    iterations           | 83           |
|    time_elapsed         | 115          |
|    total_timesteps      | 1193984      |
| train/                  |              |
|    approx_kl            | 0.0035007615 |
|    clip_fraction        | 0.0723       |
|    clip_range           | 0.2          |
|    entropy_loss         | -2.17        |
|    explained_variance   | 0.668        |
|    learning_rate        | 0.0003       |
|    loss                 | 64.7         |
|    n_updates            | 2910         |
|    policy_gradient_loss | -0.00151     |
|    std                  | 0.715        |
|    value_loss           | 39.6         |
------------------------------------------
-----------------------------------------
| rollout/                |             |
|    ep_len_mean          | 1.24e+03    |
|    ep_rew_mean          | 94.7        |
| time/                   |             |
|    fps                  | 1465        |
|    iterations           | 84          |
|    time_elapsed         | 117         |
|    total_timesteps      | 1196032     |
| train/                  |             |
|    approx_kl            | 0.014658802 |
|    clip_fraction        | 0.158       |
|    clip_range           | 0.2         |
|    entropy_loss         | -2.16       |
|    explained_variance   | 0.794       |
|    learning_rate        | 0.0003      |
|    loss                 | 1.85        |
|    n_updates            | 2915        |
|    policy_gradient_loss | 0.00439     |
|    std                  | 0.714       |
|    value_loss           | 36          |
-----------------------------------------
-----------------------------------------
| rollout/                |             |
|    ep_len_mean          | 1.24e+03    |
|    ep_rew_mean          | 94.6        |
| time/                   |             |
|    fps                  | 1464        |
|    iterations           | 85          |
|    time_elapsed         | 118         |
|    total_timesteps      | 1198080     |
| train/                  |             |
|    approx_kl            | 0.005063436 |
|    clip_fraction        | 0.065       |
|    clip_range           | 0.2         |
|    entropy_loss         | -2.16       |
|    explained_variance   | 0.709       |
|    learning_rate        | 0.0003      |
|    loss                 | 2.9         |
|    n_updates            | 2920        |
|    policy_gradient_loss | -0.00306    |
|    std                  | 0.713       |
|    value_loss           | 42.1        |
-----------------------------------------
-----------------------------------------
| rollout/                |             |
|    ep_len_mean          | 1.24e+03    |
|    ep_rew_mean          | 94.8        |
| time/                   |             |
|    fps                  | 1463        |
|    iterations           | 86          |
|    time_elapsed         | 120         |
|    total_timesteps      | 1200128     |
| train/                  |             |
|    approx_kl            | 0.011328146 |
|    clip_fraction        | 0.175       |
|    clip_range           | 0.2         |
|    entropy_loss         | -2.16       |
|    explained_variance   | 0.64        |
|    learning_rate        | 0.0003      |
|    loss                 | 1.32        |
|    n_updates            | 2925        |
|    policy_gradient_loss | 0.00584     |
|    std                  | 0.713       |
|    value_loss           | 50.3        |
-----------------------------------------
------------------------------------------
| rollout/                |              |
|    ep_len_mean          | 1.24e+03     |
|    ep_rew_mean          | 94.8         |
| time/                   |              |
|    fps                  | 1460         |
|    iterations           | 87           |
|    time_elapsed         | 121          |
|    total_timesteps      | 1202176      |
| train/                  |              |
|    approx_kl            | 0.0068753418 |
|    clip_fraction        | 0.213        |
|    clip_range           | 0.2          |
|    entropy_loss         | -2.16        |
|    explained_variance   | 0.679        |
|    learning_rate        | 0.0003       |
|    loss                 | 3.94         |
|    n_updates            | 2930         |
|    policy_gradient_loss | 0.000113     |
|    std                  | 0.713        |
|    value_loss           | 56.1         |
------------------------------------------
-----------------------------------------
| rollout/                |             |
|    ep_len_mean          | 1.25e+03    |
|    ep_rew_mean          | 93.2        |
| time/                   |             |
|    fps                  | 1461        |
|    iterations           | 88          |
|    time_elapsed         | 123         |
|    total_timesteps      | 1204224     |
| train/                  |             |
|    approx_kl            | 0.008467642 |
|    clip_fraction        | 0.0555      |
|    clip_range           | 0.2         |
|    entropy_loss         | -2.16       |
|    explained_variance   | 0.877       |
|    learning_rate        | 0.0003      |
|    loss                 | 6.02        |
|    n_updates            | 2935        |
|    policy_gradient_loss | -0.00214    |
|    std                  | 0.713       |
|    value_loss           | 5.12        |
-----------------------------------------
------------------------------------------
| rollout/                |              |
|    ep_len_mean          | 1.27e+03     |
|    ep_rew_mean          | 92.8         |
| time/                   |              |
|    fps                  | 1459         |
|    iterations           | 89           |
|    time_elapsed         | 124          |
|    total_timesteps      | 1206272      |
| train/                  |              |
|    approx_kl            | 0.0028607808 |
|    clip_fraction        | 0.0197       |
|    clip_range           | 0.2          |
|    entropy_loss         | -2.16        |
|    explained_variance   | 0.743        |
|    learning_rate        | 0.0003       |
|    loss                 | 3.49         |
|    n_updates            | 2940         |
|    policy_gradient_loss | -5.84e-07    |
|    std                  | 0.712        |
|    value_loss           | 44.5         |
------------------------------------------
-----------------------------------------
| rollout/                |             |
|    ep_len_mean          | 1.25e+03    |
|    ep_rew_mean          | 94.6        |
| time/                   |             |
|    fps                  | 1458        |
|    iterations           | 90          |
|    time_elapsed         | 126         |
|    total_timesteps      | 1208320     |
| train/                  |             |
|    approx_kl            | 0.015580891 |
|    clip_fraction        | 0.19        |
|    clip_range           | 0.2         |
|    entropy_loss         | -2.15       |
|    explained_variance   | 0.525       |
|    learning_rate        | 0.0003      |
|    loss                 | 3.5         |
|    n_updates            | 2945        |
|    policy_gradient_loss | 0.00764     |
|    std                  | 0.71        |
|    value_loss           | 63.5        |
-----------------------------------------
------------------------------------------
| rollout/                |              |
|    ep_len_mean          | 1.24e+03     |
|    ep_rew_mean          | 94.5         |
| time/                   |              |
|    fps                  | 1455         |
|    iterations           | 91           |
|    time_elapsed         | 128          |
|    total_timesteps      | 1210368      |
| train/                  |              |
|    approx_kl            | 0.0078676175 |
|    clip_fraction        | 0.0733       |
|    clip_range           | 0.2          |
|    entropy_loss         | -2.15        |
|    explained_variance   | 0.784        |
|    learning_rate        | 0.0003       |
|    loss                 | 62.6         |
|    n_updates            | 2950         |
|    policy_gradient_loss | -0.000167    |
|    std                  | 0.71         |
|    value_loss           | 50           |
------------------------------------------
-----------------------------------------
| rollout/                |             |
|    ep_len_mean          | 1.24e+03    |
|    ep_rew_mean          | 94.4        |
| time/                   |             |
|    fps                  | 1454        |
|    iterations           | 92          |
|    time_elapsed         | 129         |
|    total_timesteps      | 1212416     |
| train/                  |             |
|    approx_kl            | 0.008632174 |
|    clip_fraction        | 0.0932      |
|    clip_range           | 0.2         |
|    entropy_loss         | -2.15       |
|    explained_variance   | 0.783       |
|    learning_rate        | 0.0003      |
|    loss                 | 1.7         |
|    n_updates            | 2955        |
|    policy_gradient_loss | -0.00124    |
|    std                  | 0.709       |
|    value_loss           | 34          |
-----------------------------------------
------------------------------------------
| rollout/                |              |
|    ep_len_mean          | 1.24e+03     |
|    ep_rew_mean          | 94.4         |
| time/                   |              |
|    fps                  | 1454         |
|    iterations           | 93           |
|    time_elapsed         | 130          |
|    total_timesteps      | 1214464      |
| train/                  |              |
|    approx_kl            | 0.0033436688 |
|    clip_fraction        | 0.0453       |
|    clip_range           | 0.2          |
|    entropy_loss         | -2.15        |
|    explained_variance   | 0.639        |
|    learning_rate        | 0.0003       |
|    loss                 | 4.91         |
|    n_updates            | 2960         |
|    policy_gradient_loss | 0.000563     |
|    std                  | 0.708        |
|    value_loss           | 62.2         |
------------------------------------------
-----------------------------------------
| rollout/                |             |
|    ep_len_mean          | 1.26e+03    |
|    ep_rew_mean          | 92.9        |
| time/                   |             |
|    fps                  | 1454        |
|    iterations           | 94          |
|    time_elapsed         | 132         |
|    total_timesteps      | 1216512     |
| train/                  |             |
|    approx_kl            | 0.003805267 |
|    clip_fraction        | 0.0188      |
|    clip_range           | 0.2         |
|    entropy_loss         | -2.15       |
|    explained_variance   | 0.986       |
|    learning_rate        | 0.0003      |
|    loss                 | 1.2         |
|    n_updates            | 2965        |
|    policy_gradient_loss | -0.00177    |
|    std                  | 0.708       |
|    value_loss           | 5.4         |
-----------------------------------------
-----------------------------------------
| rollout/                |             |
|    ep_len_mean          | 1.27e+03    |
|    ep_rew_mean          | 91.8        |
| time/                   |             |
|    fps                  | 1453        |
|    iterations           | 95          |
|    time_elapsed         | 133         |
|    total_timesteps      | 1218560     |
| train/                  |             |
|    approx_kl            | 0.024246786 |
|    clip_fraction        | 0.188       |
|    clip_range           | 0.2         |
|    entropy_loss         | -2.14       |
|    explained_variance   | 0.822       |
|    learning_rate        | 0.0003      |
|    loss                 | 0.188       |
|    n_updates            | 2970        |
|    policy_gradient_loss | 0.00371     |
|    std                  | 0.708       |
|    value_loss           | 15.4        |
-----------------------------------------
------------------------------------------
| rollout/                |              |
|    ep_len_mean          | 1.28e+03     |
|    ep_rew_mean          | 90.5         |
| time/                   |              |
|    fps                  | 1453         |
|    iterations           | 96           |
|    time_elapsed         | 135          |
|    total_timesteps      | 1220608      |
| train/                  |              |
|    approx_kl            | 0.0051926374 |
|    clip_fraction        | 0.0614       |
|    clip_range           | 0.2          |
|    entropy_loss         | -2.14        |
|    explained_variance   | 0.65         |
|    learning_rate        | 0.0003       |
|    loss                 | 1.74         |
|    n_updates            | 2975         |
|    policy_gradient_loss | -0.00102     |
|    std                  | 0.706        |
|    value_loss           | 16.1         |
------------------------------------------
-----------------------------------------
| rollout/                |             |
|    ep_len_mean          | 1.28e+03    |
|    ep_rew_mean          | 90.5        |
| time/                   |             |
|    fps                  | 1452        |
|    iterations           | 97          |
|    time_elapsed         | 136         |
|    total_timesteps      | 1222656     |
| train/                  |             |
|    approx_kl            | 0.015904596 |
|    clip_fraction        | 0.161       |
|    clip_range           | 0.2         |
|    entropy_loss         | -2.14       |
|    explained_variance   | 0.687       |
|    learning_rate        | 0.0003      |
|    loss                 | 0.462       |
|    n_updates            | 2980        |
|    policy_gradient_loss | 0.000626    |
|    std                  | 0.704       |
|    value_loss           | 6.73        |
-----------------------------------------
-----------------------------------------
| rollout/                |             |
|    ep_len_mean          | 1.3e+03     |
|    ep_rew_mean          | 89.2        |
| time/                   |             |
|    fps                  | 1450        |
|    iterations           | 98          |
|    time_elapsed         | 138         |
|    total_timesteps      | 1224704     |
| train/                  |             |
|    approx_kl            | 0.012557957 |
|    clip_fraction        | 0.0743      |
|    clip_range           | 0.2         |
|    entropy_loss         | -2.13       |
|    explained_variance   | 0.413       |
|    learning_rate        | 0.0003      |
|    loss                 | 15.3        |
|    n_updates            | 2985        |
|    policy_gradient_loss | -0.0013     |
|    std                  | 0.702       |
|    value_loss           | 55.9        |
-----------------------------------------
----------------------------------------
| rollout/                |            |
|    ep_len_mean          | 1.29e+03   |
|    ep_rew_mean          | 90.6       |
| time/                   |            |
|    fps                  | 1450       |
|    iterations           | 99         |
|    time_elapsed         | 139        |
|    total_timesteps      | 1226752    |
| train/                  |            |
|    approx_kl            | 0.03644067 |
|    clip_fraction        | 0.348      |
|    clip_range           | 0.2        |
|    entropy_loss         | -2.13      |
|    explained_variance   | 0.614      |
|    learning_rate        | 0.0003     |
|    loss                 | 1.22       |
|    n_updates            | 2990       |
|    policy_gradient_loss | 0.0272     |
|    std                  | 0.7        |
|    value_loss           | 26.9       |
----------------------------------------
-----------------------------------------
| rollout/                |             |
|    ep_len_mean          | 1.29e+03    |
|    ep_rew_mean          | 90.7        |
| time/                   |             |
|    fps                  | 1447        |
|    iterations           | 100         |
|    time_elapsed         | 141         |
|    total_timesteps      | 1228800     |
| train/                  |             |
|    approx_kl            | 0.006239391 |
|    clip_fraction        | 0.181       |
|    clip_range           | 0.2         |
|    entropy_loss         | -2.12       |
|    explained_variance   | 0.653       |
|    learning_rate        | 0.0003      |
|    loss                 | 2.29        |
|    n_updates            | 2995        |
|    policy_gradient_loss | 0.00661     |
|    std                  | 0.7         |
|    value_loss           | 55.3        |
-----------------------------------------

CP6 held-out: 42/50 hits (84.0%), mean miss 3.7 m, mean reward 108.19
STOP CONDITION: no joint improvement -- review gate before continuing.

==== babysit CP7 2026-09-16 15:39:09 ====
CP7: evasive lineage | max_time=45s t_go_max=10s | tracking=True | obs=12-D | miss_tanh_scale=3000m shaping_gamma=1 effort_weight=5 precision_weight=50 -> out=/Users/vincenzo/Desktop/Projects/Physics Sim Project/missile_guidance_sim/outputs/evasive_zemtgo10_seed5
---------------------------------
| rollout/           |          |
|    ep_len_mean     | 1.29e+03 |
|    ep_rew_mean     | 90.7     |
| time/              |          |
|    fps             | 5220     |
|    iterations      | 1        |
|    time_elapsed    | 0        |
|    total_timesteps | 1230848  |
---------------------------------
-----------------------------------------
| rollout/                |             |
|    ep_len_mean          | 1.28e+03    |
|    ep_rew_mean          | 90.8        |
| time/                   |             |
|    fps                  | 1962        |
|    iterations           | 2           |
|    time_elapsed         | 2           |
|    total_timesteps      | 1232896     |
| train/                  |             |
|    approx_kl            | 0.025468156 |
|    clip_fraction        | 0.243       |
|    clip_range           | 0.2         |
|    entropy_loss         | 1.16        |
|    explained_variance   | 0.912       |
|    learning_rate        | 5e-05       |
|    loss                 | 0.955       |
|    n_updates            | 3005        |
|    policy_gradient_loss | 0.0111      |
|    std                  | 0.135       |
|    value_loss           | 3.44        |
-----------------------------------------
-----------------------------------------
| rollout/                |             |
|    ep_len_mean          | 1.27e+03    |
|    ep_rew_mean          | 94.4        |
| time/                   |             |
|    fps                  | 1808        |
|    iterations           | 3           |
|    time_elapsed         | 3           |
|    total_timesteps      | 1234944     |
| train/                  |             |
|    approx_kl            | 0.028661583 |
|    clip_fraction        | 0.308       |
|    clip_range           | 0.2         |
|    entropy_loss         | 1.16        |
|    explained_variance   | 0.761       |
|    learning_rate        | 5e-05       |
|    loss                 | 1.88        |
|    n_updates            | 3010        |
|    policy_gradient_loss | 0.0201      |
|    std                  | 0.135       |
|    value_loss           | 31.6        |
-----------------------------------------
-----------------------------------------
| rollout/                |             |
|    ep_len_mean          | 1.27e+03    |
|    ep_rew_mean          | 94.4        |
| time/                   |             |
|    fps                  | 1728        |
|    iterations           | 4           |
|    time_elapsed         | 4           |
|    total_timesteps      | 1236992     |
| train/                  |             |
|    approx_kl            | 0.008366648 |
|    clip_fraction        | 0.113       |
|    clip_range           | 0.2         |
|    entropy_loss         | 1.16        |
|    explained_variance   | 0.579       |
|    learning_rate        | 5e-05       |
|    loss                 | 3.24        |
|    n_updates            | 3015        |
|    policy_gradient_loss | 0.00333     |
|    std                  | 0.135       |
|    value_loss           | 136         |
-----------------------------------------
-----------------------------------------
| rollout/                |             |
|    ep_len_mean          | 1.26e+03    |
|    ep_rew_mean          | 96.6        |
| time/                   |             |
|    fps                  | 1720        |
|    iterations           | 5           |
|    time_elapsed         | 5           |
|    total_timesteps      | 1239040     |
| train/                  |             |
|    approx_kl            | 0.044161323 |
|    clip_fraction        | 0.233       |
|    clip_range           | 0.2         |
|    entropy_loss         | 1.16        |
|    explained_variance   | 0.911       |
|    learning_rate        | 5e-05       |
|    loss                 | 0.98        |
|    n_updates            | 3020        |
|    policy_gradient_loss | 0.0149      |
|    std                  | 0.135       |
|    value_loss           | 3.91        |
-----------------------------------------
-----------------------------------------
| rollout/                |             |
|    ep_len_mean          | 1.25e+03    |
|    ep_rew_mean          | 96.9        |
| time/                   |             |
|    fps                  | 1682        |
|    iterations           | 6           |
|    time_elapsed         | 7           |
|    total_timesteps      | 1241088     |
| train/                  |             |
|    approx_kl            | 0.022268998 |
|    clip_fraction        | 0.223       |
|    clip_range           | 0.2         |
|    entropy_loss         | 1.16        |
|    explained_variance   | 0.671       |
|    learning_rate        | 5e-05       |
|    loss                 | 0.229       |
|    n_updates            | 3025        |
|    policy_gradient_loss | 0.0125      |
|    std                  | 0.135       |
|    value_loss           | 111         |
-----------------------------------------
-----------------------------------------
| rollout/                |             |
|    ep_len_mean          | 1.27e+03    |
|    ep_rew_mean          | 95.1        |
| time/                   |             |
|    fps                  | 1649        |
|    iterations           | 7           |
|    time_elapsed         | 8           |
|    total_timesteps      | 1243136     |
| train/                  |             |
|    approx_kl            | 0.011045636 |
|    clip_fraction        | 0.123       |
|    clip_range           | 0.2         |
|    entropy_loss         | 1.16        |
|    explained_variance   | 0.726       |
|    learning_rate        | 5e-05       |
|    loss                 | 4.99        |
|    n_updates            | 3030        |
|    policy_gradient_loss | 0.000489    |
|    std                  | 0.135       |
|    value_loss           | 45.1        |
-----------------------------------------
----------------------------------------
| rollout/                |            |
|    ep_len_mean          | 1.26e+03   |
|    ep_rew_mean          | 97.2       |
| time/                   |            |
|    fps                  | 1642       |
|    iterations           | 8          |
|    time_elapsed         | 9          |
|    total_timesteps      | 1245184    |
| train/                  |            |
|    approx_kl            | 0.00706465 |
|    clip_fraction        | 0.0875     |
|    clip_range           | 0.2        |
|    entropy_loss         | 1.16       |
|    explained_variance   | 0.873      |
|    learning_rate        | 5e-05      |
|    loss                 | 1.17       |
|    n_updates            | 3035       |
|    policy_gradient_loss | -0.0009    |
|    std                  | 0.135      |
|    value_loss           | 21.8       |
----------------------------------------
-----------------------------------------
| rollout/                |             |
|    ep_len_mean          | 1.26e+03    |
|    ep_rew_mean          | 97.7        |
| time/                   |             |
|    fps                  | 1623        |
|    iterations           | 9           |
|    time_elapsed         | 11          |
|    total_timesteps      | 1247232     |
| train/                  |             |
|    approx_kl            | 0.013806018 |
|    clip_fraction        | 0.105       |
|    clip_range           | 0.2         |
|    entropy_loss         | 1.16        |
|    explained_variance   | 0.686       |
|    learning_rate        | 5e-05       |
|    loss                 | 111         |
|    n_updates            | 3040        |
|    policy_gradient_loss | 0.00154     |
|    std                  | 0.135       |
|    value_loss           | 96.8        |
-----------------------------------------
-----------------------------------------
| rollout/                |             |
|    ep_len_mean          | 1.25e+03    |
|    ep_rew_mean          | 98.1        |
| time/                   |             |
|    fps                  | 1608        |
|    iterations           | 10          |
|    time_elapsed         | 12          |
|    total_timesteps      | 1249280     |
| train/                  |             |
|    approx_kl            | 0.011137132 |
|    clip_fraction        | 0.0892      |
|    clip_range           | 0.2         |
|    entropy_loss         | 1.16        |
|    explained_variance   | 0.722       |
|    learning_rate        | 5e-05       |
|    loss                 | 20.6        |
|    n_updates            | 3045        |
|    policy_gradient_loss | 0.00145     |
|    std                  | 0.135       |
|    value_loss           | 71.2        |
-----------------------------------------
-----------------------------------------
| rollout/                |             |
|    ep_len_mean          | 1.25e+03    |
|    ep_rew_mean          | 98.5        |
| time/                   |             |
|    fps                  | 1590        |
|    iterations           | 11          |
|    time_elapsed         | 14          |
|    total_timesteps      | 1251328     |
| train/                  |             |
|    approx_kl            | 0.043101344 |
|    clip_fraction        | 0.144       |
|    clip_range           | 0.2         |
|    entropy_loss         | 1.16        |
|    explained_variance   | 0.753       |
|    learning_rate        | 5e-05       |
|    loss                 | 0.139       |
|    n_updates            | 3050        |
|    policy_gradient_loss | 0.00601     |
|    std                  | 0.135       |
|    value_loss           | 47.4        |
-----------------------------------------
------------------------------------------
| rollout/                |              |
|    ep_len_mean          | 1.24e+03     |
|    ep_rew_mean          | 99.5         |
| time/                   |              |
|    fps                  | 1585         |
|    iterations           | 12           |
|    time_elapsed         | 15           |
|    total_timesteps      | 1253376      |
| train/                  |              |
|    approx_kl            | 0.0098496955 |
|    clip_fraction        | 0.124        |
|    clip_range           | 0.2          |
|    entropy_loss         | 1.17         |
|    explained_variance   | 0.711        |
|    learning_rate        | 5e-05        |
|    loss                 | 0.524        |
|    n_updates            | 3055         |
|    policy_gradient_loss | 7.22e-05     |
|    std                  | 0.135        |
|    value_loss           | 73.8         |
------------------------------------------
-----------------------------------------
| rollout/                |             |
|    ep_len_mean          | 1.24e+03    |
|    ep_rew_mean          | 100         |
| time/                   |             |
|    fps                  | 1579        |
|    iterations           | 13          |
|    time_elapsed         | 16          |
|    total_timesteps      | 1255424     |
| train/                  |             |
|    approx_kl            | 0.013386434 |
|    clip_fraction        | 0.0835      |
|    clip_range           | 0.2         |
|    entropy_loss         | 1.17        |
|    explained_variance   | 0.783       |
|    learning_rate        | 5e-05       |
|    loss                 | 5.98        |
|    n_updates            | 3060        |
|    policy_gradient_loss | -0.000776   |
|    std                  | 0.135       |
|    value_loss           | 37.3        |
-----------------------------------------
-----------------------------------------
| rollout/                |             |
|    ep_len_mean          | 1.24e+03    |
|    ep_rew_mean          | 101         |
| time/                   |             |
|    fps                  | 1577        |
|    iterations           | 14          |
|    time_elapsed         | 18          |
|    total_timesteps      | 1257472     |
| train/                  |             |
|    approx_kl            | 0.019156605 |
|    clip_fraction        | 0.143       |
|    clip_range           | 0.2         |
|    entropy_loss         | 1.17        |
|    explained_variance   | 0.708       |
|    learning_rate        | 5e-05       |
|    loss                 | 1.22        |
|    n_updates            | 3065        |
|    policy_gradient_loss | 0.00523     |
|    std                  | 0.135       |
|    value_loss           | 83.2        |
-----------------------------------------
-----------------------------------------
| rollout/                |             |
|    ep_len_mean          | 1.24e+03    |
|    ep_rew_mean          | 101         |
| time/                   |             |
|    fps                  | 1575        |
|    iterations           | 15          |
|    time_elapsed         | 19          |
|    total_timesteps      | 1259520     |
| train/                  |             |
|    approx_kl            | 0.006447874 |
|    clip_fraction        | 0.093       |
|    clip_range           | 0.2         |
|    entropy_loss         | 1.17        |
|    explained_variance   | 0.69        |
|    learning_rate        | 5e-05       |
|    loss                 | 0.69        |
|    n_updates            | 3070        |
|    policy_gradient_loss | -0.00121    |
|    std                  | 0.135       |
|    value_loss           | 52.8        |
-----------------------------------------
-----------------------------------------
| rollout/                |             |
|    ep_len_mean          | 1.22e+03    |
|    ep_rew_mean          | 105         |
| time/                   |             |
|    fps                  | 1574        |
|    iterations           | 16          |
|    time_elapsed         | 20          |
|    total_timesteps      | 1261568     |
| train/                  |             |
|    approx_kl            | 0.009306389 |
|    clip_fraction        | 0.0733      |
|    clip_range           | 0.2         |
|    entropy_loss         | 1.17        |
|    explained_variance   | 0.692       |
|    learning_rate        | 5e-05       |
|    loss                 | 5.37        |
|    n_updates            | 3075        |
|    policy_gradient_loss | -0.00197    |
|    std                  | 0.135       |
|    value_loss           | 83.3        |
-----------------------------------------
----------------------------------------
| rollout/                |            |
|    ep_len_mean          | 1.21e+03   |
|    ep_rew_mean          | 105        |
| time/                   |            |
|    fps                  | 1562       |
|    iterations           | 17         |
|    time_elapsed         | 22         |
|    total_timesteps      | 1263616    |
| train/                  |            |
|    approx_kl            | 0.00616365 |
|    clip_fraction        | 0.0698     |
|    clip_range           | 0.2        |
|    entropy_loss         | 1.17       |
|    explained_variance   | 0.795      |
|    learning_rate        | 5e-05      |
|    loss                 | 191        |
|    n_updates            | 3080       |
|    policy_gradient_loss | -0.00124   |
|    std                  | 0.135      |
|    value_loss           | 86.5       |
----------------------------------------
-----------------------------------------
| rollout/                |             |
|    ep_len_mean          | 1.21e+03    |
|    ep_rew_mean          | 106         |
| time/                   |             |
|    fps                  | 1554        |
|    iterations           | 18          |
|    time_elapsed         | 23          |
|    total_timesteps      | 1265664     |
| train/                  |             |
|    approx_kl            | 0.010799253 |
|    clip_fraction        | 0.0956      |
|    clip_range           | 0.2         |
|    entropy_loss         | 1.17        |
|    explained_variance   | 0.752       |
|    learning_rate        | 5e-05       |
|    loss                 | 44.1        |
|    n_updates            | 3085        |
|    policy_gradient_loss | -0.00383    |
|    std                  | 0.135       |
|    value_loss           | 75.8        |
-----------------------------------------
-----------------------------------------
| rollout/                |             |
|    ep_len_mean          | 1.21e+03    |
|    ep_rew_mean          | 106         |
| time/                   |             |
|    fps                  | 1549        |
|    iterations           | 19          |
|    time_elapsed         | 25          |
|    total_timesteps      | 1267712     |
| train/                  |             |
|    approx_kl            | 0.009766622 |
|    clip_fraction        | 0.106       |
|    clip_range           | 0.2         |
|    entropy_loss         | 1.17        |
|    explained_variance   | 0.759       |
|    learning_rate        | 5e-05       |
|    loss                 | 1.06        |
|    n_updates            | 3090        |
|    policy_gradient_loss | 0.00304     |
|    std                  | 0.135       |
|    value_loss           | 76.4        |
-----------------------------------------
-----------------------------------------
| rollout/                |             |
|    ep_len_mean          | 1.21e+03    |
|    ep_rew_mean          | 107         |
| time/                   |             |
|    fps                  | 1548        |
|    iterations           | 20          |
|    time_elapsed         | 26          |
|    total_timesteps      | 1269760     |
| train/                  |             |
|    approx_kl            | 0.023230666 |
|    clip_fraction        | 0.125       |
|    clip_range           | 0.2         |
|    entropy_loss         | 1.17        |
|    explained_variance   | 0.863       |
|    learning_rate        | 5e-05       |
|    loss                 | 0.721       |
|    n_updates            | 3095        |
|    policy_gradient_loss | 0.00595     |
|    std                  | 0.135       |
|    value_loss           | 19.1        |
-----------------------------------------
-----------------------------------------
| rollout/                |             |
|    ep_len_mean          | 1.21e+03    |
|    ep_rew_mean          | 107         |
| time/                   |             |
|    fps                  | 1543        |
|    iterations           | 21          |
|    time_elapsed         | 27          |
|    total_timesteps      | 1271808     |
| train/                  |             |
|    approx_kl            | 0.010665168 |
|    clip_fraction        | 0.167       |
|    clip_range           | 0.2         |
|    entropy_loss         | 1.17        |
|    explained_variance   | 0.826       |
|    learning_rate        | 5e-05       |
|    loss                 | 0.418       |
|    n_updates            | 3100        |
|    policy_gradient_loss | 0.00178     |
|    std                  | 0.135       |
|    value_loss           | 102         |
-----------------------------------------
----------------------------------------
| rollout/                |            |
|    ep_len_mean          | 1.22e+03   |
|    ep_rew_mean          | 106        |
| time/                   |            |
|    fps                  | 1546       |
|    iterations           | 22         |
|    time_elapsed         | 29         |
|    total_timesteps      | 1273856    |
| train/                  |            |
|    approx_kl            | 0.03781828 |
|    clip_fraction        | 0.219      |
|    clip_range           | 0.2        |
|    entropy_loss         | 1.17       |
|    explained_variance   | 0.981      |
|    learning_rate        | 5e-05      |
|    loss                 | 1.45       |
|    n_updates            | 3105       |
|    policy_gradient_loss | 0.00768    |
|    std                  | 0.135      |
|    value_loss           | 3.35       |
----------------------------------------
-----------------------------------------
| rollout/                |             |
|    ep_len_mean          | 1.2e+03     |
|    ep_rew_mean          | 109         |
| time/                   |             |
|    fps                  | 1536        |
|    iterations           | 23          |
|    time_elapsed         | 30          |
|    total_timesteps      | 1275904     |
| train/                  |             |
|    approx_kl            | 0.014587815 |
|    clip_fraction        | 0.153       |
|    clip_range           | 0.2         |
|    entropy_loss         | 1.17        |
|    explained_variance   | 0.653       |
|    learning_rate        | 5e-05       |
|    loss                 | 21.4        |
|    n_updates            | 3110        |
|    policy_gradient_loss | 0.00129     |
|    std                  | 0.135       |
|    value_loss           | 106         |
-----------------------------------------
------------------------------------------
| rollout/                |              |
|    ep_len_mean          | 1.19e+03     |
|    ep_rew_mean          | 109          |
| time/                   |              |
|    fps                  | 1526         |
|    iterations           | 24           |
|    time_elapsed         | 32           |
|    total_timesteps      | 1277952      |
| train/                  |              |
|    approx_kl            | 0.0065766037 |
|    clip_fraction        | 0.137        |
|    clip_range           | 0.2          |
|    entropy_loss         | 1.17         |
|    explained_variance   | 0.696        |
|    learning_rate        | 5e-05        |
|    loss                 | 102          |
|    n_updates            | 3115         |
|    policy_gradient_loss | 0.00305      |
|    std                  | 0.135        |
|    value_loss           | 114          |
------------------------------------------
-----------------------------------------
| rollout/                |             |
|    ep_len_mean          | 1.19e+03    |
|    ep_rew_mean          | 110         |
| time/                   |             |
|    fps                  | 1518        |
|    iterations           | 25          |
|    time_elapsed         | 33          |
|    total_timesteps      | 1280000     |
| train/                  |             |
|    approx_kl            | 0.012736748 |
|    clip_fraction        | 0.109       |
|    clip_range           | 0.2         |
|    entropy_loss         | 1.17        |
|    explained_variance   | 0.695       |
|    learning_rate        | 5e-05       |
|    loss                 | 2.32        |
|    n_updates            | 3120        |
|    policy_gradient_loss | -0.00291    |
|    std                  | 0.135       |
|    value_loss           | 43.9        |
-----------------------------------------
------------------------------------------
| rollout/                |              |
|    ep_len_mean          | 1.21e+03     |
|    ep_rew_mean          | 109          |
| time/                   |              |
|    fps                  | 1515         |
|    iterations           | 26           |
|    time_elapsed         | 35           |
|    total_timesteps      | 1282048      |
| train/                  |              |
|    approx_kl            | 0.0033157722 |
|    clip_fraction        | 0.0282       |
|    clip_range           | 0.2          |
|    entropy_loss         | 1.17         |
|    explained_variance   | 0.746        |
|    learning_rate        | 5e-05        |
|    loss                 | 140          |
|    n_updates            | 3125         |
|    policy_gradient_loss | -0.000975    |
|    std                  | 0.135        |
|    value_loss           | 38.8         |
------------------------------------------
------------------------------------------
| rollout/                |              |
|    ep_len_mean          | 1.21e+03     |
|    ep_rew_mean          | 110          |
| time/                   |              |
|    fps                  | 1507         |
|    iterations           | 27           |
|    time_elapsed         | 36           |
|    total_timesteps      | 1284096      |
| train/                  |              |
|    approx_kl            | 0.0072110705 |
|    clip_fraction        | 0.0715       |
|    clip_range           | 0.2          |
|    entropy_loss         | 1.17         |
|    explained_variance   | 0.685        |
|    learning_rate        | 5e-05        |
|    loss                 | 122          |
|    n_updates            | 3130         |
|    policy_gradient_loss | -0.0018      |
|    std                  | 0.135        |
|    value_loss           | 88.5         |
------------------------------------------
-----------------------------------------
| rollout/                |             |
|    ep_len_mean          | 1.21e+03    |
|    ep_rew_mean          | 111         |
| time/                   |             |
|    fps                  | 1502        |
|    iterations           | 28          |
|    time_elapsed         | 38          |
|    total_timesteps      | 1286144     |
| train/                  |             |
|    approx_kl            | 0.004169588 |
|    clip_fraction        | 0.0896      |
|    clip_range           | 0.2         |
|    entropy_loss         | 1.17        |
|    explained_variance   | 0.726       |
|    learning_rate        | 5e-05       |
|    loss                 | 179         |
|    n_updates            | 3135        |
|    policy_gradient_loss | 0.00344     |
|    std                  | 0.135       |
|    value_loss           | 90.4        |
-----------------------------------------
-----------------------------------------
| rollout/                |             |
|    ep_len_mean          | 1.2e+03     |
|    ep_rew_mean          | 113         |
| time/                   |             |
|    fps                  | 1492        |
|    iterations           | 29          |
|    time_elapsed         | 39          |
|    total_timesteps      | 1288192     |
| train/                  |             |
|    approx_kl            | 0.010705024 |
|    clip_fraction        | 0.102       |
|    clip_range           | 0.2         |
|    entropy_loss         | 1.17        |
|    explained_variance   | 0.726       |
|    learning_rate        | 5e-05       |
|    loss                 | 1.63        |
|    n_updates            | 3140        |
|    policy_gradient_loss | 0.000716    |
|    std                  | 0.135       |
|    value_loss           | 82.3        |
-----------------------------------------
-----------------------------------------
| rollout/                |             |
|    ep_len_mean          | 1.19e+03    |
|    ep_rew_mean          | 115         |
| time/                   |             |
|    fps                  | 1485        |
|    iterations           | 30          |
|    time_elapsed         | 41          |
|    total_timesteps      | 1290240     |
| train/                  |             |
|    approx_kl            | 0.009259386 |
|    clip_fraction        | 0.0649      |
|    clip_range           | 0.2         |
|    entropy_loss         | 1.17        |
|    explained_variance   | 0.646       |
|    learning_rate        | 5e-05       |
|    loss                 | 182         |
|    n_updates            | 3145        |
|    policy_gradient_loss | 0.00247     |
|    std                  | 0.135       |
|    value_loss           | 114         |
-----------------------------------------
------------------------------------------
| rollout/                |              |
|    ep_len_mean          | 1.19e+03     |
|    ep_rew_mean          | 115          |
| time/                   |              |
|    fps                  | 1477         |
|    iterations           | 31           |
|    time_elapsed         | 42           |
|    total_timesteps      | 1292288      |
| train/                  |              |
|    approx_kl            | 0.0062599033 |
|    clip_fraction        | 0.0596       |
|    clip_range           | 0.2          |
|    entropy_loss         | 1.17         |
|    explained_variance   | 0.793        |
|    learning_rate        | 5e-05        |
|    loss                 | 146          |
|    n_updates            | 3150         |
|    policy_gradient_loss | -0.00263     |
|    std                  | 0.135        |
|    value_loss           | 73.5         |
------------------------------------------
-----------------------------------------
| rollout/                |             |
|    ep_len_mean          | 1.19e+03    |
|    ep_rew_mean          | 115         |
| time/                   |             |
|    fps                  | 1474        |
|    iterations           | 32          |
|    time_elapsed         | 44          |
|    total_timesteps      | 1294336     |
| train/                  |             |
|    approx_kl            | 0.012529068 |
|    clip_fraction        | 0.0902      |
|    clip_range           | 0.2         |
|    entropy_loss         | 1.17        |
|    explained_variance   | 0.734       |
|    learning_rate        | 5e-05       |
|    loss                 | 1.85        |
|    n_updates            | 3155        |
|    policy_gradient_loss | 0.000821    |
|    std                  | 0.135       |
|    value_loss           | 39.8        |
-----------------------------------------
-----------------------------------------
| rollout/                |             |
|    ep_len_mean          | 1.19e+03    |
|    ep_rew_mean          | 116         |
| time/                   |             |
|    fps                  | 1473        |
|    iterations           | 33          |
|    time_elapsed         | 45          |
|    total_timesteps      | 1296384     |
| train/                  |             |
|    approx_kl            | 0.008449951 |
|    clip_fraction        | 0.105       |
|    clip_range           | 0.2         |
|    entropy_loss         | 1.17        |
|    explained_variance   | 0.715       |
|    learning_rate        | 5e-05       |
|    loss                 | 0.868       |
|    n_updates            | 3160        |
|    policy_gradient_loss | 0.00376     |
|    std                  | 0.135       |
|    value_loss           | 77.9        |
-----------------------------------------
----------------------------------------
| rollout/                |            |
|    ep_len_mean          | 1.19e+03   |
|    ep_rew_mean          | 116        |
| time/                   |            |
|    fps                  | 1474       |
|    iterations           | 34         |
|    time_elapsed         | 47         |
|    total_timesteps      | 1298432    |
| train/                  |            |
|    approx_kl            | 0.05268836 |
|    clip_fraction        | 0.155      |
|    clip_range           | 0.2        |
|    entropy_loss         | 1.17       |
|    explained_variance   | 0.836      |
|    learning_rate        | 5e-05      |
|    loss                 | 1.72       |
|    n_updates            | 3165       |
|    policy_gradient_loss | 0.00582    |
|    std                  | 0.135      |
|    value_loss           | 49.3       |
----------------------------------------
-----------------------------------------
| rollout/                |             |
|    ep_len_mean          | 1.21e+03    |
|    ep_rew_mean          | 114         |
| time/                   |             |
|    fps                  | 1479        |
|    iterations           | 35          |
|    time_elapsed         | 48          |
|    total_timesteps      | 1300480     |
| train/                  |             |
|    approx_kl            | 0.010945506 |
|    clip_fraction        | 0.115       |
|    clip_range           | 0.2         |
|    entropy_loss         | 1.17        |
|    explained_variance   | 0.843       |
|    learning_rate        | 5e-05       |
|    loss                 | 104         |
|    n_updates            | 3170        |
|    policy_gradient_loss | 0.00365     |
|    std                  | 0.135       |
|    value_loss           | 30.3        |
-----------------------------------------
------------------------------------------
| rollout/                |              |
|    ep_len_mean          | 1.23e+03     |
|    ep_rew_mean          | 113          |
| time/                   |              |
|    fps                  | 1472         |
|    iterations           | 36           |
|    time_elapsed         | 50           |
|    total_timesteps      | 1302528      |
| train/                  |              |
|    approx_kl            | 0.0155004505 |
|    clip_fraction        | 0.104        |
|    clip_range           | 0.2          |
|    entropy_loss         | 1.17         |
|    explained_variance   | 0.67         |
|    learning_rate        | 5e-05        |
|    loss                 | 0.0715       |
|    n_updates            | 3175         |
|    policy_gradient_loss | 0.0034       |
|    std                  | 0.135        |
|    value_loss           | 62.1         |
------------------------------------------
-----------------------------------------
| rollout/                |             |
|    ep_len_mean          | 1.23e+03    |
|    ep_rew_mean          | 113         |
| time/                   |             |
|    fps                  | 1471        |
|    iterations           | 37          |
|    time_elapsed         | 51          |
|    total_timesteps      | 1304576     |
| train/                  |             |
|    approx_kl            | 0.008940125 |
|    clip_fraction        | 0.0964      |
|    clip_range           | 0.2         |
|    entropy_loss         | 1.17        |
|    explained_variance   | 0.826       |
|    learning_rate        | 5e-05       |
|    loss                 | 40.7        |
|    n_updates            | 3180        |
|    policy_gradient_loss | 0.00188     |
|    std                  | 0.135       |
|    value_loss           | 48.3        |
-----------------------------------------
------------------------------------------
| rollout/                |              |
|    ep_len_mean          | 1.23e+03     |
|    ep_rew_mean          | 114          |
| time/                   |              |
|    fps                  | 1475         |
|    iterations           | 38           |
|    time_elapsed         | 52           |
|    total_timesteps      | 1306624      |
| train/                  |              |
|    approx_kl            | 0.0033912868 |
|    clip_fraction        | 0.0135       |
|    clip_range           | 0.2          |
|    entropy_loss         | 1.17         |
|    explained_variance   | 0.91         |
|    learning_rate        | 5e-05        |
|    loss                 | 0.614        |
|    n_updates            | 3185         |
|    policy_gradient_loss | -0.00102     |
|    std                  | 0.135        |
|    value_loss           | 30.8         |
------------------------------------------
-----------------------------------------
| rollout/                |             |
|    ep_len_mean          | 1.23e+03    |
|    ep_rew_mean          | 113         |
| time/                   |             |
|    fps                  | 1470        |
|    iterations           | 39          |
|    time_elapsed         | 54          |
|    total_timesteps      | 1308672     |
| train/                  |             |
|    approx_kl            | 0.007584673 |
|    clip_fraction        | 0.0427      |
|    clip_range           | 0.2         |
|    entropy_loss         | 1.17        |
|    explained_variance   | 0.7         |
|    learning_rate        | 5e-05       |
|    loss                 | 0.945       |
|    n_updates            | 3190        |
|    policy_gradient_loss | 0.000457    |
|    std                  | 0.135       |
|    value_loss           | 90.1        |
-----------------------------------------
-----------------------------------------
| rollout/                |             |
|    ep_len_mean          | 1.22e+03    |
|    ep_rew_mean          | 114         |
| time/                   |             |
|    fps                  | 1470        |
|    iterations           | 40          |
|    time_elapsed         | 55          |
|    total_timesteps      | 1310720     |
| train/                  |             |
|    approx_kl            | 0.006879694 |
|    clip_fraction        | 0.0361      |
|    clip_range           | 0.2         |
|    entropy_loss         | 1.17        |
|    explained_variance   | 0.871       |
|    learning_rate        | 5e-05       |
|    loss                 | 3.92        |
|    n_updates            | 3195        |
|    policy_gradient_loss | -0.000946   |
|    std                  | 0.135       |
|    value_loss           | 19.3        |
-----------------------------------------
-----------------------------------------
| rollout/                |             |
|    ep_len_mean          | 1.24e+03    |
|    ep_rew_mean          | 114         |
| time/                   |             |
|    fps                  | 1469        |
|    iterations           | 41          |
|    time_elapsed         | 57          |
|    total_timesteps      | 1312768     |
| train/                  |             |
|    approx_kl            | 0.010968041 |
|    clip_fraction        | 0.112       |
|    clip_range           | 0.2         |
|    entropy_loss         | 1.17        |
|    explained_variance   | 0.424       |
|    learning_rate        | 5e-05       |
|    loss                 | 9.53        |
|    n_updates            | 3200        |
|    policy_gradient_loss | -0.00185    |
|    std                  | 0.134       |
|    value_loss           | 98.2        |
-----------------------------------------
------------------------------------------
| rollout/                |              |
|    ep_len_mean          | 1.24e+03     |
|    ep_rew_mean          | 114          |
| time/                   |              |
|    fps                  | 1466         |
|    iterations           | 42           |
|    time_elapsed         | 58           |
|    total_timesteps      | 1314816      |
| train/                  |              |
|    approx_kl            | 0.0051205577 |
|    clip_fraction        | 0.0432       |
|    clip_range           | 0.2          |
|    entropy_loss         | 1.18         |
|    explained_variance   | 0.538        |
|    learning_rate        | 5e-05        |
|    loss                 | 193          |
|    n_updates            | 3205         |
|    policy_gradient_loss | -0.00069     |
|    std                  | 0.134        |
|    value_loss           | 137          |
------------------------------------------
-----------------------------------------
| rollout/                |             |
|    ep_len_mean          | 1.24e+03    |
|    ep_rew_mean          | 115         |
| time/                   |             |
|    fps                  | 1468        |
|    iterations           | 43          |
|    time_elapsed         | 59          |
|    total_timesteps      | 1316864     |
| train/                  |             |
|    approx_kl            | 0.007914254 |
|    clip_fraction        | 0.0432      |
|    clip_range           | 0.2         |
|    entropy_loss         | 1.18        |
|    explained_variance   | 0.683       |
|    learning_rate        | 5e-05       |
|    loss                 | 1.65        |
|    n_updates            | 3210        |
|    policy_gradient_loss | 0.000311    |
|    std                  | 0.134       |
|    value_loss           | 57.2        |
-----------------------------------------
-----------------------------------------
| rollout/                |             |
|    ep_len_mean          | 1.23e+03    |
|    ep_rew_mean          | 116         |
| time/                   |             |
|    fps                  | 1470        |
|    iterations           | 44          |
|    time_elapsed         | 61          |
|    total_timesteps      | 1318912     |
| train/                  |             |
|    approx_kl            | 0.009973748 |
|    clip_fraction        | 0.0591      |
|    clip_range           | 0.2         |
|    entropy_loss         | 1.18        |
|    explained_variance   | 0.766       |
|    learning_rate        | 5e-05       |
|    loss                 | 2.3         |
|    n_updates            | 3215        |
|    policy_gradient_loss | -0.00257    |
|    std                  | 0.134       |
|    value_loss           | 59.5        |
-----------------------------------------
-----------------------------------------
| rollout/                |             |
|    ep_len_mean          | 1.23e+03    |
|    ep_rew_mean          | 116         |
| time/                   |             |
|    fps                  | 1470        |
|    iterations           | 45          |
|    time_elapsed         | 62          |
|    total_timesteps      | 1320960     |
| train/                  |             |
|    approx_kl            | 0.010542466 |
|    clip_fraction        | 0.0696      |
|    clip_range           | 0.2         |
|    entropy_loss         | 1.18        |
|    explained_variance   | 0.527       |
|    learning_rate        | 5e-05       |
|    loss                 | 11.1        |
|    n_updates            | 3220        |
|    policy_gradient_loss | -0.00111    |
|    std                  | 0.134       |
|    value_loss           | 101         |
-----------------------------------------
------------------------------------------
| rollout/                |              |
|    ep_len_mean          | 1.22e+03     |
|    ep_rew_mean          | 118          |
| time/                   |              |
|    fps                  | 1467         |
|    iterations           | 46           |
|    time_elapsed         | 64           |
|    total_timesteps      | 1323008      |
| train/                  |              |
|    approx_kl            | 0.0034718001 |
|    clip_fraction        | 0.0379       |
|    clip_range           | 0.2          |
|    entropy_loss         | 1.18         |
|    explained_variance   | 0.77         |
|    learning_rate        | 5e-05        |
|    loss                 | 1.52         |
|    n_updates            | 3225         |
|    policy_gradient_loss | -0.00328     |
|    std                  | 0.134        |
|    value_loss           | 98.7         |
------------------------------------------
-----------------------------------------
| rollout/                |             |
|    ep_len_mean          | 1.23e+03    |
|    ep_rew_mean          | 117         |
| time/                   |             |
|    fps                  | 1465        |
|    iterations           | 47          |
|    time_elapsed         | 65          |
|    total_timesteps      | 1325056     |
| train/                  |             |
|    approx_kl            | 0.013291074 |
|    clip_fraction        | 0.095       |
|    clip_range           | 0.2         |
|    entropy_loss         | 1.18        |
|    explained_variance   | 0.814       |
|    learning_rate        | 5e-05       |
|    loss                 | 0.348       |
|    n_updates            | 3230        |
|    policy_gradient_loss | -0.00124    |
|    std                  | 0.134       |
|    value_loss           | 54.4        |
-----------------------------------------
------------------------------------------
| rollout/                |              |
|    ep_len_mean          | 1.23e+03     |
|    ep_rew_mean          | 118          |
| time/                   |              |
|    fps                  | 1463         |
|    iterations           | 48           |
|    time_elapsed         | 67           |
|    total_timesteps      | 1327104      |
| train/                  |              |
|    approx_kl            | 0.0031653612 |
|    clip_fraction        | 0.0931       |
|    clip_range           | 0.2          |
|    entropy_loss         | 1.18         |
|    explained_variance   | 0.774        |
|    learning_rate        | 5e-05        |
|    loss                 | 7.95         |
|    n_updates            | 3235         |
|    policy_gradient_loss | 0.00163      |
|    std                  | 0.134        |
|    value_loss           | 66.2         |
------------------------------------------
-----------------------------------------
| rollout/                |             |
|    ep_len_mean          | 1.23e+03    |
|    ep_rew_mean          | 118         |
| time/                   |             |
|    fps                  | 1461        |
|    iterations           | 49          |
|    time_elapsed         | 68          |
|    total_timesteps      | 1329152     |
| train/                  |             |
|    approx_kl            | 0.008117178 |
|    clip_fraction        | 0.0417      |
|    clip_range           | 0.2         |
|    entropy_loss         | 1.18        |
|    explained_variance   | 0.726       |
|    learning_rate        | 5e-05       |
|    loss                 | 36.3        |
|    n_updates            | 3240        |
|    policy_gradient_loss | -0.000913   |
|    std                  | 0.134       |
|    value_loss           | 66.2        |
-----------------------------------------
-----------------------------------------
| rollout/                |             |
|    ep_len_mean          | 1.23e+03    |
|    ep_rew_mean          | 120         |
| time/                   |             |
|    fps                  | 1462        |
|    iterations           | 50          |
|    time_elapsed         | 70          |
|    total_timesteps      | 1331200     |
| train/                  |             |
|    approx_kl            | 0.014970939 |
|    clip_fraction        | 0.15        |
|    clip_range           | 0.2         |
|    entropy_loss         | 1.18        |
|    explained_variance   | 0.644       |
|    learning_rate        | 5e-05       |
|    loss                 | 156         |
|    n_updates            | 3245        |
|    policy_gradient_loss | 0.00508     |
|    std                  | 0.134       |
|    value_loss           | 93.3        |
-----------------------------------------
-----------------------------------------
| rollout/                |             |
|    ep_len_mean          | 1.23e+03    |
|    ep_rew_mean          | 120         |
| time/                   |             |
|    fps                  | 1461        |
|    iterations           | 51          |
|    time_elapsed         | 71          |
|    total_timesteps      | 1333248     |
| train/                  |             |
|    approx_kl            | 0.006231934 |
|    clip_fraction        | 0.117       |
|    clip_range           | 0.2         |
|    entropy_loss         | 1.18        |
|    explained_variance   | 0.651       |
|    learning_rate        | 5e-05       |
|    loss                 | 4.48        |
|    n_updates            | 3250        |
|    policy_gradient_loss | 0.00294     |
|    std                  | 0.134       |
|    value_loss           | 50          |
-----------------------------------------
-----------------------------------------
| rollout/                |             |
|    ep_len_mean          | 1.23e+03    |
|    ep_rew_mean          | 121         |
| time/                   |             |
|    fps                  | 1464        |
|    iterations           | 52          |
|    time_elapsed         | 72          |
|    total_timesteps      | 1335296     |
| train/                  |             |
|    approx_kl            | 0.006228469 |
|    clip_fraction        | 0.0385      |
|    clip_range           | 0.2         |
|    entropy_loss         | 1.18        |
|    explained_variance   | 0.76        |
|    learning_rate        | 5e-05       |
|    loss                 | 1.38        |
|    n_updates            | 3255        |
|    policy_gradient_loss | -0.00122    |
|    std                  | 0.134       |
|    value_loss           | 64.4        |
-----------------------------------------
-----------------------------------------
| rollout/                |             |
|    ep_len_mean          | 1.23e+03    |
|    ep_rew_mean          | 121         |
| time/                   |             |
|    fps                  | 1464        |
|    iterations           | 53          |
|    time_elapsed         | 74          |
|    total_timesteps      | 1337344     |
| train/                  |             |
|    approx_kl            | 0.008977229 |
|    clip_fraction        | 0.113       |
|    clip_range           | 0.2         |
|    entropy_loss         | 1.18        |
|    explained_variance   | 0.743       |
|    learning_rate        | 5e-05       |
|    loss                 | 204         |
|    n_updates            | 3260        |
|    policy_gradient_loss | -0.00337    |
|    std                  | 0.134       |
|    value_loss           | 117         |
-----------------------------------------
-----------------------------------------
| rollout/                |             |
|    ep_len_mean          | 1.26e+03    |
|    ep_rew_mean          | 119         |
| time/                   |             |
|    fps                  | 1463        |
|    iterations           | 54          |
|    time_elapsed         | 75          |
|    total_timesteps      | 1339392     |
| train/                  |             |
|    approx_kl            | 0.013189518 |
|    clip_fraction        | 0.13        |
|    clip_range           | 0.2         |
|    entropy_loss         | 1.18        |
|    explained_variance   | 0.813       |
|    learning_rate        | 5e-05       |
|    loss                 | 0.875       |
|    n_updates            | 3265        |
|    policy_gradient_loss | 0.00125     |
|    std                  | 0.134       |
|    value_loss           | 46.3        |
-----------------------------------------
-----------------------------------------
| rollout/                |             |
|    ep_len_mean          | 1.26e+03    |
|    ep_rew_mean          | 119         |
| time/                   |             |
|    fps                  | 1460        |
|    iterations           | 55          |
|    time_elapsed         | 77          |
|    total_timesteps      | 1341440     |
| train/                  |             |
|    approx_kl            | 0.010626847 |
|    clip_fraction        | 0.121       |
|    clip_range           | 0.2         |
|    entropy_loss         | 1.18        |
|    explained_variance   | 0.674       |
|    learning_rate        | 5e-05       |
|    loss                 | 145         |
|    n_updates            | 3270        |
|    policy_gradient_loss | 0.000497    |
|    std                  | 0.134       |
|    value_loss           | 62.3        |
-----------------------------------------
-----------------------------------------
| rollout/                |             |
|    ep_len_mean          | 1.23e+03    |
|    ep_rew_mean          | 122         |
| time/                   |             |
|    fps                  | 1462        |
|    iterations           | 56          |
|    time_elapsed         | 78          |
|    total_timesteps      | 1343488     |
| train/                  |             |
|    approx_kl            | 0.007677315 |
|    clip_fraction        | 0.0586      |
|    clip_range           | 0.2         |
|    entropy_loss         | 1.18        |
|    explained_variance   | 0.968       |
|    learning_rate        | 5e-05       |
|    loss                 | 0.423       |
|    n_updates            | 3275        |
|    policy_gradient_loss | -0.00468    |
|    std                  | 0.134       |
|    value_loss           | 4.97        |
-----------------------------------------
-----------------------------------------
| rollout/                |             |
|    ep_len_mean          | 1.22e+03    |
|    ep_rew_mean          | 124         |
| time/                   |             |
|    fps                  | 1463        |
|    iterations           | 57          |
|    time_elapsed         | 79          |
|    total_timesteps      | 1345536     |
| train/                  |             |
|    approx_kl            | 0.004607072 |
|    clip_fraction        | 0.026       |
|    clip_range           | 0.2         |
|    entropy_loss         | 1.18        |
|    explained_variance   | 0.485       |
|    learning_rate        | 5e-05       |
|    loss                 | 0.498       |
|    n_updates            | 3280        |
|    policy_gradient_loss | -0.000283   |
|    std                  | 0.134       |
|    value_loss           | 136         |
-----------------------------------------
-----------------------------------------
| rollout/                |             |
|    ep_len_mean          | 1.22e+03    |
|    ep_rew_mean          | 125         |
| time/                   |             |
|    fps                  | 1465        |
|    iterations           | 58          |
|    time_elapsed         | 81          |
|    total_timesteps      | 1347584     |
| train/                  |             |
|    approx_kl            | 0.026851673 |
|    clip_fraction        | 0.122       |
|    clip_range           | 0.2         |
|    entropy_loss         | 1.18        |
|    explained_variance   | 0.599       |
|    learning_rate        | 5e-05       |
|    loss                 | 0.705       |
|    n_updates            | 3285        |
|    policy_gradient_loss | 0.00201     |
|    std                  | 0.134       |
|    value_loss           | 56.9        |
-----------------------------------------
------------------------------------------
| rollout/                |              |
|    ep_len_mean          | 1.22e+03     |
|    ep_rew_mean          | 125          |
| time/                   |              |
|    fps                  | 1467         |
|    iterations           | 59           |
|    time_elapsed         | 82           |
|    total_timesteps      | 1349632      |
| train/                  |              |
|    approx_kl            | 0.0044041863 |
|    clip_fraction        | 0.0833       |
|    clip_range           | 0.2          |
|    entropy_loss         | 1.18         |
|    explained_variance   | 0.418        |
|    learning_rate        | 5e-05        |
|    loss                 | 232          |
|    n_updates            | 3290         |
|    policy_gradient_loss | -0.00169     |
|    std                  | 0.134        |
|    value_loss           | 130          |
------------------------------------------
-----------------------------------------
| rollout/                |             |
|    ep_len_mean          | 1.22e+03    |
|    ep_rew_mean          | 125         |
| time/                   |             |
|    fps                  | 1466        |
|    iterations           | 60          |
|    time_elapsed         | 83          |
|    total_timesteps      | 1351680     |
| train/                  |             |
|    approx_kl            | 0.010441953 |
|    clip_fraction        | 0.0593      |
|    clip_range           | 0.2         |
|    entropy_loss         | 1.18        |
|    explained_variance   | 0.481       |
|    learning_rate        | 5e-05       |
|    loss                 | 1.24        |
|    n_updates            | 3295        |
|    policy_gradient_loss | -0.00211    |
|    std                  | 0.134       |
|    value_loss           | 41.5        |
-----------------------------------------
------------------------------------------
| rollout/                |              |
|    ep_len_mean          | 1.23e+03     |
|    ep_rew_mean          | 126          |
| time/                   |              |
|    fps                  | 1464         |
|    iterations           | 61           |
|    time_elapsed         | 85           |
|    total_timesteps      | 1353728      |
| train/                  |              |
|    approx_kl            | 0.0041610105 |
|    clip_fraction        | 0.0668       |
|    clip_range           | 0.2          |
|    entropy_loss         | 1.18         |
|    explained_variance   | 0.51         |
|    learning_rate        | 5e-05        |
|    loss                 | 134          |
|    n_updates            | 3300         |
|    policy_gradient_loss | -0.000797    |
|    std                  | 0.134        |
|    value_loss           | 90.7         |
------------------------------------------
-----------------------------------------
| rollout/                |             |
|    ep_len_mean          | 1.23e+03    |
|    ep_rew_mean          | 126         |
| time/                   |             |
|    fps                  | 1460        |
|    iterations           | 62          |
|    time_elapsed         | 86          |
|    total_timesteps      | 1355776     |
| train/                  |             |
|    approx_kl            | 0.010171821 |
|    clip_fraction        | 0.135       |
|    clip_range           | 0.2         |
|    entropy_loss         | 1.18        |
|    explained_variance   | 0.483       |
|    learning_rate        | 5e-05       |
|    loss                 | 103         |
|    n_updates            | 3305        |
|    policy_gradient_loss | 0.000605    |
|    std                  | 0.134       |
|    value_loss           | 97          |
-----------------------------------------
------------------------------------------
| rollout/                |              |
|    ep_len_mean          | 1.23e+03     |
|    ep_rew_mean          | 126          |
| time/                   |              |
|    fps                  | 1458         |
|    iterations           | 63           |
|    time_elapsed         | 88           |
|    total_timesteps      | 1357824      |
| train/                  |              |
|    approx_kl            | 0.0066872705 |
|    clip_fraction        | 0.105        |
|    clip_range           | 0.2          |
|    entropy_loss         | 1.18         |
|    explained_variance   | 0.783        |
|    learning_rate        | 5e-05        |
|    loss                 | 0.544        |
|    n_updates            | 3310         |
|    policy_gradient_loss | 0.00339      |
|    std                  | 0.134        |
|    value_loss           | 65           |
------------------------------------------
-----------------------------------------
| rollout/                |             |
|    ep_len_mean          | 1.23e+03    |
|    ep_rew_mean          | 126         |
| time/                   |             |
|    fps                  | 1458        |
|    iterations           | 64          |
|    time_elapsed         | 89          |
|    total_timesteps      | 1359872     |
| train/                  |             |
|    approx_kl            | 0.013039959 |
|    clip_fraction        | 0.107       |
|    clip_range           | 0.2         |
|    entropy_loss         | 1.18        |
|    explained_variance   | 0.78        |
|    learning_rate        | 5e-05       |
|    loss                 | 2.77        |
|    n_updates            | 3315        |
|    policy_gradient_loss | 0.00232     |
|    std                  | 0.134       |
|    value_loss           | 27.2        |
-----------------------------------------
-----------------------------------------
| rollout/                |             |
|    ep_len_mean          | 1.24e+03    |
|    ep_rew_mean          | 124         |
| time/                   |             |
|    fps                  | 1456        |
|    iterations           | 65          |
|    time_elapsed         | 91          |
|    total_timesteps      | 1361920     |
| train/                  |             |
|    approx_kl            | 0.015203001 |
|    clip_fraction        | 0.135       |
|    clip_range           | 0.2         |
|    entropy_loss         | 1.18        |
|    explained_variance   | 0.578       |
|    learning_rate        | 5e-05       |
|    loss                 | 239         |
|    n_updates            | 3320        |
|    policy_gradient_loss | 0.00432     |
|    std                  | 0.134       |
|    value_loss           | 121         |
-----------------------------------------
-----------------------------------------
| rollout/                |             |
|    ep_len_mean          | 1.23e+03    |
|    ep_rew_mean          | 127         |
| time/                   |             |
|    fps                  | 1455        |
|    iterations           | 66          |
|    time_elapsed         | 92          |
|    total_timesteps      | 1363968     |
| train/                  |             |
|    approx_kl            | 0.008254394 |
|    clip_fraction        | 0.0811      |
|    clip_range           | 0.2         |
|    entropy_loss         | 1.18        |
|    explained_variance   | 0.633       |
|    learning_rate        | 5e-05       |
|    loss                 | 1.77        |
|    n_updates            | 3325        |
|    policy_gradient_loss | 0.00148     |
|    std                  | 0.134       |
|    value_loss           | 55.1        |
-----------------------------------------
-----------------------------------------
| rollout/                |             |
|    ep_len_mean          | 1.22e+03    |
|    ep_rew_mean          | 128         |
| time/                   |             |
|    fps                  | 1453        |
|    iterations           | 67          |
|    time_elapsed         | 94          |
|    total_timesteps      | 1366016     |
| train/                  |             |
|    approx_kl            | 0.025656367 |
|    clip_fraction        | 0.136       |
|    clip_range           | 0.2         |
|    entropy_loss         | 1.18        |
|    explained_variance   | 0.697       |
|    learning_rate        | 5e-05       |
|    loss                 | 0.353       |
|    n_updates            | 3330        |
|    policy_gradient_loss | 0.00756     |
|    std                  | 0.134       |
|    value_loss           | 94.2        |
-----------------------------------------
------------------------------------------
| rollout/                |              |
|    ep_len_mean          | 1.23e+03     |
|    ep_rew_mean          | 127          |
| time/                   |              |
|    fps                  | 1451         |
|    iterations           | 68           |
|    time_elapsed         | 95           |
|    total_timesteps      | 1368064      |
| train/                  |              |
|    approx_kl            | 0.0038204442 |
|    clip_fraction        | 0.195        |
|    clip_range           | 0.2          |
|    entropy_loss         | 1.18         |
|    explained_variance   | 0.375        |
|    learning_rate        | 5e-05        |
|    loss                 | 0.0605       |
|    n_updates            | 3335         |
|    policy_gradient_loss | 0.00765      |
|    std                  | 0.134        |
|    value_loss           | 57.4         |
------------------------------------------
-----------------------------------------
| rollout/                |             |
|    ep_len_mean          | 1.23e+03    |
|    ep_rew_mean          | 127         |
| time/                   |             |
|    fps                  | 1448        |
|    iterations           | 69          |
|    time_elapsed         | 97          |
|    total_timesteps      | 1370112     |
| train/                  |             |
|    approx_kl            | 0.008478699 |
|    clip_fraction        | 0.126       |
|    clip_range           | 0.2         |
|    entropy_loss         | 1.18        |
|    explained_variance   | 0.581       |
|    learning_rate        | 5e-05       |
|    loss                 | 142         |
|    n_updates            | 3340        |
|    policy_gradient_loss | -0.00295    |
|    std                  | 0.134       |
|    value_loss           | 85.5        |
-----------------------------------------
-----------------------------------------
| rollout/                |             |
|    ep_len_mean          | 1.22e+03    |
|    ep_rew_mean          | 129         |
| time/                   |             |
|    fps                  | 1447        |
|    iterations           | 70          |
|    time_elapsed         | 99          |
|    total_timesteps      | 1372160     |
| train/                  |             |
|    approx_kl            | 0.006537382 |
|    clip_fraction        | 0.0422      |
|    clip_range           | 0.2         |
|    entropy_loss         | 1.18        |
|    explained_variance   | 0.528       |
|    learning_rate        | 5e-05       |
|    loss                 | 0.851       |
|    n_updates            | 3345        |
|    policy_gradient_loss | 8.24e-05    |
|    std                  | 0.134       |
|    value_loss           | 49.9        |
-----------------------------------------
-----------------------------------------
| rollout/                |             |
|    ep_len_mean          | 1.22e+03    |
|    ep_rew_mean          | 129         |
| time/                   |             |
|    fps                  | 1447        |
|    iterations           | 71          |
|    time_elapsed         | 100         |
|    total_timesteps      | 1374208     |
| train/                  |             |
|    approx_kl            | 0.017509386 |
|    clip_fraction        | 0.157       |
|    clip_range           | 0.2         |
|    entropy_loss         | 1.18        |
|    explained_variance   | 0.682       |
|    learning_rate        | 5e-05       |
|    loss                 | 8.26        |
|    n_updates            | 3350        |
|    policy_gradient_loss | 0.00418     |
|    std                  | 0.134       |
|    value_loss           | 117         |
-----------------------------------------
------------------------------------------
| rollout/                |              |
|    ep_len_mean          | 1.21e+03     |
|    ep_rew_mean          | 130          |
| time/                   |              |
|    fps                  | 1445         |
|    iterations           | 72           |
|    time_elapsed         | 102          |
|    total_timesteps      | 1376256      |
| train/                  |              |
|    approx_kl            | 0.0062734876 |
|    clip_fraction        | 0.11         |
|    clip_range           | 0.2          |
|    entropy_loss         | 1.18         |
|    explained_variance   | 0.758        |
|    learning_rate        | 5e-05        |
|    loss                 | 0.372        |
|    n_updates            | 3355         |
|    policy_gradient_loss | 0.000373     |
|    std                  | 0.134        |
|    value_loss           | 49.5         |
------------------------------------------
-----------------------------------------
| rollout/                |             |
|    ep_len_mean          | 1.24e+03    |
|    ep_rew_mean          | 127         |
| time/                   |             |
|    fps                  | 1445        |
|    iterations           | 73          |
|    time_elapsed         | 103         |
|    total_timesteps      | 1378304     |
| train/                  |             |
|    approx_kl            | 0.015832761 |
|    clip_fraction        | 0.0969      |
|    clip_range           | 0.2         |
|    entropy_loss         | 1.18        |
|    explained_variance   | 0.848       |
|    learning_rate        | 5e-05       |
|    loss                 | 0.583       |
|    n_updates            | 3360        |
|    policy_gradient_loss | 0.0012      |
|    std                  | 0.134       |
|    value_loss           | 43.3        |
-----------------------------------------
------------------------------------------
| rollout/                |              |
|    ep_len_mean          | 1.24e+03     |
|    ep_rew_mean          | 127          |
| time/                   |              |
|    fps                  | 1443         |
|    iterations           | 74           |
|    time_elapsed         | 104          |
|    total_timesteps      | 1380352      |
| train/                  |              |
|    approx_kl            | 0.0031284294 |
|    clip_fraction        | 0.0348       |
|    clip_range           | 0.2          |
|    entropy_loss         | 1.18         |
|    explained_variance   | 0.616        |
|    learning_rate        | 5e-05        |
|    loss                 | 7.57         |
|    n_updates            | 3365         |
|    policy_gradient_loss | -0.00146     |
|    std                  | 0.134        |
|    value_loss           | 70.9         |
------------------------------------------
-----------------------------------------
| rollout/                |             |
|    ep_len_mean          | 1.23e+03    |
|    ep_rew_mean          | 129         |
| time/                   |             |
|    fps                  | 1443        |
|    iterations           | 75          |
|    time_elapsed         | 106         |
|    total_timesteps      | 1382400     |
| train/                  |             |
|    approx_kl            | 0.007904841 |
|    clip_fraction        | 0.0975      |
|    clip_range           | 0.2         |
|    entropy_loss         | 1.18        |
|    explained_variance   | 0.894       |
|    learning_rate        | 5e-05       |
|    loss                 | 4.86        |
|    n_updates            | 3370        |
|    policy_gradient_loss | -0.000573   |
|    std                  | 0.134       |
|    value_loss           | 5.17        |
-----------------------------------------
-----------------------------------------
| rollout/                |             |
|    ep_len_mean          | 1.24e+03    |
|    ep_rew_mean          | 127         |
| time/                   |             |
|    fps                  | 1442        |
|    iterations           | 76          |
|    time_elapsed         | 107         |
|    total_timesteps      | 1384448     |
| train/                  |             |
|    approx_kl            | 0.004534669 |
|    clip_fraction        | 0.0701      |
|    clip_range           | 0.2         |
|    entropy_loss         | 1.18        |
|    explained_variance   | 0.769       |
|    learning_rate        | 5e-05       |
|    loss                 | 109         |
|    n_updates            | 3375        |
|    policy_gradient_loss | 0.000376    |
|    std                  | 0.134       |
|    value_loss           | 79.8        |
-----------------------------------------
-----------------------------------------
| rollout/                |             |
|    ep_len_mean          | 1.25e+03    |
|    ep_rew_mean          | 125         |
| time/                   |             |
|    fps                  | 1440        |
|    iterations           | 77          |
|    time_elapsed         | 109         |
|    total_timesteps      | 1386496     |
| train/                  |             |
|    approx_kl            | 0.029584877 |
|    clip_fraction        | 0.117       |
|    clip_range           | 0.2         |
|    entropy_loss         | 1.18        |
|    explained_variance   | 0.729       |
|    learning_rate        | 5e-05       |
|    loss                 | 0.995       |
|    n_updates            | 3380        |
|    policy_gradient_loss | 0.00247     |
|    std                  | 0.134       |
|    value_loss           | 57.6        |
-----------------------------------------
-----------------------------------------
| rollout/                |             |
|    ep_len_mean          | 1.25e+03    |
|    ep_rew_mean          | 125         |
| time/                   |             |
|    fps                  | 1438        |
|    iterations           | 78          |
|    time_elapsed         | 111         |
|    total_timesteps      | 1388544     |
| train/                  |             |
|    approx_kl            | 0.010275929 |
|    clip_fraction        | 0.113       |
|    clip_range           | 0.2         |
|    entropy_loss         | 1.18        |
|    explained_variance   | 0.704       |
|    learning_rate        | 5e-05       |
|    loss                 | 29.8        |
|    n_updates            | 3385        |
|    policy_gradient_loss | -0.000861   |
|    std                  | 0.134       |
|    value_loss           | 55.9        |
-----------------------------------------
-----------------------------------------
| rollout/                |             |
|    ep_len_mean          | 1.25e+03    |
|    ep_rew_mean          | 126         |
| time/                   |             |
|    fps                  | 1437        |
|    iterations           | 79          |
|    time_elapsed         | 112         |
|    total_timesteps      | 1390592     |
| train/                  |             |
|    approx_kl            | 0.031965766 |
|    clip_fraction        | 0.152       |
|    clip_range           | 0.2         |
|    entropy_loss         | 1.18        |
|    explained_variance   | 0.695       |
|    learning_rate        | 5e-05       |
|    loss                 | 0.845       |
|    n_updates            | 3390        |
|    policy_gradient_loss | 0.00388     |
|    std                  | 0.134       |
|    value_loss           | 78.7        |
-----------------------------------------
-----------------------------------------
| rollout/                |             |
|    ep_len_mean          | 1.24e+03    |
|    ep_rew_mean          | 126         |
| time/                   |             |
|    fps                  | 1435        |
|    iterations           | 80          |
|    time_elapsed         | 114         |
|    total_timesteps      | 1392640     |
| train/                  |             |
|    approx_kl            | 0.013595516 |
|    clip_fraction        | 0.18        |
|    clip_range           | 0.2         |
|    entropy_loss         | 1.18        |
|    explained_variance   | 0.672       |
|    learning_rate        | 5e-05       |
|    loss                 | 0.356       |
|    n_updates            | 3395        |
|    policy_gradient_loss | 0.00518     |
|    std                  | 0.134       |
|    value_loss           | 85.4        |
-----------------------------------------
----------------------------------------
| rollout/                |            |
|    ep_len_mean          | 1.23e+03   |
|    ep_rew_mean          | 128        |
| time/                   |            |
|    fps                  | 1432       |
|    iterations           | 81         |
|    time_elapsed         | 115        |
|    total_timesteps      | 1394688    |
| train/                  |            |
|    approx_kl            | 0.03194692 |
|    clip_fraction        | 0.277      |
|    clip_range           | 0.2        |
|    entropy_loss         | 1.19       |
|    explained_variance   | 0.62       |
|    learning_rate        | 5e-05      |
|    loss                 | 0.194      |
|    n_updates            | 3400       |
|    policy_gradient_loss | 0.00817    |
|    std                  | 0.134      |
|    value_loss           | 120        |
----------------------------------------
-----------------------------------------
| rollout/                |             |
|    ep_len_mean          | 1.23e+03    |
|    ep_rew_mean          | 128         |
| time/                   |             |
|    fps                  | 1431        |
|    iterations           | 82          |
|    time_elapsed         | 117         |
|    total_timesteps      | 1396736     |
| train/                  |             |
|    approx_kl            | 0.006717425 |
|    clip_fraction        | 0.0472      |
|    clip_range           | 0.2         |
|    entropy_loss         | 1.19        |
|    explained_variance   | 0.731       |
|    learning_rate        | 5e-05       |
|    loss                 | 0.11        |
|    n_updates            | 3405        |
|    policy_gradient_loss | -0.00112    |
|    std                  | 0.134       |
|    value_loss           | 44.9        |
-----------------------------------------
-----------------------------------------
| rollout/                |             |
|    ep_len_mean          | 1.24e+03    |
|    ep_rew_mean          | 128         |
| time/                   |             |
|    fps                  | 1431        |
|    iterations           | 83          |
|    time_elapsed         | 118         |
|    total_timesteps      | 1398784     |
| train/                  |             |
|    approx_kl            | 0.019577168 |
|    clip_fraction        | 0.131       |
|    clip_range           | 0.2         |
|    entropy_loss         | 1.19        |
|    explained_variance   | 0.876       |
|    learning_rate        | 5e-05       |
|    loss                 | 0.678       |
|    n_updates            | 3410        |
|    policy_gradient_loss | 0.00448     |
|    std                  | 0.134       |
|    value_loss           | 13.1        |
-----------------------------------------
-----------------------------------------
| rollout/                |             |
|    ep_len_mean          | 1.23e+03    |
|    ep_rew_mean          | 129         |
| time/                   |             |
|    fps                  | 1430        |
|    iterations           | 84          |
|    time_elapsed         | 120         |
|    total_timesteps      | 1400832     |
| train/                  |             |
|    approx_kl            | 0.020241993 |
|    clip_fraction        | 0.129       |
|    clip_range           | 0.2         |
|    entropy_loss         | 1.18        |
|    explained_variance   | 0.736       |
|    learning_rate        | 5e-05       |
|    loss                 | 224         |
|    n_updates            | 3415        |
|    policy_gradient_loss | 0.000889    |
|    std                  | 0.134       |
|    value_loss           | 85.3        |
-----------------------------------------
-----------------------------------------
| rollout/                |             |
|    ep_len_mean          | 1.26e+03    |
|    ep_rew_mean          | 126         |
| time/                   |             |
|    fps                  | 1429        |
|    iterations           | 85          |
|    time_elapsed         | 121         |
|    total_timesteps      | 1402880     |
| train/                  |             |
|    approx_kl            | 0.005043163 |
|    clip_fraction        | 0.0805      |
|    clip_range           | 0.2         |
|    entropy_loss         | 1.18        |
|    explained_variance   | 0.826       |
|    learning_rate        | 5e-05       |
|    loss                 | 0.546       |
|    n_updates            | 3420        |
|    policy_gradient_loss | -0.00219    |
|    std                  | 0.134       |
|    value_loss           | 12.9        |
-----------------------------------------
-----------------------------------------
| rollout/                |             |
|    ep_len_mean          | 1.27e+03    |
|    ep_rew_mean          | 126         |
| time/                   |             |
|    fps                  | 1428        |
|    iterations           | 86          |
|    time_elapsed         | 123         |
|    total_timesteps      | 1404928     |
| train/                  |             |
|    approx_kl            | 0.003459927 |
|    clip_fraction        | 0.0262      |
|    clip_range           | 0.2         |
|    entropy_loss         | 1.18        |
|    explained_variance   | 0.631       |
|    learning_rate        | 5e-05       |
|    loss                 | 0.909       |
|    n_updates            | 3425        |
|    policy_gradient_loss | -0.000635   |
|    std                  | 0.134       |
|    value_loss           | 20.5        |
-----------------------------------------
------------------------------------------
| rollout/                |              |
|    ep_len_mean          | 1.26e+03     |
|    ep_rew_mean          | 126          |
| time/                   |              |
|    fps                  | 1427         |
|    iterations           | 87           |
|    time_elapsed         | 124          |
|    total_timesteps      | 1406976      |
| train/                  |              |
|    approx_kl            | 0.0069134273 |
|    clip_fraction        | 0.0499       |
|    clip_range           | 0.2          |
|    entropy_loss         | 1.18         |
|    explained_variance   | 0.512        |
|    learning_rate        | 5e-05        |
|    loss                 | 0.682        |
|    n_updates            | 3430         |
|    policy_gradient_loss | -0.000541    |
|    std                  | 0.134        |
|    value_loss           | 103          |
------------------------------------------
-----------------------------------------
| rollout/                |             |
|    ep_len_mean          | 1.27e+03    |
|    ep_rew_mean          | 125         |
| time/                   |             |
|    fps                  | 1426        |
|    iterations           | 88          |
|    time_elapsed         | 126         |
|    total_timesteps      | 1409024     |
| train/                  |             |
|    approx_kl            | 0.021877848 |
|    clip_fraction        | 0.172       |
|    clip_range           | 0.2         |
|    entropy_loss         | 1.18        |
|    explained_variance   | 0.67        |
|    learning_rate        | 5e-05       |
|    loss                 | 2.55        |
|    n_updates            | 3435        |
|    policy_gradient_loss | 0.00605     |
|    std                  | 0.134       |
|    value_loss           | 44          |
-----------------------------------------
-----------------------------------------
| rollout/                |             |
|    ep_len_mean          | 1.27e+03    |
|    ep_rew_mean          | 125         |
| time/                   |             |
|    fps                  | 1425        |
|    iterations           | 89          |
|    time_elapsed         | 127         |
|    total_timesteps      | 1411072     |
| train/                  |             |
|    approx_kl            | 0.011297943 |
|    clip_fraction        | 0.106       |
|    clip_range           | 0.2         |
|    entropy_loss         | 1.18        |
|    explained_variance   | 0.833       |
|    learning_rate        | 5e-05       |
|    loss                 | 0.974       |
|    n_updates            | 3440        |
|    policy_gradient_loss | 0.00208     |
|    std                  | 0.134       |
|    value_loss           | 16.1        |
-----------------------------------------
-----------------------------------------
| rollout/                |             |
|    ep_len_mean          | 1.27e+03    |
|    ep_rew_mean          | 125         |
| time/                   |             |
|    fps                  | 1422        |
|    iterations           | 90          |
|    time_elapsed         | 129         |
|    total_timesteps      | 1413120     |
| train/                  |             |
|    approx_kl            | 0.010590776 |
|    clip_fraction        | 0.149       |
|    clip_range           | 0.2         |
|    entropy_loss         | 1.18        |
|    explained_variance   | 0.557       |
|    learning_rate        | 5e-05       |
|    loss                 | 112         |
|    n_updates            | 3445        |
|    policy_gradient_loss | 8.3e-05     |
|    std                  | 0.134       |
|    value_loss           | 130         |
-----------------------------------------
----------------------------------------
| rollout/                |            |
|    ep_len_mean          | 1.27e+03   |
|    ep_rew_mean          | 125        |
| time/                   |            |
|    fps                  | 1422       |
|    iterations           | 91         |
|    time_elapsed         | 130        |
|    total_timesteps      | 1415168    |
| train/                  |            |
|    approx_kl            | 0.03120309 |
|    clip_fraction        | 0.163      |
|    clip_range           | 0.2        |
|    entropy_loss         | 1.18       |
|    explained_variance   | 0.969      |
|    learning_rate        | 5e-05      |
|    loss                 | 0.341      |
|    n_updates            | 3450       |
|    policy_gradient_loss | 0.00192    |
|    std                  | 0.134      |
|    value_loss           | 1.26       |
----------------------------------------
------------------------------------------
| rollout/                |              |
|    ep_len_mean          | 1.29e+03     |
|    ep_rew_mean          | 123          |
| time/                   |              |
|    fps                  | 1422         |
|    iterations           | 92           |
|    time_elapsed         | 132          |
|    total_timesteps      | 1417216      |
| train/                  |              |
|    approx_kl            | 0.0092974035 |
|    clip_fraction        | 0.0798       |
|    clip_range           | 0.2          |
|    entropy_loss         | 1.18         |
|    explained_variance   | 0.64         |
|    learning_rate        | 5e-05        |
|    loss                 | 5.18         |
|    n_updates            | 3455         |
|    policy_gradient_loss | 0.000322     |
|    std                  | 0.134        |
|    value_loss           | 123          |
------------------------------------------
-----------------------------------------
| rollout/                |             |
|    ep_len_mean          | 1.3e+03     |
|    ep_rew_mean          | 122         |
| time/                   |             |
|    fps                  | 1422        |
|    iterations           | 93          |
|    time_elapsed         | 133         |
|    total_timesteps      | 1419264     |
| train/                  |             |
|    approx_kl            | 0.005174149 |
|    clip_fraction        | 0.0511      |
|    clip_range           | 0.2         |
|    entropy_loss         | 1.18        |
|    explained_variance   | 0.756       |
|    learning_rate        | 5e-05       |
|    loss                 | 0.928       |
|    n_updates            | 3460        |
|    policy_gradient_loss | -0.000555   |
|    std                  | 0.134       |
|    value_loss           | 47.3        |
-----------------------------------------
------------------------------------------
| rollout/                |              |
|    ep_len_mean          | 1.29e+03     |
|    ep_rew_mean          | 122          |
| time/                   |              |
|    fps                  | 1421         |
|    iterations           | 94           |
|    time_elapsed         | 135          |
|    total_timesteps      | 1421312      |
| train/                  |              |
|    approx_kl            | 0.0060414644 |
|    clip_fraction        | 0.0867       |
|    clip_range           | 0.2          |
|    entropy_loss         | 1.18         |
|    explained_variance   | 0.719        |
|    learning_rate        | 5e-05        |
|    loss                 | 135          |
|    n_updates            | 3465         |
|    policy_gradient_loss | -0.000773    |
|    std                  | 0.134        |
|    value_loss           | 86.7         |
------------------------------------------
----------------------------------------
| rollout/                |            |
|    ep_len_mean          | 1.29e+03   |
|    ep_rew_mean          | 121        |
| time/                   |            |
|    fps                  | 1421       |
|    iterations           | 95         |
|    time_elapsed         | 136        |
|    total_timesteps      | 1423360    |
| train/                  |            |
|    approx_kl            | 0.05154313 |
|    clip_fraction        | 0.135      |
|    clip_range           | 0.2        |
|    entropy_loss         | 1.19       |
|    explained_variance   | 0.772      |
|    learning_rate        | 5e-05      |
|    loss                 | 0.0435     |
|    n_updates            | 3470       |
|    policy_gradient_loss | 0.00993    |
|    std                  | 0.134      |
|    value_loss           | 44.1       |
----------------------------------------
------------------------------------------
| rollout/                |              |
|    ep_len_mean          | 1.3e+03      |
|    ep_rew_mean          | 120          |
| time/                   |              |
|    fps                  | 1421         |
|    iterations           | 96           |
|    time_elapsed         | 138          |
|    total_timesteps      | 1425408      |
| train/                  |              |
|    approx_kl            | 0.0065048006 |
|    clip_fraction        | 0.141        |
|    clip_range           | 0.2          |
|    entropy_loss         | 1.19         |
|    explained_variance   | 0.77         |
|    learning_rate        | 5e-05        |
|    loss                 | 109          |
|    n_updates            | 3475         |
|    policy_gradient_loss | 0.000169     |
|    std                  | 0.134        |
|    value_loss           | 46.2         |
------------------------------------------
-----------------------------------------
| rollout/                |             |
|    ep_len_mean          | 1.27e+03    |
|    ep_rew_mean          | 122         |
| time/                   |             |
|    fps                  | 1420        |
|    iterations           | 97          |
|    time_elapsed         | 139         |
|    total_timesteps      | 1427456     |
| train/                  |             |
|    approx_kl            | 0.007725171 |
|    clip_fraction        | 0.0548      |
|    clip_range           | 0.2         |
|    entropy_loss         | 1.19        |
|    explained_variance   | 0.732       |
|    learning_rate        | 5e-05       |
|    loss                 | 44.6        |
|    n_updates            | 3480        |
|    policy_gradient_loss | -0.00137    |
|    std                  | 0.134       |
|    value_loss           | 45.6        |
-----------------------------------------
------------------------------------------
| rollout/                |              |
|    ep_len_mean          | 1.26e+03     |
|    ep_rew_mean          | 124          |
| time/                   |              |
|    fps                  | 1419         |
|    iterations           | 98           |
|    time_elapsed         | 141          |
|    total_timesteps      | 1429504      |
| train/                  |              |
|    approx_kl            | 0.0119881835 |
|    clip_fraction        | 0.0802       |
|    clip_range           | 0.2          |
|    entropy_loss         | 1.19         |
|    explained_variance   | 0.713        |
|    learning_rate        | 5e-05        |
|    loss                 | 38.7         |
|    n_updates            | 3485         |
|    policy_gradient_loss | 0.00302      |
|    std                  | 0.134        |
|    value_loss           | 101          |
------------------------------------------
-----------------------------------------
| rollout/                |             |
|    ep_len_mean          | 1.26e+03    |
|    ep_rew_mean          | 123         |
| time/                   |             |
|    fps                  | 1418        |
|    iterations           | 99          |
|    time_elapsed         | 142         |
|    total_timesteps      | 1431552     |
| train/                  |             |
|    approx_kl            | 0.011106324 |
|    clip_fraction        | 0.0906      |
|    clip_range           | 0.2         |
|    entropy_loss         | 1.19        |
|    explained_variance   | 0.729       |
|    learning_rate        | 5e-05       |
|    loss                 | 0.212       |
|    n_updates            | 3490        |
|    policy_gradient_loss | -0.00156    |
|    std                  | 0.134       |
|    value_loss           | 40.3        |
-----------------------------------------
------------------------------------------
| rollout/                |              |
|    ep_len_mean          | 1.25e+03     |
|    ep_rew_mean          | 125          |
| time/                   |              |
|    fps                  | 1417         |
|    iterations           | 100          |
|    time_elapsed         | 144          |
|    total_timesteps      | 1433600      |
| train/                  |              |
|    approx_kl            | 0.0080418745 |
|    clip_fraction        | 0.0787       |
|    clip_range           | 0.2          |
|    entropy_loss         | 1.19         |
|    explained_variance   | 0.696        |
|    learning_rate        | 5e-05        |
|    loss                 | 0.606        |
|    n_updates            | 3495         |
|    policy_gradient_loss | -0.00179     |
|    std                  | 0.134        |
|    value_loss           | 54.6         |
------------------------------------------

CP7 held-out: 43/50 hits (86.0%), mean miss 4.1 m, mean reward 141.32
STOP CONDITION: no joint improvement -- review gate before continuing.

==== babysit CP8 2026-09-16 15:43:51 ====
CP8: evasive lineage | max_time=45s t_go_max=10s | tracking=True | obs=12-D | miss_tanh_scale=3000m shaping_gamma=1 effort_weight=5 precision_weight=50 -> out=/Users/vincenzo/Desktop/Projects/Physics Sim Project/missile_guidance_sim/outputs/evasive_zemtgo10_seed5
---------------------------------
| rollout/           |          |
|    ep_len_mean     | 1.25e+03 |
|    ep_rew_mean     | 125      |
| time/              |          |
|    fps             | 4236     |
|    iterations      | 1        |
|    time_elapsed    | 0        |
|    total_timesteps | 1435648  |
---------------------------------
----------------------------------------
| rollout/                |            |
|    ep_len_mean          | 1.23e+03   |
|    ep_rew_mean          | 127        |
| time/                   |            |
|    fps                  | 1697       |
|    iterations           | 2          |
|    time_elapsed         | 2          |
|    total_timesteps      | 1437696    |
| train/                  |            |
|    approx_kl            | 0.01048617 |
|    clip_fraction        | 0.0818     |
|    clip_range           | 0.2        |
|    entropy_loss         | 1.16       |
|    explained_variance   | 0.852      |
|    learning_rate        | 5e-05      |
|    loss                 | 1.64       |
|    n_updates            | 3505       |
|    policy_gradient_loss | -0.000358  |
|    std                  | 0.135      |
|    value_loss           | 3.54       |
----------------------------------------
-----------------------------------------
| rollout/                |             |
|    ep_len_mean          | 1.23e+03    |
|    ep_rew_mean          | 126         |
| time/                   |             |
|    fps                  | 1584        |
|    iterations           | 3           |
|    time_elapsed         | 3           |
|    total_timesteps      | 1439744     |
| train/                  |             |
|    approx_kl            | 0.008752925 |
|    clip_fraction        | 0.063       |
|    clip_range           | 0.2         |
|    entropy_loss         | 1.16        |
|    explained_variance   | 0.758       |
|    learning_rate        | 5e-05       |
|    loss                 | 103         |
|    n_updates            | 3510        |
|    policy_gradient_loss | 0.0016      |
|    std                  | 0.135       |
|    value_loss           | 98.3        |
-----------------------------------------
-----------------------------------------
| rollout/                |             |
|    ep_len_mean          | 1.23e+03    |
|    ep_rew_mean          | 126         |
| time/                   |             |
|    fps                  | 1532        |
|    iterations           | 4           |
|    time_elapsed         | 5           |
|    total_timesteps      | 1441792     |
| train/                  |             |
|    approx_kl            | 0.010698344 |
|    clip_fraction        | 0.0914      |
|    clip_range           | 0.2         |
|    entropy_loss         | 1.16        |
|    explained_variance   | 0.811       |
|    learning_rate        | 5e-05       |
|    loss                 | 0.958       |
|    n_updates            | 3515        |
|    policy_gradient_loss | -0.00111    |
|    std                  | 0.135       |
|    value_loss           | 67.8        |
-----------------------------------------
-----------------------------------------
| rollout/                |             |
|    ep_len_mean          | 1.25e+03    |
|    ep_rew_mean          | 125         |
| time/                   |             |
|    fps                  | 1548        |
|    iterations           | 5           |
|    time_elapsed         | 6           |
|    total_timesteps      | 1443840     |
| train/                  |             |
|    approx_kl            | 0.009733218 |
|    clip_fraction        | 0.07        |
|    clip_range           | 0.2         |
|    entropy_loss         | 1.16        |
|    explained_variance   | 0.82        |
|    learning_rate        | 5e-05       |
|    loss                 | 7.26        |
|    n_updates            | 3520        |
|    policy_gradient_loss | -0.00258    |
|    std                  | 0.135       |
|    value_loss           | 31.2        |
-----------------------------------------
-----------------------------------------
| rollout/                |             |
|    ep_len_mean          | 1.25e+03    |
|    ep_rew_mean          | 126         |
| time/                   |             |
|    fps                  | 1504        |
|    iterations           | 6           |
|    time_elapsed         | 8           |
|    total_timesteps      | 1445888     |
| train/                  |             |
|    approx_kl            | 0.011620131 |
|    clip_fraction        | 0.111       |
|    clip_range           | 0.2         |
|    entropy_loss         | 1.16        |
|    explained_variance   | 0.571       |
|    learning_rate        | 5e-05       |
|    loss                 | 144         |
|    n_updates            | 3525        |
|    policy_gradient_loss | 0.000468    |
|    std                  | 0.135       |
|    value_loss           | 101         |
-----------------------------------------
------------------------------------------
| rollout/                |              |
|    ep_len_mean          | 1.25e+03     |
|    ep_rew_mean          | 126          |
| time/                   |              |
|    fps                  | 1484         |
|    iterations           | 7            |
|    time_elapsed         | 9            |
|    total_timesteps      | 1447936      |
| train/                  |              |
|    approx_kl            | 0.0096346475 |
|    clip_fraction        | 0.0883       |
|    clip_range           | 0.2          |
|    entropy_loss         | 1.16         |
|    explained_variance   | 0.659        |
|    learning_rate        | 5e-05        |
|    loss                 | 1.61         |
|    n_updates            | 3530         |
|    policy_gradient_loss | -0.00064     |
|    std                  | 0.135        |
|    value_loss           | 61           |
------------------------------------------
------------------------------------------
| rollout/                |              |
|    ep_len_mean          | 1.25e+03     |
|    ep_rew_mean          | 126          |
| time/                   |              |
|    fps                  | 1463         |
|    iterations           | 8            |
|    time_elapsed         | 11           |
|    total_timesteps      | 1449984      |
| train/                  |              |
|    approx_kl            | 0.0095587745 |
|    clip_fraction        | 0.0681       |
|    clip_range           | 0.2          |
|    entropy_loss         | 1.16         |
|    explained_variance   | 0.721        |
|    learning_rate        | 5e-05        |
|    loss                 | 1.27         |
|    n_updates            | 3535         |
|    policy_gradient_loss | -0.00142     |
|    std                  | 0.135        |
|    value_loss           | 83.9         |
------------------------------------------
------------------------------------------
| rollout/                |              |
|    ep_len_mean          | 1.23e+03     |
|    ep_rew_mean          | 128          |
| time/                   |              |
|    fps                  | 1465         |
|    iterations           | 9            |
|    time_elapsed         | 12           |
|    total_timesteps      | 1452032      |
| train/                  |              |
|    approx_kl            | 0.0064076562 |
|    clip_fraction        | 0.0811       |
|    clip_range           | 0.2          |
|    entropy_loss         | 1.17         |
|    explained_variance   | 0.702        |
|    learning_rate        | 5e-05        |
|    loss                 | 0.66         |
|    n_updates            | 3540         |
|    policy_gradient_loss | -0.000228    |
|    std                  | 0.135        |
|    value_loss           | 72.4         |
------------------------------------------
-----------------------------------------
| rollout/                |             |
|    ep_len_mean          | 1.26e+03    |
|    ep_rew_mean          | 124         |
| time/                   |             |
|    fps                  | 1465        |
|    iterations           | 10          |
|    time_elapsed         | 13          |
|    total_timesteps      | 1454080     |
| train/                  |             |
|    approx_kl            | 0.006770421 |
|    clip_fraction        | 0.069       |
|    clip_range           | 0.2         |
|    entropy_loss         | 1.17        |
|    explained_variance   | 0.769       |
|    learning_rate        | 5e-05       |
|    loss                 | 115         |
|    n_updates            | 3545        |
|    policy_gradient_loss | -0.00528    |
|    std                  | 0.135       |
|    value_loss           | 40.2        |
-----------------------------------------
-----------------------------------------
| rollout/                |             |
|    ep_len_mean          | 1.24e+03    |
|    ep_rew_mean          | 125         |
| time/                   |             |
|    fps                  | 1452        |
|    iterations           | 11          |
|    time_elapsed         | 15          |
|    total_timesteps      | 1456128     |
| train/                  |             |
|    approx_kl            | 0.008751454 |
|    clip_fraction        | 0.0553      |
|    clip_range           | 0.2         |
|    entropy_loss         | 1.17        |
|    explained_variance   | 0.733       |
|    learning_rate        | 5e-05       |
|    loss                 | 1.27        |
|    n_updates            | 3550        |
|    policy_gradient_loss | -0.00197    |
|    std                  | 0.135       |
|    value_loss           | 48.1        |
-----------------------------------------
-----------------------------------------
| rollout/                |             |
|    ep_len_mean          | 1.24e+03    |
|    ep_rew_mean          | 125         |
| time/                   |             |
|    fps                  | 1447        |
|    iterations           | 12          |
|    time_elapsed         | 16          |
|    total_timesteps      | 1458176     |
| train/                  |             |
|    approx_kl            | 0.008183409 |
|    clip_fraction        | 0.186       |
|    clip_range           | 0.2         |
|    entropy_loss         | 1.17        |
|    explained_variance   | 0.75        |
|    learning_rate        | 5e-05       |
|    loss                 | 0.182       |
|    n_updates            | 3555        |
|    policy_gradient_loss | 0.00291     |
|    std                  | 0.135       |
|    value_loss           | 46.5        |
-----------------------------------------
-----------------------------------------
| rollout/                |             |
|    ep_len_mean          | 1.23e+03    |
|    ep_rew_mean          | 127         |
| time/                   |             |
|    fps                  | 1437        |
|    iterations           | 13          |
|    time_elapsed         | 18          |
|    total_timesteps      | 1460224     |
| train/                  |             |
|    approx_kl            | 0.011906558 |
|    clip_fraction        | 0.11        |
|    clip_range           | 0.2         |
|    entropy_loss         | 1.17        |
|    explained_variance   | 0.569       |
|    learning_rate        | 5e-05       |
|    loss                 | 387         |
|    n_updates            | 3560        |
|    policy_gradient_loss | 0.00466     |
|    std                  | 0.135       |
|    value_loss           | 142         |
-----------------------------------------
-----------------------------------------
| rollout/                |             |
|    ep_len_mean          | 1.21e+03    |
|    ep_rew_mean          | 128         |
| time/                   |             |
|    fps                  | 1426        |
|    iterations           | 14          |
|    time_elapsed         | 20          |
|    total_timesteps      | 1462272     |
| train/                  |             |
|    approx_kl            | 0.008392389 |
|    clip_fraction        | 0.143       |
|    clip_range           | 0.2         |
|    entropy_loss         | 1.17        |
|    explained_variance   | 0.736       |
|    learning_rate        | 5e-05       |
|    loss                 | 62.8        |
|    n_updates            | 3565        |
|    policy_gradient_loss | 0.000198    |
|    std                  | 0.135       |
|    value_loss           | 72.2        |
-----------------------------------------
-----------------------------------------
| rollout/                |             |
|    ep_len_mean          | 1.21e+03    |
|    ep_rew_mean          | 129         |
| time/                   |             |
|    fps                  | 1419        |
|    iterations           | 15          |
|    time_elapsed         | 21          |
|    total_timesteps      | 1464320     |
| train/                  |             |
|    approx_kl            | 0.020115908 |
|    clip_fraction        | 0.131       |
|    clip_range           | 0.2         |
|    entropy_loss         | 1.17        |
|    explained_variance   | 0.794       |
|    learning_rate        | 5e-05       |
|    loss                 | 5.14        |
|    n_updates            | 3570        |
|    policy_gradient_loss | 0.000897    |
|    std                  | 0.135       |
|    value_loss           | 52.9        |
-----------------------------------------
-----------------------------------------
| rollout/                |             |
|    ep_len_mean          | 1.22e+03    |
|    ep_rew_mean          | 129         |
| time/                   |             |
|    fps                  | 1420        |
|    iterations           | 16          |
|    time_elapsed         | 23          |
|    total_timesteps      | 1466368     |
| train/                  |             |
|    approx_kl            | 0.005456915 |
|    clip_fraction        | 0.0523      |
|    clip_range           | 0.2         |
|    entropy_loss         | 1.17        |
|    explained_variance   | 0.861       |
|    learning_rate        | 5e-05       |
|    loss                 | 163         |
|    n_updates            | 3575        |
|    policy_gradient_loss | -0.00113    |
|    std                  | 0.135       |
|    value_loss           | 42.5        |
-----------------------------------------
------------------------------------------
| rollout/                |              |
|    ep_len_mean          | 1.22e+03     |
|    ep_rew_mean          | 129          |
| time/                   |              |
|    fps                  | 1412         |
|    iterations           | 17           |
|    time_elapsed         | 24           |
|    total_timesteps      | 1468416      |
| train/                  |              |
|    approx_kl            | 0.0047024814 |
|    clip_fraction        | 0.0452       |
|    clip_range           | 0.2          |
|    entropy_loss         | 1.17         |
|    explained_variance   | 0.755        |
|    learning_rate        | 5e-05        |
|    loss                 | 2.16         |
|    n_updates            | 3580         |
|    policy_gradient_loss | -0.00107     |
|    std                  | 0.135        |
|    value_loss           | 97.1         |
------------------------------------------
-----------------------------------------
| rollout/                |             |
|    ep_len_mean          | 1.22e+03    |
|    ep_rew_mean          | 129         |
| time/                   |             |
|    fps                  | 1413        |
|    iterations           | 18          |
|    time_elapsed         | 26          |
|    total_timesteps      | 1470464     |
| train/                  |             |
|    approx_kl            | 0.006597355 |
|    clip_fraction        | 0.0355      |
|    clip_range           | 0.2         |
|    entropy_loss         | 1.17        |
|    explained_variance   | 0.742       |
|    learning_rate        | 5e-05       |
|    loss                 | 127         |
|    n_updates            | 3585        |
|    policy_gradient_loss | -0.00334    |
|    std                  | 0.135       |
|    value_loss           | 68.8        |
-----------------------------------------
-----------------------------------------
| rollout/                |             |
|    ep_len_mean          | 1.22e+03    |
|    ep_rew_mean          | 129         |
| time/                   |             |
|    fps                  | 1412        |
|    iterations           | 19          |
|    time_elapsed         | 27          |
|    total_timesteps      | 1472512     |
| train/                  |             |
|    approx_kl            | 0.016398868 |
|    clip_fraction        | 0.163       |
|    clip_range           | 0.2         |
|    entropy_loss         | 1.17        |
|    explained_variance   | 0.843       |
|    learning_rate        | 5e-05       |
|    loss                 | 1.08        |
|    n_updates            | 3590        |
|    policy_gradient_loss | 0.00294     |
|    std                  | 0.135       |
|    value_loss           | 65.9        |
-----------------------------------------
-----------------------------------------
| rollout/                |             |
|    ep_len_mean          | 1.23e+03    |
|    ep_rew_mean          | 127         |
| time/                   |             |
|    fps                  | 1415        |
|    iterations           | 20          |
|    time_elapsed         | 28          |
|    total_timesteps      | 1474560     |
| train/                  |             |
|    approx_kl            | 0.011016982 |
|    clip_fraction        | 0.0747      |
|    clip_range           | 0.2         |
|    entropy_loss         | 1.17        |
|    explained_variance   | 0.808       |
|    learning_rate        | 5e-05       |
|    loss                 | 0.893       |
|    n_updates            | 3595        |
|    policy_gradient_loss | 0.000747    |
|    std                  | 0.135       |
|    value_loss           | 38.7        |
-----------------------------------------
-----------------------------------------
| rollout/                |             |
|    ep_len_mean          | 1.23e+03    |
|    ep_rew_mean          | 127         |
| time/                   |             |
|    fps                  | 1418        |
|    iterations           | 21          |
|    time_elapsed         | 30          |
|    total_timesteps      | 1476608     |
| train/                  |             |
|    approx_kl            | 0.009408418 |
|    clip_fraction        | 0.0979      |
|    clip_range           | 0.2         |
|    entropy_loss         | 1.17        |
|    explained_variance   | 0.775       |
|    learning_rate        | 5e-05       |
|    loss                 | 0.663       |
|    n_updates            | 3600        |
|    policy_gradient_loss | -0.000249   |
|    std                  | 0.135       |
|    value_loss           | 16.8        |
-----------------------------------------
-----------------------------------------
| rollout/                |             |
|    ep_len_mean          | 1.23e+03    |
|    ep_rew_mean          | 127         |
| time/                   |             |
|    fps                  | 1420        |
|    iterations           | 22          |
|    time_elapsed         | 31          |
|    total_timesteps      | 1478656     |
| train/                  |             |
|    approx_kl            | 0.009272415 |
|    clip_fraction        | 0.0796      |
|    clip_range           | 0.2         |
|    entropy_loss         | 1.17        |
|    explained_variance   | 0.674       |
|    learning_rate        | 5e-05       |
|    loss                 | 0.464       |
|    n_updates            | 3605        |
|    policy_gradient_loss | 0.000103    |
|    std                  | 0.135       |
|    value_loss           | 104         |
-----------------------------------------
-----------------------------------------
| rollout/                |             |
|    ep_len_mean          | 1.23e+03    |
|    ep_rew_mean          | 127         |
| time/                   |             |
|    fps                  | 1430        |
|    iterations           | 23          |
|    time_elapsed         | 32          |
|    total_timesteps      | 1480704     |
| train/                  |             |
|    approx_kl            | 0.021597978 |
|    clip_fraction        | 0.185       |
|    clip_range           | 0.2         |
|    entropy_loss         | 1.17        |
|    explained_variance   | 0.886       |
|    learning_rate        | 5e-05       |
|    loss                 | 0.0337      |
|    n_updates            | 3610        |
|    policy_gradient_loss | 0.00826     |
|    std                  | 0.135       |
|    value_loss           | 16.7        |
-----------------------------------------
------------------------------------------
| rollout/                |              |
|    ep_len_mean          | 1.24e+03     |
|    ep_rew_mean          | 125          |
| time/                   |              |
|    fps                  | 1438         |
|    iterations           | 24           |
|    time_elapsed         | 34           |
|    total_timesteps      | 1482752      |
| train/                  |              |
|    approx_kl            | 0.0071351714 |
|    clip_fraction        | 0.134        |
|    clip_range           | 0.2          |
|    entropy_loss         | 1.17         |
|    explained_variance   | 0.788        |
|    learning_rate        | 5e-05        |
|    loss                 | 140          |
|    n_updates            | 3615         |
|    policy_gradient_loss | 0.0036       |
|    std                  | 0.135        |
|    value_loss           | 44           |
------------------------------------------
-----------------------------------------
| rollout/                |             |
|    ep_len_mean          | 1.24e+03    |
|    ep_rew_mean          | 125         |
| time/                   |             |
|    fps                  | 1439        |
|    iterations           | 25          |
|    time_elapsed         | 35          |
|    total_timesteps      | 1484800     |
| train/                  |             |
|    approx_kl            | 0.007146568 |
|    clip_fraction        | 0.104       |
|    clip_range           | 0.2         |
|    entropy_loss         | 1.17        |
|    explained_variance   | 0.403       |
|    learning_rate        | 5e-05       |
|    loss                 | 7.98        |
|    n_updates            | 3620        |
|    policy_gradient_loss | 0.00239     |
|    std                  | 0.135       |
|    value_loss           | 125         |
-----------------------------------------
-----------------------------------------
| rollout/                |             |
|    ep_len_mean          | 1.24e+03    |
|    ep_rew_mean          | 125         |
| time/                   |             |
|    fps                  | 1448        |
|    iterations           | 26          |
|    time_elapsed         | 36          |
|    total_timesteps      | 1486848     |
| train/                  |             |
|    approx_kl            | 0.031921197 |
|    clip_fraction        | 0.189       |
|    clip_range           | 0.2         |
|    entropy_loss         | 1.17        |
|    explained_variance   | 0.956       |
|    learning_rate        | 5e-05       |
|    loss                 | 0.82        |
|    n_updates            | 3625        |
|    policy_gradient_loss | 0.0107      |
|    std                  | 0.135       |
|    value_loss           | 3.94        |
-----------------------------------------
-----------------------------------------
| rollout/                |             |
|    ep_len_mean          | 1.24e+03    |
|    ep_rew_mean          | 125         |
| time/                   |             |
|    fps                  | 1453        |
|    iterations           | 27          |
|    time_elapsed         | 38          |
|    total_timesteps      | 1488896     |
| train/                  |             |
|    approx_kl            | 0.011345129 |
|    clip_fraction        | 0.0896      |
|    clip_range           | 0.2         |
|    entropy_loss         | 1.17        |
|    explained_variance   | 0.546       |
|    learning_rate        | 5e-05       |
|    loss                 | 83.1        |
|    n_updates            | 3630        |
|    policy_gradient_loss | 0.000936    |
|    std                  | 0.135       |
|    value_loss           | 88.2        |
-----------------------------------------
-----------------------------------------
| rollout/                |             |
|    ep_len_mean          | 1.24e+03    |
|    ep_rew_mean          | 125         |
| time/                   |             |
|    fps                  | 1460        |
|    iterations           | 28          |
|    time_elapsed         | 39          |
|    total_timesteps      | 1490944     |
| train/                  |             |
|    approx_kl            | 0.003130721 |
|    clip_fraction        | 0.0813      |
|    clip_range           | 0.2         |
|    entropy_loss         | 1.17        |
|    explained_variance   | 0.951       |
|    learning_rate        | 5e-05       |
|    loss                 | 0.29        |
|    n_updates            | 3635        |
|    policy_gradient_loss | -0.00218    |
|    std                  | 0.135       |
|    value_loss           | 1.41        |
-----------------------------------------
-----------------------------------------
| rollout/                |             |
|    ep_len_mean          | 1.25e+03    |
|    ep_rew_mean          | 123         |
| time/                   |             |
|    fps                  | 1461        |
|    iterations           | 29          |
|    time_elapsed         | 40          |
|    total_timesteps      | 1492992     |
| train/                  |             |
|    approx_kl            | 0.006125697 |
|    clip_fraction        | 0.131       |
|    clip_range           | 0.2         |
|    entropy_loss         | 1.17        |
|    explained_variance   | 0.445       |
|    learning_rate        | 5e-05       |
|    loss                 | 132         |
|    n_updates            | 3640        |
|    policy_gradient_loss | 0.00209     |
|    std                  | 0.135       |
|    value_loss           | 100         |
-----------------------------------------
-----------------------------------------
| rollout/                |             |
|    ep_len_mean          | 1.26e+03    |
|    ep_rew_mean          | 125         |
| time/                   |             |
|    fps                  | 1468        |
|    iterations           | 30          |
|    time_elapsed         | 41          |
|    total_timesteps      | 1495040     |
| train/                  |             |
|    approx_kl            | 0.010436233 |
|    clip_fraction        | 0.056       |
|    clip_range           | 0.2         |
|    entropy_loss         | 1.17        |
|    explained_variance   | 0.773       |
|    learning_rate        | 5e-05       |
|    loss                 | 48.9        |
|    n_updates            | 3645        |
|    policy_gradient_loss | -0.00143    |
|    std                  | 0.135       |
|    value_loss           | 29          |
-----------------------------------------
-----------------------------------------
| rollout/                |             |
|    ep_len_mean          | 1.26e+03    |
|    ep_rew_mean          | 125         |
| time/                   |             |
|    fps                  | 1468        |
|    iterations           | 31          |
|    time_elapsed         | 43          |
|    total_timesteps      | 1497088     |
| train/                  |             |
|    approx_kl            | 0.006167242 |
|    clip_fraction        | 0.0487      |
|    clip_range           | 0.2         |
|    entropy_loss         | 1.17        |
|    explained_variance   | 0.261       |
|    learning_rate        | 5e-05       |
|    loss                 | 209         |
|    n_updates            | 3650        |
|    policy_gradient_loss | -0.000354   |
|    std                  | 0.135       |
|    value_loss           | 197         |
-----------------------------------------
-----------------------------------------
| rollout/                |             |
|    ep_len_mean          | 1.25e+03    |
|    ep_rew_mean          | 125         |
| time/                   |             |
|    fps                  | 1471        |
|    iterations           | 32          |
|    time_elapsed         | 44          |
|    total_timesteps      | 1499136     |
| train/                  |             |
|    approx_kl            | 0.007527599 |
|    clip_fraction        | 0.0872      |
|    clip_range           | 0.2         |
|    entropy_loss         | 1.17        |
|    explained_variance   | 0.628       |
|    learning_rate        | 5e-05       |
|    loss                 | 1.27        |
|    n_updates            | 3655        |
|    policy_gradient_loss | 0.000312    |
|    std                  | 0.135       |
|    value_loss           | 52.6        |
-----------------------------------------
------------------------------------------
| rollout/                |              |
|    ep_len_mean          | 1.25e+03     |
|    ep_rew_mean          | 125          |
| time/                   |              |
|    fps                  | 1469         |
|    iterations           | 33           |
|    time_elapsed         | 45           |
|    total_timesteps      | 1501184      |
| train/                  |              |
|    approx_kl            | 0.0051514097 |
|    clip_fraction        | 0.0434       |
|    clip_range           | 0.2          |
|    entropy_loss         | 1.17         |
|    explained_variance   | 0.64         |
|    learning_rate        | 5e-05        |
|    loss                 | 132          |
|    n_updates            | 3660         |
|    policy_gradient_loss | 0.000185     |
|    std                  | 0.135        |
|    value_loss           | 82.1         |
------------------------------------------
-----------------------------------------
| rollout/                |             |
|    ep_len_mean          | 1.26e+03    |
|    ep_rew_mean          | 125         |
| time/                   |             |
|    fps                  | 1476        |
|    iterations           | 34          |
|    time_elapsed         | 47          |
|    total_timesteps      | 1503232     |
| train/                  |             |
|    approx_kl            | 0.008949533 |
|    clip_fraction        | 0.0805      |
|    clip_range           | 0.2         |
|    entropy_loss         | 1.17        |
|    explained_variance   | 0.7         |
|    learning_rate        | 5e-05       |
|    loss                 | 42.9        |
|    n_updates            | 3665        |
|    policy_gradient_loss | -0.00159    |
|    std                  | 0.135       |
|    value_loss           | 29.2        |
-----------------------------------------
-----------------------------------------
| rollout/                |             |
|    ep_len_mean          | 1.28e+03    |
|    ep_rew_mean          | 123         |
| time/                   |             |
|    fps                  | 1478        |
|    iterations           | 35          |
|    time_elapsed         | 48          |
|    total_timesteps      | 1505280     |
| train/                  |             |
|    approx_kl            | 0.015590377 |
|    clip_fraction        | 0.122       |
|    clip_range           | 0.2         |
|    entropy_loss         | 1.17        |
|    explained_variance   | 0.409       |
|    learning_rate        | 5e-05       |
|    loss                 | 0.199       |
|    n_updates            | 3670        |
|    policy_gradient_loss | 0.0042      |
|    std                  | 0.135       |
|    value_loss           | 113         |
-----------------------------------------
-----------------------------------------
| rollout/                |             |
|    ep_len_mean          | 1.26e+03    |
|    ep_rew_mean          | 125         |
| time/                   |             |
|    fps                  | 1482        |
|    iterations           | 36          |
|    time_elapsed         | 49          |
|    total_timesteps      | 1507328     |
| train/                  |             |
|    approx_kl            | 0.008359615 |
|    clip_fraction        | 0.0771      |
|    clip_range           | 0.2         |
|    entropy_loss         | 1.17        |
|    explained_variance   | 0.749       |
|    learning_rate        | 5e-05       |
|    loss                 | 3.47        |
|    n_updates            | 3675        |
|    policy_gradient_loss | -0.00204    |
|    std                  | 0.135       |
|    value_loss           | 28.1        |
-----------------------------------------
-----------------------------------------
| rollout/                |             |
|    ep_len_mean          | 1.24e+03    |
|    ep_rew_mean          | 126         |
| time/                   |             |
|    fps                  | 1484        |
|    iterations           | 37          |
|    time_elapsed         | 51          |
|    total_timesteps      | 1509376     |
| train/                  |             |
|    approx_kl            | 0.012554905 |
|    clip_fraction        | 0.0657      |
|    clip_range           | 0.2         |
|    entropy_loss         | 1.17        |
|    explained_variance   | 0.579       |
|    learning_rate        | 5e-05       |
|    loss                 | 0.7         |
|    n_updates            | 3680        |
|    policy_gradient_loss | 0.000673    |
|    std                  | 0.135       |
|    value_loss           | 99.1        |
-----------------------------------------
---------------------------------------
| rollout/                |           |
|    ep_len_mean          | 1.23e+03  |
|    ep_rew_mean          | 128       |
| time/                   |           |
|    fps                  | 1487      |
|    iterations           | 38        |
|    time_elapsed         | 52        |
|    total_timesteps      | 1511424   |
| train/                  |           |
|    approx_kl            | 0.0174103 |
|    clip_fraction        | 0.138     |
|    clip_range           | 0.2       |
|    entropy_loss         | 1.17      |
|    explained_variance   | 0.703     |
|    learning_rate        | 5e-05     |
|    loss                 | 121       |
|    n_updates            | 3685      |
|    policy_gradient_loss | 0.00179   |
|    std                  | 0.135     |
|    value_loss           | 99.3      |
---------------------------------------
-----------------------------------------
| rollout/                |             |
|    ep_len_mean          | 1.23e+03    |
|    ep_rew_mean          | 128         |
| time/                   |             |
|    fps                  | 1491        |
|    iterations           | 39          |
|    time_elapsed         | 53          |
|    total_timesteps      | 1513472     |
| train/                  |             |
|    approx_kl            | 0.011487964 |
|    clip_fraction        | 0.147       |
|    clip_range           | 0.2         |
|    entropy_loss         | 1.17        |
|    explained_variance   | 0.661       |
|    learning_rate        | 5e-05       |
|    loss                 | 0.305       |
|    n_updates            | 3690        |
|    policy_gradient_loss | -7.7e-05    |
|    std                  | 0.135       |
|    value_loss           | 116         |
-----------------------------------------
-----------------------------------------
| rollout/                |             |
|    ep_len_mean          | 1.22e+03    |
|    ep_rew_mean          | 130         |
| time/                   |             |
|    fps                  | 1495        |
|    iterations           | 40          |
|    time_elapsed         | 54          |
|    total_timesteps      | 1515520     |
| train/                  |             |
|    approx_kl            | 0.012854739 |
|    clip_fraction        | 0.0714      |
|    clip_range           | 0.2         |
|    entropy_loss         | 1.17        |
|    explained_variance   | 0.863       |
|    learning_rate        | 5e-05       |
|    loss                 | 1.07        |
|    n_updates            | 3695        |
|    policy_gradient_loss | -0.00185    |
|    std                  | 0.135       |
|    value_loss           | 41          |
-----------------------------------------
-----------------------------------------
| rollout/                |             |
|    ep_len_mean          | 1.24e+03    |
|    ep_rew_mean          | 128         |
| time/                   |             |
|    fps                  | 1498        |
|    iterations           | 41          |
|    time_elapsed         | 56          |
|    total_timesteps      | 1517568     |
| train/                  |             |
|    approx_kl            | 0.008148545 |
|    clip_fraction        | 0.0617      |
|    clip_range           | 0.2         |
|    entropy_loss         | 1.17        |
|    explained_variance   | 0.759       |
|    learning_rate        | 5e-05       |
|    loss                 | 2.06        |
|    n_updates            | 3700        |
|    policy_gradient_loss | -0.0012     |
|    std                  | 0.135       |
|    value_loss           | 49.2        |
-----------------------------------------
-----------------------------------------
| rollout/                |             |
|    ep_len_mean          | 1.24e+03    |
|    ep_rew_mean          | 128         |
| time/                   |             |
|    fps                  | 1499        |
|    iterations           | 42          |
|    time_elapsed         | 57          |
|    total_timesteps      | 1519616     |
| train/                  |             |
|    approx_kl            | 0.008022638 |
|    clip_fraction        | 0.0443      |
|    clip_range           | 0.2         |
|    entropy_loss         | 1.17        |
|    explained_variance   | 0.829       |
|    learning_rate        | 5e-05       |
|    loss                 | 122         |
|    n_updates            | 3705        |
|    policy_gradient_loss | -0.00311    |
|    std                  | 0.135       |
|    value_loss           | 38.6        |
-----------------------------------------
----------------------------------------
| rollout/                |            |
|    ep_len_mean          | 1.25e+03   |
|    ep_rew_mean          | 126        |
| time/                   |            |
|    fps                  | 1501       |
|    iterations           | 43         |
|    time_elapsed         | 58         |
|    total_timesteps      | 1521664    |
| train/                  |            |
|    approx_kl            | 0.01235383 |
|    clip_fraction        | 0.072      |
|    clip_range           | 0.2        |
|    entropy_loss         | 1.17       |
|    explained_variance   | 0.734      |
|    learning_rate        | 5e-05      |
|    loss                 | 0.294      |
|    n_updates            | 3710       |
|    policy_gradient_loss | 0.000451   |
|    std                  | 0.134      |
|    value_loss           | 115        |
----------------------------------------
------------------------------------------
| rollout/                |              |
|    ep_len_mean          | 1.24e+03     |
|    ep_rew_mean          | 126          |
| time/                   |              |
|    fps                  | 1506         |
|    iterations           | 44           |
|    time_elapsed         | 59           |
|    total_timesteps      | 1523712      |
| train/                  |              |
|    approx_kl            | 0.0067299977 |
|    clip_fraction        | 0.164        |
|    clip_range           | 0.2          |
|    entropy_loss         | 1.17         |
|    explained_variance   | 0.852        |
|    learning_rate        | 5e-05        |
|    loss                 | 1.09         |
|    n_updates            | 3715         |
|    policy_gradient_loss | 0.00645      |
|    std                  | 0.134        |
|    value_loss           | 18.8         |
------------------------------------------
-----------------------------------------
| rollout/                |             |
|    ep_len_mean          | 1.22e+03    |
|    ep_rew_mean          | 128         |
| time/                   |             |
|    fps                  | 1504        |
|    iterations           | 45          |
|    time_elapsed         | 61          |
|    total_timesteps      | 1525760     |
| train/                  |             |
|    approx_kl            | 0.011065168 |
|    clip_fraction        | 0.147       |
|    clip_range           | 0.2         |
|    entropy_loss         | 1.18        |
|    explained_variance   | 0.699       |
|    learning_rate        | 5e-05       |
|    loss                 | 183         |
|    n_updates            | 3720        |
|    policy_gradient_loss | 0.00258     |
|    std                  | 0.134       |
|    value_loss           | 116         |
-----------------------------------------
-----------------------------------------
| rollout/                |             |
|    ep_len_mean          | 1.22e+03    |
|    ep_rew_mean          | 128         |
| time/                   |             |
|    fps                  | 1506        |
|    iterations           | 46          |
|    time_elapsed         | 62          |
|    total_timesteps      | 1527808     |
| train/                  |             |
|    approx_kl            | 0.008974912 |
|    clip_fraction        | 0.0769      |
|    clip_range           | 0.2         |
|    entropy_loss         | 1.18        |
|    explained_variance   | 0.836       |
|    learning_rate        | 5e-05       |
|    loss                 | 0.39        |
|    n_updates            | 3725        |
|    policy_gradient_loss | -0.00023    |
|    std                  | 0.134       |
|    value_loss           | 45.1        |
-----------------------------------------
------------------------------------------
| rollout/                |              |
|    ep_len_mean          | 1.22e+03     |
|    ep_rew_mean          | 128          |
| time/                   |              |
|    fps                  | 1512         |
|    iterations           | 47           |
|    time_elapsed         | 63           |
|    total_timesteps      | 1529856      |
| train/                  |              |
|    approx_kl            | 0.0070227874 |
|    clip_fraction        | 0.0652       |
|    clip_range           | 0.2          |
|    entropy_loss         | 1.18         |
|    explained_variance   | 0.781        |
|    learning_rate        | 5e-05        |
|    loss                 | 132          |
|    n_updates            | 3730         |
|    policy_gradient_loss | -0.00132     |
|    std                  | 0.134        |
|    value_loss           | 51.9         |
------------------------------------------
-----------------------------------------
| rollout/                |             |
|    ep_len_mean          | 1.22e+03    |
|    ep_rew_mean          | 128         |
| time/                   |             |
|    fps                  | 1516        |
|    iterations           | 48          |
|    time_elapsed         | 64          |
|    total_timesteps      | 1531904     |
| train/                  |             |
|    approx_kl            | 0.009063281 |
|    clip_fraction        | 0.0877      |
|    clip_range           | 0.2         |
|    entropy_loss         | 1.18        |
|    explained_variance   | 0.837       |
|    learning_rate        | 5e-05       |
|    loss                 | 0.14        |
|    n_updates            | 3735        |
|    policy_gradient_loss | 0.000198    |
|    std                  | 0.134       |
|    value_loss           | 25.8        |
-----------------------------------------
-----------------------------------------
| rollout/                |             |
|    ep_len_mean          | 1.23e+03    |
|    ep_rew_mean          | 127         |
| time/                   |             |
|    fps                  | 1518        |
|    iterations           | 49          |
|    time_elapsed         | 66          |
|    total_timesteps      | 1533952     |
| train/                  |             |
|    approx_kl            | 0.013264705 |
|    clip_fraction        | 0.0742      |
|    clip_range           | 0.2         |
|    entropy_loss         | 1.18        |
|    explained_variance   | 0.555       |
|    learning_rate        | 5e-05       |
|    loss                 | 1.79        |
|    n_updates            | 3740        |
|    policy_gradient_loss | 0.000599    |
|    std                  | 0.134       |
|    value_loss           | 56.1        |
-----------------------------------------
-----------------------------------------
| rollout/                |             |
|    ep_len_mean          | 1.23e+03    |
|    ep_rew_mean          | 127         |
| time/                   |             |
|    fps                  | 1516        |
|    iterations           | 50          |
|    time_elapsed         | 67          |
|    total_timesteps      | 1536000     |
| train/                  |             |
|    approx_kl            | 0.011529865 |
|    clip_fraction        | 0.0702      |
|    clip_range           | 0.2         |
|    entropy_loss         | 1.18        |
|    explained_variance   | 0.605       |
|    learning_rate        | 5e-05       |
|    loss                 | 2.47        |
|    n_updates            | 3745        |
|    policy_gradient_loss | 0.000849    |
|    std                  | 0.134       |
|    value_loss           | 104         |
-----------------------------------------
------------------------------------------
| rollout/                |              |
|    ep_len_mean          | 1.21e+03     |
|    ep_rew_mean          | 128          |
| time/                   |              |
|    fps                  | 1517         |
|    iterations           | 51           |
|    time_elapsed         | 68           |
|    total_timesteps      | 1538048      |
| train/                  |              |
|    approx_kl            | 0.0044240397 |
|    clip_fraction        | 0.0756       |
|    clip_range           | 0.2          |
|    entropy_loss         | 1.18         |
|    explained_variance   | 0.614        |
|    learning_rate        | 5e-05        |
|    loss                 | 0.352        |
|    n_updates            | 3750         |
|    policy_gradient_loss | -0.000333    |
|    std                  | 0.134        |
|    value_loss           | 53.1         |
------------------------------------------
------------------------------------------
| rollout/                |              |
|    ep_len_mean          | 1.2e+03      |
|    ep_rew_mean          | 130          |
| time/                   |              |
|    fps                  | 1519         |
|    iterations           | 52           |
|    time_elapsed         | 70           |
|    total_timesteps      | 1540096      |
| train/                  |              |
|    approx_kl            | 0.0034076748 |
|    clip_fraction        | 0.0289       |
|    clip_range           | 0.2          |
|    entropy_loss         | 1.18         |
|    explained_variance   | 0.575        |
|    learning_rate        | 5e-05        |
|    loss                 | 1.68         |
|    n_updates            | 3755         |
|    policy_gradient_loss | -0.00121     |
|    std                  | 0.134        |
|    value_loss           | 114          |
------------------------------------------
------------------------------------------
| rollout/                |              |
|    ep_len_mean          | 1.2e+03      |
|    ep_rew_mean          | 130          |
| time/                   |              |
|    fps                  | 1521         |
|    iterations           | 53           |
|    time_elapsed         | 71           |
|    total_timesteps      | 1542144      |
| train/                  |              |
|    approx_kl            | 0.0075013116 |
|    clip_fraction        | 0.0773       |
|    clip_range           | 0.2          |
|    entropy_loss         | 1.18         |
|    explained_variance   | 0.6          |
|    learning_rate        | 5e-05        |
|    loss                 | 3.91         |
|    n_updates            | 3760         |
|    policy_gradient_loss | -0.00175     |
|    std                  | 0.134        |
|    value_loss           | 100          |
------------------------------------------
------------------------------------------
| rollout/                |              |
|    ep_len_mean          | 1.18e+03     |
|    ep_rew_mean          | 134          |
| time/                   |              |
|    fps                  | 1521         |
|    iterations           | 54           |
|    time_elapsed         | 72           |
|    total_timesteps      | 1544192      |
| train/                  |              |
|    approx_kl            | 0.0074220393 |
|    clip_fraction        | 0.113        |
|    clip_range           | 0.2          |
|    entropy_loss         | 1.18         |
|    explained_variance   | 0.68         |
|    learning_rate        | 5e-05        |
|    loss                 | 154          |
|    n_updates            | 3765         |
|    policy_gradient_loss | -0.0015      |
|    std                  | 0.134        |
|    value_loss           | 77.4         |
------------------------------------------
------------------------------------------
| rollout/                |              |
|    ep_len_mean          | 1.18e+03     |
|    ep_rew_mean          | 134          |
| time/                   |              |
|    fps                  | 1521         |
|    iterations           | 55           |
|    time_elapsed         | 74           |
|    total_timesteps      | 1546240      |
| train/                  |              |
|    approx_kl            | 0.0047652936 |
|    clip_fraction        | 0.0371       |
|    clip_range           | 0.2          |
|    entropy_loss         | 1.18         |
|    explained_variance   | 0.611        |
|    learning_rate        | 5e-05        |
|    loss                 | 8.04         |
|    n_updates            | 3770         |
|    policy_gradient_loss | -0.00323     |
|    std                  | 0.134        |
|    value_loss           | 131          |
------------------------------------------
-----------------------------------------
| rollout/                |             |
|    ep_len_mean          | 1.17e+03    |
|    ep_rew_mean          | 136         |
| time/                   |             |
|    fps                  | 1525        |
|    iterations           | 56          |
|    time_elapsed         | 75          |
|    total_timesteps      | 1548288     |
| train/                  |             |
|    approx_kl            | 0.023737289 |
|    clip_fraction        | 0.244       |
|    clip_range           | 0.2         |
|    entropy_loss         | 1.18        |
|    explained_variance   | 0.719       |
|    learning_rate        | 5e-05       |
|    loss                 | 0.967       |
|    n_updates            | 3775        |
|    policy_gradient_loss | 0.00692     |
|    std                  | 0.134       |
|    value_loss           | 39          |
-----------------------------------------
-----------------------------------------
| rollout/                |             |
|    ep_len_mean          | 1.17e+03    |
|    ep_rew_mean          | 136         |
| time/                   |             |
|    fps                  | 1525        |
|    iterations           | 57          |
|    time_elapsed         | 76          |
|    total_timesteps      | 1550336     |
| train/                  |             |
|    approx_kl            | 0.006222606 |
|    clip_fraction        | 0.0631      |
|    clip_range           | 0.2         |
|    entropy_loss         | 1.18        |
|    explained_variance   | 0.668       |
|    learning_rate        | 5e-05       |
|    loss                 | 0.345       |
|    n_updates            | 3780        |
|    policy_gradient_loss | -0.00251    |
|    std                  | 0.134       |
|    value_loss           | 126         |
-----------------------------------------
-----------------------------------------
| rollout/                |             |
|    ep_len_mean          | 1.17e+03    |
|    ep_rew_mean          | 136         |
| time/                   |             |
|    fps                  | 1528        |
|    iterations           | 58          |
|    time_elapsed         | 77          |
|    total_timesteps      | 1552384     |
| train/                  |             |
|    approx_kl            | 0.008246195 |
|    clip_fraction        | 0.0609      |
|    clip_range           | 0.2         |
|    entropy_loss         | 1.18        |
|    explained_variance   | 0.712       |
|    learning_rate        | 5e-05       |
|    loss                 | 25.6        |
|    n_updates            | 3785        |
|    policy_gradient_loss | 6.94e-06    |
|    std                  | 0.134       |
|    value_loss           | 78.4        |
-----------------------------------------
-----------------------------------------
| rollout/                |             |
|    ep_len_mean          | 1.16e+03    |
|    ep_rew_mean          | 136         |
| time/                   |             |
|    fps                  | 1530        |
|    iterations           | 59          |
|    time_elapsed         | 78          |
|    total_timesteps      | 1554432     |
| train/                  |             |
|    approx_kl            | 0.004226672 |
|    clip_fraction        | 0.0652      |
|    clip_range           | 0.2         |
|    entropy_loss         | 1.18        |
|    explained_variance   | 0.857       |
|    learning_rate        | 5e-05       |
|    loss                 | 0.348       |
|    n_updates            | 3790        |
|    policy_gradient_loss | -0.00432    |
|    std                  | 0.134       |
|    value_loss           | 38.1        |
-----------------------------------------
-----------------------------------------
| rollout/                |             |
|    ep_len_mean          | 1.19e+03    |
|    ep_rew_mean          | 133         |
| time/                   |             |
|    fps                  | 1533        |
|    iterations           | 60          |
|    time_elapsed         | 80          |
|    total_timesteps      | 1556480     |
| train/                  |             |
|    approx_kl            | 0.013446562 |
|    clip_fraction        | 0.0901      |
|    clip_range           | 0.2         |
|    entropy_loss         | 1.18        |
|    explained_variance   | 0.882       |
|    learning_rate        | 5e-05       |
|    loss                 | 7.56        |
|    n_updates            | 3795        |
|    policy_gradient_loss | -0.0037     |
|    std                  | 0.134       |
|    value_loss           | 37          |
-----------------------------------------
-----------------------------------------
| rollout/                |             |
|    ep_len_mean          | 1.19e+03    |
|    ep_rew_mean          | 133         |
| time/                   |             |
|    fps                  | 1531        |
|    iterations           | 61          |
|    time_elapsed         | 81          |
|    total_timesteps      | 1558528     |
| train/                  |             |
|    approx_kl            | 0.006880119 |
|    clip_fraction        | 0.0808      |
|    clip_range           | 0.2         |
|    entropy_loss         | 1.18        |
|    explained_variance   | 0.713       |
|    learning_rate        | 5e-05       |
|    loss                 | 33.4        |
|    n_updates            | 3800        |
|    policy_gradient_loss | 0.00198     |
|    std                  | 0.134       |
|    value_loss           | 76.7        |
-----------------------------------------
-----------------------------------------
| rollout/                |             |
|    ep_len_mean          | 1.19e+03    |
|    ep_rew_mean          | 133         |
| time/                   |             |
|    fps                  | 1531        |
|    iterations           | 62          |
|    time_elapsed         | 82          |
|    total_timesteps      | 1560576     |
| train/                  |             |
|    approx_kl            | 0.014475782 |
|    clip_fraction        | 0.149       |
|    clip_range           | 0.2         |
|    entropy_loss         | 1.18        |
|    explained_variance   | 0.864       |
|    learning_rate        | 5e-05       |
|    loss                 | 0.126       |
|    n_updates            | 3805        |
|    policy_gradient_loss | 0.0053      |
|    std                  | 0.134       |
|    value_loss           | 60          |
-----------------------------------------
-----------------------------------------
| rollout/                |             |
|    ep_len_mean          | 1.19e+03    |
|    ep_rew_mean          | 133         |
| time/                   |             |
|    fps                  | 1530        |
|    iterations           | 63          |
|    time_elapsed         | 84          |
|    total_timesteps      | 1562624     |
| train/                  |             |
|    approx_kl            | 0.009739844 |
|    clip_fraction        | 0.148       |
|    clip_range           | 0.2         |
|    entropy_loss         | 1.18        |
|    explained_variance   | 0.726       |
|    learning_rate        | 5e-05       |
|    loss                 | 0.194       |
|    n_updates            | 3810        |
|    policy_gradient_loss | 0.00426     |
|    std                  | 0.134       |
|    value_loss           | 24.8        |
-----------------------------------------
------------------------------------------
| rollout/                |              |
|    ep_len_mean          | 1.19e+03     |
|    ep_rew_mean          | 133          |
| time/                   |              |
|    fps                  | 1529         |
|    iterations           | 64           |
|    time_elapsed         | 85           |
|    total_timesteps      | 1564672      |
| train/                  |              |
|    approx_kl            | 0.0078263655 |
|    clip_fraction        | 0.107        |
|    clip_range           | 0.2          |
|    entropy_loss         | 1.18         |
|    explained_variance   | 0.752        |
|    learning_rate        | 5e-05        |
|    loss                 | 0.039        |
|    n_updates            | 3815         |
|    policy_gradient_loss | -0.000981    |
|    std                  | 0.134        |
|    value_loss           | 60.5         |
------------------------------------------
------------------------------------------
| rollout/                |              |
|    ep_len_mean          | 1.21e+03     |
|    ep_rew_mean          | 131          |
| time/                   |              |
|    fps                  | 1529         |
|    iterations           | 65           |
|    time_elapsed         | 87           |
|    total_timesteps      | 1566720      |
| train/                  |              |
|    approx_kl            | 0.0087875705 |
|    clip_fraction        | 0.0643       |
|    clip_range           | 0.2          |
|    entropy_loss         | 1.18         |
|    explained_variance   | 0.976        |
|    learning_rate        | 5e-05        |
|    loss                 | 0.749        |
|    n_updates            | 3820         |
|    policy_gradient_loss | -0.00106     |
|    std                  | 0.134        |
|    value_loss           | 2.67         |
------------------------------------------
------------------------------------------
| rollout/                |              |
|    ep_len_mean          | 1.21e+03     |
|    ep_rew_mean          | 131          |
| time/                   |              |
|    fps                  | 1525         |
|    iterations           | 66           |
|    time_elapsed         | 88           |
|    total_timesteps      | 1568768      |
| train/                  |              |
|    approx_kl            | 0.0049751224 |
|    clip_fraction        | 0.0779       |
|    clip_range           | 0.2          |
|    entropy_loss         | 1.18         |
|    explained_variance   | 0.762        |
|    learning_rate        | 5e-05        |
|    loss                 | 1.02         |
|    n_updates            | 3825         |
|    policy_gradient_loss | 0.000758     |
|    std                  | 0.134        |
|    value_loss           | 92.4         |
------------------------------------------
------------------------------------------
| rollout/                |              |
|    ep_len_mean          | 1.21e+03     |
|    ep_rew_mean          | 131          |
| time/                   |              |
|    fps                  | 1525         |
|    iterations           | 67           |
|    time_elapsed         | 89           |
|    total_timesteps      | 1570816      |
| train/                  |              |
|    approx_kl            | 0.0112534035 |
|    clip_fraction        | 0.104        |
|    clip_range           | 0.2          |
|    entropy_loss         | 1.18         |
|    explained_variance   | 0.705        |
|    learning_rate        | 5e-05        |
|    loss                 | 1.09         |
|    n_updates            | 3830         |
|    policy_gradient_loss | 0.00322      |
|    std                  | 0.134        |
|    value_loss           | 35.7         |
------------------------------------------
-----------------------------------------
| rollout/                |             |
|    ep_len_mean          | 1.21e+03    |
|    ep_rew_mean          | 131         |
| time/                   |             |
|    fps                  | 1522        |
|    iterations           | 68          |
|    time_elapsed         | 91          |
|    total_timesteps      | 1572864     |
| train/                  |             |
|    approx_kl            | 0.009101592 |
|    clip_fraction        | 0.0756      |
|    clip_range           | 0.2         |
|    entropy_loss         | 1.18        |
|    explained_variance   | 0.593       |
|    learning_rate        | 5e-05       |
|    loss                 | 7.24        |
|    n_updates            | 3835        |
|    policy_gradient_loss | -0.00224    |
|    std                  | 0.134       |
|    value_loss           | 136         |
-----------------------------------------
-----------------------------------------
| rollout/                |             |
|    ep_len_mean          | 1.22e+03    |
|    ep_rew_mean          | 131         |
| time/                   |             |
|    fps                  | 1525        |
|    iterations           | 69          |
|    time_elapsed         | 92          |
|    total_timesteps      | 1574912     |
| train/                  |             |
|    approx_kl            | 0.003957386 |
|    clip_fraction        | 0.0323      |
|    clip_range           | 0.2         |
|    entropy_loss         | 1.18        |
|    explained_variance   | 0.915       |
|    learning_rate        | 5e-05       |
|    loss                 | 0.459       |
|    n_updates            | 3840        |
|    policy_gradient_loss | 0.000616    |
|    std                  | 0.134       |
|    value_loss           | 2.14        |
-----------------------------------------
-----------------------------------------
| rollout/                |             |
|    ep_len_mean          | 1.22e+03    |
|    ep_rew_mean          | 131         |
| time/                   |             |
|    fps                  | 1525        |
|    iterations           | 70          |
|    time_elapsed         | 93          |
|    total_timesteps      | 1576960     |
| train/                  |             |
|    approx_kl            | 0.008846824 |
|    clip_fraction        | 0.061       |
|    clip_range           | 0.2         |
|    entropy_loss         | 1.18        |
|    explained_variance   | 0.535       |
|    learning_rate        | 5e-05       |
|    loss                 | 0.501       |
|    n_updates            | 3845        |
|    policy_gradient_loss | -0.000612   |
|    std                  | 0.134       |
|    value_loss           | 102         |
-----------------------------------------
-----------------------------------------
| rollout/                |             |
|    ep_len_mean          | 1.22e+03    |
|    ep_rew_mean          | 130         |
| time/                   |             |
|    fps                  | 1527        |
|    iterations           | 71          |
|    time_elapsed         | 95          |
|    total_timesteps      | 1579008     |
| train/                  |             |
|    approx_kl            | 0.010816083 |
|    clip_fraction        | 0.0585      |
|    clip_range           | 0.2         |
|    entropy_loss         | 1.18        |
|    explained_variance   | 0.918       |
|    learning_rate        | 5e-05       |
|    loss                 | 1.59        |
|    n_updates            | 3850        |
|    policy_gradient_loss | -0.00107    |
|    std                  | 0.134       |
|    value_loss           | 2.46        |
-----------------------------------------
------------------------------------------
| rollout/                |              |
|    ep_len_mean          | 1.22e+03     |
|    ep_rew_mean          | 130          |
| time/                   |              |
|    fps                  | 1527         |
|    iterations           | 72           |
|    time_elapsed         | 96           |
|    total_timesteps      | 1581056      |
| train/                  |              |
|    approx_kl            | 0.0060084853 |
|    clip_fraction        | 0.0874       |
|    clip_range           | 0.2          |
|    entropy_loss         | 1.18         |
|    explained_variance   | 0.642        |
|    learning_rate        | 5e-05        |
|    loss                 | 3.14         |
|    n_updates            | 3855         |
|    policy_gradient_loss | 0.00336      |
|    std                  | 0.134        |
|    value_loss           | 91.2         |
------------------------------------------
----------------------------------------
| rollout/                |            |
|    ep_len_mean          | 1.22e+03   |
|    ep_rew_mean          | 130        |
| time/                   |            |
|    fps                  | 1530       |
|    iterations           | 73         |
|    time_elapsed         | 97         |
|    total_timesteps      | 1583104    |
| train/                  |            |
|    approx_kl            | 0.01831641 |
|    clip_fraction        | 0.106      |
|    clip_range           | 0.2        |
|    entropy_loss         | 1.18       |
|    explained_variance   | 0.947      |
|    learning_rate        | 5e-05      |
|    loss                 | 0.887      |
|    n_updates            | 3860       |
|    policy_gradient_loss | -0.00289   |
|    std                  | 0.134      |
|    value_loss           | 9.77       |
----------------------------------------
-----------------------------------------
| rollout/                |             |
|    ep_len_mean          | 1.25e+03    |
|    ep_rew_mean          | 127         |
| time/                   |             |
|    fps                  | 1532        |
|    iterations           | 74          |
|    time_elapsed         | 98          |
|    total_timesteps      | 1585152     |
| train/                  |             |
|    approx_kl            | 0.010124275 |
|    clip_fraction        | 0.109       |
|    clip_range           | 0.2         |
|    entropy_loss         | 1.18        |
|    explained_variance   | 0.807       |
|    learning_rate        | 5e-05       |
|    loss                 | 1.94        |
|    n_updates            | 3865        |
|    policy_gradient_loss | -0.000307   |
|    std                  | 0.134       |
|    value_loss           | 87.4        |
-----------------------------------------
-----------------------------------------
| rollout/                |             |
|    ep_len_mean          | 1.25e+03    |
|    ep_rew_mean          | 127         |
| time/                   |             |
|    fps                  | 1533        |
|    iterations           | 75          |
|    time_elapsed         | 100         |
|    total_timesteps      | 1587200     |
| train/                  |             |
|    approx_kl            | 0.013459612 |
|    clip_fraction        | 0.107       |
|    clip_range           | 0.2         |
|    entropy_loss         | 1.18        |
|    explained_variance   | 0.283       |
|    learning_rate        | 5e-05       |
|    loss                 | 0.718       |
|    n_updates            | 3870        |
|    policy_gradient_loss | 3.39e-05    |
|    std                  | 0.134       |
|    value_loss           | 23.4        |
-----------------------------------------
-----------------------------------------
| rollout/                |             |
|    ep_len_mean          | 1.25e+03    |
|    ep_rew_mean          | 127         |
| time/                   |             |
|    fps                  | 1534        |
|    iterations           | 76          |
|    time_elapsed         | 101         |
|    total_timesteps      | 1589248     |
| train/                  |             |
|    approx_kl            | 0.021308977 |
|    clip_fraction        | 0.137       |
|    clip_range           | 0.2         |
|    entropy_loss         | 1.18        |
|    explained_variance   | 0.596       |
|    learning_rate        | 5e-05       |
|    loss                 | 107         |
|    n_updates            | 3875        |
|    policy_gradient_loss | 0.00482     |
|    std                  | 0.134       |
|    value_loss           | 113         |
-----------------------------------------
-----------------------------------------
| rollout/                |             |
|    ep_len_mean          | 1.24e+03    |
|    ep_rew_mean          | 127         |
| time/                   |             |
|    fps                  | 1537        |
|    iterations           | 77          |
|    time_elapsed         | 102         |
|    total_timesteps      | 1591296     |
| train/                  |             |
|    approx_kl            | 0.008651597 |
|    clip_fraction        | 0.136       |
|    clip_range           | 0.2         |
|    entropy_loss         | 1.18        |
|    explained_variance   | 0.732       |
|    learning_rate        | 5e-05       |
|    loss                 | 0.993       |
|    n_updates            | 3880        |
|    policy_gradient_loss | 0.000361    |
|    std                  | 0.134       |
|    value_loss           | 28.9        |
-----------------------------------------
-----------------------------------------
| rollout/                |             |
|    ep_len_mean          | 1.24e+03    |
|    ep_rew_mean          | 127         |
| time/                   |             |
|    fps                  | 1536        |
|    iterations           | 78          |
|    time_elapsed         | 103         |
|    total_timesteps      | 1593344     |
| train/                  |             |
|    approx_kl            | 0.008337805 |
|    clip_fraction        | 0.0848      |
|    clip_range           | 0.2         |
|    entropy_loss         | 1.18        |
|    explained_variance   | 0.716       |
|    learning_rate        | 5e-05       |
|    loss                 | 0.144       |
|    n_updates            | 3885        |
|    policy_gradient_loss | -0.000138   |
|    std                  | 0.134       |
|    value_loss           | 72.3        |
-----------------------------------------
-----------------------------------------
| rollout/                |             |
|    ep_len_mean          | 1.23e+03    |
|    ep_rew_mean          | 129         |
| time/                   |             |
|    fps                  | 1538        |
|    iterations           | 79          |
|    time_elapsed         | 105         |
|    total_timesteps      | 1595392     |
| train/                  |             |
|    approx_kl            | 0.017302455 |
|    clip_fraction        | 0.145       |
|    clip_range           | 0.2         |
|    entropy_loss         | 1.18        |
|    explained_variance   | 0.528       |
|    learning_rate        | 5e-05       |
|    loss                 | 2.77        |
|    n_updates            | 3890        |
|    policy_gradient_loss | 0.000187    |
|    std                  | 0.134       |
|    value_loss           | 57.8        |
-----------------------------------------
-----------------------------------------
| rollout/                |             |
|    ep_len_mean          | 1.21e+03    |
|    ep_rew_mean          | 130         |
| time/                   |             |
|    fps                  | 1535        |
|    iterations           | 80          |
|    time_elapsed         | 106         |
|    total_timesteps      | 1597440     |
| train/                  |             |
|    approx_kl            | 0.009213652 |
|    clip_fraction        | 0.1         |
|    clip_range           | 0.2         |
|    entropy_loss         | 1.18        |
|    explained_variance   | 0.712       |
|    learning_rate        | 5e-05       |
|    loss                 | 166         |
|    n_updates            | 3895        |
|    policy_gradient_loss | -0.000954   |
|    std                  | 0.134       |
|    value_loss           | 134         |
-----------------------------------------
-----------------------------------------
| rollout/                |             |
|    ep_len_mean          | 1.21e+03    |
|    ep_rew_mean          | 130         |
| time/                   |             |
|    fps                  | 1533        |
|    iterations           | 81          |
|    time_elapsed         | 108         |
|    total_timesteps      | 1599488     |
| train/                  |             |
|    approx_kl            | 0.007094296 |
|    clip_fraction        | 0.0613      |
|    clip_range           | 0.2         |
|    entropy_loss         | 1.18        |
|    explained_variance   | 0.834       |
|    learning_rate        | 5e-05       |
|    loss                 | 0.42        |
|    n_updates            | 3900        |
|    policy_gradient_loss | -0.00289    |
|    std                  | 0.134       |
|    value_loss           | 63.5        |
-----------------------------------------
-----------------------------------------
| rollout/                |             |
|    ep_len_mean          | 1.23e+03    |
|    ep_rew_mean          | 129         |
| time/                   |             |
|    fps                  | 1533        |
|    iterations           | 82          |
|    time_elapsed         | 109         |
|    total_timesteps      | 1601536     |
| train/                  |             |
|    approx_kl            | 0.012157072 |
|    clip_fraction        | 0.107       |
|    clip_range           | 0.2         |
|    entropy_loss         | 1.18        |
|    explained_variance   | 0.659       |
|    learning_rate        | 5e-05       |
|    loss                 | 1.27        |
|    n_updates            | 3905        |
|    policy_gradient_loss | 0.00196     |
|    std                  | 0.134       |
|    value_loss           | 64.3        |
-----------------------------------------
-----------------------------------------
| rollout/                |             |
|    ep_len_mean          | 1.23e+03    |
|    ep_rew_mean          | 129         |
| time/                   |             |
|    fps                  | 1533        |
|    iterations           | 83          |
|    time_elapsed         | 110         |
|    total_timesteps      | 1603584     |
| train/                  |             |
|    approx_kl            | 0.006807411 |
|    clip_fraction        | 0.0842      |
|    clip_range           | 0.2         |
|    entropy_loss         | 1.18        |
|    explained_variance   | 0.805       |
|    learning_rate        | 5e-05       |
|    loss                 | 4.82        |
|    n_updates            | 3910        |
|    policy_gradient_loss | -0.00186    |
|    std                  | 0.134       |
|    value_loss           | 69.3        |
-----------------------------------------
-----------------------------------------
| rollout/                |             |
|    ep_len_mean          | 1.21e+03    |
|    ep_rew_mean          | 130         |
| time/                   |             |
|    fps                  | 1536        |
|    iterations           | 84          |
|    time_elapsed         | 111         |
|    total_timesteps      | 1605632     |
| train/                  |             |
|    approx_kl            | 0.004650306 |
|    clip_fraction        | 0.0626      |
|    clip_range           | 0.2         |
|    entropy_loss         | 1.19        |
|    explained_variance   | 0.875       |
|    learning_rate        | 5e-05       |
|    loss                 | 21.3        |
|    n_updates            | 3915        |
|    policy_gradient_loss | -0.00189    |
|    std                  | 0.134       |
|    value_loss           | 14.3        |
-----------------------------------------
-----------------------------------------
| rollout/                |             |
|    ep_len_mean          | 1.22e+03    |
|    ep_rew_mean          | 130         |
| time/                   |             |
|    fps                  | 1535        |
|    iterations           | 85          |
|    time_elapsed         | 113         |
|    total_timesteps      | 1607680     |
| train/                  |             |
|    approx_kl            | 0.008028145 |
|    clip_fraction        | 0.0645      |
|    clip_range           | 0.2         |
|    entropy_loss         | 1.19        |
|    explained_variance   | 0.769       |
|    learning_rate        | 5e-05       |
|    loss                 | 3.12        |
|    n_updates            | 3920        |
|    policy_gradient_loss | -0.000969   |
|    std                  | 0.134       |
|    value_loss           | 93.5        |
-----------------------------------------
-----------------------------------------
| rollout/                |             |
|    ep_len_mean          | 1.21e+03    |
|    ep_rew_mean          | 130         |
| time/                   |             |
|    fps                  | 1537        |
|    iterations           | 86          |
|    time_elapsed         | 114         |
|    total_timesteps      | 1609728     |
| train/                  |             |
|    approx_kl            | 0.007864304 |
|    clip_fraction        | 0.0953      |
|    clip_range           | 0.2         |
|    entropy_loss         | 1.19        |
|    explained_variance   | 0.81        |
|    learning_rate        | 5e-05       |
|    loss                 | 1.74        |
|    n_updates            | 3925        |
|    policy_gradient_loss | 0.000167    |
|    std                  | 0.134       |
|    value_loss           | 31.5        |
-----------------------------------------
-----------------------------------------
| rollout/                |             |
|    ep_len_mean          | 1.21e+03    |
|    ep_rew_mean          | 130         |
| time/                   |             |
|    fps                  | 1539        |
|    iterations           | 87          |
|    time_elapsed         | 115         |
|    total_timesteps      | 1611776     |
| train/                  |             |
|    approx_kl            | 0.013560897 |
|    clip_fraction        | 0.0838      |
|    clip_range           | 0.2         |
|    entropy_loss         | 1.19        |
|    explained_variance   | 0.852       |
|    learning_rate        | 5e-05       |
|    loss                 | 0.376       |
|    n_updates            | 3930        |
|    policy_gradient_loss | -0.0022     |
|    std                  | 0.134       |
|    value_loss           | 33.9        |
-----------------------------------------
-----------------------------------------
| rollout/                |             |
|    ep_len_mean          | 1.2e+03     |
|    ep_rew_mean          | 130         |
| time/                   |             |
|    fps                  | 1539        |
|    iterations           | 88          |
|    time_elapsed         | 117         |
|    total_timesteps      | 1613824     |
| train/                  |             |
|    approx_kl            | 0.010531363 |
|    clip_fraction        | 0.115       |
|    clip_range           | 0.2         |
|    entropy_loss         | 1.19        |
|    explained_variance   | 0.718       |
|    learning_rate        | 5e-05       |
|    loss                 | 0.045       |
|    n_updates            | 3935        |
|    policy_gradient_loss | 0.00201     |
|    std                  | 0.133       |
|    value_loss           | 76.9        |
-----------------------------------------
-----------------------------------------
| rollout/                |             |
|    ep_len_mean          | 1.2e+03     |
|    ep_rew_mean          | 130         |
| time/                   |             |
|    fps                  | 1539        |
|    iterations           | 89          |
|    time_elapsed         | 118         |
|    total_timesteps      | 1615872     |
| train/                  |             |
|    approx_kl            | 0.008975504 |
|    clip_fraction        | 0.0893      |
|    clip_range           | 0.2         |
|    entropy_loss         | 1.19        |
|    explained_variance   | 0.705       |
|    learning_rate        | 5e-05       |
|    loss                 | 0.547       |
|    n_updates            | 3940        |
|    policy_gradient_loss | 0.000177    |
|    std                  | 0.133       |
|    value_loss           | 86.4        |
-----------------------------------------
-----------------------------------------
| rollout/                |             |
|    ep_len_mean          | 1.21e+03    |
|    ep_rew_mean          | 129         |
| time/                   |             |
|    fps                  | 1540        |
|    iterations           | 90          |
|    time_elapsed         | 119         |
|    total_timesteps      | 1617920     |
| train/                  |             |
|    approx_kl            | 0.009511499 |
|    clip_fraction        | 0.0879      |
|    clip_range           | 0.2         |
|    entropy_loss         | 1.19        |
|    explained_variance   | 0.974       |
|    learning_rate        | 5e-05       |
|    loss                 | 1.09        |
|    n_updates            | 3945        |
|    policy_gradient_loss | -0.00522    |
|    std                  | 0.133       |
|    value_loss           | 1.48        |
-----------------------------------------
-----------------------------------------
| rollout/                |             |
|    ep_len_mean          | 1.22e+03    |
|    ep_rew_mean          | 128         |
| time/                   |             |
|    fps                  | 1539        |
|    iterations           | 91          |
|    time_elapsed         | 121         |
|    total_timesteps      | 1619968     |
| train/                  |             |
|    approx_kl            | 0.011062602 |
|    clip_fraction        | 0.0854      |
|    clip_range           | 0.2         |
|    entropy_loss         | 1.19        |
|    explained_variance   | 0.75        |
|    learning_rate        | 5e-05       |
|    loss                 | 34.7        |
|    n_updates            | 3950        |
|    policy_gradient_loss | -0.00133    |
|    std                  | 0.133       |
|    value_loss           | 88.9        |
-----------------------------------------
------------------------------------------
| rollout/                |              |
|    ep_len_mean          | 1.22e+03     |
|    ep_rew_mean          | 128          |
| time/                   |              |
|    fps                  | 1540         |
|    iterations           | 92           |
|    time_elapsed         | 122          |
|    total_timesteps      | 1622016      |
| train/                  |              |
|    approx_kl            | 0.0048558265 |
|    clip_fraction        | 0.167        |
|    clip_range           | 0.2          |
|    entropy_loss         | 1.19         |
|    explained_variance   | 0.771        |
|    learning_rate        | 5e-05        |
|    loss                 | 0.941        |
|    n_updates            | 3955         |
|    policy_gradient_loss | 0.00783      |
|    std                  | 0.133        |
|    value_loss           | 50.9         |
------------------------------------------
----------------------------------------
| rollout/                |            |
|    ep_len_mean          | 1.23e+03   |
|    ep_rew_mean          | 126        |
| time/                   |            |
|    fps                  | 1542       |
|    iterations           | 93         |
|    time_elapsed         | 123        |
|    total_timesteps      | 1624064    |
| train/                  |            |
|    approx_kl            | 0.01048676 |
|    clip_fraction        | 0.104      |
|    clip_range           | 0.2        |
|    entropy_loss         | 1.19       |
|    explained_variance   | 0.856      |
|    learning_rate        | 5e-05      |
|    loss                 | 1.84       |
|    n_updates            | 3960       |
|    policy_gradient_loss | 6.55e-05   |
|    std                  | 0.133      |
|    value_loss           | 31.3       |
----------------------------------------
-----------------------------------------
| rollout/                |             |
|    ep_len_mean          | 1.24e+03    |
|    ep_rew_mean          | 124         |
| time/                   |             |
|    fps                  | 1542        |
|    iterations           | 94          |
|    time_elapsed         | 124         |
|    total_timesteps      | 1626112     |
| train/                  |             |
|    approx_kl            | 0.011680488 |
|    clip_fraction        | 0.0747      |
|    clip_range           | 0.2         |
|    entropy_loss         | 1.19        |
|    explained_variance   | 0.801       |
|    learning_rate        | 5e-05       |
|    loss                 | 0.805       |
|    n_updates            | 3965        |
|    policy_gradient_loss | -0.00254    |
|    std                  | 0.133       |
|    value_loss           | 52.5        |
-----------------------------------------
-----------------------------------------
| rollout/                |             |
|    ep_len_mean          | 1.24e+03    |
|    ep_rew_mean          | 124         |
| time/                   |             |
|    fps                  | 1544        |
|    iterations           | 95          |
|    time_elapsed         | 125         |
|    total_timesteps      | 1628160     |
| train/                  |             |
|    approx_kl            | 0.007376109 |
|    clip_fraction        | 0.102       |
|    clip_range           | 0.2         |
|    entropy_loss         | 1.19        |
|    explained_variance   | 0.886       |
|    learning_rate        | 5e-05       |
|    loss                 | 5.12        |
|    n_updates            | 3970        |
|    policy_gradient_loss | 0.00104     |
|    std                  | 0.133       |
|    value_loss           | 18.6        |
-----------------------------------------
-----------------------------------------
| rollout/                |             |
|    ep_len_mean          | 1.23e+03    |
|    ep_rew_mean          | 126         |
| time/                   |             |
|    fps                  | 1546        |
|    iterations           | 96          |
|    time_elapsed         | 127         |
|    total_timesteps      | 1630208     |
| train/                  |             |
|    approx_kl            | 0.007292928 |
|    clip_fraction        | 0.0674      |
|    clip_range           | 0.2         |
|    entropy_loss         | 1.19        |
|    explained_variance   | 0.729       |
|    learning_rate        | 5e-05       |
|    loss                 | 0.643       |
|    n_updates            | 3975        |
|    policy_gradient_loss | -0.00117    |
|    std                  | 0.133       |
|    value_loss           | 36.6        |
-----------------------------------------
-----------------------------------------
| rollout/                |             |
|    ep_len_mean          | 1.24e+03    |
|    ep_rew_mean          | 123         |
| time/                   |             |
|    fps                  | 1546        |
|    iterations           | 97          |
|    time_elapsed         | 128         |
|    total_timesteps      | 1632256     |
| train/                  |             |
|    approx_kl            | 0.007848779 |
|    clip_fraction        | 0.06        |
|    clip_range           | 0.2         |
|    entropy_loss         | 1.19        |
|    explained_variance   | 0.68        |
|    learning_rate        | 5e-05       |
|    loss                 | 0.626       |
|    n_updates            | 3980        |
|    policy_gradient_loss | -0.000861   |
|    std                  | 0.133       |
|    value_loss           | 95.5        |
-----------------------------------------
------------------------------------------
| rollout/                |              |
|    ep_len_mean          | 1.24e+03     |
|    ep_rew_mean          | 123          |
| time/                   |              |
|    fps                  | 1544         |
|    iterations           | 98           |
|    time_elapsed         | 129          |
|    total_timesteps      | 1634304      |
| train/                  |              |
|    approx_kl            | 0.0057183276 |
|    clip_fraction        | 0.0698       |
|    clip_range           | 0.2          |
|    entropy_loss         | 1.19         |
|    explained_variance   | 0.794        |
|    learning_rate        | 5e-05        |
|    loss                 | 14.7         |
|    n_updates            | 3985         |
|    policy_gradient_loss | -0.0021      |
|    std                  | 0.133        |
|    value_loss           | 46.8         |
------------------------------------------
-----------------------------------------
| rollout/                |             |
|    ep_len_mean          | 1.25e+03    |
|    ep_rew_mean          | 122         |
| time/                   |             |
|    fps                  | 1543        |
|    iterations           | 99          |
|    time_elapsed         | 131         |
|    total_timesteps      | 1636352     |
| train/                  |             |
|    approx_kl            | 0.014052272 |
|    clip_fraction        | 0.147       |
|    clip_range           | 0.2         |
|    entropy_loss         | 1.19        |
|    explained_variance   | 0.55        |
|    learning_rate        | 5e-05       |
|    loss                 | 1.19        |
|    n_updates            | 3990        |
|    policy_gradient_loss | 0.00316     |
|    std                  | 0.133       |
|    value_loss           | 88.3        |
-----------------------------------------
------------------------------------------
| rollout/                |              |
|    ep_len_mean          | 1.25e+03     |
|    ep_rew_mean          | 122          |
| time/                   |              |
|    fps                  | 1543         |
|    iterations           | 100          |
|    time_elapsed         | 132          |
|    total_timesteps      | 1638400      |
| train/                  |              |
|    approx_kl            | 0.0050780447 |
|    clip_fraction        | 0.068        |
|    clip_range           | 0.2          |
|    entropy_loss         | 1.19         |
|    explained_variance   | 0.698        |
|    learning_rate        | 5e-05        |
|    loss                 | 47.6         |
|    n_updates            | 3995         |
|    policy_gradient_loss | 0.000697     |
|    std                  | 0.133        |
|    value_loss           | 88.2         |
------------------------------------------

CP8 held-out: 41/50 hits (82.0%), mean miss 4.3 m, mean reward 135.89
STOP CONDITION: no joint improvement -- review gate before continuing.
