checkpoint,episode,total_timesteps,episode_reward,episode_length,outcome,min_range_m,final_time_s,legacy_episode_reward
1,1,7916,-0.5773715972900391,1979,miss,898.3863470588407,39.58000000000059,-119.14725074292323
1,2,8072,-26.479433059692383,2018,miss,1954.403967045069,40.36000000000071,-131.00441549657958
1,3,8648,11.904176712036133,2162,miss,422.8025964240855,43.24000000000116,-131.02125140769567
1,4,9000,-18.57952117919922,2250,timeout,1631.6623991611164,45.000000000001435,-95.59829054182937
1,5,13116,-44.867698669433594,1261,miss,2889.8274590740652,25.21999999999955,-85.26956171382467
1,6,14908,-29.706863403320312,1748,miss,2220.1081993093953,34.959999999999866,-89.2032622044288
1,7,17488,-9.837350845336914,2210,miss,1267.3067150880265,44.20000000000131,-117.82244631271152
1,8,17572,-44.82661437988281,2143,miss,2958.7385901330285,42.8600000000011,-120.63767833264554
1,9,20616,-25.021759033203125,1875,miss,1895.194347784843,37.50000000000026,-80.99883447202684
1,10,21664,-18.617984771728516,1689,miss,1587.8942912182658,33.77999999999968,-94.96463292393626
1,11,23380,-21.081554412841797,1473,miss,1708.5329092348425,29.45999999999946,-89.62422282597468
1,12,24396,-28.93285369873047,1706,miss,2197.5011622716997,34.119999999999735,-86.08282895093438
1,13,29088,29.022064208984375,1856,miss,126.82890700192311,37.1200000000002,-51.65493591983508
1,14,29264,-13.732830047607422,2162,miss,1394.6684917191474,43.24000000000116,-123.6399808018908
1,15,32048,20.83525276184082,2167,miss,206.8418258783477,43.340000000001176,-98.54005058008472
1,16,33396,8.570709228515625,2250,timeout,491.87654214847254,45.000000000001435,-111.83934237296076
1,17,36788,-13.858565330505371,1881,miss,1457.042993277126,37.62000000000028,-113.68164250818985
1,18,37880,5.213399887084961,2198,miss,325.04014055289576,43.96000000000127,-151.66805010843782
1,19,39292,17.874670028686523,1811,miss,201.51407762379068,36.22000000000006,-103.18083040351648
1,20,40840,8.476818084716797,1861,miss,135.6749345294328,37.22000000000022,-108.36850433310188
1,21,45420,24.089950561523438,2158,miss,143.3363465711347,43.16000000000115,-91.59780547316612
1,22,46480,10.583414077758789,2150,miss,220.3978898478228,43.00000000000112,-101.73812298393865
1,23,47760,12.526540756225586,1730,miss,138.08356202957117,34.59999999999981,-124.14080933602872
1,24,48292,25.606124877929688,2250,timeout,113.86811265734745,45.000000000001435,-95.83509659555398
1,25,53676,26.18842887878418,2064,miss,104.42146953249443,41.280000000000854,-121.59232665852618
1,26,54232,31.639923095703125,1938,miss,70.17840754510988,38.76000000000046,-74.58499817616575
1,27,55640,32.468814849853516,1970,miss,14.040259876182288,39.40000000000056,-63.3538178390356
1,28,57292,8.914896011352539,2250,timeout,301.5285874818666,45.000000000001435,-115.96591470391667
1,29,62676,18.56429100036621,2250,timeout,257.00477532039383,45.000000000001435,-100.35652247926868
1,30,63232,14.109296798706055,2250,timeout,83.38043479835441,45.000000000001435,-138.97055184058155
1,31,64640,21.716793060302734,2250,timeout,202.10879687628446,45.000000000001435,-81.27482930716285
1,32,66292,16.297870635986328,2250,timeout,348.86372477983406,45.000000000001435,-111.21871989323094
1,33,70500,30.551424026489258,1956,miss,19.3376151354557,39.120000000000516,-87.2027848989784
1,34,72232,13.550233840942383,2250,timeout,155.30754971922292,45.000000000001435,-113.03604131932087
1,35,73640,28.520666122436523,2250,timeout,15.2633237239881,45.000000000001435,-100.59682796098116
1,36,75292,15.00076675415039,2250,timeout,280.65529012040855,45.000000000001435,-86.2857385856924
1,37,77972,25.174758911132812,1868,miss,142.87089349797776,37.36000000000024,-78.44743381025981
1,38,78336,11.39082145690918,1526,miss,634.6724386645279,30.51999999999944,-53.31990869195392
1,39,82104,21.635135650634766,1703,miss,51.3725547195641,34.059999999999725,-91.63740183720547
1,40,82640,18.75069236755371,2250,timeout,9.953311283877154,45.000000000001435,-83.86324324004322
1,41,86064,28.433589935302734,1932,miss,23.595907613611566,38.64000000000044,-87.8960100094253
1,42,86364,21.706504821777344,2098,miss,57.06507259228655,41.96000000000096,-108.63471500264454
1,43,91104,27.832542419433594,2250,timeout,9.673032063965366,45.000000000001435,-59.86307071489526
1,44,91640,11.972578048706055,2250,timeout,235.42505885725657,45.000000000001435,-73.43264447721035
1,45,93504,28.6505126953125,1860,miss,8.656366484027064,37.200000000000216,-76.23172922882907
1,46,95364,24.89259910583496,2250,timeout,23.852118456618054,45.000000000001435,-69.07782623389384
1,47,100104,19.216562271118164,2250,timeout,8.360356535521333,45.000000000001435,-110.41569559993839
1,48,100640,18.233104705810547,2250,timeout,14.258878200309331,45.000000000001435,-76.88227807668454
1,49,102504,18.015830993652344,2250,timeout,32.317000857538424,45.000000000001435,-85.29053022813714
1,50,103848,135.96156311035156,936,hit,4.488671555571153,18.71999999999969,163.19022704678204
1,51,104364,16.207298278808594,2250,timeout,100.53357215223299,45.000000000001435,-97.8807959143111
1,52,107008,18.82490348815918,1592,miss,15.478250919462493,31.83999999999941,-64.61415946520172
1,53,111504,17.49928855895996,2250,timeout,42.82629085038177,45.000000000001435,-91.7480325521719
1,54,111836,16.2410831451416,1997,miss,17.112518313285534,39.940000000000644,-115.10257925736508
1,55,113364,22.576345443725586,2250,timeout,12.569292460622773,45.000000000001435,-72.26204390781533
1,56,116008,22.85454559326172,2250,timeout,16.04364234694719,45.000000000001435,-94.48244123401471
1,57,120192,27.95342254638672,2089,miss,10.99368072372812,41.78000000000093,-82.60216208672475
1,58,120220,24.563343048095703,1714,miss,29.780904383393086,34.27999999999976,-53.91338453288233
1,59,120504,22.446443557739258,2250,timeout,29.196927562323534,45.000000000001435,-112.85459478948572
1,60,123332,22.00377655029297,1831,miss,47.68775463433133,36.620000000000125,-77.67067340655842
1,61,126816,26.706729888916016,1649,miss,5.312217372224399,32.979999999999556,-52.59812287617771
1,62,127000,117.43362426757812,1702,hit,4.073977573159747,34.03999999999972,142.6504579469737
1,63,129504,17.758220672607422,2250,timeout,5.946512711642835,45.000000000001435,-81.32807192927575
1,64,132332,22.69664192199707,2250,timeout,6.518834702567906,45.000000000001435,-65.6011269139012
1,65,135816,23.891735076904297,2250,timeout,18.398756346623717,45.000000000001435,-82.67813997163864
1,66,136000,19.014053344726562,2250,timeout,33.350946731037084,45.000000000001435,-83.39300956709067
1,67,136732,121.34828186035156,1100,hit,4.567068169585781,21.99999999999962,143.2296795034997
1,68,137356,9.993293762207031,1963,miss,15.8009336255764,39.26000000000054,-113.27862470406463
1,69,141608,126.40316772460938,1063,hit,3.8092869312904383,21.259999999999636,150.1366352194392
1,70,144032,17.599618911743164,2054,miss,6.442278990089251,41.08000000000082,-102.66048971207391
1,71,145000,15.404897689819336,2250,timeout,25.211960683105055,45.000000000001435,-89.12162667568224
1,72,145732,7.924884796142578,2250,timeout,13.337678092522232,45.000000000001435,-76.93645432118905
1,73,150608,27.01160430908203,2250,timeout,9.398059245205037,45.000000000001435,-75.8383570126813
1,74,153032,8.32756233215332,2250,timeout,13.037979797001602,45.000000000001435,-74.39429389731745
1,75,153204,24.62975311279297,1868,miss,14.848187329497527,37.36000000000024,-64.721694716711
1,76,154000,10.657081604003906,2250,timeout,23.637763064871862,45.000000000001435,-112.824121159095
1,77,159608,16.14101219177246,2250,timeout,15.060884952152264,45.000000000001435,-66.78034207939302
1,78,162032,4.368686676025391,2250,timeout,16.52970166912852,45.000000000001435,-85.89516737631874
1,79,162132,19.15618324279785,2232,miss,26.28626946197806,44.64000000000138,-88.5504477115395
1,80,163000,9.971500396728516,2250,timeout,17.39060558444913,45.000000000001435,-97.82040485670191
1,81,168608,16.15532875061035,2250,timeout,9.009759966986014,45.000000000001435,-83.18557395046962
1,82,171032,15.869915008544922,2250,timeout,5.142447826411576,45.000000000001435,-62.99031925625759
1,83,171092,13.080244064331055,2240,miss,21.98211762578174,44.800000000001404,-106.2393442995005
1,84,171936,21.65395164489746,2234,miss,19.762164254559874,44.680000000001385,-70.13865792186067
1,85,175788,135.8523712158203,963,hit,4.745527526399779,19.25999999999968,165.09149625963835
1,86,177608,5.033794403076172,2250,timeout,17.67258839587902,45.000000000001435,-80.05319164637801
1,87,178864,9.511680603027344,1958,miss,13.11675542883764,39.16000000000052,-94.60707314358417
1,88,180092,13.39358139038086,2250,timeout,18.148892193043213,45.000000000001435,-90.16919235180708
1,89,180768,130.3000030517578,1245,hit,3.888284357864229,24.899999999999558,151.06356673373855
1,90,185032,9.821660995483398,1856,miss,7.815194146939399,37.1200000000002,-84.47257132405034
1,91,187864,13.047916412353516,2250,timeout,11.651281934101387,45.000000000001435,-103.4391509906654
1,92,188980,14.954029083251953,2222,miss,11.746990750672664,44.44000000000135,-103.0699314513454
1,93,189768,6.740806579589844,2250,timeout,13.630776266717172,45.000000000001435,-73.40350831792233
1,94,194032,5.095590591430664,2250,timeout,18.4255481473502,45.000000000001435,-70.55691082264568
1,95,196772,15.150032043457031,1948,miss,20.57372212422065,38.96000000000049,-77.73845185119362
1,96,196864,19.526470184326172,2250,timeout,5.631815901430567,45.000000000001435,-89.50815956515629
1,97,198768,6.121925354003906,2250,timeout,9.711991004573173,45.000000000001435,-106.75013856417233
1,98,201696,9.555057525634766,1916,miss,6.01843380892099,38.32000000000039,-81.30091363791243
2,99,213800,10.140335083007812,2250,timeout,18.142433210833968,45.000000000001435,-73.6912626737624
2,100,213800,15.906765937805176,2250,timeout,6.9680938341795775,45.000000000001435,-75.92807663039795
2,101,213800,5.283376693725586,2250,timeout,10.844336608649131,45.000000000001435,-73.27189768174358
2,102,213800,7.10595703125,2250,timeout,14.816996957452794,45.000000000001435,-100.055150878726
2,103,221420,-6.251682281494141,1905,miss,10.808256465349853,38.10000000000036,-87.4071901344629
2,104,222800,16.185869216918945,2250,timeout,6.903498902126017,45.000000000001435,-61.47276178962154
2,105,222800,14.104103088378906,2250,timeout,13.866798992753026,45.000000000001435,-87.51083181988028
2,106,222800,12.915372848510742,2250,timeout,23.344555490768137,45.000000000001435,-86.32898353973815
2,107,230136,18.13815689086914,1834,miss,5.454199229186518,36.680000000000135,-85.85648747894439
2,108,230420,6.400478363037109,2250,timeout,14.213101182421585,45.000000000001435,-91.92454580356028
2,109,231800,1.9243278503417969,2250,timeout,11.545635504574346,45.000000000001435,-74.60036544034442
2,110,231800,15.068803787231445,2250,timeout,14.026909832667002,45.000000000001435,-74.67277016058765
2,111,239136,14.279325485229492,2250,timeout,20.995307983942915,45.000000000001435,-66.61698036647795
2,112,239420,2.4498443603515625,2250,timeout,19.399322632481756,45.000000000001435,-88.69418794036623
2,113,240800,6.760578155517578,2250,timeout,23.803459343027143,45.000000000001435,-97.37393837556814
2,114,240800,12.758127212524414,2250,timeout,8.080400841886345,45.000000000001435,-83.3468297550088
2,115,248136,18.762407302856445,2250,timeout,13.962729858753407,45.000000000001435,-79.81043536097954
2,116,248420,11.243287086486816,2250,timeout,11.900536619734467,45.000000000001435,-78.67678867636731
2,117,249800,5.19190788269043,2250,timeout,7.707285737418641,45.000000000001435,-80.1770688441901
2,118,249800,18.315263748168945,2250,timeout,6.644654761615996,45.000000000001435,-102.5985180690623
2,119,252216,129.0809783935547,949,hit,2.795239609668062,18.979999999999684,157.94270485703646
2,120,253388,129.40220642089844,897,hit,4.688118452911187,17.939999999999706,156.9225202061924
2,121,257136,14.014493942260742,2250,timeout,9.342889591540684,45.000000000001435,-60.90794075538487
2,122,257308,130.67709350585938,980,hit,4.514472126881561,19.59999999999967,158.7229150145139
2,123,258800,18.406152725219727,2250,timeout,17.5240294096343,45.000000000001435,-64.26295853718447
2,124,259268,11.349912643432617,1763,miss,11.81828626818864,35.25999999999991,-66.33516736462256
2,125,262044,129.7752227783203,1227,hit,4.080972061539518,24.539999999999566,153.2042110330916
2,126,262388,128.93621826171875,897,hit,3.1493702800696344,17.939999999999706,153.80930578350353
2,127,263940,131.06031799316406,1168,hit,4.4759909882298,23.35999999999959,158.98723036884547
2,128,265000,16.52900505065918,1923,miss,9.35183754437567,38.46000000000041,-68.40379836792937
2,129,271044,8.383758544921875,2250,timeout,10.483446758525556,45.000000000001435,-65.47283523988294
2,130,271388,10.61225700378418,2250,timeout,19.05246762978296,45.000000000001435,-80.8237028203949
2,131,272184,18.579870223999023,1796,miss,8.038931198636925,35.920000000000016,-68.66751564079505
2,132,272940,19.54782485961914,2250,timeout,7.199572986261339,45.000000000001435,-64.21321719097537
2,133,278408,-5.97454833984375,1755,miss,13.408872599951904,35.09999999999989,-85.97242030319607
2,134,280044,15.224401473999023,2250,timeout,7.323776032041826,45.000000000001435,-90.45210720517298
2,135,281184,-7.065044403076172,2250,timeout,6.332080435844861,45.000000000001435,-99.8640389207566
2,136,281940,23.74128532409668,2250,timeout,5.436076227266018,45.000000000001435,-69.51087015143654
2,137,285876,-2.181476593017578,1867,miss,6.831485060992822,37.34000000000024,-90.46208686886237
2,138,288716,-1.74566650390625,2168,miss,14.096320195056057,43.36000000000118,-86.5118950169465
2,139,290184,2.8899574279785156,2250,timeout,8.319193034061113,45.000000000001435,-80.60643950364236
2,140,290588,124.8909683227539,1178,hit,4.250688107220909,23.559999999999587,156.44590043442417
2,141,290940,1.0517921447753906,2250,timeout,6.794380037666797,45.000000000001435,-82.55605570347954
2,142,291988,131.02554321289062,818,hit,4.628896849556727,16.35999999999974,158.48578373092
2,143,299184,8.365154266357422,2250,timeout,24.40855478316941,45.000000000001435,-84.71715366571007
2,144,299588,5.986015319824219,2250,timeout,14.65768291441519,45.000000000001435,-105.04597881066385
2,145,299940,11.387163162231445,2250,timeout,11.527968776650697,45.000000000001435,-78.03777067680359
2,146,300988,-11.77679443359375,2250,timeout,23.319934956460745,45.000000000001435,-92.3919012012776
2,147,308184,-4.246318817138672,2250,timeout,18.884086905758092,45.000000000001435,-89.13942777263111
2,148,308416,6.11651611328125,2207,miss,14.798666922134975,44.1400000000013,-96.65423077204841
2,149,308940,25.93926239013672,2250,timeout,12.367412171149239,45.000000000001435,-67.34861456790034
2,150,309636,-1.1907806396484375,2162,miss,12.72386021302121,43.24000000000116,-94.95344852510141
2,151,314716,7.932029724121094,1633,miss,6.1856018247963425,32.659999999999506,-78.41766156347272
2,152,316864,3.791259765625,1981,miss,13.551428799314268,39.620000000000594,-81.13965528213508
2,153,317416,-3.583484649658203,2250,timeout,6.66858338918065,45.000000000001435,-96.4610587378605
2,154,318636,-4.004308700561523,2250,timeout,7.620300761341065,45.000000000001435,-74.56945006196926
2,155,323536,127.52793884277344,1530,hit,3.8451502279971925,30.599999999999437,154.90536747080543
2,156,323716,13.386489868164062,2250,timeout,9.909325774408044,45.000000000001435,-66.78660656298908
2,157,325864,8.353107452392578,2250,timeout,7.086370174684464,45.000000000001435,-78.93612779469468
2,158,327588,4.059566497802734,2238,miss,16.691050688747044,44.7600000000014,-80.18833305907572
2,159,332536,10.596866607666016,2250,timeout,10.560345438986088,45.000000000001435,-69.03915832560521
2,160,332716,5.381855010986328,2250,timeout,6.034169524025452,45.000000000001435,-100.89480571004282
2,161,334864,-1.5386695861816406,2250,timeout,10.53410305430952,45.000000000001435,-93.45242880512544
2,162,336588,-2.62969970703125,2250,timeout,13.33775477511822,45.000000000001435,-82.67492137912535
2,163,339276,25.555818557739258,1640,miss,29.14701583965424,32.79999999999953,-50.68273369629324
2,164,339832,130.28115844726562,811,hit,4.431571120390117,16.219999999999743,161.32910388825118
2,165,341536,13.866857528686523,2250,timeout,6.705672422705376,45.000000000001435,-70.59518377721575
2,166,343864,13.537105560302734,2250,timeout,5.463222754234314,45.000000000001435,-91.04983820782093
2,167,347552,133.3892059326172,922,hit,3.855018813433515,18.439999999999696,161.8561346262522
2,168,348276,-8.579402923583984,2250,timeout,11.084439203037874,45.000000000001435,-89.03741944340803
2,169,348824,15.303804397583008,2248,miss,6.163151334840275,44.96000000000143,-80.22515496626481
2,170,350536,1.3539009094238281,2250,timeout,10.206543114035968,45.000000000001435,-81.93206281326897
2,171,356552,-4.8363037109375,2250,timeout,5.659098206643095,45.000000000001435,-91.31212655574129
2,172,357276,1.5588035583496094,2250,timeout,13.235981496874,45.000000000001435,-84.05200777439609
2,173,357824,1.3663902282714844,2250,timeout,8.51317267795158,45.000000000001435,-77.79282731058541
2,174,359536,-12.42904281616211,2250,timeout,5.025233924352091,45.000000000001435,-79.06570977620761
2,175,361980,130.32672119140625,1357,hit,4.331213589696738,27.13999999999951,154.93571192474298
2,176,364628,5.178459167480469,1701,miss,6.083289887848093,34.01999999999972,-74.61804212140237
2,177,366276,2.042407989501953,2250,timeout,6.423883502448055,45.000000000001435,-81.35398101758753
2,178,367676,128.04669189453125,762,hit,4.281178063923627,15.239999999999764,154.017536008158
2,179,368536,-1.1589431762695312,2250,timeout,11.665167154591504,45.000000000001435,-100.206314727028
2,180,370864,-3.1802330017089844,2221,miss,10.777519157312435,44.420000000001345,-80.37264487638481
2,181,375276,-6.646888732910156,2250,timeout,8.378789528496418,45.000000000001435,-79.76817081905537
2,182,376676,0.27140045166015625,2250,timeout,9.342400168384206,45.000000000001435,-81.89625775819569
2,183,377536,-2.1509838104248047,2250,timeout,5.596819911860109,45.000000000001435,-84.98089432923246
2,184,379864,-6.488761901855469,2250,timeout,18.210436765643422,45.000000000001435,-75.35077261439271
2,185,381964,22.744441986083984,1672,miss,14.23679070437838,33.43999999999963,-56.73169303361609
2,186,382336,125.05284118652344,1415,hit,4.8368815513753916,28.299999999999486,149.30242248000906
2,187,386056,134.42820739746094,930,hit,2.558160975019965,18.599999999999692,163.1472507488446
2,188,386536,6.222343444824219,2250,timeout,14.56313997550675,45.000000000001435,-84.08517346906737
2,189,386656,121.39188385009766,1173,hit,4.612337639448179,23.45999999999959,142.72499879675726
2,190,388864,9.479236602783203,2250,timeout,8.556572565206988,45.000000000001435,-72.63368182725486
2,191,390068,131.62841796875,883,hit,3.746076893162343,17.659999999999712,165.86301562318476
2,192,392872,130.21051025390625,701,hit,2.3680455851164237,14.01999999999979,150.60622217796887
2,193,393880,2.2612457275390625,1806,miss,6.250944508832854,36.12000000000005,-76.0834870037927
2,194,395056,11.079965591430664,2250,timeout,5.18165061393785,45.000000000001435,-66.18529136998157
2,195,397864,12.41219711303711,2250,timeout,8.034530605045445,45.000000000001435,-75.27915964955059
2,196,401872,-15.562126159667969,2250,timeout,20.057694026692648,45.000000000001435,-90.66636839687673
2,197,402640,129.50863647460938,1194,hit,4.575404948847141,23.87999999999958,155.8996757149388
2,198,402880,-14.068378448486328,2250,timeout,21.430788463246664,45.000000000001435,-84.03896330261679
2,199,404056,-5.234951019287109,2250,timeout,5.839254724002369,45.000000000001435,-80.27227269825585
2,200,405072,130.8584747314453,800,hit,4.1448103068119835,15.999999999999748,156.47327438073128
3,201,417044,-3.199604034423828,1861,miss,7.515515293418463,37.22000000000022,-77.09871842200046
3,202,418600,-35.754295349121094,2250,timeout,8.474628970975276,45.000000000001435,-81.57160556145594
3,203,418600,-17.02463150024414,2250,timeout,9.36972721654161,45.000000000001435,-72.1817374436454
3,204,418600,-1.5468826293945312,2250,timeout,16.686020044325698,45.000000000001435,-86.936003375649
3,205,422280,134.60919189453125,920,hit,4.756880856862238,18.399999999999697,163.32605018471952
3,206,423480,131.2500762939453,1220,hit,4.841021460240343,24.39999999999957,160.0757970988616
3,207,426044,-31.44515609741211,2250,timeout,7.131163066147807,45.000000000001435,-94.73776374894373
3,208,427332,9.031173706054688,2183,miss,9.61134464108213,43.660000000001226,-83.67800865230475
3,209,431280,-20.487430572509766,2250,timeout,6.587961953779049,45.000000000001435,-90.22408407358976
3,210,432480,-3.2302474975585938,2250,timeout,10.885808953724963,45.000000000001435,-66.00026007186929
3,211,434244,122.34921264648438,741,hit,4.116233896898174,14.819999999999773,154.00301690554684
3,212,435044,-3.0351104736328125,2250,timeout,12.221132121510767,45.000000000001435,-99.7309930537851
3,213,436008,-23.362548828125,2169,miss,13.00083471519694,43.38000000000118,-71.3711710249828
3,214,439352,128.41734313964844,1277,hit,4.433508742045636,25.539999999999544,152.47865420339167
3,215,441376,-10.085826873779297,2224,miss,8.401364982714485,44.480000000001354,-77.2480285244566
3,216,442664,2.4935340881347656,1905,miss,8.591928145415647,38.10000000000036,-75.18878941062545
3,217,444452,127.49807739257812,769,hit,3.3568458843478077,15.379999999999761,153.370364463069
3,218,445008,6.633625030517578,2250,timeout,11.07425410593878,45.000000000001435,-93.40877310446058
3,219,448352,-3.067779541015625,2250,timeout,6.346929651720812,45.000000000001435,-76.50724383953428
3,220,451664,-30.498435974121094,2250,timeout,32.63301942537841,45.000000000001435,-74.03600466602776
3,221,453452,8.206073760986328,2250,timeout,5.345461122387255,45.000000000001435,-75.9068415423578
3,222,454008,-7.7344512939453125,2250,timeout,6.66103955783347,45.000000000001435,-77.60046215346418
3,223,455624,132.06179809570312,990,hit,4.618779016290521,19.799999999999667,162.4042970021578
3,224,456500,129.5750274658203,762,hit,2.756554286897317,15.239999999999764,154.31101102849226
3,225,457352,-29.505046844482422,2250,timeout,18.701307529777175,45.000000000001435,-69.71229191762879
3,226,463008,-17.993961334228516,2250,timeout,5.285642154075897,45.000000000001435,-82.00705404640469
3,227,464624,4.37750244140625,2250,timeout,5.28753272090801,45.000000000001435,-74.48019175943968
3,228,465500,-17.423084259033203,2250,timeout,10.553174859031873,45.000000000001435,-80.67947195982767
3,229,466352,5.999889373779297,2250,timeout,10.412656905279901,45.000000000001435,-85.39599049609893
3,230,470920,111.625244140625,1355,hit,4.136696492447435,27.09999999999951,153.80797037106424
3,231,472008,10.49707317352295,2250,timeout,12.930196992919681,45.000000000001435,-67.81432499424228
3,232,473624,11.107534408569336,2250,timeout,7.718400027313018,45.000000000001435,-62.92586101422584
3,233,475352,2.059804916381836,2250,timeout,6.995308904012306,45.000000000001435,-70.39651098263927
3,234,479920,4.130435943603516,2250,timeout,6.190974549995494,45.000000000001435,-73.31456328089502
3,235,481008,0.44284820556640625,2250,timeout,10.38368220733465,45.000000000001435,-79.1886979051561
3,236,482624,7.040163040161133,2250,timeout,5.934174013422332,45.000000000001435,-71.22082403069415
3,237,484352,2.1503868103027344,2250,timeout,15.871363043760082,45.000000000001435,-83.90301276828754
3,238,488084,130.49310302734375,1365,hit,4.8301057012180255,27.299999999999507,155.30114337106104
3,239,488920,-12.907142639160156,2250,timeout,5.5880228074455855,45.000000000001435,-83.86467672390336
3,240,489556,130.94979858398438,1301,hit,4.392153955797742,26.019999999999534,158.71019507199588
3,241,490008,-17.463321685791016,2250,timeout,6.14004128842477,45.000000000001435,-71.21962756295895
3,242,492360,123.1964340209961,860,hit,3.5619398843962857,17.199999999999722,152.65722467887153
3,243,493040,134.8055877685547,871,hit,2.855220659021559,17.419999999999717,161.82912211457807
3,244,493296,133.57510375976562,822,hit,4.521933030846592,16.43999999999974,157.27411172363978
3,245,497084,-9.542545318603516,2250,timeout,9.261150807647411,45.000000000001435,-93.0461054330926
3,246,499816,121.9555435180664,683,hit,3.1085836793435937,13.659999999999798,152.56288053793827
3,247,501092,-5.792705535888672,2183,miss,11.16960682444787,43.660000000001226,-91.78298206024442
3,248,502040,15.133810043334961,2250,timeout,12.667690898043476,45.000000000001435,-66.40781065168787
3,249,502296,-20.856849670410156,2250,timeout,6.3091136380916115,45.000000000001435,-72.52329994234424
3,250,508816,3.9679946899414062,2250,timeout,10.324378554960537,45.000000000001435,-93.69389882616143
3,251,510092,-9.52939224243164,2250,timeout,6.375830819897136,45.000000000001435,-96.89742502119465
3,252,511040,-24.772232055664062,2250,timeout,6.684349242002068,45.000000000001435,-99.95979816650289
3,253,511296,-19.664966583251953,2250,timeout,15.534257891561248,45.000000000001435,-68.73838627050904
3,254,517816,-15.992378234863281,2250,timeout,7.897379901915182,45.000000000001435,-79.02050576125183
3,255,519092,19.169607162475586,2250,timeout,6.555880052327596,45.000000000001435,-77.56426811620969
3,256,519920,5.474536895751953,2156,miss,10.01099432195676,43.12000000000114,-74.46932944763424
3,257,520004,115.6978759765625,2241,hit,3.9316105397519485,44.82000000000141,138.07865663306356
3,258,520796,126.073974609375,745,hit,1.7931434101931043,14.899999999999771,154.01199107531028
3,259,523952,126.27257537841797,1215,hit,3.5246738939016513,24.29999999999957,149.309692733448
3,260,525564,130.3051300048828,1192,hit,3.682365275295983,23.83999999999958,156.34354027506015
3,261,527848,5.705089569091797,1982,miss,5.061042454153903,39.6400000000006,-70.83136259660358
3,262,528976,129.8766326904297,853,hit,1.6870930729240086,17.059999999999725,158.07215566430642
3,263,529004,15.61053466796875,2250,timeout,10.511685985460824,45.000000000001435,-64.88817522083426
3,264,531948,129.38250732421875,736,hit,3.567464844669009,14.719999999999775,154.50350898990774
3,265,532952,-7.1342010498046875,2250,timeout,6.9348213061533475,45.000000000001435,-104.17802367966746
3,266,536848,4.6307373046875,2250,timeout,16.83057248011698,45.000000000001435,-76.75403503387481
3,267,537976,11.944158554077148,2250,timeout,5.448384266200229,45.000000000001435,-78.47032626630306
3,268,539416,110.4188003540039,642,hit,4.249101326774258,12.839999999999815,150.89121625974076
3,269,540132,-10.66427230834961,1795,miss,7.1082912598447745,35.90000000000001,-83.19553814081127
3,270,540948,-19.24166488647461,2250,timeout,8.40867725411096,45.000000000001435,-72.92845285022916
3,271,543100,128.05044555664062,1281,hit,4.735388089045937,25.619999999999543,153.75941942140332
3,272,546036,129.90695190429688,734,hit,3.2887416335840465,14.679999999999776,153.37824929211976
3,273,548416,1.3719406127929688,2250,timeout,5.587117129675006,45.000000000001435,-73.9225019883703
3,274,549056,-1.4976882934570312,2027,miss,6.091531110011491,40.54000000000074,-79.76739814702644
3,275,549132,-2.8619003295898438,2250,timeout,5.704268531857078,45.000000000001435,-95.71792623991523
3,276,552412,132.77139282226562,820,hit,3.5707665855108566,16.39999999999974,159.92952635236728
3,277,552796,131.3406219482422,935,hit,4.845544505732282,18.69999999999969,153.5705822990589
3,278,555036,-0.2340087890625,2250,timeout,11.24198411947965,45.000000000001435,-87.49689234192937
3,279,557416,1.8406000137329102,2250,timeout,18.582600571168076,45.000000000001435,-66.8477321687109
3,280,558076,131.46343994140625,760,hit,4.144441306757115,15.199999999999765,158.68032943165548
3,281,560068,123.95159912109375,663,hit,3.091392019249123,13.259999999999806,153.3321903467672
3,282,560144,-2.0001602172851562,1837,miss,6.343999987691298,36.740000000000144,-78.29890541060854
3,283,561184,129.365478515625,777,hit,3.5637624674361645,15.539999999999758,158.9251836439964
3,284,561412,24.44497299194336,2250,timeout,5.149185724676144,45.000000000001435,-82.88343743786422
3,285,564296,131.7524871826172,778,hit,2.2773268833943296,15.559999999999757,159.617917980081
3,286,566556,122.13937377929688,1286,hit,4.047850875523335,25.71999999999954,144.9735793787175
3,287,569068,-7.3455810546875,2250,timeout,13.39590582474322,45.000000000001435,-95.64608231351505
3,288,569144,3.304764747619629,2250,timeout,5.9537032142215285,45.000000000001435,-74.20477155741773
3,289,569360,127.61185455322266,701,hit,4.526838035676773,14.01999999999979,149.67501209566706
3,290,570452,116.1641616821289,1539,hit,4.283378248983823,30.779999999999433,139.0366888203165
3,291,571660,121.47102355957031,648,hit,2.923679657818634,12.959999999999813,150.75505907678578
3,292,571884,128.71771240234375,685,hit,2.0042999928849476,13.699999999999797,152.58548606177834
3,293,574716,130.6746826171875,764,hit,3.339240981421069,15.279999999999763,153.7238427528701
3,294,578232,114.01708984375,2218,hit,4.6665274834204356,44.360000000001335,136.5412616705032
3,295,579452,-22.748703002929688,2250,timeout,12.787321668302408,45.000000000001435,-100.26808353311397
3,296,580884,-13.790512084960938,2250,timeout,15.821109831523316,45.000000000001435,-81.35504672723032
3,297,581244,124.65489196777344,753,hit,4.126763020388959,15.059999999999768,151.31559440808394
3,298,582404,122.78557586669922,738,hit,3.4947561080001748,14.759999999999774,150.57671371500044
3,299,583716,2.052478790283203,2250,timeout,6.424354399424607,45.000000000001435,-79.10319509961312
3,300,584220,129.2764129638672,834,hit,2.083479110761934,16.679999999999733,162.41834879627586
3,301,586436,126.67340850830078,680,hit,4.186462614271094,13.599999999999799,150.60526360778718
3,302,587052,129.62107849121094,1452,hit,2.783382852498116,29.03999999999947,155.27551138030063
3,303,591404,6.823631286621094,2250,timeout,9.245133537655155,45.000000000001435,-78.77478414235647
3,304,593220,-34.42932891845703,2250,timeout,6.713119921242845,45.000000000001435,-83.7391625036571
3,305,595436,-12.263797760009766,2250,timeout,5.065800140520474,45.000000000001435,-106.24044114345578
3,306,596052,-24.976337432861328,2250,timeout,6.215327901735884,45.000000000001435,-105.87404411600255
3,307,598588,131.3127899169922,788,hit,4.22401402199269,15.759999999999753,157.43573288251287
3,308,599964,133.79385375976562,978,hit,4.98211243949352,19.559999999999672,162.6022825571206
3,309,600184,-4.200946807861328,2195,miss,5.945055975226873,43.90000000000126,-83.29665040590676
3,310,602220,4.3614044189453125,2250,timeout,15.147551895271597,45.000000000001435,-87.86906024184813
3,311,607588,-1.3703651428222656,2250,timeout,7.294508673769237,45.000000000001435,-71.33624156370503
3,312,608964,0.6316757202148438,2250,timeout,5.6139332830471425,45.000000000001435,-79.84974395913906
3,313,609184,6.2003326416015625,2250,timeout,7.049872906261661,45.000000000001435,-74.57417690145658
3,314,609780,93.16095733642578,1890,hit,4.532557950872287,37.80000000000031,132.64215434804936
4,315,620212,128.5390625,1453,hit,4.813757198197186,29.05999999999947,147.72817294055875
4,316,623400,-36.93122863769531,2250,timeout,12.398752907021267,45.000000000001435,-84.30271506351568
4,317,623400,0.7208023071289062,2250,timeout,5.685433979307646,45.000000000001435,-81.34012650280421
4,318,623400,-10.07541275024414,2250,timeout,5.988462312802355,45.000000000001435,-76.26092732073954
4,319,629212,-26.121978759765625,2250,timeout,18.320742121993245,45.000000000001435,-67.54205254811774
4,320,632172,-18.912368774414062,2193,miss,5.4960013595512756,43.86000000000126,-100.34357095605154
4,321,632400,-20.640422821044922,2250,timeout,5.741248277774752,45.000000000001435,-98.55853627866917
4,322,632400,-1.2096010446548462,2250,timeout,16.641974900267417,45.000000000001435,-67.5271485987773
4,323,633604,128.40774536132812,1098,hit,4.4018751308872055,21.95999999999962,154.21546282732132
4,324,635520,132.01907348632812,780,hit,4.741816008905394,15.599999999999756,157.12326199519273
4,325,635816,128.4954833984375,911,hit,3.346918202324331,18.2199999999997,153.8303383009595
4,326,637348,128.33119201660156,1237,hit,4.484904043796248,24.73999999999956,153.15209047560094
4,327,637604,122.96043395996094,1000,hit,4.866790542416965,19.999999999999662,148.69878361208978
4,328,638744,129.24359130859375,732,hit,4.669974372287153,14.639999999999777,154.96281730057422
4,329,640520,131.18069458007812,1250,hit,3.412241591131963,24.999999999999556,159.44152072475347
4,330,643480,130.7682342529297,1184,hit,4.294816539049825,23.679999999999584,159.9476763346587
4,331,646348,-10.817874908447266,2250,timeout,7.541305798438997,45.000000000001435,-106.22676066255748
4,332,646604,15.741401672363281,2250,timeout,6.008457612487958,45.000000000001435,-62.59005042900837
4,333,646704,129.08807373046875,806,hit,3.378423271200511,16.119999999999745,159.36948625584486
4,334,649520,-20.868560791015625,2250,timeout,12.040056109481199,45.000000000001435,-79.22402657506092
4,335,649860,131.68849182128906,789,hit,3.5677700945511033,15.779999999999752,155.91446888944589
4,336,650036,133.6260528564453,858,hit,4.640391316331554,17.159999999999723,165.42402287027005
4,337,655348,0.6126747131347656,2250,timeout,19.188002662465188,45.000000000001435,-75.04893174438777
4,338,658520,10.13370132446289,2250,timeout,9.765788309718735,45.000000000001435,-84.2157692664967
4,339,658860,-32.12839126586914,2250,timeout,15.775099237720656,45.000000000001435,-80.08864067340576
4,340,659036,-12.151100158691406,2250,timeout,6.148399669079395,45.000000000001435,-86.61795449279285
4,341,661348,127.10765075683594,707,hit,4.125246221769202,14.139999999999787,153.7532443641238
4,342,662160,132.2516326904297,825,hit,3.9558624655350996,16.499999999999737,159.30546332371807
4,343,664348,-16.855205535888672,2250,timeout,7.8547446187692085,45.000000000001435,-82.50831797531526
4,344,664696,132.206787109375,837,hit,4.1031889714064,16.739999999999732,158.9367109099419
4,345,668036,-8.658283233642578,2250,timeout,11.673063138599563,45.000000000001435,-93.59250320641696
4,346,668156,125.08779907226562,952,hit,4.136615406118608,19.039999999999683,151.7154717500541
4,347,668396,117.14999389648438,1559,hit,3.924445283011946,31.179999999999424,139.90282215533162
4,348,669396,127.56675720214844,1175,hit,3.094792530050019,23.499999999999588,145.54718092943114
4,349,671624,135.10906982421875,867,hit,2.83189156956098,17.33999999999972,164.20202759045804
4,350,674928,131.7705078125,826,hit,4.6819416960360805,16.519999999999737,156.78679233848567
4,351,677036,-7.214824676513672,2250,timeout,9.135068024463648,45.000000000001435,-94.16795269823182
4,352,677396,-29.483596801757812,2250,timeout,5.01920111659344,45.000000000001435,-90.26379126232214
4,353,678396,-11.564033508300781,2250,timeout,11.11370516416344,45.000000000001435,-104.42155150778501
4,354,680196,131.51344299316406,790,hit,3.888373410064231,15.799999999999752,160.74117822982717
4,355,681412,126.75106811523438,754,hit,4.96202885493277,15.079999999999767,152.50263123368325
4,356,683928,-16.347999572753906,2250,timeout,6.561362220741961,45.000000000001435,-114.61686406973489
4,357,686396,3.8333778381347656,2250,timeout,7.019309211854294,45.000000000001435,-87.87070779904218
4,358,687372,133.280517578125,861,hit,4.8952028422685,17.21999999999972,163.77989968239746
4,359,689196,-3.7094459533691406,2250,timeout,7.586837668658773,45.000000000001435,-77.99916139051685
4,360,689280,-6.581258773803711,1967,miss,6.436113024670872,39.34000000000055,-68.12974780475105
4,361,689396,128.4572296142578,750,hit,3.846366658953026,14.999999999999769,158.51540928631928
4,362,694856,1.7874679565429688,1871,miss,6.236471142358805,37.42000000000025,-61.027733921825686
4,363,695032,131.4889373779297,1459,hit,3.1479895013657124,29.179999999999467,152.03844232290987
4,364,697920,-4.378696441650391,2160,miss,7.305668932643954,43.200000000001154,-87.28568959800013
4,365,698396,1.0673408508300781,2250,timeout,7.477668844186286,45.000000000001435,-106.8282137643844
4,366,700092,130.43988037109375,1309,hit,4.982472283780415,26.17999999999953,154.87062044743996
4,367,701048,131.65049743652344,782,hit,3.622445717934039,15.639999999999755,157.58109331542357
4,368,701504,128.96786499023438,1618,hit,3.541144711563059,32.35999999999946,150.57575951134038
4,369,702568,128.66212463378906,1043,hit,4.048703990020931,20.859999999999644,145.6040055978559
4,370,704256,131.74404907226562,802,hit,1.6095369735387486,16.039999999999747,155.60828305498183
4,371,707100,126.95201873779297,711,hit,4.0381428862486946,14.219999999999786,156.62294501945894
4,372,709036,6.897068023681641,1617,miss,7.051899068225844,32.339999999999456,-56.9524626869124
4,373,709092,9.284975051879883,2250,timeout,5.544563138313854,45.000000000001435,-76.941944931022
4,374,710504,-16.855487823486328,2250,timeout,5.8280096937064645,45.000000000001435,-86.04108235880719
4,375,711992,130.0496368408203,1223,hit,3.7754385788650615,24.459999999999567,151.82793055639837
4,376,714284,135.71005249023438,945,hit,2.9892577240333833,18.899999999999686,165.51874431755027
4,377,714568,129.8627166748047,1383,hit,4.83468028946274,27.6599999999995,155.31248052136178
4,378,718028,135.32443237304688,936,hit,4.46942796670671,18.71999999999969,164.2214601924821
4,379,718092,11.896661758422852,2250,timeout,5.920210673353551,45.000000000001435,-67.85069485409659
4,380,719720,-16.26023292541504,1932,miss,7.108163659879805,38.64000000000044,-78.17227793763924
4,381,721208,130.70506286621094,795,hit,3.8599364642872023,15.89999999999975,156.1210405230501
4,382,722868,131.18800354003906,1194,hit,3.8914799413982655,23.87999999999958,160.79828057496275
4,383,723044,133.9772491455078,831,hit,4.356314766257691,16.619999999999735,158.90017255048247
4,384,723568,2.4705238342285156,2250,timeout,6.128306447210774,45.000000000001435,-76.0405207285475
4,385,725804,129.33067321777344,734,hit,0.7442676183904107,14.679999999999776,156.29912632461355
4,386,726600,134.40298461914062,889,hit,4.072266320850062,17.77999999999971,160.55091328312344
4,387,726860,133.43698120117188,823,hit,4.703111210101253,16.459999999999738,160.02192079863113
4,388,730208,-28.299041748046875,2250,timeout,6.345449944888404,45.000000000001435,-72.25740668639116
4,389,731320,132.77499389648438,1379,hit,3.1296487176220174,27.5799999999995,153.3565023942774
4,390,731956,126.31620788574219,1339,hit,4.9842786252171924,26.779999999999518,152.5065582558383
4,391,735448,122.07991790771484,873,hit,3.7405184616038607,17.459999999999717,148.9102299803294
4,392,735644,-22.588825225830078,2196,miss,8.350791326684375,43.92000000000127,-99.2846226483989
4,393,739208,-1.7066078186035156,2250,timeout,14.293823039043412,45.000000000001435,-89.38166677982092
4,394,740320,-13.764045715332031,2250,timeout,10.38358891481227,45.000000000001435,-97.719079506129
4,395,744412,-12.82318115234375,2192,miss,9.113085341134534,43.840000000001254,-69.99597349869471
4,396,744448,-0.78912353515625,2250,timeout,8.634421497763022,45.000000000001435,-92.33873449007264
4,397,748208,-11.911373138427734,2250,timeout,10.079571642875507,45.000000000001435,-65.90954058014078
4,398,749320,-23.773468017578125,2250,timeout,6.223089147939469,45.000000000001435,-91.20417247247454
4,399,752008,-16.874183654785156,1899,miss,14.197687661006263,37.98000000000034,-89.11452543139139
4,400,753448,-4.130256652832031,2250,timeout,6.239757876942814,45.000000000001435,-96.34028572615719
4,401,756168,-3.5565147399902344,1712,miss,11.613356239945082,34.23999999999975,-66.69047645104351
4,402,756972,-11.854785919189453,2191,miss,9.123124040102098,43.82000000000125,-97.26461068939132
4,403,761008,4.983234405517578,2250,timeout,8.217275818887924,45.000000000001435,-87.80170993546669
4,404,761920,131.64324951171875,1438,hit,3.708677909291301,28.759999999999476,157.60945057523304
4,405,762448,-9.738107681274414,2250,timeout,5.285337563344885,45.000000000001435,-78.10111186981405
4,406,763940,-23.045181274414062,1742,miss,5.11019075761165,34.83999999999985,-78.169954468879
4,407,766600,115.92884063720703,1398,hit,4.230169546322331,27.959999999999493,140.26192857068276
4,408,769788,129.64573669433594,797,hit,4.552279380230702,15.939999999999749,158.07040868531712
4,409,770920,-17.461803436279297,2250,timeout,5.595371401701933,45.000000000001435,-99.01472865384974
4,410,771448,-11.906036376953125,2250,timeout,7.14907402478264,45.000000000001435,-89.64573665837212
4,411,772940,9.474023818969727,2250,timeout,6.080160001711165,45.000000000001435,-78.94099928584335
4,412,773000,132.88446044921875,803,hit,2.7011534275084434,16.059999999999746,156.4894845929885
4,413,775584,126.78987121582031,1166,hit,2.686433037235007,23.31999999999959,156.84492730314662
4,414,778476,125.90019989013672,723,hit,4.3383801056295095,14.45999999999978,152.9962368786934
4,415,780448,-0.16868972778320312,2250,timeout,7.329036943035421,45.000000000001435,-62.67115625671971
4,416,781080,-9.979225158691406,2035,miss,5.075602211924891,40.70000000000076,-88.83414585206151
4,417,782000,-8.382793426513672,2250,timeout,6.9963682481449,45.000000000001435,-77.50066308986649
4,418,783580,132.18626403808594,1276,hit,4.070615739440698,25.519999999999545,160.6770882833053
4,419,784268,123.9930191040039,955,hit,3.8876572566220724,19.09999999999968,146.6376058799242
4,420,785376,132.93724060058594,844,hit,4.259025636581927,16.87999999999973,157.73176182552925
4,421,790080,-20.711612701416016,2250,timeout,12.85699719755297,45.000000000001435,-108.48528375945935
4,422,792580,-23.766178131103516,2250,timeout,6.732573725955459,45.000000000001435,-116.21417313183224
4,423,793268,-42.095314025878906,2250,timeout,5.844469025782745,45.000000000001435,-76.31144843296656
4,424,794376,-12.798725128173828,2250,timeout,6.201075122516104,45.000000000001435,-71.20848208152503
4,425,797272,117.40975952148438,1173,hit,3.4530440802361437,23.45999999999959,143.07987662940266
4,426,797988,124.51423645019531,1180,hit,4.7847849933223525,23.599999999999586,148.57087115699449
4,427,799080,-23.28885269165039,2250,timeout,6.127899898323308,45.000000000001435,-103.10714799193337
4,428,803132,-16.423107147216797,2189,miss,9.722530260510103,43.780000000001245,-93.60302619641512
4,429,803296,129.3933868408203,1327,hit,4.464502033368809,26.539999999999523,154.89069693917324
4,430,806272,-22.10953140258789,2250,timeout,7.684162417488591,45.000000000001435,-82.76612921771171
4,431,808080,-1.59796142578125,2250,timeout,5.4020939281537075,45.000000000001435,-82.35260697642565
4,432,811564,133.79469299316406,871,hit,3.7484779267765527,17.419999999999717,161.5921467729152
4,433,812132,2.963304281234741,2250,timeout,11.122385769622255,45.000000000001435,-60.97284915902575
4,434,812296,16.736438751220703,2250,timeout,6.84688924341731,45.000000000001435,-65.02183141507626
4,435,813984,118.1246337890625,1928,hit,4.127548590388837,38.56000000000043,140.8658549506987
4,436,817140,135.2086181640625,1394,hit,3.0351366614194637,27.879999999999495,156.90014599135225
4,437,817716,131.09320068359375,933,hit,4.834403986385642,18.65999999999969,164.38346339499986
5,438,822580,130.50045776367188,845,hit,2.2126331762339366,16.89999999999973,161.0617864612904
5,439,825524,130.8561248779297,736,hit,1.6914433666439677,14.719999999999775,159.83798049770508
5,440,826324,2.784486770629883,1781,miss,5.610608598972675,35.61999999999997,-63.13109718386953
5,441,828200,6.8684539794921875,2250,timeout,5.788585699866287,45.000000000001435,-64.56523982382285
5,442,828200,11.139892578125,2250,timeout,9.401082850343535,45.000000000001435,-83.0350770151001
5,443,830900,128.9150848388672,1144,hit,4.800012372038277,22.8799999999996,149.16149896975674
5,444,833340,-13.297431945800781,1954,miss,7.10435479302033,39.08000000000051,-86.57227491280415
5,445,835956,112.53118133544922,1939,hit,4.265904236673167,38.78000000000046,145.1868747314541
5,446,837120,92.36239624023438,2230,hit,3.814807444905579,44.60000000000137,125.28785512494386
5,447,838164,-16.190357208251953,1816,miss,5.2282597453903294,36.32000000000008,-89.80501930603022
5,448,838212,130.0115509033203,1218,hit,4.414944880135282,24.35999999999957,159.56231978594403
5,449,840196,127.87415313720703,769,hit,4.495465592990598,15.379999999999761,155.9414029970257
5,450,840792,130.83306884765625,1209,hit,2.959254535660025,24.179999999999573,158.15221086858878
5,451,841352,132.33787536621094,797,hit,0.8482234969685952,15.939999999999749,154.53676208080833
5,452,841936,124.54595947265625,931,hit,3.0904610618185226,18.619999999999692,149.1204559837493
5,453,843224,128.2557373046875,757,hit,4.587519988931729,15.139999999999766,154.91327874835974
5,454,847280,126.99269104003906,1014,hit,4.80108946402929,20.279999999999657,147.66761889339628
5,455,849280,-15.266357421875,2122,miss,5.4505732292723685,42.440000000001035,-73.40113157671544
5,456,850352,-13.980405807495117,2250,timeout,10.038748277651212,45.000000000001435,-83.05100480498325
5,457,850608,131.58468627929688,832,hit,4.799177635819457,16.639999999999734,162.81563732784326
5,458,850936,-15.15707778930664,2250,timeout,8.381681772099993,45.000000000001435,-93.3983946907153
5,459,854540,130.7450714111328,1315,hit,3.588944928717489,26.299999999999528,155.29934412485358
5,460,855796,111.90595245361328,1215,hit,4.876591048282227,24.29999999999957,143.71393451079302
5,461,855996,125.89239501953125,1411,hit,3.0841432755364546,28.219999999999487,150.11323108189504
5,462,858836,120.19799041748047,1074,hit,4.982983369595831,21.47999999999963,146.6197930936085
5,463,859040,129.58941650390625,761,hit,4.920842859933549,15.219999999999764,159.27617927996636
5,464,859608,0.5310287475585938,2250,timeout,11.205994105726374,45.000000000001435,-88.98473925834517
5,465,863084,126.32395935058594,1062,hit,3.922410152845749,21.239999999999636,150.63772465240942
5,466,864796,-1.9612884521484375,2250,timeout,7.861858700698215,45.000000000001435,-85.92677492264758
5,467,866300,131.36094665527344,804,hit,4.310498065930035,16.079999999999746,160.28396385806363
5,468,867524,-4.613025665283203,2121,miss,5.824074367123287,42.42000000000103,-79.55174625468649
5,469,868452,-24.049949645996094,2211,miss,5.486674529481276,44.22000000000131,-98.1120679923629
5,470,871188,124.94258117675781,684,hit,3.7011890254648185,13.679999999999797,153.30797469080534
5,471,873796,6.524894714355469,2250,timeout,5.34798360790991,45.000000000001435,-80.72512665941963
5,472,875300,3.3720855712890625,2250,timeout,8.023098638230028,45.000000000001435,-86.36528482828672
5,473,876524,-20.35108184814453,2250,timeout,7.582069629217338,45.000000000001435,-105.80709911521092
5,474,880188,-13.475582122802734,2250,timeout,5.735708423184724,45.000000000001435,-88.79399165503176
5,475,881100,127.79217529296875,1450,hit,4.758107269897392,28.99999999999947,149.9614993705747
5,476,881784,132.2847900390625,1315,hit,3.122580880416359,26.299999999999528,157.64848194786225
5,477,882796,-38.471012115478516,2250,timeout,5.732629901907158,45.000000000001435,-85.16225885985013
5,478,883600,131.662841796875,853,hit,3.7865305787785872,17.059999999999725,157.73494093731162
5,479,885140,132.1912078857422,839,hit,3.6517004519552856,16.77999999999973,160.42825012164775
5,480,887600,128.61636352539062,1201,hit,4.486212236273121,24.019999999999577,153.37404041771362
5,481,888248,130.5388641357422,777,hit,1.5660976196320722,15.539999999999758,155.93757869229395
5,482,888252,-8.960929870605469,1788,miss,9.660591840089698,35.75999999999999,-85.25304272811424
5,483,889052,126.02655029296875,1363,hit,4.197674481173068,27.259999999999508,145.95247877333512
5,484,894216,129.9278564453125,1492,hit,4.684870231687769,29.839999999999453,152.55439918819252
5,485,896600,-28.096004486083984,2250,timeout,9.891011541330034,45.000000000001435,-92.68046673217546
5,486,897252,-21.477375030517578,2250,timeout,8.82308688777528,45.000000000001435,-77.36587096684957
5,487,898052,-19.223896026611328,2250,timeout,8.070770413597279,45.000000000001435,-81.77492977848024
5,488,901688,135.36062622070312,909,hit,3.2325028616307705,18.1799999999997,160.81621844282785
5,489,902820,98.86103820800781,1392,hit,4.888415204007547,27.839999999999495,140.77129884259807
5,490,903216,2.9713191986083984,2250,timeout,8.967238844324877,45.000000000001435,-65.84369525032196
5,491,904300,125.66673278808594,653,hit,3.972563871564319,13.05999999999981,150.62264100293106
5,492,905600,0.8923149108886719,2250,timeout,15.398437526872442,45.000000000001435,-96.85926204075439
5,493,905736,128.55947875976562,729,hit,3.1805659185527855,14.579999999999778,157.40177047113775
5,494,906192,131.21017456054688,744,hit,2.508693557787308,14.879999999999772,153.24988342736003
5,495,907440,129.34730529785156,785,hit,4.58023930460611,15.699999999999754,152.28886317697146
5,496,908508,124.45128631591797,693,hit,3.5099235422436563,13.859999999999793,151.03735786428368
5,497,909940,133.74632263183594,937,hit,2.3319655611619496,18.73999999999969,164.41957869548156
5,498,910816,113.16488647460938,1304,hit,4.424704562456181,26.079999999999533,142.4108562708954
5,499,913228,127.05014038085938,1180,hit,3.780058134704085,23.599999999999586,155.34317855565075
5,500,913464,132.521728515625,881,hit,4.052825392246057,17.619999999999713,160.63365302222897
5,501,915860,-7.703853607177734,2105,miss,5.262995638312322,42.10000000000098,-101.40637085865174
5,502,917316,133.05203247070312,963,hit,4.644099719718443,19.25999999999968,155.63220782597057
5,503,917964,3.0065040588378906,1787,miss,10.349555463038572,35.73999999999999,-61.484594078017864
5,504,919664,125.7470474243164,951,hit,4.026992083049853,19.019999999999683,155.58954714441506
5,505,920620,128.2540283203125,664,hit,2.436540686602966,13.279999999999806,152.51384140353144
5,506,922228,-15.205291748046875,2250,timeout,7.3911787623904885,45.000000000001435,-77.34255918943992
5,507,922692,131.3590087890625,757,hit,1.1546845322893338,15.139999999999766,152.98790492697205
5,508,923840,130.10540771484375,805,hit,2.2109257690422495,16.099999999999746,152.32720704499266
5,509,925068,126.8603744506836,710,hit,1.7520090092508844,14.199999999999786,150.58629301279905
5,510,926316,-7.151020050048828,2250,timeout,9.259670877752862,45.000000000001435,-82.12447338422334
5,511,927940,123.804931640625,1025,hit,2.2043728803019675,20.499999999999652,147.16500098059436
5,512,929236,128.06280517578125,730,hit,4.650670055708949,14.599999999999778,154.58800050220498
5,513,930484,129.20907592773438,1354,hit,4.529091366205678,27.07999999999951,152.2035198363831
5,514,931668,126.48823547363281,932,hit,4.604048475476587,18.63999999999969,150.1781844855122
5,515,931692,5.656099319458008,2250,timeout,5.630395865057373,45.000000000001435,-73.06491928175484
5,516,931832,121.27587127685547,649,hit,1.8332969424691894,12.979999999999812,151.9373665904701
5,517,933204,122.8172378540039,680,hit,4.130854028611272,13.599999999999799,152.16542933413348
5,518,934620,128.41558837890625,732,hit,4.657210536691357,14.639999999999777,155.46285983002383
5,519,935344,129.55264282226562,878,hit,3.87460673438226,17.559999999999715,164.69129773416347
5,520,936072,127.9643325805664,717,hit,3.5219422465426007,14.339999999999783,151.55601247042364
5,521,937720,133.48072814941406,1513,hit,4.817166166139696,30.259999999999444,154.96562898847475
5,522,938392,125.02726745605469,943,hit,4.844596939399832,18.859999999999687,151.47171221030027
5,523,939692,130.98460388183594,1087,hit,3.722035044483725,21.739999999999625,151.51667188370138
5,524,940400,120.7958984375,670,hit,2.5136589406269705,13.399999999999803,152.85043148096509
5,525,941524,133.77500915527344,1363,hit,3.1516546751126637,27.259999999999508,159.15457532502916
5,526,941864,132.02389526367188,868,hit,0.9428009861077702,17.35999999999972,158.35853395904738
5,527,943216,133.04544067382812,881,hit,4.850551478066751,17.619999999999713,156.94196993468924
5,528,944524,130.40719604492188,1031,hit,3.4102850870893615,20.61999999999965,163.64315230066666
5,529,946232,127.79048919677734,754,hit,3.516138692923744,15.079999999999767,159.62637493134326
5,530,946800,126.46484375,1234,hit,2.8775024465202677,24.679999999999563,149.77535833939274
5,531,948016,117.30009460449219,873,hit,4.300715145617702,17.459999999999717,147.74636450209204
5,532,948892,121.27020263671875,665,hit,3.2117976921042084,13.299999999999805,151.0623054619528
5,533,950320,-44.36981201171875,2199,miss,17.720111526414215,43.980000000001276,-70.49104902936715
5,534,950464,133.16250610351562,916,hit,4.448913892458873,18.3199999999997,162.23683006636327
5,535,951392,128.63674926757812,844,hit,3.6932323937438736,16.87999999999973,151.86256571476213
5,536,952176,129.89166259765625,821,hit,4.939548758577303,16.41999999999974,160.8880068482608
5,537,953872,134.90869140625,852,hit,3.9139120690556397,17.039999999999726,163.8896051416994
5,538,955664,131.37440490722656,872,hit,2.26310499181949,17.439999999999717,157.55117159816706
5,539,956832,129.2180938720703,740,hit,3.0361521542022065,14.799999999999773,157.80207079133422
5,540,957752,2.0966453552246094,1858,miss,6.517627523531179,37.16000000000021,-73.23062325853456
5,541,958340,125.55821228027344,669,hit,2.814960642379306,13.379999999999804,151.10139250527718
5,542,959560,124.63805389404297,682,hit,3.3996806858256567,13.639999999999798,151.96914347330917
5,543,960392,-13.080682754516602,2250,timeout,5.501308663150344,45.000000000001435,-79.84510122977792
5,544,961896,134.3799591064453,889,hit,2.7642294776086564,17.77999999999971,160.23189231453256
5,545,963152,134.6708526611328,898,hit,4.452059047634567,17.959999999999706,163.97641918224016
5,546,964584,125.11972045898438,672,hit,2.0240998966790076,13.439999999999802,151.167615066909
5,547,966752,-2.299823760986328,2250,timeout,5.312588756133611,45.000000000001435,-85.83257195255547
5,548,967464,133.80068969726562,1078,hit,1.5242399295582478,21.55999999999963,159.35496480092456
5,549,967480,128.98513793945312,724,hit,2.895874919276649,14.47999999999978,154.23770814883014
5,550,969392,-16.989879608154297,2250,timeout,7.879545065683146,45.000000000001435,-100.47739679310128
5,551,969836,132.38758850097656,771,hit,1.2746607186802668,15.41999999999976,159.31642072158124
5,552,971064,121.57522583007812,896,hit,3.659272428145513,17.919999999999707,150.3156083993933
5,553,973004,129.0527801513672,792,hit,4.2539441753075735,15.839999999999751,159.60464513461233
5,554,975572,122.94644165039062,1127,hit,3.961484772342387,22.53999999999961,149.91866167239755
5,555,976236,-6.475456237792969,2193,miss,5.015577289960918,43.86000000000126,-83.6650428659371
5,556,977208,11.84636116027832,1954,miss,5.946482234876492,39.08000000000051,-68.07881401402472
5,557,979188,127.31692504882812,738,hit,4.497453329875936,14.759999999999774,151.55948111620177
5,558,981924,126.28965759277344,684,hit,3.635274208717269,13.679999999999797,154.60103373086312
5,559,982004,1.2307671308517456,2250,timeout,6.14089854624571,45.000000000001435,-62.65328557083522
5,560,983992,4.0308990478515625,2105,miss,5.462050432517206,42.10000000000098,-79.51560068886464
5,561,986208,-44.17837905883789,2250,timeout,5.308316186933392,45.000000000001435,-117.92020290447824
5,562,990924,-20.996318817138672,2250,timeout,6.154500650593871,45.000000000001435,-71.11623635664998
5,563,991004,-6.921100616455078,2250,timeout,9.863592285071253,45.000000000001435,-102.52591625668475
5,564,992992,3.222553253173828,2250,timeout,8.701971246385652,45.000000000001435,-90.58828790618614
5,565,993756,123.81515502929688,688,hit,1.7099355993176253,13.759999999999796,156.03806832685922
5,566,994268,127.83240509033203,836,hit,2.548120949452105,16.719999999999732,159.50087031728688
5,567,995208,-7.939357757568359,2250,timeout,7.6071116569033475,45.000000000001435,-104.99326129458179
5,568,997532,128.2412872314453,1135,hit,4.499629990036298,22.699999999999605,155.041190753691
5,569,998124,125.60751342773438,729,hit,2.9052863456690803,14.579999999999778,153.61043043132267
5,570,998720,125.13777160644531,1113,hit,2.9385981711255957,22.259999999999614,154.53419255892499
5,571,998980,132.35006713867188,1306,hit,4.320648652332521,26.119999999999532,157.78062184623874
5,572,1002704,132.9719696044922,996,hit,2.8758285301409576,19.919999999999664,164.78137929381947
5,573,1003336,119.28553009033203,1089,hit,4.9412936222309485,21.779999999999625,146.4261507240022
5,574,1006072,129.85696411132812,842,hit,2.5271870340141276,16.83999999999973,154.625307186612
5,575,1006532,-22.034271240234375,2250,timeout,5.976094830837879,45.000000000001435,-86.56940338407472
5,576,1007124,24.0318660736084,2250,timeout,5.3780620964628385,45.000000000001435,-64.14410849592421
5,577,1008968,127.37922668457031,1408,hit,4.996640375286415,28.15999999999949,153.70230150607952
5,578,1009304,133.10787963867188,808,hit,4.380295090589164,16.159999999999744,162.1555650344717
5,579,1009544,131.14540100097656,753,hit,2.8071442872373273,15.059999999999768,159.61559850014712
5,580,1013588,125.15325927734375,1011,hit,4.483496263504904,20.219999999999658,145.90513719087704
5,581,1013876,117.59097290039062,1143,hit,4.741136030503859,22.8599999999996,147.1022344441849
5,582,1015020,125.32466125488281,1513,hit,4.537394483155202,30.259999999999444,148.58001123124296
5,583,1016124,15.581331253051758,2250,timeout,6.443785865207892,45.000000000001435,-68.83501854525989
5,584,1017112,132.5196075439453,809,hit,2.4643124252242217,16.179999999999744,161.94584378696663
5,585,1017796,126.94229125976562,694,hit,4.7709043170042875,13.879999999999793,155.96133360038908
5,586,1021160,131.32278442382812,1259,hit,4.548546499602979,25.179999999999552,156.6019588958323
5,587,1022588,0.4690589904785156,2250,timeout,7.604538650768817,45.000000000001435,-96.82020569759098
5,588,1022680,135.77371215820312,1221,hit,4.874599338655551,24.41999999999957,160.2770839706871
6,589,1026948,128.34854125976562,737,hit,1.6366185534762732,14.739999999999775,157.2413780413843
6,590,1027120,121.96711730957031,780,hit,4.268159847757892,15.599999999999756,152.1627526161416
6,591,1029920,122.82818603515625,700,hit,4.8045752276442935,13.99999999999979,153.27895765402488
6,592,1030940,88.02275085449219,1735,hit,4.311068279197241,34.699999999999825,134.80997820694273
6,593,1032552,122.30325317382812,1401,hit,3.6176562938050463,28.01999999999949,154.32333101769112
6,594,1032904,128.77627563476562,746,hit,4.946329854785478,14.91999999999977,157.11431940258987
6,595,1033000,-16.699542999267578,2250,timeout,10.439027524529886,45.000000000001435,-105.64746928298382
6,596,1035492,125.4384765625,1138,hit,2.928673754711193,22.759999999999604,148.46733966424432
6,597,1035588,131.3867950439453,759,hit,1.5918011021988152,15.179999999999765,153.50370274131905
6,598,1035636,125.55723571777344,683,hit,3.5201704781225165,13.659999999999798,150.07904418590778
6,599,1036304,132.38613891601562,826,hit,1.355849984709948,16.519999999999737,158.0166312923073
6,600,1038116,126.84382629394531,656,hit,1.5370595448778142,13.11999999999981,151.89650507074157
6,601,1039064,133.6341552734375,857,hit,4.467377992659849,17.139999999999723,159.74975555026367
6,602,1039084,130.52040100097656,874,hit,4.783129753474955,17.479999999999716,156.66938698419023
6,603,1042168,129.36688232421875,771,hit,1.574352433316649,15.41999999999976,157.01049769719555
6,604,1042264,130.11822509765625,800,hit,4.433447750747174,15.999999999999748,160.32177477885668
6,605,1042520,122.28753662109375,1101,hit,3.431015513215765,22.01999999999962,153.46816999273406
6,606,1045304,-4.293006896972656,2250,timeout,5.7406013483433,45.000000000001435,-79.89182076735293
6,607,1045528,132.80699157714844,840,hit,2.9878919236848,16.79999999999973,156.7353648973314
6,608,1046488,122.5677719116211,992,hit,4.094552362001862,19.839999999999666,149.34371484470773
6,609,1048324,124.6249771118164,699,hit,3.416583752734794,13.97999999999979,155.04000276934076
6,610,1050032,129.97048950195312,1182,hit,3.7517685214646903,23.639999999999585,152.23891032151826
6,611,1051264,3.266021728515625,2250,timeout,7.282556760646986,45.000000000001435,-76.90011278931922
6,612,1051732,133.4095458984375,852,hit,2.8990475327131215,17.039999999999726,163.36731870978076
6,613,1054504,125.91758728027344,693,hit,3.3990510776572087,13.859999999999793,155.2846558827819
6,614,1055260,124.79620361328125,999,hit,3.3287400115968326,19.979999999999663,146.90465610050427
6,615,1055488,-5.007434844970703,2250,timeout,9.72332973495617,45.000000000001435,-80.03036411946835
6,616,1059032,-13.948986053466797,2250,timeout,5.221587901791781,45.000000000001435,-95.34005398431029
6,617,1060592,125.68743133544922,1276,hit,4.336810149859921,25.519999999999545,144.91610995841148
6,618,1063504,1.1604576110839844,2250,timeout,7.226645626893096,45.000000000001435,-68.96418560362801
6,619,1064228,120.49797058105469,1299,hit,2.2580250684778127,25.979999999999535,141.49378751364281
6,620,1064252,-23.853378295898438,2248,miss,7.016577158244068,44.96000000000143,-98.7403047601942
6,621,1067120,128.6625213623047,723,hit,2.5507487598764502,14.45999999999978,156.17020211573967
6,622,1068104,133.45626831054688,1150,hit,2.321730016011071,22.9999999999996,156.49842268406798
6,623,1068232,15.434816360473633,1910,miss,6.384867911551027,38.20000000000037,-61.15486621688877
6,624,1070448,132.86965942382812,832,hit,3.361264121869646,16.639999999999734,158.61606447666543
6,625,1071252,128.1375274658203,787,hit,2.907060668586384,15.739999999999753,158.2432794641601
6,626,1073252,-1.8054656982421875,2250,timeout,5.18554547857861,45.000000000001435,-62.92993418475186
6,627,1073540,132.38558959960938,773,hit,4.533337289271164,15.45999999999976,162.26871252347158
6,628,1073624,121.47614288330078,1348,hit,2.9486570167155732,26.959999999999514,140.49040631192105
6,629,1074048,125.48686981201172,699,hit,1.4133509053520368,13.97999999999979,157.05016743481744
6,630,1076768,130.74221801757812,786,hit,3.6864999295840835,15.719999999999754,154.79163939670826
6,631,1077076,129.27565002441406,757,hit,4.037841214007971,15.139999999999766,156.35361733130452
6,632,1078360,128.61032104492188,1205,hit,1.8839876258259225,24.099999999999575,152.4572086081808
6,633,1080396,132.6032257080078,830,hit,3.7903787966667215,16.599999999999735,156.45656429238224
6,634,1081060,123.88652038574219,675,hit,3.4746649476486193,13.499999999999801,150.65757163057492
6,635,1082008,132.02381896972656,1310,hit,2.7200298922399355,26.19999999999953,152.14812025592806
6,636,1082252,-46.81454849243164,2250,timeout,5.126146493578613,45.000000000001435,-99.24912061581973
6,637,1083232,124.62654113769531,709,hit,4.7032114793692665,14.179999999999787,153.5898963326834
6,638,1085388,129.71055603027344,1082,hit,4.703462957273759,21.639999999999628,160.884819823723
6,639,1085588,134.9248504638672,895,hit,1.9572267368466676,17.899999999999707,164.0467280491656
6,640,1086344,129.98733520507812,778,hit,4.37150709637578,15.559999999999757,158.02649323213566
6,641,1088548,133.65492248535156,790,hit,0.7887990751972955,15.799999999999752,162.97007303483974
6,642,1089196,24.001663208007812,1736,miss,8.25636394804575,34.71999999999983,-48.37536978242164
6,643,1089356,128.00137329101562,753,hit,4.552254375833484,15.059999999999768,156.41014838540048
6,644,1090420,130.99853515625,1208,hit,4.241330276399397,24.159999999999574,151.5611053538895
6,645,1092556,130.8451385498047,800,hit,4.99092006026907,15.999999999999748,159.0165329631798
6,646,1092784,129.8096466064453,897,hit,3.24582517297858,17.939999999999706,164.51992866691938
6,647,1093372,131.12762451171875,738,hit,3.863498991690366,14.759999999999774,159.01470047252633
6,648,1095676,129.9261016845703,723,hit,3.2189633968318585,14.45999999999978,157.51707334803274
6,649,1095744,131.5338897705078,797,hit,3.1674922464910713,15.939999999999749,158.59902399125795
6,650,1096336,-3.0623016357421875,1947,miss,10.03758954199888,38.94000000000049,-72.97901618041638
6,651,1098236,125.60233306884766,1216,hit,3.8818923606237665,24.31999999999957,148.41840850167102
6,652,1099044,129.70379638671875,842,hit,4.64321125662393,16.83999999999973,158.07610968370807
6,653,1100796,133.82652282714844,1115,hit,4.118449352549083,22.299999999999613,162.24750005393818
6,654,1104744,5.841861724853516,2250,timeout,16.581532270487173,45.000000000001435,-70.90266586583529
6,655,1105900,-21.417613983154297,1714,miss,8.338850237594354,34.27999999999976,-69.66152031764678
6,656,1107236,2.6456451416015625,2250,timeout,9.434363025787254,45.000000000001435,-84.39748565551444
6,657,1109796,-15.62762451171875,2250,timeout,5.154658170806398,45.000000000001435,-79.32132060293792
6,658,1111148,130.09596252441406,978,hit,3.211184528913216,19.559999999999672,159.8635473376516
6,659,1113344,134.3778839111328,887,hit,4.1916828383755265,17.73999999999971,162.80328685946662
6,660,1113744,-3.4084434509277344,2250,timeout,6.066587381816131,45.000000000001435,-94.73960269362601
6,661,1114900,-13.350715637207031,2250,timeout,5.266242842771648,45.000000000001435,-105.79479440825423
6,662,1116280,126.65516662597656,734,hit,3.4127785208978056,14.679999999999776,152.94743063403266
6,663,1118972,122.0462417602539,673,hit,4.051460792797238,13.459999999999802,149.94090042562493
6,664,1119492,132.568603515625,1437,hit,3.9914451450904243,28.739999999999476,156.77632434036775
6,665,1120148,-33.29174041748047,2250,timeout,9.318103202571566,45.000000000001435,-96.37907388634426
6,666,1121868,128.78599548339844,724,hit,3.2202675637658973,14.47999999999978,152.49971205157328
6,667,1123812,131.0113525390625,1080,hit,3.9126082879036685,21.59999999999963,160.99295210624098
6,668,1123900,-49.91447067260742,2250,timeout,5.53739536914581,45.000000000001435,-87.60142043616543
6,669,1124764,128.04185485839844,1154,hit,3.3877265015718927,23.079999999999597,145.9385694477948
6,670,1127412,132.68075561523438,900,hit,2.500501888680087,17.999999999999705,164.84151998697934
6,671,1127976,134.34716796875,1019,hit,3.0778031976918547,20.379999999999654,160.0990954316416
6,672,1129064,126.74146270751953,1075,hit,4.102690090601947,21.49999999999963,154.98205449235354
6,673,1130868,1.2395210266113281,2250,timeout,8.318735941514499,45.000000000001435,-87.31383294777137
6,674,1132888,136.16708374023438,956,hit,1.9253472167033847,19.11999999999968,165.0371586977377
6,675,1136412,-14.913101196289062,2250,timeout,5.560931872387983,45.000000000001435,-109.39638154363057
6,676,1136688,-18.77538299560547,2178,miss,7.094947700469383,43.56000000000121,-100.61411869102429
6,677,1137488,124.86470031738281,1150,hit,4.891007150686892,22.9999999999996,148.13122229333243
6,678,1139596,129.15672302246094,727,hit,3.3851383755625815,14.539999999999779,155.19371206660185
6,679,1139868,1.3588066101074219,2250,timeout,7.121026478889638,45.000000000001435,-76.91769215360364
6,680,1140088,122.77998352050781,919,hit,2.7056204182195835,18.379999999999697,148.24553006165823
6,681,1142648,128.51058959960938,763,hit,2.8247789414536375,15.259999999999764,160.32755764151625
6,682,1145928,126.2163314819336,1515,hit,4.071544626114578,30.299999999999443,153.74062931811025
6,683,1145960,132.16366577148438,1468,hit,3.144417613441853,29.359999999999463,156.1449217761524
6,684,1146488,-23.41419219970703,2250,timeout,6.1382653920489645,45.000000000001435,-80.2397851163064
6,685,1149216,132.4171142578125,822,hit,3.507615059360206,16.43999999999974,160.73962885428554
6,686,1149968,134.30621337890625,870,hit,3.1521583906154,17.399999999999718,163.92199074886
6,687,1150600,121.2735595703125,1160,hit,4.555572488822679,23.199999999999594,148.04757307361098
6,688,1151648,-43.21582794189453,2250,timeout,10.895592198391611,45.000000000001435,-74.7146136951856
6,689,1153644,126.96774291992188,1107,hit,4.515923214863258,22.139999999999617,145.70154683701088
6,690,1154256,127.88677978515625,1072,hit,2.6135603634882187,21.439999999999632,156.74547846408257
6,691,1154836,133.69461059570312,1059,hit,3.6389983633997596,21.179999999999637,156.60098028874944
6,692,1155764,124.57147979736328,1029,hit,4.655354733977599,20.57999999999965,149.36645154060722
6,693,1157388,135.24212646484375,936,hit,3.6901123076655242,18.71999999999969,163.8195224859584
6,694,1157452,132.65582275390625,799,hit,2.109877628215133,15.979999999999748,155.48173125552546
6,695,1158584,135.91412353515625,937,hit,4.03604339353663,18.73999999999969,164.94191307807904
6,696,1158936,132.43240356445312,793,hit,3.5797931196464425,15.85999999999975,159.26730289619564
6,697,1161520,131.0790557861328,1017,hit,3.4373953680673273,20.339999999999655,162.95084796640762
6,698,1163164,129.36997985839844,1057,hit,3.988846615982781,21.139999999999638,149.1658599748427
6,699,1165768,127.42254638671875,651,hit,2.969419506951404,13.019999999999811,152.31076601365288
6,700,1166388,-48.22924041748047,2250,timeout,10.19233599686856,45.000000000001435,-76.62483995979662
6,701,1167584,-20.98089599609375,2250,timeout,7.639139408780635,45.000000000001435,-74.97253347911631
6,702,1169532,133.30447387695312,786,hit,3.338176259265588,15.719999999999754,154.4890692784757
6,703,1169752,131.297119140625,996,hit,3.9724888526509776,19.919999999999664,160.67070908084736
6,704,1170520,-25.81942367553711,2250,timeout,6.687211149064326,45.000000000001435,-68.17927015390109
6,705,1170920,130.1769561767578,834,hit,3.7831722719634384,16.679999999999733,155.11951085884525
6,706,1172532,130.1577911376953,750,hit,2.560670482254374,14.999999999999769,159.63114321264675
6,707,1174152,135.4185791015625,1100,hit,3.5880120763480434,21.99999999999962,159.37921025088775
6,708,1175740,135.03781127929688,1305,hit,4.349576801532256,26.099999999999532,159.3468645719381
6,709,1178548,125.12694549560547,702,hit,4.907817420589928,14.03999999999979,151.28298149816584
6,710,1179920,-25.0479736328125,2250,timeout,11.336038824704147,45.000000000001435,-91.03297021465465
6,711,1180212,134.90750122070312,1515,hit,4.312972135779666,30.299999999999443,154.0265301602756
6,712,1181532,13.348661422729492,2250,timeout,5.368510630839238,45.000000000001435,-77.73529929848654
6,713,1183104,127.34750366210938,1139,hit,4.40285369778171,22.779999999999603,152.9738085868958
6,714,1183660,135.6689453125,935,hit,2.6495080252645105,18.69999999999969,163.3372184485513
6,715,1183800,129.9558563232422,897,hit,4.3344779479115125,17.939999999999706,161.60235420451488
6,716,1186056,125.0484619140625,738,hit,1.2746988192200843,14.759999999999774,154.68860011234818
6,717,1186608,129.4653778076172,702,hit,2.9445940502599117,14.03999999999979,154.18799742106373
6,718,1187700,134.0938720703125,1010,hit,3.3169191056913903,20.19999999999966,165.29818541960847
6,719,1188680,125.94912719726562,656,hit,3.1465620032228094,13.11999999999981,152.2785953325542
6,720,1190336,123.34314727783203,659,hit,2.7652771950358335,13.179999999999808,153.07933748187068
6,721,1190532,-31.204227447509766,2250,timeout,7.142832868770372,45.000000000001435,-93.12638829185974
6,722,1192372,133.42213439941406,923,hit,1.284415771546094,18.459999999999695,160.5257557713453
6,723,1193932,133.33740234375,899,hit,2.4860302290665977,17.979999999999706,162.70575040452786
6,724,1194100,130.97601318359375,892,hit,1.7727868648602354,17.83999999999971,165.91490728547365
6,725,1195188,129.20126342773438,704,hit,2.0716038951084035,14.079999999999789,150.00817785860124
6,726,1195608,-19.271697998046875,2250,timeout,7.3798193361181985,45.000000000001435,-88.83740502002048
6,727,1196840,126.90003967285156,727,hit,4.041631617972286,14.539999999999779,156.1429195151497
6,728,1198632,131.9503173828125,1133,hit,3.855329770817249,22.659999999999606,154.8312559772563
6,729,1199648,127.11449432373047,1010,hit,4.3097407217954755,20.19999999999966,149.52528095072964
6,730,1200056,133.85433959960938,804,hit,4.015986483946455,16.079999999999746,161.21201099539655
6,731,1203480,133.32154846191406,856,hit,0.8960281959483654,17.119999999999724,159.06541090201813
6,732,1204188,-31.62271499633789,2250,timeout,6.062761242641492,45.000000000001435,-88.32551260301422
6,733,1204848,125.88259887695312,1554,hit,4.22346033007092,31.079999999999426,152.12756500722722
6,734,1206140,88.91256713867188,1623,hit,4.024502544433792,32.459999999999475,135.4556938845347
6,735,1206720,132.5722198486328,810,hit,3.0354110938587304,16.199999999999743,156.23498264024576
6,736,1207076,127.66299438476562,722,hit,4.276330549763252,14.439999999999781,156.13143700606577
6,737,1207568,127.90602111816406,680,hit,1.8181374297592774,13.599999999999799,151.51485394555357
6,738,1209104,129.7216033935547,741,hit,3.8253045713964675,14.819999999999773,158.2488817667596
6,739,1209468,124.14079284667969,687,hit,2.329681126769192,13.739999999999796,154.9217520853071
6,740,1211852,126.14859008789062,687,hit,4.56240236279664,13.739999999999796,152.79478242085867
6,741,1216004,1.990631103515625,2109,miss,9.111054200240288,42.180000000000994,-75.95344969595044
6,742,1216076,4.624340057373047,2250,timeout,6.193676857403083,45.000000000001435,-89.53793955775008
6,743,1218468,15.183999061584473,2250,timeout,6.254609581484561,45.000000000001435,-65.78900594794469
6,744,1218824,6.692005157470703,1743,miss,6.972467285234055,34.85999999999985,-62.073748545452375
6,745,1221684,130.9534912109375,1420,hit,3.454337060220133,28.399999999999483,155.83890590919725
6,746,1221748,130.18385314941406,731,hit,3.0614290825126287,14.619999999999777,154.01833901610516
6,747,1222996,-4.178924560546875,1730,miss,5.278448626875871,34.59999999999981,-76.9020209610338
6,748,1224016,131.06614685058594,1387,hit,3.0435174862957872,27.739999999999498,152.66964600448944
6,749,1224856,130.8139190673828,793,hit,1.3961779576090767,15.85999999999975,159.00513353412373
6,750,1225228,133.56414794921875,870,hit,3.67154256004776,17.399999999999718,164.68867446820025
6,751,1225900,129.2259521484375,726,hit,2.085465185594937,14.51999999999978,155.07987398849713
6,752,1228484,135.60989379882812,907,hit,2.3356203491835412,18.139999999999702,166.1902620573744
7,753,1232504,150.9210662841797,926,hit,4.603656789805791,18.519999999999694,162.0585752158695
7,754,1233092,176.9641876220703,1073,hit,4.410633239312959,21.45999999999963,159.34700409953348
7,755,1233712,166.91709899902344,1228,hit,2.313102719467907,24.559999999999565,155.29620305102046
7,756,1237544,180.97000122070312,1260,hit,2.1993444605502055,25.19999999999955,163.15503277717258
7,757,1237800,26.81386375427246,2250,timeout,5.574128926720653,45.000000000001435,-62.785194704132635
7,758,1240276,155.19403076171875,619,hit,2.961375971666817,12.379999999999825,155.6475907341292
7,759,1242092,-48.73617935180664,2250,timeout,9.105912514349807,45.000000000001435,-64.08882078487969
7,760,1242712,1.7437820434570312,2250,timeout,6.262162304522682,45.000000000001435,-82.73057377092059
7,761,1243200,169.55419921875,1414,hit,3.2262639198417524,28.279999999999486,166.54001969743894
7,762,1245048,150.63951110839844,739,hit,4.003178513995086,14.779999999999774,160.9650619515928
7,763,1245772,163.595947265625,765,hit,2.6263035126122802,15.299999999999763,159.08100520029225
7,764,1246996,143.68914794921875,949,hit,3.5829703566688385,18.979999999999684,150.70602275749496
7,765,1248408,155.29051208496094,659,hit,3.3608044311460965,13.179999999999808,158.6884127587407
7,766,1249276,-18.058303833007812,2250,timeout,14.578149721336777,45.000000000001435,-96.85189848137642
7,767,1251236,167.52618408203125,707,hit,0.9510104077669295,14.139999999999787,159.837776989449
7,768,1251652,27.95462417602539,1651,miss,282.5762059666397,33.01999999999956,-31.077238621617994
7,769,1252420,155.9783172607422,786,hit,4.967018747201462,15.719999999999754,167.7134066191794
7,770,1254248,159.1778564453125,753,hit,3.2113979910220727,15.059999999999768,162.58313887415875
7,771,1255420,174.23297119140625,750,hit,1.0863676100666229,14.999999999999769,160.43912866042047
7,772,1255564,-4.514991760253906,2142,miss,6.0524329917834665,42.8400000000011,-83.92296636682438
7,773,1257372,172.38619995117188,1430,hit,4.301855179260756,28.59999999999948,165.89430340779808
7,774,1259208,183.8741455078125,911,hit,1.677482766876332,18.2199999999997,170.9020249204205
7,775,1260372,160.33407592773438,750,hit,3.086568781785944,14.999999999999769,160.50086951332284
7,776,1261108,181.53768920898438,1422,hit,4.824875673511215,28.439999999999483,167.03730954014725
7,777,1262184,157.1593017578125,744,hit,4.044351697346441,14.879999999999772,163.40407451653005
7,778,1263248,2.204082489013672,2250,timeout,5.676658722429678,45.000000000001435,-63.84656727722807
7,779,1263320,150.53038024902344,737,hit,4.793981374551521,14.739999999999775,160.34861732157646
7,780,1264368,164.35186767578125,815,hit,3.264386025325976,16.29999999999974,167.0827899039142
7,781,1265244,168.0420379638672,765,hit,4.677751004354224,15.299999999999763,164.8347721382986
7,782,1269120,163.49246215820312,969,hit,4.985304794724132,19.379999999999676,155.13374692305217
7,783,1269156,157.63279724121094,1459,hit,3.3926387401930502,29.179999999999467,163.3551938443093
7,784,1272052,160.11270141601562,733,hit,2.4007741920608217,14.659999999999776,157.32551308874952
7,785,1272248,-23.174602508544922,2250,timeout,5.542798909021037,45.000000000001435,-78.72077563559354
7,786,1272352,172.31210327148438,799,hit,2.2485553173315744,15.979999999999748,166.6192542987174
7,787,1273368,14.286815643310547,2250,timeout,5.761044402755919,45.000000000001435,-90.85532316753907
7,788,1275172,178.6765594482422,731,hit,1.9583822276779006,14.619999999999777,158.32444409107813
7,789,1275512,162.58447265625,865,hit,2.792190327879142,17.29999999999972,170.24407796740428
7,790,1276096,165.24777221679688,682,hit,1.536079885428793,13.639999999999798,159.83707243038185
7,791,1279044,165.7017364501953,883,hit,3.399544260748916,17.659999999999712,172.01790789254383
7,792,1280908,148.24819946289062,1434,hit,4.116624901565053,28.679999999999477,158.9874610227978
7,793,1281164,168.2294921875,1267,hit,3.7607682100794406,25.33999999999955,166.5221519117203
7,794,1281352,-3.3487472534179688,2250,timeout,7.708939784113826,45.000000000001435,-100.43118238751536
7,795,1282528,176.95425415039062,871,hit,2.9956404364609592,17.419999999999717,170.1828844391295
7,796,1283980,163.4331817626953,657,hit,2.2761093612029013,13.139999999999809,158.07012775513027
7,797,1284144,170.3418731689453,809,hit,3.0347861338518576,16.179999999999744,168.2910769001797
7,798,1284768,180.15374755859375,901,hit,0.6385318813871588,18.019999999999705,170.97483032968182
7,799,1286532,170.70697021484375,1001,hit,3.540977711108416,20.019999999999662,165.87858551749736
7,800,1286556,148.50616455078125,644,hit,4.848562775404367,12.879999999999814,154.82674045888285
7,801,1290052,167.77476501464844,874,hit,2.4110734715797215,17.479999999999716,173.9115224802055
7,802,1290208,150.8570098876953,1360,hit,4.128360923065519,27.19999999999951,155.46566945259895
7,803,1291432,162.05467224121094,1225,hit,3.507788017049041,24.499999999999567,164.09669885952061
7,804,1293144,-3.8056640625,2250,timeout,5.824738228800355,45.000000000001435,-90.15749893929653
7,805,1294932,178.40896606445312,875,hit,1.7172473374406847,17.499999999999716,171.42769040435903
7,806,1299052,32.76978302001953,2250,timeout,6.633278293376074,45.000000000001435,-48.63223315856578
7,807,1299208,19.074092864990234,2250,timeout,5.810374831464874,45.000000000001435,-76.24921244303272
7,808,1299396,170.89564514160156,1116,hit,4.641854985894347,22.319999999999613,168.59747510066728
7,809,1302144,9.74661636352539,2250,timeout,7.236740954038781,45.000000000001435,-82.97941327069209
7,810,1304888,180.04820251464844,1420,hit,3.5397528119191652,28.399999999999483,168.50216475879807
7,811,1306520,-1.1199722290039062,1867,miss,5.02274141339249,37.34000000000024,-78.10165209406838
7,812,1308396,-12.636333465576172,2250,timeout,6.592886140718185,45.000000000001435,-105.34963573062228
7,813,1308764,183.22659301757812,969,hit,0.777833719019216,19.379999999999676,173.499769066073
7,814,1309188,158.5614013671875,667,hit,4.015277524894614,13.339999999999804,158.47602950664583
7,815,1311144,-32.12729263305664,2250,timeout,5.687254676038991,45.000000000001435,-74.8991012227784
7,816,1311884,176.29336547851562,872,hit,4.8331266772275185,17.439999999999717,166.9523338049193
7,817,1312196,163.59585571289062,858,hit,2.6031203641689946,17.159999999999723,167.4298389444914
7,818,1312676,169.5623779296875,872,hit,2.1355826977093018,17.439999999999717,165.5881519449016
7,819,1314688,177.08193969726562,701,hit,2.3119942283063746,14.01999999999979,158.42483061857013
7,820,1315724,162.897216796875,762,hit,2.623670901416264,15.239999999999764,165.11016023248013
7,821,1317212,176.0952606201172,1254,hit,2.419967965835572,25.079999999999554,166.37491050538148
7,822,1317320,153.00587463378906,658,hit,4.228541460570301,13.159999999999808,155.4471762240979
7,823,1318664,8.673938751220703,1880,miss,7.22173756025232,37.60000000000028,-73.04841070836589
7,824,1320280,163.54653930664062,740,hit,3.42877787560068,14.799999999999773,163.7943466496852
7,825,1320380,163.2616424560547,792,hit,2.9071097371751717,15.839999999999751,164.25366535656616
7,826,1321752,169.0161590576172,772,hit,2.7973792335412857,15.43999999999976,163.07010429847855
7,827,1323256,174.42271423339844,744,hit,3.654810447824023,14.879999999999772,159.2535806074247
7,828,1324724,-25.477909088134766,2250,timeout,10.90785272914094,45.000000000001435,-70.41615460465509
7,829,1325340,178.1903533935547,897,hit,3.7765849041950723,17.939999999999706,172.8161437218762
7,830,1328160,163.40309143066406,1226,hit,4.005739634305701,24.519999999999566,164.6549041530357
7,831,1328784,178.3613739013672,861,hit,2.8203787219908687,17.21999999999972,167.92533726722775
7,832,1329380,41.35702133178711,2250,timeout,5.236445844940855,45.000000000001435,-60.28972514959702
7,833,1330700,156.44309997558594,1494,hit,4.8128819042767494,29.879999999999452,165.08770780479364
7,834,1332056,170.7222900390625,974,hit,2.70429928547113,19.479999999999674,172.59431476118408
7,835,1333680,173.15093994140625,745,hit,2.705821365270074,14.899999999999771,158.22308099696136
7,836,1334916,156.12591552734375,715,hit,4.860609324444822,14.299999999999784,153.0662414900664
7,837,1336564,165.2494659423828,721,hit,3.9188146227773237,14.419999999999781,156.61774732626486
7,838,1337784,3.1247901916503906,2250,timeout,9.869906250792086,45.000000000001435,-73.92403502873685
7,839,1338380,-0.01739501953125,2250,timeout,6.781833162577214,45.000000000001435,-75.65917011093313
7,840,1339032,143.62152099609375,617,hit,3.8424758811560342,12.339999999999826,155.50065490729574
7,841,1341644,165.99119567871094,965,hit,2.8479333767327226,19.299999999999677,159.93143905018954
7,842,1342960,174.66619873046875,982,hit,2.8359932409890884,19.63999999999967,172.56397229016005
7,843,1343916,-35.08816146850586,2250,timeout,14.524848637025414,45.000000000001435,-77.94337754277495
7,844,1344780,170.59568786621094,784,hit,4.2102822076702795,15.679999999999755,162.73605913234283
7,845,1346080,180.12216186523438,780,hit,1.0221129069791766,15.599999999999756,165.41186159600767
7,846,1347080,175.91395568847656,791,hit,1.5763969031181793,15.819999999999752,155.49769942066015
7,847,1347380,12.842235565185547,2250,timeout,8.72818379717014,45.000000000001435,-81.8406643961502
7,848,1348664,146.24188232421875,971,hit,4.68040836998648,19.419999999999675,157.18659009169772
7,849,1350396,152.92202758789062,754,hit,3.894735998799714,15.079999999999767,158.46231516038927
7,850,1351376,175.97222900390625,1324,hit,4.726567089412721,26.479999999999524,168.3395061954036
7,851,1351872,174.61465454101562,802,hit,1.7561463310666436,16.039999999999747,165.2123797222747
7,852,1352184,163.7987518310547,1276,hit,4.911801350179568,25.519999999999545,170.20593904738917
7,853,1354292,161.71859741210938,974,hit,2.4810130711872733,19.479999999999674,164.77112613688766
7,854,1358340,168.54550170898438,1539,hit,3.9389995472678,30.779999999999433,165.8115567710628
7,855,1359828,180.13026428222656,1384,hit,2.5970136085551454,27.6799999999995,166.75690854654033
7,856,1360376,-3.0027542114257812,2250,timeout,7.194441916236294,45.000000000001435,-84.24209530468713
7,857,1360872,12.891109466552734,2250,timeout,6.240561309417989,45.000000000001435,-73.06501095577269
7,858,1363772,163.60525512695312,725,hit,2.6093735988268207,14.49999999999978,157.30463885790226
7,859,1363856,175.56546020507812,870,hit,3.4686305285800567,17.399999999999718,167.27274794627203
7,860,1364112,161.20323181152344,1071,hit,3.72314482916119,21.419999999999632,165.91812953165825
7,861,1367340,-12.830528259277344,2250,timeout,6.923417689229908,45.000000000001435,-106.028945722571
7,862,1367440,164.3580322265625,896,hit,3.2208098820172433,17.919999999999707,170.92019385022388
7,863,1367492,163.16436767578125,930,hit,3.0298682593297297,18.599999999999692,173.77699101949167
7,864,1368832,164.0147705078125,1180,hit,4.406434364632534,23.599999999999586,163.61926850567104
7,865,1370948,156.66371154785156,864,hit,4.855051424344908,17.27999999999972,170.06574036965736
7,866,1371376,174.07553100585938,1009,hit,3.810823061231955,20.17999999999966,172.29225886339495
7,867,1373844,174.12271118164062,724,hit,3.3501498905882348,14.47999999999978,162.90512663661437
7,868,1374968,170.26864624023438,898,hit,4.639908528652288,17.959999999999706,173.43678994873204
7,869,1376440,-5.239593505859375,2250,timeout,28.190647509710775,45.000000000001435,-66.95527864859247
7,870,1376468,168.91793823242188,656,hit,1.4717190588399662,13.11999999999981,157.89305954488105
7,871,1377832,16.998550415039062,2250,timeout,7.201289469986988,45.000000000001435,-92.4920450758388
7,872,1380652,162.5151824951172,1046,hit,4.862207888325925,20.919999999999643,171.27426449575904
7,873,1382576,159.266357421875,1186,hit,2.7581345717247587,23.719999999999583,158.84216587684716
7,874,1383968,-7.511264801025391,2250,timeout,5.616212017411542,45.000000000001435,-66.56183236444718
7,875,1385320,152.35076904296875,686,hit,3.039561638375714,13.719999999999796,156.36034779505556
7,876,1385440,24.525123596191406,2250,timeout,5.816639047264466,45.000000000001435,-68.83560080454085
7,877,1387108,163.4901580810547,785,hit,3.282090222600672,15.699999999999754,162.59156283007488
7,878,1388268,162.651611328125,737,hit,4.588232542961816,14.739999999999775,162.92881568282172
7,879,1388288,12.69308090209961,1909,miss,7.486693259997061,38.18000000000037,-61.544561909719576
7,880,1388940,181.04135131835938,875,hit,3.50448965727072,17.499999999999716,168.93706103776043
7,881,1390188,166.21116638183594,770,hit,3.131034988610589,15.39999999999976,161.23810104103546
7,882,1391872,169.40988159179688,896,hit,2.0725765973177763,17.919999999999707,171.91261111408596
7,883,1391900,165.50335693359375,740,hit,3.176405625466471,14.799999999999773,159.11911538034988
7,884,1392300,175.23605346679688,1008,hit,2.2432172775108774,20.15999999999966,160.3264155544916
7,885,1393628,174.9869384765625,860,hit,2.2654827447363606,17.199999999999722,169.55115021783413
7,886,1398724,169.55386352539062,1606,hit,3.254978544516241,32.11999999999942,164.95509206016015
7,887,1398788,172.7816619873047,1722,hit,2.6067961554060646,34.439999999999785,166.12383130449132
7,888,1400872,-28.19527816772461,2250,timeout,5.351654152508526,45.000000000001435,-75.14063007517719
7,889,1402540,5.620536804199219,2228,miss,5.994628863550703,44.56000000000137,-87.57047017290054
7,890,1403008,161.6520538330078,1055,hit,4.694946627886309,21.09999999999964,160.60750911159016
7,891,1404420,168.48992919921875,1424,hit,4.153454765428903,28.47999999999948,158.54311567160585
7,892,1406244,165.45887756347656,809,hit,2.5134332898743477,16.179999999999744,170.6743138234877
7,893,1407084,33.499122619628906,1553,miss,5.940148169753391,31.059999999999427,-51.334447292049965
7,894,1409808,174.73312377929688,891,hit,1.3367900651093085,17.81999999999971,174.3751922115906
7,895,1409900,-1.8561744689941406,1840,miss,7.435881350923143,36.80000000000015,-67.73412204774753
7,896,1410072,170.03305053710938,1413,hit,2.9905247929446537,28.259999999999486,166.97492650661945
7,897,1413492,181.90969848632812,898,hit,4.168396477884736,17.959999999999706,174.48356404987823
7,898,1414412,174.82870483398438,1151,hit,4.971547505104156,23.019999999999598,161.72035399073957
7,899,1416084,10.818187713623047,2250,timeout,5.439414032889937,45.000000000001435,-90.7379697645148
7,900,1417864,-11.379890441894531,1948,miss,6.11905394142576,38.96000000000049,-89.34895711993826
7,901,1419252,174.8876953125,792,hit,1.5906478538699893,15.839999999999751,164.12088582921228
7,902,1420684,167.93186950683594,705,hit,0.951577469467016,14.099999999999788,159.3662461740878
7,903,1421836,140.6829833984375,646,hit,4.23792241318806,12.919999999999813,158.4690264425132
7,904,1422492,-19.26531982421875,2250,timeout,6.667545069633232,45.000000000001435,-108.32526612122516
7,905,1423412,5.0927581787109375,2250,timeout,5.811237688013841,45.000000000001435,-59.492552897053656
7,906,1425944,160.53433227539062,1027,hit,3.1677027401684263,20.53999999999965,156.51718420002348
7,907,1426924,142.7774658203125,1108,hit,4.535002525978607,22.159999999999616,157.48517885444315
7,908,1427104,166.81948852539062,923,hit,3.2693256237956354,18.459999999999695,171.48058770557554
7,909,1428656,163.82443237304688,678,hit,1.8312277732946365,13.5599999999998,158.1079689560731
7,910,1429684,-3.5003585815429688,2250,timeout,6.421851027810501,45.000000000001435,-91.56398015475924
7,911,1430312,164.63259887695312,847,hit,3.1864990731449456,16.939999999999728,160.0907881709498
7,912,1432068,154.98411560058594,853,hit,4.990420617558433,17.059999999999725,167.41751344997687
7,913,1432728,161.64889526367188,1406,hit,3.479477882669056,28.11999999999949,166.71562324677376
7,914,1433168,173.8013458251953,714,hit,1.2989199070953668,14.279999999999784,161.29784818585597
8,915,1436844,158.27528381347656,811,hit,3.490286873488936,16.219999999999743,167.6776861956431
8,916,1436992,166.21485900878906,848,hit,1.3947393771370589,16.959999999999727,167.88482150633428
8,917,1437776,143.94973754882812,1044,hit,4.5345831147060585,20.879999999999644,151.51743890347677
8,918,1439584,149.19725036621094,648,hit,4.373170552495325,12.959999999999813,156.4384448973512
8,919,1440272,156.3077392578125,857,hit,4.909611854080374,17.139999999999723,164.0747621638087
8,920,1442600,5.3774261474609375,2250,timeout,7.504568019632218,45.000000000001435,-73.83870073355993
8,921,1443360,167.4937286376953,772,hit,2.235016825854761,15.43999999999976,164.18945870688415
8,922,1443368,167.65847778320312,1398,hit,2.962855429274344,27.959999999999493,167.00137823171926
8,923,1444836,180.33213806152344,1313,hit,3.295460078991504,26.25999999999953,168.04342411895442
8,924,1445900,149.54754638671875,825,hit,4.490922401625449,16.499999999999737,165.10853740627607
8,925,1446028,167.69711303710938,667,hit,1.877388670928059,13.339999999999804,158.97387800982546
8,926,1446764,163.1488800048828,849,hit,3.8357562377504615,16.979999999999727,169.0680626799197
8,927,1448732,161.22323608398438,676,hit,2.1288046304617203,13.5199999999998,157.07265464979565
8,928,1451704,145.81594848632812,743,hit,4.935030143276139,14.859999999999772,158.81310041464766
8,929,1452700,151.32931518554688,1484,hit,3.97980278610805,29.679999999999456,166.098309887752
8,930,1453020,19.483154296875,1780,miss,7.598639607823301,35.599999999999966,-49.22582939312873
8,931,1453836,-36.16718673706055,2250,timeout,9.955887497222081,45.000000000001435,-79.87324104730274
8,932,1454892,179.65509033203125,797,hit,1.2882189995204107,15.939999999999749,164.94392069193356
8,933,1456672,169.03506469726562,913,hit,4.685994925462453,18.2599999999997,161.35760245552663
8,934,1456720,173.3445587158203,1005,hit,2.5377541883493415,20.09999999999966,173.32586289059032
8,935,1458120,162.41131591796875,1071,hit,3.679235078350409,21.419999999999632,161.37647947437748
8,936,1458196,163.06175231933594,826,hit,2.947214390745147,16.519999999999737,164.18307293115748
8,937,1459404,146.2769012451172,683,hit,4.0536447046989785,13.659999999999798,159.38366001627068
8,938,1459756,155.21328735351562,759,hit,3.597950385437603,15.179999999999765,159.84638905784956
8,939,1461292,161.39271545410156,774,hit,2.557771550673046,15.479999999999759,158.18138393911715
8,940,1463932,165.7178192138672,660,hit,1.6229298001693206,13.199999999999807,158.7481840384233
8,941,1464900,176.02735900878906,1374,hit,3.0154406713270556,27.479999999999503,163.34570938133027
8,942,1465476,167.1243133544922,1430,hit,4.240740412595043,28.59999999999948,169.77870896462514
8,943,1467120,6.227058410644531,2250,timeout,7.827143504369867,45.000000000001435,-65.80815819791371
8,944,1469016,172.1090087890625,885,hit,2.155685264275751,17.69999999999971,174.97200753686928
8,945,1469956,154.62586975097656,709,hit,3.970805163808762,14.179999999999787,163.49127904915164
8,946,1472244,168.79974365234375,807,hit,1.966445967192787,16.139999999999745,167.798114545259
8,947,1472932,-30.854873657226562,2250,timeout,9.488180857906094,45.000000000001435,-85.10087767949196
8,948,1473664,-10.086921691894531,2191,miss,7.3470785600018305,43.82000000000125,-105.62030847830177
8,949,1475384,176.21890258789062,1357,hit,2.9740299902690297,27.13999999999951,170.53672281265185
8,950,1475800,159.46621704101562,889,hit,3.6059781187411715,17.77999999999971,173.75674772250548
8,951,1476020,159.68597412109375,772,hit,3.760581379906258,15.43999999999976,165.84778621624372
8,952,1478808,163.14999389648438,752,hit,2.1112682630454067,15.039999999999768,162.22032899211737
8,953,1481408,181.09506225585938,1506,hit,3.1515997544992644,30.119999999999447,162.36140084098017
8,954,1482664,13.028278350830078,2250,timeout,6.373827665616509,45.000000000001435,-74.77023548491292
8,955,1485020,-11.403831481933594,2250,timeout,13.023675532945909,45.000000000001435,-84.06071902311655
8,956,1486124,26.6090087890625,1829,miss,7.143792502786325,36.58000000000012,-52.84937589290627
8,957,1486532,163.81666564941406,1281,hit,4.9152463963263795,25.619999999999543,159.89879354817398
8,958,1489468,167.56170654296875,1112,hit,3.6599667765104282,22.239999999999615,160.786840672028
8,959,1489796,169.60736083984375,918,hit,2.22571604801501,18.359999999999697,172.66284193316358
8,960,1491664,-16.97652816772461,2250,timeout,8.941138923567106,45.000000000001435,-93.92903902701592
8,961,1494588,142.9083251953125,2014,hit,3.9332073269725387,40.2800000000007,152.99041548977945
8,962,1494600,151.6100616455078,1283,hit,4.680084903916359,25.659999999999542,159.900188863572
8,963,1494928,160.40066528320312,1283,hit,3.6041776618297976,25.659999999999542,155.87958538640282
8,964,1495896,160.3191375732422,1058,hit,4.554061046512464,21.159999999999638,157.72609324771048
8,965,1497120,156.30348205566406,633,hit,2.4591973334572166,12.659999999999819,155.95394062395965
8,966,1497892,161.1239013671875,823,hit,4.666095709883676,16.459999999999738,161.7414426423632
8,967,1502176,175.83627319335938,1071,hit,2.8725590002789563,21.419999999999632,162.6481149618641
8,968,1502612,153.26559448242188,1373,hit,3.855375610936618,27.459999999999503,156.95985584750542
8,969,1503928,-13.33572006225586,2250,timeout,9.186379833876899,45.000000000001435,-103.68531691916965
8,970,1504896,6.583900451660156,2250,timeout,5.423050635745937,45.000000000001435,-71.21002935718171
8,971,1505676,171.7647705078125,766,hit,4.8228271504900215,15.319999999999762,163.33340742937796
8,972,1506824,180.0802001953125,1162,hit,3.114689047601443,23.239999999999593,164.3235037904052
8,973,1507552,167.0859375,664,hit,1.158613675319035,13.279999999999806,159.53392377717063
8,974,1507652,162.73309326171875,931,hit,4.913619622830009,18.619999999999692,173.70522588664178
8,975,1509060,154.26817321777344,846,hit,4.126865118717824,16.919999999999728,165.21167988613212
8,976,1510232,172.42323303222656,852,hit,1.5886703129087956,17.039999999999726,169.29119346412938
8,977,1511104,177.08555603027344,888,hit,1.1066370714649638,17.75999999999971,165.54712033620586
8,978,1512628,169.85159301757812,892,hit,3.4172665696610274,17.83999999999971,161.80565721324024
8,979,1514096,178.76040649414062,966,hit,2.204212289291902,19.319999999999677,171.12313323091007
8,980,1515612,158.71778869628906,746,hit,2.680733446029691,14.91999999999977,162.4846234636732
8,981,1516484,4.823657989501953,2208,miss,5.855658649825067,44.160000000001304,-87.27908745065618
8,982,1518920,166.07022094726562,827,hit,3.5499446072269425,16.539999999999736,167.68976465137004
8,983,1519340,161.39971923828125,1311,hit,4.905813636268787,26.21999999999953,156.95163258753354
8,984,1520104,4.596256256103516,2250,timeout,5.010379282984948,45.000000000001435,-78.37733073602234
8,985,1521720,174.88714599609375,700,hit,3.70393726198553,13.99999999999979,155.12354658083765
8,986,1522916,164.02951049804688,894,hit,2.3586528017770556,17.879999999999708,165.8136028881604
8,987,1523672,183.49407958984375,892,hit,1.867802175087798,17.83999999999971,170.74440919501887
8,988,1525228,163.76708984375,877,hit,3.447519793800842,17.539999999999715,170.95507484293262
8,989,1525484,20.873109817504883,2250,timeout,8.226112836956904,45.000000000001435,-71.6893164351613
8,990,1527860,148.1282958984375,658,hit,3.9734531111383715,13.159999999999808,157.1402871737941
8,991,1530604,165.79940795898438,1280,hit,4.2830254444370555,25.599999999999543,170.58133679956364
8,992,1531916,-16.316314697265625,2250,timeout,6.302946223219697,45.000000000001435,-95.48430232499979
8,993,1531992,162.0528564453125,1033,hit,3.370994377717831,20.65999999999965,165.3256124013004
8,994,1532672,-18.715564727783203,2250,timeout,7.657370410436955,45.000000000001435,-78.09337059918603
8,995,1533940,170.47682189941406,834,hit,2.1467785159020654,16.679999999999733,168.29916794413765
8,996,1535984,160.2464141845703,1017,hit,4.310623647899164,20.339999999999655,164.85497153846535
8,997,1536028,162.87986755371094,839,hit,2.828821818845229,16.77999999999973,163.75283857781218
8,998,1536924,149.0460968017578,746,hit,4.814300775550455,14.91999999999977,160.11013491583134
8,999,1536968,180.05172729492188,1244,hit,4.381291023785131,24.87999999999956,166.86819792903668
8,1000,1538736,166.61166381835938,677,hit,2.003569498627763,13.5399999999998,156.9036057296445
8,1001,1539420,164.4382781982422,859,hit,2.800692482770684,17.179999999999723,161.0717519135025
8,1002,1540208,170.39340209960938,810,hit,4.1660993518608755,16.199999999999743,164.08212644488566
8,1003,1540444,162.54150390625,880,hit,3.781172018822718,17.599999999999714,159.18395251801013
8,1004,1542956,163.49856567382812,884,hit,3.043779154949606,17.679999999999712,168.68709620161923
8,1005,1543464,164.99838256835938,1182,hit,3.912747051102925,23.639999999999585,163.71575169369027
8,1006,1543992,168.7635498046875,946,hit,2.077685882065917,18.919999999999686,172.34898321445854
8,1007,1545620,147.92420959472656,1294,hit,3.726281756082524,25.879999999999537,151.5106178355229
8,1008,1546344,178.33370971679688,847,hit,3.7999882855272396,16.939999999999728,167.67957948903847
8,1009,1546468,173.93170166015625,751,hit,3.1034852355307416,15.019999999999769,161.03696089107922
8,1010,1547580,177.37466430664062,897,hit,4.195002413059663,17.939999999999706,170.8226408966056
8,1011,1549960,169.24851989746094,904,hit,4.343247613036295,18.079999999999703,175.22810497520575
8,1012,1551100,170.54660034179688,880,hit,2.295512985992626,17.599999999999714,167.56724372178832
8,1013,1552904,159.19036865234375,736,hit,4.443238879201919,14.719999999999775,163.35005788335758
8,1014,1554540,156.53599548339844,860,hit,4.322142425413244,17.199999999999722,165.03390655319384
8,1015,1554620,14.414215087890625,2250,timeout,8.738562023800766,45.000000000001435,-67.01559536537371
8,1016,1555376,7.906261444091797,2227,miss,9.273602334062343,44.54000000000136,-86.50911769302694
8,1017,1557636,160.3492431640625,754,hit,3.1628334488168397,15.079999999999767,161.7073147292732
8,1018,1558136,145.92327880859375,690,hit,4.1929837458686725,13.799999999999795,156.4694511582594
8,1019,1558560,166.4108428955078,1005,hit,4.822770686987048,20.09999999999966,155.26466798984433
8,1020,1561904,5.5762176513671875,2250,timeout,5.3380883395694445,45.000000000001435,-58.686885645594764
8,1021,1562160,170.37100219726562,1006,hit,3.7810707191097688,20.11999999999966,170.81073714711994
8,1022,1565400,45.72624969482422,1710,miss,5.02672581931217,34.19999999999975,-34.7989349799504
8,1023,1565612,163.0835723876953,863,hit,2.940224424296455,17.25999999999972,166.4068081434266
8,1024,1566624,166.22320556640625,1180,hit,2.933960886378494,23.599999999999586,159.33345915043827
8,1025,1566636,25.296518325805664,2250,timeout,5.246612785704499,45.000000000001435,-62.16453425754296
8,1026,1569824,174.4444580078125,800,hit,2.018755625121054,15.999999999999748,170.61872769321943
8,1027,1570416,153.0782928466797,945,hit,3.385497646902124,18.899999999999686,156.72761743006296
8,1028,1574272,165.98739624023438,964,hit,4.475534245063969,19.279999999999678,170.69981524091187
8,1029,1574308,147.10372924804688,1121,hit,4.876212191655337,22.41999999999961,160.44933974115946
8,1030,1574400,-10.607772827148438,2250,timeout,7.5096903697766635,45.000000000001435,-93.5600699730377
8,1031,1574612,-9.16933822631836,2250,timeout,8.221253586894088,45.000000000001435,-92.76443484223319
8,1032,1577380,156.78517150878906,768,hit,3.994179093834671,15.359999999999761,166.6838152190814
8,1033,1578452,154.6920928955078,960,hit,3.97786560691231,19.19999999999968,161.34190554613906
8,1034,1581376,174.51382446289062,999,hit,4.536195126868225,19.979999999999663,171.77737995864362
8,1035,1582816,172.6448211669922,1091,hit,4.985380946471837,21.819999999999624,166.35605006318647
8,1036,1583272,-22.525218963623047,2250,timeout,9.017265773367694,45.000000000001435,-70.88479377955316
8,1037,1583400,2.81103515625,2250,timeout,6.499406419817386,45.000000000001435,-62.69285181547523
8,1038,1586404,160.37332153320312,751,hit,2.809492878075131,15.019999999999769,160.2244462824469
8,1039,1586536,164.5482635498047,1290,hit,4.034923429418449,25.79999999999954,169.36925971798343
8,1040,1586948,157.8311767578125,919,hit,3.800042131905696,18.379999999999697,168.18515719614072
8,1041,1589896,168.58763122558594,873,hit,1.983541105005843,17.459999999999717,169.25255411294575
8,1042,1590304,166.47006225585938,942,hit,4.2318714118630805,18.839999999999687,171.75528071552162
8,1043,1590948,-16.737239837646484,2033,miss,6.747171872607138,40.66000000000076,-78.19009432415812
8,1044,1591748,164.90011596679688,1200,hit,4.477466513290635,23.999999999999577,158.75581417009587
8,1045,1593688,179.66964721679688,948,hit,1.2284781366180215,18.959999999999685,171.81593321766772
8,1046,1594220,156.37620544433594,818,hit,4.95288637183269,16.35999999999974,163.54699098107008
8,1047,1594236,156.6158447265625,983,hit,3.6579475952029727,19.65999999999967,164.08468835270958
8,1048,1596572,157.1884765625,721,hit,3.046505137784196,14.419999999999781,160.5055935025266
8,1049,1596952,156.1147918701172,679,hit,2.2836845870995477,13.5799999999998,155.4371039262586
8,1050,1598304,170.87022399902344,1021,hit,3.307100567175865,20.419999999999654,168.7356779210482
8,1051,1600584,185.1817626953125,908,hit,0.6029291930687397,18.1599999999997,170.82961470264564
8,1052,1600748,0.6489677429199219,2250,timeout,5.299138323443421,45.000000000001435,-103.03524932838538
8,1053,1604260,167.3936004638672,878,hit,4.476447927298981,17.559999999999715,167.88226125323536
8,1054,1604848,173.98892211914062,1066,hit,4.823114677166161,21.319999999999634,173.20485877994878
8,1055,1605572,-30.695289611816406,2250,timeout,5.172575191412012,45.000000000001435,-80.4989279726632
8,1056,1607304,-34.329856872558594,2250,timeout,19.64416687538735,45.000000000001435,-70.83077082592101
8,1057,1608524,168.62530517578125,919,hit,4.452865728948284,18.379999999999697,172.35246715184348
8,1058,1610164,154.4391632080078,1148,hit,4.316997295276633,22.9599999999996,163.39261813213372
8,1059,1610368,168.68988037109375,766,hit,2.057475039319872,15.319999999999762,159.76587782103346
8,1060,1613260,13.543115615844727,2250,timeout,13.648823124173962,45.000000000001435,-74.45904888165705
8,1061,1613648,169.662841796875,820,hit,1.5932634367533294,16.39999999999974,166.1375629796143
8,1062,1616752,177.06076049804688,873,hit,1.0568403416947647,17.459999999999717,168.64788402463643
8,1063,1617524,32.0916748046875,2250,timeout,5.467156705405098,45.000000000001435,-66.8638909545146
8,1064,1619164,17.852062225341797,2250,timeout,5.556402999654341,45.000000000001435,-95.3359748543588
8,1065,1621032,163.24093627929688,877,hit,3.4249033060652136,17.539999999999715,168.1311663592922
8,1066,1622648,-11.729305267333984,2250,timeout,5.243053501640813,45.000000000001435,-61.981147982495585
8,1067,1623780,150.77780151367188,687,hit,4.906682787760887,13.739999999999796,155.2603017243809
8,1068,1625752,-4.64947509765625,2250,timeout,6.4789376309496385,45.000000000001435,-101.55930110052464
8,1069,1628164,-16.302173614501953,2250,timeout,9.56677045168359,45.000000000001435,-79.14944951405133
8,1070,1628376,162.22976684570312,1149,hit,3.3062616771168414,22.9799999999996,151.37712862578158
8,1071,1630832,160.4012908935547,667,hit,3.8625082665322963,13.339999999999804,156.11161393064538
8,1072,1631648,-38.153724670410156,2250,timeout,8.225889234689298,45.000000000001435,-82.79887696235373
8,1073,1632312,158.98983764648438,984,hit,4.4836729355801905,19.67999999999967,170.7881421212988
8,1074,1634128,171.6836395263672,824,hit,4.934348960764931,16.479999999999738,163.18418920264872
8,1075,1634732,157.9862060546875,771,hit,3.7263624695767885,15.41999999999976,164.50330740263166
8,1076,1634752,-8.727542877197266,2250,timeout,5.652318209616381,45.000000000001435,-97.14276822328762
8,1077,1635840,183.6354217529297,882,hit,0.665180217725113,17.639999999999713,169.44357923006595
8,1078,1637928,165.96177673339844,794,hit,2.3846711047151965,15.87999999999975,161.56474928235122
