checkpoint,episode,total_timesteps,episode_reward,episode_length,outcome,min_range_m,final_time_s,legacy_episode_reward
1,1,7864,-26.0194149017334,1966,miss,1501.5583904139244,39.32000000000055,-140.74662548353731
1,2,8640,-3.402067184448242,2160,miss,1104.9133535073775,43.200000000001154,-110.37058290714104
1,3,9000,-30.859846115112305,2250,timeout,1493.5632360275004,45.000000000001435,-127.69096625347703
1,4,9000,-18.377187728881836,2250,timeout,1503.4827640890887,45.000000000001435,-110.92151061441692
1,5,16376,-5.0192060470581055,2128,miss,1012.5398019117154,42.560000000001054,-97.42256197288548
1,6,17136,-11.626127243041992,2124,miss,1253.6090175092504,42.48000000000104,-86.02586015654623
1,7,18000,-11.123540878295898,2250,timeout,1314.4528844661306,45.000000000001435,-112.17402018391178
1,8,18000,24.85933494567871,2250,timeout,144.79510555849632,45.000000000001435,-110.91499612891347
1,9,23684,2.2299423217773438,1827,miss,770.3574688846602,36.54000000000011,-93.09137793480161
1,10,25000,11.398868560791016,1750,miss,478.897689831536,34.99999999999987,-97.85365186725691
1,11,25128,-16.769432067871094,1998,miss,1407.085429045665,39.96000000000065,-118.92258323952379
1,12,25364,7.455926895141602,1841,miss,420.45094783503663,36.82000000000016,-97.10414093211853
1,13,32024,-6.170019149780273,2085,miss,886.9502379309386,41.70000000000092,-137.81937744969943
1,14,32540,-1.6508703231811523,1853,miss,1085.7107769585857,37.060000000000194,-111.88080784015028
1,15,32692,2.344667434692383,1832,miss,760.6594196983859,36.64000000000013,-121.03252990327066
1,16,32888,-4.425830841064453,1972,miss,938.5765088013738,39.440000000000566,-94.56037122299516
1,17,39156,21.146202087402344,1654,miss,208.63850151840202,33.07999999999957,-56.46042171942507
1,18,39224,30.64984130859375,1800,miss,7.175568831024663,36.00000000000003,-54.48579092516265
1,19,41396,21.002601623535156,2127,miss,305.6853867354446,42.54000000000105,-82.97591329253731
1,20,41692,-9.816709518432617,2250,timeout,1170.4718900370533,45.000000000001435,-88.21109745771223
1,21,48024,1.9399185180664062,2217,miss,862.3636822297642,44.34000000000133,-94.81376443017315
1,22,48224,11.417953491210938,2250,timeout,141.12333305116803,45.000000000001435,-79.00007755821962
1,23,48948,21.459341049194336,1888,miss,211.04413769740123,37.7600000000003,-90.76659792538707
1,24,50332,9.369216918945312,2160,miss,36.401918052482394,43.200000000001154,-117.84295509430368
1,25,55376,7.1403679847717285,1788,miss,485.69956806796813,35.75999999999999,-69.63272786929188
1,26,57024,12.554102897644043,2250,timeout,406.0611086216619,45.000000000001435,-90.97630451572056
1,27,57664,6.154720306396484,2179,miss,573.0375326549815,43.58000000000121,-84.07326776414124
1,28,58096,21.333995819091797,1941,miss,178.2643228875764,38.82000000000047,-70.9524314870218
1,29,64376,22.718896865844727,2250,timeout,53.04292906193314,45.000000000001435,-63.079526033107655
1,30,66024,17.33022117614746,2250,timeout,155.05826458028972,45.000000000001435,-75.17778391474926
1,31,66664,12.95674991607666,2250,timeout,140.80928391359524,45.000000000001435,-79.37174374288708
1,32,67096,20.545400619506836,2250,timeout,26.34733552865657,45.000000000001435,-80.01978856657783
1,33,72188,26.045408248901367,1953,miss,9.750832915230104,39.06000000000051,-60.61686967249851
1,34,73172,16.11463165283203,1627,miss,12.735290568902467,32.53999999999949,-63.37690820099076
1,35,73788,28.329320907592773,1941,miss,23.442143852150643,38.82000000000047,-76.89721738366869
1,36,75092,12.191167831420898,1999,miss,46.6538107659213,39.98000000000065,-74.86268289621077
1,37,81064,18.522972106933594,1819,miss,26.83184673705999,36.38000000000009,-79.54263417722103
1,38,81188,26.592117309570312,2250,timeout,20.04131759563844,45.000000000001435,-77.45535893606343
1,39,81684,15.571346282958984,2128,miss,6.686893879622099,42.560000000001054,-78.08730795896548
1,40,82884,26.957935333251953,1948,miss,18.206203706985708,38.96000000000049,-69.24814986588275
1,41,90064,18.51104736328125,2250,timeout,28.724873617640284,45.000000000001435,-82.07494379703245
1,42,90188,22.361021041870117,2250,timeout,5.121664004477328,45.000000000001435,-61.424416711431704
1,43,90684,18.419965744018555,2250,timeout,17.148820499034134,45.000000000001435,-75.38733520432017
1,44,91884,11.648998260498047,2250,timeout,10.458703630456192,45.000000000001435,-82.35237908534668
1,45,98552,4.707406997680664,1967,miss,14.606976834297583,39.34000000000055,-65.95139382572334
1,46,98920,13.823144912719727,2183,miss,23.373399120450554,43.660000000001226,-75.7716723694589
1,47,99064,21.517305374145508,2250,timeout,9.416143050398457,45.000000000001435,-85.00793651563114
1,48,100884,9.6162109375,2250,timeout,79.42417221906476,45.000000000001435,-107.80006557133949
1,49,106432,21.218448638916016,1878,miss,10.120207507854351,37.56000000000027,-92.76048870856528
1,50,107552,22.51736831665039,2250,timeout,17.233328921948903,45.000000000001435,-66.03532727412212
1,51,108064,12.20942497253418,2250,timeout,23.732905833665903,45.000000000001435,-82.69142266632058
1,52,108200,19.467121124267578,1829,miss,7.639184683914118,36.58000000000012,-88.11773677733181
1,53,113976,25.24799156188965,1886,miss,10.803807377171715,37.7200000000003,-83.13498869526501
1,54,115676,13.80000114440918,2031,miss,8.413023926023145,40.62000000000075,-90.73025229628733
1,55,115732,26.393884658813477,1883,miss,12.66606563254405,37.66000000000029,-97.30489151281357
1,56,115764,25.87935447692871,1925,miss,6.035774420161337,38.50000000000042,-69.3846743524493
1,57,120384,130.9164581298828,1155,hit,4.500784354167856,23.099999999999596,160.06825991721308
1,58,121508,10.573667526245117,1883,miss,20.00275148855191,37.66000000000029,-93.75122723889544
1,59,122716,10.480731964111328,1746,miss,6.441354618383589,34.91999999999986,-86.24901832270936
1,60,122888,5.571907043457031,1803,miss,7.293081459177929,36.06000000000004,-76.58684875996306
1,61,127196,131.1805419921875,1422,hit,4.383964504705515,28.439999999999483,151.700529211512
1,62,127528,21.352283477783203,1786,miss,10.51974191879249,35.719999999999985,-83.05444043057348
1,63,129456,22.052526473999023,1685,miss,9.409705371678315,33.69999999999967,-65.15220714709389
1,64,130044,15.242855072021484,1789,miss,5.542721861293848,35.779999999999994,-93.161410862
1,65,136196,16.366607666015625,2250,timeout,12.636002284264501,45.000000000001435,-70.9171145045463
1,66,136528,2.7900924682617188,2250,timeout,8.969607678804032,45.000000000001435,-82.26623004969098
1,67,137428,20.69344711303711,1846,miss,7.256353638425068,36.92000000000017,-87.92353355461563
1,68,138456,19.775833129882812,2250,timeout,7.881143107486159,45.000000000001435,-94.95237671072955
1,69,141352,121.80852508544922,981,hit,3.8370713535048333,19.61999999999967,144.75388119135047
1,70,144368,19.139862060546875,2043,miss,7.140126675790919,40.86000000000079,-61.99629732593516
1,71,145284,19.443389892578125,1707,miss,7.549523421504302,34.13999999999974,-90.4167863504635
1,72,145528,10.642314910888672,2250,timeout,20.30645076105129,45.000000000001435,-98.09678476416028
1,73,148488,24.355323791503906,1784,miss,5.630781099873154,35.67999999999998,-52.66862545132022
1,74,151244,26.37552261352539,1719,miss,21.597729191298075,34.379999999999775,-48.787386647739666
1,75,153516,20.170286178588867,2058,miss,38.54280766932852,41.160000000000835,-84.8862844792762
1,76,154528,11.472465515136719,2250,timeout,29.79811843968129,45.000000000001435,-63.09120019691739
1,77,156392,20.929494857788086,1976,miss,60.32199812864876,39.52000000000058,-75.63589789256345
1,78,158908,26.81599998474121,1916,miss,11.174625837831325,38.32000000000039,-76.96473322598943
1,79,160436,129.28529357910156,1477,hit,4.279313302346987,29.53999999999946,153.15467265116558
1,80,160892,21.249536514282227,1844,miss,5.137870756207581,36.880000000000166,-86.0648862819941
1,81,164172,131.66024780273438,1316,hit,4.9005886891349775,26.319999999999528,155.2272156450172
1,82,165392,-0.1157379150390625,2250,timeout,10.038169834737904,45.000000000001435,-90.39935497401785
1,83,165520,129.8571014404297,1157,hit,3.783478073835196,23.139999999999596,150.92634026616668
1,84,168828,21.244836807250977,2098,miss,14.699791423554215,41.96000000000096,-75.62687244263023
1,85,172876,27.16785430908203,1839,miss,11.180055306144514,36.78000000000015,-51.30663147844152
1,86,173172,16.766265869140625,2250,timeout,5.984863759836522,45.000000000001435,-75.16858270507025
1,87,174392,11.371538162231445,2250,timeout,23.23205176364353,45.000000000001435,-64.26289440624569
1,88,176940,133.36358642578125,1016,hit,4.162292779193886,20.319999999999656,164.08018740947722
1,89,177828,17.552967071533203,2250,timeout,9.753350211819752,45.000000000001435,-87.48357943604995
1,90,180560,11.272735595703125,1847,miss,18.10288504936494,36.940000000000175,-100.21348537863318
1,91,181284,8.385345458984375,1723,miss,17.287205034121648,34.45999999999979,-99.86406789782929
1,92,182852,133.6490478515625,1478,hit,4.214850213475082,29.55999999999946,155.2989544867031
1,93,184796,135.09683227539062,878,hit,4.144231852817882,17.559999999999715,164.11586283032287
1,94,185392,18.972654342651367,1891,miss,6.0540824659902714,37.82000000000031,-95.09830564165658
1,95,186120,132.51300048828125,817,hit,4.7634874026970815,16.33999999999974,157.23121507590665
1,96,189560,12.720727920532227,2250,timeout,5.488472979782057,45.000000000001435,-59.6579451619365
1,97,193796,5.537615776062012,2250,timeout,11.023841560699182,45.000000000001435,-74.8706514738858
1,98,193912,10.520511627197266,1948,miss,13.060103895941836,38.96000000000049,-91.9178285086749
1,99,194392,12.265083312988281,2250,timeout,13.576016625583984,45.000000000001435,-77.71280075531071
1,100,198560,12.310321807861328,2250,timeout,33.25305064339056,45.000000000001435,-80.64255088734794
1,101,201184,23.034154891967773,1847,miss,28.253956559764333,36.940000000000175,-75.32830631635254
1,102,202912,16.83197593688965,2250,timeout,6.033729057965773,45.000000000001435,-74.98829943835244
1,103,203392,9.590625762939453,2250,timeout,7.032531027673529,45.000000000001435,-79.88893728264682
2,104,208516,125.97946166992188,929,hit,4.632151404506954,18.579999999999693,146.98221241360403
2,105,211584,22.546052932739258,1696,miss,8.22699505358488,33.9199999999997,-63.3000130980586
2,106,212128,15.839363098144531,1832,miss,11.386254594350882,36.64000000000013,-83.98295506764238
2,107,213800,-6.204978942871094,2250,timeout,14.743319412163082,45.000000000001435,-83.6914758254622
2,108,217516,12.963064193725586,2250,timeout,5.704162869107113,45.000000000001435,-70.93325112057664
2,109,218904,19.812950134277344,1830,miss,5.108216517543787,36.60000000000012,-71.6692565886564
2,110,219356,127.53829193115234,1389,hit,2.987427080114762,27.779999999999497,152.10280685213962
2,111,219796,7.818996429443359,1917,miss,24.85738334884737,38.340000000000394,-100.68746430860146
2,112,224744,13.293092727661133,1807,miss,19.812446929541593,36.14000000000005,-92.26432636800678
2,113,226992,13.341245651245117,2022,miss,21.937143061388092,40.44000000000072,-75.05731787232698
2,114,227216,13.953433990478516,1965,miss,34.58719065506794,39.300000000000544,-91.67521207192438
2,115,228796,0.54840087890625,2250,timeout,13.537956685189302,45.000000000001435,-82.39576100047464
2,116,233132,17.330930709838867,2097,miss,15.29018446080728,41.94000000000096,-73.50394062012387
2,117,235992,13.626819610595703,2250,timeout,12.76172398754339,45.000000000001435,-84.9626515664525
2,118,236056,22.878562927246094,1815,miss,10.55837931156711,36.300000000000075,-84.02345549421676
2,119,236216,-10.836185455322266,2250,timeout,10.4407877675633,45.000000000001435,-76.09142464160009
2,120,239596,134.27232360839844,901,hit,3.295031417250745,18.019999999999705,163.9061199823036
2,121,241452,18.986957550048828,2080,miss,24.484398387760383,41.600000000000904,-77.79495564806206
2,122,245056,2.456439971923828,2250,timeout,23.59151836473303,45.000000000001435,-77.27497028993014
2,123,245216,9.872982025146484,2250,timeout,22.04789397119713,45.000000000001435,-86.3227528041219
2,124,248396,13.755659103393555,2200,miss,7.57744024494874,44.00000000000128,-113.506578956102
2,125,250452,7.557634353637695,2250,timeout,31.366919505794353,45.000000000001435,-67.2439973637947
2,126,252700,23.188095092773438,1871,miss,5.221179891169238,37.42000000000025,-78.13709531707984
2,127,253192,10.184110641479492,2034,miss,32.20044171700805,40.68000000000076,-87.7602581052734
2,128,255492,120.19575500488281,1260,hit,4.834538267803022,25.19999999999955,144.80738121233793
2,129,257120,16.037700653076172,2181,miss,8.383036019774822,43.62000000000122,-80.9524412870973
2,130,260244,21.639198303222656,1886,miss,11.658558635136577,37.7200000000003,-84.38802937401921
2,131,260484,16.82337188720703,1823,miss,9.800816490765524,36.4600000000001,-65.20215638308935
2,132,260816,129.80140686035156,924,hit,3.9758272126992824,18.479999999999695,159.12779324316568
2,133,262840,26.461151123046875,1837,miss,12.532389876989265,36.740000000000144,-76.26164483993315
2,134,268096,12.879135131835938,1903,miss,8.691950289875072,38.06000000000035,-78.82746608140613
2,135,269244,11.92732048034668,2250,timeout,9.820001701094826,45.000000000001435,-65.11368829526089
2,136,269816,21.155427932739258,2250,timeout,5.275689172985301,45.000000000001435,-65.18336238035039
2,137,270128,17.903968811035156,1822,miss,16.688844227217906,36.4400000000001,-79.13868195170792
2,138,273412,127.73403930664062,821,hit,3.6774266098717683,16.41999999999974,152.07291013092666
2,139,277096,11.159065246582031,2250,timeout,22.453834365463155,45.000000000001435,-69.74625495280624
2,140,277160,6.1084136962890625,1836,miss,16.880694627842228,36.72000000000014,-93.4356939734259
2,141,278244,4.328090667724609,2250,timeout,18.715408822052417,45.000000000001435,-63.79224040048391
2,142,282412,17.20599937438965,2250,timeout,11.948003264458226,45.000000000001435,-79.7081235396842
2,143,284812,23.077335357666016,1913,miss,7.902801307024628,38.26000000000038,-68.0724874273524
2,144,286096,3.2109909057617188,2250,timeout,10.923989574790363,45.000000000001435,-95.08571108286867
2,145,287244,-2.904285430908203,2250,timeout,6.694829951127795,45.000000000001435,-79.57993050453754
2,146,291004,13.466354370117188,2148,miss,8.76839283601071,42.960000000001116,-70.20071055529993
2,147,292764,5.381778717041016,1988,miss,5.767541793517554,39.760000000000616,-89.11467716847616
2,148,295096,8.23337173461914,2250,timeout,6.152517752311981,45.000000000001435,-82.19239997516812
2,149,296020,7.023872375488281,2194,miss,7.296089833466407,43.88000000000126,-82.2219100836003
2,150,300004,24.92155647277832,2250,timeout,12.784290416149599,45.000000000001435,-63.57405910257777
2,151,301764,14.579124450683594,2250,timeout,5.769980416353386,45.000000000001435,-71.7272753788151
2,152,304096,7.40521240234375,2250,timeout,17.739796059706308,45.000000000001435,-84.14167214358483
2,153,305020,5.379505157470703,2250,timeout,30.238909734981558,45.000000000001435,-89.62892874275849
2,154,305180,133.65184020996094,854,hit,4.722007543693838,17.079999999999725,163.96865100919337
2,155,308508,0.5669822692871094,2126,miss,7.651034601395302,42.52000000000105,-90.17224472458571
2,156,308600,133.324951171875,895,hit,4.561403857915583,17.899999999999707,165.63331306071763
2,157,313096,-1.3217201232910156,2250,timeout,14.756075759156314,45.000000000001435,-69.9841044492023
2,158,313620,9.772151947021484,2110,miss,19.643289968486037,42.200000000001,-70.46684312799908
2,159,317508,-3.8872604370117188,2250,timeout,11.258947501712722,45.000000000001435,-79.56838571789194
2,160,317600,4.875343322753906,2250,timeout,11.594187951474938,45.000000000001435,-65.1380688450487
2,161,319988,129.8677215576172,1592,hit,4.689845475758339,31.83999999999941,147.68111903454306
2,162,322096,-6.120750427246094,2250,timeout,7.046404008720195,45.000000000001435,-64.17371798851617
2,163,326488,0.3860015869140625,2222,miss,10.36022552443963,44.44000000000135,-76.46793743213081
2,164,326508,-4.392585754394531,2250,timeout,47.32279034111532,45.000000000001435,-81.3756950510657
2,165,328988,2.7923583984375,2250,timeout,14.665251678036244,45.000000000001435,-99.6912368521219
2,166,331096,5.282541275024414,2250,timeout,57.5073556571095,45.000000000001435,-65.72181737575988
2,167,332512,134.9869842529297,881,hit,4.1313693778663865,17.619999999999713,160.12863775446493
2,168,335244,6.205425262451172,2189,miss,12.759038716357363,43.780000000001245,-68.46431465808185
2,169,335508,-4.594249725341797,2250,timeout,19.62508850409401,45.000000000001435,-71.39901253211482
2,170,338660,127.78739166259766,854,hit,4.673406372462719,17.079999999999725,156.33157467257845
2,171,339052,127.95448303222656,886,hit,2.668616677104927,17.71999999999971,164.23474341288806
2,172,340096,2.2342071533203125,2250,timeout,10.939532412318242,45.000000000001435,-70.67276715118815
2,173,341236,6.688507080078125,2181,miss,13.970298402902596,43.62000000000122,-67.65797630524217
2,174,347416,-4.440238952636719,2189,miss,21.114094567002606,43.780000000001245,-89.17638570704324
2,175,348052,-8.063667297363281,2250,timeout,13.718173642128983,45.000000000001435,-88.04103345664342
2,176,348636,5.842399597167969,2135,miss,8.252283215654534,42.700000000001076,-67.34075573893873
2,177,350236,-4.4027862548828125,2250,timeout,5.671337318531852,45.000000000001435,-68.66434754899062
2,178,351828,132.49005126953125,944,hit,4.489598013231991,18.879999999999686,165.06648424842234
2,179,353060,129.61207580566406,1106,hit,4.537447372062997,22.119999999999617,153.52953696870995
2,180,356416,-5.248523712158203,2250,timeout,9.673043340024945,45.000000000001435,-65.31762224130955
2,181,359236,-2.5128135681152344,2250,timeout,23.68121596680241,45.000000000001435,-76.94120746972494
2,182,360512,0.5370559692382812,2171,miss,7.588934998796116,43.42000000000119,-76.19836216727394
2,183,362060,3.901702880859375,2250,timeout,5.595248689330552,45.000000000001435,-81.9561740538303
2,184,363208,92.52799224853516,1698,hit,4.685303901324379,33.95999999999971,132.34395114075363
2,185,368236,-0.7784271240234375,2250,timeout,12.864891855239769,45.000000000001435,-76.24813057805866
2,186,369512,-0.23469924926757812,2250,timeout,17.80192736888072,45.000000000001435,-84.72074026504387
2,187,371060,9.747175216674805,2250,timeout,10.902812307427794,45.000000000001435,-64.98169087585677
2,188,372148,5.295902252197266,2235,miss,12.109995356450971,44.70000000000139,-64.43848246837372
2,189,375544,127.9509048461914,1508,hit,3.2190881135328966,30.159999999999446,151.87623723900748
2,190,375588,132.66473388671875,860,hit,4.832859511901819,17.199999999999722,164.69973523000914
2,191,377048,4.977710723876953,2203,miss,5.705848285506797,44.06000000000129,-67.04376325254773
2,192,378560,130.3262939453125,743,hit,4.464851224986163,14.859999999999772,152.2506284073995
2,193,380060,-2.7166671752929688,2250,timeout,12.663441442742958,45.000000000001435,-87.03231580136277
2,194,384544,25.73125648498535,2250,timeout,12.441635013805536,45.000000000001435,-62.0397690944192
2,195,386048,16.449050903320312,2250,timeout,5.749163907733754,45.000000000001435,-76.16137586498124
2,196,387560,5.37999153137207,2250,timeout,20.224344213459887,45.000000000001435,-72.33785408300848
2,197,389060,23.446985244750977,2250,timeout,7.062422169927183,45.000000000001435,-57.40866249959998
2,198,391464,117.07978057861328,1354,hit,4.653230001383502,27.07999999999951,142.65492967869386
2,199,391672,-2.471912384033203,1782,miss,10.64133138078553,35.63999999999997,-73.14036191756938
2,200,392560,104.780029296875,1250,hit,3.8640252624501494,24.999999999999556,140.651912409002
2,201,393136,117.5011978149414,1019,hit,4.39388099153557,20.379999999999654,146.4596961562738
2,202,394648,131.55099487304688,796,hit,4.925316259963556,15.91999999999975,158.18185331270973
2,203,400672,-12.900527954101562,2250,timeout,8.187115774406998,45.000000000001435,-91.57423255516542
2,204,401560,8.641328811645508,2250,timeout,7.639295372276081,45.000000000001435,-67.55628060292815
2,205,402136,8.156457901000977,2250,timeout,9.943829755723561,45.000000000001435,-79.30885454703213
2,206,403648,-0.8062744140625,2250,timeout,17.172099743995453,45.000000000001435,-84.76656479506784
3,207,417316,-7.620048522949219,1929,miss,7.854125736652533,38.58000000000043,-79.72785351680464
3,208,418600,3.7168846130371094,2250,timeout,16.94362158067016,45.000000000001435,-74.46758077374838
3,209,418600,6.585478782653809,2250,timeout,10.452063501486975,45.000000000001435,-62.560884254068874
3,210,418600,-0.3746337890625,2250,timeout,13.872815272388745,45.000000000001435,-87.41623897575798
3,211,422120,134.569580078125,880,hit,4.892170754077167,17.599999999999714,157.7427868840886
3,212,424308,127.58654022216797,1427,hit,4.891874593321156,28.53999999999948,146.66318267507006
3,213,424472,126.51609802246094,1468,hit,4.1655934996161,29.359999999999463,148.62534752480983
3,214,426316,-4.967845916748047,2250,timeout,5.855482282166061,45.000000000001435,-73.6091751604024
3,215,426920,126.89014434814453,1200,hit,4.209555843651122,23.999999999999577,147.38610604648625
3,216,433308,2.869152069091797,2250,timeout,49.54667230750213,45.000000000001435,-71.42892489283466
3,217,433472,8.074481964111328,2250,timeout,8.03337575750574,45.000000000001435,-94.37296413174428
3,218,435316,-0.6905097961425781,2250,timeout,21.225489490274455,45.000000000001435,-67.83399586453038
3,219,435920,0.8291721343994141,2250,timeout,11.440346238891623,45.000000000001435,-71.33594858215568
3,220,440572,128.6387176513672,1314,hit,4.453871404070753,26.27999999999953,156.86059148141157
3,221,441992,5.157672882080078,2130,miss,5.812521838572833,42.60000000000106,-96.77020165795821
3,222,442300,0.5262985229492188,2248,miss,27.87769498713428,44.96000000000143,-84.25134193927897
3,223,444920,3.9113845825195312,2250,timeout,14.900529100228,45.000000000001435,-106.25934505416983
3,224,446760,131.73338317871094,1115,hit,4.7714010470923105,22.299999999999613,152.420834172795
3,225,447548,25.4910888671875,1744,miss,10.799744539251172,34.87999999999985,-54.0649923440106
3,226,449804,126.23609924316406,1221,hit,4.269514582192431,24.41999999999957,145.16706116283345
3,227,450992,25.488882064819336,2250,timeout,11.700580367557771,45.000000000001435,-60.96698230461158
3,228,453124,125.38353729248047,1394,hit,4.176600267371733,27.879999999999495,147.97692722594144
3,229,455760,14.754375457763672,2250,timeout,7.240071487580586,45.000000000001435,-81.59380553627088
3,230,457844,122.20735931396484,1180,hit,4.886078875952356,23.599999999999586,146.988003733703
3,231,458804,10.532086372375488,2250,timeout,6.2351375691382165,45.000000000001435,-68.8640533295555
3,232,459992,0.8571319580078125,2250,timeout,7.1985583777918905,45.000000000001435,-76.158988879335
3,233,464760,9.278877258300781,2250,timeout,7.563651983821848,45.000000000001435,-88.22981135215967
3,234,466844,-0.5598297119140625,2250,timeout,5.149307821625576,45.000000000001435,-97.87750261077232
3,235,467804,-7.785495758056641,2250,timeout,5.048723904232866,45.000000000001435,-79.88120130260273
3,236,468992,-4.6760358810424805,2250,timeout,8.232676428361122,45.000000000001435,-74.5752725111186
3,237,473760,6.152561187744141,2250,timeout,6.785551890183686,45.000000000001435,-69.73589867378038
3,238,473892,126.98033142089844,1225,hit,4.965084111343382,24.499999999999567,147.00344824522773
3,239,475844,12.897951126098633,2250,timeout,8.291013866757774,45.000000000001435,-81.14089315197579
3,240,476804,11.249750137329102,2250,timeout,8.214680604294976,45.000000000001435,-84.24579093528928
3,241,481008,121.07058715820312,1051,hit,4.36487056053065,21.01999999999964,146.18088074976484
3,242,482144,20.64328384399414,2096,miss,7.563304483696048,41.920000000000954,-68.5665355676247
3,243,482892,-2.8299903869628906,2250,timeout,8.5319833321599,45.000000000001435,-94.02660420263459
3,244,484844,-5.460823059082031,2250,timeout,11.381462004264534,45.000000000001435,-75.6827591243473
3,245,486192,131.96609497070312,1296,hit,4.379512304952882,25.919999999999536,158.90544282945876
3,246,491144,-6.513874053955078,2250,timeout,6.7849951921541685,45.000000000001435,-67.25107966030781
3,247,491892,5.36895751953125,2250,timeout,11.947510065747682,45.000000000001435,-84.29101103564757
3,248,493844,5.432193756103516,2250,timeout,11.400330572394722,45.000000000001435,-77.90972439484739
3,249,495192,-4.773580551147461,2250,timeout,9.999973857031751,45.000000000001435,-75.66113094869792
3,250,496780,128.96875,734,hit,4.844486698539609,14.679999999999776,157.34114368718292
3,251,500144,-18.396747589111328,2250,timeout,20.03041897940408,45.000000000001435,-86.51893847638743
3,252,500892,-12.552131652832031,2250,timeout,8.881898942100765,45.000000000001435,-95.52721519798335
3,253,504192,-5.072040557861328,2250,timeout,17.940809630674885,45.000000000001435,-113.39132064489705
3,254,505780,-25.91366195678711,2250,timeout,19.126653108103437,45.000000000001435,-80.78801602523065
3,255,508592,5.830844879150391,1925,miss,5.25621151874487,38.50000000000042,-79.28878959589484
3,256,509144,-1.9613723754882812,2250,timeout,7.738958747103855,45.000000000001435,-74.20205334901938
3,257,513192,-11.575603485107422,2250,timeout,15.704801980949448,45.000000000001435,-81.31061738054112
3,258,513944,130.90626525878906,1338,hit,2.617478657651562,26.75999999999952,158.59774747867795
3,259,514780,10.372164726257324,2250,timeout,5.473797666152862,45.000000000001435,-66.24758514274598
3,260,517176,123.1086654663086,996,hit,4.284201597287395,19.919999999999664,149.85873904239025
3,261,518144,6.342090606689453,2250,timeout,7.886963827689273,45.000000000001435,-74.86423564343403
3,262,522944,-10.61721420288086,2250,timeout,6.404379057313909,45.000000000001435,-103.15971978478316
3,263,523780,9.838107109069824,2250,timeout,6.052909539742713,45.000000000001435,-72.41316736253191
3,264,526176,-18.085472106933594,2250,timeout,22.251837334523234,45.000000000001435,-91.13625663204277
3,265,527144,-9.272624969482422,2250,timeout,19.486871359538444,45.000000000001435,-80.90755581595536
3,266,531944,2.8886585235595703,2250,timeout,13.445002315414257,45.000000000001435,-76.94600153991834
3,267,532780,-10.053997039794922,2250,timeout,7.823570359888357,45.000000000001435,-86.87025008766568
3,268,533304,24.85700035095215,1782,miss,5.61144685126401,35.63999999999997,-51.3425549300265
3,269,536144,-7.998847961425781,2250,timeout,14.877751226419397,45.000000000001435,-88.36442262819436
3,270,540944,-8.600475311279297,2250,timeout,6.765534137104375,45.000000000001435,-77.67901670026518
3,271,541780,6.862100601196289,2250,timeout,6.644984004958795,45.000000000001435,-64.09616668071607
3,272,542304,-21.394466400146484,2250,timeout,12.044524989769354,45.000000000001435,-83.2885151670783
3,273,545144,-9.061965942382812,2250,timeout,7.126196178730131,45.000000000001435,-85.8889340533383
3,274,548756,9.488042831420898,1953,miss,12.298593425313612,39.06000000000051,-67.98480030475378
3,275,548864,-2.5311012268066406,1640,miss,10.053301329151136,32.79999999999953,-65.07734597749663
3,276,550780,-19.511505126953125,2250,timeout,12.056721458494284,45.000000000001435,-96.22574464689623
3,277,554144,-1.7876472473144531,2250,timeout,10.377582614309752,45.000000000001435,-70.77862139110692
3,278,557756,-11.507747650146484,2250,timeout,7.488490666913229,45.000000000001435,-89.52094668900028
3,279,557864,-8.859016418457031,2250,timeout,7.124806540647758,45.000000000001435,-73.79825717980853
3,280,558720,118.48573303222656,1144,hit,4.654627663893826,22.8799999999996,150.92588267160028
3,281,559780,-14.727487564086914,2250,timeout,5.8960905238521795,45.000000000001435,-77.86523136262144
3,282,563460,136.14170837402344,920,hit,2.6934467747596607,18.399999999999697,163.55150549020445
3,283,564344,108.3558349609375,1620,hit,4.5026476466730205,32.399999999999466,143.8421943596177
3,284,566756,-11.297782897949219,2250,timeout,5.687768752313088,45.000000000001435,-91.82049897172288
3,285,566912,113.46659088134766,642,hit,4.417202702292135,12.839999999999815,150.3017045006014
3,286,567720,-12.527545928955078,2250,timeout,10.924008740659643,45.000000000001435,-78.75507195510063
3,287,572460,-5.142436981201172,2250,timeout,5.3081275479642915,45.000000000001435,-84.2898127244769
3,288,573176,96.01008605957031,1364,hit,3.5047235472202027,27.279999999999507,140.88203547895526
3,289,575756,-9.752178192138672,2250,timeout,11.252046323653236,45.000000000001435,-101.01966835734547
3,290,575912,-15.142707824707031,2250,timeout,12.807086899938048,45.000000000001435,-83.38926593866633
3,291,576204,131.09527587890625,757,hit,4.073905581784841,15.139999999999766,157.29558396505627
3,292,579248,130.3275146484375,834,hit,2.525333309629926,16.679999999999733,161.03733558369018
3,293,581460,-1.249786376953125,2250,timeout,5.357314352068423,45.000000000001435,-69.97095159885706
3,294,582324,11.012968063354492,1642,miss,7.87757563637223,32.839999999999534,-69.05715532444808
3,295,584152,0.5936908721923828,1987,miss,6.427738645765849,39.74000000000061,-63.90282616150096
3,296,588248,-35.992149353027344,2250,timeout,11.630825744111084,45.000000000001435,-73.50250391136038
3,297,590460,-12.824695587158203,2250,timeout,8.49380996549324,45.000000000001435,-89.77382563120904
3,298,591264,-10.391731262207031,2235,miss,12.221184278423891,44.70000000000139,-74.38854400671883
3,299,593152,-2.245868682861328,2250,timeout,13.924017486624374,45.000000000001435,-84.7369605707302
3,300,596028,132.1597900390625,1392,hit,3.7107428211427154,27.839999999999495,156.38783854997826
3,301,597248,-1.7201080322265625,2250,timeout,10.139197445575542,45.000000000001435,-75.03385450745526
3,302,598904,125.87908172607422,719,hit,3.758446501802351,14.379999999999782,152.99122669576332
3,303,599560,-10.59765625,2074,miss,5.552355640837921,41.480000000000885,-78.90577016929919
3,304,602152,-24.35796356201172,2250,timeout,16.54013299381851,45.000000000001435,-114.51338178113103
3,305,606248,-20.594650268554688,2250,timeout,5.6673629660269444,45.000000000001435,-84.73541848187017
3,306,607904,0.2748527526855469,2250,timeout,6.898458512100322,45.000000000001435,-91.45679584612445
3,307,608560,-7.957714080810547,2250,timeout,6.701778485087382,45.000000000001435,-81.76195944129769
3,308,610960,-6.667316436767578,2202,miss,5.654333827826482,44.040000000001285,-92.98496633808638
4,309,618648,126.88504791259766,1062,hit,4.726367485906857,21.239999999999636,152.32657314557645
4,310,619424,124.49987030029297,1256,hit,4.739378590813199,25.119999999999553,145.88686484491552
4,311,623400,-2.7276153564453125,2250,timeout,7.1202671832223094,45.000000000001435,-87.3812604680715
4,312,623400,-13.657234191894531,2250,timeout,6.44155710852839,45.000000000001435,-79.20238570605555
4,313,627648,-4.135631561279297,2250,timeout,8.368114606611398,45.000000000001435,-81.61377328998147
4,314,628100,-18.314434051513672,2169,miss,5.849478344623685,43.38000000000118,-96.69591524142427
4,315,628488,127.60194396972656,1272,hit,3.9148422047741813,25.439999999999547,157.30742697857457
4,316,632400,-17.47378158569336,2250,timeout,10.773850228614409,45.000000000001435,-88.4624477183585
4,317,632972,124.89657592773438,1218,hit,4.976452160507714,24.35999999999957,150.88141728836575
4,318,636648,-20.164100646972656,2250,timeout,18.594342647053992,45.000000000001435,-80.28359328928438
4,319,637488,-7.051536560058594,2250,timeout,5.744211432234414,45.000000000001435,-79.25773833717498
4,320,640588,128.2199249267578,775,hit,3.508334246162767,15.499999999999758,153.98479383848394
4,321,641400,-7.176448822021484,2250,timeout,10.057306013815278,45.000000000001435,-77.37694344314895
4,322,641972,5.0059404373168945,2250,timeout,13.607890593271541,45.000000000001435,-61.526383772965495
4,323,644304,13.613752365112305,1914,miss,9.208646127594715,38.280000000000385,-62.19141754407375
4,324,649588,-13.244651794433594,2250,timeout,14.081443736972636,45.000000000001435,-75.90752391472168
4,325,650400,-1.7908744812011719,2250,timeout,9.87910176637797,45.000000000001435,-77.6047473618826
4,326,650560,122.16342163085938,1564,hit,4.280802123336809,31.279999999999422,145.6078992534343
4,327,650972,-21.159183502197266,2250,timeout,11.623798976878906,45.000000000001435,-90.80357880794037
4,328,657432,-16.348182678222656,1961,miss,6.9420673744065144,39.22000000000053,-84.53002861489611
4,329,657904,18.295270919799805,1876,miss,7.968562063196702,37.520000000000266,-70.19690050924416
4,330,659560,-10.577022552490234,2250,timeout,10.556221606801081,45.000000000001435,-79.18786792648575
4,331,659972,1.2491416931152344,2250,timeout,15.184663249885169,45.000000000001435,-69.40681309742345
4,332,666432,-16.888553619384766,2250,timeout,9.112263298386909,45.000000000001435,-86.54640870898174
4,333,666904,7.369724273681641,2250,timeout,7.404856612520387,45.000000000001435,-70.2057510355335
4,334,668560,4.645122528076172,2250,timeout,5.024805521924433,45.000000000001435,-67.84793890630854
4,335,668972,-7.805301666259766,2250,timeout,6.555751564127016,45.000000000001435,-107.69670731193494
4,336,671660,124.74269104003906,672,hit,4.465160489448872,13.439999999999802,153.06905106137648
4,337,675432,-18.116695404052734,2250,timeout,5.975281189337269,45.000000000001435,-72.8293918009006
4,338,675904,-22.970439910888672,2250,timeout,7.445266515705409,45.000000000001435,-84.5258641671733
4,339,677560,10.593217849731445,2250,timeout,6.1958632760291525,45.000000000001435,-84.93944708020527
4,340,679944,131.67742919921875,1128,hit,3.5873257070927442,22.559999999999608,158.64375420329895
4,341,680660,0.5838127136230469,2250,timeout,47.11001865555829,45.000000000001435,-77.85744080623529
4,342,683232,133.62594604492188,822,hit,4.199217313977823,16.43999999999974,160.31864128547556
4,343,684904,-7.74053955078125,2250,timeout,7.292191762756685,45.000000000001435,-82.09066889214535
4,344,686560,-3.5651168823242188,2250,timeout,6.775371894492186,45.000000000001435,-72.56537031212848
4,345,688384,132.75341796875,870,hit,3.408496565534783,17.399999999999718,163.9458620606348
4,346,689660,3.1050949096679688,2250,timeout,8.090963753570557,45.000000000001435,-77.75531676222258
4,347,690372,19.45444107055664,1785,miss,5.804399076220443,35.69999999999998,-61.944185251743306
4,348,692024,130.27552795410156,1366,hit,3.655104314672987,27.319999999999506,154.09352835589468
4,349,693952,130.4244384765625,1392,hit,4.612756682677573,27.839999999999495,153.65731382140763
4,350,696272,16.021501541137695,1653,miss,5.855727508910756,33.05999999999957,-68.85937057640086
4,351,699372,5.6156816482543945,2250,timeout,5.908537792084697,45.000000000001435,-78.74618130302387
4,352,701024,6.636663436889648,2250,timeout,12.55571988226503,45.000000000001435,-71.8534175049618
4,353,701884,126.48247528076172,1403,hit,4.9323175038580445,28.05999999999949,148.79703578045616
4,354,702952,-10.509941101074219,2250,timeout,7.42758806377749,45.000000000001435,-79.45175519574019
4,355,705712,134.38343811035156,957,hit,4.974398999998714,19.13999999999968,164.5414402343731
4,356,707704,20.03752899169922,2083,miss,14.629211733817188,41.66000000000091,-65.45390044748186
4,357,710024,-6.033884048461914,2250,timeout,9.890579606501133,45.000000000001435,-88.92918044523867
4,358,710336,127.53176879882812,658,hit,3.829226006560197,13.159999999999808,151.32874289787938
4,359,711952,-6.629901885986328,2250,timeout,11.721090362876415,45.000000000001435,-85.03331991140739
4,360,713764,126.31800842285156,857,hit,3.215432602524396,17.139999999999723,153.0116201500916
4,361,714712,-16.56087875366211,2250,timeout,5.189767425429907,45.000000000001435,-89.36360201720673
4,362,716704,129.8701934814453,735,hit,2.4306740863148324,14.699999999999775,158.0903058929686
4,363,718084,20.898632049560547,2015,miss,6.194609252868568,40.3000000000007,-63.21246677461454
4,364,720952,-19.456348419189453,2250,timeout,13.371928459978893,45.000000000001435,-96.89327799615145
4,365,721028,122.7422103881836,1081,hit,4.807725769238668,21.619999999999628,147.16063032346037
4,366,723712,-10.604907989501953,2250,timeout,19.758090542325316,45.000000000001435,-87.20019550546097
4,367,727084,-7.956045150756836,2250,timeout,27.065456267114595,45.000000000001435,-71.32346571684037
4,368,729952,2.0881500244140625,2250,timeout,6.661852819403854,45.000000000001435,-68.50941314539115
4,369,729980,-8.98666763305664,2238,miss,7.926035913327463,44.7600000000014,-82.65330607332777
4,370,732712,-21.225936889648438,2250,timeout,5.644903754205763,45.000000000001435,-81.05015070809807
4,371,735072,10.240610122680664,1997,miss,8.88680802480884,39.940000000000644,-74.91488373662301
4,372,735836,127.22547912597656,781,hit,1.7049038876004423,15.619999999999756,158.93877820051785
4,373,737656,-5.352628707885742,1919,miss,6.05677506097926,38.3800000000004,-66.3902938976662
4,374,738036,-3.1894607543945312,2021,miss,7.6695609969260214,40.42000000000072,-84.82075710571966
4,375,744072,-4.361536979675293,2250,timeout,6.678392684143374,45.000000000001435,-71.60222748232297
4,376,744836,-18.395069122314453,2250,timeout,9.629695379169299,45.000000000001435,-106.7205873386664
4,377,745260,3.9867172241210938,1806,miss,6.468009324307489,36.12000000000005,-88.31588457143503
4,378,746656,-10.75040054321289,2250,timeout,12.639115835045752,45.000000000001435,-84.3609125211126
4,379,748772,133.4208526611328,878,hit,4.570868251303557,17.559999999999715,164.1562738568999
4,380,753072,0.13116073608398438,2250,timeout,10.384689122692741,45.000000000001435,-73.48165694250903
4,381,753836,-21.695812225341797,2250,timeout,6.3143447186768045,45.000000000001435,-82.6381043878245
4,382,755656,2.2945175170898438,2250,timeout,13.305345995477524,45.000000000001435,-80.59041501679482
4,383,757688,-3.6686668395996094,2229,miss,12.61093088287155,44.58000000000137,-90.84091584239478
4,384,758160,133.53074645996094,1272,hit,4.213762352738109,25.439999999999547,159.75486929815617
4,385,762836,3.9475021362304688,2250,timeout,9.018715139104216,45.000000000001435,-71.70464607727625
4,386,763288,15.559123992919922,1908,miss,9.658997127986224,38.160000000000366,-62.8423687236281
4,387,766688,19.49098014831543,2250,timeout,8.707494133860424,45.000000000001435,-65.58123693533932
4,388,767124,-0.5261764526367188,2241,miss,6.980646725888221,44.82000000000141,-79.00529745657876
4,389,770132,127.43075561523438,752,hit,4.015068371401126,15.039999999999768,154.80970845934542
4,390,770596,116.12043762207031,977,hit,4.10949773735537,19.539999999999672,147.56906450655887
4,391,771836,12.523582458496094,2250,timeout,7.95887898045605,45.000000000001435,-68.32706527763902
4,392,772288,-0.8367691040039062,2250,timeout,6.653989878265026,45.000000000001435,-83.64443774182709
4,393,775264,128.9259796142578,744,hit,4.576404277813518,14.879999999999772,153.52709315330821
4,394,779132,-1.1054401397705078,2250,timeout,8.05961793191452,45.000000000001435,-76.01381351070752
4,395,779412,122.32589721679688,1037,hit,4.709085830534058,20.739999999999647,149.26022275334617
4,396,779596,-3.3345870971679688,2250,timeout,5.40434888801203,45.000000000001435,-83.12346891499755
4,397,780836,-11.072528839111328,2250,timeout,14.815370400089577,45.000000000001435,-98.39528129758511
4,398,787712,111.56439208984375,2145,hit,4.455621130372834,42.90000000000111,141.8542608325126
4,399,788412,-6.245929718017578,2250,timeout,6.669357404704202,45.000000000001435,-66.35887209930215
4,400,788416,-9.440418243408203,2205,miss,6.518107089640037,44.100000000001295,-72.54151377842581
4,401,789836,-6.185504913330078,2250,timeout,8.0755846355657,45.000000000001435,-81.95430887543371
4,402,792296,134.2876739501953,971,hit,3.9638861897569084,19.419999999999675,165.43087611420884
4,403,792784,124.25458526611328,1092,hit,4.720476019464214,21.839999999999623,150.3691788579256
4,404,793784,124.79937744140625,1518,hit,4.689320528330527,30.35999999999944,153.9276256321859
4,405,798836,-6.872623443603516,2250,timeout,9.368735808660654,45.000000000001435,-64.16092203407048
4,406,801296,-14.020999908447266,2250,timeout,11.644793529707345,45.000000000001435,-66.53148584467112
4,407,801784,-26.931163787841797,2250,timeout,19.76636592290319,45.000000000001435,-84.83432317860763
4,408,802784,-7.850833892822266,2250,timeout,7.742103593509038,45.000000000001435,-74.9498192637407
4,409,807836,-0.7137718200683594,2250,timeout,6.424427080597295,45.000000000001435,-67.89043602787635
4,410,810296,-16.349266052246094,2250,timeout,9.854867544681074,45.000000000001435,-85.33813842922734
4,411,810784,7.140453338623047,2250,timeout,7.421091902067239,45.000000000001435,-86.81984958260723
4,412,811784,-8.856685638427734,2250,timeout,7.014236598207643,45.000000000001435,-91.76012362231118
4,413,816836,-2.050069808959961,2250,timeout,7.643557030777453,45.000000000001435,-70.30955198271099
5,414,828200,15.38711166381836,2250,timeout,11.605213735364202,45.000000000001435,-72.33308772691647
5,415,828200,-24.879047393798828,2250,timeout,13.748567256136457,45.000000000001435,-66.79156383266789
5,416,828200,-11.876518249511719,2250,timeout,19.575967148754042,45.000000000001435,-74.88299876340817
5,417,828200,6.113073348999023,2250,timeout,8.311600579337592,45.000000000001435,-65.96909158533627
5,418,830944,124.9293441772461,686,hit,4.481496386565847,13.719999999999796,151.0358794266249
5,419,837200,-23.4989013671875,2250,timeout,6.255332231614692,45.000000000001435,-99.92318964845326
5,420,837200,-3.6838912963867188,2250,timeout,8.449497894568246,45.000000000001435,-72.37143119378453
5,421,837200,12.646202087402344,2250,timeout,7.937959487268162,45.000000000001435,-63.44028155267353
5,422,839944,-10.508113861083984,2250,timeout,13.314504637718144,45.000000000001435,-76.81159618106591
5,423,841272,128.3310546875,1018,hit,4.665075024465082,20.359999999999655,148.0653395655221
5,424,841552,112.10226440429688,1088,hit,4.373717828342175,21.759999999999625,144.86920041647699
5,425,843544,-1.0498968362808228,1586,miss,9.217036771721459,31.719999999999413,-61.039852537312335
5,426,844460,131.8433837890625,1129,hit,3.007963494331763,22.579999999999607,157.63928296293025
5,427,844944,134.14938354492188,918,hit,4.037337586400977,18.359999999999697,165.02371902329918
5,428,847720,131.1023712158203,815,hit,3.9719790537731847,16.29999999999974,156.32804880725945
5,429,850552,-24.141895294189453,2250,timeout,8.363109039018289,45.000000000001435,-87.65635726884095
5,430,851016,132.57095336914062,1518,hit,4.734077304652412,30.35999999999944,157.0360451939095
5,431,852544,-15.08559799194336,2250,timeout,9.34038180629707,45.000000000001435,-80.90317571088832
5,432,854408,135.8413543701172,848,hit,2.2340420990926244,16.959999999999727,166.1838769377336
5,433,856720,-19.52828025817871,2250,timeout,5.933779574955721,45.000000000001435,-72.86760401995555
5,434,857224,128.1698455810547,1170,hit,3.5642859716880433,23.39999999999959,147.14865154017284
5,435,858988,130.55908203125,1145,hit,4.646572356952118,22.8999999999996,161.43020407752513
5,436,859480,-31.557071685791016,2232,miss,6.704425232056852,44.64000000000138,-94.91600980963182
5,437,861356,126.45783233642578,1033,hit,2.923875797045897,20.65999999999965,151.2915737166654
5,438,865560,123.34420013427734,1051,hit,3.9292726188345077,21.01999999999964,147.07592787026678
5,439,865632,-16.965415954589844,2228,miss,5.3453157763105015,44.56000000000137,-96.40332853435207
5,440,867988,-13.037002563476562,2250,timeout,14.92168024235006,45.000000000001435,-84.2089035141279
5,441,868480,-32.95854187011719,2250,timeout,9.414556885855712,45.000000000001435,-93.62199646564258
5,442,868632,130.18069458007812,750,hit,1.5550098445003198,14.999999999999769,156.44168961815322
5,443,871612,136.23068237304688,906,hit,4.115182122998673,18.119999999999703,167.07470917594202
5,444,871720,131.0087127685547,772,hit,2.6178812941721454,15.43999999999976,159.27144265279028
5,445,871912,133.7269287109375,858,hit,1.459610578599362,17.159999999999723,165.45964015448675
5,446,874560,-13.768257141113281,2250,timeout,5.0018987368733185,45.000000000001435,-100.21934860789763
5,447,879516,130.5918731689453,1239,hit,4.162042168446921,24.77999999999956,153.4929599057983
5,448,880612,-19.069881439208984,2250,timeout,5.091923846424929,45.000000000001435,-96.93902971173426
5,449,880720,-14.399810791015625,2250,timeout,5.129479311740664,45.000000000001435,-89.65701706090712
5,450,880912,-25.925132751464844,2250,timeout,6.448648940915279,45.000000000001435,-91.59497865466518
5,451,883588,130.57028198242188,1018,hit,3.1884783323330956,20.359999999999655,153.23325199881324
5,452,885496,128.73553466796875,1194,hit,4.640441044281872,23.87999999999958,159.6169587136014
5,453,885936,126.01609802246094,1256,hit,4.694111912617742,25.119999999999553,153.09290561101892
5,454,888916,134.81301879882812,855,hit,2.201705148280405,17.099999999999724,161.3135174450586
5,455,889612,19.546886444091797,2250,timeout,5.4109161534679355,45.000000000001435,-68.28654346887491
5,456,889724,136.332275390625,947,hit,2.6551709385363687,18.939999999999685,164.93875022338025
5,457,892232,133.15475463867188,829,hit,3.3273442652771688,16.579999999999735,160.99681335152906
5,458,892588,-22.612167358398438,2250,timeout,7.941365861699643,45.000000000001435,-83.48347996129976
5,459,896464,129.36012268066406,969,hit,1.8012272284760613,19.379999999999676,161.92314551258522
5,460,898612,-12.948139190673828,2250,timeout,10.594968709779362,45.000000000001435,-100.1478610494868
5,461,898724,-31.361221313476562,2250,timeout,8.299446932136178,45.000000000001435,-84.05167608265916
5,462,901232,3.4019317626953125,2250,timeout,8.163485452176511,45.000000000001435,-85.98590826278583
5,463,901876,128.82693481445312,816,hit,4.0949553633690865,16.31999999999974,153.3163305188598
5,464,905464,-24.844768524169922,2250,timeout,5.999523300036731,45.000000000001435,-69.74742747503316
5,465,905996,128.04147338867188,1191,hit,4.790716970541,23.81999999999958,150.36103845150808
5,466,907724,-48.32676315307617,2250,timeout,8.669261029170046,45.000000000001435,-80.77398499548639
5,467,908532,132.7491912841797,767,hit,4.356848543362516,15.339999999999762,160.97795436999147
5,468,910876,-0.2628059387207031,2250,timeout,6.215215947312496,45.000000000001435,-75.22377868296294
5,469,913736,128.26512145996094,715,hit,1.7754161200862446,14.299999999999784,155.82685023450887
5,470,914996,19.434600830078125,2250,timeout,7.828722480886403,45.000000000001435,-72.6055177880147
5,471,916316,-20.047256469726562,1946,miss,5.415670880762683,38.920000000000485,-103.17087667519061
5,472,916428,123.42060852050781,673,hit,3.8057406959006763,13.459999999999802,154.49376686759777
5,473,916724,-13.394691467285156,2250,timeout,6.003025354394094,45.000000000001435,-108.28195118447634
5,474,919160,130.523681640625,711,hit,0.8824213073608246,14.219999999999786,156.03165979390678
5,475,919664,131.90438842773438,809,hit,2.077739133653182,16.179999999999744,158.81522124570483
5,476,920676,133.41554260253906,988,hit,2.0306460352456814,19.759999999999668,165.150044195862
5,477,921552,130.48760986328125,1639,hit,3.8543540355082886,32.779999999999525,155.4974430941014
5,478,922280,130.24267578125,780,hit,4.490644839972512,15.599999999999756,155.55374205212252
5,479,923340,136.31753540039062,919,hit,0.336865658878287,18.379999999999697,161.53594046519729
5,480,923468,127.27914428710938,698,hit,1.0464654938138054,13.959999999999791,150.40507376310083
5,481,925856,130.67062377929688,1076,hit,4.6037350708266604,21.51999999999963,150.06693889483154
5,482,927492,132.73667907714844,1303,hit,4.451072455422057,26.059999999999533,160.99494831823168
5,483,928032,132.32492065429688,1141,hit,4.198980632511806,22.819999999999602,156.20079973267437
5,484,930888,126.92903900146484,714,hit,3.534308108325787,14.279999999999784,153.92846357898304
5,485,930892,130.6503143310547,1259,hit,4.3787112837161954,25.179999999999552,156.72479718481128
5,486,932340,-2.534778594970703,2250,timeout,6.995493489927948,45.000000000001435,-76.43062254929261
5,487,932496,119.39547729492188,1251,hit,4.6123033093747745,25.019999999999555,146.91762368437037
5,488,934220,130.6212158203125,832,hit,4.129674464705584,16.639999999999734,163.16423773340279
5,489,934344,131.48373413085938,864,hit,4.984144883605337,17.27999999999972,156.83920043460967
5,490,935912,132.84420776367188,893,hit,4.159170490694763,17.859999999999708,166.55561817335683
5,491,936860,119.24192810058594,1091,hit,3.927411963729031,21.819999999999624,145.72069442642947
5,492,938768,118.71060943603516,1137,hit,4.353783026880142,22.739999999999604,145.26481134352417
5,493,938808,124.0608901977539,724,hit,3.4585331393341923,14.47999999999978,153.9818963630155
5,494,940272,133.8740997314453,853,hit,4.849203281854733,17.059999999999725,165.68665657075215
5,495,942680,132.67581176757812,978,hit,4.6355050455304765,19.559999999999672,165.73956639128804
5,496,943344,-34.17250061035156,2250,timeout,5.026576580437652,45.000000000001435,-75.4346747644198
5,497,943692,135.78778076171875,855,hit,1.5019350457682485,17.099999999999724,163.44065305279742
5,498,946228,129.13137817382812,721,hit,1.8512135175483646,14.419999999999781,151.86565992759336
5,499,946312,127.67675018310547,655,hit,4.7987918007682255,13.09999999999981,153.39611712725346
5,500,947416,130.69781494140625,1184,hit,3.761116543419605,23.679999999999584,154.94237748393914
5,501,947808,-19.45421600341797,2250,timeout,7.757031875925175,45.000000000001435,-77.95044121239351
5,502,949784,129.18215942382812,868,hit,2.778141088209614,17.35999999999972,159.17195558356656
5,503,951092,130.85134887695312,1216,hit,4.551400066240683,24.31999999999957,156.20991285390156
5,504,953636,137.25473022460938,963,hit,2.377842263101953,19.25999999999968,165.49223595784912
5,505,954728,136.4704132080078,909,hit,1.7079763325266708,18.1799999999997,167.19049851264919
5,506,956416,-20.06708526611328,2250,timeout,5.299017100916806,45.000000000001435,-88.68899168261183
5,507,956608,131.65444946289062,743,hit,2.5142782483756885,14.859999999999772,160.60789616855698
5,508,956808,4.478546142578125,2250,timeout,9.806860599171362,45.000000000001435,-79.02706069368149
5,509,958284,135.68637084960938,889,hit,1.6285741216854142,17.77999999999971,165.59882558779378
5,510,960772,124.36200714111328,991,hit,4.685178901204677,19.819999999999666,146.76405883234727
5,511,961024,120.50951385498047,1152,hit,3.6023759553723513,23.039999999999598,142.89121057381567
5,512,961236,123.80528259277344,1157,hit,3.8625366186852577,23.139999999999596,144.7639707267255
5,513,962788,125.99568176269531,1126,hit,4.5637630372404825,22.51999999999961,150.44464111269923
5,514,963904,129.02215576171875,783,hit,2.9848632876927383,15.659999999999755,152.370037673296
5,515,966348,133.8652801513672,890,hit,2.765689821159905,17.79999999999971,163.16756691118457
5,516,967304,129.80999755859375,1570,hit,4.654857583469477,31.39999999999942,148.69963223842015
5,517,970148,127.3437728881836,711,hit,4.67589554007781,14.219999999999786,151.1791656649399
5,518,970236,-33.239112854003906,2250,timeout,5.106141635784539,45.000000000001435,-71.27102819620768
5,519,972904,-0.6602401733398438,2250,timeout,8.649285619316432,45.000000000001435,-65.80778011677036
5,520,974884,124.4351806640625,1184,hit,4.464010784906994,23.679999999999584,151.45091992737082
5,521,975348,-12.836528778076172,2250,timeout,5.387204542115367,45.000000000001435,-84.19352741464924
5,522,975864,126.80157470703125,740,hit,4.296374982369854,14.799999999999773,152.8538934401844
5,523,977548,127.0911865234375,666,hit,3.6817640923574864,13.319999999999805,150.5566325879449
5,524,979236,-22.24158477783203,2250,timeout,9.723881153182049,45.000000000001435,-80.57824141447355
5,525,980512,131.7937469482422,1162,hit,4.242932383330779,23.239999999999593,158.77541228586819
5,526,982344,131.70751953125,777,hit,2.806812690850573,15.539999999999758,157.28605998066982
5,527,984348,-40.659912109375,2250,timeout,5.470404676132688,45.000000000001435,-79.28017644899717
5,528,986548,-39.59271240234375,2250,timeout,5.357547342933244,45.000000000001435,-82.10334614896739
5,529,986660,128.0980682373047,1079,hit,3.0094619789039467,21.57999999999963,153.20780935963563
5,530,989328,121.993896484375,695,hit,3.548472287082947,13.899999999999793,153.69520868216813
5,531,989512,-25.81039047241211,2250,timeout,5.844450717538474,45.000000000001435,-81.59579813306745
5,532,989828,133.92156982421875,792,hit,1.539590795115628,15.839999999999751,160.66908295878574
5,533,992020,-15.834049224853516,1918,miss,7.174178149090068,38.3600000000004,-80.13604714898273
5,534,992872,135.18272399902344,886,hit,4.587867788456537,17.71999999999971,159.73844191030443
5,535,995524,121.28759765625,876,hit,4.852095143318474,17.519999999999715,148.7913928207897
5,536,996124,133.58233642578125,813,hit,3.4427497445236015,16.259999999999742,157.36040291987396
5,537,998308,126.44068908691406,696,hit,1.7005041198604292,13.919999999999792,151.43038346843977
5,538,998512,-26.14553451538086,2250,timeout,35.75757799248899,45.000000000001435,-78.57923417723954
5,539,998828,25.248153686523438,2250,timeout,5.412551334548706,45.000000000001435,-75.29662781758394
5,540,999112,128.33909606933594,747,hit,2.5411447669625877,14.93999999999977,157.89842986577293
5,541,1002208,132.73646545410156,924,hit,4.659126642269598,18.479999999999695,159.24053221141554
5,542,1006752,129.7672119140625,1136,hit,3.7200093757884023,22.719999999999605,154.32674331970526
5,543,1007308,-19.99808120727539,2250,timeout,10.820894896657546,45.000000000001435,-72.0194366687582
5,544,1007828,-25.51203155517578,2250,timeout,6.026235124788137,45.000000000001435,-99.32077936289625
5,545,1008112,-23.27069854736328,2250,timeout,7.770048979481525,45.000000000001435,-75.19184363845004
5,546,1013104,132.54141235351562,1319,hit,3.1099483154286487,26.379999999999526,156.19620749808834
5,547,1015752,-8.662393569946289,2250,timeout,6.712365794600431,45.000000000001435,-67.65074209049064
5,548,1016308,-29.651145935058594,2250,timeout,5.627863103895909,45.000000000001435,-88.57907009976331
5,549,1017112,-31.79351043701172,2250,timeout,5.833290650005557,45.000000000001435,-76.33553954477034
5,550,1017456,135.78765869140625,1088,hit,4.649618839967144,21.759999999999625,163.3970292287885
5,551,1019208,126.51243591308594,864,hit,4.303466071633128,17.27999999999972,153.26146362984167
5,552,1022728,132.48464965820312,1404,hit,4.676592123318877,28.07999999999949,158.96403429134693
6,553,1026760,125.90679931640625,690,hit,4.584108734189163,13.799999999999795,157.36540730632987
6,554,1027248,133.16786193847656,812,hit,2.9126734413686117,16.239999999999743,158.36049662660824
6,555,1027476,133.31182861328125,869,hit,2.79860039727709,17.37999999999972,161.97075769231833
6,556,1028096,132.9445037841797,1024,hit,3.676309909989467,20.479999999999652,162.8662617617237
6,557,1029600,126.37007141113281,710,hit,2.3171433372608905,14.199999999999786,152.51453309975025
6,558,1029980,118.63005828857422,626,hit,2.2738552560173293,12.519999999999822,152.09267330390836
6,559,1031684,133.76597595214844,897,hit,4.181330057637508,17.939999999999706,160.20679557515086
6,560,1035100,132.74478149414062,854,hit,4.494685605347097,17.079999999999725,164.5245530904192
6,561,1035112,130.68215942382812,1378,hit,3.042260200876809,27.5599999999995,155.6730581555158
6,562,1036248,-46.27743911743164,2250,timeout,14.755934606286615,45.000000000001435,-89.20841767409792
6,563,1038300,130.7089385986328,800,hit,3.6122522812715863,15.999999999999748,161.19941435302763
6,564,1038980,-31.16800308227539,2250,timeout,5.054498776294285,45.000000000001435,-107.6172156291635
6,565,1040616,129.13182067871094,1092,hit,4.100732327866045,21.839999999999623,158.2413297603739
6,566,1041984,126.39801025390625,751,hit,2.609513330359813,15.019999999999769,158.33378490412588
6,567,1043244,126.98149108886719,657,hit,4.184744393489493,13.139999999999809,152.2972139120771
6,568,1043728,-24.430206298828125,2154,miss,5.391483721962136,43.080000000001135,-86.2755583718357
6,569,1043828,132.58554077148438,1382,hit,3.0655309747450876,27.6399999999995,158.77557085664202
6,570,1045796,118.98571014404297,638,hit,2.970168177420897,12.759999999999817,150.59724154745751
6,571,1046732,129.68084716796875,751,hit,3.574154657502394,15.019999999999769,156.53249407592838
6,572,1049252,131.14474487304688,864,hit,4.430796188897241,17.27999999999972,163.61962898773277
6,573,1050608,128.75244140625,969,hit,3.6899335730280654,19.379999999999676,153.91919896978195
6,574,1050984,-7.807613372802734,2250,timeout,7.345437875488338,45.000000000001435,-73.51458395812195
6,575,1052828,-28.823490142822266,2250,timeout,8.403637248572421,45.000000000001435,-90.58187713040394
6,576,1053628,129.20863342285156,755,hit,4.554015427900621,15.099999999999767,159.26330085125718
6,577,1054368,116.74717712402344,1279,hit,4.356177742630173,25.579999999999544,146.09162354596134
6,578,1054680,132.82806396484375,924,hit,2.5375979119151726,18.479999999999695,160.92728293221165
6,579,1058084,135.72836303710938,929,hit,2.4500817401575334,18.579999999999693,160.91770428544427
6,580,1058148,129.00643920898438,1330,hit,3.8588936016731976,26.599999999999522,148.52239713496587
6,581,1058572,131.26795959472656,1236,hit,3.072130991620822,24.719999999999562,158.06335141840205
6,582,1062460,133.587646484375,972,hit,4.677896630167233,19.439999999999674,165.55055784876726
6,583,1063680,4.097911834716797,2250,timeout,6.156223395606691,45.000000000001435,-84.09064783067565
6,584,1066316,132.5372314453125,964,hit,1.6717011849921495,19.279999999999678,163.88613469220928
6,585,1067084,-37.61328887939453,2250,timeout,7.041137121370294,45.000000000001435,-111.38462967213533
6,586,1067148,-1.6855392456054688,2250,timeout,10.755781684507413,45.000000000001435,-73.8571598366467
6,587,1069596,130.3905487060547,1479,hit,4.920930061325062,29.57999999999946,157.24998808505654
6,588,1069596,118.21614837646484,628,hit,3.089825672426933,12.559999999999821,151.2816138911364
6,589,1069664,133.8202667236328,837,hit,3.8984371409857,16.739999999999732,161.58707139679387
6,590,1072356,123.95680236816406,690,hit,4.151345170641987,13.799999999999795,155.55011590741483
6,591,1073480,135.96697998046875,971,hit,1.7108762606048449,19.419999999999675,165.34648326897616
6,592,1075004,126.2854232788086,662,hit,4.1111249942140295,13.239999999999807,153.38888120183802
6,593,1076148,-26.520240783691406,2250,timeout,6.330578308580595,45.000000000001435,-89.29790597699295
6,594,1077440,117.58612823486328,609,hit,3.824123973575484,12.17999999999983,151.70805586085103
6,595,1078572,113.37824249267578,1273,hit,4.613590687804806,25.459999999999546,143.6898320015168
6,596,1078664,-48.87816619873047,2250,timeout,5.435739049264279,45.000000000001435,-91.20321186049645
6,597,1082520,134.2205810546875,964,hit,4.132755017819228,19.279999999999678,163.88578580719803
6,598,1085148,-34.23468017578125,2250,timeout,9.627942431707586,45.000000000001435,-84.06886043433875
6,599,1086440,-25.004261016845703,2250,timeout,9.963747757714886,45.000000000001435,-95.78929938976248
6,600,1087468,120.72669982910156,1237,hit,4.1789769932119425,24.73999999999956,144.98761138273917
6,601,1087552,-28.94955062866211,2245,miss,7.8542755827113515,44.90000000000142,-95.5500907847541
6,602,1088260,131.14894104003906,778,hit,2.7420320336754114,15.559999999999757,161.04023812194697
6,603,1092600,121.79670715332031,1262,hit,3.721253670078913,25.23999999999955,141.67010135309283
6,604,1092608,131.3220977783203,1285,hit,3.6559665039569054,25.69999999999954,159.86283404575812
6,605,1094128,131.81130981445312,1467,hit,4.077966847819102,29.339999999999463,153.48686380294703
6,606,1095440,-12.060298919677734,2250,timeout,7.313436229375769,45.000000000001435,-79.49442167034522
6,607,1095812,132.09027099609375,803,hit,0.8167424270363481,16.059999999999746,160.05512783362406
6,608,1097068,128.82064819335938,735,hit,4.31975065356992,14.699999999999775,151.84941961609655
6,609,1098512,128.14071655273438,1476,hit,3.9567800824548502,29.51999999999946,156.1800337973055
6,610,1098972,129.43063354492188,790,hit,3.548621892961933,15.799999999999752,153.38679414214977
6,611,1100804,127.16314697265625,1341,hit,4.899550414469482,26.819999999999517,149.58002076757418
6,612,1101180,123.3128433227539,667,hit,2.0758445748117538,13.339999999999804,152.7091739324572
6,613,1101668,130.97296142578125,1150,hit,4.336863169796039,22.9999999999996,157.72472923758482
6,614,1104440,133.0446319580078,909,hit,3.1759590737449965,18.1799999999997,165.50455135243195
6,615,1107528,130.97999572753906,1465,hit,4.332673002129683,29.299999999999464,154.2018787333024
6,616,1107972,-30.730552673339844,2250,timeout,9.37571733579422,45.000000000001435,-112.7070408954184
6,617,1108952,126.50077819824219,1128,hit,3.0532637495600152,22.559999999999608,154.57048144101438
6,618,1110180,-29.004322052001953,2250,timeout,5.287389199992569,45.000000000001435,-109.35183722668296
6,619,1110880,129.66006469726562,727,hit,3.0487145484827587,14.539999999999779,153.64956621211704
6,620,1116528,-5.713886260986328,2250,timeout,5.287963225360557,45.000000000001435,-97.53319239196227
6,621,1116576,-23.19070053100586,1906,miss,6.252508738463732,38.12000000000036,-65.8001727016973
6,622,1119180,-21.562332153320312,2250,timeout,6.830221828814424,45.000000000001435,-71.01281778845114
6,623,1119880,-40.16984558105469,2250,timeout,7.119226200502907,45.000000000001435,-87.85720365286646
6,624,1120508,118.0347671508789,983,hit,4.37241976627493,19.65999999999967,145.08038961020225
6,625,1122728,130.50115966796875,887,hit,3.9755601726500225,17.73999999999971,164.35570438554677
6,626,1123856,133.7686309814453,994,hit,4.347798694569577,19.879999999999665,164.26588080919578
6,627,1125528,-38.0444450378418,2250,timeout,10.687700187671282,45.000000000001435,-103.10535058216294
6,628,1126552,127.81126403808594,674,hit,3.496633718119724,13.479999999999801,150.3120341267218
6,629,1127764,129.28994750976562,1259,hit,2.592656567649458,25.179999999999552,149.46865150707583
6,630,1128924,133.0738067626953,849,hit,4.172440772496515,16.979999999999727,159.40627531844382
6,631,1129508,-14.618125915527344,2250,timeout,6.104324711956286,45.000000000001435,-95.49237822578505
6,632,1131520,123.08177185058594,649,hit,1.3443001969334911,12.979999999999812,152.80796646135886
6,633,1132376,127.18153381347656,717,hit,4.827325740793536,14.339999999999783,151.59752421463008
6,634,1132928,131.55715942382812,1594,hit,4.456072722455788,31.87999999999941,157.4579762188704
6,635,1134564,127.80366516113281,761,hit,4.42389699642632,15.219999999999764,150.81262458189644
6,636,1135468,128.14125061035156,773,hit,4.949867801824248,15.45999999999976,155.5493310703694
6,637,1136764,-25.219867706298828,2250,timeout,7.5137364586928825,45.000000000001435,-110.10676432500344
6,638,1138712,128.0936279296875,811,hit,4.134407300516754,16.219999999999743,148.99665672825284
6,639,1140688,129.2974853515625,981,hit,3.1349174302421225,19.61999999999967,151.3912049813167
6,640,1141928,-12.863636016845703,2250,timeout,6.1996990783619665,45.000000000001435,-100.40173170295496
6,641,1142152,134.31089782714844,860,hit,2.54976850482204,17.199999999999722,161.33557662922544
6,642,1143564,-2.9711761474609375,2250,timeout,9.013573547467914,45.000000000001435,-68.92482938608009
6,643,1144284,132.402587890625,899,hit,4.729402329466515,17.979999999999706,164.84938463024872
6,644,1144596,120.87728118896484,611,hit,3.4356863530059134,12.219999999999828,151.5996244332004
6,645,1144696,127.10852813720703,692,hit,3.7916260636188395,13.839999999999794,153.8791802375956
6,646,1147368,128.27442932128906,693,hit,3.8006660548580666,13.859999999999793,155.6250777946714
6,647,1148236,122.10527038574219,885,hit,4.342826023157003,17.69999999999971,147.93857588129976
6,648,1148740,130.99349975585938,1294,hit,3.7649398896092685,25.879999999999537,157.58620027513925
6,649,1148856,130.9705810546875,1143,hit,4.887577011193148,22.8599999999996,152.7162373901017
6,650,1151368,126.92312622070312,783,hit,2.492491710363253,15.659999999999755,155.38799431658845
6,651,1153956,126.87450408935547,1304,hit,4.1302272103602595,26.079999999999533,150.95342618868904
6,652,1155372,132.26268005371094,1001,hit,4.758002197364467,20.019999999999662,152.65663585765373
6,653,1156368,-53.07405471801758,2250,timeout,8.642604898307075,45.000000000001435,-77.93733195926998
6,654,1156996,131.56280517578125,760,hit,1.2936127308841403,15.199999999999765,157.3144513382349
6,655,1157856,-10.174488067626953,2250,timeout,7.322691804554751,45.000000000001435,-62.99482186150129
6,656,1158640,132.56802368164062,817,hit,4.669855674012086,16.33999999999974,162.85626934774518
6,657,1160828,130.3799591064453,958,hit,2.66518860198682,19.15999999999968,153.20387017322372
6,658,1162840,125.30208587646484,1618,hit,3.728838732371587,32.35999999999946,147.75867261951083
6,659,1162976,127.13208770751953,1280,hit,4.617754906838532,25.599999999999543,149.6888419755789
6,660,1164052,131.45068359375,1353,hit,4.415326384544505,27.059999999999512,158.4519801699403
6,661,1165268,132.9302978515625,1110,hit,3.652512530768318,22.199999999999616,161.7295894291901
6,662,1166348,134.1156768798828,877,hit,3.926942007801736,17.539999999999715,165.94799293830954
6,663,1166548,135.44418334960938,893,hit,2.2118195607333355,17.859999999999708,166.3404308815653
6,664,1169736,123.1301040649414,847,hit,4.09588735412883,16.939999999999728,148.21593357591047
6,665,1170988,134.21310424804688,1110,hit,4.007023258431046,22.199999999999616,160.45181390752754
6,666,1171424,-21.09085464477539,1843,miss,6.798801966810373,36.86000000000016,-69.52160756789341
6,667,1174268,-17.493358612060547,2250,timeout,7.879815031177408,45.000000000001435,-116.53640809652347
6,668,1174768,129.88783264160156,945,hit,3.1765882082658936,18.899999999999686,159.439192611166
6,669,1178188,133.38958740234375,980,hit,4.402470684443943,19.59999999999967,163.69815150183743
6,670,1178736,-3.3899612426757812,2250,timeout,14.503865338027163,45.000000000001435,-86.63635845041878
6,671,1179072,131.3344268798828,1076,hit,4.808302708623376,21.51999999999963,153.67909636983362
6,672,1180424,1.4822044372558594,2250,timeout,8.498082356363657,45.000000000001435,-100.93759637868037
6,673,1181648,129.76583862304688,728,hit,4.095494645279932,14.559999999999778,154.50939025740078
6,674,1181712,134.52767944335938,881,hit,3.9535989048291778,17.619999999999713,161.72620522472593
6,675,1183096,127.09211730957031,668,hit,2.1915137676733734,13.359999999999804,152.13816806936617
6,676,1184260,124.52970123291016,653,hit,4.792598413211154,13.05999999999981,151.51124911921735
6,677,1184468,130.7467041015625,1349,hit,4.704731185843263,26.979999999999514,155.3851207605885
6,678,1185364,136.0045166015625,913,hit,1.6047032574184434,18.2599999999997,167.10912049701574
6,679,1187448,129.77406311035156,745,hit,2.126294697126851,14.899999999999771,154.88479939410914
6,680,1187820,134.537109375,890,hit,4.071023842932458,17.79999999999971,162.00291321148728
6,681,1188584,133.4722442626953,1372,hit,2.9043271022025117,27.439999999999504,154.12978170234697
6,682,1189048,136.2767333984375,921,hit,1.70408672554019,18.419999999999696,164.10245613999652
6,683,1190156,127.03789520263672,677,hit,3.292021803531432,13.5399999999998,151.7276039652565
6,684,1191780,132.22406005859375,799,hit,1.176254207499091,15.979999999999748,162.65862525868636
6,685,1192428,121.1683349609375,1152,hit,4.758016944335504,23.039999999999598,147.3338656127344
6,686,1193172,130.79019165039062,754,hit,2.9337601719253286,15.079999999999767,158.5283756267095
6,687,1193284,120.47134399414062,1059,hit,4.032981651356768,21.179999999999637,150.31218429773435
6,688,1196300,131.16748046875,754,hit,2.298723653759046,15.079999999999767,155.89791371233565
6,689,1197816,134.11317443847656,1347,hit,2.717477772289533,26.939999999999515,157.56870593673523
6,690,1199020,123.20879364013672,680,hit,4.31623561428975,13.599999999999799,153.40355912559698
6,691,1200424,2.3176002502441406,2161,miss,9.945750218612767,43.22000000000116,-95.88286757535194
6,692,1202172,-24.126449584960938,2250,timeout,10.08749930217802,45.000000000001435,-89.27961685159286
6,693,1202392,132.22793579101562,843,hit,3.8252639074837136,16.85999999999973,159.22020380170872
6,694,1204512,129.83445739746094,1022,hit,4.196092603770598,20.439999999999653,155.70740791068678
6,695,1204848,125.5232162475586,669,hit,2.6375143459833095,13.379999999999804,155.2211519641669
6,696,1205940,135.03318786621094,887,hit,1.1391480775244158,17.73999999999971,161.4737477384562
6,697,1206816,-6.664634704589844,2250,timeout,8.388718974757778,45.000000000001435,-71.37075465246036
6,698,1207612,130.94833374023438,775,hit,3.901916220370574,15.499999999999758,157.14761762244515
6,699,1209304,135.007080078125,841,hit,1.03827653740332,16.81999999999973,163.2983036870381
6,700,1210764,128.34927368164062,1479,hit,4.866162037386559,29.57999999999946,157.7704784945617
6,701,1210968,131.76727294921875,839,hit,3.130558444255138,16.77999999999973,161.39279229078272
6,702,1212244,128.32473754882812,735,hit,3.9262041611756566,14.699999999999775,158.74875375361546
6,703,1212384,129.8368377685547,1392,hit,4.912097210654534,27.839999999999495,153.59203906743087
6,704,1215996,132.6139678955078,903,hit,1.197623907994026,18.059999999999704,161.3378079009831
6,705,1219764,-15.4266357421875,2250,timeout,6.532125142321299,45.000000000001435,-83.02468230553617
6,706,1219968,-13.857025146484375,2250,timeout,9.407183708449766,45.000000000001435,-76.33929809950737
6,707,1221244,19.388202667236328,2250,timeout,11.39879712004327,45.000000000001435,-77.81920165291027
6,708,1223080,130.5395050048828,778,hit,2.434879215240142,15.559999999999757,159.26886215045442
6,709,1224616,129.90704345703125,1213,hit,4.623187169399954,24.25999999999957,160.65770327993778
6,710,1224844,-13.249286651611328,2212,miss,10.918915625277993,44.24000000000132,-93.70032116371587
6,711,1225200,133.13418579101562,989,hit,2.9144261164437433,19.779999999999667,152.41981588784714
6,712,1226332,131.45571899414062,813,hit,0.7567414863824528,16.259999999999742,162.26822485366222
7,713,1231676,156.75384521484375,719,hit,4.041916446493706,14.379999999999782,159.06799371410432
7,714,1231832,158.30699157714844,758,hit,4.318346415182346,15.159999999999766,165.98059552148095
7,715,1232452,161.16104125976562,913,hit,3.4974844567958128,18.2599999999997,174.2429768865223
7,716,1236192,165.91404724121094,1090,hit,4.522877513018388,21.799999999999624,164.51154484356323
7,717,1237036,173.4972381591797,1340,hit,3.133479595243931,26.799999999999518,165.352413359153
7,718,1237800,-39.78199768066406,2250,timeout,11.414318172513886,45.000000000001435,-91.58437210389978
7,719,1238896,183.5582733154297,1611,hit,4.606614302569988,32.21999999999944,168.4098516459718
7,720,1239960,155.83726501464844,942,hit,4.147415742111454,18.839999999999687,161.92038511826513
7,721,1240148,166.1185302734375,778,hit,4.969404486348986,15.559999999999757,161.9484960558373
7,722,1240472,155.7917022705078,668,hit,3.1600800554565653,13.359999999999804,159.55083825962313
7,723,1241988,150.8669891357422,773,hit,4.90177911714467,15.45999999999976,163.8226190115299
7,724,1242656,167.68911743164062,674,hit,4.628489128830322,13.479999999999801,158.67009043125637
7,725,1243636,174.16567993164062,872,hit,2.1245878607718933,17.439999999999717,172.33310861885593
7,726,1244032,163.86671447753906,890,hit,4.315626409664475,17.79999999999971,175.84914563454947
7,727,1245632,162.1168670654297,744,hit,3.634585470073929,14.879999999999772,161.89608502519948
7,728,1246636,153.3619842529297,1162,hit,3.3413423470503107,23.239999999999593,157.10449078880924
7,729,1249652,168.23257446289062,754,hit,4.120840293612997,15.079999999999767,161.95158536992784
7,730,1252636,-17.213050842285156,2250,timeout,6.09837476236216,45.000000000001435,-77.73629955192294
7,731,1252664,-12.480480194091797,2158,miss,7.428355737844416,43.16000000000115,-84.15218649944113
7,732,1254280,157.96731567382812,1157,hit,3.85338650781772,23.139999999999596,172.13394378308234
7,733,1254632,-15.130417823791504,2250,timeout,10.11442113644815,45.000000000001435,-74.42018775494778
7,734,1257508,177.42698669433594,1218,hit,2.9309825428521816,24.35999999999957,164.2077679703976
7,735,1257584,170.05828857421875,826,hit,4.845839795865743,16.519999999999737,171.75315448989608
7,736,1261664,-1.7190399169921875,2250,timeout,5.103353735230441,45.000000000001435,-76.49682325884223
7,737,1262300,159.92471313476562,1198,hit,3.1381438785437994,23.959999999999578,165.54244841909298
7,738,1263632,3.3025741577148438,2250,timeout,12.121820893172222,45.000000000001435,-53.42796446227979
7,739,1264972,170.00164794921875,827,hit,4.8176388844717755,16.539999999999736,165.30561336285217
7,740,1265136,167.08468627929688,709,hit,3.0793637983194255,14.179999999999787,163.03134387323487
7,741,1265644,-37.6497802734375,2015,miss,6.002610980309721,40.3000000000007,-91.82317213165192
7,742,1267324,177.6551513671875,923,hit,3.9834028942599944,18.459999999999695,176.07637634779246
7,743,1270016,163.3531951904297,1220,hit,2.758024588560895,24.39999999999957,160.4398176776431
7,744,1270484,157.8492889404297,1210,hit,4.105497565714863,24.199999999999573,163.06916859711106
7,745,1270824,153.4102783203125,875,hit,4.243433565780702,17.499999999999716,158.22616227240405
7,746,1273104,142.5408172607422,655,hit,4.744677685615258,13.09999999999981,157.82086827308044
7,747,1273376,172.2874755859375,840,hit,4.676569536709882,16.79999999999973,168.44466255677276
7,748,1273972,-40.703941345214844,2250,timeout,6.299458735333752,45.000000000001435,-69.95234527242631
7,749,1274460,168.58995056152344,909,hit,2.2762383426950428,18.1799999999997,173.78154345261837
7,750,1276512,167.1874237060547,852,hit,2.214394181186128,17.039999999999726,166.77960437597716
7,751,1278416,170.36245727539062,1260,hit,2.9711854951578545,25.19999999999955,165.13741646850738
7,752,1279884,165.93597412109375,843,hit,3.8635740899691005,16.85999999999973,166.76085067807912
7,753,1281796,175.88563537597656,845,hit,2.30036595388411,16.89999999999973,171.0055821684653
7,754,1282972,-23.451473236083984,2250,timeout,8.487181224033474,45.000000000001435,-67.10599090605169
7,755,1283140,167.5168914794922,814,hit,3.4707635570946724,16.279999999999742,163.9621975068586
7,756,1283460,-2.9446754455566406,2250,timeout,6.023958560143125,45.000000000001435,-91.42328035586173
7,757,1284832,148.35079956054688,759,hit,4.775955851554345,15.179999999999765,160.88804261905634
7,758,1286496,177.8092041015625,881,hit,1.5837515217349964,17.619999999999713,171.25081956905314
7,759,1292140,-30.039527893066406,2250,timeout,6.897236629330661,45.000000000001435,-62.6945455864188
7,760,1292460,-3.656341552734375,2250,timeout,7.2976835216190725,45.000000000001435,-56.83690293143018
7,761,1292908,170.9127197265625,1603,hit,4.052099252597123,32.05999999999941,171.68661802161816
7,762,1293832,13.904422760009766,2250,timeout,7.361106500738098,45.000000000001435,-75.24991514927754
7,763,1294624,163.78575134277344,621,hit,3.006096861439501,12.419999999999824,156.094001302456
7,764,1296552,145.16656494140625,1023,hit,4.996157606637543,20.459999999999653,157.46303107726288
7,765,1297200,147.87770080566406,1073,hit,4.2719728942287825,21.45999999999963,152.88445051566674
7,766,1297592,155.07489013671875,940,hit,4.914059754744651,18.799999999999688,171.620294732717
7,767,1299064,160.81576538085938,1110,hit,4.178280799615362,22.199999999999616,158.77331315907065
7,768,1299240,154.2535400390625,672,hit,2.97750055020105,13.439999999999802,158.90029509720242
7,769,1301340,171.09629821777344,1035,hit,3.3239840847135436,20.699999999999648,171.84468651140674
7,770,1302632,169.71240234375,892,hit,3.010949194466075,17.83999999999971,157.01523538153614
7,771,1306344,167.89222717285156,1251,hit,2.842862859499183,25.019999999999555,169.4066869399763
7,772,1306592,17.28647232055664,2250,timeout,7.047771529786996,45.000000000001435,-73.03574100207318
7,773,1308240,-7.512531280517578,2250,timeout,9.735178857296884,45.000000000001435,-76.07393237732227
7,774,1309372,162.00379943847656,757,hit,2.977789803897596,15.139999999999766,164.5928392795562
7,775,1309736,163.01687622070312,786,hit,2.9547753282243985,15.719999999999754,165.01604103058435
7,776,1311496,173.5596466064453,814,hit,1.1219866690756208,16.279999999999742,164.07047711556527
7,777,1311632,7.799060821533203,2250,timeout,7.8633984495904725,45.000000000001435,-65.84946822883853
7,778,1314736,179.26051330566406,810,hit,2.761867314805563,16.199999999999743,163.63677465813655
7,779,1315124,126.26689910888672,1438,hit,4.365263920267421,28.759999999999476,158.0144777132512
7,780,1315840,161.70974731445312,1052,hit,3.542507873776972,21.03999999999964,156.28844835413207
7,781,1317832,159.0691375732422,774,hit,2.9877370195908757,15.479999999999759,165.5539186298268
7,782,1318520,161.697021484375,670,hit,2.8372863348168105,13.399999999999803,155.38865388822015
7,783,1318736,7.3905792236328125,2250,timeout,6.541247715564037,45.000000000001435,-73.87111356127232
7,784,1321040,177.39453125,802,hit,1.5533290337016368,16.039999999999747,164.81200752219627
7,785,1321528,163.4973907470703,698,hit,4.81508979681865,13.959999999999791,157.76511712126813
7,786,1322544,169.75279235839844,1006,hit,3.253901797001936,20.11999999999966,170.08496640004648
7,787,1323804,172.4715576171875,691,hit,1.4952930888307112,13.819999999999794,158.5853198346132
7,788,1324124,-27.05486297607422,2250,timeout,5.2164150102483555,45.000000000001435,-88.97544477759128
7,789,1325276,160.6468048095703,937,hit,3.1868020214902995,18.73999999999969,173.06318729228175
7,790,1325296,162.56478881835938,688,hit,1.7144899969581102,13.759999999999796,160.19576129348263
7,791,1326420,161.83302307128906,654,hit,2.832720181884548,13.07999999999981,157.30130419984903
7,792,1326852,175.0911407470703,682,hit,4.766428777890898,13.639999999999798,161.84164085167203
7,793,1328364,171.13197326660156,772,hit,2.456167596116192,15.43999999999976,152.92484245830582
7,794,1329244,172.0120086669922,987,hit,3.258129747355348,19.739999999999668,158.635621963507
7,795,1330168,151.74276733398438,829,hit,4.994194005118652,16.579999999999735,168.96943423652024
7,796,1332268,179.7849884033203,976,hit,4.9333535507558555,19.519999999999673,170.36721434282427
7,797,1332784,169.86380004882812,1591,hit,4.377696587139101,31.81999999999941,172.926699652518
7,798,1335760,170.91305541992188,873,hit,2.5620510485333825,17.459999999999717,175.40317792931071
7,799,1335880,169.46426391601562,774,hit,3.2185773091979284,15.479999999999759,161.78275490130693
7,800,1338244,-29.358455657958984,2250,timeout,5.436176595062947,45.000000000001435,-108.68468722410014
7,801,1338840,160.3297576904297,770,hit,3.2822651069561384,15.39999999999976,164.68013390907825
7,802,1339124,-23.372982025146484,2239,miss,5.338996296740884,44.7800000000014,-89.45159266172662
7,803,1342336,159.55126953125,874,hit,4.0374050232731244,17.479999999999716,173.55501034244202
7,804,1342428,174.7130126953125,826,hit,3.1254689667942834,16.519999999999737,166.05061327782118
7,805,1344880,-26.204788208007812,2250,timeout,5.805694216870705,45.000000000001435,-94.31299704403642
7,806,1345456,163.0577392578125,780,hit,2.707497753530551,15.599999999999756,166.68828277199816
7,807,1345504,168.39695739746094,769,hit,3.515818747351414,15.379999999999761,157.5203920419479
7,808,1346760,-3.2036819458007812,2129,miss,5.546443828376775,42.58000000000106,-81.5869210285103
7,809,1348260,154.45352172851562,701,hit,3.4057240030630607,14.01999999999979,160.1006608818641
7,810,1348384,178.27320861816406,876,hit,3.5466418994672537,17.519999999999715,175.93462143114476
7,811,1350216,151.68734741210938,1178,hit,4.145948276282054,23.559999999999587,159.09729242288944
7,812,1350412,180.95364379882812,913,hit,3.9417342809249165,18.2599999999997,174.70704174624353
7,813,1351560,174.13319396972656,825,hit,1.7852883500162502,16.499999999999737,165.17816584708802
7,814,1352012,166.84500122070312,907,hit,1.7772960778686524,18.139999999999702,166.32670430648847
7,815,1353620,161.22293090820312,802,hit,2.579945927932221,16.039999999999747,164.56649214642857
7,816,1355540,179.15713500976562,995,hit,1.2764290411181671,19.899999999999665,175.51547732111868
7,817,1356492,157.57003784179688,718,hit,4.909504672144788,14.359999999999783,164.9211315743976
7,818,1356580,176.82565307617188,1591,hit,1.351453408164795,31.81999999999941,165.36628934068574
7,819,1359680,151.5922393798828,797,hit,4.458549464537005,15.939999999999749,160.59411244284948
7,820,1361012,-10.630481719970703,2250,timeout,5.936840673266966,45.000000000001435,-68.5322396776125
7,821,1361204,175.45797729492188,1416,hit,4.9296079309806045,28.319999999999485,163.65434204101462
7,822,1365256,169.79595947265625,1013,hit,4.339656450985335,20.259999999999657,162.02403749066337
7,823,1365580,-4.2127838134765625,2250,timeout,7.210726575413425,45.000000000001435,-62.959210770921054
7,824,1366756,154.8347625732422,1436,hit,3.766487829819586,28.719999999999477,149.69295224815647
7,825,1367820,162.95297241210938,641,hit,1.7292303973312129,12.819999999999816,158.43779371622082
7,826,1368680,-11.240036010742188,2250,timeout,8.538946958962514,45.000000000001435,-91.03490329349763
7,827,1369368,173.13217163085938,947,hit,1.5887723574583439,18.939999999999685,172.21362890316914
7,828,1371244,146.06393432617188,1122,hit,4.319872796545593,22.43999999999961,160.00300768863326
7,829,1373184,176.54806518554688,1126,hit,4.234403708800379,22.51999999999961,159.7174157482477
7,830,1376276,167.20840454101562,773,hit,3.7671706564686374,15.45999999999976,156.36303975010037
7,831,1376652,149.1779327392578,1352,hit,4.939690010505852,27.039999999999512,149.41262222541172
7,832,1376820,-51.2593879699707,2250,timeout,9.789961831390803,45.000000000001435,-80.2499471181341
7,833,1378368,1.2943954467773438,2250,timeout,5.248774069099584,45.000000000001435,-95.24848230836268
7,834,1379468,164.6519317626953,704,hit,3.401522154668292,14.079999999999789,162.3615068791369
7,835,1379476,159.87013244628906,800,hit,4.215214549870305,15.999999999999748,160.8830999755038
7,836,1380816,164.13047790527344,999,hit,3.239000974295011,19.979999999999663,172.08359870037634
7,837,1382780,168.32431030273438,828,hit,3.778385367971457,16.559999999999736,167.02555619174828
7,838,1382884,171.61111450195312,852,hit,4.508607894104066,17.039999999999726,166.1815105821432
7,839,1383132,153.9005126953125,1191,hit,3.204871288223664,23.81999999999958,155.2802090965462
7,840,1385312,165.8449249267578,1124,hit,3.5399365517792005,22.47999999999961,152.9098046077211
7,841,1386532,156.72402954101562,912,hit,4.287827928980031,18.2399999999997,170.35402804061738
7,842,1386588,172.33384704589844,952,hit,1.774550170806168,19.039999999999683,173.5590268319171
7,843,1390040,151.42529296875,877,hit,4.86441653936966,17.539999999999715,163.04932859967013
7,844,1391504,163.20709228515625,1229,hit,3.918978096148345,24.579999999999565,168.6182178846919
7,845,1392132,-4.546501159667969,2250,timeout,5.126481093141185,45.000000000001435,-86.4079739609767
7,846,1393292,174.36138916015625,813,hit,1.777624659262682,16.259999999999742,167.24595565410598
7,847,1394312,-11.824634552001953,2250,timeout,6.1205326551181445,45.000000000001435,-96.51851452061021
7,848,1394768,167.0360107421875,816,hit,4.272641892162033,16.31999999999974,158.93492162017864
7,849,1396476,176.57557678222656,796,hit,3.647143975713302,15.91999999999975,164.14749882009536
7,850,1397024,150.50411987304688,678,hit,4.853212940885094,13.5599999999998,154.7557268865587
7,851,1399176,175.11302185058594,1102,hit,4.412671039684047,22.03999999999962,163.91341215011266
7,852,1401076,166.07603454589844,1150,hit,3.9622460075348385,22.9999999999996,167.8994352471722
7,853,1401132,-54.4654541015625,2250,timeout,12.805514007864994,45.000000000001435,-90.92593445835689
7,854,1402060,158.59976196289062,721,hit,3.737045663963684,14.419999999999781,155.4870907052841
7,855,1402240,160.06344604492188,1304,hit,4.006875654428716,26.079999999999533,168.17218440391872
7,856,1404956,170.5465087890625,679,hit,0.9494288001837835,13.5799999999998,157.51071433728598
7,857,1405872,157.1005859375,953,hit,4.952027435921853,19.059999999999683,169.68199203940273
7,858,1407060,156.55426025390625,1482,hit,4.361675310190475,29.639999999999457,162.65194984227594
7,859,1408680,178.63494873046875,931,hit,1.0093626820025108,18.619999999999692,172.6928991195772
7,860,1409868,167.063720703125,702,hit,2.1454590253587567,14.03999999999979,156.74217085253892
7,861,1410076,-0.8491592407226562,2250,timeout,6.768173683090504,45.000000000001435,-97.7876812646491
7,862,1412396,145.89532470703125,632,hit,4.346269834305762,12.63999999999982,155.7252479447609
7,863,1412460,46.647308349609375,1647,miss,5.575917145927324,32.93999999999955,-32.34666299853542
7,864,1412772,174.52732849121094,1023,hit,2.7888120514579815,20.459999999999653,168.2744812210429
7,865,1413660,160.19976806640625,896,hit,3.5787375019266032,17.919999999999707,167.96985139769112
7,866,1415456,169.7494659423828,749,hit,1.2352145277768949,14.97999999999977,161.7920096434736
7,867,1415548,172.0654296875,788,hit,2.859359774146232,15.759999999999753,162.02222500959823
7,868,1416596,147.03228759765625,956,hit,3.9915611164829143,19.11999999999968,148.3675433736721
7,869,1416732,161.4297637939453,768,hit,2.624060557211351,15.359999999999761,155.63210288644095
7,870,1419164,152.60931396484375,927,hit,4.774588349540651,18.539999999999694,163.76749288734555
7,871,1419260,171.28472900390625,928,hit,1.9691261808963165,18.559999999999693,173.7575673156363
7,872,1420972,168.45896911621094,1094,hit,4.152723521431312,21.879999999999622,155.09216084346306
7,873,1421992,159.58770751953125,707,hit,3.032786656789025,14.139999999999787,163.28341451454267
7,874,1422064,154.03269958496094,1333,hit,4.770404127562369,26.65999999999952,161.39973353959056
7,875,1424128,173.1770782470703,789,hit,1.9225007431996863,15.779999999999752,166.56913663591388
7,876,1425248,169.1034698486328,814,hit,1.5830185813347866,16.279999999999742,161.9784534530079
7,877,1425624,154.8119354248047,890,hit,4.732478470057428,17.79999999999971,159.31953003134362
7,878,1428260,-29.216690063476562,2250,timeout,6.184805810509166,45.000000000001435,-91.35416703138135
7,879,1428924,165.35464477539062,1199,hit,3.4844653170017867,23.979999999999578,160.1561287589068
7,880,1429264,161.3525848388672,910,hit,4.7822911852404895,18.1999999999997,173.16636480715272
7,881,1432736,149.70445251464844,1119,hit,4.458615703402968,22.37999999999961,156.09833739176213
7,882,1433396,155.31968688964844,1033,hit,4.663324575854241,20.65999999999965,152.95938141896806
8,883,1437340,167.1680908203125,935,hit,2.296448058937765,18.69999999999969,161.74992090706638
8,884,1438488,167.11831665039062,1222,hit,3.759031917113861,24.439999999999568,171.65826090803318
8,885,1438676,157.4774932861328,1269,hit,3.3828602872149003,25.379999999999548,158.93453747663307
8,886,1442428,157.88958740234375,938,hit,3.195915092699394,18.75999999999969,166.152481548283
8,887,1442600,-20.360185623168945,2250,timeout,12.464833692219042,45.000000000001435,-76.36206084017635
8,888,1443072,153.56103515625,1433,hit,4.644523218261492,28.659999999999478,166.83465220775958
8,889,1446584,165.3683319091797,1039,hit,2.574756414594656,20.779999999999646,168.5190372999499
8,890,1447488,-26.71027374267578,2250,timeout,11.724708360938687,45.000000000001435,-97.93657544669475
8,891,1450088,160.36264038085938,650,hit,2.159206539904528,12.999999999999812,155.2382810226998
8,892,1450312,172.836669921875,932,hit,2.81412508693901,18.63999999999969,170.87220262894036
8,893,1451600,19.667736053466797,2250,timeout,8.098437205712914,45.000000000001435,-71.3957093539843
8,894,1452072,-31.634109497070312,2250,timeout,5.863673098536586,45.000000000001435,-85.04068858114641
8,895,1455648,158.9069366455078,1334,hit,4.168830170138775,26.67999999999952,160.81703337305342
8,896,1459088,-1.2514801025390625,2250,timeout,5.324186804013539,45.000000000001435,-57.1667837058786
8,897,1459352,173.67572021484375,926,hit,4.266062110606221,18.519999999999694,169.9844379080393
8,898,1460600,-19.14575958251953,2250,timeout,7.694940445840511,45.000000000001435,-75.35017578730971
8,899,1461072,-27.107589721679688,2250,timeout,5.431946271521006,45.000000000001435,-68.58023892648119
8,900,1462132,176.4757080078125,761,hit,3.8382546171601537,15.219999999999764,161.83492311669792
8,901,1463536,164.9545440673828,1046,hit,3.6517622470129427,20.919999999999643,164.16869589789056
8,902,1464528,173.04592895507812,864,hit,1.4797295586315764,17.27999999999972,166.8668030827023
8,903,1465440,153.9835205078125,827,hit,4.7318590478746465,16.539999999999736,165.50621008421138
8,904,1466408,166.6122589111328,718,hit,4.980601878226617,14.359999999999783,158.3215833905992
8,905,1469600,-11.008934020996094,2250,timeout,5.81171884819785,45.000000000001435,-76.00055996626773
8,906,1469804,162.61474609375,849,hit,4.6792560106905166,16.979999999999727,168.9176267844571
8,907,1470504,155.9171905517578,1494,hit,4.096253643523857,29.879999999999452,164.6019304928073
8,908,1474440,-44.58604049682617,2250,timeout,6.0628118746079345,45.000000000001435,-76.81433786814839
8,909,1474696,167.65403747558594,1274,hit,2.3584749966792486,25.479999999999546,166.59153135129384
8,910,1475908,155.73321533203125,1351,hit,3.7905597207358626,27.019999999999513,160.47101524303122
8,911,1477448,155.10446166992188,688,hit,4.9469877047236706,13.759999999999796,153.74341296197383
8,912,1478804,-41.10295486450195,2250,timeout,7.384434177554213,45.000000000001435,-115.14117812426754
8,913,1483440,-0.7675819396972656,2250,timeout,6.6682606702974105,45.000000000001435,-76.73869068667784
8,914,1484284,157.30545043945312,1370,hit,3.980128220080173,27.399999999999505,166.85756384301752
8,915,1484908,6.849109649658203,2250,timeout,6.6364951504077965,45.000000000001435,-80.02150806454986
8,916,1486448,-53.21898651123047,2250,timeout,8.370897385637036,45.000000000001435,-83.04858530800962
8,917,1487084,181.36654663085938,911,hit,3.4913577824419484,18.2199999999997,163.8462600741443
8,918,1487152,165.0370635986328,717,hit,2.7471990050533934,14.339999999999783,161.02644337462098
8,919,1488284,175.02032470703125,844,hit,2.195323923288757,16.87999999999973,169.37824102862004
8,920,1490044,178.68507385253906,740,hit,3.657875513540733,14.799999999999773,158.93655587109572
8,921,1491176,171.3642120361328,723,hit,0.9395917482406916,14.45999999999978,158.17589493492187
8,922,1491500,157.36643981933594,1263,hit,4.805278650721283,25.25999999999955,170.7796966980904
8,923,1491532,167.47084045410156,1095,hit,4.272941340758331,21.899999999999622,164.0644674795511
8,924,1494992,169.83212280273438,954,hit,4.931713724196971,19.079999999999682,154.42088208615618
8,925,1497728,170.868896484375,684,hit,2.7632071825764184,13.679999999999797,158.03181868068856
8,926,1499044,-42.678768157958984,2250,timeout,6.281612285664216,45.000000000001435,-75.20422965770538
8,927,1500500,11.595157623291016,2250,timeout,6.2487956697632345,45.000000000001435,-52.54674227519868
8,928,1500532,-30.212818145751953,2250,timeout,5.027670207859032,45.000000000001435,-77.34838607563375
8,929,1500580,163.77273559570312,713,hit,2.114466448645631,14.259999999999785,159.95146186455239
8,930,1503572,170.04013061523438,760,hit,3.879778742706731,15.199999999999765,159.5564919590551
8,931,1503880,163.8389434814453,825,hit,3.680906330391961,16.499999999999737,159.98631846905232
8,932,1504012,172.273193359375,878,hit,1.834119149517135,17.559999999999715,170.44895405978335
8,933,1504796,170.92605590820312,1438,hit,4.583262655196938,28.759999999999476,165.34000431693693
8,934,1507828,165.60787963867188,758,hit,2.0330127830835774,15.159999999999766,160.1029935399413
8,935,1507872,157.413330078125,965,hit,3.424290847524495,19.299999999999677,157.93430877514987
8,936,1508640,162.9293975830078,1190,hit,4.7400854224888915,23.79999999999958,159.44734110613334
8,937,1511948,160.70811462402344,1030,hit,3.4165303563677925,20.59999999999965,171.1718687643686
8,938,1512572,6.650295257568359,2250,timeout,7.317532644039658,45.000000000001435,-67.43341182241136
8,939,1514012,181.93316650390625,1535,hit,3.338187627936625,30.699999999999434,167.81610891033517
8,940,1516000,151.0458984375,1013,hit,4.1091958592350295,20.259999999999657,159.43024237652776
8,941,1517640,12.261051177978516,2250,timeout,9.283556887668903,45.000000000001435,-54.93787800857759
8,942,1520228,159.96617126464844,1057,hit,4.914679070017156,21.139999999999638,168.27076773482403
8,943,1521500,-1.5053520202636719,1872,miss,6.189883192127786,37.44000000000025,-89.82868062503509
8,944,1521572,-40.46000289916992,2250,timeout,7.026036022386326,45.000000000001435,-63.629391742810625
8,945,1522480,149.75320434570312,1210,hit,3.9496010716369225,24.199999999999573,159.9036064817235
8,946,1523884,161.96998596191406,914,hit,3.4414021182191377,18.2799999999997,173.9171267328618
8,947,1526056,170.27674865722656,1121,hit,4.963632182788917,22.41999999999961,162.2119473208631
8,948,1526944,171.94581604003906,765,hit,3.0647757016131902,15.299999999999763,158.5820318525943
8,949,1527208,179.67446899414062,1427,hit,3.256315261619299,28.53999999999948,162.1279951218642
8,950,1529584,161.51431274414062,660,hit,2.8637795579442056,13.199999999999807,156.29115238246482
8,951,1530604,175.4886932373047,849,hit,1.3315991075864964,16.979999999999727,167.19579658448842
8,952,1531480,10.633781433105469,2250,timeout,6.54352849932335,45.000000000001435,-70.76385401847139
8,953,1533736,153.99923706054688,783,hit,4.094025114818752,15.659999999999755,160.73226518184515
8,954,1534400,172.97547912597656,730,hit,1.2197776045759499,14.599999999999778,161.9612125295066
8,955,1535056,-50.05523681640625,2250,timeout,9.750214261199142,45.000000000001435,-77.21947790592199
8,956,1535436,172.5643310546875,1463,hit,4.05039186744049,29.259999999999465,169.28818517987963
8,957,1536824,159.9863739013672,772,hit,3.4673370979112805,15.43999999999976,164.38751689687803
8,958,1537752,181.98329162597656,838,hit,0.7530096820897556,16.75999999999973,167.37248541241624
8,959,1538996,166.89520263671875,890,hit,3.8581963679380746,17.79999999999971,170.55661459857185
8,960,1540100,159.41519165039062,1261,hit,4.7470462576461845,25.21999999999955,162.5410476287384
8,961,1540308,155.72528076171875,871,hit,4.568380563930422,17.419999999999717,168.82777104965697
8,962,1541760,170.85145568847656,1002,hit,4.569374861884188,20.03999999999966,170.74443434766854
8,963,1542172,174.1583251953125,794,hit,0.9999392097838162,15.87999999999975,168.11663160395517
8,964,1543064,168.41259765625,741,hit,3.6116725734205244,14.819999999999773,162.20372755411537
8,965,1544020,173.9846649169922,928,hit,1.1610864767098927,18.559999999999693,168.98692688263205
8,966,1544624,157.9615936279297,716,hit,3.5018576808563804,14.319999999999784,159.45184814253523
8,967,1545248,173.11766052246094,769,hit,2.2129591667745205,15.379999999999761,167.55658512050528
8,968,1545596,175.00015258789062,633,hit,3.2569793508096914,12.659999999999819,155.47800379524557
8,969,1546860,163.5762939453125,710,hit,3.1143086268675697,14.199999999999786,161.1029093112668
8,970,1547796,169.204833984375,793,hit,2.040448228696994,15.85999999999975,165.2052685414689
8,971,1549540,169.43174743652344,670,hit,2.1502003236031615,13.399999999999803,154.4845102097784
8,972,1551224,183.01710510253906,1494,hit,4.5591021643047815,29.879999999999452,167.58932938921106
8,973,1552604,173.1547088623047,766,hit,0.935491147649884,15.319999999999762,161.50697189979564
8,974,1552656,158.29913330078125,1215,hit,4.204330343379448,24.29999999999957,158.2362944801599
8,975,1554436,155.53639221191406,803,hit,3.4859114473022994,16.059999999999746,163.2401715019003
8,976,1554532,-28.933513641357422,2234,miss,5.949993393798268,44.680000000001385,-113.53611304127045
8,977,1555820,164.71014404296875,791,hit,3.439632865515187,15.819999999999752,161.21821534425206
8,978,1556656,164.03945922851562,1013,hit,2.7622085200351014,20.259999999999657,159.70454944973403
8,979,1558100,153.1913299560547,892,hit,4.763849138688937,17.83999999999971,165.84752068142885
8,980,1559204,170.8058319091797,846,hit,3.556770146748043,16.919999999999728,154.5364185983661
8,981,1559268,183.34613037109375,1208,hit,3.4535636338026015,24.159999999999574,169.67104367853526
8,982,1560468,147.79624938964844,953,hit,4.201501885831392,19.059999999999683,152.20241218015136
8,983,1562568,174.55535888671875,825,hit,1.4128712493528854,16.499999999999737,166.6922726273728
8,984,1562808,157.68356323242188,1177,hit,4.038034706732083,23.539999999999587,165.6494518249055
8,985,1563880,162.60064697265625,853,hit,4.925335373581031,17.059999999999725,166.52497160992948
8,986,1565408,159.280029296875,650,hit,4.1102632371369285,12.999999999999812,155.29933703441716
8,987,1565820,165.16082763671875,813,hit,3.3501541699304447,16.259999999999742,166.8969746226764
8,988,1568204,-23.544647216796875,2250,timeout,6.07040609583513,45.000000000001435,-68.89445562439649
8,989,1568864,164.1743621826172,761,hit,4.101563248406084,15.219999999999764,162.59159540692977
8,990,1569572,171.7706298828125,1423,hit,3.2691982753698765,28.459999999999482,165.55042984084812
8,991,1570208,161.0864715576172,1200,hit,3.5858613204396947,23.999999999999577,158.42145166541547
8,992,1572512,168.69168090820312,912,hit,2.522669181594308,18.2399999999997,171.40850924435244
8,993,1573496,179.3079376220703,1323,hit,2.106802704936484,26.459999999999525,170.95503148491434
8,994,1573816,172.8590087890625,902,hit,2.2976777662423333,18.039999999999704,170.33400429132251
8,995,1575144,162.95375061035156,658,hit,1.3385770930075584,13.159999999999808,155.4576930354243
8,996,1577576,183.9045867919922,940,hit,2.8371194020795607,18.799999999999688,169.47764753481837
8,997,1578572,8.119756698608398,2250,timeout,13.733015499489662,45.000000000001435,-65.68035911575318
8,998,1578716,172.88836669921875,1305,hit,3.333030998926423,26.099999999999532,166.12512856167115
8,999,1581552,181.05140686035156,994,hit,3.8318695798235045,19.879999999999665,161.13557506544095
8,1000,1583988,175.6638641357422,1318,hit,3.8843550730050582,26.359999999999527,165.04661581597293
8,1001,1584144,-4.973934173583984,2250,timeout,6.2074155201286505,45.000000000001435,-80.99030678021968
8,1002,1585628,171.90994262695312,1019,hit,4.314573206574672,20.379999999999654,165.07805216136938
8,1003,1586884,151.9754638671875,724,hit,4.496994753045642,14.47999999999978,159.39562802225964
8,1004,1587572,-27.214508056640625,2250,timeout,6.536606668737189,45.000000000001435,-101.94224775338391
8,1005,1590396,164.08787536621094,878,hit,2.689297903782097,17.559999999999715,170.03327607624192
8,1006,1590888,149.74676513671875,1315,hit,4.137943917751714,26.299999999999528,156.53817129742072
8,1007,1592024,179.93235778808594,1113,hit,3.895323687711906,22.259999999999614,160.030388250689
8,1008,1593144,-48.550262451171875,2250,timeout,8.066192660759034,45.000000000001435,-85.14261445845672
8,1009,1595564,154.8001251220703,885,hit,3.3253503373507285,17.69999999999971,149.4571266065604
8,1010,1595596,178.53102111816406,1300,hit,4.465497230935463,25.999999999999535,165.88179904640205
8,1011,1597736,-8.413314819335938,1712,miss,8.802262279956564,34.23999999999975,-79.96894634016408
8,1012,1597944,165.4359588623047,1200,hit,3.6187768301796783,23.999999999999577,156.47471136633465
8,1013,1598764,161.4933624267578,792,hit,2.70504603812398,15.839999999999751,159.744845959977
8,1014,1600388,153.2347412109375,1206,hit,4.612738382956719,24.119999999999575,168.13377967770379
8,1015,1601328,157.73870849609375,898,hit,2.9483018671613914,17.959999999999706,160.05571472860848
8,1016,1602508,179.85263061523438,936,hit,1.5386317828693132,18.71999999999969,173.52065648652166
8,1017,1604960,177.45498657226562,908,hit,4.852330743365435,18.1599999999997,170.21547936006965
8,1018,1605692,159.90985107421875,796,hit,2.862422902715747,15.91999999999975,167.1652081366403
8,1019,1606944,-29.268089294433594,2250,timeout,5.845263495656774,45.000000000001435,-91.4585922033935
8,1020,1607768,145.746337890625,702,hit,4.7560656762732485,14.03999999999979,160.54428418858294
8,1021,1608560,170.990966796875,717,hit,1.2861892592062352,14.339999999999783,160.4677133170364
8,1022,1609388,-4.306587219238281,2250,timeout,8.959591766291208,45.000000000001435,-67.48663838123329
8,1023,1609860,172.1022491455078,729,hit,2.0465352631339844,14.579999999999778,163.5751783860695
8,1024,1611916,169.22384643554688,839,hit,4.553301259111812,16.77999999999973,166.52617544021805
8,1025,1613088,159.5526123046875,807,hit,3.4916840444155226,16.139999999999745,165.67576780574313
8,1026,1615264,167.00430297851562,837,hit,4.821890263830787,16.739999999999732,167.4205991224232
8,1027,1615968,165.69712829589844,720,hit,3.320918993868921,14.399999999999782,161.41050386037065
8,1028,1616768,15.669303894042969,2250,timeout,5.252214074616467,45.000000000001435,-54.32225823333853
8,1029,1618388,-45.19655990600586,2250,timeout,7.3864918015896,45.000000000001435,-77.45119283533077
8,1030,1619248,171.22024536132812,820,hit,2.0904033714704644,16.39999999999974,171.16303846518258
8,1031,1619428,170.18948364257812,1041,hit,2.64672579290692,20.819999999999645,153.17846019935232
8,1032,1621864,177.62164306640625,1274,hit,2.9494555566599545,25.479999999999546,165.14246732795885
8,1033,1622024,173.89144897460938,909,hit,4.570905932651451,18.1799999999997,165.42895412224834
8,1034,1623112,168.7639923095703,921,hit,4.08220252827407,18.419999999999696,169.57218541993578
8,1035,1624620,164.0592498779297,689,hit,3.3164579948944506,13.779999999999795,159.52800729190972
8,1036,1624876,170.64710998535156,713,hit,1.5301173991972497,14.259999999999785,161.87119619090066
8,1037,1627612,161.765625,748,hit,3.5201017447458613,14.95999999999977,160.64462075023766
8,1038,1628248,3.0347023010253906,2250,timeout,5.545835035359454,45.000000000001435,-86.54895601428878
8,1039,1630648,163.01522827148438,759,hit,3.6007095306564065,15.179999999999765,164.28746843820988
8,1040,1630904,172.17877197265625,1507,hit,2.944191490297926,30.139999999999446,163.37787722273453
8,1041,1632112,-11.591514587402344,2250,timeout,7.187393860782419,45.000000000001435,-75.30368811852384
8,1042,1632468,147.4147491455078,1055,hit,4.296929481629126,21.09999999999964,154.2559767712906
8,1043,1635992,180.35020446777344,881,hit,0.6265092466061684,17.619999999999713,169.26240196936757
8,1044,1636252,174.93885803222656,1401,hit,3.7351061261156158,28.01999999999949,169.86297735194302
8,1045,1637624,161.61257934570312,1378,hit,4.663441009593396,27.5599999999995,156.17814646197
