CP7: evasive lineage | max_time=45s t_go_max=10s | tracking=True | obs=12-D | miss_tanh_scale=3000m shaping_gamma=1 effort_weight=5 precision_weight=50 -> out=outputs/precision_ft/seed6_pw50
---------------------------------
| rollout/           |          |
|    ep_len_mean     | 1.18e+03 |
|    ep_rew_mean     | 97.6     |
| time/              |          |
|    fps             | 1545     |
|    iterations      | 1        |
|    time_elapsed    | 1        |
|    total_timesteps | 1230848  |
---------------------------------
------------------------------------------
| rollout/                |              |
|    ep_len_mean          | 1.16e+03     |
|    ep_rew_mean          | 100          |
| time/                   |              |
|    fps                  | 723          |
|    iterations           | 2            |
|    time_elapsed         | 5            |
|    total_timesteps      | 1232896      |
| train/                  |              |
|    approx_kl            | 0.0061224513 |
|    clip_fraction        | 0.0547       |
|    clip_range           | 0.2          |
|    entropy_loss         | -2.17        |
|    explained_variance   | 0.874        |
|    learning_rate        | 0.0003       |
|    loss                 | 1.15         |
|    n_updates            | 3005         |
|    policy_gradient_loss | -0.00219     |
|    std                  | 0.715        |
|    value_loss           | 5.12         |
------------------------------------------
-----------------------------------------
| rollout/                |             |
|    ep_len_mean          | 1.16e+03    |
|    ep_rew_mean          | 100         |
| time/                   |             |
|    fps                  | 659         |
|    iterations           | 3           |
|    time_elapsed         | 9           |
|    total_timesteps      | 1234944     |
| train/                  |             |
|    approx_kl            | 0.009445138 |
|    clip_fraction        | 0.0818      |
|    clip_range           | 0.2         |
|    entropy_loss         | -2.17       |
|    explained_variance   | 0.737       |
|    learning_rate        | 0.0003      |
|    loss                 | 1.28        |
|    n_updates            | 3010        |
|    policy_gradient_loss | -0.00245    |
|    std                  | 0.716       |
|    value_loss           | 108         |
-----------------------------------------
----------------------------------------
| rollout/                |            |
|    ep_len_mean          | 1.15e+03   |
|    ep_rew_mean          | 103        |
| time/                   |            |
|    fps                  | 643        |
|    iterations           | 4          |
|    time_elapsed         | 12         |
|    total_timesteps      | 1236992    |
| train/                  |            |
|    approx_kl            | 0.09719664 |
|    clip_fraction        | 0.291      |
|    clip_range           | 0.2        |
|    entropy_loss         | -2.17      |
|    explained_variance   | 0.806      |
|    learning_rate        | 0.0003     |
|    loss                 | 2.54       |
|    n_updates            | 3015       |
|    policy_gradient_loss | 0.0177     |
|    std                  | 0.717      |
|    value_loss           | 37.8       |
----------------------------------------
---------------------------------------
| rollout/                |           |
|    ep_len_mean          | 1.13e+03  |
|    ep_rew_mean          | 105       |
| time/                   |           |
|    fps                  | 621       |
|    iterations           | 5         |
|    time_elapsed         | 16        |
|    total_timesteps      | 1239040   |
| train/                  |           |
|    approx_kl            | 0.0079928 |
|    clip_fraction        | 0.0833    |
|    clip_range           | 0.2       |
|    entropy_loss         | -2.17     |
|    explained_variance   | 0.746     |
|    learning_rate        | 0.0003    |
|    loss                 | 4.6       |
|    n_updates            | 3020      |
|    policy_gradient_loss | -0.00219  |
|    std                  | 0.716     |
|    value_loss           | 117       |
---------------------------------------
-----------------------------------------
| rollout/                |             |
|    ep_len_mean          | 1.15e+03    |
|    ep_rew_mean          | 103         |
| time/                   |             |
|    fps                  | 605         |
|    iterations           | 6           |
|    time_elapsed         | 20          |
|    total_timesteps      | 1241088     |
| train/                  |             |
|    approx_kl            | 0.008165516 |
|    clip_fraction        | 0.0384      |
|    clip_range           | 0.2         |
|    entropy_loss         | -2.17       |
|    explained_variance   | 0.733       |
|    learning_rate        | 0.0003      |
|    loss                 | 0.0343      |
|    n_updates            | 3025        |
|    policy_gradient_loss | -0.00309    |
|    std                  | 0.716       |
|    value_loss           | 94.7        |
-----------------------------------------
-----------------------------------------
| rollout/                |             |
|    ep_len_mean          | 1.15e+03    |
|    ep_rew_mean          | 104         |
| time/                   |             |
|    fps                  | 608         |
|    iterations           | 7           |
|    time_elapsed         | 23          |
|    total_timesteps      | 1243136     |
| train/                  |             |
|    approx_kl            | 0.005517493 |
|    clip_fraction        | 0.0626      |
|    clip_range           | 0.2         |
|    entropy_loss         | -2.16       |
|    explained_variance   | 0.827       |
|    learning_rate        | 0.0003      |
|    loss                 | 0.956       |
|    n_updates            | 3030        |
|    policy_gradient_loss | -0.00302    |
|    std                  | 0.714       |
|    value_loss           | 29.1        |
-----------------------------------------
------------------------------------------
| rollout/                |              |
|    ep_len_mean          | 1.16e+03     |
|    ep_rew_mean          | 103          |
| time/                   |              |
|    fps                  | 617          |
|    iterations           | 8            |
|    time_elapsed         | 26           |
|    total_timesteps      | 1245184      |
| train/                  |              |
|    approx_kl            | 0.0061664796 |
|    clip_fraction        | 0.0531       |
|    clip_range           | 0.2          |
|    entropy_loss         | -2.16        |
|    explained_variance   | 0.708        |
|    learning_rate        | 0.0003       |
|    loss                 | 19.5         |
|    n_updates            | 3035         |
|    policy_gradient_loss | 0.0016       |
|    std                  | 0.714        |
|    value_loss           | 58.4         |
------------------------------------------
----------------------------------------
| rollout/                |            |
|    ep_len_mean          | 1.17e+03   |
|    ep_rew_mean          | 101        |
| time/                   |            |
|    fps                  | 620        |
|    iterations           | 9          |
|    time_elapsed         | 29         |
|    total_timesteps      | 1247232    |
| train/                  |            |
|    approx_kl            | 0.08141374 |
|    clip_fraction        | 0.154      |
|    clip_range           | 0.2        |
|    entropy_loss         | -2.16      |
|    explained_variance   | 0.757      |
|    learning_rate        | 0.0003     |
|    loss                 | 26         |
|    n_updates            | 3040       |
|    policy_gradient_loss | 0.00735    |
|    std                  | 0.713      |
|    value_loss           | 80.9       |
----------------------------------------
-----------------------------------------
| rollout/                |             |
|    ep_len_mean          | 1.17e+03    |
|    ep_rew_mean          | 101         |
| time/                   |             |
|    fps                  | 625         |
|    iterations           | 10          |
|    time_elapsed         | 32          |
|    total_timesteps      | 1249280     |
| train/                  |             |
|    approx_kl            | 0.005367315 |
|    clip_fraction        | 0.0843      |
|    clip_range           | 0.2         |
|    entropy_loss         | -2.16       |
|    explained_variance   | 0.61        |
|    learning_rate        | 0.0003      |
|    loss                 | 2.72        |
|    n_updates            | 3045        |
|    policy_gradient_loss | -0.0024     |
|    std                  | 0.712       |
|    value_loss           | 48.8        |
-----------------------------------------
-----------------------------------------
| rollout/                |             |
|    ep_len_mean          | 1.17e+03    |
|    ep_rew_mean          | 102         |
| time/                   |             |
|    fps                  | 630         |
|    iterations           | 11          |
|    time_elapsed         | 35          |
|    total_timesteps      | 1251328     |
| train/                  |             |
|    approx_kl            | 0.004180232 |
|    clip_fraction        | 0.0307      |
|    clip_range           | 0.2         |
|    entropy_loss         | -2.16       |
|    explained_variance   | 0.8         |
|    learning_rate        | 0.0003      |
|    loss                 | 149         |
|    n_updates            | 3050        |
|    policy_gradient_loss | -0.00179    |
|    std                  | 0.713       |
|    value_loss           | 61.5        |
-----------------------------------------
-----------------------------------------
| rollout/                |             |
|    ep_len_mean          | 1.19e+03    |
|    ep_rew_mean          | 100         |
| time/                   |             |
|    fps                  | 638         |
|    iterations           | 12          |
|    time_elapsed         | 38          |
|    total_timesteps      | 1253376     |
| train/                  |             |
|    approx_kl            | 0.012001048 |
|    clip_fraction        | 0.0929      |
|    clip_range           | 0.2         |
|    entropy_loss         | -2.16       |
|    explained_variance   | 0.774       |
|    learning_rate        | 0.0003      |
|    loss                 | 2.89        |
|    n_updates            | 3055        |
|    policy_gradient_loss | 0.0039      |
|    std                  | 0.713       |
|    value_loss           | 60          |
-----------------------------------------
----------------------------------------
| rollout/                |            |
|    ep_len_mean          | 1.19e+03   |
|    ep_rew_mean          | 99.3       |
| time/                   |            |
|    fps                  | 643        |
|    iterations           | 13         |
|    time_elapsed         | 41         |
|    total_timesteps      | 1255424    |
| train/                  |            |
|    approx_kl            | 0.24165317 |
|    clip_fraction        | 0.223      |
|    clip_range           | 0.2        |
|    entropy_loss         | -2.16      |
|    explained_variance   | 0.592      |
|    learning_rate        | 0.0003     |
|    loss                 | 6.04       |
|    n_updates            | 3060       |
|    policy_gradient_loss | 0.0304     |
|    std                  | 0.715      |
|    value_loss           | 17.2       |
----------------------------------------
-----------------------------------------
| rollout/                |             |
|    ep_len_mean          | 1.19e+03    |
|    ep_rew_mean          | 99.3        |
| time/                   |             |
|    fps                  | 644         |
|    iterations           | 14          |
|    time_elapsed         | 44          |
|    total_timesteps      | 1257472     |
| train/                  |             |
|    approx_kl            | 0.059178792 |
|    clip_fraction        | 0.251       |
|    clip_range           | 0.2         |
|    entropy_loss         | -2.16       |
|    explained_variance   | 0.476       |
|    learning_rate        | 0.0003      |
|    loss                 | 166         |
|    n_updates            | 3065        |
|    policy_gradient_loss | 0.021       |
|    std                  | 0.714       |
|    value_loss           | 78.9        |
-----------------------------------------
-----------------------------------------
| rollout/                |             |
|    ep_len_mean          | 1.2e+03     |
|    ep_rew_mean          | 99.9        |
| time/                   |             |
|    fps                  | 651         |
|    iterations           | 15          |
|    time_elapsed         | 47          |
|    total_timesteps      | 1259520     |
| train/                  |             |
|    approx_kl            | 0.015800525 |
|    clip_fraction        | 0.18        |
|    clip_range           | 0.2         |
|    entropy_loss         | -2.16       |
|    explained_variance   | 0.664       |
|    learning_rate        | 0.0003      |
|    loss                 | 1.92        |
|    n_updates            | 3070        |
|    policy_gradient_loss | 0.00544     |
|    std                  | 0.713       |
|    value_loss           | 23          |
-----------------------------------------
-----------------------------------------
| rollout/                |             |
|    ep_len_mean          | 1.19e+03    |
|    ep_rew_mean          | 102         |
| time/                   |             |
|    fps                  | 657         |
|    iterations           | 16          |
|    time_elapsed         | 49          |
|    total_timesteps      | 1261568     |
| train/                  |             |
|    approx_kl            | 0.008122014 |
|    clip_fraction        | 0.0604      |
|    clip_range           | 0.2         |
|    entropy_loss         | -2.16       |
|    explained_variance   | 0.508       |
|    learning_rate        | 0.0003      |
|    loss                 | 0.939       |
|    n_updates            | 3075        |
|    policy_gradient_loss | 0.00107     |
|    std                  | 0.712       |
|    value_loss           | 107         |
-----------------------------------------
-----------------------------------------
| rollout/                |             |
|    ep_len_mean          | 1.18e+03    |
|    ep_rew_mean          | 103         |
| time/                   |             |
|    fps                  | 660         |
|    iterations           | 17          |
|    time_elapsed         | 52          |
|    total_timesteps      | 1263616     |
| train/                  |             |
|    approx_kl            | 0.022108167 |
|    clip_fraction        | 0.187       |
|    clip_range           | 0.2         |
|    entropy_loss         | -2.15       |
|    explained_variance   | 0.665       |
|    learning_rate        | 0.0003      |
|    loss                 | 8.71        |
|    n_updates            | 3080        |
|    policy_gradient_loss | 0.00662     |
|    std                  | 0.71        |
|    value_loss           | 49.1        |
-----------------------------------------
-----------------------------------------
| rollout/                |             |
|    ep_len_mean          | 1.17e+03    |
|    ep_rew_mean          | 105         |
| time/                   |             |
|    fps                  | 662         |
|    iterations           | 18          |
|    time_elapsed         | 55          |
|    total_timesteps      | 1265664     |
| train/                  |             |
|    approx_kl            | 0.005831477 |
|    clip_fraction        | 0.0587      |
|    clip_range           | 0.2         |
|    entropy_loss         | -2.15       |
|    explained_variance   | 0.526       |
|    learning_rate        | 0.0003      |
|    loss                 | 5.22        |
|    n_updates            | 3085        |
|    policy_gradient_loss | -0.00157    |
|    std                  | 0.709       |
|    value_loss           | 60.9        |
-----------------------------------------
----------------------------------------
| rollout/                |            |
|    ep_len_mean          | 1.17e+03   |
|    ep_rew_mean          | 106        |
| time/                   |            |
|    fps                  | 667        |
|    iterations           | 19         |
|    time_elapsed         | 58         |
|    total_timesteps      | 1267712    |
| train/                  |            |
|    approx_kl            | 0.11363747 |
|    clip_fraction        | 0.512      |
|    clip_range           | 0.2        |
|    entropy_loss         | -2.15      |
|    explained_variance   | 0.788      |
|    learning_rate        | 0.0003     |
|    loss                 | 0.754      |
|    n_updates            | 3090       |
|    policy_gradient_loss | 0.0896     |
|    std                  | 0.71       |
|    value_loss           | 64.7       |
----------------------------------------
----------------------------------------
| rollout/                |            |
|    ep_len_mean          | 1.17e+03   |
|    ep_rew_mean          | 106        |
| time/                   |            |
|    fps                  | 669        |
|    iterations           | 20         |
|    time_elapsed         | 61         |
|    total_timesteps      | 1269760    |
| train/                  |            |
|    approx_kl            | 0.03206057 |
|    clip_fraction        | 0.324      |
|    clip_range           | 0.2        |
|    entropy_loss         | -2.15      |
|    explained_variance   | 0.72       |
|    learning_rate        | 0.0003     |
|    loss                 | 1.29       |
|    n_updates            | 3095       |
|    policy_gradient_loss | 0.0221     |
|    std                  | 0.711      |
|    value_loss           | 73         |
----------------------------------------
-----------------------------------------
| rollout/                |             |
|    ep_len_mean          | 1.16e+03    |
|    ep_rew_mean          | 108         |
| time/                   |             |
|    fps                  | 671         |
|    iterations           | 21          |
|    time_elapsed         | 64          |
|    total_timesteps      | 1271808     |
| train/                  |             |
|    approx_kl            | 0.010409466 |
|    clip_fraction        | 0.134       |
|    clip_range           | 0.2         |
|    entropy_loss         | -2.15       |
|    explained_variance   | 0.752       |
|    learning_rate        | 0.0003      |
|    loss                 | 101         |
|    n_updates            | 3100        |
|    policy_gradient_loss | -0.00173    |
|    std                  | 0.709       |
|    value_loss           | 48.6        |
-----------------------------------------
-----------------------------------------
| rollout/                |             |
|    ep_len_mean          | 1.14e+03    |
|    ep_rew_mean          | 110         |
| time/                   |             |
|    fps                  | 673         |
|    iterations           | 22          |
|    time_elapsed         | 66          |
|    total_timesteps      | 1273856     |
| train/                  |             |
|    approx_kl            | 0.005582527 |
|    clip_fraction        | 0.154       |
|    clip_range           | 0.2         |
|    entropy_loss         | -2.15       |
|    explained_variance   | 0.774       |
|    learning_rate        | 0.0003      |
|    loss                 | 87.4        |
|    n_updates            | 3105        |
|    policy_gradient_loss | 0.00319     |
|    std                  | 0.708       |
|    value_loss           | 71.7        |
-----------------------------------------
------------------------------------------
| rollout/                |              |
|    ep_len_mean          | 1.14e+03     |
|    ep_rew_mean          | 113          |
| time/                   |              |
|    fps                  | 672          |
|    iterations           | 23           |
|    time_elapsed         | 70           |
|    total_timesteps      | 1275904      |
| train/                  |              |
|    approx_kl            | 0.0047303806 |
|    clip_fraction        | 0.0258       |
|    clip_range           | 0.2          |
|    entropy_loss         | -2.14        |
|    explained_variance   | 0.814        |
|    learning_rate        | 0.0003       |
|    loss                 | 118          |
|    n_updates            | 3110         |
|    policy_gradient_loss | -0.00147     |
|    std                  | 0.708        |
|    value_loss           | 59.3         |
------------------------------------------
------------------------------------------
| rollout/                |              |
|    ep_len_mean          | 1.14e+03     |
|    ep_rew_mean          | 113          |
| time/                   |              |
|    fps                  | 674          |
|    iterations           | 24           |
|    time_elapsed         | 72           |
|    total_timesteps      | 1277952      |
| train/                  |              |
|    approx_kl            | 0.0060887598 |
|    clip_fraction        | 0.0555       |
|    clip_range           | 0.2          |
|    entropy_loss         | -2.14        |
|    explained_variance   | 0.67         |
|    learning_rate        | 0.0003       |
|    loss                 | 52.5         |
|    n_updates            | 3115         |
|    policy_gradient_loss | -0.00307     |
|    std                  | 0.708        |
|    value_loss           | 108          |
------------------------------------------
-----------------------------------------
| rollout/                |             |
|    ep_len_mean          | 1.14e+03    |
|    ep_rew_mean          | 113         |
| time/                   |             |
|    fps                  | 673         |
|    iterations           | 25          |
|    time_elapsed         | 75          |
|    total_timesteps      | 1280000     |
| train/                  |             |
|    approx_kl            | 0.016649414 |
|    clip_fraction        | 0.12        |
|    clip_range           | 0.2         |
|    entropy_loss         | -2.14       |
|    explained_variance   | 0.786       |
|    learning_rate        | 0.0003      |
|    loss                 | 1.88        |
|    n_updates            | 3120        |
|    policy_gradient_loss | 0.00365     |
|    std                  | 0.708       |
|    value_loss           | 38.7        |
-----------------------------------------
-----------------------------------------
| rollout/                |             |
|    ep_len_mean          | 1.14e+03    |
|    ep_rew_mean          | 113         |
| time/                   |             |
|    fps                  | 671         |
|    iterations           | 26          |
|    time_elapsed         | 79          |
|    total_timesteps      | 1282048     |
| train/                  |             |
|    approx_kl            | 0.008886186 |
|    clip_fraction        | 0.0353      |
|    clip_range           | 0.2         |
|    entropy_loss         | -2.14       |
|    explained_variance   | 0.799       |
|    learning_rate        | 0.0003      |
|    loss                 | 0.409       |
|    n_updates            | 3125        |
|    policy_gradient_loss | -0.00234    |
|    std                  | 0.708       |
|    value_loss           | 86          |
-----------------------------------------
-----------------------------------------
| rollout/                |             |
|    ep_len_mean          | 1.17e+03    |
|    ep_rew_mean          | 112         |
| time/                   |             |
|    fps                  | 672         |
|    iterations           | 27          |
|    time_elapsed         | 82          |
|    total_timesteps      | 1284096     |
| train/                  |             |
|    approx_kl            | 0.045956764 |
|    clip_fraction        | 0.161       |
|    clip_range           | 0.2         |
|    entropy_loss         | -2.15       |
|    explained_variance   | 0.603       |
|    learning_rate        | 0.0003      |
|    loss                 | 2.64        |
|    n_updates            | 3130        |
|    policy_gradient_loss | 0.00912     |
|    std                  | 0.709       |
|    value_loss           | 29.2        |
-----------------------------------------
-----------------------------------------
| rollout/                |             |
|    ep_len_mean          | 1.16e+03    |
|    ep_rew_mean          | 114         |
| time/                   |             |
|    fps                  | 672         |
|    iterations           | 28          |
|    time_elapsed         | 85          |
|    total_timesteps      | 1286144     |
| train/                  |             |
|    approx_kl            | 0.007081934 |
|    clip_fraction        | 0.0753      |
|    clip_range           | 0.2         |
|    entropy_loss         | -2.15       |
|    explained_variance   | 0.753       |
|    learning_rate        | 0.0003      |
|    loss                 | 39.5        |
|    n_updates            | 3135        |
|    policy_gradient_loss | -0.00521    |
|    std                  | 0.709       |
|    value_loss           | 63.2        |
-----------------------------------------
-----------------------------------------
| rollout/                |             |
|    ep_len_mean          | 1.17e+03    |
|    ep_rew_mean          | 113         |
| time/                   |             |
|    fps                  | 677         |
|    iterations           | 29          |
|    time_elapsed         | 87          |
|    total_timesteps      | 1288192     |
| train/                  |             |
|    approx_kl            | 0.012304988 |
|    clip_fraction        | 0.101       |
|    clip_range           | 0.2         |
|    entropy_loss         | -2.15       |
|    explained_variance   | 0.73        |
|    learning_rate        | 0.0003      |
|    loss                 | 67.3        |
|    n_updates            | 3140        |
|    policy_gradient_loss | -0.000155   |
|    std                  | 0.709       |
|    value_loss           | 80.6        |
-----------------------------------------
-----------------------------------------
| rollout/                |             |
|    ep_len_mean          | 1.13e+03    |
|    ep_rew_mean          | 119         |
| time/                   |             |
|    fps                  | 681         |
|    iterations           | 30          |
|    time_elapsed         | 90          |
|    total_timesteps      | 1290240     |
| train/                  |             |
|    approx_kl            | 0.015104155 |
|    clip_fraction        | 0.197       |
|    clip_range           | 0.2         |
|    entropy_loss         | -2.15       |
|    explained_variance   | 0.793       |
|    learning_rate        | 0.0003      |
|    loss                 | 2.72        |
|    n_updates            | 3145        |
|    policy_gradient_loss | 0.000753    |
|    std                  | 0.709       |
|    value_loss           | 65.2        |
-----------------------------------------
------------------------------------------
| rollout/                |              |
|    ep_len_mean          | 1.12e+03     |
|    ep_rew_mean          | 119          |
| time/                   |              |
|    fps                  | 683          |
|    iterations           | 31           |
|    time_elapsed         | 92           |
|    total_timesteps      | 1292288      |
| train/                  |              |
|    approx_kl            | 0.0066542095 |
|    clip_fraction        | 0.0612       |
|    clip_range           | 0.2          |
|    entropy_loss         | -2.14        |
|    explained_variance   | 0.773        |
|    learning_rate        | 0.0003       |
|    loss                 | 10.8         |
|    n_updates            | 3150         |
|    policy_gradient_loss | -0.00274     |
|    std                  | 0.707        |
|    value_loss           | 119          |
------------------------------------------
-----------------------------------------
| rollout/                |             |
|    ep_len_mean          | 1.12e+03    |
|    ep_rew_mean          | 120         |
| time/                   |             |
|    fps                  | 689         |
|    iterations           | 32          |
|    time_elapsed         | 95          |
|    total_timesteps      | 1294336     |
| train/                  |             |
|    approx_kl            | 0.009051773 |
|    clip_fraction        | 0.0496      |
|    clip_range           | 0.2         |
|    entropy_loss         | -2.14       |
|    explained_variance   | 0.813       |
|    learning_rate        | 0.0003      |
|    loss                 | 145         |
|    n_updates            | 3155        |
|    policy_gradient_loss | -0.000349   |
|    std                  | 0.708       |
|    value_loss           | 39.7        |
-----------------------------------------
------------------------------------------
| rollout/                |              |
|    ep_len_mean          | 1.12e+03     |
|    ep_rew_mean          | 120          |
| time/                   |              |
|    fps                  | 696          |
|    iterations           | 33           |
|    time_elapsed         | 97           |
|    total_timesteps      | 1296384      |
| train/                  |              |
|    approx_kl            | 0.0058222963 |
|    clip_fraction        | 0.0767       |
|    clip_range           | 0.2          |
|    entropy_loss         | -2.15        |
|    explained_variance   | 0.782        |
|    learning_rate        | 0.0003       |
|    loss                 | 3.07         |
|    n_updates            | 3160         |
|    policy_gradient_loss | -0.000681    |
|    std                  | 0.709        |
|    value_loss           | 61.8         |
------------------------------------------
-----------------------------------------
| rollout/                |             |
|    ep_len_mean          | 1.12e+03    |
|    ep_rew_mean          | 120         |
| time/                   |             |
|    fps                  | 702         |
|    iterations           | 34          |
|    time_elapsed         | 99          |
|    total_timesteps      | 1298432     |
| train/                  |             |
|    approx_kl            | 0.009410106 |
|    clip_fraction        | 0.0873      |
|    clip_range           | 0.2         |
|    entropy_loss         | -2.15       |
|    explained_variance   | 0.814       |
|    learning_rate        | 0.0003      |
|    loss                 | 130         |
|    n_updates            | 3165        |
|    policy_gradient_loss | 0.00176     |
|    std                  | 0.708       |
|    value_loss           | 96.8        |
-----------------------------------------
-----------------------------------------
| rollout/                |             |
|    ep_len_mean          | 1.13e+03    |
|    ep_rew_mean          | 119         |
| time/                   |             |
|    fps                  | 709         |
|    iterations           | 35          |
|    time_elapsed         | 101         |
|    total_timesteps      | 1300480     |
| train/                  |             |
|    approx_kl            | 0.017162023 |
|    clip_fraction        | 0.119       |
|    clip_range           | 0.2         |
|    entropy_loss         | -2.14       |
|    explained_variance   | 0.977       |
|    learning_rate        | 0.0003      |
|    loss                 | 0.635       |
|    n_updates            | 3170        |
|    policy_gradient_loss | -0.00222    |
|    std                  | 0.707       |
|    value_loss           | 34          |
-----------------------------------------
-----------------------------------------
| rollout/                |             |
|    ep_len_mean          | 1.12e+03    |
|    ep_rew_mean          | 120         |
| time/                   |             |
|    fps                  | 715         |
|    iterations           | 36          |
|    time_elapsed         | 103         |
|    total_timesteps      | 1302528     |
| train/                  |             |
|    approx_kl            | 0.011942153 |
|    clip_fraction        | 0.124       |
|    clip_range           | 0.2         |
|    entropy_loss         | -2.14       |
|    explained_variance   | 0.842       |
|    learning_rate        | 0.0003      |
|    loss                 | 37.9        |
|    n_updates            | 3175        |
|    policy_gradient_loss | 0.00171     |
|    std                  | 0.707       |
|    value_loss           | 52.5        |
-----------------------------------------
-----------------------------------------
| rollout/                |             |
|    ep_len_mean          | 1.12e+03    |
|    ep_rew_mean          | 122         |
| time/                   |             |
|    fps                  | 720         |
|    iterations           | 37          |
|    time_elapsed         | 105         |
|    total_timesteps      | 1304576     |
| train/                  |             |
|    approx_kl            | 0.010469678 |
|    clip_fraction        | 0.153       |
|    clip_range           | 0.2         |
|    entropy_loss         | -2.14       |
|    explained_variance   | 0.882       |
|    learning_rate        | 0.0003      |
|    loss                 | 0.904       |
|    n_updates            | 3180        |
|    policy_gradient_loss | -0.00327    |
|    std                  | 0.706       |
|    value_loss           | 28.9        |
-----------------------------------------
-----------------------------------------
| rollout/                |             |
|    ep_len_mean          | 1.12e+03    |
|    ep_rew_mean          | 123         |
| time/                   |             |
|    fps                  | 723         |
|    iterations           | 38          |
|    time_elapsed         | 107         |
|    total_timesteps      | 1306624     |
| train/                  |             |
|    approx_kl            | 0.049798325 |
|    clip_fraction        | 0.211       |
|    clip_range           | 0.2         |
|    entropy_loss         | -2.14       |
|    explained_variance   | 0.778       |
|    learning_rate        | 0.0003      |
|    loss                 | 114         |
|    n_updates            | 3185        |
|    policy_gradient_loss | 0.0083      |
|    std                  | 0.706       |
|    value_loss           | 98          |
-----------------------------------------
-----------------------------------------
| rollout/                |             |
|    ep_len_mean          | 1.11e+03    |
|    ep_rew_mean          | 124         |
| time/                   |             |
|    fps                  | 728         |
|    iterations           | 39          |
|    time_elapsed         | 109         |
|    total_timesteps      | 1308672     |
| train/                  |             |
|    approx_kl            | 0.016011685 |
|    clip_fraction        | 0.148       |
|    clip_range           | 0.2         |
|    entropy_loss         | -2.14       |
|    explained_variance   | 0.873       |
|    learning_rate        | 0.0003      |
|    loss                 | 2.79        |
|    n_updates            | 3190        |
|    policy_gradient_loss | -0.00405    |
|    std                  | 0.704       |
|    value_loss           | 26.6        |
-----------------------------------------
-----------------------------------------
| rollout/                |             |
|    ep_len_mean          | 1.12e+03    |
|    ep_rew_mean          | 124         |
| time/                   |             |
|    fps                  | 730         |
|    iterations           | 40          |
|    time_elapsed         | 112         |
|    total_timesteps      | 1310720     |
| train/                  |             |
|    approx_kl            | 0.009188013 |
|    clip_fraction        | 0.114       |
|    clip_range           | 0.2         |
|    entropy_loss         | -2.13       |
|    explained_variance   | 0.823       |
|    learning_rate        | 0.0003      |
|    loss                 | 2.48        |
|    n_updates            | 3195        |
|    policy_gradient_loss | -0.000197   |
|    std                  | 0.704       |
|    value_loss           | 91.7        |
-----------------------------------------
-----------------------------------------
| rollout/                |             |
|    ep_len_mean          | 1.12e+03    |
|    ep_rew_mean          | 123         |
| time/                   |             |
|    fps                  | 734         |
|    iterations           | 41          |
|    time_elapsed         | 114         |
|    total_timesteps      | 1312768     |
| train/                  |             |
|    approx_kl            | 0.010601286 |
|    clip_fraction        | 0.155       |
|    clip_range           | 0.2         |
|    entropy_loss         | -2.13       |
|    explained_variance   | 0.813       |
|    learning_rate        | 0.0003      |
|    loss                 | 2.29        |
|    n_updates            | 3200        |
|    policy_gradient_loss | 0.00728     |
|    std                  | 0.704       |
|    value_loss           | 41.3        |
-----------------------------------------
------------------------------------------
| rollout/                |              |
|    ep_len_mean          | 1.11e+03     |
|    ep_rew_mean          | 125          |
| time/                   |              |
|    fps                  | 737          |
|    iterations           | 42           |
|    time_elapsed         | 116          |
|    total_timesteps      | 1314816      |
| train/                  |              |
|    approx_kl            | 0.0068084816 |
|    clip_fraction        | 0.0289       |
|    clip_range           | 0.2          |
|    entropy_loss         | -2.13        |
|    explained_variance   | 0.742        |
|    learning_rate        | 0.0003       |
|    loss                 | 15.3         |
|    n_updates            | 3205         |
|    policy_gradient_loss | -0.00121     |
|    std                  | 0.703        |
|    value_loss           | 85.6         |
------------------------------------------
------------------------------------------
| rollout/                |              |
|    ep_len_mean          | 1.1e+03      |
|    ep_rew_mean          | 127          |
| time/                   |              |
|    fps                  | 740          |
|    iterations           | 43           |
|    time_elapsed         | 118          |
|    total_timesteps      | 1316864      |
| train/                  |              |
|    approx_kl            | 0.0059856423 |
|    clip_fraction        | 0.0555       |
|    clip_range           | 0.2          |
|    entropy_loss         | -2.13        |
|    explained_variance   | 0.853        |
|    learning_rate        | 0.0003       |
|    loss                 | 1.77         |
|    n_updates            | 3210         |
|    policy_gradient_loss | -0.00211     |
|    std                  | 0.702        |
|    value_loss           | 38.3         |
------------------------------------------
-----------------------------------------
| rollout/                |             |
|    ep_len_mean          | 1.11e+03    |
|    ep_rew_mean          | 126         |
| time/                   |             |
|    fps                  | 743         |
|    iterations           | 44          |
|    time_elapsed         | 121         |
|    total_timesteps      | 1318912     |
| train/                  |             |
|    approx_kl            | 0.002006474 |
|    clip_fraction        | 0.0292      |
|    clip_range           | 0.2         |
|    entropy_loss         | -2.13       |
|    explained_variance   | 0.834       |
|    learning_rate        | 0.0003      |
|    loss                 | 1.33        |
|    n_updates            | 3215        |
|    policy_gradient_loss | -0.00136    |
|    std                  | 0.701       |
|    value_loss           | 70.5        |
-----------------------------------------
-----------------------------------------
| rollout/                |             |
|    ep_len_mean          | 1.11e+03    |
|    ep_rew_mean          | 126         |
| time/                   |             |
|    fps                  | 745         |
|    iterations           | 45          |
|    time_elapsed         | 123         |
|    total_timesteps      | 1320960     |
| train/                  |             |
|    approx_kl            | 0.026544895 |
|    clip_fraction        | 0.162       |
|    clip_range           | 0.2         |
|    entropy_loss         | -2.12       |
|    explained_variance   | 0.719       |
|    learning_rate        | 0.0003      |
|    loss                 | 0.698       |
|    n_updates            | 3220        |
|    policy_gradient_loss | 0.002       |
|    std                  | 0.699       |
|    value_loss           | 61.1        |
-----------------------------------------
-----------------------------------------
| rollout/                |             |
|    ep_len_mean          | 1.13e+03    |
|    ep_rew_mean          | 124         |
| time/                   |             |
|    fps                  | 749         |
|    iterations           | 46          |
|    time_elapsed         | 125         |
|    total_timesteps      | 1323008     |
| train/                  |             |
|    approx_kl            | 0.058194198 |
|    clip_fraction        | 0.434       |
|    clip_range           | 0.2         |
|    entropy_loss         | -2.12       |
|    explained_variance   | 0.8         |
|    learning_rate        | 0.0003      |
|    loss                 | 3.3         |
|    n_updates            | 3225        |
|    policy_gradient_loss | 0.0503      |
|    std                  | 0.699       |
|    value_loss           | 25          |
-----------------------------------------
-----------------------------------------
| rollout/                |             |
|    ep_len_mean          | 1.13e+03    |
|    ep_rew_mean          | 124         |
| time/                   |             |
|    fps                  | 749         |
|    iterations           | 47          |
|    time_elapsed         | 128         |
|    total_timesteps      | 1325056     |
| train/                  |             |
|    approx_kl            | 0.011618391 |
|    clip_fraction        | 0.121       |
|    clip_range           | 0.2         |
|    entropy_loss         | -2.12       |
|    explained_variance   | 0.647       |
|    learning_rate        | 0.0003      |
|    loss                 | 1.56        |
|    n_updates            | 3230        |
|    policy_gradient_loss | 0.00137     |
|    std                  | 0.699       |
|    value_loss           | 50.8        |
-----------------------------------------
----------------------------------------
| rollout/                |            |
|    ep_len_mean          | 1.14e+03   |
|    ep_rew_mean          | 123        |
| time/                   |            |
|    fps                  | 752        |
|    iterations           | 48         |
|    time_elapsed         | 130        |
|    total_timesteps      | 1327104    |
| train/                  |            |
|    approx_kl            | 0.02013836 |
|    clip_fraction        | 0.288      |
|    clip_range           | 0.2        |
|    entropy_loss         | -2.11      |
|    explained_variance   | 0.751      |
|    learning_rate        | 0.0003     |
|    loss                 | 0.42       |
|    n_updates            | 3235       |
|    policy_gradient_loss | 0.0186     |
|    std                  | 0.696      |
|    value_loss           | 71         |
----------------------------------------
-----------------------------------------
| rollout/                |             |
|    ep_len_mean          | 1.14e+03    |
|    ep_rew_mean          | 124         |
| time/                   |             |
|    fps                  | 753         |
|    iterations           | 49          |
|    time_elapsed         | 133         |
|    total_timesteps      | 1329152     |
| train/                  |             |
|    approx_kl            | 0.017877117 |
|    clip_fraction        | 0.224       |
|    clip_range           | 0.2         |
|    entropy_loss         | -2.11       |
|    explained_variance   | 0.834       |
|    learning_rate        | 0.0003      |
|    loss                 | 2.71        |
|    n_updates            | 3240        |
|    policy_gradient_loss | 0.00601     |
|    std                  | 0.695       |
|    value_loss           | 33          |
-----------------------------------------
-----------------------------------------
| rollout/                |             |
|    ep_len_mean          | 1.16e+03    |
|    ep_rew_mean          | 123         |
| time/                   |             |
|    fps                  | 753         |
|    iterations           | 50          |
|    time_elapsed         | 135         |
|    total_timesteps      | 1331200     |
| train/                  |             |
|    approx_kl            | 0.024258431 |
|    clip_fraction        | 0.184       |
|    clip_range           | 0.2         |
|    entropy_loss         | -2.11       |
|    explained_variance   | 0.873       |
|    learning_rate        | 0.0003      |
|    loss                 | 1.47        |
|    n_updates            | 3245        |
|    policy_gradient_loss | 0.00258     |
|    std                  | 0.694       |
|    value_loss           | 30          |
-----------------------------------------
-----------------------------------------
| rollout/                |             |
|    ep_len_mean          | 1.16e+03    |
|    ep_rew_mean          | 123         |
| time/                   |             |
|    fps                  | 756         |
|    iterations           | 51          |
|    time_elapsed         | 138         |
|    total_timesteps      | 1333248     |
| train/                  |             |
|    approx_kl            | 0.006693311 |
|    clip_fraction        | 0.0659      |
|    clip_range           | 0.2         |
|    entropy_loss         | -2.11       |
|    explained_variance   | 0.815       |
|    learning_rate        | 0.0003      |
|    loss                 | 3.78        |
|    n_updates            | 3250        |
|    policy_gradient_loss | -0.00328    |
|    std                  | 0.694       |
|    value_loss           | 54          |
-----------------------------------------
----------------------------------------
| rollout/                |            |
|    ep_len_mean          | 1.17e+03   |
|    ep_rew_mean          | 122        |
| time/                   |            |
|    fps                  | 755        |
|    iterations           | 52         |
|    time_elapsed         | 140        |
|    total_timesteps      | 1335296    |
| train/                  |            |
|    approx_kl            | 0.02777375 |
|    clip_fraction        | 0.168      |
|    clip_range           | 0.2        |
|    entropy_loss         | -2.1       |
|    explained_variance   | 0.92       |
|    learning_rate        | 0.0003     |
|    loss                 | 4.53       |
|    n_updates            | 3255       |
|    policy_gradient_loss | 0.00306    |
|    std                  | 0.692      |
|    value_loss           | 32         |
----------------------------------------
-----------------------------------------
| rollout/                |             |
|    ep_len_mean          | 1.17e+03    |
|    ep_rew_mean          | 122         |
| time/                   |             |
|    fps                  | 755         |
|    iterations           | 53          |
|    time_elapsed         | 143         |
|    total_timesteps      | 1337344     |
| train/                  |             |
|    approx_kl            | 0.012392419 |
|    clip_fraction        | 0.106       |
|    clip_range           | 0.2         |
|    entropy_loss         | -2.1        |
|    explained_variance   | 0.863       |
|    learning_rate        | 0.0003      |
|    loss                 | 13.4        |
|    n_updates            | 3260        |
|    policy_gradient_loss | -0.00256    |
|    std                  | 0.692       |
|    value_loss           | 65.2        |
-----------------------------------------
-----------------------------------------
| rollout/                |             |
|    ep_len_mean          | 1.17e+03    |
|    ep_rew_mean          | 123         |
| time/                   |             |
|    fps                  | 753         |
|    iterations           | 54          |
|    time_elapsed         | 146         |
|    total_timesteps      | 1339392     |
| train/                  |             |
|    approx_kl            | 0.010657225 |
|    clip_fraction        | 0.099       |
|    clip_range           | 0.2         |
|    entropy_loss         | -2.1        |
|    explained_variance   | 0.792       |
|    learning_rate        | 0.0003      |
|    loss                 | 115         |
|    n_updates            | 3265        |
|    policy_gradient_loss | -0.000969   |
|    std                  | 0.691       |
|    value_loss           | 73          |
-----------------------------------------
-----------------------------------------
| rollout/                |             |
|    ep_len_mean          | 1.18e+03    |
|    ep_rew_mean          | 122         |
| time/                   |             |
|    fps                  | 754         |
|    iterations           | 55          |
|    time_elapsed         | 149         |
|    total_timesteps      | 1341440     |
| train/                  |             |
|    approx_kl            | 0.007519707 |
|    clip_fraction        | 0.0567      |
|    clip_range           | 0.2         |
|    entropy_loss         | -2.1        |
|    explained_variance   | 0.815       |
|    learning_rate        | 0.0003      |
|    loss                 | 7.62        |
|    n_updates            | 3270        |
|    policy_gradient_loss | -0.000381   |
|    std                  | 0.69        |
|    value_loss           | 72.6        |
-----------------------------------------
-----------------------------------------
| rollout/                |             |
|    ep_len_mean          | 1.17e+03    |
|    ep_rew_mean          | 122         |
| time/                   |             |
|    fps                  | 753         |
|    iterations           | 56          |
|    time_elapsed         | 152         |
|    total_timesteps      | 1343488     |
| train/                  |             |
|    approx_kl            | 0.037452273 |
|    clip_fraction        | 0.214       |
|    clip_range           | 0.2         |
|    entropy_loss         | -2.09       |
|    explained_variance   | 0.881       |
|    learning_rate        | 0.0003      |
|    loss                 | 1.35        |
|    n_updates            | 3275        |
|    policy_gradient_loss | 0.00415     |
|    std                  | 0.689       |
|    value_loss           | 52.9        |
-----------------------------------------
-----------------------------------------
| rollout/                |             |
|    ep_len_mean          | 1.18e+03    |
|    ep_rew_mean          | 123         |
| time/                   |             |
|    fps                  | 751         |
|    iterations           | 57          |
|    time_elapsed         | 155         |
|    total_timesteps      | 1345536     |
| train/                  |             |
|    approx_kl            | 0.018462457 |
|    clip_fraction        | 0.212       |
|    clip_range           | 0.2         |
|    entropy_loss         | -2.09       |
|    explained_variance   | 0.908       |
|    learning_rate        | 0.0003      |
|    loss                 | 0.772       |
|    n_updates            | 3280        |
|    policy_gradient_loss | 0.00831     |
|    std                  | 0.688       |
|    value_loss           | 35.8        |
-----------------------------------------
-----------------------------------------
| rollout/                |             |
|    ep_len_mean          | 1.18e+03    |
|    ep_rew_mean          | 123         |
| time/                   |             |
|    fps                  | 751         |
|    iterations           | 58          |
|    time_elapsed         | 158         |
|    total_timesteps      | 1347584     |
| train/                  |             |
|    approx_kl            | 0.019245457 |
|    clip_fraction        | 0.167       |
|    clip_range           | 0.2         |
|    entropy_loss         | -2.09       |
|    explained_variance   | 0.773       |
|    learning_rate        | 0.0003      |
|    loss                 | 62.7        |
|    n_updates            | 3285        |
|    policy_gradient_loss | 0.00685     |
|    std                  | 0.688       |
|    value_loss           | 63.5        |
-----------------------------------------
----------------------------------------
| rollout/                |            |
|    ep_len_mean          | 1.18e+03   |
|    ep_rew_mean          | 124        |
| time/                   |            |
|    fps                  | 753        |
|    iterations           | 59         |
|    time_elapsed         | 160        |
|    total_timesteps      | 1349632    |
| train/                  |            |
|    approx_kl            | 0.00909753 |
|    clip_fraction        | 0.0864     |
|    clip_range           | 0.2        |
|    entropy_loss         | -2.09      |
|    explained_variance   | 0.876      |
|    learning_rate        | 0.0003     |
|    loss                 | 2.36       |
|    n_updates            | 3290       |
|    policy_gradient_loss | 0.00273    |
|    std                  | 0.687      |
|    value_loss           | 36         |
----------------------------------------
-----------------------------------------
| rollout/                |             |
|    ep_len_mean          | 1.18e+03    |
|    ep_rew_mean          | 125         |
| time/                   |             |
|    fps                  | 752         |
|    iterations           | 60          |
|    time_elapsed         | 163         |
|    total_timesteps      | 1351680     |
| train/                  |             |
|    approx_kl            | 0.007864131 |
|    clip_fraction        | 0.122       |
|    clip_range           | 0.2         |
|    entropy_loss         | -2.08       |
|    explained_variance   | 0.76        |
|    learning_rate        | 0.0003      |
|    loss                 | 4.93        |
|    n_updates            | 3295        |
|    policy_gradient_loss | -0.00191    |
|    std                  | 0.686       |
|    value_loss           | 91.2        |
-----------------------------------------
-----------------------------------------
| rollout/                |             |
|    ep_len_mean          | 1.19e+03    |
|    ep_rew_mean          | 125         |
| time/                   |             |
|    fps                  | 749         |
|    iterations           | 61          |
|    time_elapsed         | 166         |
|    total_timesteps      | 1353728     |
| train/                  |             |
|    approx_kl            | 0.034878463 |
|    clip_fraction        | 0.171       |
|    clip_range           | 0.2         |
|    entropy_loss         | -2.08       |
|    explained_variance   | 0.847       |
|    learning_rate        | 0.0003      |
|    loss                 | 1.54        |
|    n_updates            | 3300        |
|    policy_gradient_loss | 0.0028      |
|    std                  | 0.686       |
|    value_loss           | 63.6        |
-----------------------------------------
-----------------------------------------
| rollout/                |             |
|    ep_len_mean          | 1.19e+03    |
|    ep_rew_mean          | 125         |
| time/                   |             |
|    fps                  | 747         |
|    iterations           | 62          |
|    time_elapsed         | 169         |
|    total_timesteps      | 1355776     |
| train/                  |             |
|    approx_kl            | 0.004212854 |
|    clip_fraction        | 0.051       |
|    clip_range           | 0.2         |
|    entropy_loss         | -2.08       |
|    explained_variance   | 0.859       |
|    learning_rate        | 0.0003      |
|    loss                 | 121         |
|    n_updates            | 3305        |
|    policy_gradient_loss | -0.000978   |
|    std                  | 0.686       |
|    value_loss           | 64.5        |
-----------------------------------------
-----------------------------------------
| rollout/                |             |
|    ep_len_mean          | 1.18e+03    |
|    ep_rew_mean          | 127         |
| time/                   |             |
|    fps                  | 746         |
|    iterations           | 63          |
|    time_elapsed         | 172         |
|    total_timesteps      | 1357824     |
| train/                  |             |
|    approx_kl            | 0.007545252 |
|    clip_fraction        | 0.0514      |
|    clip_range           | 0.2         |
|    entropy_loss         | -2.08       |
|    explained_variance   | 0.847       |
|    learning_rate        | 0.0003      |
|    loss                 | 1.05        |
|    n_updates            | 3310        |
|    policy_gradient_loss | -0.00176    |
|    std                  | 0.685       |
|    value_loss           | 39.6        |
-----------------------------------------
------------------------------------------
| rollout/                |              |
|    ep_len_mean          | 1.18e+03     |
|    ep_rew_mean          | 127          |
| time/                   |              |
|    fps                  | 745          |
|    iterations           | 64           |
|    time_elapsed         | 175          |
|    total_timesteps      | 1359872      |
| train/                  |              |
|    approx_kl            | 0.0073085353 |
|    clip_fraction        | 0.0929       |
|    clip_range           | 0.2          |
|    entropy_loss         | -2.08        |
|    explained_variance   | 0.751        |
|    learning_rate        | 0.0003       |
|    loss                 | 51.4         |
|    n_updates            | 3315         |
|    policy_gradient_loss | -0.00313     |
|    std                  | 0.685        |
|    value_loss           | 119          |
------------------------------------------
-----------------------------------------
| rollout/                |             |
|    ep_len_mean          | 1.18e+03    |
|    ep_rew_mean          | 127         |
| time/                   |             |
|    fps                  | 746         |
|    iterations           | 65          |
|    time_elapsed         | 178         |
|    total_timesteps      | 1361920     |
| train/                  |             |
|    approx_kl            | 0.009313952 |
|    clip_fraction        | 0.239       |
|    clip_range           | 0.2         |
|    entropy_loss         | -2.08       |
|    explained_variance   | 0.943       |
|    learning_rate        | 0.0003      |
|    loss                 | 4.33        |
|    n_updates            | 3320        |
|    policy_gradient_loss | 0.0237      |
|    std                  | 0.684       |
|    value_loss           | 4.48        |
-----------------------------------------
----------------------------------------
| rollout/                |            |
|    ep_len_mean          | 1.18e+03   |
|    ep_rew_mean          | 127        |
| time/                   |            |
|    fps                  | 745        |
|    iterations           | 66         |
|    time_elapsed         | 181        |
|    total_timesteps      | 1363968    |
| train/                  |            |
|    approx_kl            | 0.01654677 |
|    clip_fraction        | 0.123      |
|    clip_range           | 0.2        |
|    entropy_loss         | -2.07      |
|    explained_variance   | 0.818      |
|    learning_rate        | 0.0003     |
|    loss                 | 1.04       |
|    n_updates            | 3325       |
|    policy_gradient_loss | 0.00297    |
|    std                  | 0.683      |
|    value_loss           | 107        |
----------------------------------------
------------------------------------------
| rollout/                |              |
|    ep_len_mean          | 1.17e+03     |
|    ep_rew_mean          | 129          |
| time/                   |              |
|    fps                  | 747          |
|    iterations           | 67           |
|    time_elapsed         | 183          |
|    total_timesteps      | 1366016      |
| train/                  |              |
|    approx_kl            | 0.0057419576 |
|    clip_fraction        | 0.118        |
|    clip_range           | 0.2          |
|    entropy_loss         | -2.07        |
|    explained_variance   | 0.943        |
|    learning_rate        | 0.0003       |
|    loss                 | 1.06         |
|    n_updates            | 3330         |
|    policy_gradient_loss | -0.00134     |
|    std                  | 0.683        |
|    value_loss           | 11.6         |
------------------------------------------
------------------------------------------
| rollout/                |              |
|    ep_len_mean          | 1.16e+03     |
|    ep_rew_mean          | 130          |
| time/                   |              |
|    fps                  | 749          |
|    iterations           | 68           |
|    time_elapsed         | 185          |
|    total_timesteps      | 1368064      |
| train/                  |              |
|    approx_kl            | 0.0099993935 |
|    clip_fraction        | 0.212        |
|    clip_range           | 0.2          |
|    entropy_loss         | -2.07        |
|    explained_variance   | 0.82         |
|    learning_rate        | 0.0003       |
|    loss                 | 3.34         |
|    n_updates            | 3335         |
|    policy_gradient_loss | 0.0099       |
|    std                  | 0.682        |
|    value_loss           | 73.6         |
------------------------------------------
-----------------------------------------
| rollout/                |             |
|    ep_len_mean          | 1.14e+03    |
|    ep_rew_mean          | 132         |
| time/                   |             |
|    fps                  | 751         |
|    iterations           | 69          |
|    time_elapsed         | 187         |
|    total_timesteps      | 1370112     |
| train/                  |             |
|    approx_kl            | 0.008393739 |
|    clip_fraction        | 0.0709      |
|    clip_range           | 0.2         |
|    entropy_loss         | -2.07       |
|    explained_variance   | 0.848       |
|    learning_rate        | 0.0003      |
|    loss                 | 1.05        |
|    n_updates            | 3340        |
|    policy_gradient_loss | -0.00263    |
|    std                  | 0.682       |
|    value_loss           | 55.6        |
-----------------------------------------
----------------------------------------
| rollout/                |            |
|    ep_len_mean          | 1.14e+03   |
|    ep_rew_mean          | 132        |
| time/                   |            |
|    fps                  | 753        |
|    iterations           | 70         |
|    time_elapsed         | 190        |
|    total_timesteps      | 1372160    |
| train/                  |            |
|    approx_kl            | 0.06787785 |
|    clip_fraction        | 0.289      |
|    clip_range           | 0.2        |
|    entropy_loss         | -2.07      |
|    explained_variance   | 0.854      |
|    learning_rate        | 0.0003     |
|    loss                 | 1.23       |
|    n_updates            | 3345       |
|    policy_gradient_loss | 0.0171     |
|    std                  | 0.68       |
|    value_loss           | 40         |
----------------------------------------
-----------------------------------------
| rollout/                |             |
|    ep_len_mean          | 1.14e+03    |
|    ep_rew_mean          | 134         |
| time/                   |             |
|    fps                  | 756         |
|    iterations           | 71          |
|    time_elapsed         | 192         |
|    total_timesteps      | 1374208     |
| train/                  |             |
|    approx_kl            | 0.014465126 |
|    clip_fraction        | 0.187       |
|    clip_range           | 0.2         |
|    entropy_loss         | -2.06       |
|    explained_variance   | 0.789       |
|    learning_rate        | 0.0003      |
|    loss                 | 2.06        |
|    n_updates            | 3350        |
|    policy_gradient_loss | 0.000627    |
|    std                  | 0.68        |
|    value_loss           | 71.9        |
-----------------------------------------
-----------------------------------------
| rollout/                |             |
|    ep_len_mean          | 1.13e+03    |
|    ep_rew_mean          | 134         |
| time/                   |             |
|    fps                  | 758         |
|    iterations           | 72          |
|    time_elapsed         | 194         |
|    total_timesteps      | 1376256     |
| train/                  |             |
|    approx_kl            | 0.011980737 |
|    clip_fraction        | 0.198       |
|    clip_range           | 0.2         |
|    entropy_loss         | -2.06       |
|    explained_variance   | 0.86        |
|    learning_rate        | 0.0003      |
|    loss                 | 2.48        |
|    n_updates            | 3355        |
|    policy_gradient_loss | -0.000415   |
|    std                  | 0.679       |
|    value_loss           | 58          |
-----------------------------------------
-----------------------------------------
| rollout/                |             |
|    ep_len_mean          | 1.14e+03    |
|    ep_rew_mean          | 133         |
| time/                   |             |
|    fps                  | 760         |
|    iterations           | 73          |
|    time_elapsed         | 196         |
|    total_timesteps      | 1378304     |
| train/                  |             |
|    approx_kl            | 0.028315552 |
|    clip_fraction        | 0.215       |
|    clip_range           | 0.2         |
|    entropy_loss         | -2.06       |
|    explained_variance   | 0.904       |
|    learning_rate        | 0.0003      |
|    loss                 | 84          |
|    n_updates            | 3360        |
|    policy_gradient_loss | 0.02        |
|    std                  | 0.675       |
|    value_loss           | 47.5        |
-----------------------------------------
-----------------------------------------
| rollout/                |             |
|    ep_len_mean          | 1.14e+03    |
|    ep_rew_mean          | 133         |
| time/                   |             |
|    fps                  | 761         |
|    iterations           | 74          |
|    time_elapsed         | 199         |
|    total_timesteps      | 1380352     |
| train/                  |             |
|    approx_kl            | 0.020712188 |
|    clip_fraction        | 0.173       |
|    clip_range           | 0.2         |
|    entropy_loss         | -2.05       |
|    explained_variance   | 0.883       |
|    learning_rate        | 0.0003      |
|    loss                 | 0.664       |
|    n_updates            | 3365        |
|    policy_gradient_loss | 0.00685     |
|    std                  | 0.674       |
|    value_loss           | 61.8        |
-----------------------------------------
----------------------------------------
| rollout/                |            |
|    ep_len_mean          | 1.14e+03   |
|    ep_rew_mean          | 133        |
| time/                   |            |
|    fps                  | 762        |
|    iterations           | 75         |
|    time_elapsed         | 201        |
|    total_timesteps      | 1382400    |
| train/                  |            |
|    approx_kl            | 0.33467925 |
|    clip_fraction        | 0.358      |
|    clip_range           | 0.2        |
|    entropy_loss         | -2.05      |
|    explained_variance   | 0.857      |
|    learning_rate        | 0.0003     |
|    loss                 | 3.76       |
|    n_updates            | 3370       |
|    policy_gradient_loss | 0.0306     |
|    std                  | 0.675      |
|    value_loss           | 65.2       |
----------------------------------------
-----------------------------------------
| rollout/                |             |
|    ep_len_mean          | 1.15e+03    |
|    ep_rew_mean          | 133         |
| time/                   |             |
|    fps                  | 764         |
|    iterations           | 76          |
|    time_elapsed         | 203         |
|    total_timesteps      | 1384448     |
| train/                  |             |
|    approx_kl            | 0.011694976 |
|    clip_fraction        | 0.158       |
|    clip_range           | 0.2         |
|    entropy_loss         | -2.05       |
|    explained_variance   | 0.899       |
|    learning_rate        | 0.0003      |
|    loss                 | 63.3        |
|    n_updates            | 3375        |
|    policy_gradient_loss | 0.00154     |
|    std                  | 0.675       |
|    value_loss           | 35.4        |
-----------------------------------------
----------------------------------------
| rollout/                |            |
|    ep_len_mean          | 1.15e+03   |
|    ep_rew_mean          | 134        |
| time/                   |            |
|    fps                  | 766        |
|    iterations           | 77         |
|    time_elapsed         | 205        |
|    total_timesteps      | 1386496    |
| train/                  |            |
|    approx_kl            | 0.00991571 |
|    clip_fraction        | 0.122      |
|    clip_range           | 0.2        |
|    entropy_loss         | -2.05      |
|    explained_variance   | 0.835      |
|    learning_rate        | 0.0003     |
|    loss                 | 4.29       |
|    n_updates            | 3380       |
|    policy_gradient_loss | 0.00546    |
|    std                  | 0.675      |
|    value_loss           | 52.4       |
----------------------------------------
-----------------------------------------
| rollout/                |             |
|    ep_len_mean          | 1.14e+03    |
|    ep_rew_mean          | 134         |
| time/                   |             |
|    fps                  | 767         |
|    iterations           | 78          |
|    time_elapsed         | 208         |
|    total_timesteps      | 1388544     |
| train/                  |             |
|    approx_kl            | 0.007413879 |
|    clip_fraction        | 0.0806      |
|    clip_range           | 0.2         |
|    entropy_loss         | -2.05       |
|    explained_variance   | 0.832       |
|    learning_rate        | 0.0003      |
|    loss                 | 1.14        |
|    n_updates            | 3385        |
|    policy_gradient_loss | -0.00299    |
|    std                  | 0.675       |
|    value_loss           | 46.3        |
-----------------------------------------
------------------------------------------
| rollout/                |              |
|    ep_len_mean          | 1.14e+03     |
|    ep_rew_mean          | 133          |
| time/                   |              |
|    fps                  | 768          |
|    iterations           | 79           |
|    time_elapsed         | 210          |
|    total_timesteps      | 1390592      |
| train/                  |              |
|    approx_kl            | 0.0038998316 |
|    clip_fraction        | 0.16         |
|    clip_range           | 0.2          |
|    entropy_loss         | -2.05        |
|    explained_variance   | 0.892        |
|    learning_rate        | 0.0003       |
|    loss                 | 1.23         |
|    n_updates            | 3390         |
|    policy_gradient_loss | 0.00367      |
|    std                  | 0.676        |
|    value_loss           | 80.1         |
------------------------------------------
----------------------------------------
| rollout/                |            |
|    ep_len_mean          | 1.14e+03   |
|    ep_rew_mean          | 132        |
| time/                   |            |
|    fps                  | 769        |
|    iterations           | 80         |
|    time_elapsed         | 212        |
|    total_timesteps      | 1392640    |
| train/                  |            |
|    approx_kl            | 0.01667315 |
|    clip_fraction        | 0.158      |
|    clip_range           | 0.2        |
|    entropy_loss         | -2.05      |
|    explained_variance   | 0.903      |
|    learning_rate        | 0.0003     |
|    loss                 | 9.76       |
|    n_updates            | 3395       |
|    policy_gradient_loss | 0.00281    |
|    std                  | 0.676      |
|    value_loss           | 54.8       |
----------------------------------------
-----------------------------------------
| rollout/                |             |
|    ep_len_mean          | 1.12e+03    |
|    ep_rew_mean          | 134         |
| time/                   |             |
|    fps                  | 771         |
|    iterations           | 81          |
|    time_elapsed         | 215         |
|    total_timesteps      | 1394688     |
| train/                  |             |
|    approx_kl            | 0.021386065 |
|    clip_fraction        | 0.199       |
|    clip_range           | 0.2         |
|    entropy_loss         | -2.05       |
|    explained_variance   | 0.695       |
|    learning_rate        | 0.0003      |
|    loss                 | 1.16        |
|    n_updates            | 3400        |
|    policy_gradient_loss | 0.00489     |
|    std                  | 0.675       |
|    value_loss           | 79.9        |
-----------------------------------------
-----------------------------------------
| rollout/                |             |
|    ep_len_mean          | 1.11e+03    |
|    ep_rew_mean          | 135         |
| time/                   |             |
|    fps                  | 773         |
|    iterations           | 82          |
|    time_elapsed         | 217         |
|    total_timesteps      | 1396736     |
| train/                  |             |
|    approx_kl            | 0.007863407 |
|    clip_fraction        | 0.219       |
|    clip_range           | 0.2         |
|    entropy_loss         | -2.05       |
|    explained_variance   | 0.873       |
|    learning_rate        | 0.0003      |
|    loss                 | 90.5        |
|    n_updates            | 3405        |
|    policy_gradient_loss | 0.00837     |
|    std                  | 0.674       |
|    value_loss           | 32.7        |
-----------------------------------------
-----------------------------------------
| rollout/                |             |
|    ep_len_mean          | 1.12e+03    |
|    ep_rew_mean          | 133         |
| time/                   |             |
|    fps                  | 774         |
|    iterations           | 83          |
|    time_elapsed         | 219         |
|    total_timesteps      | 1398784     |
| train/                  |             |
|    approx_kl            | 0.010597086 |
|    clip_fraction        | 0.0688      |
|    clip_range           | 0.2         |
|    entropy_loss         | -2.05       |
|    explained_variance   | 0.742       |
|    learning_rate        | 0.0003      |
|    loss                 | 1.88        |
|    n_updates            | 3410        |
|    policy_gradient_loss | 0.000495    |
|    std                  | 0.675       |
|    value_loss           | 111         |
-----------------------------------------
-----------------------------------------
| rollout/                |             |
|    ep_len_mean          | 1.12e+03    |
|    ep_rew_mean          | 135         |
| time/                   |             |
|    fps                  | 776         |
|    iterations           | 84          |
|    time_elapsed         | 221         |
|    total_timesteps      | 1400832     |
| train/                  |             |
|    approx_kl            | 0.012505003 |
|    clip_fraction        | 0.196       |
|    clip_range           | 0.2         |
|    entropy_loss         | -2.05       |
|    explained_variance   | 0.878       |
|    learning_rate        | 0.0003      |
|    loss                 | 14.7        |
|    n_updates            | 3415        |
|    policy_gradient_loss | 0.0048      |
|    std                  | 0.675       |
|    value_loss           | 47.1        |
-----------------------------------------
------------------------------------------
| rollout/                |              |
|    ep_len_mean          | 1.13e+03     |
|    ep_rew_mean          | 133          |
| time/                   |              |
|    fps                  | 775          |
|    iterations           | 85           |
|    time_elapsed         | 224          |
|    total_timesteps      | 1402880      |
| train/                  |              |
|    approx_kl            | 0.0051601157 |
|    clip_fraction        | 0.0578       |
|    clip_range           | 0.2          |
|    entropy_loss         | -2.05        |
|    explained_variance   | 0.871        |
|    learning_rate        | 0.0003       |
|    loss                 | 1.04         |
|    n_updates            | 3420         |
|    policy_gradient_loss | -0.00142     |
|    std                  | 0.675        |
|    value_loss           | 36.2         |
------------------------------------------
---------------------------------------
| rollout/                |           |
|    ep_len_mean          | 1.13e+03  |
|    ep_rew_mean          | 133       |
| time/                   |           |
|    fps                  | 776       |
|    iterations           | 86        |
|    time_elapsed         | 226       |
|    total_timesteps      | 1404928   |
| train/                  |           |
|    approx_kl            | 0.0565392 |
|    clip_fraction        | 0.245     |
|    clip_range           | 0.2       |
|    entropy_loss         | -2.05     |
|    explained_variance   | 0.842     |
|    learning_rate        | 0.0003    |
|    loss                 | 5.81      |
|    n_updates            | 3425      |
|    policy_gradient_loss | 0.0112    |
|    std                  | 0.674     |
|    value_loss           | 40.8      |
---------------------------------------
-----------------------------------------
| rollout/                |             |
|    ep_len_mean          | 1.13e+03    |
|    ep_rew_mean          | 133         |
| time/                   |             |
|    fps                  | 777         |
|    iterations           | 87          |
|    time_elapsed         | 229         |
|    total_timesteps      | 1406976     |
| train/                  |             |
|    approx_kl            | 0.054720655 |
|    clip_fraction        | 0.152       |
|    clip_range           | 0.2         |
|    entropy_loss         | -2.04       |
|    explained_variance   | 0.834       |
|    learning_rate        | 0.0003      |
|    loss                 | 4.41        |
|    n_updates            | 3430        |
|    policy_gradient_loss | 0.00285     |
|    std                  | 0.673       |
|    value_loss           | 78.8        |
-----------------------------------------
-----------------------------------------
| rollout/                |             |
|    ep_len_mean          | 1.15e+03    |
|    ep_rew_mean          | 131         |
| time/                   |             |
|    fps                  | 779         |
|    iterations           | 88          |
|    time_elapsed         | 231         |
|    total_timesteps      | 1409024     |
| train/                  |             |
|    approx_kl            | 0.011668347 |
|    clip_fraction        | 0.0652      |
|    clip_range           | 0.2         |
|    entropy_loss         | -2.04       |
|    explained_variance   | 0.877       |
|    learning_rate        | 0.0003      |
|    loss                 | 1.32        |
|    n_updates            | 3435        |
|    policy_gradient_loss | -0.00161    |
|    std                  | 0.672       |
|    value_loss           | 62.4        |
-----------------------------------------
-----------------------------------------
| rollout/                |             |
|    ep_len_mean          | 1.15e+03    |
|    ep_rew_mean          | 131         |
| time/                   |             |
|    fps                  | 781         |
|    iterations           | 89          |
|    time_elapsed         | 233         |
|    total_timesteps      | 1411072     |
| train/                  |             |
|    approx_kl            | 0.023802921 |
|    clip_fraction        | 0.112       |
|    clip_range           | 0.2         |
|    entropy_loss         | -2.04       |
|    explained_variance   | 0.857       |
|    learning_rate        | 0.0003      |
|    loss                 | 44.7        |
|    n_updates            | 3440        |
|    policy_gradient_loss | -0.0033     |
|    std                  | 0.67        |
|    value_loss           | 45.5        |
-----------------------------------------
----------------------------------------
| rollout/                |            |
|    ep_len_mean          | 1.15e+03   |
|    ep_rew_mean          | 131        |
| time/                   |            |
|    fps                  | 783        |
|    iterations           | 90         |
|    time_elapsed         | 235        |
|    total_timesteps      | 1413120    |
| train/                  |            |
|    approx_kl            | 0.01934557 |
|    clip_fraction        | 0.29       |
|    clip_range           | 0.2        |
|    entropy_loss         | -2.04      |
|    explained_variance   | 0.885      |
|    learning_rate        | 0.0003     |
|    loss                 | 2.54       |
|    n_updates            | 3445       |
|    policy_gradient_loss | 0.0154     |
|    std                  | 0.671      |
|    value_loss           | 53.2       |
----------------------------------------
----------------------------------------
| rollout/                |            |
|    ep_len_mean          | 1.14e+03   |
|    ep_rew_mean          | 133        |
| time/                   |            |
|    fps                  | 785        |
|    iterations           | 91         |
|    time_elapsed         | 237        |
|    total_timesteps      | 1415168    |
| train/                  |            |
|    approx_kl            | 0.06693089 |
|    clip_fraction        | 0.346      |
|    clip_range           | 0.2        |
|    entropy_loss         | -2.04      |
|    explained_variance   | 0.757      |
|    learning_rate        | 0.0003     |
|    loss                 | 116        |
|    n_updates            | 3450       |
|    policy_gradient_loss | 0.0316     |
|    std                  | 0.671      |
|    value_loss           | 49.1       |
----------------------------------------
-----------------------------------------
| rollout/                |             |
|    ep_len_mean          | 1.13e+03    |
|    ep_rew_mean          | 134         |
| time/                   |             |
|    fps                  | 787         |
|    iterations           | 92          |
|    time_elapsed         | 239         |
|    total_timesteps      | 1417216     |
| train/                  |             |
|    approx_kl            | 0.026476622 |
|    clip_fraction        | 0.201       |
|    clip_range           | 0.2         |
|    entropy_loss         | -2.04       |
|    explained_variance   | 0.879       |
|    learning_rate        | 0.0003      |
|    loss                 | 2.37        |
|    n_updates            | 3455        |
|    policy_gradient_loss | 0.00404     |
|    std                  | 0.671       |
|    value_loss           | 42.1        |
-----------------------------------------
-----------------------------------------
| rollout/                |             |
|    ep_len_mean          | 1.13e+03    |
|    ep_rew_mean          | 134         |
| time/                   |             |
|    fps                  | 789         |
|    iterations           | 93          |
|    time_elapsed         | 241         |
|    total_timesteps      | 1419264     |
| train/                  |             |
|    approx_kl            | 0.036063865 |
|    clip_fraction        | 0.351       |
|    clip_range           | 0.2         |
|    entropy_loss         | -2.03       |
|    explained_variance   | 0.749       |
|    learning_rate        | 0.0003      |
|    loss                 | 3.41        |
|    n_updates            | 3460        |
|    policy_gradient_loss | 0.0261      |
|    std                  | 0.67        |
|    value_loss           | 86.7        |
-----------------------------------------
------------------------------------------
| rollout/                |              |
|    ep_len_mean          | 1.13e+03     |
|    ep_rew_mean          | 134          |
| time/                   |              |
|    fps                  | 791          |
|    iterations           | 94           |
|    time_elapsed         | 243          |
|    total_timesteps      | 1421312      |
| train/                  |              |
|    approx_kl            | 0.0044777137 |
|    clip_fraction        | 0.0848       |
|    clip_range           | 0.2          |
|    entropy_loss         | -2.03        |
|    explained_variance   | 0.675        |
|    learning_rate        | 0.0003       |
|    loss                 | 191          |
|    n_updates            | 3465         |
|    policy_gradient_loss | 0.000737     |
|    std                  | 0.668        |
|    value_loss           | 52.8         |
------------------------------------------
-----------------------------------------
| rollout/                |             |
|    ep_len_mean          | 1.14e+03    |
|    ep_rew_mean          | 133         |
| time/                   |             |
|    fps                  | 793         |
|    iterations           | 95          |
|    time_elapsed         | 245         |
|    total_timesteps      | 1423360     |
| train/                  |             |
|    approx_kl            | 0.009648118 |
|    clip_fraction        | 0.133       |
|    clip_range           | 0.2         |
|    entropy_loss         | -2.03       |
|    explained_variance   | 0.819       |
|    learning_rate        | 0.0003      |
|    loss                 | 0.258       |
|    n_updates            | 3470        |
|    policy_gradient_loss | 0.00112     |
|    std                  | 0.666       |
|    value_loss           | 67.5        |
-----------------------------------------
-----------------------------------------
| rollout/                |             |
|    ep_len_mean          | 1.17e+03    |
|    ep_rew_mean          | 129         |
| time/                   |             |
|    fps                  | 796         |
|    iterations           | 96          |
|    time_elapsed         | 246         |
|    total_timesteps      | 1425408     |
| train/                  |             |
|    approx_kl            | 0.012829261 |
|    clip_fraction        | 0.078       |
|    clip_range           | 0.2         |
|    entropy_loss         | -2.02       |
|    explained_variance   | 0.967       |
|    learning_rate        | 0.0003      |
|    loss                 | 0.126       |
|    n_updates            | 3475        |
|    policy_gradient_loss | 0.0015      |
|    std                  | 0.666       |
|    value_loss           | 8.24        |
-----------------------------------------
-----------------------------------------
| rollout/                |             |
|    ep_len_mean          | 1.16e+03    |
|    ep_rew_mean          | 129         |
| time/                   |             |
|    fps                  | 797         |
|    iterations           | 97          |
|    time_elapsed         | 249         |
|    total_timesteps      | 1427456     |
| train/                  |             |
|    approx_kl            | 0.017312057 |
|    clip_fraction        | 0.171       |
|    clip_range           | 0.2         |
|    entropy_loss         | -2.02       |
|    explained_variance   | 0.67        |
|    learning_rate        | 0.0003      |
|    loss                 | 5.18        |
|    n_updates            | 3480        |
|    policy_gradient_loss | 0.00254     |
|    std                  | 0.666       |
|    value_loss           | 63.2        |
-----------------------------------------
-----------------------------------------
| rollout/                |             |
|    ep_len_mean          | 1.16e+03    |
|    ep_rew_mean          | 129         |
| time/                   |             |
|    fps                  | 799         |
|    iterations           | 98          |
|    time_elapsed         | 250         |
|    total_timesteps      | 1429504     |
| train/                  |             |
|    approx_kl            | 0.009024211 |
|    clip_fraction        | 0.101       |
|    clip_range           | 0.2         |
|    entropy_loss         | -2.02       |
|    explained_variance   | 0.904       |
|    learning_rate        | 0.0003      |
|    loss                 | 73.6        |
|    n_updates            | 3485        |
|    policy_gradient_loss | -0.00225    |
|    std                  | 0.666       |
|    value_loss           | 42.3        |
-----------------------------------------
-----------------------------------------
| rollout/                |             |
|    ep_len_mean          | 1.17e+03    |
|    ep_rew_mean          | 129         |
| time/                   |             |
|    fps                  | 801         |
|    iterations           | 99          |
|    time_elapsed         | 252         |
|    total_timesteps      | 1431552     |
| train/                  |             |
|    approx_kl            | 0.011406306 |
|    clip_fraction        | 0.0739      |
|    clip_range           | 0.2         |
|    entropy_loss         | -2.02       |
|    explained_variance   | 0.967       |
|    learning_rate        | 0.0003      |
|    loss                 | 2.11        |
|    n_updates            | 3490        |
|    policy_gradient_loss | -0.000585   |
|    std                  | 0.664       |
|    value_loss           | 7.17        |
-----------------------------------------
-----------------------------------------
| rollout/                |             |
|    ep_len_mean          | 1.16e+03    |
|    ep_rew_mean          | 131         |
| time/                   |             |
|    fps                  | 802         |
|    iterations           | 100         |
|    time_elapsed         | 255         |
|    total_timesteps      | 1433600     |
| train/                  |             |
|    approx_kl            | 0.010217937 |
|    clip_fraction        | 0.0967      |
|    clip_range           | 0.2         |
|    entropy_loss         | -2.02       |
|    explained_variance   | 0.756       |
|    learning_rate        | 0.0003      |
|    loss                 | 4.46        |
|    n_updates            | 3495        |
|    policy_gradient_loss | 0.000565    |
|    std                  | 0.663       |
|    value_loss           | 62.7        |
-----------------------------------------

CP7 held-out: 47/50 hits (94.0%), mean miss 3.4 m, mean reward 157.85
STOP CONDITION: no joint improvement -- review gate before continuing.
outputs/precision_ft/seed6_pw50/checkpoints/rl_checkpoint_07.zip: 254/300 hits (84.7%), median miss 3.6 m -> outputs/precision_ft/seed6_pw50/eval300_cp7.json
CP8: evasive lineage | max_time=45s t_go_max=10s | tracking=True | obs=12-D | miss_tanh_scale=3000m shaping_gamma=1 effort_weight=5 precision_weight=50 -> out=outputs/precision_ft/seed6_pw50
---------------------------------
| rollout/           |          |
|    ep_len_mean     | 1.16e+03 |
|    ep_rew_mean     | 131      |
| time/              |          |
|    fps             | 2903     |
|    iterations      | 1        |
|    time_elapsed    | 0        |
|    total_timesteps | 1435648  |
---------------------------------
-----------------------------------------
| rollout/                |             |
|    ep_len_mean          | 1.14e+03    |
|    ep_rew_mean          | 134         |
| time/                   |             |
|    fps                  | 1248        |
|    iterations           | 2           |
|    time_elapsed         | 3           |
|    total_timesteps      | 1437696     |
| train/                  |             |
|    approx_kl            | 0.009155661 |
|    clip_fraction        | 0.12        |
|    clip_range           | 0.2         |
|    entropy_loss         | -2.02       |
|    explained_variance   | 0.872       |
|    learning_rate        | 0.0003      |
|    loss                 | 1.1         |
|    n_updates            | 3505        |
|    policy_gradient_loss | -0.0023     |
|    std                  | 0.664       |
|    value_loss           | 4.96        |
-----------------------------------------
----------------------------------------
| rollout/                |            |
|    ep_len_mean          | 1.13e+03   |
|    ep_rew_mean          | 135        |
| time/                   |            |
|    fps                  | 1132       |
|    iterations           | 3          |
|    time_elapsed         | 5          |
|    total_timesteps      | 1439744    |
| train/                  |            |
|    approx_kl            | 0.02095944 |
|    clip_fraction        | 0.136      |
|    clip_range           | 0.2        |
|    entropy_loss         | -2.02      |
|    explained_variance   | 0.865      |
|    learning_rate        | 0.0003     |
|    loss                 | 17.3       |
|    n_updates            | 3510       |
|    policy_gradient_loss | 0.000485   |
|    std                  | 0.663      |
|    value_loss           | 79.2       |
----------------------------------------
-----------------------------------------
| rollout/                |             |
|    ep_len_mean          | 1.13e+03    |
|    ep_rew_mean          | 136         |
| time/                   |             |
|    fps                  | 1118        |
|    iterations           | 4           |
|    time_elapsed         | 7           |
|    total_timesteps      | 1441792     |
| train/                  |             |
|    approx_kl            | 0.008451445 |
|    clip_fraction        | 0.104       |
|    clip_range           | 0.2         |
|    entropy_loss         | -2.01       |
|    explained_variance   | 0.91        |
|    learning_rate        | 0.0003      |
|    loss                 | 2.22        |
|    n_updates            | 3515        |
|    policy_gradient_loss | -0.000536   |
|    std                  | 0.663       |
|    value_loss           | 28.1        |
-----------------------------------------
-----------------------------------------
| rollout/                |             |
|    ep_len_mean          | 1.11e+03    |
|    ep_rew_mean          | 137         |
| time/                   |             |
|    fps                  | 1102        |
|    iterations           | 5           |
|    time_elapsed         | 9           |
|    total_timesteps      | 1443840     |
| train/                  |             |
|    approx_kl            | 0.009063754 |
|    clip_fraction        | 0.0912      |
|    clip_range           | 0.2         |
|    entropy_loss         | -2.01       |
|    explained_variance   | 0.877       |
|    learning_rate        | 0.0003      |
|    loss                 | 2.59        |
|    n_updates            | 3520        |
|    policy_gradient_loss | -0.00138    |
|    std                  | 0.662       |
|    value_loss           | 59          |
-----------------------------------------
-----------------------------------------
| rollout/                |             |
|    ep_len_mean          | 1.1e+03     |
|    ep_rew_mean          | 140         |
| time/                   |             |
|    fps                  | 1068        |
|    iterations           | 6           |
|    time_elapsed         | 11          |
|    total_timesteps      | 1445888     |
| train/                  |             |
|    approx_kl            | 0.038077947 |
|    clip_fraction        | 0.486       |
|    clip_range           | 0.2         |
|    entropy_loss         | -2.01       |
|    explained_variance   | 0.886       |
|    learning_rate        | 0.0003      |
|    loss                 | 0.937       |
|    n_updates            | 3525        |
|    policy_gradient_loss | 0.046       |
|    std                  | 0.661       |
|    value_loss           | 55.2        |
-----------------------------------------
-----------------------------------------
| rollout/                |             |
|    ep_len_mean          | 1.1e+03     |
|    ep_rew_mean          | 140         |
| time/                   |             |
|    fps                  | 1045        |
|    iterations           | 7           |
|    time_elapsed         | 13          |
|    total_timesteps      | 1447936     |
| train/                  |             |
|    approx_kl            | 0.019827645 |
|    clip_fraction        | 0.313       |
|    clip_range           | 0.2         |
|    entropy_loss         | -2.01       |
|    explained_variance   | 0.875       |
|    learning_rate        | 0.0003      |
|    loss                 | 98.2        |
|    n_updates            | 3530        |
|    policy_gradient_loss | 0.0132      |
|    std                  | 0.661       |
|    value_loss           | 71.5        |
-----------------------------------------
-----------------------------------------
| rollout/                |             |
|    ep_len_mean          | 1.1e+03     |
|    ep_rew_mean          | 140         |
| time/                   |             |
|    fps                  | 1051        |
|    iterations           | 8           |
|    time_elapsed         | 15          |
|    total_timesteps      | 1449984     |
| train/                  |             |
|    approx_kl            | 0.007439018 |
|    clip_fraction        | 0.241       |
|    clip_range           | 0.2         |
|    entropy_loss         | -2.01       |
|    explained_variance   | 0.907       |
|    learning_rate        | 0.0003      |
|    loss                 | 2.08        |
|    n_updates            | 3535        |
|    policy_gradient_loss | 0.0118      |
|    std                  | 0.662       |
|    value_loss           | 31.6        |
-----------------------------------------
-----------------------------------------
| rollout/                |             |
|    ep_len_mean          | 1.1e+03     |
|    ep_rew_mean          | 141         |
| time/                   |             |
|    fps                  | 1052        |
|    iterations           | 9           |
|    time_elapsed         | 17          |
|    total_timesteps      | 1452032     |
| train/                  |             |
|    approx_kl            | 0.005566585 |
|    clip_fraction        | 0.0156      |
|    clip_range           | 0.2         |
|    entropy_loss         | -2.01       |
|    explained_variance   | 0.881       |
|    learning_rate        | 0.0003      |
|    loss                 | 1.42        |
|    n_updates            | 3540        |
|    policy_gradient_loss | -0.000972   |
|    std                  | 0.661       |
|    value_loss           | 48.8        |
-----------------------------------------
------------------------------------------
| rollout/                |              |
|    ep_len_mean          | 1.1e+03      |
|    ep_rew_mean          | 141          |
| time/                   |              |
|    fps                  | 1044         |
|    iterations           | 10           |
|    time_elapsed         | 19           |
|    total_timesteps      | 1454080      |
| train/                  |              |
|    approx_kl            | 0.0073967157 |
|    clip_fraction        | 0.0871       |
|    clip_range           | 0.2          |
|    entropy_loss         | -2.01        |
|    explained_variance   | 0.879        |
|    learning_rate        | 0.0003       |
|    loss                 | 5.75         |
|    n_updates            | 3545         |
|    policy_gradient_loss | -0.00194     |
|    std                  | 0.661        |
|    value_loss           | 63.9         |
------------------------------------------
------------------------------------------
| rollout/                |              |
|    ep_len_mean          | 1.09e+03     |
|    ep_rew_mean          | 143          |
| time/                   |              |
|    fps                  | 1036         |
|    iterations           | 11           |
|    time_elapsed         | 21           |
|    total_timesteps      | 1456128      |
| train/                  |              |
|    approx_kl            | 0.0064435345 |
|    clip_fraction        | 0.0288       |
|    clip_range           | 0.2          |
|    entropy_loss         | -2.01        |
|    explained_variance   | 0.8          |
|    learning_rate        | 0.0003       |
|    loss                 | 1.69         |
|    n_updates            | 3550         |
|    policy_gradient_loss | -0.00136     |
|    std                  | 0.66         |
|    value_loss           | 31.4         |
------------------------------------------
-----------------------------------------
| rollout/                |             |
|    ep_len_mean          | 1.1e+03     |
|    ep_rew_mean          | 143         |
| time/                   |             |
|    fps                  | 1024        |
|    iterations           | 12          |
|    time_elapsed         | 23          |
|    total_timesteps      | 1458176     |
| train/                  |             |
|    approx_kl            | 0.005705118 |
|    clip_fraction        | 0.0684      |
|    clip_range           | 0.2         |
|    entropy_loss         | -2.01       |
|    explained_variance   | 0.902       |
|    learning_rate        | 0.0003      |
|    loss                 | 0.814       |
|    n_updates            | 3555        |
|    policy_gradient_loss | -0.0028     |
|    std                  | 0.661       |
|    value_loss           | 41.3        |
-----------------------------------------
-----------------------------------------
| rollout/                |             |
|    ep_len_mean          | 1.1e+03     |
|    ep_rew_mean          | 143         |
| time/                   |             |
|    fps                  | 1020        |
|    iterations           | 13          |
|    time_elapsed         | 26          |
|    total_timesteps      | 1460224     |
| train/                  |             |
|    approx_kl            | 0.014265543 |
|    clip_fraction        | 0.14        |
|    clip_range           | 0.2         |
|    entropy_loss         | -2.01       |
|    explained_variance   | 0.39        |
|    learning_rate        | 0.0003      |
|    loss                 | 6.22        |
|    n_updates            | 3560        |
|    policy_gradient_loss | 0.00361     |
|    std                  | 0.661       |
|    value_loss           | 88.5        |
-----------------------------------------
----------------------------------------
| rollout/                |            |
|    ep_len_mean          | 1.1e+03    |
|    ep_rew_mean          | 143        |
| time/                   |            |
|    fps                  | 1011       |
|    iterations           | 14         |
|    time_elapsed         | 28         |
|    total_timesteps      | 1462272    |
| train/                  |            |
|    approx_kl            | 0.04006798 |
|    clip_fraction        | 0.348      |
|    clip_range           | 0.2        |
|    entropy_loss         | -2.01      |
|    explained_variance   | 0.793      |
|    learning_rate        | 0.0003     |
|    loss                 | 3.51       |
|    n_updates            | 3565       |
|    policy_gradient_loss | 0.021      |
|    std                  | 0.66       |
|    value_loss           | 74         |
----------------------------------------
-----------------------------------------
| rollout/                |             |
|    ep_len_mean          | 1.11e+03    |
|    ep_rew_mean          | 141         |
| time/                   |             |
|    fps                  | 1008        |
|    iterations           | 15          |
|    time_elapsed         | 30          |
|    total_timesteps      | 1464320     |
| train/                  |             |
|    approx_kl            | 0.012580454 |
|    clip_fraction        | 0.2         |
|    clip_range           | 0.2         |
|    entropy_loss         | -2.01       |
|    explained_variance   | 0.927       |
|    learning_rate        | 0.0003      |
|    loss                 | 1.65        |
|    n_updates            | 3570        |
|    policy_gradient_loss | 0.00332     |
|    std                  | 0.661       |
|    value_loss           | 31.5        |
-----------------------------------------
------------------------------------------
| rollout/                |              |
|    ep_len_mean          | 1.1e+03      |
|    ep_rew_mean          | 141          |
| time/                   |              |
|    fps                  | 1000         |
|    iterations           | 16           |
|    time_elapsed         | 32           |
|    total_timesteps      | 1466368      |
| train/                  |              |
|    approx_kl            | 0.0039236792 |
|    clip_fraction        | 0.0578       |
|    clip_range           | 0.2          |
|    entropy_loss         | -2.01        |
|    explained_variance   | 0.871        |
|    learning_rate        | 0.0003       |
|    loss                 | 96           |
|    n_updates            | 3575         |
|    policy_gradient_loss | -0.00117     |
|    std                  | 0.661        |
|    value_loss           | 67.5         |
------------------------------------------
-----------------------------------------
| rollout/                |             |
|    ep_len_mean          | 1.1e+03     |
|    ep_rew_mean          | 141         |
| time/                   |             |
|    fps                  | 997         |
|    iterations           | 17          |
|    time_elapsed         | 34          |
|    total_timesteps      | 1468416     |
| train/                  |             |
|    approx_kl            | 0.005373084 |
|    clip_fraction        | 0.0322      |
|    clip_range           | 0.2         |
|    entropy_loss         | -2.01       |
|    explained_variance   | 0.944       |
|    learning_rate        | 0.0003      |
|    loss                 | 3.64        |
|    n_updates            | 3580        |
|    policy_gradient_loss | -0.00106    |
|    std                  | 0.66        |
|    value_loss           | 29.2        |
-----------------------------------------
------------------------------------------
| rollout/                |              |
|    ep_len_mean          | 1.1e+03      |
|    ep_rew_mean          | 141          |
| time/                   |              |
|    fps                  | 986          |
|    iterations           | 18           |
|    time_elapsed         | 37           |
|    total_timesteps      | 1470464      |
| train/                  |              |
|    approx_kl            | 0.0057009626 |
|    clip_fraction        | 0.0396       |
|    clip_range           | 0.2          |
|    entropy_loss         | -2           |
|    explained_variance   | 0.748        |
|    learning_rate        | 0.0003       |
|    loss                 | 67.5         |
|    n_updates            | 3585         |
|    policy_gradient_loss | -0.00079     |
|    std                  | 0.659        |
|    value_loss           | 101          |
------------------------------------------
-----------------------------------------
| rollout/                |             |
|    ep_len_mean          | 1.1e+03     |
|    ep_rew_mean          | 141         |
| time/                   |             |
|    fps                  | 978         |
|    iterations           | 19          |
|    time_elapsed         | 39          |
|    total_timesteps      | 1472512     |
| train/                  |             |
|    approx_kl            | 0.005474773 |
|    clip_fraction        | 0.121       |
|    clip_range           | 0.2         |
|    entropy_loss         | -2          |
|    explained_variance   | 0.884       |
|    learning_rate        | 0.0003      |
|    loss                 | 4.94        |
|    n_updates            | 3590        |
|    policy_gradient_loss | 0.00151     |
|    std                  | 0.659       |
|    value_loss           | 39.1        |
-----------------------------------------
-----------------------------------------
| rollout/                |             |
|    ep_len_mean          | 1.1e+03     |
|    ep_rew_mean          | 141         |
| time/                   |             |
|    fps                  | 976         |
|    iterations           | 20          |
|    time_elapsed         | 41          |
|    total_timesteps      | 1474560     |
| train/                  |             |
|    approx_kl            | 0.013958778 |
|    clip_fraction        | 0.185       |
|    clip_range           | 0.2         |
|    entropy_loss         | -2          |
|    explained_variance   | 0.896       |
|    learning_rate        | 0.0003      |
|    loss                 | 0.245       |
|    n_updates            | 3595        |
|    policy_gradient_loss | -0.000889   |
|    std                  | 0.657       |
|    value_loss           | 46.7        |
-----------------------------------------
------------------------------------------
| rollout/                |              |
|    ep_len_mean          | 1.1e+03      |
|    ep_rew_mean          | 141          |
| time/                   |              |
|    fps                  | 967          |
|    iterations           | 21           |
|    time_elapsed         | 44           |
|    total_timesteps      | 1476608      |
| train/                  |              |
|    approx_kl            | 0.0062613757 |
|    clip_fraction        | 0.0538       |
|    clip_range           | 0.2          |
|    entropy_loss         | -2           |
|    explained_variance   | 0.905        |
|    learning_rate        | 0.0003       |
|    loss                 | 13.7         |
|    n_updates            | 3600         |
|    policy_gradient_loss | -0.000428    |
|    std                  | 0.658        |
|    value_loss           | 41.2         |
------------------------------------------
------------------------------------------
| rollout/                |              |
|    ep_len_mean          | 1.08e+03     |
|    ep_rew_mean          | 143          |
| time/                   |              |
|    fps                  | 969          |
|    iterations           | 22           |
|    time_elapsed         | 46           |
|    total_timesteps      | 1478656      |
| train/                  |              |
|    approx_kl            | 0.0052832975 |
|    clip_fraction        | 0.0602       |
|    clip_range           | 0.2          |
|    entropy_loss         | -2           |
|    explained_variance   | 0.972        |
|    learning_rate        | 0.0003       |
|    loss                 | 1.95         |
|    n_updates            | 3605         |
|    policy_gradient_loss | -0.00179     |
|    std                  | 0.657        |
|    value_loss           | 6.89         |
------------------------------------------
-----------------------------------------
| rollout/                |             |
|    ep_len_mean          | 1.09e+03    |
|    ep_rew_mean          | 143         |
| time/                   |             |
|    fps                  | 963         |
|    iterations           | 23          |
|    time_elapsed         | 48          |
|    total_timesteps      | 1480704     |
| train/                  |             |
|    approx_kl            | 0.024097115 |
|    clip_fraction        | 0.301       |
|    clip_range           | 0.2         |
|    entropy_loss         | -2          |
|    explained_variance   | 0.89        |
|    learning_rate        | 0.0003      |
|    loss                 | 2.41        |
|    n_updates            | 3610        |
|    policy_gradient_loss | 0.0126      |
|    std                  | 0.656       |
|    value_loss           | 66          |
-----------------------------------------
-----------------------------------------
| rollout/                |             |
|    ep_len_mean          | 1.09e+03    |
|    ep_rew_mean          | 144         |
| time/                   |             |
|    fps                  | 962         |
|    iterations           | 24          |
|    time_elapsed         | 51          |
|    total_timesteps      | 1482752     |
| train/                  |             |
|    approx_kl            | 0.006788859 |
|    clip_fraction        | 0.116       |
|    clip_range           | 0.2         |
|    entropy_loss         | -1.99       |
|    explained_variance   | 0.924       |
|    learning_rate        | 0.0003      |
|    loss                 | 2.91        |
|    n_updates            | 3615        |
|    policy_gradient_loss | -0.00167    |
|    std                  | 0.656       |
|    value_loss           | 42.8        |
-----------------------------------------
-----------------------------------------
| rollout/                |             |
|    ep_len_mean          | 1.07e+03    |
|    ep_rew_mean          | 145         |
| time/                   |             |
|    fps                  | 959         |
|    iterations           | 25          |
|    time_elapsed         | 53          |
|    total_timesteps      | 1484800     |
| train/                  |             |
|    approx_kl            | 0.008560895 |
|    clip_fraction        | 0.0953      |
|    clip_range           | 0.2         |
|    entropy_loss         | -2          |
|    explained_variance   | 0.92        |
|    learning_rate        | 0.0003      |
|    loss                 | 3.89        |
|    n_updates            | 3620        |
|    policy_gradient_loss | 0.00391     |
|    std                  | 0.658       |
|    value_loss           | 44.2        |
-----------------------------------------
-----------------------------------------
| rollout/                |             |
|    ep_len_mean          | 1.07e+03    |
|    ep_rew_mean          | 145         |
| time/                   |             |
|    fps                  | 954         |
|    iterations           | 26          |
|    time_elapsed         | 55          |
|    total_timesteps      | 1486848     |
| train/                  |             |
|    approx_kl            | 0.007441596 |
|    clip_fraction        | 0.131       |
|    clip_range           | 0.2         |
|    entropy_loss         | -2          |
|    explained_variance   | 0.91        |
|    learning_rate        | 0.0003      |
|    loss                 | 1.25        |
|    n_updates            | 3625        |
|    policy_gradient_loss | 0.00225     |
|    std                  | 0.658       |
|    value_loss           | 61          |
-----------------------------------------
-----------------------------------------
| rollout/                |             |
|    ep_len_mean          | 1.07e+03    |
|    ep_rew_mean          | 145         |
| time/                   |             |
|    fps                  | 955         |
|    iterations           | 27          |
|    time_elapsed         | 57          |
|    total_timesteps      | 1488896     |
| train/                  |             |
|    approx_kl            | 0.011756675 |
|    clip_fraction        | 0.168       |
|    clip_range           | 0.2         |
|    entropy_loss         | -2          |
|    explained_variance   | 0.971       |
|    learning_rate        | 0.0003      |
|    loss                 | 10.1        |
|    n_updates            | 3630        |
|    policy_gradient_loss | 0.00118     |
|    std                  | 0.659       |
|    value_loss           | 10.7        |
-----------------------------------------
-----------------------------------------
| rollout/                |             |
|    ep_len_mean          | 1.06e+03    |
|    ep_rew_mean          | 146         |
| time/                   |             |
|    fps                  | 947         |
|    iterations           | 28          |
|    time_elapsed         | 60          |
|    total_timesteps      | 1490944     |
| train/                  |             |
|    approx_kl            | 0.008382838 |
|    clip_fraction        | 0.158       |
|    clip_range           | 0.2         |
|    entropy_loss         | -2          |
|    explained_variance   | 0.872       |
|    learning_rate        | 0.0003      |
|    loss                 | 87          |
|    n_updates            | 3635        |
|    policy_gradient_loss | 0.00348     |
|    std                  | 0.659       |
|    value_loss           | 62.7        |
-----------------------------------------
----------------------------------------
| rollout/                |            |
|    ep_len_mean          | 1.07e+03   |
|    ep_rew_mean          | 146        |
| time/                   |            |
|    fps                  | 945        |
|    iterations           | 29         |
|    time_elapsed         | 62         |
|    total_timesteps      | 1492992    |
| train/                  |            |
|    approx_kl            | 0.01103018 |
|    clip_fraction        | 0.105      |
|    clip_range           | 0.2        |
|    entropy_loss         | -2         |
|    explained_variance   | 0.888      |
|    learning_rate        | 0.0003     |
|    loss                 | 2.31       |
|    n_updates            | 3640       |
|    policy_gradient_loss | -0.0014    |
|    std                  | 0.659      |
|    value_loss           | 28.4       |
----------------------------------------
------------------------------------------
| rollout/                |              |
|    ep_len_mean          | 1.07e+03     |
|    ep_rew_mean          | 146          |
| time/                   |              |
|    fps                  | 942          |
|    iterations           | 30           |
|    time_elapsed         | 65           |
|    total_timesteps      | 1495040      |
| train/                  |              |
|    approx_kl            | 0.0056822943 |
|    clip_fraction        | 0.0887       |
|    clip_range           | 0.2          |
|    entropy_loss         | -2           |
|    explained_variance   | 0.783        |
|    learning_rate        | 0.0003       |
|    loss                 | 4.31         |
|    n_updates            | 3645         |
|    policy_gradient_loss | -0.000924    |
|    std                  | 0.658        |
|    value_loss           | 69.3         |
------------------------------------------
--------------------------------------
| rollout/                |          |
|    ep_len_mean          | 1.08e+03 |
|    ep_rew_mean          | 144      |
| time/                   |          |
|    fps                  | 939      |
|    iterations           | 31       |
|    time_elapsed         | 67       |
|    total_timesteps      | 1497088  |
| train/                  |          |
|    approx_kl            | 0.283502 |
|    clip_fraction        | 0.257    |
|    clip_range           | 0.2      |
|    entropy_loss         | -2       |
|    explained_variance   | 0.921    |
|    learning_rate        | 0.0003   |
|    loss                 | 1.13     |
|    n_updates            | 3650     |
|    policy_gradient_loss | 0.0187   |
|    std                  | 0.657    |
|    value_loss           | 50.9     |
--------------------------------------
----------------------------------------
| rollout/                |            |
|    ep_len_mean          | 1.08e+03   |
|    ep_rew_mean          | 144        |
| time/                   |            |
|    fps                  | 934        |
|    iterations           | 32         |
|    time_elapsed         | 70         |
|    total_timesteps      | 1499136    |
| train/                  |            |
|    approx_kl            | 0.07666419 |
|    clip_fraction        | 0.17       |
|    clip_range           | 0.2        |
|    entropy_loss         | -1.99      |
|    explained_variance   | 0.925      |
|    learning_rate        | 0.0003     |
|    loss                 | 20.3       |
|    n_updates            | 3655       |
|    policy_gradient_loss | 0.0178     |
|    std                  | 0.657      |
|    value_loss           | 41.1       |
----------------------------------------
----------------------------------------
| rollout/                |            |
|    ep_len_mean          | 1.08e+03   |
|    ep_rew_mean          | 146        |
| time/                   |            |
|    fps                  | 934        |
|    iterations           | 33         |
|    time_elapsed         | 72         |
|    total_timesteps      | 1501184    |
| train/                  |            |
|    approx_kl            | 0.08066009 |
|    clip_fraction        | 0.417      |
|    clip_range           | 0.2        |
|    entropy_loss         | -1.99      |
|    explained_variance   | 0.951      |
|    learning_rate        | 0.0003     |
|    loss                 | 1.68       |
|    n_updates            | 3660       |
|    policy_gradient_loss | 0.0444     |
|    std                  | 0.656      |
|    value_loss           | 20.1       |
----------------------------------------
---------------------------------------
| rollout/                |           |
|    ep_len_mean          | 1.08e+03  |
|    ep_rew_mean          | 146       |
| time/                   |           |
|    fps                  | 930       |
|    iterations           | 34        |
|    time_elapsed         | 74        |
|    total_timesteps      | 1503232   |
| train/                  |           |
|    approx_kl            | 0.0685137 |
|    clip_fraction        | 0.25      |
|    clip_range           | 0.2       |
|    entropy_loss         | -1.99     |
|    explained_variance   | 0.918     |
|    learning_rate        | 0.0003    |
|    loss                 | 88.8      |
|    n_updates            | 3665      |
|    policy_gradient_loss | 0.0137    |
|    std                  | 0.656     |
|    value_loss           | 68.6      |
---------------------------------------
----------------------------------------
| rollout/                |            |
|    ep_len_mean          | 1.08e+03   |
|    ep_rew_mean          | 146        |
| time/                   |            |
|    fps                  | 931        |
|    iterations           | 35         |
|    time_elapsed         | 76         |
|    total_timesteps      | 1505280    |
| train/                  |            |
|    approx_kl            | 0.03563414 |
|    clip_fraction        | 0.423      |
|    clip_range           | 0.2        |
|    entropy_loss         | -1.99      |
|    explained_variance   | 0.985      |
|    learning_rate        | 0.0003     |
|    loss                 | 7.15       |
|    n_updates            | 3670       |
|    policy_gradient_loss | 0.034      |
|    std                  | 0.654      |
|    value_loss           | 6.37       |
----------------------------------------
-----------------------------------------
| rollout/                |             |
|    ep_len_mean          | 1.06e+03    |
|    ep_rew_mean          | 147         |
| time/                   |             |
|    fps                  | 929         |
|    iterations           | 36          |
|    time_elapsed         | 79          |
|    total_timesteps      | 1507328     |
| train/                  |             |
|    approx_kl            | 0.104428336 |
|    clip_fraction        | 0.303       |
|    clip_range           | 0.2         |
|    entropy_loss         | -1.99       |
|    explained_variance   | 0.911       |
|    learning_rate        | 0.0003      |
|    loss                 | 80.6        |
|    n_updates            | 3675        |
|    policy_gradient_loss | 0.0194      |
|    std                  | 0.654       |
|    value_loss           | 61.1        |
-----------------------------------------
----------------------------------------
| rollout/                |            |
|    ep_len_mean          | 1.05e+03   |
|    ep_rew_mean          | 149        |
| time/                   |            |
|    fps                  | 927        |
|    iterations           | 37         |
|    time_elapsed         | 81         |
|    total_timesteps      | 1509376    |
| train/                  |            |
|    approx_kl            | 0.26229084 |
|    clip_fraction        | 0.53       |
|    clip_range           | 0.2        |
|    entropy_loss         | -1.99      |
|    explained_variance   | 0.95       |
|    learning_rate        | 0.0003     |
|    loss                 | 3.25       |
|    n_updates            | 3680       |
|    policy_gradient_loss | 0.0937     |
|    std                  | 0.657      |
|    value_loss           | 30         |
----------------------------------------
-----------------------------------------
| rollout/                |             |
|    ep_len_mean          | 1.05e+03    |
|    ep_rew_mean          | 149         |
| time/                   |             |
|    fps                  | 928         |
|    iterations           | 38          |
|    time_elapsed         | 83          |
|    total_timesteps      | 1511424     |
| train/                  |             |
|    approx_kl            | 0.006180266 |
|    clip_fraction        | 0.04        |
|    clip_range           | 0.2         |
|    entropy_loss         | -2          |
|    explained_variance   | 0.946       |
|    learning_rate        | 0.0003      |
|    loss                 | 2.56        |
|    n_updates            | 3685        |
|    policy_gradient_loss | -0.00179    |
|    std                  | 0.657       |
|    value_loss           | 25.7        |
-----------------------------------------
-----------------------------------------
| rollout/                |             |
|    ep_len_mean          | 1.05e+03    |
|    ep_rew_mean          | 151         |
| time/                   |             |
|    fps                  | 926         |
|    iterations           | 39          |
|    time_elapsed         | 86          |
|    total_timesteps      | 1513472     |
| train/                  |             |
|    approx_kl            | 0.004957895 |
|    clip_fraction        | 0.0507      |
|    clip_range           | 0.2         |
|    entropy_loss         | -2          |
|    explained_variance   | 0.924       |
|    learning_rate        | 0.0003      |
|    loss                 | 78.1        |
|    n_updates            | 3690        |
|    policy_gradient_loss | -0.00344    |
|    std                  | 0.658       |
|    value_loss           | 48.7        |
-----------------------------------------
------------------------------------------
| rollout/                |              |
|    ep_len_mean          | 1.04e+03     |
|    ep_rew_mean          | 151          |
| time/                   |              |
|    fps                  | 922          |
|    iterations           | 40           |
|    time_elapsed         | 88           |
|    total_timesteps      | 1515520      |
| train/                  |              |
|    approx_kl            | 0.0019190158 |
|    clip_fraction        | 0.0542       |
|    clip_range           | 0.2          |
|    entropy_loss         | -2           |
|    explained_variance   | 0.858        |
|    learning_rate        | 0.0003       |
|    loss                 | 42.9         |
|    n_updates            | 3695         |
|    policy_gradient_loss | 0.000575     |
|    std                  | 0.658        |
|    value_loss           | 77.2         |
------------------------------------------
-----------------------------------------
| rollout/                |             |
|    ep_len_mean          | 1.04e+03    |
|    ep_rew_mean          | 151         |
| time/                   |             |
|    fps                  | 921         |
|    iterations           | 41          |
|    time_elapsed         | 91          |
|    total_timesteps      | 1517568     |
| train/                  |             |
|    approx_kl            | 0.002225726 |
|    clip_fraction        | 0.061       |
|    clip_range           | 0.2         |
|    entropy_loss         | -1.99       |
|    explained_variance   | 0.904       |
|    learning_rate        | 0.0003      |
|    loss                 | 0.31        |
|    n_updates            | 3700        |
|    policy_gradient_loss | -0.00315    |
|    std                  | 0.656       |
|    value_loss           | 26.5        |
-----------------------------------------
------------------------------------------
| rollout/                |              |
|    ep_len_mean          | 1.04e+03     |
|    ep_rew_mean          | 151          |
| time/                   |              |
|    fps                  | 919          |
|    iterations           | 42           |
|    time_elapsed         | 93           |
|    total_timesteps      | 1519616      |
| train/                  |              |
|    approx_kl            | 0.0052338373 |
|    clip_fraction        | 0.0649       |
|    clip_range           | 0.2          |
|    entropy_loss         | -1.99        |
|    explained_variance   | 0.837        |
|    learning_rate        | 0.0003       |
|    loss                 | 139          |
|    n_updates            | 3705         |
|    policy_gradient_loss | 0.000476     |
|    std                  | 0.656        |
|    value_loss           | 76.2         |
------------------------------------------
-----------------------------------------
| rollout/                |             |
|    ep_len_mean          | 1.05e+03    |
|    ep_rew_mean          | 149         |
| time/                   |             |
|    fps                  | 921         |
|    iterations           | 43          |
|    time_elapsed         | 95          |
|    total_timesteps      | 1521664     |
| train/                  |             |
|    approx_kl            | 0.034304388 |
|    clip_fraction        | 0.231       |
|    clip_range           | 0.2         |
|    entropy_loss         | -1.99       |
|    explained_variance   | 0.926       |
|    learning_rate        | 0.0003      |
|    loss                 | 2.78        |
|    n_updates            | 3710        |
|    policy_gradient_loss | 0.00582     |
|    std                  | 0.657       |
|    value_loss           | 6.53        |
-----------------------------------------
-----------------------------------------
| rollout/                |             |
|    ep_len_mean          | 1.06e+03    |
|    ep_rew_mean          | 149         |
| time/                   |             |
|    fps                  | 922         |
|    iterations           | 44          |
|    time_elapsed         | 97          |
|    total_timesteps      | 1523712     |
| train/                  |             |
|    approx_kl            | 0.004739833 |
|    clip_fraction        | 0.0786      |
|    clip_range           | 0.2         |
|    entropy_loss         | -1.99       |
|    explained_variance   | 0.859       |
|    learning_rate        | 0.0003      |
|    loss                 | 1.42        |
|    n_updates            | 3715        |
|    policy_gradient_loss | 0.00376     |
|    std                  | 0.656       |
|    value_loss           | 13.2        |
-----------------------------------------
------------------------------------------
| rollout/                |              |
|    ep_len_mean          | 1.06e+03     |
|    ep_rew_mean          | 149          |
| time/                   |              |
|    fps                  | 920          |
|    iterations           | 45           |
|    time_elapsed         | 100          |
|    total_timesteps      | 1525760      |
| train/                  |              |
|    approx_kl            | 0.0048627784 |
|    clip_fraction        | 0.0864       |
|    clip_range           | 0.2          |
|    entropy_loss         | -1.99        |
|    explained_variance   | 0.824        |
|    learning_rate        | 0.0003       |
|    loss                 | 56.7         |
|    n_updates            | 3720         |
|    policy_gradient_loss | -0.00273     |
|    std                  | 0.656        |
|    value_loss           | 78.7         |
------------------------------------------
------------------------------------------
| rollout/                |              |
|    ep_len_mean          | 1.06e+03     |
|    ep_rew_mean          | 149          |
| time/                   |              |
|    fps                  | 920          |
|    iterations           | 46           |
|    time_elapsed         | 102          |
|    total_timesteps      | 1527808      |
| train/                  |              |
|    approx_kl            | 0.0057375445 |
|    clip_fraction        | 0.0667       |
|    clip_range           | 0.2          |
|    entropy_loss         | -1.99        |
|    explained_variance   | 0.832        |
|    learning_rate        | 0.0003       |
|    loss                 | 1.05         |
|    n_updates            | 3725         |
|    policy_gradient_loss | -0.000648    |
|    std                  | 0.657        |
|    value_loss           | 110          |
------------------------------------------
-----------------------------------------
| rollout/                |             |
|    ep_len_mean          | 1.04e+03    |
|    ep_rew_mean          | 152         |
| time/                   |             |
|    fps                  | 922         |
|    iterations           | 47          |
|    time_elapsed         | 104         |
|    total_timesteps      | 1529856     |
| train/                  |             |
|    approx_kl            | 0.002147429 |
|    clip_fraction        | 0.0792      |
|    clip_range           | 0.2         |
|    entropy_loss         | -1.99       |
|    explained_variance   | 0.941       |
|    learning_rate        | 0.0003      |
|    loss                 | 1.87        |
|    n_updates            | 3730        |
|    policy_gradient_loss | 0.00385     |
|    std                  | 0.657       |
|    value_loss           | 6.9         |
-----------------------------------------
------------------------------------------
| rollout/                |              |
|    ep_len_mean          | 1.04e+03     |
|    ep_rew_mean          | 152          |
| time/                   |              |
|    fps                  | 923          |
|    iterations           | 48           |
|    time_elapsed         | 106          |
|    total_timesteps      | 1531904      |
| train/                  |              |
|    approx_kl            | 0.0063376045 |
|    clip_fraction        | 0.0488       |
|    clip_range           | 0.2          |
|    entropy_loss         | -2           |
|    explained_variance   | 0.912        |
|    learning_rate        | 0.0003       |
|    loss                 | 75.9         |
|    n_updates            | 3735         |
|    policy_gradient_loss | -0.0014      |
|    std                  | 0.657        |
|    value_loss           | 36.9         |
------------------------------------------
------------------------------------------
| rollout/                |              |
|    ep_len_mean          | 1.05e+03     |
|    ep_rew_mean          | 152          |
| time/                   |              |
|    fps                  | 922          |
|    iterations           | 49           |
|    time_elapsed         | 108          |
|    total_timesteps      | 1533952      |
| train/                  |              |
|    approx_kl            | 0.0036873298 |
|    clip_fraction        | 0.0801       |
|    clip_range           | 0.2          |
|    entropy_loss         | -1.99        |
|    explained_variance   | 0.919        |
|    learning_rate        | 0.0003       |
|    loss                 | 1.9          |
|    n_updates            | 3740         |
|    policy_gradient_loss | -0.00178     |
|    std                  | 0.657        |
|    value_loss           | 21.7         |
------------------------------------------
------------------------------------------
| rollout/                |              |
|    ep_len_mean          | 1.04e+03     |
|    ep_rew_mean          | 153          |
| time/                   |              |
|    fps                  | 922          |
|    iterations           | 50           |
|    time_elapsed         | 110          |
|    total_timesteps      | 1536000      |
| train/                  |              |
|    approx_kl            | 0.0070536085 |
|    clip_fraction        | 0.082        |
|    clip_range           | 0.2          |
|    entropy_loss         | -1.99        |
|    explained_variance   | 0.741        |
|    learning_rate        | 0.0003       |
|    loss                 | 73.8         |
|    n_updates            | 3745         |
|    policy_gradient_loss | 0.000413     |
|    std                  | 0.657        |
|    value_loss           | 54.6         |
------------------------------------------
-----------------------------------------
| rollout/                |             |
|    ep_len_mean          | 1.03e+03    |
|    ep_rew_mean          | 153         |
| time/                   |             |
|    fps                  | 922         |
|    iterations           | 51          |
|    time_elapsed         | 113         |
|    total_timesteps      | 1538048     |
| train/                  |             |
|    approx_kl            | 0.006212984 |
|    clip_fraction        | 0.105       |
|    clip_range           | 0.2         |
|    entropy_loss         | -1.99       |
|    explained_variance   | 0.883       |
|    learning_rate        | 0.0003      |
|    loss                 | 1.91        |
|    n_updates            | 3750        |
|    policy_gradient_loss | -0.000974   |
|    std                  | 0.657       |
|    value_loss           | 41.9        |
-----------------------------------------
-----------------------------------------
| rollout/                |             |
|    ep_len_mean          | 1.04e+03    |
|    ep_rew_mean          | 152         |
| time/                   |             |
|    fps                  | 923         |
|    iterations           | 52          |
|    time_elapsed         | 115         |
|    total_timesteps      | 1540096     |
| train/                  |             |
|    approx_kl            | 0.025665935 |
|    clip_fraction        | 0.129       |
|    clip_range           | 0.2         |
|    entropy_loss         | -1.99       |
|    explained_variance   | 0.908       |
|    learning_rate        | 0.0003      |
|    loss                 | 0.76        |
|    n_updates            | 3755        |
|    policy_gradient_loss | 0.00628     |
|    std                  | 0.658       |
|    value_loss           | 39.3        |
-----------------------------------------
-----------------------------------------
| rollout/                |             |
|    ep_len_mean          | 1.05e+03    |
|    ep_rew_mean          | 152         |
| time/                   |             |
|    fps                  | 922         |
|    iterations           | 53          |
|    time_elapsed         | 117         |
|    total_timesteps      | 1542144     |
| train/                  |             |
|    approx_kl            | 0.028550558 |
|    clip_fraction        | 0.445       |
|    clip_range           | 0.2         |
|    entropy_loss         | -2          |
|    explained_variance   | 0.911       |
|    learning_rate        | 0.0003      |
|    loss                 | 1.63        |
|    n_updates            | 3760        |
|    policy_gradient_loss | 0.0347      |
|    std                  | 0.659       |
|    value_loss           | 26.1        |
-----------------------------------------
-----------------------------------------
| rollout/                |             |
|    ep_len_mean          | 1.05e+03    |
|    ep_rew_mean          | 152         |
| time/                   |             |
|    fps                  | 922         |
|    iterations           | 54          |
|    time_elapsed         | 119         |
|    total_timesteps      | 1544192     |
| train/                  |             |
|    approx_kl            | 0.009066112 |
|    clip_fraction        | 0.132       |
|    clip_range           | 0.2         |
|    entropy_loss         | -2          |
|    explained_variance   | 0.898       |
|    learning_rate        | 0.0003      |
|    loss                 | 1.81        |
|    n_updates            | 3765        |
|    policy_gradient_loss | 0.0021      |
|    std                  | 0.658       |
|    value_loss           | 25.2        |
-----------------------------------------
------------------------------------------
| rollout/                |              |
|    ep_len_mean          | 1.05e+03     |
|    ep_rew_mean          | 152          |
| time/                   |              |
|    fps                  | 922          |
|    iterations           | 55           |
|    time_elapsed         | 122          |
|    total_timesteps      | 1546240      |
| train/                  |              |
|    approx_kl            | 0.0059327167 |
|    clip_fraction        | 0.0532       |
|    clip_range           | 0.2          |
|    entropy_loss         | -2           |
|    explained_variance   | 0.789        |
|    learning_rate        | 0.0003       |
|    loss                 | 90.6         |
|    n_updates            | 3770         |
|    policy_gradient_loss | 0.000788     |
|    std                  | 0.658        |
|    value_loss           | 110          |
------------------------------------------
-----------------------------------------
| rollout/                |             |
|    ep_len_mean          | 1.05e+03    |
|    ep_rew_mean          | 152         |
| time/                   |             |
|    fps                  | 923         |
|    iterations           | 56          |
|    time_elapsed         | 124         |
|    total_timesteps      | 1548288     |
| train/                  |             |
|    approx_kl            | 0.009754708 |
|    clip_fraction        | 0.0746      |
|    clip_range           | 0.2         |
|    entropy_loss         | -2          |
|    explained_variance   | 0.957       |
|    learning_rate        | 0.0003      |
|    loss                 | 5.26        |
|    n_updates            | 3775        |
|    policy_gradient_loss | -0.00442    |
|    std                  | 0.659       |
|    value_loss           | 29.6        |
-----------------------------------------
-----------------------------------------
| rollout/                |             |
|    ep_len_mean          | 1.06e+03    |
|    ep_rew_mean          | 150         |
| time/                   |             |
|    fps                  | 924         |
|    iterations           | 57          |
|    time_elapsed         | 126         |
|    total_timesteps      | 1550336     |
| train/                  |             |
|    approx_kl            | 0.008737115 |
|    clip_fraction        | 0.0618      |
|    clip_range           | 0.2         |
|    entropy_loss         | -2          |
|    explained_variance   | 0.848       |
|    learning_rate        | 0.0003      |
|    loss                 | 6.87        |
|    n_updates            | 3780        |
|    policy_gradient_loss | -0.00234    |
|    std                  | 0.658       |
|    value_loss           | 36.7        |
-----------------------------------------
----------------------------------------
| rollout/                |            |
|    ep_len_mean          | 1.06e+03   |
|    ep_rew_mean          | 150        |
| time/                   |            |
|    fps                  | 924        |
|    iterations           | 58         |
|    time_elapsed         | 128        |
|    total_timesteps      | 1552384    |
| train/                  |            |
|    approx_kl            | 0.00742832 |
|    clip_fraction        | 0.0913     |
|    clip_range           | 0.2        |
|    entropy_loss         | -2         |
|    explained_variance   | 0.925      |
|    learning_rate        | 0.0003     |
|    loss                 | 73.7       |
|    n_updates            | 3785       |
|    policy_gradient_loss | -0.00423   |
|    std                  | 0.657      |
|    value_loss           | 47.8       |
----------------------------------------
------------------------------------------
| rollout/                |              |
|    ep_len_mean          | 1.06e+03     |
|    ep_rew_mean          | 150          |
| time/                   |              |
|    fps                  | 922          |
|    iterations           | 59           |
|    time_elapsed         | 130          |
|    total_timesteps      | 1554432      |
| train/                  |              |
|    approx_kl            | 0.0033090557 |
|    clip_fraction        | 0.0255       |
|    clip_range           | 0.2          |
|    entropy_loss         | -2           |
|    explained_variance   | 0.953        |
|    learning_rate        | 0.0003       |
|    loss                 | 3.27         |
|    n_updates            | 3790         |
|    policy_gradient_loss | -0.00322     |
|    std                  | 0.657        |
|    value_loss           | 18.5         |
------------------------------------------
------------------------------------------
| rollout/                |              |
|    ep_len_mean          | 1.07e+03     |
|    ep_rew_mean          | 149          |
| time/                   |              |
|    fps                  | 922          |
|    iterations           | 60           |
|    time_elapsed         | 133          |
|    total_timesteps      | 1556480      |
| train/                  |              |
|    approx_kl            | 0.0039937133 |
|    clip_fraction        | 0.0438       |
|    clip_range           | 0.2          |
|    entropy_loss         | -2           |
|    explained_variance   | 0.923        |
|    learning_rate        | 0.0003       |
|    loss                 | 3.21         |
|    n_updates            | 3795         |
|    policy_gradient_loss | -0.00349     |
|    std                  | 0.658        |
|    value_loss           | 45.4         |
------------------------------------------
-----------------------------------------
| rollout/                |             |
|    ep_len_mean          | 1.07e+03    |
|    ep_rew_mean          | 149         |
| time/                   |             |
|    fps                  | 922         |
|    iterations           | 61          |
|    time_elapsed         | 135         |
|    total_timesteps      | 1558528     |
| train/                  |             |
|    approx_kl            | 0.005216647 |
|    clip_fraction        | 0.0333      |
|    clip_range           | 0.2         |
|    entropy_loss         | -2          |
|    explained_variance   | 0.868       |
|    learning_rate        | 0.0003      |
|    loss                 | 4.16        |
|    n_updates            | 3800        |
|    policy_gradient_loss | -0.00059    |
|    std                  | 0.658       |
|    value_loss           | 87.3        |
-----------------------------------------
-----------------------------------------
| rollout/                |             |
|    ep_len_mean          | 1.07e+03    |
|    ep_rew_mean          | 150         |
| time/                   |             |
|    fps                  | 924         |
|    iterations           | 62          |
|    time_elapsed         | 137         |
|    total_timesteps      | 1560576     |
| train/                  |             |
|    approx_kl            | 0.002890806 |
|    clip_fraction        | 0.0235      |
|    clip_range           | 0.2         |
|    entropy_loss         | -2          |
|    explained_variance   | 0.949       |
|    learning_rate        | 0.0003      |
|    loss                 | 1.52        |
|    n_updates            | 3805        |
|    policy_gradient_loss | -0.00214    |
|    std                  | 0.657       |
|    value_loss           | 29.8        |
-----------------------------------------
------------------------------------------
| rollout/                |              |
|    ep_len_mean          | 1.08e+03     |
|    ep_rew_mean          | 148          |
| time/                   |              |
|    fps                  | 923          |
|    iterations           | 63           |
|    time_elapsed         | 139          |
|    total_timesteps      | 1562624      |
| train/                  |              |
|    approx_kl            | 0.0022148537 |
|    clip_fraction        | 0.0336       |
|    clip_range           | 0.2          |
|    entropy_loss         | -1.99        |
|    explained_variance   | 0.931        |
|    learning_rate        | 0.0003       |
|    loss                 | 58.9         |
|    n_updates            | 3810         |
|    policy_gradient_loss | 0.000833     |
|    std                  | 0.656        |
|    value_loss           | 57.2         |
------------------------------------------
------------------------------------------
| rollout/                |              |
|    ep_len_mean          | 1.08e+03     |
|    ep_rew_mean          | 148          |
| time/                   |              |
|    fps                  | 924          |
|    iterations           | 64           |
|    time_elapsed         | 141          |
|    total_timesteps      | 1564672      |
| train/                  |              |
|    approx_kl            | 0.0025225482 |
|    clip_fraction        | 0.0131       |
|    clip_range           | 0.2          |
|    entropy_loss         | -1.99        |
|    explained_variance   | 0.9          |
|    learning_rate        | 0.0003       |
|    loss                 | 38.7         |
|    n_updates            | 3815         |
|    policy_gradient_loss | -0.00204     |
|    std                  | 0.656        |
|    value_loss           | 68.8         |
------------------------------------------
-----------------------------------------
| rollout/                |             |
|    ep_len_mean          | 1.08e+03    |
|    ep_rew_mean          | 146         |
| time/                   |             |
|    fps                  | 927         |
|    iterations           | 65          |
|    time_elapsed         | 143         |
|    total_timesteps      | 1566720     |
| train/                  |             |
|    approx_kl            | 0.012974929 |
|    clip_fraction        | 0.0803      |
|    clip_range           | 0.2         |
|    entropy_loss         | -1.99       |
|    explained_variance   | 0.876       |
|    learning_rate        | 0.0003      |
|    loss                 | 1.63        |
|    n_updates            | 3820        |
|    policy_gradient_loss | 0.00195     |
|    std                  | 0.657       |
|    value_loss           | 17.4        |
-----------------------------------------
------------------------------------------
| rollout/                |              |
|    ep_len_mean          | 1.08e+03     |
|    ep_rew_mean          | 146          |
| time/                   |              |
|    fps                  | 928          |
|    iterations           | 66           |
|    time_elapsed         | 145          |
|    total_timesteps      | 1568768      |
| train/                  |              |
|    approx_kl            | 0.0062285815 |
|    clip_fraction        | 0.0701       |
|    clip_range           | 0.2          |
|    entropy_loss         | -2           |
|    explained_variance   | 0.851        |
|    learning_rate        | 0.0003       |
|    loss                 | 1.78         |
|    n_updates            | 3825         |
|    policy_gradient_loss | -0.000644    |
|    std                  | 0.657        |
|    value_loss           | 68.4         |
------------------------------------------
-----------------------------------------
| rollout/                |             |
|    ep_len_mean          | 1.09e+03    |
|    ep_rew_mean          | 144         |
| time/                   |             |
|    fps                  | 928         |
|    iterations           | 67          |
|    time_elapsed         | 147         |
|    total_timesteps      | 1570816     |
| train/                  |             |
|    approx_kl            | 0.004181352 |
|    clip_fraction        | 0.0558      |
|    clip_range           | 0.2         |
|    entropy_loss         | -1.99       |
|    explained_variance   | 0.96        |
|    learning_rate        | 0.0003      |
|    loss                 | 6.98        |
|    n_updates            | 3830        |
|    policy_gradient_loss | -0.00285    |
|    std                  | 0.656       |
|    value_loss           | 22.9        |
-----------------------------------------
-----------------------------------------
| rollout/                |             |
|    ep_len_mean          | 1.11e+03    |
|    ep_rew_mean          | 142         |
| time/                   |             |
|    fps                  | 929         |
|    iterations           | 68          |
|    time_elapsed         | 149         |
|    total_timesteps      | 1572864     |
| train/                  |             |
|    approx_kl            | 0.004933843 |
|    clip_fraction        | 0.0407      |
|    clip_range           | 0.2         |
|    entropy_loss         | -1.99       |
|    explained_variance   | 0.731       |
|    learning_rate        | 0.0003      |
|    loss                 | 0.0897      |
|    n_updates            | 3835        |
|    policy_gradient_loss | -0.00188    |
|    std                  | 0.657       |
|    value_loss           | 102         |
-----------------------------------------
---------------------------------------
| rollout/                |           |
|    ep_len_mean          | 1.1e+03   |
|    ep_rew_mean          | 144       |
| time/                   |           |
|    fps                  | 928       |
|    iterations           | 69        |
|    time_elapsed         | 152       |
|    total_timesteps      | 1574912   |
| train/                  |           |
|    approx_kl            | 0.5463813 |
|    clip_fraction        | 0.468     |
|    clip_range           | 0.2       |
|    entropy_loss         | -2        |
|    explained_variance   | 0.883     |
|    learning_rate        | 0.0003    |
|    loss                 | 17.1      |
|    n_updates            | 3840      |
|    policy_gradient_loss | 0.101     |
|    std                  | 0.658     |
|    value_loss           | 12.2      |
---------------------------------------
-----------------------------------------
| rollout/                |             |
|    ep_len_mean          | 1.11e+03    |
|    ep_rew_mean          | 142         |
| time/                   |             |
|    fps                  | 927         |
|    iterations           | 70          |
|    time_elapsed         | 154         |
|    total_timesteps      | 1576960     |
| train/                  |             |
|    approx_kl            | 0.021084078 |
|    clip_fraction        | 0.371       |
|    clip_range           | 0.2         |
|    entropy_loss         | -2          |
|    explained_variance   | 0.713       |
|    learning_rate        | 0.0003      |
|    loss                 | 2.92        |
|    n_updates            | 3845        |
|    policy_gradient_loss | 0.0132      |
|    std                  | 0.658       |
|    value_loss           | 85.8        |
-----------------------------------------
------------------------------------------
| rollout/                |              |
|    ep_len_mean          | 1.11e+03     |
|    ep_rew_mean          | 142          |
| time/                   |              |
|    fps                  | 926          |
|    iterations           | 71           |
|    time_elapsed         | 156          |
|    total_timesteps      | 1579008      |
| train/                  |              |
|    approx_kl            | 0.0047063744 |
|    clip_fraction        | 0.0307       |
|    clip_range           | 0.2          |
|    entropy_loss         | -2           |
|    explained_variance   | 0.881        |
|    learning_rate        | 0.0003       |
|    loss                 | 56.3         |
|    n_updates            | 3850         |
|    policy_gradient_loss | -0.00229     |
|    std                  | 0.658        |
|    value_loss           | 38.5         |
------------------------------------------
-----------------------------------------
| rollout/                |             |
|    ep_len_mean          | 1.11e+03    |
|    ep_rew_mean          | 142         |
| time/                   |             |
|    fps                  | 924         |
|    iterations           | 72          |
|    time_elapsed         | 159         |
|    total_timesteps      | 1581056     |
| train/                  |             |
|    approx_kl            | 0.009844633 |
|    clip_fraction        | 0.0738      |
|    clip_range           | 0.2         |
|    entropy_loss         | -2          |
|    explained_variance   | 0.825       |
|    learning_rate        | 0.0003      |
|    loss                 | 2.8         |
|    n_updates            | 3855        |
|    policy_gradient_loss | -0.00292    |
|    std                  | 0.657       |
|    value_loss           | 75          |
-----------------------------------------
----------------------------------------
| rollout/                |            |
|    ep_len_mean          | 1.11e+03   |
|    ep_rew_mean          | 141        |
| time/                   |            |
|    fps                  | 922        |
|    iterations           | 73         |
|    time_elapsed         | 161        |
|    total_timesteps      | 1583104    |
| train/                  |            |
|    approx_kl            | 0.01597744 |
|    clip_fraction        | 0.0555     |
|    clip_range           | 0.2        |
|    entropy_loss         | -2         |
|    explained_variance   | 0.917      |
|    learning_rate        | 0.0003     |
|    loss                 | 0.854      |
|    n_updates            | 3860       |
|    policy_gradient_loss | 0.000127   |
|    std                  | 0.657      |
|    value_loss           | 42.6       |
----------------------------------------
------------------------------------------
| rollout/                |              |
|    ep_len_mean          | 1.13e+03     |
|    ep_rew_mean          | 140          |
| time/                   |              |
|    fps                  | 922          |
|    iterations           | 74           |
|    time_elapsed         | 164          |
|    total_timesteps      | 1585152      |
| train/                  |              |
|    approx_kl            | 0.0147081865 |
|    clip_fraction        | 0.153        |
|    clip_range           | 0.2          |
|    entropy_loss         | -1.99        |
|    explained_variance   | 0.954        |
|    learning_rate        | 0.0003       |
|    loss                 | 0.607        |
|    n_updates            | 3865         |
|    policy_gradient_loss | -0.00389     |
|    std                  | 0.655        |
|    value_loss           | 16.8         |
------------------------------------------
------------------------------------------
| rollout/                |              |
|    ep_len_mean          | 1.12e+03     |
|    ep_rew_mean          | 141          |
| time/                   |              |
|    fps                  | 920          |
|    iterations           | 75           |
|    time_elapsed         | 166          |
|    total_timesteps      | 1587200      |
| train/                  |              |
|    approx_kl            | 0.0062658302 |
|    clip_fraction        | 0.0392       |
|    clip_range           | 0.2          |
|    entropy_loss         | -1.99        |
|    explained_variance   | 0.781        |
|    learning_rate        | 0.0003       |
|    loss                 | 3.01         |
|    n_updates            | 3870         |
|    policy_gradient_loss | -0.00104     |
|    std                  | 0.654        |
|    value_loss           | 60.6         |
------------------------------------------
-----------------------------------------
| rollout/                |             |
|    ep_len_mean          | 1.13e+03    |
|    ep_rew_mean          | 139         |
| time/                   |             |
|    fps                  | 920         |
|    iterations           | 76          |
|    time_elapsed         | 169         |
|    total_timesteps      | 1589248     |
| train/                  |             |
|    approx_kl            | 0.009407638 |
|    clip_fraction        | 0.0761      |
|    clip_range           | 0.2         |
|    entropy_loss         | -1.98       |
|    explained_variance   | 0.882       |
|    learning_rate        | 0.0003      |
|    loss                 | 39.3        |
|    n_updates            | 3875        |
|    policy_gradient_loss | -0.00475    |
|    std                  | 0.653       |
|    value_loss           | 55.7        |
-----------------------------------------
-----------------------------------------
| rollout/                |             |
|    ep_len_mean          | 1.13e+03    |
|    ep_rew_mean          | 139         |
| time/                   |             |
|    fps                  | 920         |
|    iterations           | 77          |
|    time_elapsed         | 171         |
|    total_timesteps      | 1591296     |
| train/                  |             |
|    approx_kl            | 0.006681369 |
|    clip_fraction        | 0.0602      |
|    clip_range           | 0.2         |
|    entropy_loss         | -1.98       |
|    explained_variance   | 0.971       |
|    learning_rate        | 0.0003      |
|    loss                 | 2.33        |
|    n_updates            | 3880        |
|    policy_gradient_loss | 0.001       |
|    std                  | 0.652       |
|    value_loss           | 6.88        |
-----------------------------------------
-----------------------------------------
| rollout/                |             |
|    ep_len_mean          | 1.12e+03    |
|    ep_rew_mean          | 139         |
| time/                   |             |
|    fps                  | 918         |
|    iterations           | 78          |
|    time_elapsed         | 173         |
|    total_timesteps      | 1593344     |
| train/                  |             |
|    approx_kl            | 0.009777012 |
|    clip_fraction        | 0.0753      |
|    clip_range           | 0.2         |
|    entropy_loss         | -1.98       |
|    explained_variance   | 0.857       |
|    learning_rate        | 0.0003      |
|    loss                 | 1.27        |
|    n_updates            | 3885        |
|    policy_gradient_loss | -0.00425    |
|    std                  | 0.652       |
|    value_loss           | 85          |
-----------------------------------------
-----------------------------------------
| rollout/                |             |
|    ep_len_mean          | 1.13e+03    |
|    ep_rew_mean          | 139         |
| time/                   |             |
|    fps                  | 919         |
|    iterations           | 79          |
|    time_elapsed         | 176         |
|    total_timesteps      | 1595392     |
| train/                  |             |
|    approx_kl            | 0.030336902 |
|    clip_fraction        | 0.231       |
|    clip_range           | 0.2         |
|    entropy_loss         | -1.98       |
|    explained_variance   | 0.947       |
|    learning_rate        | 0.0003      |
|    loss                 | 85.2        |
|    n_updates            | 3890        |
|    policy_gradient_loss | 0.0229      |
|    std                  | 0.652       |
|    value_loss           | 30.3        |
-----------------------------------------
-----------------------------------------
| rollout/                |             |
|    ep_len_mean          | 1.14e+03    |
|    ep_rew_mean          | 137         |
| time/                   |             |
|    fps                  | 918         |
|    iterations           | 80          |
|    time_elapsed         | 178         |
|    total_timesteps      | 1597440     |
| train/                  |             |
|    approx_kl            | 0.017618153 |
|    clip_fraction        | 0.11        |
|    clip_range           | 0.2         |
|    entropy_loss         | -1.98       |
|    explained_variance   | 0.792       |
|    learning_rate        | 0.0003      |
|    loss                 | 59.3        |
|    n_updates            | 3895        |
|    policy_gradient_loss | -0.00121    |
|    std                  | 0.651       |
|    value_loss           | 72          |
-----------------------------------------
-----------------------------------------
| rollout/                |             |
|    ep_len_mean          | 1.15e+03    |
|    ep_rew_mean          | 135         |
| time/                   |             |
|    fps                  | 918         |
|    iterations           | 81          |
|    time_elapsed         | 180         |
|    total_timesteps      | 1599488     |
| train/                  |             |
|    approx_kl            | 0.013778836 |
|    clip_fraction        | 0.113       |
|    clip_range           | 0.2         |
|    entropy_loss         | -1.98       |
|    explained_variance   | 0.882       |
|    learning_rate        | 0.0003      |
|    loss                 | 1.17        |
|    n_updates            | 3900        |
|    policy_gradient_loss | -0.0024     |
|    std                  | 0.652       |
|    value_loss           | 15.8        |
-----------------------------------------
------------------------------------------
| rollout/                |              |
|    ep_len_mean          | 1.15e+03     |
|    ep_rew_mean          | 135          |
| time/                   |              |
|    fps                  | 916          |
|    iterations           | 82           |
|    time_elapsed         | 183          |
|    total_timesteps      | 1601536      |
| train/                  |              |
|    approx_kl            | 0.0075641884 |
|    clip_fraction        | 0.116        |
|    clip_range           | 0.2          |
|    entropy_loss         | -1.98        |
|    explained_variance   | 0.875        |
|    learning_rate        | 0.0003       |
|    loss                 | 41.9         |
|    n_updates            | 3905         |
|    policy_gradient_loss | -0.00199     |
|    std                  | 0.651        |
|    value_loss           | 61.2         |
------------------------------------------
-----------------------------------------
| rollout/                |             |
|    ep_len_mean          | 1.15e+03    |
|    ep_rew_mean          | 135         |
| time/                   |             |
|    fps                  | 915         |
|    iterations           | 83          |
|    time_elapsed         | 185         |
|    total_timesteps      | 1603584     |
| train/                  |             |
|    approx_kl            | 0.018838745 |
|    clip_fraction        | 0.316       |
|    clip_range           | 0.2         |
|    entropy_loss         | -1.97       |
|    explained_variance   | 0.844       |
|    learning_rate        | 0.0003      |
|    loss                 | 0.909       |
|    n_updates            | 3910        |
|    policy_gradient_loss | 0.012       |
|    std                  | 0.649       |
|    value_loss           | 82.1        |
-----------------------------------------
-----------------------------------------
| rollout/                |             |
|    ep_len_mean          | 1.15e+03    |
|    ep_rew_mean          | 135         |
| time/                   |             |
|    fps                  | 916         |
|    iterations           | 84          |
|    time_elapsed         | 187         |
|    total_timesteps      | 1605632     |
| train/                  |             |
|    approx_kl            | 0.009680519 |
|    clip_fraction        | 0.159       |
|    clip_range           | 0.2         |
|    entropy_loss         | -1.97       |
|    explained_variance   | 0.934       |
|    learning_rate        | 0.0003      |
|    loss                 | 32.5        |
|    n_updates            | 3915        |
|    policy_gradient_loss | 0.00314     |
|    std                  | 0.647       |
|    value_loss           | 31.2        |
-----------------------------------------
-----------------------------------------
| rollout/                |             |
|    ep_len_mean          | 1.15e+03    |
|    ep_rew_mean          | 133         |
| time/                   |             |
|    fps                  | 916         |
|    iterations           | 85          |
|    time_elapsed         | 189         |
|    total_timesteps      | 1607680     |
| train/                  |             |
|    approx_kl            | 0.010749966 |
|    clip_fraction        | 0.096       |
|    clip_range           | 0.2         |
|    entropy_loss         | -1.96       |
|    explained_variance   | 0.932       |
|    learning_rate        | 0.0003      |
|    loss                 | 1.52        |
|    n_updates            | 3920        |
|    policy_gradient_loss | -0.00346    |
|    std                  | 0.646       |
|    value_loss           | 38.4        |
-----------------------------------------
-----------------------------------------
| rollout/                |             |
|    ep_len_mean          | 1.14e+03    |
|    ep_rew_mean          | 134         |
| time/                   |             |
|    fps                  | 916         |
|    iterations           | 86          |
|    time_elapsed         | 192         |
|    total_timesteps      | 1609728     |
| train/                  |             |
|    approx_kl            | 0.004446498 |
|    clip_fraction        | 0.0543      |
|    clip_range           | 0.2         |
|    entropy_loss         | -1.96       |
|    explained_variance   | 0.945       |
|    learning_rate        | 0.0003      |
|    loss                 | 1.39        |
|    n_updates            | 3925        |
|    policy_gradient_loss | -0.0016     |
|    std                  | 0.646       |
|    value_loss           | 33.9        |
-----------------------------------------
-----------------------------------------
| rollout/                |             |
|    ep_len_mean          | 1.14e+03    |
|    ep_rew_mean          | 135         |
| time/                   |             |
|    fps                  | 914         |
|    iterations           | 87          |
|    time_elapsed         | 194         |
|    total_timesteps      | 1611776     |
| train/                  |             |
|    approx_kl            | 0.026728678 |
|    clip_fraction        | 0.18        |
|    clip_range           | 0.2         |
|    entropy_loss         | -1.96       |
|    explained_variance   | 0.885       |
|    learning_rate        | 0.0003      |
|    loss                 | 69.5        |
|    n_updates            | 3930        |
|    policy_gradient_loss | 0.00715     |
|    std                  | 0.647       |
|    value_loss           | 79.1        |
-----------------------------------------
----------------------------------------
| rollout/                |            |
|    ep_len_mean          | 1.14e+03   |
|    ep_rew_mean          | 135        |
| time/                   |            |
|    fps                  | 914        |
|    iterations           | 88         |
|    time_elapsed         | 197        |
|    total_timesteps      | 1613824    |
| train/                  |            |
|    approx_kl            | 0.00851265 |
|    clip_fraction        | 0.0928     |
|    clip_range           | 0.2        |
|    entropy_loss         | -1.96      |
|    explained_variance   | 0.907      |
|    learning_rate        | 0.0003     |
|    loss                 | 89.4       |
|    n_updates            | 3935       |
|    policy_gradient_loss | -0.00129   |
|    std                  | 0.647      |
|    value_loss           | 26.1       |
----------------------------------------
------------------------------------------
| rollout/                |              |
|    ep_len_mean          | 1.15e+03     |
|    ep_rew_mean          | 133          |
| time/                   |              |
|    fps                  | 912          |
|    iterations           | 89           |
|    time_elapsed         | 199          |
|    total_timesteps      | 1615872      |
| train/                  |              |
|    approx_kl            | 0.0146232555 |
|    clip_fraction        | 0.13         |
|    clip_range           | 0.2          |
|    entropy_loss         | -1.96        |
|    explained_variance   | 0.934        |
|    learning_rate        | 0.0003       |
|    loss                 | 40           |
|    n_updates            | 3940         |
|    policy_gradient_loss | 0.000686     |
|    std                  | 0.647        |
|    value_loss           | 47.7         |
------------------------------------------
-----------------------------------------
| rollout/                |             |
|    ep_len_mean          | 1.15e+03    |
|    ep_rew_mean          | 133         |
| time/                   |             |
|    fps                  | 912         |
|    iterations           | 90          |
|    time_elapsed         | 202         |
|    total_timesteps      | 1617920     |
| train/                  |             |
|    approx_kl            | 0.005611812 |
|    clip_fraction        | 0.0587      |
|    clip_range           | 0.2         |
|    entropy_loss         | -1.96       |
|    explained_variance   | 0.845       |
|    learning_rate        | 0.0003      |
|    loss                 | 45.4        |
|    n_updates            | 3945        |
|    policy_gradient_loss | -0.0045     |
|    std                  | 0.647       |
|    value_loss           | 74          |
-----------------------------------------
-----------------------------------------
| rollout/                |             |
|    ep_len_mean          | 1.16e+03    |
|    ep_rew_mean          | 131         |
| time/                   |             |
|    fps                  | 912         |
|    iterations           | 91          |
|    time_elapsed         | 204         |
|    total_timesteps      | 1619968     |
| train/                  |             |
|    approx_kl            | 0.004527313 |
|    clip_fraction        | 0.0809      |
|    clip_range           | 0.2         |
|    entropy_loss         | -1.96       |
|    explained_variance   | 0.973       |
|    learning_rate        | 0.0003      |
|    loss                 | 7.65        |
|    n_updates            | 3950        |
|    policy_gradient_loss | 0.00151     |
|    std                  | 0.646       |
|    value_loss           | 7.69        |
-----------------------------------------
----------------------------------------
| rollout/                |            |
|    ep_len_mean          | 1.16e+03   |
|    ep_rew_mean          | 131        |
| time/                   |            |
|    fps                  | 910        |
|    iterations           | 92         |
|    time_elapsed         | 206        |
|    total_timesteps      | 1622016    |
| train/                  |            |
|    approx_kl            | 0.02277396 |
|    clip_fraction        | 0.314      |
|    clip_range           | 0.2        |
|    entropy_loss         | -1.96      |
|    explained_variance   | 0.931      |
|    learning_rate        | 0.0003     |
|    loss                 | 6.53       |
|    n_updates            | 3955       |
|    policy_gradient_loss | 0.0299     |
|    std                  | 0.646      |
|    value_loss           | 39.9       |
----------------------------------------
------------------------------------------
| rollout/                |              |
|    ep_len_mean          | 1.15e+03     |
|    ep_rew_mean          | 131          |
| time/                   |              |
|    fps                  | 911          |
|    iterations           | 93           |
|    time_elapsed         | 209          |
|    total_timesteps      | 1624064      |
| train/                  |              |
|    approx_kl            | 0.0022592265 |
|    clip_fraction        | 0.0396       |
|    clip_range           | 0.2          |
|    entropy_loss         | -1.96        |
|    explained_variance   | 0.726        |
|    learning_rate        | 0.0003       |
|    loss                 | 3.07         |
|    n_updates            | 3960         |
|    policy_gradient_loss | -0.00138     |
|    std                  | 0.646        |
|    value_loss           | 82.4         |
------------------------------------------
------------------------------------------
| rollout/                |              |
|    ep_len_mean          | 1.16e+03     |
|    ep_rew_mean          | 131          |
| time/                   |              |
|    fps                  | 911          |
|    iterations           | 94           |
|    time_elapsed         | 211          |
|    total_timesteps      | 1626112      |
| train/                  |              |
|    approx_kl            | 0.0073485505 |
|    clip_fraction        | 0.0606       |
|    clip_range           | 0.2          |
|    entropy_loss         | -1.96        |
|    explained_variance   | 0.918        |
|    learning_rate        | 0.0003       |
|    loss                 | 60.9         |
|    n_updates            | 3965         |
|    policy_gradient_loss | -0.00273     |
|    std                  | 0.647        |
|    value_loss           | 40.1         |
------------------------------------------
------------------------------------------
| rollout/                |              |
|    ep_len_mean          | 1.17e+03     |
|    ep_rew_mean          | 130          |
| time/                   |              |
|    fps                  | 912          |
|    iterations           | 95           |
|    time_elapsed         | 213          |
|    total_timesteps      | 1628160      |
| train/                  |              |
|    approx_kl            | 0.0020861693 |
|    clip_fraction        | 0.0273       |
|    clip_range           | 0.2          |
|    entropy_loss         | -1.96        |
|    explained_variance   | 0.869        |
|    learning_rate        | 0.0003       |
|    loss                 | 1.52         |
|    n_updates            | 3970         |
|    policy_gradient_loss | -0.0029      |
|    std                  | 0.647        |
|    value_loss           | 24.2         |
------------------------------------------
------------------------------------------
| rollout/                |              |
|    ep_len_mean          | 1.18e+03     |
|    ep_rew_mean          | 130          |
| time/                   |              |
|    fps                  | 913          |
|    iterations           | 96           |
|    time_elapsed         | 215          |
|    total_timesteps      | 1630208      |
| train/                  |              |
|    approx_kl            | 0.0039252024 |
|    clip_fraction        | 0.0877       |
|    clip_range           | 0.2          |
|    entropy_loss         | -1.96        |
|    explained_variance   | 0.868        |
|    learning_rate        | 0.0003       |
|    loss                 | 149          |
|    n_updates            | 3975         |
|    policy_gradient_loss | -0.00228     |
|    std                  | 0.647        |
|    value_loss           | 69.2         |
------------------------------------------
-----------------------------------------
| rollout/                |             |
|    ep_len_mean          | 1.18e+03    |
|    ep_rew_mean          | 128         |
| time/                   |             |
|    fps                  | 913         |
|    iterations           | 97          |
|    time_elapsed         | 217         |
|    total_timesteps      | 1632256     |
| train/                  |             |
|    approx_kl            | 0.022086015 |
|    clip_fraction        | 0.19        |
|    clip_range           | 0.2         |
|    entropy_loss         | -1.96       |
|    explained_variance   | 0.92        |
|    learning_rate        | 0.0003      |
|    loss                 | 3.4         |
|    n_updates            | 3980        |
|    policy_gradient_loss | 0.00712     |
|    std                  | 0.647       |
|    value_loss           | 23.7        |
-----------------------------------------
------------------------------------------
| rollout/                |              |
|    ep_len_mean          | 1.19e+03     |
|    ep_rew_mean          | 128          |
| time/                   |              |
|    fps                  | 914          |
|    iterations           | 98           |
|    time_elapsed         | 219          |
|    total_timesteps      | 1634304      |
| train/                  |              |
|    approx_kl            | 0.0075811096 |
|    clip_fraction        | 0.17         |
|    clip_range           | 0.2          |
|    entropy_loss         | -1.97        |
|    explained_variance   | 0.867        |
|    learning_rate        | 0.0003       |
|    loss                 | 4.43         |
|    n_updates            | 3985         |
|    policy_gradient_loss | 0.00936      |
|    std                  | 0.648        |
|    value_loss           | 60.8         |
------------------------------------------
-----------------------------------------
| rollout/                |             |
|    ep_len_mean          | 1.19e+03    |
|    ep_rew_mean          | 128         |
| time/                   |             |
|    fps                  | 913         |
|    iterations           | 99          |
|    time_elapsed         | 221         |
|    total_timesteps      | 1636352     |
| train/                  |             |
|    approx_kl            | 0.016930211 |
|    clip_fraction        | 0.148       |
|    clip_range           | 0.2         |
|    entropy_loss         | -1.97       |
|    explained_variance   | 0.865       |
|    learning_rate        | 0.0003      |
|    loss                 | 223         |
|    n_updates            | 3990        |
|    policy_gradient_loss | -0.00273    |
|    std                  | 0.647       |
|    value_loss           | 91.9        |
-----------------------------------------
-----------------------------------------
| rollout/                |             |
|    ep_len_mean          | 1.19e+03    |
|    ep_rew_mean          | 128         |
| time/                   |             |
|    fps                  | 914         |
|    iterations           | 100         |
|    time_elapsed         | 224         |
|    total_timesteps      | 1638400     |
| train/                  |             |
|    approx_kl            | 0.010641003 |
|    clip_fraction        | 0.124       |
|    clip_range           | 0.2         |
|    entropy_loss         | -1.97       |
|    explained_variance   | 0.749       |
|    learning_rate        | 0.0003      |
|    loss                 | 3.15        |
|    n_updates            | 3995        |
|    policy_gradient_loss | 0.0117      |
|    std                  | 0.648       |
|    value_loss           | 43.6        |
-----------------------------------------

CP8 held-out: 43/50 hits (86.0%), mean miss 3.5 m, mean reward 144.63
STOP CONDITION: no joint improvement -- review gate before continuing.
outputs/precision_ft/seed6_pw50/checkpoints/rl_checkpoint_08.zip: 258/300 hits (86.0%), median miss 3.7 m -> outputs/precision_ft/seed6_pw50/eval300_cp8.json
