checkpoint,episode,total_timesteps,episode_reward,episode_length,outcome,min_range_m,final_time_s,legacy_episode_reward
1,1,8844,14.093790054321289,2211,miss,420.342188216722,44.22000000000131,-143.13080440642477
1,2,9000,22.460649490356445,2250,timeout,153.9410804474824,45.000000000001435,-143.9488205534982
1,3,9000,-12.062646865844727,2250,timeout,1306.6368594831572,45.000000000001435,-148.18895215182897
1,4,9000,-22.136856079101562,2250,timeout,1814.0703659798892,45.000000000001435,-96.2401083943115
1,5,17592,-9.287464141845703,2148,miss,1158.2176392465135,42.960000000001116,-94.3500944295035
1,6,17844,-9.732589721679688,2250,timeout,1233.8405908778623,45.000000000001435,-110.36695842815426
1,7,18000,-5.240352630615234,2250,timeout,1009.7491314887691,45.000000000001435,-105.09783558021158
1,8,18000,-51.1288948059082,2250,timeout,3187.3910658243353,45.000000000001435,-89.68015493935437
1,9,25252,0.9537887573242188,1852,miss,791.5189862936795,37.04000000000019,-86.52346098285902
1,10,25812,5.809571743011475,2055,miss,674.2199806665068,41.100000000000826,-65.92577282496337
1,11,26092,18.911741256713867,2023,miss,296.3283909318849,40.460000000000726,-103.59819195021657
1,12,26604,18.58802032470703,2151,miss,345.01344382442835,43.020000000001126,-88.82421006964799
1,13,33304,1.28562593460083,1803,miss,952.8933335470409,36.06000000000004,-63.75998896878463
1,14,33900,27.648059844970703,1824,miss,79.8367511454665,36.4800000000001,-76.2532749569634
1,15,34252,-8.05825424194336,2250,timeout,1079.3613503978097,45.000000000001435,-75.02562292513662
1,16,34812,16.9124755859375,2250,timeout,165.95112296872674,45.000000000001435,-94.96499567072414
1,17,41732,8.338842391967773,1958,miss,299.8989063882149,39.16000000000052,-93.88943895623078
1,18,42304,13.020147323608398,2250,timeout,104.44623160747126,45.000000000001435,-102.44455013310865
1,19,43252,15.868185043334961,2250,timeout,73.91463256232912,45.000000000001435,-112.17310106607275
1,20,43812,16.100452423095703,2250,timeout,389.46664121879905,45.000000000001435,-76.87279192567637
1,21,50732,16.951751708984375,2250,timeout,63.931238918569,45.000000000001435,-91.06566801068072
1,22,51304,17.979829788208008,2250,timeout,256.7160623215854,45.000000000001435,-85.39027056889715
1,23,51576,21.12981414794922,1941,miss,182.64095645767847,38.82000000000047,-76.75164859729728
1,24,52252,13.626543045043945,2250,timeout,350.6200017564523,45.000000000001435,-102.69112367283157
1,25,59268,8.46017074584961,1923,miss,555.8751928455814,38.46000000000041,-73.84594696468187
1,26,59732,8.762208938598633,2250,timeout,293.67919108501854,45.000000000001435,-95.37699819711281
1,27,60304,2.593921661376953,2250,timeout,336.4854061834054,45.000000000001435,-86.4710036336568
1,28,61252,22.76435089111328,2250,timeout,65.3169069464486,45.000000000001435,-74.54455504243812
1,29,68232,23.9321346282959,2125,miss,26.960566936050288,42.500000000001044,-76.01570932266134
1,30,68268,27.868732452392578,2250,timeout,20.78606947463922,45.000000000001435,-85.1209063348133
1,31,69304,21.55480194091797,2250,timeout,134.48904036346053,45.000000000001435,-80.94999637393252
1,32,70252,23.541593551635742,2250,timeout,14.338946648855252,45.000000000001435,-66.73563802325674
1,33,76840,2.8108367919921875,1884,miss,10.554138155203415,37.68000000000029,-78.94671114606172
1,34,77232,17.305973052978516,2250,timeout,90.18692823520504,45.000000000001435,-88.81211917650624
1,35,77268,11.828950881958008,2250,timeout,74.92207172664013,45.000000000001435,-79.36892391951807
1,36,79252,18.196767807006836,2250,timeout,66.2267668546507,45.000000000001435,-114.55135153483042
1,37,85840,24.0950870513916,2250,timeout,35.296004850430016,45.000000000001435,-65.35200710923638
1,38,85904,21.087696075439453,2168,miss,10.764365740628548,43.36000000000118,-72.6875933358493
1,39,86268,14.015743255615234,2250,timeout,17.17879746281913,45.000000000001435,-82.25257522721554
1,40,88252,10.282461166381836,2250,timeout,49.91682979196082,45.000000000001435,-81.67955697589659
1,41,92128,20.032752990722656,1572,miss,393.203257856326,31.43999999999942,-50.04599725267504
1,42,94904,13.257911682128906,2250,timeout,24.616754741287135,45.000000000001435,-72.88209689019737
1,43,95172,19.03375244140625,2226,miss,9.991379125331038,44.52000000000136,-65.6096032642666
1,44,97252,11.747068405151367,2250,timeout,53.504932604067626,45.000000000001435,-76.82732258043293
1,45,100644,126.62203979492188,1435,hit,4.754819059009309,28.699999999999477,148.579915265641
1,46,101128,16.92818832397461,2250,timeout,10.59178000565446,45.000000000001435,-71.37154689089895
1,47,104172,6.082700729370117,2250,timeout,21.45416514358346,45.000000000001435,-75.03846413077821
1,48,105032,25.352283477783203,1945,miss,9.842199779541094,38.90000000000048,-65.20486495192968
1,49,109644,3.6485424041748047,2250,timeout,15.129375858185218,45.000000000001435,-83.2058308573889
1,50,110128,23.04643440246582,2250,timeout,5.319388979808231,45.000000000001435,-62.575038836568226
1,51,112968,10.066595077514648,2199,miss,13.70825660842448,43.980000000001276,-81.67365022523154
1,52,114032,17.939971923828125,2250,timeout,6.150997259831207,45.000000000001435,-80.62006514968338
1,53,118644,11.354373931884766,2250,timeout,11.39501293011496,45.000000000001435,-84.53296269146504
1,54,119128,5.435340881347656,2250,timeout,14.885159115084548,45.000000000001435,-77.47056088383691
1,55,120976,26.35881996154785,1736,miss,12.448628358956547,34.71999999999983,-61.96707562923743
1,56,121968,7.352550506591797,2250,timeout,23.904043284372726,45.000000000001435,-64.00175905174443
1,57,125320,119.6730728149414,838,hit,3.2383942841196447,16.75999999999973,148.36579843465123
1,58,126568,8.7579345703125,1860,miss,8.444433130055451,37.200000000000216,-73.47422413011127
1,59,127504,17.659626007080078,2215,miss,16.524180832334455,44.300000000001326,-83.8628021726046
1,60,129976,6.104186058044434,2250,timeout,17.239124692759002,45.000000000001435,-76.05641354399151
1,61,131916,119.0184326171875,1649,hit,3.915339860999117,32.979999999999556,142.04136753631394
1,62,134728,17.665691375732422,1806,miss,13.941371554880712,36.12000000000005,-53.12431111590195
1,63,135568,6.8436431884765625,2250,timeout,59.601956203349665,45.000000000001435,-74.0134769158999
1,64,138976,11.30925178527832,2250,timeout,17.951760942208665,45.000000000001435,-64.31080918017128
1,65,140916,2.5123653411865234,2250,timeout,9.894321700838352,45.000000000001435,-64.63300431684624
1,66,143728,6.837745666503906,2250,timeout,18.710521089188813,45.000000000001435,-71.51214141842308
1,67,144568,8.549715042114258,2250,timeout,13.555085299106803,45.000000000001435,-68.95758260964486
1,68,147632,128.9752960205078,766,hit,4.560511444523063,15.319999999999762,158.24442859637895
1,69,147976,13.942255020141602,2250,timeout,9.416496309800326,45.000000000001435,-67.60001846767761
1,70,149916,4.9354963302612305,2250,timeout,40.94183693502509,45.000000000001435,-68.66493797031342
1,71,152400,10.755807876586914,2168,miss,14.254380530847943,43.36000000000118,-66.87161228350142
1,72,155556,4.905139923095703,1981,miss,10.550397487450173,39.620000000000594,-62.877638796207606
1,73,156664,9.717330932617188,2172,miss,20.828746299538857,43.44000000000119,-73.39315907926675
1,74,158916,18.48961067199707,2250,timeout,8.322168757089806,45.000000000001435,-68.13499815783675
1,75,160968,131.18368530273438,1076,hit,2.8268406367059287,21.51999999999963,160.44173348878238
1,76,161400,-7.1490020751953125,2250,timeout,35.61852159777219,45.000000000001435,-67.52436517747533
1,77,164556,-6.038595199584961,2250,timeout,10.802896406842448,45.000000000001435,-75.94594741896975
1,78,165012,135.02137756347656,903,hit,3.1408873657729304,18.059999999999704,159.0339517664202
1,79,167864,-1.1973037719726562,2237,miss,15.527264561623907,44.740000000001395,-86.32957635393404
1,80,169968,12.135279655456543,2250,timeout,18.503202207072523,45.000000000001435,-58.53721276210864
1,81,173556,-9.527936935424805,2250,timeout,10.640186653695663,45.000000000001435,-63.08730578473463
1,82,174012,-6.309825897216797,2250,timeout,7.218469225545325,45.000000000001435,-69.20494780478327
1,83,176864,-22.16377067565918,2250,timeout,25.135400118033772,45.000000000001435,-72.48723622056379
1,84,178968,2.3551025390625,2250,timeout,6.27092375281365,45.000000000001435,-69.46479641668948
1,85,182556,2.6184043884277344,2250,timeout,14.81524387764299,45.000000000001435,-75.16321406390026
1,86,183012,0.46225738525390625,2250,timeout,7.85985514944023,45.000000000001435,-76.44148021858098
1,87,185864,12.537939071655273,2250,timeout,8.385887126564716,45.000000000001435,-63.68051674764228
1,88,187968,7.801626205444336,2250,timeout,21.478120281303738,45.000000000001435,-73.80626832916788
1,89,191556,-5.986331939697266,2250,timeout,8.107350645286848,45.000000000001435,-71.01167035680078
1,90,192012,16.362655639648438,2250,timeout,10.60848600707337,45.000000000001435,-65.39008592389087
1,91,194864,1.7846145629882812,2250,timeout,14.38275161472393,45.000000000001435,-78.98800528312205
1,92,196968,1.0166771411895752,2250,timeout,15.015006574719699,45.000000000001435,-66.20546401246648
1,93,200556,8.111677169799805,2250,timeout,31.46525915037385,45.000000000001435,-67.64795719514545
1,94,201012,0.19958877563476562,2250,timeout,8.159443413661696,45.000000000001435,-76.92557587554407
1,95,203864,3.953474760055542,2250,timeout,9.226746945148623,45.000000000001435,-68.95826788053103
1,96,204540,109.31555938720703,1893,hit,4.669853767638584,37.86000000000032,139.56356974045343
2,97,213800,-24.288921356201172,2250,timeout,30.421096279336822,45.000000000001435,-79.37907615073752
2,98,213800,5.450687408447266,2250,timeout,13.67562938964566,45.000000000001435,-71.25745361269473
2,99,213800,-3.1624183654785156,2250,timeout,9.455746379945705,45.000000000001435,-60.24973661396848
2,100,213800,-2.595813751220703,2250,timeout,6.780575893749944,45.000000000001435,-66.08611004053304
2,101,220148,112.62391662597656,1587,hit,4.880272871434125,31.739999999999412,152.410296850054
2,102,222464,5.12518835067749,2166,miss,5.435375015521461,43.32000000000117,-62.25113378283992
2,103,222800,5.005096435546875,2250,timeout,8.921861560509956,45.000000000001435,-70.13640377819948
2,104,222800,-13.891101837158203,2250,timeout,15.960231784738285,45.000000000001435,-69.64877065866554
2,105,226316,134.64019775390625,879,hit,3.8656430961642094,17.579999999999714,165.13224999558662
2,106,229148,-25.747451782226562,2250,timeout,17.290071902621825,45.000000000001435,-72.4201551891436
2,107,229388,8.017732620239258,1647,miss,5.2906328228802675,32.93999999999955,-68.02200570775982
2,108,231464,-6.946285247802734,2250,timeout,16.684599162237085,45.000000000001435,-75.82610800692748
2,109,235316,-5.709566116333008,2250,timeout,8.542074628734236,45.000000000001435,-65.46441789930242
2,110,237856,5.322839736938477,2177,miss,21.769943674664866,43.54000000000121,-60.73188383297099
2,111,238388,2.356382369995117,2250,timeout,13.657868817191822,45.000000000001435,-63.67615319389077
2,112,240384,-3.470815658569336,2230,miss,16.502289127130233,44.60000000000137,-64.29123427224101
2,113,244316,2.516510009765625,2250,timeout,10.522724089644628,45.000000000001435,-65.69387903771656
2,114,246856,-7.539146423339844,2250,timeout,10.556261703823179,45.000000000001435,-80.32560077427775
2,115,247388,-9.170012474060059,2250,timeout,7.8367310234180225,45.000000000001435,-59.762219235333944
2,116,249384,17.025161743164062,2250,timeout,10.33225820704596,45.000000000001435,-72.02474616137138
2,117,253316,-10.42807388305664,2250,timeout,8.233981937952711,45.000000000001435,-79.94346650529661
2,118,255304,-6.916278839111328,1979,miss,13.174411879895109,39.58000000000059,-64.46928249938895
2,119,255856,11.298675537109375,2250,timeout,22.92089933824802,45.000000000001435,-79.75232324131247
2,120,258384,-14.814992904663086,2250,timeout,6.710942344961081,45.000000000001435,-77.80993986762823
2,121,262316,6.5872802734375,2250,timeout,9.536618312410264,45.000000000001435,-60.79937887031784
2,122,264304,-6.059600830078125,2250,timeout,18.73766527666484,45.000000000001435,-77.38506455197971
2,123,264856,-10.696329116821289,2250,timeout,9.129078982645126,45.000000000001435,-82.26361076928336
2,124,267320,-24.650100708007812,2234,miss,20.507407411502097,44.680000000001385,-89.73578413545613
2,125,271316,7.035093307495117,2250,timeout,5.065309463427649,45.000000000001435,-73.58349562856915
2,126,273188,90.37704467773438,2083,hit,3.8944490471275297,41.66000000000091,127.1277733996608
2,127,273304,-21.06175994873047,2250,timeout,5.390884989731173,45.000000000001435,-82.94601003381386
2,128,274168,113.59722137451172,713,hit,4.720015415719216,14.259999999999785,149.6127465131889
2,129,276320,-4.178413391113281,2250,timeout,25.071353775217315,45.000000000001435,-72.11060020282757
2,130,281276,130.32398986816406,1239,hit,4.484444351175766,24.77999999999956,157.56838296026353
2,131,282188,-4.39923095703125,2250,timeout,7.29860463654059,45.000000000001435,-93.44977974664286
2,132,282216,-3.7695140838623047,2228,miss,14.706879362535233,44.56000000000137,-64.68451744604471
2,133,282776,-9.308547973632812,2152,miss,13.946720760179902,43.04000000000113,-77.47194793666112
2,134,290276,-9.878543853759766,2250,timeout,8.076775120688847,45.000000000001435,-67.63609950819054
2,135,291188,-8.402332305908203,2250,timeout,13.672901564535739,45.000000000001435,-82.62057374067392
2,136,291216,-13.59451675415039,2250,timeout,16.010898693324002,45.000000000001435,-74.58987788080915
2,137,291776,-8.736534118652344,2250,timeout,10.146673146483295,45.000000000001435,-90.52533750908582
2,138,297956,128.96331787109375,1545,hit,3.4356393668479237,30.89999999999943,152.7095670569814
2,139,299276,0.6045150756835938,2250,timeout,8.264642655659713,45.000000000001435,-71.60362136675793
2,140,300188,-13.19915771484375,2250,timeout,12.395777776749277,45.000000000001435,-79.54633100308295
2,141,300216,-13.742927551269531,2250,timeout,8.5832527885067,45.000000000001435,-73.51588423925905
2,142,306956,-6.3765869140625,2250,timeout,24.253827101103536,45.000000000001435,-68.3308107849377
2,143,307492,-3.9445323944091797,1819,miss,8.224279020348535,36.38000000000009,-59.12911950133341
2,144,308276,2.532958984375,2250,timeout,30.925459867597265,45.000000000001435,-71.55817696512682
2,145,309188,7.15563440322876,2250,timeout,14.117975547998482,45.000000000001435,-71.59634547143288
2,146,313300,125.98910522460938,1028,hit,4.695280876692951,20.55999999999965,153.70928469056454
2,147,313520,129.999755859375,1507,hit,3.5138823286491028,30.139999999999446,152.38639966558284
2,148,315724,-6.339012145996094,2192,miss,15.533413469257852,43.840000000001254,-75.170549740794
2,149,317276,-4.244253158569336,2250,timeout,8.217890845481527,45.000000000001435,-80.21936538827468
2,150,318868,130.43247985839844,786,hit,4.540646981854725,15.719999999999754,159.2370551094376
2,151,322300,-11.515092849731445,2195,miss,12.15863696448753,43.90000000000126,-70.37668777374691
2,152,322300,-8.333051681518555,2250,timeout,7.946854342342376,45.000000000001435,-80.08379969030698
2,153,323772,84.63751983642578,1624,hit,4.744464030402061,32.47999999999948,132.66731160094417
2,154,325788,129.6004638671875,872,hit,4.935410850103609,17.439999999999717,159.86212219509096
2,155,327868,-12.514965057373047,2250,timeout,19.170188813008668,45.000000000001435,-98.05195570015718
2,156,330492,-27.972461700439453,2048,miss,7.761345565421855,40.960000000000804,-73.70916997161086
2,157,332772,-5.100044250488281,2250,timeout,5.920002341366585,45.000000000001435,-80.48148038245043
2,158,334788,-11.1176118850708,2250,timeout,10.266717288137892,45.000000000001435,-74.34084053483144
2,159,336868,1.4536476135253906,2250,timeout,9.262542656753249,45.000000000001435,-69.85252497058596
2,160,339492,-6.185931205749512,2250,timeout,6.862019729026086,45.000000000001435,-77.26329958312557
2,161,341772,-2.5439987182617188,2250,timeout,11.872745884088454,45.000000000001435,-76.03665794830081
2,162,343788,-11.981880187988281,2250,timeout,7.854456532687343,45.000000000001435,-88.25973653675597
2,163,345320,127.06858825683594,1457,hit,3.4049039726151245,29.139999999999468,147.40734845086826
2,164,345868,-12.617258071899414,2250,timeout,8.252418842736017,45.000000000001435,-70.41808190035134
2,165,350132,125.34076690673828,1066,hit,4.678076375024487,21.319999999999634,160.872310728655
2,166,350772,-23.199207305908203,2250,timeout,11.489076913229324,45.000000000001435,-78.62638881626086
2,167,351072,128.25704956054688,1438,hit,4.189949763047425,28.759999999999476,155.94832742350152
2,168,352788,17.1789608001709,2250,timeout,6.982201645646045,45.000000000001435,-67.51345092762348
2,169,355532,126.49407196044922,686,hit,4.681016730230814,13.719999999999796,151.76758031446582
2,170,355976,123.47566223144531,1226,hit,4.851416183614247,24.519999999999566,159.3697758335574
2,171,358856,-25.30154037475586,2021,miss,5.459559077363995,40.42000000000072,-72.62922329337954
2,172,359120,-11.209487915039062,2247,miss,10.60167978265845,44.940000000001426,-75.06298233824417
2,173,359320,129.2176513671875,836,hit,4.821057630922365,16.719999999999732,160.82464628330075
2,174,364532,-9.893035888671875,2250,timeout,18.667215587457722,45.000000000001435,-86.68713248917453
2,175,365656,127.24430847167969,1634,hit,4.793747255073962,32.67999999999951,153.61010856648238
2,176,367856,-7.34703254699707,2250,timeout,21.37211365369703,45.000000000001435,-64.30648694284379
2,177,368160,-8.406627655029297,2210,miss,5.9459527420446365,44.20000000000131,-77.4149624325227
2,178,373532,-9.972244262695312,2250,timeout,7.859881638009695,45.000000000001435,-74.1709752573342
2,179,374656,-11.308040618896484,2250,timeout,5.703871269115343,45.000000000001435,-63.71810010601124
2,180,376856,-21.892637252807617,2250,timeout,6.7126416581237836,45.000000000001435,-80.37063893205125
2,181,377160,-29.28487777709961,2250,timeout,10.279435177362993,45.000000000001435,-84.21244267691064
2,182,382308,-3.349529266357422,2194,miss,11.75477962488444,43.88000000000126,-75.31987528025219
2,183,383656,-15.973455429077148,2250,timeout,10.860883523942201,45.000000000001435,-78.2926488277953
2,184,385856,-28.45703125,2250,timeout,19.92490896803595,45.000000000001435,-77.14029026410203
2,185,386160,1.2658557891845703,2250,timeout,6.458549525053288,45.000000000001435,-78.63934813267954
2,186,390104,126.84732818603516,986,hit,3.879789928829065,19.71999999999967,153.00974869686118
2,187,391308,-11.27957534790039,2250,timeout,5.344824783564582,45.000000000001435,-81.25421945045053
2,188,392656,-11.008918762207031,2250,timeout,15.652698342675487,45.000000000001435,-76.16058191858295
2,189,394704,-8.230278015136719,2212,miss,8.492048854071527,44.24000000000132,-82.54339328304172
2,190,395212,123.7727279663086,976,hit,4.291914169157635,19.519999999999673,152.0469730541813
2,191,398276,125.21383666992188,766,hit,4.075719812302402,15.319999999999762,155.86989022509837
2,192,398648,-21.31058120727539,2136,miss,9.15198310970975,42.72000000000108,-83.02347991702474
2,193,401656,6.379913330078125,2250,timeout,9.729076259690089,45.000000000001435,-72.22883784902643
2,194,402692,133.67982482910156,1011,hit,4.767079446758348,20.219999999999658,163.52280293255478
2,195,403704,-25.24524688720703,2250,timeout,7.170194966455938,45.000000000001435,-70.36104674438693
2,196,405276,133.3872833251953,905,hit,3.5788908018958323,18.099999999999703,163.27989487566202
2,197,407276,-13.908153533935547,2250,timeout,6.329842253883091,45.000000000001435,-80.71427164564341
2,198,409244,128.5601806640625,1385,hit,2.6813382676628823,27.6999999999995,151.96035483422767
3,199,414684,108.82496643066406,1271,hit,4.904887921520946,25.419999999999547,149.31663729949787
3,200,418600,-6.915489196777344,2250,timeout,9.841657966258003,45.000000000001435,-78.3050895053179
3,201,418600,-37.89527130126953,2250,timeout,15.712986619761178,45.000000000001435,-93.93150388017935
3,202,418600,-31.356002807617188,2250,timeout,15.068848724999429,45.000000000001435,-94.77855459623132
3,203,422792,-16.490779876708984,2027,miss,5.25312867931524,40.54000000000074,-71.30489320092103
3,204,423004,123.73031616210938,1101,hit,4.699924923367875,22.01999999999962,152.55590894354077
3,205,427600,-20.92186737060547,2250,timeout,6.510686838875865,45.000000000001435,-100.66693631570885
3,206,427600,-20.20340347290039,2250,timeout,16.09838934604193,45.000000000001435,-91.06155712821197
3,207,430972,128.54420471191406,843,hit,4.905374913751142,16.85999999999973,157.53468867672657
3,208,431096,126.64847564697266,874,hit,4.625696795254662,17.479999999999716,154.70883534500032
3,209,431792,-16.543190002441406,2250,timeout,6.976990310375004,45.000000000001435,-87.84906614599335
3,210,432004,-10.763618469238281,2250,timeout,10.411163441425384,45.000000000001435,-75.90827721120658
3,211,433912,127.8797378540039,735,hit,3.9504080793193115,14.699999999999775,155.56693669364512
3,212,440096,-23.035175323486328,2250,timeout,8.786164374182812,45.000000000001435,-78.43466595298699
3,213,440728,-14.901451110839844,2181,miss,5.918944644654626,43.62000000000122,-86.84592264482197
3,214,440792,-12.580482482910156,2250,timeout,7.969947879494055,45.000000000001435,-87.80198853280267
3,215,442912,-33.497005462646484,2250,timeout,6.690011326599311,45.000000000001435,-90.64378538279789
3,216,449096,11.018728256225586,2250,timeout,5.291272078225765,45.000000000001435,-62.712848377086615
3,217,449728,-37.74004364013672,2250,timeout,12.347993920173923,45.000000000001435,-66.52835399115204
3,218,449792,-19.01991844177246,2250,timeout,5.70936181919131,45.000000000001435,-72.02342602252286
3,219,451912,-44.96842956542969,2250,timeout,11.305957424214895,45.000000000001435,-79.15943678120027
3,220,452896,128.43362426757812,776,hit,2.043500301935085,15.519999999999758,154.3979649405111
3,221,455632,132.5406036376953,930,hit,3.607730307173242,18.599999999999692,164.21235801043414
3,222,457816,127.534423828125,1230,hit,4.40612292290183,24.599999999999564,155.57753552777655
3,223,457856,75.7663345336914,2032,hit,3.489564456194924,40.640000000000754,136.41947366065537
3,224,458096,19.482501983642578,2250,timeout,9.356173562209408,45.000000000001435,-66.03553879245943
3,225,459692,120.75785064697266,1015,hit,4.668212009633762,20.299999999999656,147.66429471157636
3,226,463312,113.16252136230469,1304,hit,4.594186574128945,26.079999999999533,141.51688683679953
3,227,465036,93.04588317871094,1805,hit,4.743927947160404,36.100000000000044,137.4472494820523
3,228,466376,125.64704895019531,766,hit,3.4539738655275154,15.319999999999762,155.16174312169932
3,229,466844,-8.982063293457031,1788,miss,5.842333426112819,35.75999999999999,-92.70898129136576
3,230,466856,-3.5608596801757812,2250,timeout,10.426940712071005,45.000000000001435,-78.48610172304966
3,231,468060,129.94248962402344,756,hit,4.53782453294745,15.119999999999767,154.89343646502587
3,232,472800,2.7365646362304688,1606,miss,7.363177925055644,32.11999999999942,-59.956441752002625
3,233,473988,131.02096557617188,1482,hit,4.06925112779811,29.639999999999457,153.37122873436857
3,234,474624,123.8162612915039,1945,hit,4.359116000615459,38.90000000000048,147.63311072845295
3,235,475856,18.793764114379883,2250,timeout,6.414848627324828,45.000000000001435,-62.58209009374848
3,236,481800,-12.566207885742188,2250,timeout,8.370931247829676,45.000000000001435,-92.02801118080043
3,237,482988,1.2738037109375,2250,timeout,10.084957008185867,45.000000000001435,-70.93040061209956
3,238,483336,-4.907444000244141,2178,miss,8.33027466254826,43.56000000000121,-76.6653538762111
3,239,484856,-23.78189468383789,2250,timeout,6.612832840759732,45.000000000001435,-96.87155728798596
3,240,486236,127.37248992919922,725,hit,4.5792975373041225,14.49999999999978,154.41530124173408
3,241,489796,134.7974395751953,890,hit,4.980925313117867,17.79999999999971,164.84385379241814
3,242,490800,-8.470396041870117,2250,timeout,5.66978465619109,45.000000000001435,-79.07332052359104
3,243,491988,-8.910228729248047,2250,timeout,8.0454339468038,45.000000000001435,-75.6332382592754
3,244,493620,129.5994873046875,705,hit,3.224347128843172,14.099999999999788,152.50196260352732
3,245,493856,-33.13623046875,2250,timeout,19.30940965202941,45.000000000001435,-77.65160615517651
3,246,498796,-7.680000305175781,2250,timeout,9.123769950068132,45.000000000001435,-77.19004128441316
3,247,500988,-2.3955349922180176,2250,timeout,7.689400401199187,45.000000000001435,-59.18718090257081
3,248,502344,-6.818622589111328,2181,miss,6.50774429549579,43.62000000000122,-69.75630204953862
3,249,502412,-17.47005844116211,2139,miss,7.751147087319183,42.78000000000109,-91.16714377278126
3,250,506372,133.18197631835938,990,hit,3.745054628616507,19.799999999999667,165.0858294867893
3,251,507796,-5.906974792480469,2250,timeout,7.2820321765276566,45.000000000001435,-76.16532121963863
3,252,509708,-23.432363510131836,2180,miss,6.788388100869919,43.60000000000122,-76.12929172366087
3,253,511344,-11.192110061645508,2250,timeout,11.841898935098751,45.000000000001435,-77.42375784878905
3,254,512700,127.12532043457031,1226,hit,4.099814669173861,24.519999999999566,156.52596150163137
3,255,512952,131.15664672851562,811,hit,3.4162286244586806,16.219999999999743,160.70884793331248
3,256,515372,-25.710586547851562,2250,timeout,10.244689058599203,45.000000000001435,-96.51159745892663
3,257,515720,122.40138244628906,692,hit,1.8127586023002793,13.839999999999794,153.84543372820298
3,258,516504,127.92875671386719,1290,hit,4.077223385094981,25.79999999999954,152.65134799751706
3,259,519060,5.054195404052734,1590,miss,5.085544710540099,31.79999999999941,-64.9847360613138
3,260,521136,132.69833374023438,1441,hit,3.7412780095599776,28.819999999999474,156.17258962915275
3,261,524020,127.11009216308594,721,hit,0.9317571154988821,14.419999999999781,155.98269391809617
3,262,524720,-50.251220703125,2250,timeout,10.10735692221325,45.000000000001435,-74.13163425352076
3,263,525364,-14.994796752929688,2215,miss,5.204451533511906,44.300000000001326,-80.77356466568462
3,264,527760,-16.868396759033203,2175,miss,6.135719317648559,43.5000000000012,-83.42391124832778
3,265,533020,-12.382173538208008,2250,timeout,9.269381338350644,45.000000000001435,-79.5794134143281
3,266,533720,-17.233869552612305,2250,timeout,5.465185583176839,45.000000000001435,-80.5924552860297
3,267,534364,-30.072193145751953,2250,timeout,7.628951665594077,45.000000000001435,-101.55608102510935
3,268,536340,103.53863525390625,2145,hit,3.9393941018130945,42.90000000000111,135.2577332404953
3,269,538860,126.75605773925781,1285,hit,4.861761245986607,25.69999999999954,158.38397112606327
3,270,540320,-11.427833557128906,1825,miss,9.364604645726976,36.50000000000011,-77.5115306848917
3,271,543292,122.45869445800781,1108,hit,3.642735508699017,22.159999999999616,153.33562382071975
3,272,543364,-15.542949676513672,2250,timeout,8.097316400146951,45.000000000001435,-83.74384787085167
3,273,544976,-11.888916015625,2159,miss,6.10681116648865,43.18000000000115,-76.60556996020075
3,274,545584,120.37997436523438,1316,hit,3.3485312070985866,26.319999999999528,140.28807274476472
3,275,546816,132.29502868652344,863,hit,4.2281758112168895,17.25999999999972,153.18382013094543
3,276,549088,128.7147216796875,1028,hit,4.738518828930815,20.55999999999965,151.14879812128012
3,277,550488,118.70487213134766,1226,hit,3.4422452171144164,24.519999999999566,143.92346826353452
3,278,550936,126.92308044433594,1030,hit,3.9202209116610782,20.59999999999965,151.52526813988672
3,279,552036,-13.962261199951172,2186,miss,13.420480111159739,43.720000000001235,-91.00836429482477
3,280,554916,128.80105590820312,720,hit,2.944664996272017,14.399999999999782,153.02622433824274
3,281,557992,2.676708221435547,1764,miss,6.0776083276877335,35.279999999999916,-54.25591506525981
3,282,558088,-12.928955078125,2250,timeout,5.051920089150199,45.000000000001435,-82.21725556680461
3,283,558260,-4.351161956787109,1943,miss,5.3990216334322065,38.860000000000475,-79.7992419066025
3,284,560868,124.60957336425781,695,hit,2.2241522590223366,13.899999999999793,154.8603063976273
3,285,563916,-4.002586364746094,2250,timeout,5.435164291707076,45.000000000001435,-65.95652490054405
3,286,565640,13.168294906616211,1912,miss,7.938202199828311,38.24000000000038,-66.39075741812879
3,287,566016,0.9249038696289062,1939,miss,6.936066550258953,38.78000000000046,-74.42319762959454
3,288,566776,129.109375,715,hit,3.2921128822030026,14.299999999999784,154.34995709268483
3,289,569100,132.70941162109375,771,hit,3.4592843563147033,15.41999999999976,160.83465069428013
3,290,569868,-22.900394439697266,2250,timeout,5.077529964799669,45.000000000001435,-104.35904435868994
3,291,570536,125.51720428466797,1224,hit,4.4718180647470644,24.479999999999567,149.62360287701762
3,292,572924,129.55633544921875,764,hit,2.2476594039392763,15.279999999999763,154.7600325211161
3,293,575776,-6.341991424560547,2250,timeout,6.54063412273459,45.000000000001435,-79.17085084938185
3,294,578100,-25.571754455566406,2250,timeout,6.3780837008340425,45.000000000001435,-84.94268529238933
3,295,578548,-34.805721282958984,2003,miss,6.183572443208368,40.06000000000066,-76.06554782934887
3,296,580972,10.631202697753906,2012,miss,9.584432130246165,40.24000000000069,-70.17972460682805
3,297,584776,-20.524810791015625,2250,timeout,12.086869578092028,45.000000000001435,-89.52504365531003
3,298,586244,130.55355834960938,1318,hit,4.265123840385217,26.359999999999527,153.0669110089511
3,299,586988,120.28392791748047,2110,hit,3.815681381217669,42.200000000001,144.24233034353722
3,300,587100,18.14141845703125,2250,timeout,5.219400024487219,45.000000000001435,-65.88997615778497
3,301,589900,135.99008178710938,914,hit,4.7548028305727055,18.2799999999997,166.47069276720077
3,302,590108,130.00729370117188,780,hit,4.1456230404017,15.599999999999756,158.52136012756216
3,303,591248,126.73895263671875,1037,hit,4.602671605089275,20.739999999999647,147.0708145172756
3,304,593776,-8.74169921875,2250,timeout,10.775848339564623,45.000000000001435,-86.0899216257648
3,305,593832,135.59255981445312,931,hit,1.485275444030324,18.619999999999692,162.6216773512797
3,306,595092,134.24453735351562,961,hit,3.8082589712206936,19.21999999999968,163.44560971998732
3,307,596396,119.65460968017578,641,hit,3.4179814949865905,12.819999999999816,153.0971397433341
3,308,598620,133.6342010498047,882,hit,4.70254902120914,17.639999999999713,162.33029345154597
3,309,598900,-24.941635131835938,2250,timeout,5.456307755919553,45.000000000001435,-87.00608919632735
3,310,599180,132.46389770507812,1351,hit,3.4171356599647837,27.019999999999513,153.45383507675575
3,311,602128,133.08279418945312,807,hit,1.6675668605082599,16.139999999999745,157.23071313251725
3,312,603352,120.22564697265625,1183,hit,4.384098185072859,23.659999999999584,147.21686609406592
3,313,605396,-3.7279129028320312,2250,timeout,7.651350446422976,45.000000000001435,-71.0840932577508
3,314,607992,125.53242492675781,1160,hit,3.1483085997009765,23.199999999999594,151.99087060735343
3,315,608180,-29.761661529541016,2250,timeout,5.05211932504095,45.000000000001435,-98.12904148051896
3,316,608420,129.4105682373047,756,hit,3.584622905296015,15.119999999999767,154.82604836260086
3,317,609868,12.021018981933594,1935,miss,6.770901679686584,38.70000000000045,-60.28355540145375
3,318,611276,131.9167938232422,774,hit,4.212637721994546,15.479999999999759,161.22467204411603
4,319,617452,122.23096466064453,763,hit,3.77560349113588,15.259999999999764,153.32068205166084
4,320,617592,131.63812255859375,798,hit,4.978159321716669,15.959999999999749,157.77283603510529
4,321,623400,-10.789371490478516,2250,timeout,7.163299753202266,45.000000000001435,-76.56669218166267
4,322,623400,5.23834228515625,2250,timeout,7.210361162429829,45.000000000001435,-77.40046466684261
4,323,626132,-12.49106216430664,2135,miss,10.181045461963052,42.700000000001076,-80.83179377593575
4,324,626452,-14.056733131408691,2250,timeout,8.113914881060445,45.000000000001435,-75.61991182561782
4,325,626804,130.84664916992188,851,hit,2.1708755454605306,17.019999999999726,159.30237448745632
4,326,629168,128.1285858154297,679,hit,2.791013069117252,13.5799999999998,154.5916053323062
4,327,629204,125.7722396850586,1451,hit,3.555619264512543,29.01999999999947,154.90385585451696
4,328,630132,130.55015563964844,1000,hit,4.1458331197089295,19.999999999999662,160.47597392240874
4,329,630968,127.32656860351562,1041,hit,4.697285387014354,20.819999999999645,149.2274818598711
4,330,632348,132.52093505859375,786,hit,4.8294732130920295,15.719999999999754,161.00072958966257
4,331,632404,129.0667266845703,809,hit,3.7455902847889555,16.179999999999744,158.11078992835667
4,332,635356,125.91983032226562,1097,hit,4.33116050462074,21.93999999999962,154.0752442085095
4,333,639132,-10.438098907470703,2250,timeout,8.31754980803305,45.000000000001435,-77.01407038461728
4,334,639724,124.01228332519531,1092,hit,4.160166182903652,21.839999999999623,149.0137488581779
4,335,640168,-13.636096954345703,1955,miss,9.963602275560026,39.10000000000051,-90.34721996183698
4,336,641404,-7.999271392822266,2250,timeout,6.679118017006559,45.000000000001435,-86.29499539063512
4,337,643724,135.05577087402344,889,hit,4.24512056273392,17.77999999999971,167.15755334956484
4,338,645748,127.51507568359375,1506,hit,3.5335107033957756,30.119999999999447,148.82391380732633
4,339,645988,131.9698028564453,1146,hit,4.459206038918689,22.9199999999996,155.02732807891368
4,340,648132,-4.989860534667969,2250,timeout,5.5026286601955725,45.000000000001435,-64.08334450272429
4,341,649332,128.39169311523438,1402,hit,4.321189150840634,28.03999999999949,157.403597752921
4,342,652280,130.6286163330078,1037,hit,4.276658990722849,20.739999999999647,155.83151123541745
4,343,652588,2.5206146240234375,1710,miss,9.801549350867719,34.19999999999975,-56.60164983707522
4,344,654988,-32.190006256103516,2250,timeout,5.561263839916148,45.000000000001435,-112.86903596041941
4,345,657660,105.07192993164062,1268,hit,1.4543733852023888,25.35999999999955,145.24959473067332
4,346,657776,131.78753662109375,1374,hit,4.518586009271647,27.479999999999503,157.90931356289462
4,347,658316,-18.187599182128906,2246,miss,6.584153323915972,44.92000000000142,-80.95748912559844
4,348,660912,131.3610076904297,784,hit,4.240407539103444,15.679999999999755,157.15983858773063
4,349,661536,127.80123138427734,805,hit,4.7382241101663745,16.099999999999746,150.71419771618753
4,350,663692,117.69700622558594,1508,hit,2.4995519224806766,30.159999999999446,143.49801286833636
4,351,663988,4.477775573730469,2250,timeout,10.389261311262986,45.000000000001435,-70.55407147472933
4,352,666536,125.48121643066406,637,hit,3.3985749457982206,12.739999999999817,151.0724089498086
4,353,669912,-8.430061340332031,2250,timeout,14.683421184164901,45.000000000001435,-85.47190653536447
4,354,670144,-19.00385284423828,2152,miss,10.577704314294058,43.04000000000113,-93.38013612978867
4,355,670188,0.7551753520965576,1624,miss,6.97009861573719,32.47999999999948,-58.51644399978624
4,356,672728,127.67254638671875,704,hit,4.535910089251996,14.079999999999789,154.79013761937517
4,357,675536,-11.747756958007812,2250,timeout,7.734360332628341,45.000000000001435,-90.88199939676346
4,358,678892,102.27342224121094,1541,hit,4.852078772143588,30.819999999999432,149.50619407522206
4,359,679144,-31.065988540649414,2250,timeout,8.663533686180527,45.000000000001435,-82.54972125339455
4,360,679188,24.807769775390625,2250,timeout,6.2760369989345595,45.000000000001435,-64.6005412203861
4,361,682020,127.3933334350586,708,hit,4.317608372174369,14.159999999999787,156.0392000124832
4,362,684404,-21.205524444580078,2217,miss,6.459013619298202,44.34000000000133,-90.44293208586795
4,363,687892,-21.637489318847656,2250,timeout,7.568157217857776,45.000000000001435,-72.02208808168265
4,364,687972,129.56735229492188,892,hit,3.544517837735225,17.83999999999971,157.67166804145316
4,365,688144,-8.266578674316406,2250,timeout,18.00269157564362,45.000000000001435,-74.37070128248892
4,366,689384,-37.79450988769531,1841,miss,9.868173450736258,36.82000000000016,-93.40553974722525
4,367,690692,126.13214111328125,700,hit,1.4320418382596016,13.99999999999979,153.6155142594274
4,368,696420,119.35352325439453,1432,hit,3.542658446958003,28.63999999999948,148.1295301695621
4,369,696972,15.491369247436523,2250,timeout,7.12791204818534,45.000000000001435,-78.54770494334481
4,370,697020,-16.429046630859375,2219,miss,6.999401873678989,44.38000000000134,-74.2608859172992
4,371,698384,18.458925247192383,2250,timeout,5.498348297090143,45.000000000001435,-64.2790057706423
4,372,699924,133.79331970214844,876,hit,3.0455595813002807,17.519999999999715,161.81894480172713
4,373,700564,135.54043579101562,886,hit,3.8585956113802604,17.71999999999971,158.71030790269884
4,374,703464,134.31834411621094,885,hit,2.926333793857397,17.69999999999971,162.70560973039323
4,375,704908,133.58290100097656,1086,hit,4.535218154884394,21.719999999999626,161.0923996479725
4,376,705972,-19.010623931884766,2250,timeout,5.335863880083221,45.000000000001435,-85.17731723801758
4,377,706008,119.12659454345703,636,hit,3.551844671829498,12.719999999999818,151.21313548090598
4,378,707384,-16.177947998046875,2250,timeout,6.397911909877767,45.000000000001435,-82.75275377391138
4,379,708532,135.04522705078125,906,hit,3.9643349074940204,18.119999999999703,164.88275654964866
4,380,709176,129.8618621826172,801,hit,2.5495051013002503,16.019999999999747,154.21246804534198
4,381,709476,133.33761596679688,867,hit,3.47113306584577,17.33999999999972,165.85260395346359
4,382,712236,131.48599243164062,1213,hit,4.013259844888059,24.25999999999957,159.73912289863503
4,383,712348,135.32749938964844,954,hit,4.572478962826607,19.079999999999682,163.79436734313316
4,384,713092,129.3885955810547,979,hit,2.8054300032419808,19.57999999999967,153.95288656893757
4,385,715212,126.29574584960938,716,hit,4.6774402200767975,14.319999999999784,156.4113623911592
4,386,716100,130.86422729492188,752,hit,4.15914612882934,15.039999999999768,159.42362693829773
4,387,716964,132.31309509277344,1182,hit,4.778895705889059,23.639999999999585,160.01075704231877
4,388,718312,130.6594696044922,775,hit,2.5141812767145906,15.499999999999758,161.55352284419075
4,389,718476,-34.14427185058594,2250,timeout,5.492319345325309,45.000000000001435,-103.28346168503292
4,390,720840,128.27383422851562,1185,hit,3.8975498152576895,23.699999999999584,148.20886767757457
4,391,721632,129.25924682617188,1167,hit,3.041350447586295,23.33999999999959,160.14039926759554
4,392,725932,-41.2827033996582,1905,miss,5.044845847883826,38.10000000000036,-88.04577640586797
4,393,727476,-9.351333618164062,2250,timeout,6.636522920239745,45.000000000001435,-80.3299093934914
4,394,729840,2.2951927185058594,2250,timeout,6.338080494117584,45.000000000001435,-82.7220404586806
4,395,730632,9.451066970825195,2250,timeout,5.408628793665585,45.000000000001435,-77.64158840201745
4,396,734932,-15.959686279296875,2250,timeout,6.936838666697969,45.000000000001435,-78.45890324714352
4,397,736476,-29.210918426513672,2250,timeout,6.172306741829319,45.000000000001435,-77.47099050364704
4,398,738840,12.817008972167969,2250,timeout,15.21088368607616,45.000000000001435,-70.07957754597885
4,399,739632,-31.81088638305664,2250,timeout,5.1251037684698995,45.000000000001435,-92.94495390422318
4,400,740032,133.45838928222656,889,hit,3.6430667842349376,17.77999999999971,161.50361970938292
4,401,743444,134.098876953125,953,hit,4.453109702932539,19.059999999999683,164.37752272180836
4,402,743932,-4.996305465698242,2250,timeout,9.22050426540529,45.000000000001435,-79.71014932923833
4,403,746204,125.55009460449219,690,hit,2.9600993994449927,13.799999999999795,152.7894616200175
4,404,747336,131.415283203125,851,hit,4.423893970587675,17.019999999999726,156.32156726132175
4,405,747840,7.334772109985352,2250,timeout,11.941063730556145,45.000000000001435,-79.1772753589238
4,406,748840,-24.079288482666016,2202,miss,11.137508848056012,44.040000000001285,-86.14767259518769
4,407,753608,130.72119140625,1192,hit,4.826431390620511,23.83999999999958,152.51454795889273
4,408,754000,134.11660766601562,1540,hit,2.973512147348873,30.799999999999432,157.8461377144866
4,409,754300,-21.847013473510742,2024,miss,5.847617645384196,40.48000000000073,-67.9471345717937
4,410,756336,-27.823566436767578,2250,timeout,7.33872105173669,45.000000000001435,-117.18301709410125
4,411,757292,133.31436157226562,823,hit,4.467635966725419,16.459999999999738,163.45412594806055
4,412,758304,134.52777099609375,1174,hit,4.816398113702869,23.47999999999959,160.49873637097176
4,413,758652,134.4501953125,1088,hit,4.833911295049415,21.759999999999625,164.0551297240654
4,414,759524,132.652099609375,797,hit,2.3226807625661725,15.939999999999749,162.74799226329506
4,415,760276,124.03639221191406,746,hit,1.7811812286615705,14.91999999999977,153.32967963295414
4,416,762156,133.70663452148438,876,hit,4.179021585571596,17.519999999999715,165.31837161195944
4,417,764052,130.10194396972656,1132,hit,4.4101180950363945,22.639999999999606,152.3111602498958
4,418,765336,131.7735595703125,795,hit,4.163489155814833,15.89999999999975,161.86507506506234
4,419,767304,-13.394649505615234,2250,timeout,5.122222808475678,45.000000000001435,-84.03122614094701
4,420,768400,131.10897827148438,766,hit,1.6312950025674948,15.319999999999762,160.8262955320918
4,421,769276,12.823291778564453,2250,timeout,5.916397041396099,45.000000000001435,-76.48525761984705
4,422,773052,-14.17483901977539,2250,timeout,8.745865736947174,45.000000000001435,-76.34369153982351
4,423,776304,-20.864479064941406,2250,timeout,6.726867000324469,45.000000000001435,-74.21138471294604
4,424,776584,-9.301502227783203,1827,miss,6.270592868461652,36.54000000000011,-75.9099248480184
4,425,777400,-26.30483627319336,2250,timeout,7.189898917323875,45.000000000001435,-99.6037172217557
4,426,780828,133.09115600585938,1131,hit,4.046328035348713,22.619999999999607,161.0780341997073
4,427,781440,130.54910278320312,1214,hit,4.443197598570772,24.27999999999957,160.96340368854933
4,428,782052,-22.905288696289062,2250,timeout,5.080102848457086,45.000000000001435,-77.56085012203997
4,429,782972,128.25955200195312,1393,hit,4.676087949105491,27.859999999999495,154.33757361486488
4,430,784148,124.52015686035156,677,hit,2.364253187645605,13.5399999999998,155.62880327442454
4,431,785492,133.9871063232422,860,hit,3.421269883194218,17.199999999999722,164.3653556427231
4,432,785532,121.6178970336914,640,hit,3.1726579396330346,12.799999999999816,152.04073486420637
4,433,787356,131.96705627441406,802,hit,3.704026065146843,16.039999999999747,162.16495729769483
4,434,789828,-23.150035858154297,2250,timeout,5.2964409609706715,45.000000000001435,-89.43894698150011
4,435,791220,129.8945770263672,1432,hit,4.372005446159738,28.63999999999948,153.8803864998641
4,436,793964,125.94990539550781,686,hit,2.701006455331847,13.719999999999796,150.25880674766177
4,437,794532,-20.362613677978516,2250,timeout,6.456004743667118,45.000000000001435,-71.51914962204037
4,438,795584,133.6396484375,1439,hit,4.640019213636955,28.779999999999475,152.8877754269512
4,439,796356,2.6375694274902344,2250,timeout,7.063846346047388,45.000000000001435,-66.38571314058055
4,440,798580,127.78840637207031,749,hit,4.203679169956457,14.97999999999977,158.88170339649116
4,441,799748,133.34725952148438,848,hit,4.524321960022857,16.959999999999727,165.90559144113652
4,442,799928,133.37603759765625,1491,hit,4.060411610777403,29.819999999999453,155.9007850134516
4,443,800840,14.753364562988281,1577,miss,579.0140916470207,31.539999999999417,-50.09404705570517
4,444,801080,112.81148529052734,625,hit,4.628679414244707,12.499999999999822,151.61463315602543
4,445,803308,134.2644805908203,845,hit,4.4041726163149795,16.89999999999973,159.5565648614816
4,446,803632,136.3577117919922,971,hit,4.23329613802661,19.419999999999675,166.17542937087407
4,447,806672,129.32986450195312,760,hit,4.381221031192068,15.199999999999765,161.23608069176103
4,448,807132,130.32603454589844,956,hit,3.32884934278203,19.11999999999968,152.7937142409875
4,449,809840,-14.288780212402344,2250,timeout,6.76076409745614,45.000000000001435,-90.21452383856753
4,450,810080,-46.996421813964844,2250,timeout,9.222254468362769,45.000000000001435,-77.69261194830422
4,451,812700,128.49822998046875,1507,hit,3.553293992951828,30.139999999999446,153.38480916114077
4,452,813204,127.36308288574219,781,hit,4.025073788330713,15.619999999999756,152.15807526411385
4,453,813636,126.0734634399414,949,hit,3.7742458911935075,18.979999999999684,154.18636067036252
4,454,816132,-19.387210845947266,2250,timeout,5.628671453643169,45.000000000001435,-89.82363016410109
5,455,822500,133.5778350830078,825,hit,2.743800062287476,16.499999999999737,160.69634679284434
5,456,822512,126.55206298828125,828,hit,4.06801833827413,16.559999999999736,154.55038470957464
5,457,828200,5.077106475830078,2250,timeout,8.936141195203575,45.000000000001435,-77.81784473295872
5,458,828200,-36.05934524536133,2250,timeout,5.273112328812429,45.000000000001435,-88.08825764385463
5,459,829220,26.026927947998047,1677,miss,5.37476140217267,33.539999999999644,-48.43354144087064
5,460,829284,92.21382904052734,1696,hit,4.370160927454181,33.9199999999997,134.67844807930445
5,461,835492,119.12440490722656,1823,hit,4.339993036266739,36.4600000000001,150.00636612437913
5,462,837076,-15.576835632324219,2219,miss,5.663337779390924,44.38000000000134,-83.93050844879409
5,463,838220,-38.034881591796875,2250,timeout,8.226089287807833,45.000000000001435,-79.4869865849829
5,464,838284,-23.922698974609375,2250,timeout,11.993227857743737,45.000000000001435,-90.74329532655014
5,465,840324,133.08261108398438,812,hit,2.4662652969377263,16.239999999999743,159.3919779000923
5,466,841684,134.6873779296875,866,hit,1.3736432614278928,17.31999999999972,166.1749316477023
5,467,842828,122.72608184814453,626,hit,2.0156369057080417,12.519999999999822,152.02093227460543
5,468,844456,-22.07093048095703,2241,miss,7.197142363520008,44.82000000000141,-106.94435064984985
5,469,846728,132.25033569335938,975,hit,3.8769412751412897,19.499999999999673,164.22852228294295
5,470,847284,-5.297573089599609,2250,timeout,5.933235221220814,45.000000000001435,-65.83484159188342
5,471,850684,-5.951847076416016,2250,timeout,11.407088696274652,45.000000000001435,-75.8753534583326
5,472,852784,119.2552719116211,1375,hit,4.828621491747147,27.499999999999503,143.4046929969523
5,473,853456,2.5256271362304688,2250,timeout,29.368195872328844,45.000000000001435,-75.81584591492378
5,474,853996,133.28932189941406,828,hit,4.169301283746277,16.559999999999736,158.54478595678836
5,475,855728,6.366295337677002,2250,timeout,10.696649986927707,45.000000000001435,-80.82064259850091
5,476,855992,132.14508056640625,802,hit,2.6476038975097747,16.039999999999747,162.8332255247918
5,477,857564,132.22682189941406,1027,hit,4.955356501262527,20.53999999999965,155.79810954470668
5,478,862996,-8.448599815368652,2250,timeout,6.577414100148506,45.000000000001435,-72.29359822819843
5,479,863252,131.42465209960938,1422,hit,4.215349271180026,28.439999999999483,150.8840674600961
5,480,864728,-37.41756057739258,2250,timeout,5.272630967679152,45.000000000001435,-79.89933507556255
5,481,864940,-19.25897979736328,2237,miss,6.696172319971888,44.740000000001395,-88.96208214129923
5,482,866128,130.07223510742188,719,hit,3.5996894177032748,14.379999999999782,153.19086820141882
5,483,867256,129.44534301757812,1065,hit,4.862858948943966,21.299999999999635,162.0449890603657
5,484,868616,129.41851806640625,919,hit,2.8270586141594345,18.379999999999697,160.33707348467823
5,485,870848,134.11123657226562,898,hit,4.021821367710856,17.959999999999706,165.81713378134862
5,486,873112,132.19175720214844,1124,hit,4.898797348986278,22.47999999999961,154.88171690135687
5,487,873728,-22.196395874023438,2250,timeout,6.846639326707974,45.000000000001435,-74.75599372376988
5,488,874032,-25.058948516845703,1976,miss,6.415405063633873,39.52000000000058,-99.22775280012102
5,489,875444,129.88038635253906,1149,hit,4.792230450451974,22.9799999999996,154.21269687772292
5,490,876316,131.67916870117188,801,hit,3.646015283680298,16.019999999999747,159.15411337103185
5,491,877560,129.94635009765625,958,hit,4.872596624107208,19.15999999999968,149.3717847159035
5,492,878224,127.05863952636719,1048,hit,4.446394744840255,20.959999999999642,149.01775453668677
5,493,880196,136.30519104003906,970,hit,3.7132770052192035,19.399999999999675,166.45285549814395
5,494,881208,125.5380630493164,912,hit,4.561703436930314,18.2399999999997,147.29326140518828
5,495,884236,129.87014770507812,757,hit,4.752511555269542,15.139999999999766,152.4802890862013
5,496,884444,22.911060333251953,2250,timeout,6.076528044523183,45.000000000001435,-82.87243614813326
5,497,887224,-18.037982940673828,2250,timeout,7.285918947384511,45.000000000001435,-83.05936293028773
5,498,888484,115.82632446289062,1062,hit,1.636067022212673,21.239999999999636,150.00172482554973
5,499,889196,-21.794246673583984,2250,timeout,7.624244119073874,45.000000000001435,-87.84516959540028
5,500,891756,134.12673950195312,818,hit,2.9140304974559785,16.35999999999974,162.22930990273852
5,501,892996,123.7734146118164,1443,hit,2.888560654608453,28.859999999999474,154.92837737386012
5,502,893444,-8.804801940917969,2250,timeout,8.48238691726922,45.000000000001435,-82.77767160014724
5,503,894388,121.13140106201172,1298,hit,4.32853271753842,25.959999999999535,146.508294687633
5,504,896716,132.179931640625,818,hit,4.638824166709836,16.35999999999974,163.47008352195553
5,505,900204,132.77883911132812,872,hit,2.715135657344171,17.439999999999717,165.31726740065835
5,506,900756,16.64923095703125,2250,timeout,7.684141473476751,45.000000000001435,-63.43093027530682
5,507,900836,121.71128845214844,1612,hit,2.1310631354492813,32.23999999999944,147.00440383491474
5,508,901996,-2.1117095947265625,2250,timeout,6.379141363466321,45.000000000001435,-79.33761654656419
5,509,904084,132.82012939453125,832,hit,0.5999781147883217,16.639999999999734,157.20571420768925
5,510,905716,126.67827606201172,1220,hit,3.332647368154637,24.39999999999957,148.74933420134747
5,511,906968,126.15306854248047,721,hit,4.994965943645064,14.419999999999781,153.92923280759166
5,512,909204,-52.1790885925293,2250,timeout,5.958787046301628,45.000000000001435,-104.50930953057563
5,513,910996,-17.553089141845703,2250,timeout,8.600885506582939,45.000000000001435,-88.56188463517506
5,514,914716,15.134119987487793,2250,timeout,6.154075812132542,45.000000000001435,-72.6355805297154
5,515,915020,90.6519775390625,2013,hit,4.849407927958724,40.260000000000694,132.37649715036275
5,516,915028,128.55137634277344,1456,hit,4.319475223926138,29.119999999999468,158.01338627839863
5,517,917204,127.41802978515625,1552,hit,3.296363471919289,31.039999999999427,151.74345430464996
5,518,923716,20.339641571044922,2250,timeout,7.522928808615111,45.000000000001435,-63.08526138968437
5,519,924020,-31.23114776611328,2250,timeout,5.427093036640779,45.000000000001435,-83.02031944531089
5,520,924028,-15.549379348754883,2250,timeout,9.108218464822682,45.000000000001435,-63.92201215366577
5,521,926204,-3.6722335815429688,2250,timeout,8.272552066364467,45.000000000001435,-65.84280959459554
5,522,926864,118.42507934570312,787,hit,3.4692110617564293,15.739999999999753,148.53918180503177
5,523,927552,135.3263397216797,881,hit,3.606227110301736,17.619999999999713,161.7429734098534
5,524,929048,128.39666748046875,711,hit,3.841367290857965,14.219999999999786,155.617538235253
5,525,930412,120.58070373535156,715,hit,4.904821040948374,14.299999999999784,151.10665326186216
5,526,931772,128.86842346191406,1227,hit,4.446065058269069,24.539999999999566,154.8882666391699
5,527,933020,-20.181285858154297,2250,timeout,7.904730410131757,45.000000000001435,-89.97336645626343
5,528,933428,126.39127349853516,1095,hit,4.409697961282283,21.899999999999622,155.86197582478394
5,529,935336,126.85975646972656,891,hit,3.4305752068228457,17.81999999999971,149.26916536338487
5,530,937056,132.3606719970703,907,hit,4.927345591245791,18.139999999999702,160.6860860726765
5,531,938440,-17.731674194335938,2007,miss,6.045318406557378,40.140000000000676,-83.33089080656107
5,532,940736,126.75222778320312,1350,hit,4.900234561898143,26.999999999999513,149.2127865792245
5,533,942020,-18.019203186035156,2250,timeout,27.269100516467404,45.000000000001435,-91.20690658745806
5,534,945356,128.7238311767578,834,hit,4.2135841425812295,16.679999999999733,162.0581830681106
5,535,945500,129.46786499023438,1191,hit,2.821311604180277,23.81999999999958,149.44000406484733
5,536,946056,-36.69338607788086,2250,timeout,7.6106447065321445,45.000000000001435,-91.67822210447785
5,537,947440,-29.921058654785156,2250,timeout,14.013771411272613,45.000000000001435,-84.18336592915243
5,538,950328,121.82138061523438,722,hit,3.9314493768936556,14.439999999999781,149.5745302660772
5,539,950708,133.9935302734375,1163,hit,4.203770198030268,23.259999999999593,159.04239545278733
5,540,954356,5.442386627197266,2250,timeout,8.757827763862842,45.000000000001435,-87.76484658551526
5,541,954500,-6.766566276550293,2250,timeout,5.225402381510937,45.000000000001435,-79.35626485704654
5,542,954724,124.69196319580078,1099,hit,3.6675779262042565,21.97999999999962,151.80669458525236
5,543,954808,129.7923583984375,1025,hit,3.9597534195005717,20.499999999999652,151.09834296815163
5,544,958472,134.30064392089844,916,hit,4.312923028999855,18.3199999999997,163.1704890976704
5,545,958876,127.54940032958984,1130,hit,3.9970246660873716,22.599999999999607,154.72209058674113
5,546,959260,111.44094848632812,1190,hit,4.861783728851848,23.79999999999958,142.82868023560633
5,547,961964,121.90264892578125,676,hit,4.689628623302478,13.5199999999998,155.20868276005052
5,548,962220,129.73565673828125,937,hit,4.769162605455853,18.73999999999969,155.03708456816273
5,549,962232,122.4468994140625,839,hit,4.8225368464909995,16.77999999999973,149.62765148740993
5,550,963724,-30.376480102539062,2250,timeout,5.424001172823562,45.000000000001435,-86.497453029749
5,551,968424,123.70150756835938,1175,hit,3.976038477257802,23.499999999999588,146.45845065366115
5,552,970964,-45.08346939086914,2250,timeout,7.2379281453023525,45.000000000001435,-84.79346574574629
5,553,971220,-46.968772888183594,2250,timeout,7.130267715805182,45.000000000001435,-105.58745016969252
5,554,971232,-9.214622497558594,2250,timeout,6.485384179482638,45.000000000001435,-73.41292898468699
5,555,972300,135.65863037109375,969,hit,3.0696105504229276,19.379999999999676,164.61498963607394
5,556,974596,133.52255249023438,908,hit,4.006278801718063,18.1599999999997,161.6105025582037
5,557,975580,131.6167755126953,820,hit,1.6541063706292107,16.39999999999974,155.23716833495433
5,558,978508,128.02220153808594,732,hit,3.6886863003609904,14.639999999999777,155.69814560894855
5,559,979852,-50.54740905761719,2158,miss,6.739417784844029,43.16000000000115,-88.63718568241946
5,560,980232,-50.1518440246582,2250,timeout,6.507125098549112,45.000000000001435,-99.89474155195632
5,561,980236,129.10635375976562,1410,hit,4.051794866501881,28.199999999999488,150.93371971644407
5,562,982524,123.84455871582031,668,hit,4.440881122335065,13.359999999999804,151.98805365791867
5,563,983756,125.34912109375,881,hit,3.3280855597661763,17.619999999999713,155.11601510872038
5,564,985440,119.76110076904297,1301,hit,3.6422353622397177,26.019999999999534,141.79170402493952
5,565,987508,-0.4578819274902344,2250,timeout,5.090482229913674,45.000000000001435,-74.80285798016847
5,566,987696,133.37994384765625,985,hit,3.957964527071092,19.69999999999967,160.897364687568
5,567,988656,131.36553955078125,804,hit,4.4071439242738215,16.079999999999746,157.86774719972493
5,568,990568,-21.43128204345703,2011,miss,5.130780192762787,40.22000000000069,-85.87221972488786
5,569,992536,121.40734100341797,1257,hit,4.088520246750899,25.139999999999553,148.79616719726693
5,570,995640,131.80487060546875,776,hit,3.900222761970934,15.519999999999758,159.45455113088215
5,571,996696,1.3534049987792969,2250,timeout,7.513823455119316,45.000000000001435,-86.2369733102278
5,572,997656,-32.668880462646484,2250,timeout,7.332782818108998,45.000000000001435,-72.06876203394285
5,573,999568,8.110984802246094,2250,timeout,5.677921729688473,45.000000000001435,-76.57347359473914
5,574,999632,123.81051635742188,734,hit,4.929688098951271,14.679999999999776,150.94802292626593
5,575,1000696,132.0934600830078,760,hit,3.7770178361505655,15.199999999999765,158.8952776817373
5,576,1000812,123.50309753417969,1293,hit,3.451474199986615,25.859999999999538,144.24810234565442
5,577,1002568,126.84844207763672,750,hit,4.984544012659195,14.999999999999769,152.75041541622045
5,578,1002824,131.11756896972656,798,hit,2.244246155210922,15.959999999999749,162.76344482014744
5,579,1003676,129.70864868164062,745,hit,4.736051830529681,14.899999999999771,154.6127647556679
5,580,1006440,125.48512268066406,691,hit,2.152297953853134,13.819999999999794,155.38897115948728
5,581,1007852,132.44549560546875,1257,hit,4.048671242472489,25.139999999999553,156.26061772963288
5,582,1008236,0.5477180480957031,1856,miss,7.387903391782393,37.1200000000002,-56.362683387374155
5,583,1010608,-32.0242805480957,2010,miss,7.552449144567928,40.200000000000685,-78.25315037565804
5,584,1010860,130.05223083496094,752,hit,2.5149615403190753,15.039999999999768,154.447891825018
5,585,1013372,128.74868774414062,1284,hit,4.318270688182912,25.67999999999954,151.5811398385068
5,586,1014168,131.37826538085938,827,hit,2.533428724104904,16.539999999999736,162.6066235988694
5,587,1015440,-23.652881622314453,2250,timeout,6.0237191244819295,45.000000000001435,-96.27356904246493
5,588,1017840,135.36178588867188,918,hit,3.7525874159798196,18.359999999999697,162.04146772933515
5,589,1017964,-10.422412872314453,1839,miss,5.153801481972006,36.78000000000015,-72.5758542723232
5,590,1022372,-19.834392547607422,2250,timeout,6.197425574352246,45.000000000001435,-85.99973318358225
6,591,1027868,133.53329467773438,967,hit,1.8226195478913674,19.339999999999677,164.63794807035504
6,592,1029432,126.05775451660156,1358,hit,4.266931938079376,27.15999999999951,157.05659165429
6,593,1030784,18.931154251098633,1696,miss,6.263628354656917,33.9199999999997,-54.227024275924926
6,594,1032296,120.57710266113281,1107,hit,4.662439102948571,22.139999999999617,149.7445069152694
6,595,1032440,-44.43789291381836,2110,miss,5.501634588974689,42.200000000001,-105.56392117163095
6,596,1033856,128.75088500976562,768,hit,3.3609255687246744,15.359999999999761,157.56463300124443
6,597,1035896,133.8048095703125,900,hit,3.3047303572415943,17.999999999999705,166.4499766624715
6,598,1037752,120.82234191894531,974,hit,2.5491894958978873,19.479999999999674,147.87213189097025
6,599,1038432,-25.640880584716797,2250,timeout,12.798053099383386,45.000000000001435,-85.67294591183419
6,600,1040388,127.03048706054688,1123,hit,4.920022487599753,22.45999999999961,146.9229393356747
6,601,1041440,5.407207489013672,2250,timeout,5.550418525708392,45.000000000001435,-85.3388728189751
6,602,1043780,129.04580688476562,848,hit,2.033888118825958,16.959999999999727,160.2357347422984
6,603,1046220,-38.27461624145508,2117,miss,7.5069990700864455,42.34000000000102,-107.99603480272982
6,604,1047432,-33.486881256103516,2250,timeout,6.016698233906034,45.000000000001435,-82.7474106389459
6,605,1049076,126.66614532470703,714,hit,4.377778173263681,14.279999999999784,153.87689898888976
6,606,1050360,-27.608501434326172,2230,miss,7.548154844155344,44.60000000000137,-83.13100850472402
6,607,1052212,107.24889373779297,2108,hit,4.140159996517431,42.16000000000099,124.22129568247782
6,608,1052468,131.95138549804688,848,hit,3.0106086117195097,16.959999999999727,158.64915559772678
6,609,1052980,125.59991455078125,655,hit,1.9923978124946675,13.09999999999981,153.46976992790667
6,610,1053976,20.229259490966797,1636,miss,8.340257250900557,32.719999999999516,-54.3655338741673
6,611,1055192,128.86102294921875,745,hit,2.6703837024414923,14.899999999999771,157.44471664976982
6,612,1055656,130.70770263671875,797,hit,2.4073935083880733,15.939999999999749,160.96657426087333
6,613,1058776,134.4673614501953,896,hit,4.162581381661013,17.919999999999707,166.930089779366
6,614,1060660,133.9307403564453,1251,hit,4.013670903168355,25.019999999999555,160.96472956050218
6,615,1061980,-1.5650520324707031,2250,timeout,9.944233041059798,45.000000000001435,-70.90614527995687
6,616,1062400,134.3476104736328,906,hit,4.917275965973134,18.119999999999703,165.9544624694351
6,617,1062976,-25.89520263671875,2250,timeout,9.56964427755222,45.000000000001435,-87.52833818378855
6,618,1064812,127.59599304199219,708,hit,4.598688882482677,14.159999999999787,153.54343345341601
6,619,1065188,126.23796844482422,697,hit,1.6053290139072538,13.939999999999792,155.4113967742527
6,620,1067196,130.6963653564453,1634,hit,4.56530766598853,32.67999999999951,155.28027613326984
6,621,1070196,129.982177734375,1346,hit,4.972622888696687,26.919999999999515,157.3946651456693
6,622,1071976,-32.414794921875,2250,timeout,6.473943830764453,45.000000000001435,-89.47117221840904
6,623,1072408,123.03843688964844,1303,hit,4.195806416504293,26.059999999999533,144.4417795438941
6,624,1074188,-39.23552322387695,2250,timeout,7.530968687780033,45.000000000001435,-83.81886936013699
6,625,1075500,131.64743041992188,773,hit,1.8438471135245806,15.45999999999976,156.70656294281093
6,626,1075836,109.20923614501953,1410,hit,4.191555518133564,28.199999999999488,143.40657433731258
6,627,1077952,135.62307739257812,941,hit,4.894314766212946,18.819999999999688,160.75797116997256
6,628,1079140,-12.15378189086914,1791,miss,7.04555661969509,35.82,-70.7393491356944
6,629,1079536,136.98463439941406,1009,hit,3.3902118101097636,20.17999999999966,166.00062135019155
6,630,1080692,130.7111358642578,1214,hit,4.997704274088528,24.27999999999957,159.67962122515362
6,631,1081488,133.19979858398438,884,hit,2.203039160747473,17.679999999999712,161.1454226915176
6,632,1081724,115.56071472167969,646,hit,3.281605006270092,12.919999999999813,152.3489959591589
6,633,1084564,129.92514038085938,769,hit,2.073550651788719,15.379999999999761,156.2486177019296
6,634,1086088,122.77467346191406,1091,hit,4.552458656250641,21.819999999999624,144.61079953573096
6,635,1088304,-32.72615432739258,2192,miss,5.858570929251339,43.840000000001254,-79.39334200267
6,636,1089432,129.7364501953125,836,hit,4.9626704962861306,16.719999999999732,155.18316093920683
6,637,1089432,-63.98851776123047,2185,miss,7.641487265825182,43.70000000000123,-104.59137239634804
6,638,1093032,120.24861145019531,1182,hit,2.489356611884455,23.639999999999585,159.32874975718428
6,639,1093564,-61.0184440612793,2250,timeout,6.768887629154739,45.000000000001435,-109.53153283946702
6,640,1095324,129.35086059570312,1473,hit,4.089797158418029,29.45999999999946,153.0997760349839
6,641,1095632,126.33863067626953,1550,hit,3.7740729105956703,30.999999999999428,150.99410452390526
6,642,1097260,132.3497772216797,1057,hit,2.6736728822250404,21.139999999999638,161.13357030725427
6,643,1099804,122.614990234375,1120,hit,4.942867772155651,22.39999999999961,147.29887074611716
6,644,1101616,121.87913513183594,1089,hit,3.8572384509045055,21.779999999999625,145.6810003504227
6,645,1102564,-23.854835510253906,2250,timeout,9.636100112460356,45.000000000001435,-77.82612992767096
6,646,1104632,-51.06584548950195,2250,timeout,5.131059859097147,45.000000000001435,-91.3302611793629
6,647,1106688,121.95439910888672,1031,hit,3.7915339563363872,20.61999999999965,148.8338187052264
6,648,1108804,-22.913551330566406,2250,timeout,9.221350932068828,45.000000000001435,-69.83129559235417
6,649,1108976,129.05331420898438,1086,hit,3.6260063830665445,21.719999999999626,150.5182760711085
6,650,1110616,-2.078235626220703,2250,timeout,12.118869454307477,45.000000000001435,-75.39874911487398
6,651,1111688,127.44022369384766,1250,hit,3.4952123460621904,24.999999999999556,153.03666051788693
6,652,1113168,132.05140686035156,1048,hit,3.832474167545971,20.959999999999642,160.09724626745827
6,653,1114712,129.00778198242188,756,hit,4.645470814502388,15.119999999999767,154.88770860070045
6,654,1117480,126.20184326171875,692,hit,4.340342924494928,13.839999999999794,152.4171834321672
6,655,1117804,-33.75660705566406,2250,timeout,5.630030100012231,45.000000000001435,-89.19445154170063
6,656,1119616,-56.53877639770508,2250,timeout,6.688990962062309,45.000000000001435,-99.77337601439149
6,657,1120908,132.02114868164062,857,hit,3.173508347959754,17.139999999999723,165.05422054573745
6,658,1121472,134.7076873779297,917,hit,3.7079711258698786,18.339999999999698,166.77074024609135
6,659,1122168,-42.5128288269043,2250,timeout,5.5849887525215705,45.000000000001435,-86.68120009599399
6,660,1128616,-41.606632232666016,2250,timeout,9.988330594869172,45.000000000001435,-96.1097050942969
6,661,1129680,0.3428802490234375,1878,miss,6.280588592493005,37.56000000000027,-77.63848387722007
6,662,1129908,-41.366539001464844,2250,timeout,6.184068737474003,45.000000000001435,-104.40071326416768
6,663,1130472,-43.856292724609375,2250,timeout,9.300824768707454,45.000000000001435,-91.04692062145975
6,664,1133432,134.7375946044922,938,hit,3.0661245189437083,18.75999999999969,166.0717182826618
6,665,1135576,-19.864978790283203,1740,miss,6.496177261618324,34.79999999999984,-81.48733465732039
6,666,1136920,129.15048217773438,872,hit,4.681863270921186,17.439999999999717,156.44643550483522
6,667,1138644,132.1487579345703,767,hit,1.7718364697295204,15.339999999999762,157.9734363726784
6,668,1138712,-37.12748718261719,2201,miss,6.197504933347556,44.02000000000128,-104.49047825313703
6,669,1139472,-27.521827697753906,2250,timeout,5.131383625098233,45.000000000001435,-86.00330716747874
6,670,1140792,124.76195526123047,968,hit,4.338608500220124,19.359999999999676,152.9171585850018
6,671,1141508,125.68891906738281,716,hit,1.6448115829630698,14.319999999999784,153.6446127702444
6,672,1143244,130.36590576171875,1133,hit,3.5667219731781596,22.659999999999606,155.99750770436916
6,673,1143948,132.64186096191406,789,hit,4.076427672900722,15.779999999999752,160.18550611187754
6,674,1144272,126.66390991210938,691,hit,3.5042399932840946,13.819999999999794,153.55232263112998
6,675,1148472,27.435829162597656,2250,timeout,6.409190574561287,45.000000000001435,-61.473777788047165
6,676,1149020,128.04327392578125,1187,hit,3.6324133955883937,23.739999999999583,154.60606659091974
6,677,1149164,131.6615447998047,1480,hit,2.2209811876818546,29.599999999999458,159.52202213534582
6,678,1151912,134.3367919921875,860,hit,2.7849294096511192,17.199999999999722,164.20895805777792
6,679,1152948,-50.683746337890625,2250,timeout,7.73366020939869,45.000000000001435,-67.27321686834459
6,680,1153740,131.89920043945312,1180,hit,3.1249386753398243,23.599999999999586,155.91995859084722
6,681,1157572,128.0983428955078,1156,hit,2.990976727049308,23.119999999999596,152.4430704305667
6,682,1157952,-50.39881134033203,2197,miss,5.324547812697928,43.94000000000127,-100.56419211344006
6,683,1160912,-9.716991424560547,2250,timeout,6.5820249650898335,45.000000000001435,-80.65085312057604
6,684,1161416,11.415901184082031,1919,miss,9.09494847457449,38.3800000000004,-70.20145054806596
6,685,1161888,127.88377380371094,984,hit,4.744374280234556,19.67999999999967,159.3806681097556
6,686,1163860,129.68435668945312,1572,hit,3.3833637138385493,31.43999999999942,156.76184692371018
6,687,1165700,130.17262268066406,953,hit,2.407447185166005,19.059999999999683,162.76422424275205
6,688,1166992,128.93231201171875,1394,hit,4.325163631656368,27.879999999999495,160.01739508666378
6,689,1168740,131.06573486328125,760,hit,1.9733951182621723,15.199999999999765,158.0680051885553
6,690,1169912,-22.81226348876953,2250,timeout,6.171394761909817,45.000000000001435,-78.06902380123869
6,691,1170448,128.94508361816406,1647,hit,3.907512326256581,32.93999999999955,149.12052082466323
6,692,1172384,135.49920654296875,911,hit,4.521008833469997,18.2199999999997,163.0321330791371
6,693,1173772,134.11080932617188,965,hit,4.5059188409174835,19.299999999999677,164.98936395243103
6,694,1175300,129.049560546875,729,hit,2.542327720923103,14.579999999999778,157.56631157023116
6,695,1175320,120.77887725830078,1218,hit,4.895996176023202,24.35999999999957,141.81837308207804
6,696,1175992,-43.444847106933594,2250,timeout,5.852940913125323,45.000000000001435,-106.14039688703845
6,697,1177664,127.10096740722656,973,hit,4.556245990283407,19.459999999999674,148.8063349321887
6,698,1178228,129.13052368164062,727,hit,3.462272815152533,14.539999999999779,157.16659712805685
6,699,1181996,131.78672790527344,942,hit,4.690207896649233,18.839999999999687,163.3921358871873
6,700,1183344,127.29535675048828,1420,hit,3.3666965800768667,28.399999999999483,151.43190633146412
6,701,1183592,-47.71164321899414,2073,miss,9.142612728090175,41.46000000000088,-103.33837946570503
6,702,1184992,-45.67528533935547,2250,timeout,7.39935639856193,45.000000000001435,-95.50244224119746
6,703,1187120,126.64888000488281,1281,hit,4.473062182998582,25.619999999999543,151.95210712103042
6,704,1187400,125.81829833984375,952,hit,2.6464721497573733,19.039999999999683,148.20640277151136
6,705,1187764,123.48780822753906,1105,hit,4.782644199763903,22.099999999999618,149.58112403355813
6,706,1191748,129.80471801757812,1087,hit,3.3548848594642964,21.739999999999625,149.2221249837988
6,707,1192132,131.69459533691406,1092,hit,3.3970282647169268,21.839999999999623,151.76670065894848
6,708,1193648,-38.79158401489258,2164,miss,11.095569929826304,43.280000000001166,-95.04691755484846
6,709,1194972,132.6028289794922,806,hit,3.7257195766709046,16.119999999999745,157.4148555557942
6,710,1195212,132.29705810546875,770,hit,2.502012716845454,15.39999999999976,160.56450540388747
6,711,1196120,-19.579303741455078,2250,timeout,7.587280582840871,45.000000000001435,-86.22758306599827
6,712,1196828,129.36492919921875,795,hit,2.6208425033081397,15.89999999999975,156.4334590775169
6,713,1198228,128.84555053710938,754,hit,3.9121219264924565,15.079999999999767,155.83637086339212
6,714,1199104,124.98561096191406,746,hit,3.743607332695661,14.91999999999977,154.3844409524124
6,715,1201668,129.6455841064453,1210,hit,4.60198035040968,24.199999999999573,149.95711905931967
6,716,1202260,129.51629638671875,1008,hit,2.984010350981459,20.15999999999966,148.80910940326694
6,717,1202276,125.12007141113281,793,hit,1.4747212761689397,15.85999999999975,152.4419612121735
6,718,1203972,-38.886348724365234,2250,timeout,5.873806293011948,45.000000000001435,-87.89118658006343
6,719,1205332,132.1890411376953,916,hit,3.079134674036587,18.3199999999997,164.19201164495962
6,720,1205620,134.03811645507812,836,hit,2.2642402317529355,16.719999999999732,165.2412324464888
6,721,1205832,135.04257202148438,893,hit,3.7033005728490647,17.859999999999708,164.00982753016163
6,722,1207364,121.42420959472656,848,hit,3.419854593629074,16.959999999999727,151.55744244154565
6,723,1210216,126.74322509765625,1221,hit,3.370565575510149,24.41999999999957,156.89757804356262
6,724,1210368,130.365234375,1187,hit,3.0691686639926363,23.739999999999583,151.59767441184658
6,725,1212300,133.10911560058594,1617,hit,2.783415063850748,32.339999999999456,153.11814612876321
6,726,1213240,128.6982879638672,718,hit,4.61598333075403,14.359999999999783,159.11790540825297
6,727,1213680,123.8173828125,866,hit,2.3876779956368637,17.31999999999972,152.33113291658094
6,728,1215320,129.48684692382812,755,hit,3.27669106374436,15.099999999999767,158.40589571799256
6,729,1216364,11.463834762573242,2250,timeout,6.174414327443987,45.000000000001435,-74.58913613649287
6,730,1216456,120.04486846923828,694,hit,4.289808210673277,13.879999999999793,153.54051555524111
6,731,1218320,128.3753204345703,750,hit,3.9632558091881633,14.999999999999769,153.26924221439955
6,732,1219364,129.0109405517578,1531,hit,2.402268102146781,30.619999999999436,152.57276749934823
6,733,1219892,133.07257080078125,859,hit,2.349574035058563,17.179999999999723,165.28664714216146
6,734,1221868,134.95753479003906,1376,hit,3.145765513796445,27.519999999999502,159.5229607491876
6,735,1222580,127.68318176269531,1065,hit,3.8802656085159852,21.299999999999635,152.80323347773776
6,736,1222780,134.95697021484375,854,hit,3.531079078792618,17.079999999999725,165.4689016312829
6,737,1222848,130.351806640625,739,hit,4.708637555495619,14.779999999999774,154.12210639257685
6,738,1226076,133.26292419433594,824,hit,1.7628838217911857,16.479999999999738,160.59463141794436
6,739,1227568,130.62478637695312,1425,hit,3.093906283157379,28.49999999999948,157.20941011156543
7,740,1231636,161.5597686767578,709,hit,2.2074009994824277,14.179999999999787,158.59057467819233
7,741,1231924,157.44227600097656,781,hit,3.863840476665962,15.619999999999756,166.02273341924507
7,742,1232088,163.97947692871094,822,hit,3.559299328245125,16.43999999999974,158.34093564249423
7,743,1233240,168.28623962402344,1110,hit,4.99491620705203,22.199999999999616,154.11496078128062
7,744,1234672,163.4990997314453,687,hit,3.7825473296444163,13.739999999999796,159.76810330711808
7,745,1237164,177.98086547851562,1382,hit,2.3880888505032836,27.6399999999995,162.12730739670025
7,746,1241088,-25.98975372314453,2250,timeout,5.40693291383951,45.000000000001435,-83.73546916533967
7,747,1241744,172.40328979492188,1145,hit,2.668707685877146,22.8999999999996,171.29942566946426
7,748,1242240,-44.45742416381836,2250,timeout,7.424998380455908,45.000000000001435,-108.65956914742773
7,749,1243392,-36.23753356933594,2180,miss,5.110827514527341,43.60000000000122,-95.8223031654079
7,750,1243800,166.07020568847656,678,hit,1.7171628361538078,13.5599999999998,156.34679506780066
7,751,1245164,157.99822998046875,855,hit,4.195635413725885,17.099999999999724,169.68543582937554
7,752,1245812,167.05520629882812,893,hit,3.6781833664603956,17.859999999999708,172.51895514750697
7,753,1249276,158.13294982910156,1028,hit,4.461597214581609,20.55999999999965,162.39829660523966
7,754,1249300,170.25083923339844,1375,hit,3.763601858440177,27.499999999999503,163.1785445955402
7,755,1250376,155.7139129638672,1141,hit,4.757602247244722,22.819999999999602,164.3763137827055
7,756,1252272,169.84710693359375,743,hit,1.893171722510093,14.859999999999772,164.52037701223955
7,757,1252392,-24.216876983642578,2250,timeout,9.16638330722248,45.000000000001435,-77.349325804708
7,758,1253040,165.7539520263672,666,hit,1.5386721367968528,13.319999999999805,159.24503457568764
7,759,1254772,154.05917358398438,1374,hit,4.75297158910237,27.479999999999503,166.46798964080006
7,760,1255508,160.9031982421875,779,hit,3.717769935695092,15.579999999999757,168.10271418119544
7,761,1258172,161.19033813476562,850,hit,3.848218782316568,16.999999999999726,172.24430327115306
7,762,1261272,-9.80105209350586,2250,timeout,7.417438260519239,45.000000000001435,-59.58825678363503
7,763,1262040,-34.84983825683594,2250,timeout,5.972354999088935,45.000000000001435,-102.34178211902135
7,764,1262044,182.98695373535156,968,hit,2.948190402708317,19.359999999999676,174.46370457287912
7,765,1264508,-26.345439910888672,2250,timeout,7.363881584135777,45.000000000001435,-77.27176573480477
7,766,1266596,153.67276000976562,1138,hit,4.291724477585484,22.759999999999604,156.96095653809746
7,767,1267056,171.90382385253906,1254,hit,3.407983919001006,25.079999999999554,164.50572830064988
7,768,1268396,183.71026611328125,972,hit,2.5824753610027926,19.439999999999674,174.09161297530142
7,769,1270272,19.447235107421875,2250,timeout,13.553385876020904,45.000000000001435,-55.77370468045939
7,770,1270388,148.9243621826172,948,hit,4.659991898483949,18.959999999999685,161.0906649210645
7,771,1271928,179.279541015625,883,hit,0.7098329981704278,17.659999999999712,174.15936724070139
7,772,1274284,169.97525024414062,974,hit,3.2235242067360756,19.479999999999674,170.4877945183752
7,773,1275872,-45.384735107421875,2204,miss,6.9435650485022276,44.08000000000129,-99.1765422199983
7,774,1277588,157.0699462890625,826,hit,3.7935018842972372,16.519999999999737,162.90656134621094
7,775,1278496,150.36790466308594,656,hit,3.6737088690333866,13.11999999999981,158.89808890019071
7,776,1279220,-9.701007843017578,1823,miss,6.375826171716112,36.4600000000001,-77.30798233311462
7,777,1279272,-26.93173599243164,2250,timeout,9.47351248611744,45.000000000001435,-83.64027765363943
7,778,1281948,160.25840759277344,669,hit,1.8696053459256694,13.379999999999804,157.044813782249
7,779,1282488,170.9978485107422,1225,hit,4.285571503741779,24.499999999999567,169.44323960811067
7,780,1284512,149.29039001464844,1504,hit,4.480820698711316,30.079999999999448,169.38134622619594
7,781,1286560,136.70225524902344,1153,hit,4.722694513613617,23.059999999999597,152.46680223643605
7,782,1287236,165.30044555664062,681,hit,1.2815206451837304,13.619999999999798,159.32712461364537
7,783,1288220,-15.158733367919922,2250,timeout,5.249146030934675,45.000000000001435,-84.27707210082283
7,784,1289572,158.8278045654297,753,hit,3.88997849635287,15.059999999999768,159.05761223931327
7,785,1291488,-55.58965301513672,2250,timeout,8.397091241680743,45.000000000001435,-91.51010523791257
7,786,1292436,162.9415283203125,716,hit,2.2282063248121258,14.319999999999784,163.15759466382113
7,787,1292584,173.52821350097656,1091,hit,3.479990911753339,21.819999999999624,160.06904564149758
7,788,1294784,179.12066650390625,824,hit,1.4359740681390325,16.479999999999738,165.40306313069112
7,789,1296236,-35.3273811340332,2250,timeout,6.908167586387483,45.000000000001435,-96.53777339198655
7,790,1296268,162.5907440185547,958,hit,4.162051244834467,19.15999999999968,164.12895447151428
7,791,1298832,149.3434600830078,1562,hit,4.919117336747199,31.239999999999423,164.6976453609795
7,792,1299148,171.88265991210938,1091,hit,3.2232539182877247,21.819999999999624,165.04231785699182
7,793,1299612,172.64598083496094,836,hit,1.921236777386064,16.719999999999732,172.5023289977986
7,794,1302196,182.11715698242188,1490,hit,3.751263378869216,29.799999999999454,168.02167319906405
7,795,1302668,173.9279022216797,880,hit,3.3178863698483747,17.599999999999714,163.03212214270974
7,796,1303872,163.26499938964844,1260,hit,3.1260714375558742,25.19999999999955,173.06803574715116
7,797,1305552,149.5548553466797,839,hit,4.607046621733929,16.77999999999973,165.79975591327093
7,798,1307584,144.0880889892578,1229,hit,4.59567713320468,24.579999999999565,159.04236473847953
7,799,1308612,-13.07326889038086,2250,timeout,10.210048428673804,45.000000000001435,-83.40805412627732
7,800,1311476,174.8193359375,716,hit,1.9439543413118954,14.319999999999784,158.40398090676183
7,801,1312872,-26.02212142944336,2250,timeout,6.629888537725117,45.000000000001435,-86.74061219881662
7,802,1314552,14.030986785888672,2250,timeout,5.447987219817485,45.000000000001435,-72.89631368814736
7,803,1315488,163.52963256835938,1003,hit,3.332469513043919,20.05999999999966,173.41841043512005
7,804,1316584,-28.99884796142578,2250,timeout,5.663558580804507,45.000000000001435,-112.26105327599953
7,805,1317172,182.99346923828125,1075,hit,4.705261461672542,21.49999999999963,170.81934993397874
7,806,1319712,168.9598846435547,782,hit,1.5287484392126434,15.639999999999755,165.04685033878917
7,807,1323552,-8.102367401123047,2250,timeout,5.726059657407338,45.000000000001435,-79.6423971325006
7,808,1324488,-23.325435638427734,2250,timeout,7.007124571200382,45.000000000001435,-91.91002486560178
7,809,1326172,-17.705284118652344,2250,timeout,9.243605420568336,45.000000000001435,-56.48099467463407
7,810,1328712,29.769329071044922,2250,timeout,5.958604120777968,45.000000000001435,-61.00314369208753
7,811,1332272,153.0023193359375,890,hit,3.6925937247583245,17.79999999999971,159.8497145780626
7,812,1332552,-0.5346450805664062,2250,timeout,5.79124026414727,45.000000000001435,-86.9261124879786
7,813,1333488,5.214298248291016,2250,timeout,7.450300445709348,45.000000000001435,-62.01085254795141
7,814,1335172,15.957046508789062,2250,timeout,5.767737431602814,45.000000000001435,-84.31817354840807
7,815,1336188,166.3074493408203,675,hit,4.732644862242889,13.499999999999801,159.86880339848761
7,816,1337340,157.4410400390625,1197,hit,2.454999387800639,23.93999999999958,157.508434051966
7,817,1337520,165.04054260253906,1312,hit,3.835557273730047,26.23999999999953,162.66299134308238
7,818,1338132,157.4465789794922,740,hit,3.5858905041038307,14.799999999999773,164.07213814581206
7,819,1339408,171.95553588867188,805,hit,3.4642380901094008,16.099999999999746,167.2143646637566
7,820,1340320,170.47134399414062,745,hit,2.9130909454565077,14.899999999999771,161.77925267573613
7,821,1340760,150.88607788085938,810,hit,4.955974488908374,16.199999999999743,167.00401026807583
7,822,1341024,165.0059356689453,723,hit,2.155221874918638,14.45999999999978,158.4818302130983
7,823,1343416,160.31674194335938,1002,hit,3.8495898992031687,20.03999999999966,169.03212196672683
7,824,1344144,174.12759399414062,846,hit,1.891349700797361,16.919999999999728,169.85498387071078
7,825,1345884,142.50137329101562,617,hit,4.769293095537928,12.339999999999826,157.05014722800883
7,826,1346076,162.52926635742188,1263,hit,4.143080678690398,25.25999999999955,163.75841459423117
7,827,1347748,160.9987030029297,901,hit,4.402900872830256,18.019999999999705,173.54089022114053
7,828,1348852,-35.77364730834961,2133,miss,8.259596881685368,42.66000000000107,-86.89277088436275
7,829,1348872,156.11976623535156,747,hit,4.3761295902633135,14.93999999999977,162.27392812313087
7,830,1349164,164.41795349121094,772,hit,2.679113392884553,15.43999999999976,162.2484026147858
7,831,1350824,172.39068603515625,769,hit,2.6837973536462796,15.379999999999761,164.04535697516087
7,832,1351824,167.43588256835938,665,hit,2.559393723340854,13.299999999999805,157.97125850308691
7,833,1352996,157.8016357421875,1036,hit,3.3148037379537425,20.719999999999647,155.6847809603079
7,834,1353604,155.5038604736328,1183,hit,4.353611819358076,23.659999999999584,163.4763956389893
7,835,1354640,178.1300506591797,954,hit,4.74576425346964,19.079999999999682,172.3033319144534
7,836,1355812,154.02926635742188,704,hit,3.6303941356386606,14.079999999999789,160.72607279519053
7,837,1356308,172.66554260253906,1121,hit,3.4028450742959304,22.41999999999961,171.8139165220141
7,838,1357084,174.07192993164062,870,hit,1.8789440421987011,17.399999999999718,167.7473857814874
7,839,1357676,155.638916015625,759,hit,4.4229919485415525,15.179999999999765,164.43796976243362
7,840,1359044,159.403564453125,808,hit,4.574034564450247,16.159999999999744,166.2995390682481
7,841,1359696,169.4147186279297,847,hit,4.509891420374225,16.939999999999728,172.16388018018472
7,842,1361596,163.27520751953125,980,hit,3.7402958809517113,19.59999999999967,171.29558790562507
7,843,1361724,153.08326721191406,1160,hit,4.3059780890915995,23.199999999999594,156.3716208806824
7,844,1362740,170.71429443359375,761,hit,2.951942031493338,15.219999999999764,168.34683411797008
7,845,1364876,153.14627075195312,788,hit,4.6485733004396295,15.759999999999753,167.9763145487382
7,846,1365712,165.6392822265625,743,hit,3.440085778581945,14.859999999999772,162.5925776736041
7,847,1366136,164.0982208251953,1135,hit,4.0186300862129825,22.699999999999605,157.09973728494037
7,848,1368044,-36.135154724121094,2250,timeout,9.789128740045795,45.000000000001435,-84.33796057509213
7,849,1369292,173.5426025390625,789,hit,3.295426708791787,15.779999999999752,162.98348394079113
7,850,1369708,162.41806030273438,1208,hit,4.550205625235825,24.159999999999574,169.9831970309299
7,851,1370912,182.0075225830078,1300,hit,2.9813880320303294,25.999999999999535,168.83914491026667
7,852,1372448,160.61410522460938,789,hit,3.7640153186884993,15.779999999999752,161.43643348355343
7,853,1373168,158.93594360351562,865,hit,4.087670711764819,17.29999999999972,172.96483154850077
7,854,1375348,165.74691772460938,1109,hit,3.7996724105318065,22.179999999999616,158.65063380735234
7,855,1376408,182.7977752685547,990,hit,4.365944130973802,19.799999999999667,173.46819616876218
7,856,1377044,31.351795196533203,2250,timeout,6.043072852456352,45.000000000001435,-64.45505909098956
7,857,1377616,156.77005004882812,1112,hit,3.8134169857124007,22.239999999999615,159.1224095202796
7,858,1378132,167.9303741455078,696,hit,3.748151725003102,13.919999999999792,159.8685828051594
7,859,1379856,159.89247131347656,862,hit,3.1222703722446057,17.23999999999972,161.05090205689353
7,860,1381104,166.97467041015625,743,hit,4.206390893653782,14.859999999999772,160.0716604974893
7,861,1382588,165.8128662109375,1243,hit,3.224045124686454,24.85999999999956,162.53430539101387
7,862,1383628,162.74346923828125,943,hit,2.6907460340728275,18.859999999999687,166.7906388674582
7,863,1384492,3.463531494140625,1862,miss,7.152411445819376,37.24000000000022,-68.61433303676789
7,864,1385696,164.752197265625,777,hit,2.890577100985543,15.539999999999758,162.85655290632457
7,865,1387148,161.045654296875,880,hit,4.14887618971291,17.599999999999714,155.00642937711336
7,866,1387280,154.6363525390625,697,hit,3.1002144891946295,13.939999999999792,156.4826991413119
7,867,1387704,168.8725128173828,1650,hit,4.990095647555668,32.99999999999956,168.23112707064723
7,868,1389964,169.2152862548828,671,hit,2.905297039576561,13.419999999999803,159.49367687382093
7,869,1390712,161.3804931640625,891,hit,4.170570941819499,17.81999999999971,169.76417452786575
7,870,1390876,168.04391479492188,793,hit,2.1171268080044556,15.85999999999975,164.849607080746
7,871,1394696,-30.90856170654297,2250,timeout,8.348673270011549,45.000000000001435,-87.07035154659116
7,872,1395800,170.10353088378906,1272,hit,4.427412825576131,25.439999999999547,163.69631209822367
7,873,1396228,154.04530334472656,1338,hit,2.855427173652857,26.75999999999952,158.11100262365008
7,874,1397492,167.97909545898438,699,hit,1.4394558740944843,13.97999999999979,163.25068507334967
7,875,1398260,165.35276794433594,615,hit,3.4026711631471196,12.299999999999827,157.9120163219563
7,876,1398964,28.58400535583496,2250,timeout,5.087575079368164,45.000000000001435,-62.78273639883088
7,877,1399340,179.8435516357422,778,hit,0.9799421268633994,15.559999999999757,163.1134186406323
7,878,1400964,151.690673828125,676,hit,3.6438110151302325,13.5199999999998,161.19513831541929
7,879,1401848,172.9609832763672,721,hit,1.7912202209688126,14.419999999999781,158.8607139758442
7,880,1404228,174.10813903808594,1222,hit,4.48040432747746,24.439999999999568,171.71924979605154
7,881,1404296,176.86911010742188,833,hit,1.1031503262477194,16.659999999999734,172.14075123649047
7,882,1404764,18.39070701599121,1818,miss,8.277396978733805,36.360000000000085,-70.26343169829195
7,883,1405168,160.91506958007812,830,hit,3.1865312902720606,16.599999999999735,165.41439518693025
7,884,1407624,179.09725952148438,832,hit,2.9193110143452823,16.639999999999734,166.27416184184528
7,885,1408292,156.9584197998047,882,hit,4.111347204928291,17.639999999999713,172.17284817669776
7,886,1410784,141.9732208251953,1404,hit,4.77722547839044,28.07999999999949,151.55165688045346
7,887,1411152,166.42608642578125,882,hit,3.5504255869342782,17.639999999999713,173.5433983161582
7,888,1412568,-38.805538177490234,2085,miss,14.008216387400923,41.70000000000092,-80.2872912603463
7,889,1415624,158.30419921875,764,hit,2.9399552429129883,15.279999999999763,162.10786541788585
7,890,1416704,173.2147979736328,1480,hit,3.571396272598753,29.599999999999458,167.67277465163076
7,891,1416916,170.68875122070312,1441,hit,4.257493217037375,28.819999999999474,167.0773225487612
7,892,1417292,3.4931068420410156,2250,timeout,5.558713165799525,45.000000000001435,-67.19537761237217
7,893,1419972,156.5049285888672,670,hit,2.5602918560213768,13.399999999999803,158.35058250165775
7,894,1420028,169.49099731445312,831,hit,4.374754375933275,16.619999999999735,166.4922788125824
7,895,1420096,152.00674438476562,1118,hit,4.640519417886311,22.359999999999612,169.59588483615948
7,896,1420728,167.26869201660156,953,hit,2.763997739974412,19.059999999999683,173.27791376760302
7,897,1422548,162.7554473876953,630,hit,2.9991634344340605,12.59999999999982,157.7002617880729
7,898,1424584,149.46450805664062,1122,hit,4.975339931739029,22.43999999999961,160.06548840127917
7,899,1424644,171.4416046142578,979,hit,2.597722090196364,19.57999999999967,159.0100498533054
7,900,1425528,157.0930938720703,745,hit,4.821623761769436,14.899999999999771,162.9848234684121
7,901,1427736,173.72225952148438,788,hit,1.2646316371339053,15.759999999999753,166.54512789584675
7,902,1428972,-39.65082931518555,2250,timeout,14.550407709488281,45.000000000001435,-74.40632526896513
7,903,1431304,175.7501678466797,892,hit,1.5162444484453372,17.83999999999971,173.96415965994788
7,904,1432572,177.01846313476562,900,hit,3.4834416652452407,17.999999999999705,176.26604621170793
8,905,1436732,163.98622131347656,783,hit,2.1680026968802966,15.659999999999755,163.69966267214784
8,906,1438212,161.96713256835938,1153,hit,3.0413177790102583,23.059999999999597,163.0134357720151
8,907,1442600,5.774818420410156,2250,timeout,6.586635406187346,45.000000000001435,-85.07726982081289
8,908,1442600,-49.633888244628906,2250,timeout,5.841448394418614,45.000000000001435,-107.62789155397132
8,909,1445640,173.893798828125,760,hit,1.9485697072015042,15.199999999999765,161.3916614218349
8,910,1445732,-12.454627990722656,2250,timeout,6.02423701148666,45.000000000001435,-60.49578388647564
8,911,1447212,3.3548240661621094,2250,timeout,5.272741777426606,45.000000000001435,-67.37237153453185
8,912,1448096,150.4369354248047,1374,hit,4.269012466851401,27.479999999999503,165.28848533596818
8,913,1448588,177.3682098388672,714,hit,3.058559425256483,14.279999999999784,162.12539877447938
8,914,1448792,167.8204803466797,788,hit,2.448505902295834,15.759999999999753,167.85089921090565
8,915,1450168,167.07054138183594,739,hit,3.3396684266453347,14.779999999999774,164.5059099269377
8,916,1450736,170.5540008544922,660,hit,4.972425013893709,13.199999999999807,159.52974605388948
8,917,1451900,172.48944091796875,828,hit,4.305772005704706,16.559999999999736,157.97815660446506
8,918,1452508,183.75927734375,929,hit,4.816331484827514,18.579999999999693,175.3725416858021
8,919,1454368,159.24945068359375,908,hit,3.866925569594406,18.1599999999997,173.67178992987704
8,920,1455056,167.40469360351562,789,hit,3.1778771522340357,15.779999999999752,163.12758821822308
8,921,1456112,155.36158752441406,1486,hit,3.6793617313917775,29.719999999999455,166.86882193975683
8,922,1459060,176.1111602783203,1173,hit,4.725242651755427,23.45999999999959,172.18526931729838
8,923,1459132,159.6921844482422,755,hit,2.81805770890129,15.099999999999767,161.89819274596076
8,924,1461148,164.09471130371094,1523,hit,3.793626090742149,30.45999999999944,162.72737960015712
8,925,1461508,-41.35169219970703,2250,timeout,5.652805470610706,45.000000000001435,-98.07132248449902
8,926,1461892,160.40586853027344,690,hit,4.914947678802428,13.799999999999795,160.19748143509966
8,927,1461968,153.66024780273438,727,hit,2.707947439196473,14.539999999999779,162.35524344271616
8,928,1464652,167.72523498535156,671,hit,4.120627608214048,13.419999999999803,159.12268502350423
8,929,1466500,184.8377685546875,1248,hit,1.67865921619215,24.959999999999557,172.6927493407768
8,930,1466576,160.04425048828125,1171,hit,3.865319221069181,23.41999999999959,154.92045354512737
8,931,1467636,18.515403747558594,1622,miss,8.260154972680615,32.43999999999947,-55.477947468281656
8,932,1469292,158.95152282714844,679,hit,3.1783026192991075,13.5799999999998,159.56227598324435
8,933,1469540,180.2614288330078,1222,hit,4.5490442295835445,24.439999999999568,167.7620207188221
8,934,1469776,153.62701416015625,819,hit,4.761496101941692,16.37999999999974,160.67439241855465
8,935,1470300,158.1916046142578,666,hit,3.0992222521823636,13.319999999999805,160.3318996337779
8,936,1473084,177.48736572265625,948,hit,1.2888693739209778,18.959999999999685,173.55171053761887
8,937,1473572,146.11593627929688,1008,hit,4.176084339800343,20.15999999999966,155.93484944854572
8,938,1473600,168.65176391601562,956,hit,2.0395194090851096,19.11999999999968,174.95243244055837
8,939,1475864,153.89402770996094,695,hit,4.572051194957027,13.899999999999793,157.68646796462014
8,940,1476776,165.43603515625,1619,hit,3.3338117903029496,32.37999999999946,163.53307831410632
8,941,1477396,179.75926208496094,956,hit,3.993970943357902,19.11999999999968,173.54651281192167
8,942,1479732,175.17572021484375,967,hit,4.716998402535803,19.339999999999677,174.19952087367994
8,943,1481448,175.96534729003906,1013,hit,2.9771279356190097,20.259999999999657,165.4037447351066
8,944,1482600,-40.624977111816406,2250,timeout,5.873264892060546,45.000000000001435,-107.71719401062155
8,945,1483264,162.19012451171875,883,hit,2.879191982548262,17.659999999999712,172.94013107775362
8,946,1485776,-30.203521728515625,2250,timeout,5.533884657572412,45.000000000001435,-86.33446286346572
8,947,1486108,173.83782958984375,1165,hit,3.3064891753513996,23.299999999999592,160.60162381873943
8,948,1486936,163.48129272460938,1084,hit,2.899076535485548,21.679999999999627,154.46454266387624
8,949,1489400,184.8734130859375,906,hit,2.2940713461574638,18.119999999999703,172.92473659595464
8,950,1490284,158.15927124023438,1044,hit,3.795556135787997,20.879999999999644,157.3498477236476
8,951,1490468,167.42526245117188,883,hit,4.2796556101181515,17.659999999999712,174.37249170803514
8,952,1492144,160.20440673828125,686,hit,2.16522662785082,13.719999999999796,159.08055417362183
8,953,1492264,3.025005340576172,2250,timeout,5.14568844154142,45.000000000001435,-105.00899792886469
8,954,1493108,167.13351440429688,706,hit,1.0851163411263962,14.119999999999788,160.68644744901675
8,955,1496268,163.32301330566406,1450,hit,4.545733614869628,28.99999999999947,165.90563451798522
8,956,1496324,173.27467346191406,1045,hit,4.794232787311371,20.899999999999643,162.60354719034774
8,957,1498500,168.95513916015625,1348,hit,2.6865149483798314,26.959999999999514,174.35781084655798
8,958,1499396,177.69747924804688,782,hit,1.331737181116536,15.639999999999755,168.9887641471476
8,959,1499688,178.1288299560547,841,hit,1.448427854877427,16.81999999999973,172.50423574178956
8,960,1501264,11.909035682678223,2250,timeout,7.399332838820385,45.000000000001435,-67.35030676257085
8,961,1501276,151.2938995361328,694,hit,4.971659213322452,13.879999999999793,156.57062417500129
8,962,1502584,160.91458129882812,724,hit,3.2041999806787786,14.47999999999978,160.30816854320435
8,963,1504076,159.75302124023438,703,hit,3.899765717464722,14.059999999999789,156.09446822531203
8,964,1504432,156.17669677734375,789,hit,3.9019364064947246,15.779999999999752,168.46818861565987
8,965,1505428,165.8015899658203,711,hit,2.254161373499812,14.219999999999786,161.77284444625576
8,966,1507216,168.64756774902344,696,hit,1.551638053506664,13.919999999999792,155.70744216762992
8,967,1507504,-14.336875915527344,2027,miss,6.381602150483608,40.54000000000074,-76.06074929326616
8,968,1508472,165.7012939453125,761,hit,2.355216263319393,15.219999999999764,160.95812369140782
8,969,1510360,160.82186889648438,1571,hit,3.1752016158288328,31.41999999999942,166.68213308719243
8,970,1514848,162.89010620117188,1122,hit,3.331105430533781,22.43999999999961,166.48001304725278
8,971,1516216,25.676719665527344,2250,timeout,5.37708197214269,45.000000000001435,-67.02457840188683
8,972,1516504,27.30067253112793,2250,timeout,5.851680814044843,45.000000000001435,-61.78407541493907
8,973,1516660,-4.817356109619141,2047,miss,8.051946870861777,40.9400000000008,-70.39473886480974
8,974,1518468,161.0122528076172,905,hit,3.42007658700836,18.099999999999703,175.4398048037345
8,975,1519200,156.0443878173828,635,hit,2.821979803747721,12.699999999999818,158.7578675778338
8,976,1519696,160.13768005371094,798,hit,3.2881406553510937,15.959999999999749,163.2335124277489
8,977,1520044,164.32257080078125,957,hit,3.141945821884486,19.13999999999968,158.45532114038713
8,978,1523228,174.91819763183594,883,hit,1.554534906392954,17.659999999999712,175.890146309675
8,979,1526416,165.45375061035156,797,hit,2.273372450645377,15.939999999999749,165.34051735321043
8,980,1527468,-18.308780670166016,2250,timeout,5.322318611917798,45.000000000001435,-75.23758948286505
8,981,1527472,31.258251190185547,1857,miss,6.6298766627604335,37.14000000000021,-46.10552394153906
8,982,1528200,-53.391624450683594,2250,timeout,8.597406519588597,45.000000000001435,-83.68861964620052
8,983,1530172,169.561279296875,676,hit,2.8433005794166695,13.5199999999998,157.66498847563687
8,984,1531380,174.319091796875,1241,hit,4.048022603071416,24.81999999999956,169.86151018027886
8,985,1531964,172.7958984375,941,hit,2.701626206022318,18.819999999999688,173.2831857504957
8,986,1533596,178.93075561523438,1531,hit,3.1467255354670676,30.619999999999436,171.23818732073642
8,987,1535004,159.4750213623047,906,hit,3.5540519175433047,18.119999999999703,169.41248704066317
8,988,1535344,176.43289184570312,845,hit,1.9817837600143915,16.89999999999973,167.6263436490093
8,989,1535824,155.85484313964844,1413,hit,4.032825649729027,28.259999999999486,162.21085463914073
8,990,1538796,151.1188201904297,1300,hit,4.1784565038580785,25.999999999999535,156.23745435310886
8,991,1539296,176.4120330810547,868,hit,1.299727749547935,17.35999999999972,175.54821696811607
8,992,1539704,159.9676513671875,1175,hit,3.9436561704772215,23.499999999999588,162.92686948682933
8,993,1542132,172.49221801757812,834,hit,3.745559746336617,16.679999999999733,172.83977478751083
8,994,1544344,42.053646087646484,2250,timeout,5.106295373284114,45.000000000001435,-56.22520005618479
8,995,1544616,158.27969360351562,1330,hit,4.5702291541947595,26.599999999999522,162.5935835937301
8,996,1545864,141.1316680908203,933,hit,4.044617634399457,18.65999999999969,153.74985829962074
8,997,1548056,170.22483825683594,860,hit,1.9718338310275016,17.199999999999722,170.5623007561657
8,998,1548280,154.9990234375,984,hit,4.584648242143061,19.67999999999967,164.16850000074837
8,999,1548704,-26.123680114746094,2250,timeout,5.261230907380321,45.000000000001435,-84.6256431257671
8,1000,1549532,176.64456176757812,917,hit,0.5724265901353628,18.339999999999698,170.28771869617225
8,1001,1552204,153.60658264160156,1037,hit,4.327881938274488,20.739999999999647,163.5671865011842
8,1002,1552532,147.8635711669922,750,hit,4.332679293345896,14.999999999999769,163.82859822426155
8,1003,1553368,164.60638427734375,1166,hit,4.888005274127325,23.31999999999959,171.75882109598032
8,1004,1554984,155.60211181640625,695,hit,2.5704892517100824,13.899999999999793,159.1949323946458
8,1005,1556428,152.64990234375,765,hit,4.036956912058607,15.299999999999763,163.18352797056198
8,1006,1557280,42.1832275390625,2250,timeout,6.096728918316019,45.000000000001435,-55.25986333665558
8,1007,1557872,170.5410919189453,722,hit,1.9874105180758865,14.439999999999781,164.6240067801582
8,1008,1559780,163.11083984375,838,hit,2.6025810323800975,16.75999999999973,166.09224864607583
8,1009,1561532,-36.13081741333008,2250,timeout,9.107239044541595,45.000000000001435,-89.7366250616732
8,1010,1561740,179.45831298828125,967,hit,3.6707374135235353,19.339999999999677,168.0147069562133
8,1011,1563104,163.76324462890625,831,hit,2.7378398270011064,16.619999999999735,171.59522639170677
8,1012,1564976,-24.641521453857422,1924,miss,5.933984644802845,38.480000000000416,-82.2846897009417
8,1013,1566660,163.5796661376953,889,hit,3.6584449442361735,17.77999999999971,172.358019919321
8,1014,1568272,156.47210693359375,1633,hit,4.272592600257106,32.659999999999506,167.54535105476668
8,1015,1568904,173.5242919921875,982,hit,4.325416886856593,19.63999999999967,156.66650140081595
8,1016,1569988,151.78640747070312,832,hit,4.8963753799941605,16.639999999999734,169.12980842056203
8,1017,1570532,-15.012691497802734,2250,timeout,8.403693257923956,45.000000000001435,-70.11734259759808
8,1018,1571296,163.20877075195312,756,hit,3.0564492918869073,15.119999999999767,166.3132418614241
8,1019,1573416,168.2450714111328,857,hit,2.086624874978234,17.139999999999723,168.4533023448764
8,1020,1574072,175.3477783203125,885,hit,1.96372023717438,17.69999999999971,169.65821655997456
8,1021,1575384,174.51129150390625,1620,hit,4.7486211921269685,32.399999999999466,167.40355153316347
8,1022,1576728,169.6031951904297,828,hit,3.028275132007178,16.559999999999736,172.99146075749303
8,1023,1577992,169.89028930664062,980,hit,2.025201897126126,19.59999999999967,175.2602885878098
8,1024,1578716,153.28900146484375,833,hit,3.5615142156709014,16.659999999999734,164.22055203550303
8,1025,1580296,-51.410858154296875,2250,timeout,6.364813079943135,45.000000000001435,-101.2492960145019
8,1026,1582036,170.73098754882812,830,hit,1.532607710716936,16.599999999999735,168.0661838939433
8,1027,1583216,173.38705444335938,1306,hit,4.15958271816858,26.119999999999532,174.00936214028363
8,1028,1584296,180.3540802001953,1000,hit,3.777937494767986,19.999999999999662,171.66287302132355
8,1029,1585728,-12.136787414550781,2250,timeout,5.9026542100031945,45.000000000001435,-82.93944566247103
8,1030,1585744,155.99282836914062,927,hit,4.933027300810125,18.539999999999694,173.77903019913276
8,1031,1587444,150.91226196289062,787,hit,4.752931303264179,15.739999999999753,161.19794219259975
8,1032,1589500,181.57666015625,943,hit,2.881602272030267,18.859999999999687,172.76095292833725
8,1033,1589736,135.60072326660156,998,hit,4.324526387257175,19.959999999999663,152.22139407588227
8,1034,1591920,154.475341796875,1119,hit,4.395684476251869,22.37999999999961,163.7560468512301
8,1035,1592160,-28.054424285888672,2236,miss,9.651339476614245,44.72000000000139,-84.74618637881154
8,1036,1593900,165.11862182617188,1041,hit,4.834096725096085,20.819999999999645,158.85579912695002
8,1037,1594560,160.54885864257812,660,hit,2.035513972967567,13.199999999999807,156.9879436763247
8,1038,1596684,150.04830932617188,696,hit,4.199828426956597,13.919999999999792,156.70147079865717
8,1039,1597816,169.51075744628906,814,hit,1.6345709422630519,16.279999999999742,170.20550176728892
8,1040,1598500,3.8533477783203125,2250,timeout,6.332933259828451,45.000000000001435,-63.61962457422256
8,1041,1601160,-27.40963363647461,2250,timeout,6.2671208457402265,45.000000000001435,-103.65930281512797
8,1042,1601608,168.42193603515625,1231,hit,4.443334691418835,24.619999999999564,152.81993707840883
8,1043,1602792,158.2519989013672,1073,hit,3.2667358385023917,21.45999999999963,158.27253121308274
8,1044,1604336,177.4830322265625,794,hit,0.7913866741340466,15.87999999999975,165.01729015869893
8,1045,1604652,148.75010681152344,761,hit,4.57230649988055,15.219999999999764,161.45477918801177
8,1046,1605288,-30.06723403930664,1868,miss,9.109412951296196,37.36000000000024,-72.954768690077
8,1047,1607244,180.38528442382812,1113,hit,2.3065682557951255,22.259999999999614,170.80860922170444
8,1048,1609904,183.3863067626953,1392,hit,4.310365408360939,27.839999999999495,164.27132209451258
8,1049,1610132,177.4247589111328,1211,hit,3.717476970616421,24.219999999999573,171.94282733239078
8,1050,1611156,163.75588989257812,978,hit,4.031269975478291,19.559999999999672,169.8171523564299
8,1051,1613228,175.80584716796875,831,hit,2.2191039130346426,16.619999999999735,169.7595033821674
8,1052,1613384,177.59756469726562,813,hit,2.0952303222583457,16.259999999999742,172.50153385832624
8,1053,1613652,-17.357383728027344,2250,timeout,5.3806577558687865,45.000000000001435,-93.08295054168923
8,1054,1616252,166.75198364257812,1274,hit,4.235038469313275,25.479999999999546,161.59009107704642
8,1055,1617268,179.69882202148438,904,hit,0.8882044923838921,18.079999999999703,169.38928057884317
8,1056,1618988,169.88851928710938,684,hit,1.3472516457222823,13.679999999999797,159.73860771059077
8,1057,1619440,178.49415588378906,1553,hit,2.7959898080184873,31.059999999999427,167.84909789805917
8,1058,1622020,159.88473510742188,758,hit,3.6071730913305236,15.159999999999766,161.07930316727038
8,1059,1622384,-7.5860748291015625,2250,timeout,13.641693058453553,45.000000000001435,-68.50993872490523
8,1060,1625384,177.40126037597656,750,hit,1.675128503397903,14.999999999999769,163.5333878988967
8,1061,1626076,28.786746978759766,1659,miss,7.921938109161604,33.17999999999959,-40.970858798329914
8,1062,1626268,-20.50542640686035,2250,timeout,9.376931656445251,45.000000000001435,-68.42931625199144
8,1063,1627760,163.889404296875,1435,hit,3.5178079054979148,28.699999999999477,163.3300718039652
8,1064,1629056,163.6614990234375,745,hit,3.530896415191795,14.899999999999771,165.03553191818628
8,1065,1629892,175.75111389160156,906,hit,3.967867649078885,18.119999999999703,172.62278373861557
8,1066,1630444,155.66429138183594,1265,hit,4.578938019651654,25.29999999999955,161.76590148394226
8,1067,1633304,150.76023864746094,1062,hit,4.471271006864883,21.239999999999636,164.63051092539467
8,1068,1634616,165.15185546875,1043,hit,3.1875334796767993,20.859999999999644,159.2739368078137
8,1069,1636760,-26.424339294433594,2250,timeout,6.487657058601241,45.000000000001435,-93.74999290934575
8,1070,1636768,162.7239990234375,866,hit,3.298674899217529,17.31999999999972,169.40082568824923
8,1071,1637760,162.6875457763672,786,hit,2.1603990213079527,15.719999999999754,161.1201070517661
