CP7: evasive lineage | max_time=45s t_go_max=10s | tracking=True | obs=12-D | miss_tanh_scale=3000m shaping_gamma=1 effort_weight=5 precision_weight=50 -> out=outputs/precision_ft/seed3_pw50
---------------------------------
| rollout/           |          |
|    ep_len_mean     | 1.33e+03 |
|    ep_rew_mean     | 84.2     |
| time/              |          |
|    fps             | 1649     |
|    iterations      | 1        |
|    time_elapsed    | 1        |
|    total_timesteps | 1230848  |
---------------------------------
-----------------------------------------
| rollout/                |             |
|    ep_len_mean          | 1.31e+03    |
|    ep_rew_mean          | 86.1        |
| time/                   |             |
|    fps                  | 821         |
|    iterations           | 2           |
|    time_elapsed         | 4           |
|    total_timesteps      | 1232896     |
| train/                  |             |
|    approx_kl            | 0.024184924 |
|    clip_fraction        | 0.168       |
|    clip_range           | 0.2         |
|    entropy_loss         | -2.11       |
|    explained_variance   | 0.862       |
|    learning_rate        | 0.0003      |
|    loss                 | 2.93        |
|    n_updates            | 3005        |
|    policy_gradient_loss | -0.0014     |
|    std                  | 0.693       |
|    value_loss           | 6.06        |
-----------------------------------------
-----------------------------------------
| rollout/                |             |
|    ep_len_mean          | 1.31e+03    |
|    ep_rew_mean          | 88.8        |
| time/                   |             |
|    fps                  | 728         |
|    iterations           | 3           |
|    time_elapsed         | 8           |
|    total_timesteps      | 1234944     |
| train/                  |             |
|    approx_kl            | 0.021686504 |
|    clip_fraction        | 0.174       |
|    clip_range           | 0.2         |
|    entropy_loss         | -2.1        |
|    explained_variance   | 0.66        |
|    learning_rate        | 0.0003      |
|    loss                 | 3.48        |
|    n_updates            | 3010        |
|    policy_gradient_loss | 0.0078      |
|    std                  | 0.693       |
|    value_loss           | 46.9        |
-----------------------------------------
-----------------------------------------
| rollout/                |             |
|    ep_len_mean          | 1.3e+03     |
|    ep_rew_mean          | 90.9        |
| time/                   |             |
|    fps                  | 686         |
|    iterations           | 4           |
|    time_elapsed         | 11          |
|    total_timesteps      | 1236992     |
| train/                  |             |
|    approx_kl            | 0.007403315 |
|    clip_fraction        | 0.0585      |
|    clip_range           | 0.2         |
|    entropy_loss         | -2.1        |
|    explained_variance   | 0.381       |
|    learning_rate        | 0.0003      |
|    loss                 | 221         |
|    n_updates            | 3015        |
|    policy_gradient_loss | -1.19e-05   |
|    std                  | 0.693       |
|    value_loss           | 162         |
-----------------------------------------
------------------------------------------
| rollout/                |              |
|    ep_len_mean          | 1.29e+03     |
|    ep_rew_mean          | 92.2         |
| time/                   |              |
|    fps                  | 655          |
|    iterations           | 5            |
|    time_elapsed         | 15           |
|    total_timesteps      | 1239040      |
| train/                  |              |
|    approx_kl            | 0.0073603773 |
|    clip_fraction        | 0.0825       |
|    clip_range           | 0.2          |
|    entropy_loss         | -2.1         |
|    explained_variance   | 0.649        |
|    learning_rate        | 0.0003       |
|    loss                 | 1.47         |
|    n_updates            | 3020         |
|    policy_gradient_loss | -0.00243     |
|    std                  | 0.693        |
|    value_loss           | 80           |
------------------------------------------
-----------------------------------------
| rollout/                |             |
|    ep_len_mean          | 1.29e+03    |
|    ep_rew_mean          | 92.5        |
| time/                   |             |
|    fps                  | 634         |
|    iterations           | 6           |
|    time_elapsed         | 19          |
|    total_timesteps      | 1241088     |
| train/                  |             |
|    approx_kl            | 0.014666725 |
|    clip_fraction        | 0.149       |
|    clip_range           | 0.2         |
|    entropy_loss         | -2.1        |
|    explained_variance   | 0.524       |
|    learning_rate        | 0.0003      |
|    loss                 | 0.0596      |
|    n_updates            | 3025        |
|    policy_gradient_loss | 0.00573     |
|    std                  | 0.692       |
|    value_loss           | 145         |
-----------------------------------------
-----------------------------------------
| rollout/                |             |
|    ep_len_mean          | 1.29e+03    |
|    ep_rew_mean          | 92.5        |
| time/                   |             |
|    fps                  | 630         |
|    iterations           | 7           |
|    time_elapsed         | 22          |
|    total_timesteps      | 1243136     |
| train/                  |             |
|    approx_kl            | 0.007039896 |
|    clip_fraction        | 0.0985      |
|    clip_range           | 0.2         |
|    entropy_loss         | -2.1        |
|    explained_variance   | 0.649       |
|    learning_rate        | 0.0003      |
|    loss                 | 3.23        |
|    n_updates            | 3030        |
|    policy_gradient_loss | -0.00343    |
|    std                  | 0.693       |
|    value_loss           | 47.7        |
-----------------------------------------
------------------------------------------
| rollout/                |              |
|    ep_len_mean          | 1.3e+03      |
|    ep_rew_mean          | 94.5         |
| time/                   |              |
|    fps                  | 641          |
|    iterations           | 8            |
|    time_elapsed         | 25           |
|    total_timesteps      | 1245184      |
| train/                  |              |
|    approx_kl            | 0.0061331643 |
|    clip_fraction        | 0.162        |
|    clip_range           | 0.2          |
|    entropy_loss         | -2.1         |
|    explained_variance   | 0.464        |
|    learning_rate        | 0.0003       |
|    loss                 | 4.18         |
|    n_updates            | 3035         |
|    policy_gradient_loss | 0.00625      |
|    std                  | 0.693        |
|    value_loss           | 28.3         |
------------------------------------------
------------------------------------------
| rollout/                |              |
|    ep_len_mean          | 1.3e+03      |
|    ep_rew_mean          | 93.4         |
| time/                   |              |
|    fps                  | 648          |
|    iterations           | 9            |
|    time_elapsed         | 28           |
|    total_timesteps      | 1247232      |
| train/                  |              |
|    approx_kl            | 0.0033737114 |
|    clip_fraction        | 0.0305       |
|    clip_range           | 0.2          |
|    entropy_loss         | -2.1         |
|    explained_variance   | 0.521        |
|    learning_rate        | 0.0003       |
|    loss                 | 177          |
|    n_updates            | 3040         |
|    policy_gradient_loss | -0.00219     |
|    std                  | 0.693        |
|    value_loss           | 112          |
------------------------------------------
-----------------------------------------
| rollout/                |             |
|    ep_len_mean          | 1.3e+03     |
|    ep_rew_mean          | 93.4        |
| time/                   |             |
|    fps                  | 647         |
|    iterations           | 10          |
|    time_elapsed         | 31          |
|    total_timesteps      | 1249280     |
| train/                  |             |
|    approx_kl            | 0.004942006 |
|    clip_fraction        | 0.0673      |
|    clip_range           | 0.2         |
|    entropy_loss         | -2.1        |
|    explained_variance   | 0.673       |
|    learning_rate        | 0.0003      |
|    loss                 | 2.12        |
|    n_updates            | 3045        |
|    policy_gradient_loss | -0.00163    |
|    std                  | 0.693       |
|    value_loss           | 68.5        |
-----------------------------------------
------------------------------------------
| rollout/                |              |
|    ep_len_mean          | 1.31e+03     |
|    ep_rew_mean          | 94.4         |
| time/                   |              |
|    fps                  | 654          |
|    iterations           | 11           |
|    time_elapsed         | 34           |
|    total_timesteps      | 1251328      |
| train/                  |              |
|    approx_kl            | 0.0074454197 |
|    clip_fraction        | 0.0614       |
|    clip_range           | 0.2          |
|    entropy_loss         | -2.1         |
|    explained_variance   | 0.96         |
|    learning_rate        | 0.0003       |
|    loss                 | 3.26         |
|    n_updates            | 3050         |
|    policy_gradient_loss | -0.00441     |
|    std                  | 0.692        |
|    value_loss           | 7.57         |
------------------------------------------
-----------------------------------------
| rollout/                |             |
|    ep_len_mean          | 1.31e+03    |
|    ep_rew_mean          | 94.4        |
| time/                   |             |
|    fps                  | 653         |
|    iterations           | 12          |
|    time_elapsed         | 37          |
|    total_timesteps      | 1253376     |
| train/                  |             |
|    approx_kl            | 0.010108672 |
|    clip_fraction        | 0.073       |
|    clip_range           | 0.2         |
|    entropy_loss         | -2.1        |
|    explained_variance   | 0.606       |
|    learning_rate        | 0.0003      |
|    loss                 | 70          |
|    n_updates            | 3055        |
|    policy_gradient_loss | -0.0022     |
|    std                  | 0.692       |
|    value_loss           | 109         |
-----------------------------------------
-----------------------------------------
| rollout/                |             |
|    ep_len_mean          | 1.31e+03    |
|    ep_rew_mean          | 95          |
| time/                   |             |
|    fps                  | 656         |
|    iterations           | 13          |
|    time_elapsed         | 40          |
|    total_timesteps      | 1255424     |
| train/                  |             |
|    approx_kl            | 0.012811449 |
|    clip_fraction        | 0.0822      |
|    clip_range           | 0.2         |
|    entropy_loss         | -2.1        |
|    explained_variance   | 0.761       |
|    learning_rate        | 0.0003      |
|    loss                 | 2.51        |
|    n_updates            | 3060        |
|    policy_gradient_loss | -0.00106    |
|    std                  | 0.692       |
|    value_loss           | 34.2        |
-----------------------------------------
-----------------------------------------
| rollout/                |             |
|    ep_len_mean          | 1.3e+03     |
|    ep_rew_mean          | 95.3        |
| time/                   |             |
|    fps                  | 654         |
|    iterations           | 14          |
|    time_elapsed         | 43          |
|    total_timesteps      | 1257472     |
| train/                  |             |
|    approx_kl            | 0.025849704 |
|    clip_fraction        | 0.133       |
|    clip_range           | 0.2         |
|    entropy_loss         | -2.1        |
|    explained_variance   | 0.747       |
|    learning_rate        | 0.0003      |
|    loss                 | 3.38        |
|    n_updates            | 3065        |
|    policy_gradient_loss | 0.00715     |
|    std                  | 0.69        |
|    value_loss           | 72.4        |
-----------------------------------------
-----------------------------------------
| rollout/                |             |
|    ep_len_mean          | 1.32e+03    |
|    ep_rew_mean          | 92.7        |
| time/                   |             |
|    fps                  | 660         |
|    iterations           | 15          |
|    time_elapsed         | 46          |
|    total_timesteps      | 1259520     |
| train/                  |             |
|    approx_kl            | 0.008214441 |
|    clip_fraction        | 0.0777      |
|    clip_range           | 0.2         |
|    entropy_loss         | -2.09       |
|    explained_variance   | 0.839       |
|    learning_rate        | 0.0003      |
|    loss                 | 6.76        |
|    n_updates            | 3070        |
|    policy_gradient_loss | -0.00314    |
|    std                  | 0.69        |
|    value_loss           | 38.8        |
-----------------------------------------
------------------------------------------
| rollout/                |              |
|    ep_len_mean          | 1.32e+03     |
|    ep_rew_mean          | 93           |
| time/                   |              |
|    fps                  | 662          |
|    iterations           | 16           |
|    time_elapsed         | 49           |
|    total_timesteps      | 1261568      |
| train/                  |              |
|    approx_kl            | 0.0072210124 |
|    clip_fraction        | 0.148        |
|    clip_range           | 0.2          |
|    entropy_loss         | -2.09        |
|    explained_variance   | 0.734        |
|    learning_rate        | 0.0003       |
|    loss                 | 1.55         |
|    n_updates            | 3075         |
|    policy_gradient_loss | 0.00359      |
|    std                  | 0.689        |
|    value_loss           | 96           |
------------------------------------------
------------------------------------------
| rollout/                |              |
|    ep_len_mean          | 1.31e+03     |
|    ep_rew_mean          | 95.2         |
| time/                   |              |
|    fps                  | 664          |
|    iterations           | 17           |
|    time_elapsed         | 52           |
|    total_timesteps      | 1263616      |
| train/                  |              |
|    approx_kl            | 0.0077637243 |
|    clip_fraction        | 0.0381       |
|    clip_range           | 0.2          |
|    entropy_loss         | -2.09        |
|    explained_variance   | 0.833        |
|    learning_rate        | 0.0003       |
|    loss                 | 1.89         |
|    n_updates            | 3080         |
|    policy_gradient_loss | -0.00136     |
|    std                  | 0.69         |
|    value_loss           | 40.9         |
------------------------------------------
-----------------------------------------
| rollout/                |             |
|    ep_len_mean          | 1.31e+03    |
|    ep_rew_mean          | 95.2        |
| time/                   |             |
|    fps                  | 667         |
|    iterations           | 18          |
|    time_elapsed         | 55          |
|    total_timesteps      | 1265664     |
| train/                  |             |
|    approx_kl            | 0.011065253 |
|    clip_fraction        | 0.378       |
|    clip_range           | 0.2         |
|    entropy_loss         | -2.09       |
|    explained_variance   | 0.736       |
|    learning_rate        | 0.0003      |
|    loss                 | 112         |
|    n_updates            | 3085        |
|    policy_gradient_loss | 0.0319      |
|    std                  | 0.69        |
|    value_loss           | 114         |
-----------------------------------------
-----------------------------------------
| rollout/                |             |
|    ep_len_mean          | 1.28e+03    |
|    ep_rew_mean          | 98.2        |
| time/                   |             |
|    fps                  | 675         |
|    iterations           | 19          |
|    time_elapsed         | 57          |
|    total_timesteps      | 1267712     |
| train/                  |             |
|    approx_kl            | 0.003993544 |
|    clip_fraction        | 0.0729      |
|    clip_range           | 0.2         |
|    entropy_loss         | -2.09       |
|    explained_variance   | 0.837       |
|    learning_rate        | 0.0003      |
|    loss                 | 3.89        |
|    n_updates            | 3090        |
|    policy_gradient_loss | 0.000247    |
|    std                  | 0.689       |
|    value_loss           | 34.9        |
-----------------------------------------
-----------------------------------------
| rollout/                |             |
|    ep_len_mean          | 1.28e+03    |
|    ep_rew_mean          | 98.5        |
| time/                   |             |
|    fps                  | 673         |
|    iterations           | 20          |
|    time_elapsed         | 60          |
|    total_timesteps      | 1269760     |
| train/                  |             |
|    approx_kl            | 0.014133887 |
|    clip_fraction        | 0.059       |
|    clip_range           | 0.2         |
|    entropy_loss         | -2.09       |
|    explained_variance   | 0.723       |
|    learning_rate        | 0.0003      |
|    loss                 | 25.1        |
|    n_updates            | 3095        |
|    policy_gradient_loss | 9.91e-05    |
|    std                  | 0.688       |
|    value_loss           | 119         |
-----------------------------------------
-----------------------------------------
| rollout/                |             |
|    ep_len_mean          | 1.29e+03    |
|    ep_rew_mean          | 98.2        |
| time/                   |             |
|    fps                  | 674         |
|    iterations           | 21          |
|    time_elapsed         | 63          |
|    total_timesteps      | 1271808     |
| train/                  |             |
|    approx_kl            | 0.006218854 |
|    clip_fraction        | 0.103       |
|    clip_range           | 0.2         |
|    entropy_loss         | -2.09       |
|    explained_variance   | 0.804       |
|    learning_rate        | 0.0003      |
|    loss                 | 0.872       |
|    n_updates            | 3100        |
|    policy_gradient_loss | -0.00215    |
|    std                  | 0.689       |
|    value_loss           | 77.4        |
-----------------------------------------
-----------------------------------------
| rollout/                |             |
|    ep_len_mean          | 1.27e+03    |
|    ep_rew_mean          | 100         |
| time/                   |             |
|    fps                  | 674         |
|    iterations           | 22          |
|    time_elapsed         | 66          |
|    total_timesteps      | 1273856     |
| train/                  |             |
|    approx_kl            | 0.004345366 |
|    clip_fraction        | 0.0647      |
|    clip_range           | 0.2         |
|    entropy_loss         | -2.09       |
|    explained_variance   | 0.764       |
|    learning_rate        | 0.0003      |
|    loss                 | 3.05        |
|    n_updates            | 3105        |
|    policy_gradient_loss | -0.0036     |
|    std                  | 0.689       |
|    value_loss           | 21.7        |
-----------------------------------------
-----------------------------------------
| rollout/                |             |
|    ep_len_mean          | 1.29e+03    |
|    ep_rew_mean          | 98.6        |
| time/                   |             |
|    fps                  | 673         |
|    iterations           | 23          |
|    time_elapsed         | 69          |
|    total_timesteps      | 1275904     |
| train/                  |             |
|    approx_kl            | 0.014130868 |
|    clip_fraction        | 0.19        |
|    clip_range           | 0.2         |
|    entropy_loss         | -2.09       |
|    explained_variance   | 0.626       |
|    learning_rate        | 0.0003      |
|    loss                 | 2.22        |
|    n_updates            | 3110        |
|    policy_gradient_loss | 0.00772     |
|    std                  | 0.689       |
|    value_loss           | 52.1        |
-----------------------------------------
----------------------------------------
| rollout/                |            |
|    ep_len_mean          | 1.29e+03   |
|    ep_rew_mean          | 99         |
| time/                   |            |
|    fps                  | 674        |
|    iterations           | 24         |
|    time_elapsed         | 72         |
|    total_timesteps      | 1277952    |
| train/                  |            |
|    approx_kl            | 0.03057408 |
|    clip_fraction        | 0.144      |
|    clip_range           | 0.2        |
|    entropy_loss         | -2.09      |
|    explained_variance   | 0.783      |
|    learning_rate        | 0.0003     |
|    loss                 | 21.4       |
|    n_updates            | 3115       |
|    policy_gradient_loss | 0.00583    |
|    std                  | 0.689      |
|    value_loss           | 60.9       |
----------------------------------------
----------------------------------------
| rollout/                |            |
|    ep_len_mean          | 1.29e+03   |
|    ep_rew_mean          | 100        |
| time/                   |            |
|    fps                  | 673        |
|    iterations           | 25         |
|    time_elapsed         | 75         |
|    total_timesteps      | 1280000    |
| train/                  |            |
|    approx_kl            | 0.07201932 |
|    clip_fraction        | 0.265      |
|    clip_range           | 0.2        |
|    entropy_loss         | -2.09      |
|    explained_variance   | 0.716      |
|    learning_rate        | 0.0003     |
|    loss                 | 2.34       |
|    n_updates            | 3120       |
|    policy_gradient_loss | 0.0236     |
|    std                  | 0.689      |
|    value_loss           | 46.1       |
----------------------------------------
----------------------------------------
| rollout/                |            |
|    ep_len_mean          | 1.3e+03    |
|    ep_rew_mean          | 101        |
| time/                   |            |
|    fps                  | 673        |
|    iterations           | 26         |
|    time_elapsed         | 79         |
|    total_timesteps      | 1282048    |
| train/                  |            |
|    approx_kl            | 0.01485692 |
|    clip_fraction        | 0.119      |
|    clip_range           | 0.2        |
|    entropy_loss         | -2.09      |
|    explained_variance   | 0.65       |
|    learning_rate        | 0.0003     |
|    loss                 | 1.7        |
|    n_updates            | 3125       |
|    policy_gradient_loss | -0.000136  |
|    std                  | 0.689      |
|    value_loss           | 58.9       |
----------------------------------------
-----------------------------------------
| rollout/                |             |
|    ep_len_mean          | 1.29e+03    |
|    ep_rew_mean          | 103         |
| time/                   |             |
|    fps                  | 671         |
|    iterations           | 27          |
|    time_elapsed         | 82          |
|    total_timesteps      | 1284096     |
| train/                  |             |
|    approx_kl            | 0.004405757 |
|    clip_fraction        | 0.0365      |
|    clip_range           | 0.2         |
|    entropy_loss         | -2.09       |
|    explained_variance   | 0.494       |
|    learning_rate        | 0.0003      |
|    loss                 | 2.77        |
|    n_updates            | 3130        |
|    policy_gradient_loss | -0.000146   |
|    std                  | 0.688       |
|    value_loss           | 95.3        |
-----------------------------------------
------------------------------------------
| rollout/                |              |
|    ep_len_mean          | 1.29e+03     |
|    ep_rew_mean          | 103          |
| time/                   |              |
|    fps                  | 673          |
|    iterations           | 28           |
|    time_elapsed         | 85           |
|    total_timesteps      | 1286144      |
| train/                  |              |
|    approx_kl            | 0.0086162705 |
|    clip_fraction        | 0.0814       |
|    clip_range           | 0.2          |
|    entropy_loss         | -2.09        |
|    explained_variance   | 0.781        |
|    learning_rate        | 0.0003       |
|    loss                 | 226          |
|    n_updates            | 3135         |
|    policy_gradient_loss | -0.00388     |
|    std                  | 0.689        |
|    value_loss           | 95.3         |
------------------------------------------
-----------------------------------------
| rollout/                |             |
|    ep_len_mean          | 1.29e+03    |
|    ep_rew_mean          | 103         |
| time/                   |             |
|    fps                  | 679         |
|    iterations           | 29          |
|    time_elapsed         | 87          |
|    total_timesteps      | 1288192     |
| train/                  |             |
|    approx_kl            | 0.009808364 |
|    clip_fraction        | 0.0637      |
|    clip_range           | 0.2         |
|    entropy_loss         | -2.09       |
|    explained_variance   | 0.768       |
|    learning_rate        | 0.0003      |
|    loss                 | 2.31        |
|    n_updates            | 3140        |
|    policy_gradient_loss | -0.000178   |
|    std                  | 0.688       |
|    value_loss           | 51.9        |
-----------------------------------------
----------------------------------------
| rollout/                |            |
|    ep_len_mean          | 1.29e+03   |
|    ep_rew_mean          | 103        |
| time/                   |            |
|    fps                  | 684        |
|    iterations           | 30         |
|    time_elapsed         | 89         |
|    total_timesteps      | 1290240    |
| train/                  |            |
|    approx_kl            | 0.00520678 |
|    clip_fraction        | 0.0325     |
|    clip_range           | 0.2        |
|    entropy_loss         | -2.09      |
|    explained_variance   | 0.716      |
|    learning_rate        | 0.0003     |
|    loss                 | 2.6        |
|    n_updates            | 3145       |
|    policy_gradient_loss | -0.0016    |
|    std                  | 0.687      |
|    value_loss           | 77.5       |
----------------------------------------
-----------------------------------------
| rollout/                |             |
|    ep_len_mean          | 1.29e+03    |
|    ep_rew_mean          | 104         |
| time/                   |             |
|    fps                  | 689         |
|    iterations           | 31          |
|    time_elapsed         | 92          |
|    total_timesteps      | 1292288     |
| train/                  |             |
|    approx_kl            | 0.015157896 |
|    clip_fraction        | 0.0754      |
|    clip_range           | 0.2         |
|    entropy_loss         | -2.08       |
|    explained_variance   | 0.774       |
|    learning_rate        | 0.0003      |
|    loss                 | 0.694       |
|    n_updates            | 3150        |
|    policy_gradient_loss | 0.0018      |
|    std                  | 0.687       |
|    value_loss           | 24.3        |
-----------------------------------------
----------------------------------------
| rollout/                |            |
|    ep_len_mean          | 1.29e+03   |
|    ep_rew_mean          | 104        |
| time/                   |            |
|    fps                  | 694        |
|    iterations           | 32         |
|    time_elapsed         | 94         |
|    total_timesteps      | 1294336    |
| train/                  |            |
|    approx_kl            | 0.07561038 |
|    clip_fraction        | 0.262      |
|    clip_range           | 0.2        |
|    entropy_loss         | -2.08      |
|    explained_variance   | 0.71       |
|    learning_rate        | 0.0003     |
|    loss                 | 0.843      |
|    n_updates            | 3155       |
|    policy_gradient_loss | 0.0265     |
|    std                  | 0.687      |
|    value_loss           | 101        |
----------------------------------------
-----------------------------------------
| rollout/                |             |
|    ep_len_mean          | 1.29e+03    |
|    ep_rew_mean          | 105         |
| time/                   |             |
|    fps                  | 703         |
|    iterations           | 33          |
|    time_elapsed         | 96          |
|    total_timesteps      | 1296384     |
| train/                  |             |
|    approx_kl            | 0.008598369 |
|    clip_fraction        | 0.0842      |
|    clip_range           | 0.2         |
|    entropy_loss         | -2.08       |
|    explained_variance   | 0.865       |
|    learning_rate        | 0.0003      |
|    loss                 | 5.31        |
|    n_updates            | 3160        |
|    policy_gradient_loss | -0.00534    |
|    std                  | 0.685       |
|    value_loss           | 4.58        |
-----------------------------------------
-----------------------------------------
| rollout/                |             |
|    ep_len_mean          | 1.27e+03    |
|    ep_rew_mean          | 107         |
| time/                   |             |
|    fps                  | 708         |
|    iterations           | 34          |
|    time_elapsed         | 98          |
|    total_timesteps      | 1298432     |
| train/                  |             |
|    approx_kl            | 0.018255655 |
|    clip_fraction        | 0.229       |
|    clip_range           | 0.2         |
|    entropy_loss         | -2.08       |
|    explained_variance   | 0.651       |
|    learning_rate        | 0.0003      |
|    loss                 | 3.58        |
|    n_updates            | 3165        |
|    policy_gradient_loss | 0.00905     |
|    std                  | 0.684       |
|    value_loss           | 120         |
-----------------------------------------
-----------------------------------------
| rollout/                |             |
|    ep_len_mean          | 1.27e+03    |
|    ep_rew_mean          | 108         |
| time/                   |             |
|    fps                  | 714         |
|    iterations           | 35          |
|    time_elapsed         | 100         |
|    total_timesteps      | 1300480     |
| train/                  |             |
|    approx_kl            | 0.010026159 |
|    clip_fraction        | 0.12        |
|    clip_range           | 0.2         |
|    entropy_loss         | -2.08       |
|    explained_variance   | 0.737       |
|    learning_rate        | 0.0003      |
|    loss                 | 2.74        |
|    n_updates            | 3170        |
|    policy_gradient_loss | 0.00232     |
|    std                  | 0.685       |
|    value_loss           | 62.4        |
-----------------------------------------
-----------------------------------------
| rollout/                |             |
|    ep_len_mean          | 1.24e+03    |
|    ep_rew_mean          | 112         |
| time/                   |             |
|    fps                  | 721         |
|    iterations           | 36          |
|    time_elapsed         | 102         |
|    total_timesteps      | 1302528     |
| train/                  |             |
|    approx_kl            | 0.011668357 |
|    clip_fraction        | 0.0672      |
|    clip_range           | 0.2         |
|    entropy_loss         | -2.08       |
|    explained_variance   | 0.718       |
|    learning_rate        | 0.0003      |
|    loss                 | 2.2         |
|    n_updates            | 3175        |
|    policy_gradient_loss | -0.00224    |
|    std                  | 0.685       |
|    value_loss           | 44.7        |
-----------------------------------------
-----------------------------------------
| rollout/                |             |
|    ep_len_mean          | 1.25e+03    |
|    ep_rew_mean          | 112         |
| time/                   |             |
|    fps                  | 726         |
|    iterations           | 37          |
|    time_elapsed         | 104         |
|    total_timesteps      | 1304576     |
| train/                  |             |
|    approx_kl            | 0.009053484 |
|    clip_fraction        | 0.0863      |
|    clip_range           | 0.2         |
|    entropy_loss         | -2.08       |
|    explained_variance   | 0.648       |
|    learning_rate        | 0.0003      |
|    loss                 | 130         |
|    n_updates            | 3180        |
|    policy_gradient_loss | -0.00418    |
|    std                  | 0.685       |
|    value_loss           | 105         |
-----------------------------------------
------------------------------------------
| rollout/                |              |
|    ep_len_mean          | 1.23e+03     |
|    ep_rew_mean          | 113          |
| time/                   |              |
|    fps                  | 732          |
|    iterations           | 38           |
|    time_elapsed         | 106          |
|    total_timesteps      | 1306624      |
| train/                  |              |
|    approx_kl            | 0.0070776134 |
|    clip_fraction        | 0.049        |
|    clip_range           | 0.2          |
|    entropy_loss         | -2.08        |
|    explained_variance   | 0.75         |
|    learning_rate        | 0.0003       |
|    loss                 | 0.676        |
|    n_updates            | 3185         |
|    policy_gradient_loss | -0.00249     |
|    std                  | 0.685        |
|    value_loss           | 64.6         |
------------------------------------------
------------------------------------------
| rollout/                |              |
|    ep_len_mean          | 1.25e+03     |
|    ep_rew_mean          | 112          |
| time/                   |              |
|    fps                  | 737          |
|    iterations           | 39           |
|    time_elapsed         | 108          |
|    total_timesteps      | 1308672      |
| train/                  |              |
|    approx_kl            | 0.0035578832 |
|    clip_fraction        | 0.0332       |
|    clip_range           | 0.2          |
|    entropy_loss         | -2.08        |
|    explained_variance   | 0.659        |
|    learning_rate        | 0.0003       |
|    loss                 | 2.4          |
|    n_updates            | 3190         |
|    policy_gradient_loss | -0.000203    |
|    std                  | 0.685        |
|    value_loss           | 70.7         |
------------------------------------------
-----------------------------------------
| rollout/                |             |
|    ep_len_mean          | 1.25e+03    |
|    ep_rew_mean          | 113         |
| time/                   |             |
|    fps                  | 740         |
|    iterations           | 40          |
|    time_elapsed         | 110         |
|    total_timesteps      | 1310720     |
| train/                  |             |
|    approx_kl            | 0.011398751 |
|    clip_fraction        | 0.134       |
|    clip_range           | 0.2         |
|    entropy_loss         | -2.08       |
|    explained_variance   | 0.639       |
|    learning_rate        | 0.0003      |
|    loss                 | 2.29        |
|    n_updates            | 3195        |
|    policy_gradient_loss | 0.00267     |
|    std                  | 0.686       |
|    value_loss           | 15.2        |
-----------------------------------------
----------------------------------------
| rollout/                |            |
|    ep_len_mean          | 1.22e+03   |
|    ep_rew_mean          | 116        |
| time/                   |            |
|    fps                  | 742        |
|    iterations           | 41         |
|    time_elapsed         | 113        |
|    total_timesteps      | 1312768    |
| train/                  |            |
|    approx_kl            | 0.00562039 |
|    clip_fraction        | 0.126      |
|    clip_range           | 0.2        |
|    entropy_loss         | -2.08      |
|    explained_variance   | 0.445      |
|    learning_rate        | 0.0003     |
|    loss                 | 160        |
|    n_updates            | 3200       |
|    policy_gradient_loss | -0.000869  |
|    std                  | 0.686      |
|    value_loss           | 126        |
----------------------------------------
-----------------------------------------
| rollout/                |             |
|    ep_len_mean          | 1.2e+03     |
|    ep_rew_mean          | 120         |
| time/                   |             |
|    fps                  | 743         |
|    iterations           | 42          |
|    time_elapsed         | 115         |
|    total_timesteps      | 1314816     |
| train/                  |             |
|    approx_kl            | 0.003620346 |
|    clip_fraction        | 0.109       |
|    clip_range           | 0.2         |
|    entropy_loss         | -2.08       |
|    explained_variance   | 0.563       |
|    learning_rate        | 0.0003      |
|    loss                 | 1.77        |
|    n_updates            | 3205        |
|    policy_gradient_loss | -0.0014     |
|    std                  | 0.686       |
|    value_loss           | 110         |
-----------------------------------------
-----------------------------------------
| rollout/                |             |
|    ep_len_mean          | 1.19e+03    |
|    ep_rew_mean          | 120         |
| time/                   |             |
|    fps                  | 746         |
|    iterations           | 43          |
|    time_elapsed         | 118         |
|    total_timesteps      | 1316864     |
| train/                  |             |
|    approx_kl            | 0.023282174 |
|    clip_fraction        | 0.103       |
|    clip_range           | 0.2         |
|    entropy_loss         | -2.08       |
|    explained_variance   | 0.74        |
|    learning_rate        | 0.0003      |
|    loss                 | 131         |
|    n_updates            | 3210        |
|    policy_gradient_loss | 0.00427     |
|    std                  | 0.685       |
|    value_loss           | 71.6        |
-----------------------------------------
----------------------------------------
| rollout/                |            |
|    ep_len_mean          | 1.2e+03    |
|    ep_rew_mean          | 120        |
| time/                   |            |
|    fps                  | 749        |
|    iterations           | 44         |
|    time_elapsed         | 120        |
|    total_timesteps      | 1318912    |
| train/                  |            |
|    approx_kl            | 0.18623395 |
|    clip_fraction        | 0.306      |
|    clip_range           | 0.2        |
|    entropy_loss         | -2.08      |
|    explained_variance   | 0.787      |
|    learning_rate        | 0.0003     |
|    loss                 | 1.77       |
|    n_updates            | 3215       |
|    policy_gradient_loss | 0.0363     |
|    std                  | 0.686      |
|    value_loss           | 31         |
----------------------------------------
------------------------------------------
| rollout/                |              |
|    ep_len_mean          | 1.2e+03      |
|    ep_rew_mean          | 121          |
| time/                   |              |
|    fps                  | 752          |
|    iterations           | 45           |
|    time_elapsed         | 122          |
|    total_timesteps      | 1320960      |
| train/                  |              |
|    approx_kl            | 0.0066647166 |
|    clip_fraction        | 0.184        |
|    clip_range           | 0.2          |
|    entropy_loss         | -2.08        |
|    explained_variance   | 0.668        |
|    learning_rate        | 0.0003       |
|    loss                 | 2.59         |
|    n_updates            | 3220         |
|    policy_gradient_loss | 0.00451      |
|    std                  | 0.686        |
|    value_loss           | 45.8         |
------------------------------------------
-----------------------------------------
| rollout/                |             |
|    ep_len_mean          | 1.2e+03     |
|    ep_rew_mean          | 121         |
| time/                   |             |
|    fps                  | 755         |
|    iterations           | 46          |
|    time_elapsed         | 124         |
|    total_timesteps      | 1323008     |
| train/                  |             |
|    approx_kl            | 0.011938055 |
|    clip_fraction        | 0.0677      |
|    clip_range           | 0.2         |
|    entropy_loss         | -2.08       |
|    explained_variance   | 0.702       |
|    learning_rate        | 0.0003      |
|    loss                 | 0.147       |
|    n_updates            | 3225        |
|    policy_gradient_loss | -0.000344   |
|    std                  | 0.686       |
|    value_loss           | 51          |
-----------------------------------------
-----------------------------------------
| rollout/                |             |
|    ep_len_mean          | 1.2e+03     |
|    ep_rew_mean          | 122         |
| time/                   |             |
|    fps                  | 758         |
|    iterations           | 47          |
|    time_elapsed         | 126         |
|    total_timesteps      | 1325056     |
| train/                  |             |
|    approx_kl            | 0.011625461 |
|    clip_fraction        | 0.0627      |
|    clip_range           | 0.2         |
|    entropy_loss         | -2.08       |
|    explained_variance   | 0.662       |
|    learning_rate        | 0.0003      |
|    loss                 | 108         |
|    n_updates            | 3230        |
|    policy_gradient_loss | -0.00157    |
|    std                  | 0.685       |
|    value_loss           | 39          |
-----------------------------------------
-----------------------------------------
| rollout/                |             |
|    ep_len_mean          | 1.2e+03     |
|    ep_rew_mean          | 123         |
| time/                   |             |
|    fps                  | 759         |
|    iterations           | 48          |
|    time_elapsed         | 129         |
|    total_timesteps      | 1327104     |
| train/                  |             |
|    approx_kl            | 0.038597673 |
|    clip_fraction        | 0.125       |
|    clip_range           | 0.2         |
|    entropy_loss         | -2.08       |
|    explained_variance   | 0.635       |
|    learning_rate        | 0.0003      |
|    loss                 | 3.1         |
|    n_updates            | 3235        |
|    policy_gradient_loss | 0.00627     |
|    std                  | 0.684       |
|    value_loss           | 52.8        |
-----------------------------------------
-----------------------------------------
| rollout/                |             |
|    ep_len_mean          | 1.18e+03    |
|    ep_rew_mean          | 125         |
| time/                   |             |
|    fps                  | 762         |
|    iterations           | 49          |
|    time_elapsed         | 131         |
|    total_timesteps      | 1329152     |
| train/                  |             |
|    approx_kl            | 0.016420683 |
|    clip_fraction        | 0.124       |
|    clip_range           | 0.2         |
|    entropy_loss         | -2.08       |
|    explained_variance   | 0.803       |
|    learning_rate        | 0.0003      |
|    loss                 | 12.4        |
|    n_updates            | 3240        |
|    policy_gradient_loss | -0.000692   |
|    std                  | 0.684       |
|    value_loss           | 61.6        |
-----------------------------------------
-----------------------------------------
| rollout/                |             |
|    ep_len_mean          | 1.18e+03    |
|    ep_rew_mean          | 125         |
| time/                   |             |
|    fps                  | 761         |
|    iterations           | 50          |
|    time_elapsed         | 134         |
|    total_timesteps      | 1331200     |
| train/                  |             |
|    approx_kl            | 0.004264746 |
|    clip_fraction        | 0.0416      |
|    clip_range           | 0.2         |
|    entropy_loss         | -2.08       |
|    explained_variance   | 0.686       |
|    learning_rate        | 0.0003      |
|    loss                 | 3.79        |
|    n_updates            | 3245        |
|    policy_gradient_loss | -0.0018     |
|    std                  | 0.685       |
|    value_loss           | 92.4        |
-----------------------------------------
------------------------------------------
| rollout/                |              |
|    ep_len_mean          | 1.18e+03     |
|    ep_rew_mean          | 125          |
| time/                   |              |
|    fps                  | 762          |
|    iterations           | 51           |
|    time_elapsed         | 136          |
|    total_timesteps      | 1333248      |
| train/                  |              |
|    approx_kl            | 0.0046786973 |
|    clip_fraction        | 0.0496       |
|    clip_range           | 0.2          |
|    entropy_loss         | -2.08        |
|    explained_variance   | 0.613        |
|    learning_rate        | 0.0003       |
|    loss                 | 1.33         |
|    n_updates            | 3250         |
|    policy_gradient_loss | -0.00121     |
|    std                  | 0.685        |
|    value_loss           | 57.2         |
------------------------------------------
-----------------------------------------
| rollout/                |             |
|    ep_len_mean          | 1.19e+03    |
|    ep_rew_mean          | 125         |
| time/                   |             |
|    fps                  | 764         |
|    iterations           | 52          |
|    time_elapsed         | 139         |
|    total_timesteps      | 1335296     |
| train/                  |             |
|    approx_kl            | 0.014983262 |
|    clip_fraction        | 0.0853      |
|    clip_range           | 0.2         |
|    entropy_loss         | -2.08       |
|    explained_variance   | 0.765       |
|    learning_rate        | 0.0003      |
|    loss                 | 9.04        |
|    n_updates            | 3255        |
|    policy_gradient_loss | -0.00297    |
|    std                  | 0.685       |
|    value_loss           | 35.9        |
-----------------------------------------
-----------------------------------------
| rollout/                |             |
|    ep_len_mean          | 1.19e+03    |
|    ep_rew_mean          | 125         |
| time/                   |             |
|    fps                  | 764         |
|    iterations           | 53          |
|    time_elapsed         | 142         |
|    total_timesteps      | 1337344     |
| train/                  |             |
|    approx_kl            | 0.009730991 |
|    clip_fraction        | 0.15        |
|    clip_range           | 0.2         |
|    entropy_loss         | -2.08       |
|    explained_variance   | 0.756       |
|    learning_rate        | 0.0003      |
|    loss                 | 16.2        |
|    n_updates            | 3260        |
|    policy_gradient_loss | 0.00317     |
|    std                  | 0.686       |
|    value_loss           | 63.8        |
-----------------------------------------
----------------------------------------
| rollout/                |            |
|    ep_len_mean          | 1.22e+03   |
|    ep_rew_mean          | 123        |
| time/                   |            |
|    fps                  | 766        |
|    iterations           | 54         |
|    time_elapsed         | 144        |
|    total_timesteps      | 1339392    |
| train/                  |            |
|    approx_kl            | 0.00224985 |
|    clip_fraction        | 0.0363     |
|    clip_range           | 0.2        |
|    entropy_loss         | -2.08      |
|    explained_variance   | 0.975      |
|    learning_rate        | 0.0003     |
|    loss                 | 0.862      |
|    n_updates            | 3265       |
|    policy_gradient_loss | -0.00118   |
|    std                  | 0.684      |
|    value_loss           | 4.18       |
----------------------------------------
------------------------------------------
| rollout/                |              |
|    ep_len_mean          | 1.21e+03     |
|    ep_rew_mean          | 123          |
| time/                   |              |
|    fps                  | 762          |
|    iterations           | 55           |
|    time_elapsed         | 147          |
|    total_timesteps      | 1341440      |
| train/                  |              |
|    approx_kl            | 0.0043505826 |
|    clip_fraction        | 0.0235       |
|    clip_range           | 0.2          |
|    entropy_loss         | -2.08        |
|    explained_variance   | 0.576        |
|    learning_rate        | 0.0003       |
|    loss                 | 4.62         |
|    n_updates            | 3270         |
|    policy_gradient_loss | -0.00236     |
|    std                  | 0.684        |
|    value_loss           | 96.9         |
------------------------------------------
-----------------------------------------
| rollout/                |             |
|    ep_len_mean          | 1.21e+03    |
|    ep_rew_mean          | 124         |
| time/                   |             |
|    fps                  | 764         |
|    iterations           | 56          |
|    time_elapsed         | 150         |
|    total_timesteps      | 1343488     |
| train/                  |             |
|    approx_kl            | 0.025604324 |
|    clip_fraction        | 0.188       |
|    clip_range           | 0.2         |
|    entropy_loss         | -2.07       |
|    explained_variance   | 0.749       |
|    learning_rate        | 0.0003      |
|    loss                 | 120         |
|    n_updates            | 3275        |
|    policy_gradient_loss | 0.00776     |
|    std                  | 0.683       |
|    value_loss           | 64          |
-----------------------------------------
-----------------------------------------
| rollout/                |             |
|    ep_len_mean          | 1.21e+03    |
|    ep_rew_mean          | 125         |
| time/                   |             |
|    fps                  | 765         |
|    iterations           | 57          |
|    time_elapsed         | 152         |
|    total_timesteps      | 1345536     |
| train/                  |             |
|    approx_kl            | 0.022108167 |
|    clip_fraction        | 0.231       |
|    clip_range           | 0.2         |
|    entropy_loss         | -2.07       |
|    explained_variance   | 0.743       |
|    learning_rate        | 0.0003      |
|    loss                 | 47.8        |
|    n_updates            | 3280        |
|    policy_gradient_loss | 0.00928     |
|    std                  | 0.682       |
|    value_loss           | 86          |
-----------------------------------------
-----------------------------------------
| rollout/                |             |
|    ep_len_mean          | 1.22e+03    |
|    ep_rew_mean          | 123         |
| time/                   |             |
|    fps                  | 764         |
|    iterations           | 58          |
|    time_elapsed         | 155         |
|    total_timesteps      | 1347584     |
| train/                  |             |
|    approx_kl            | 0.010872011 |
|    clip_fraction        | 0.0988      |
|    clip_range           | 0.2         |
|    entropy_loss         | -2.07       |
|    explained_variance   | 0.669       |
|    learning_rate        | 0.0003      |
|    loss                 | 173         |
|    n_updates            | 3285        |
|    policy_gradient_loss | -0.00136    |
|    std                  | 0.68        |
|    value_loss           | 114         |
-----------------------------------------
-----------------------------------------
| rollout/                |             |
|    ep_len_mean          | 1.23e+03    |
|    ep_rew_mean          | 122         |
| time/                   |             |
|    fps                  | 763         |
|    iterations           | 59          |
|    time_elapsed         | 158         |
|    total_timesteps      | 1349632     |
| train/                  |             |
|    approx_kl            | 0.019640844 |
|    clip_fraction        | 0.201       |
|    clip_range           | 0.2         |
|    entropy_loss         | -2.06       |
|    explained_variance   | 0.807       |
|    learning_rate        | 0.0003      |
|    loss                 | 1.5         |
|    n_updates            | 3290        |
|    policy_gradient_loss | 0.00743     |
|    std                  | 0.68        |
|    value_loss           | 37.2        |
-----------------------------------------
-----------------------------------------
| rollout/                |             |
|    ep_len_mean          | 1.23e+03    |
|    ep_rew_mean          | 122         |
| time/                   |             |
|    fps                  | 763         |
|    iterations           | 60          |
|    time_elapsed         | 160         |
|    total_timesteps      | 1351680     |
| train/                  |             |
|    approx_kl            | 0.009733893 |
|    clip_fraction        | 0.132       |
|    clip_range           | 0.2         |
|    entropy_loss         | -2.06       |
|    explained_variance   | 0.677       |
|    learning_rate        | 0.0003      |
|    loss                 | 109         |
|    n_updates            | 3295        |
|    policy_gradient_loss | 0.00261     |
|    std                  | 0.68        |
|    value_loss           | 39.6        |
-----------------------------------------
-----------------------------------------
| rollout/                |             |
|    ep_len_mean          | 1.24e+03    |
|    ep_rew_mean          | 121         |
| time/                   |             |
|    fps                  | 764         |
|    iterations           | 61          |
|    time_elapsed         | 163         |
|    total_timesteps      | 1353728     |
| train/                  |             |
|    approx_kl            | 0.033002704 |
|    clip_fraction        | 0.155       |
|    clip_range           | 0.2         |
|    entropy_loss         | -2.06       |
|    explained_variance   | 0.978       |
|    learning_rate        | 0.0003      |
|    loss                 | 1.95        |
|    n_updates            | 3300        |
|    policy_gradient_loss | 0.00757     |
|    std                  | 0.679       |
|    value_loss           | 8.48        |
-----------------------------------------
-----------------------------------------
| rollout/                |             |
|    ep_len_mean          | 1.26e+03    |
|    ep_rew_mean          | 120         |
| time/                   |             |
|    fps                  | 762         |
|    iterations           | 62          |
|    time_elapsed         | 166         |
|    total_timesteps      | 1355776     |
| train/                  |             |
|    approx_kl            | 0.016997168 |
|    clip_fraction        | 0.151       |
|    clip_range           | 0.2         |
|    entropy_loss         | -2.06       |
|    explained_variance   | 0.577       |
|    learning_rate        | 0.0003      |
|    loss                 | 18.8        |
|    n_updates            | 3305        |
|    policy_gradient_loss | -0.00306    |
|    std                  | 0.679       |
|    value_loss           | 72          |
-----------------------------------------
-----------------------------------------
| rollout/                |             |
|    ep_len_mean          | 1.26e+03    |
|    ep_rew_mean          | 120         |
| time/                   |             |
|    fps                  | 760         |
|    iterations           | 63          |
|    time_elapsed         | 169         |
|    total_timesteps      | 1357824     |
| train/                  |             |
|    approx_kl            | 0.036949433 |
|    clip_fraction        | 0.208       |
|    clip_range           | 0.2         |
|    entropy_loss         | -2.06       |
|    explained_variance   | 0.727       |
|    learning_rate        | 0.0003      |
|    loss                 | 9.34        |
|    n_updates            | 3310        |
|    policy_gradient_loss | 0.0122      |
|    std                  | 0.68        |
|    value_loss           | 48.3        |
-----------------------------------------
----------------------------------------
| rollout/                |            |
|    ep_len_mean          | 1.26e+03   |
|    ep_rew_mean          | 120        |
| time/                   |            |
|    fps                  | 758        |
|    iterations           | 64         |
|    time_elapsed         | 172        |
|    total_timesteps      | 1359872    |
| train/                  |            |
|    approx_kl            | 0.07004385 |
|    clip_fraction        | 0.273      |
|    clip_range           | 0.2        |
|    entropy_loss         | -2.06      |
|    explained_variance   | 0.772      |
|    learning_rate        | 0.0003     |
|    loss                 | 0.641      |
|    n_updates            | 3315       |
|    policy_gradient_loss | 0.0201     |
|    std                  | 0.68       |
|    value_loss           | 50.7       |
----------------------------------------
------------------------------------------
| rollout/                |              |
|    ep_len_mean          | 1.25e+03     |
|    ep_rew_mean          | 120          |
| time/                   |              |
|    fps                  | 758          |
|    iterations           | 65           |
|    time_elapsed         | 175          |
|    total_timesteps      | 1361920      |
| train/                  |              |
|    approx_kl            | 0.0047126436 |
|    clip_fraction        | 0.143        |
|    clip_range           | 0.2          |
|    entropy_loss         | -2.07        |
|    explained_variance   | 0.578        |
|    learning_rate        | 0.0003       |
|    loss                 | 4.74         |
|    n_updates            | 3320         |
|    policy_gradient_loss | 0.00286      |
|    std                  | 0.681        |
|    value_loss           | 63.4         |
------------------------------------------
-----------------------------------------
| rollout/                |             |
|    ep_len_mean          | 1.27e+03    |
|    ep_rew_mean          | 119         |
| time/                   |             |
|    fps                  | 755         |
|    iterations           | 66          |
|    time_elapsed         | 178         |
|    total_timesteps      | 1363968     |
| train/                  |             |
|    approx_kl            | 0.016107567 |
|    clip_fraction        | 0.105       |
|    clip_range           | 0.2         |
|    entropy_loss         | -2.06       |
|    explained_variance   | 0.761       |
|    learning_rate        | 0.0003      |
|    loss                 | 0.531       |
|    n_updates            | 3325        |
|    policy_gradient_loss | -0.00241    |
|    std                  | 0.679       |
|    value_loss           | 68.2        |
-----------------------------------------
------------------------------------------
| rollout/                |              |
|    ep_len_mean          | 1.27e+03     |
|    ep_rew_mean          | 119          |
| time/                   |              |
|    fps                  | 756          |
|    iterations           | 67           |
|    time_elapsed         | 181          |
|    total_timesteps      | 1366016      |
| train/                  |              |
|    approx_kl            | 0.0069928253 |
|    clip_fraction        | 0.103        |
|    clip_range           | 0.2          |
|    entropy_loss         | -2.06        |
|    explained_variance   | 0.664        |
|    learning_rate        | 0.0003       |
|    loss                 | 68.4         |
|    n_updates            | 3330         |
|    policy_gradient_loss | -0.00112     |
|    std                  | 0.678        |
|    value_loss           | 55.3         |
------------------------------------------
----------------------------------------
| rollout/                |            |
|    ep_len_mean          | 1.28e+03   |
|    ep_rew_mean          | 117        |
| time/                   |            |
|    fps                  | 758        |
|    iterations           | 68         |
|    time_elapsed         | 183        |
|    total_timesteps      | 1368064    |
| train/                  |            |
|    approx_kl            | 0.26535383 |
|    clip_fraction        | 0.249      |
|    clip_range           | 0.2        |
|    entropy_loss         | -2.06      |
|    explained_variance   | 0.923      |
|    learning_rate        | 0.0003     |
|    loss                 | 3.21       |
|    n_updates            | 3335       |
|    policy_gradient_loss | 0.0225     |
|    std                  | 0.68       |
|    value_loss           | 6.56       |
----------------------------------------
-----------------------------------------
| rollout/                |             |
|    ep_len_mean          | 1.31e+03    |
|    ep_rew_mean          | 114         |
| time/                   |             |
|    fps                  | 760         |
|    iterations           | 69          |
|    time_elapsed         | 185         |
|    total_timesteps      | 1370112     |
| train/                  |             |
|    approx_kl            | 0.024097415 |
|    clip_fraction        | 0.158       |
|    clip_range           | 0.2         |
|    entropy_loss         | -2.07       |
|    explained_variance   | 0.71        |
|    learning_rate        | 0.0003      |
|    loss                 | 2.79        |
|    n_updates            | 3340        |
|    policy_gradient_loss | 0.00227     |
|    std                  | 0.681       |
|    value_loss           | 11.7        |
-----------------------------------------
-----------------------------------------
| rollout/                |             |
|    ep_len_mean          | 1.3e+03     |
|    ep_rew_mean          | 114         |
| time/                   |             |
|    fps                  | 762         |
|    iterations           | 70          |
|    time_elapsed         | 188         |
|    total_timesteps      | 1372160     |
| train/                  |             |
|    approx_kl            | 0.006179192 |
|    clip_fraction        | 0.0673      |
|    clip_range           | 0.2         |
|    entropy_loss         | -2.07       |
|    explained_variance   | 0.633       |
|    learning_rate        | 0.0003      |
|    loss                 | 15.4        |
|    n_updates            | 3345        |
|    policy_gradient_loss | -6.72e-05   |
|    std                  | 0.68        |
|    value_loss           | 23.4        |
-----------------------------------------
-----------------------------------------
| rollout/                |             |
|    ep_len_mean          | 1.32e+03    |
|    ep_rew_mean          | 114         |
| time/                   |             |
|    fps                  | 764         |
|    iterations           | 71          |
|    time_elapsed         | 190         |
|    total_timesteps      | 1374208     |
| train/                  |             |
|    approx_kl            | 0.048385896 |
|    clip_fraction        | 0.197       |
|    clip_range           | 0.2         |
|    entropy_loss         | -2.06       |
|    explained_variance   | 0.62        |
|    learning_rate        | 0.0003      |
|    loss                 | 45.6        |
|    n_updates            | 3350        |
|    policy_gradient_loss | 0.0098      |
|    std                  | 0.679       |
|    value_loss           | 79.5        |
-----------------------------------------
-----------------------------------------
| rollout/                |             |
|    ep_len_mean          | 1.31e+03    |
|    ep_rew_mean          | 114         |
| time/                   |             |
|    fps                  | 766         |
|    iterations           | 72          |
|    time_elapsed         | 192         |
|    total_timesteps      | 1376256     |
| train/                  |             |
|    approx_kl            | 0.009455791 |
|    clip_fraction        | 0.139       |
|    clip_range           | 0.2         |
|    entropy_loss         | -2.06       |
|    explained_variance   | 0.141       |
|    learning_rate        | 0.0003      |
|    loss                 | 1.63        |
|    n_updates            | 3355        |
|    policy_gradient_loss | 0.00402     |
|    std                  | 0.679       |
|    value_loss           | 73          |
-----------------------------------------
-----------------------------------------
| rollout/                |             |
|    ep_len_mean          | 1.32e+03    |
|    ep_rew_mean          | 112         |
| time/                   |             |
|    fps                  | 768         |
|    iterations           | 73          |
|    time_elapsed         | 194         |
|    total_timesteps      | 1378304     |
| train/                  |             |
|    approx_kl            | 0.017387575 |
|    clip_fraction        | 0.131       |
|    clip_range           | 0.2         |
|    entropy_loss         | -2.06       |
|    explained_variance   | 0.571       |
|    learning_rate        | 0.0003      |
|    loss                 | 231         |
|    n_updates            | 3360        |
|    policy_gradient_loss | 0.00162     |
|    std                  | 0.678       |
|    value_loss           | 63.2        |
-----------------------------------------
----------------------------------------
| rollout/                |            |
|    ep_len_mean          | 1.32e+03   |
|    ep_rew_mean          | 112        |
| time/                   |            |
|    fps                  | 769        |
|    iterations           | 74         |
|    time_elapsed         | 196        |
|    total_timesteps      | 1380352    |
| train/                  |            |
|    approx_kl            | 0.04299033 |
|    clip_fraction        | 0.175      |
|    clip_range           | 0.2        |
|    entropy_loss         | -2.06      |
|    explained_variance   | 0.293      |
|    learning_rate        | 0.0003     |
|    loss                 | 3.85       |
|    n_updates            | 3365       |
|    policy_gradient_loss | 0.00582    |
|    std                  | 0.676      |
|    value_loss           | 126        |
----------------------------------------
-----------------------------------------
| rollout/                |             |
|    ep_len_mean          | 1.31e+03    |
|    ep_rew_mean          | 113         |
| time/                   |             |
|    fps                  | 772         |
|    iterations           | 75          |
|    time_elapsed         | 198         |
|    total_timesteps      | 1382400     |
| train/                  |             |
|    approx_kl            | 0.010535988 |
|    clip_fraction        | 0.18        |
|    clip_range           | 0.2         |
|    entropy_loss         | -2.05       |
|    explained_variance   | 0.95        |
|    learning_rate        | 0.0003      |
|    loss                 | 0.701       |
|    n_updates            | 3370        |
|    policy_gradient_loss | 0.00032     |
|    std                  | 0.673       |
|    value_loss           | 4.86        |
-----------------------------------------
------------------------------------------
| rollout/                |              |
|    ep_len_mean          | 1.31e+03     |
|    ep_rew_mean          | 114          |
| time/                   |              |
|    fps                  | 773          |
|    iterations           | 76           |
|    time_elapsed         | 201          |
|    total_timesteps      | 1384448      |
| train/                  |              |
|    approx_kl            | 0.0040330198 |
|    clip_fraction        | 0.159        |
|    clip_range           | 0.2          |
|    entropy_loss         | -2.04        |
|    explained_variance   | 0.476        |
|    learning_rate        | 0.0003       |
|    loss                 | 3.61         |
|    n_updates            | 3375         |
|    policy_gradient_loss | 0.00512      |
|    std                  | 0.674        |
|    value_loss           | 164          |
------------------------------------------
-----------------------------------------
| rollout/                |             |
|    ep_len_mean          | 1.31e+03    |
|    ep_rew_mean          | 112         |
| time/                   |             |
|    fps                  | 775         |
|    iterations           | 77          |
|    time_elapsed         | 203         |
|    total_timesteps      | 1386496     |
| train/                  |             |
|    approx_kl            | 0.003044764 |
|    clip_fraction        | 0.031       |
|    clip_range           | 0.2         |
|    entropy_loss         | -2.04       |
|    explained_variance   | 0.776       |
|    learning_rate        | 0.0003      |
|    loss                 | 153         |
|    n_updates            | 3380        |
|    policy_gradient_loss | -0.0017     |
|    std                  | 0.673       |
|    value_loss           | 56.4        |
-----------------------------------------
-----------------------------------------
| rollout/                |             |
|    ep_len_mean          | 1.29e+03    |
|    ep_rew_mean          | 116         |
| time/                   |             |
|    fps                  | 778         |
|    iterations           | 78          |
|    time_elapsed         | 205         |
|    total_timesteps      | 1388544     |
| train/                  |             |
|    approx_kl            | 0.011655878 |
|    clip_fraction        | 0.116       |
|    clip_range           | 0.2         |
|    entropy_loss         | -2.04       |
|    explained_variance   | 0.842       |
|    learning_rate        | 0.0003      |
|    loss                 | 6.38        |
|    n_updates            | 3385        |
|    policy_gradient_loss | -0.00278    |
|    std                  | 0.67        |
|    value_loss           | 30.6        |
-----------------------------------------
-----------------------------------------
| rollout/                |             |
|    ep_len_mean          | 1.3e+03     |
|    ep_rew_mean          | 115         |
| time/                   |             |
|    fps                  | 780         |
|    iterations           | 79          |
|    time_elapsed         | 207         |
|    total_timesteps      | 1390592     |
| train/                  |             |
|    approx_kl            | 0.029804856 |
|    clip_fraction        | 0.171       |
|    clip_range           | 0.2         |
|    entropy_loss         | -2.03       |
|    explained_variance   | 0.803       |
|    learning_rate        | 0.0003      |
|    loss                 | 2.19        |
|    n_updates            | 3390        |
|    policy_gradient_loss | 0.00815     |
|    std                  | 0.669       |
|    value_loss           | 56.2        |
-----------------------------------------
-----------------------------------------
| rollout/                |             |
|    ep_len_mean          | 1.3e+03     |
|    ep_rew_mean          | 115         |
| time/                   |             |
|    fps                  | 780         |
|    iterations           | 80          |
|    time_elapsed         | 209         |
|    total_timesteps      | 1392640     |
| train/                  |             |
|    approx_kl            | 0.005446762 |
|    clip_fraction        | 0.0567      |
|    clip_range           | 0.2         |
|    entropy_loss         | -2.03       |
|    explained_variance   | 0.731       |
|    learning_rate        | 0.0003      |
|    loss                 | 0.977       |
|    n_updates            | 3395        |
|    policy_gradient_loss | -0.0017     |
|    std                  | 0.668       |
|    value_loss           | 86.8        |
-----------------------------------------
-----------------------------------------
| rollout/                |             |
|    ep_len_mean          | 1.29e+03    |
|    ep_rew_mean          | 115         |
| time/                   |             |
|    fps                  | 782         |
|    iterations           | 81          |
|    time_elapsed         | 212         |
|    total_timesteps      | 1394688     |
| train/                  |             |
|    approx_kl            | 0.029133428 |
|    clip_fraction        | 0.195       |
|    clip_range           | 0.2         |
|    entropy_loss         | -2.03       |
|    explained_variance   | 0.804       |
|    learning_rate        | 0.0003      |
|    loss                 | 1.4         |
|    n_updates            | 3400        |
|    policy_gradient_loss | 0.00738     |
|    std                  | 0.669       |
|    value_loss           | 61          |
-----------------------------------------
------------------------------------------
| rollout/                |              |
|    ep_len_mean          | 1.29e+03     |
|    ep_rew_mean          | 115          |
| time/                   |              |
|    fps                  | 784          |
|    iterations           | 82           |
|    time_elapsed         | 214          |
|    total_timesteps      | 1396736      |
| train/                  |              |
|    approx_kl            | 0.0027569416 |
|    clip_fraction        | 0.0621       |
|    clip_range           | 0.2          |
|    entropy_loss         | -2.03        |
|    explained_variance   | 0.758        |
|    learning_rate        | 0.0003       |
|    loss                 | 1.12         |
|    n_updates            | 3405         |
|    policy_gradient_loss | 0.00259      |
|    std                  | 0.669        |
|    value_loss           | 53.6         |
------------------------------------------
-----------------------------------------
| rollout/                |             |
|    ep_len_mean          | 1.31e+03    |
|    ep_rew_mean          | 113         |
| time/                   |             |
|    fps                  | 786         |
|    iterations           | 83          |
|    time_elapsed         | 216         |
|    total_timesteps      | 1398784     |
| train/                  |             |
|    approx_kl            | 0.024665851 |
|    clip_fraction        | 0.0945      |
|    clip_range           | 0.2         |
|    entropy_loss         | -2.03       |
|    explained_variance   | 0.68        |
|    learning_rate        | 0.0003      |
|    loss                 | 1.59        |
|    n_updates            | 3410        |
|    policy_gradient_loss | 0.000945    |
|    std                  | 0.669       |
|    value_loss           | 36.7        |
-----------------------------------------
------------------------------------------
| rollout/                |              |
|    ep_len_mean          | 1.31e+03     |
|    ep_rew_mean          | 113          |
| time/                   |              |
|    fps                  | 787          |
|    iterations           | 84           |
|    time_elapsed         | 218          |
|    total_timesteps      | 1400832      |
| train/                  |              |
|    approx_kl            | 0.0066212486 |
|    clip_fraction        | 0.101        |
|    clip_range           | 0.2          |
|    entropy_loss         | -2.03        |
|    explained_variance   | 0.659        |
|    learning_rate        | 0.0003       |
|    loss                 | 4.51         |
|    n_updates            | 3415         |
|    policy_gradient_loss | 0.00301      |
|    std                  | 0.669        |
|    value_loss           | 86.3         |
------------------------------------------
-----------------------------------------
| rollout/                |             |
|    ep_len_mean          | 1.32e+03    |
|    ep_rew_mean          | 113         |
| time/                   |             |
|    fps                  | 789         |
|    iterations           | 85          |
|    time_elapsed         | 220         |
|    total_timesteps      | 1402880     |
| train/                  |             |
|    approx_kl            | 0.009516921 |
|    clip_fraction        | 0.0984      |
|    clip_range           | 0.2         |
|    entropy_loss         | -2.03       |
|    explained_variance   | 0.724       |
|    learning_rate        | 0.0003      |
|    loss                 | 5.29        |
|    n_updates            | 3420        |
|    policy_gradient_loss | -0.00123    |
|    std                  | 0.668       |
|    value_loss           | 44.4        |
-----------------------------------------
------------------------------------------
| rollout/                |              |
|    ep_len_mean          | 1.32e+03     |
|    ep_rew_mean          | 113          |
| time/                   |              |
|    fps                  | 788          |
|    iterations           | 86           |
|    time_elapsed         | 223          |
|    total_timesteps      | 1404928      |
| train/                  |              |
|    approx_kl            | 0.0061219186 |
|    clip_fraction        | 0.0283       |
|    clip_range           | 0.2          |
|    entropy_loss         | -2.03        |
|    explained_variance   | 0.69         |
|    learning_rate        | 0.0003       |
|    loss                 | 3.89         |
|    n_updates            | 3425         |
|    policy_gradient_loss | -0.00174     |
|    std                  | 0.668        |
|    value_loss           | 115          |
------------------------------------------
----------------------------------------
| rollout/                |            |
|    ep_len_mean          | 1.33e+03   |
|    ep_rew_mean          | 111        |
| time/                   |            |
|    fps                  | 787        |
|    iterations           | 87         |
|    time_elapsed         | 226        |
|    total_timesteps      | 1406976    |
| train/                  |            |
|    approx_kl            | 0.03797354 |
|    clip_fraction        | 0.148      |
|    clip_range           | 0.2        |
|    entropy_loss         | -2.03      |
|    explained_variance   | 0.944      |
|    learning_rate        | 0.0003     |
|    loss                 | 2.92       |
|    n_updates            | 3430       |
|    policy_gradient_loss | 0.00615    |
|    std                  | 0.669      |
|    value_loss           | 7.13       |
----------------------------------------
----------------------------------------
| rollout/                |            |
|    ep_len_mean          | 1.32e+03   |
|    ep_rew_mean          | 113        |
| time/                   |            |
|    fps                  | 789        |
|    iterations           | 88         |
|    time_elapsed         | 228        |
|    total_timesteps      | 1409024    |
| train/                  |            |
|    approx_kl            | 0.00602501 |
|    clip_fraction        | 0.0831     |
|    clip_range           | 0.2        |
|    entropy_loss         | -2.03      |
|    explained_variance   | 0.789      |
|    learning_rate        | 0.0003     |
|    loss                 | 5.43       |
|    n_updates            | 3435       |
|    policy_gradient_loss | -0.00117   |
|    std                  | 0.668      |
|    value_loss           | 97.8       |
----------------------------------------
-----------------------------------------
| rollout/                |             |
|    ep_len_mean          | 1.33e+03    |
|    ep_rew_mean          | 111         |
| time/                   |             |
|    fps                  | 791         |
|    iterations           | 89          |
|    time_elapsed         | 230         |
|    total_timesteps      | 1411072     |
| train/                  |             |
|    approx_kl            | 0.007836384 |
|    clip_fraction        | 0.0692      |
|    clip_range           | 0.2         |
|    entropy_loss         | -2.02       |
|    explained_variance   | 0.774       |
|    learning_rate        | 0.0003      |
|    loss                 | 2.8         |
|    n_updates            | 3440        |
|    policy_gradient_loss | -0.00542    |
|    std                  | 0.666       |
|    value_loss           | 28.3        |
-----------------------------------------
------------------------------------------
| rollout/                |              |
|    ep_len_mean          | 1.33e+03     |
|    ep_rew_mean          | 111          |
| time/                   |              |
|    fps                  | 793          |
|    iterations           | 90           |
|    time_elapsed         | 232          |
|    total_timesteps      | 1413120      |
| train/                  |              |
|    approx_kl            | 0.0067352494 |
|    clip_fraction        | 0.0349       |
|    clip_range           | 0.2          |
|    entropy_loss         | -2.02        |
|    explained_variance   | 0.596        |
|    learning_rate        | 0.0003       |
|    loss                 | 2.55         |
|    n_updates            | 3445         |
|    policy_gradient_loss | -0.00174     |
|    std                  | 0.665        |
|    value_loss           | 73.6         |
------------------------------------------
-----------------------------------------
| rollout/                |             |
|    ep_len_mean          | 1.33e+03    |
|    ep_rew_mean          | 111         |
| time/                   |             |
|    fps                  | 795         |
|    iterations           | 91          |
|    time_elapsed         | 234         |
|    total_timesteps      | 1415168     |
| train/                  |             |
|    approx_kl            | 0.008955079 |
|    clip_fraction        | 0.059       |
|    clip_range           | 0.2         |
|    entropy_loss         | -2.02       |
|    explained_variance   | 0.824       |
|    learning_rate        | 0.0003      |
|    loss                 | 7.58        |
|    n_updates            | 3450        |
|    policy_gradient_loss | -0.00182    |
|    std                  | 0.665       |
|    value_loss           | 10.6        |
-----------------------------------------
-----------------------------------------
| rollout/                |             |
|    ep_len_mean          | 1.35e+03    |
|    ep_rew_mean          | 107         |
| time/                   |             |
|    fps                  | 797         |
|    iterations           | 92          |
|    time_elapsed         | 236         |
|    total_timesteps      | 1417216     |
| train/                  |             |
|    approx_kl            | 0.008158868 |
|    clip_fraction        | 0.072       |
|    clip_range           | 0.2         |
|    entropy_loss         | -2.02       |
|    explained_variance   | 0.623       |
|    learning_rate        | 0.0003      |
|    loss                 | 1.09        |
|    n_updates            | 3455        |
|    policy_gradient_loss | -0.0036     |
|    std                  | 0.664       |
|    value_loss           | 17.6        |
-----------------------------------------
-----------------------------------------
| rollout/                |             |
|    ep_len_mean          | 1.35e+03    |
|    ep_rew_mean          | 106         |
| time/                   |             |
|    fps                  | 799         |
|    iterations           | 93          |
|    time_elapsed         | 238         |
|    total_timesteps      | 1419264     |
| train/                  |             |
|    approx_kl            | 0.004145994 |
|    clip_fraction        | 0.0262      |
|    clip_range           | 0.2         |
|    entropy_loss         | -2.01       |
|    explained_variance   | 0.496       |
|    learning_rate        | 0.0003      |
|    loss                 | 15.5        |
|    n_updates            | 3460        |
|    policy_gradient_loss | -0.00159    |
|    std                  | 0.663       |
|    value_loss           | 28.6        |
-----------------------------------------
-----------------------------------------
| rollout/                |             |
|    ep_len_mean          | 1.34e+03    |
|    ep_rew_mean          | 108         |
| time/                   |             |
|    fps                  | 801         |
|    iterations           | 94          |
|    time_elapsed         | 240         |
|    total_timesteps      | 1421312     |
| train/                  |             |
|    approx_kl            | 0.008903475 |
|    clip_fraction        | 0.0994      |
|    clip_range           | 0.2         |
|    entropy_loss         | -2.01       |
|    explained_variance   | 0.574       |
|    learning_rate        | 0.0003      |
|    loss                 | 0.772       |
|    n_updates            | 3465        |
|    policy_gradient_loss | -0.000412   |
|    std                  | 0.662       |
|    value_loss           | 80.9        |
-----------------------------------------
-----------------------------------------
| rollout/                |             |
|    ep_len_mean          | 1.34e+03    |
|    ep_rew_mean          | 108         |
| time/                   |             |
|    fps                  | 803         |
|    iterations           | 95          |
|    time_elapsed         | 242         |
|    total_timesteps      | 1423360     |
| train/                  |             |
|    approx_kl            | 0.019458564 |
|    clip_fraction        | 0.117       |
|    clip_range           | 0.2         |
|    entropy_loss         | -2.01       |
|    explained_variance   | 0.401       |
|    learning_rate        | 0.0003      |
|    loss                 | 3.83        |
|    n_updates            | 3470        |
|    policy_gradient_loss | 0.000946    |
|    std                  | 0.662       |
|    value_loss           | 116         |
-----------------------------------------
-----------------------------------------
| rollout/                |             |
|    ep_len_mean          | 1.34e+03    |
|    ep_rew_mean          | 108         |
| time/                   |             |
|    fps                  | 805         |
|    iterations           | 96          |
|    time_elapsed         | 244         |
|    total_timesteps      | 1425408     |
| train/                  |             |
|    approx_kl            | 0.017677765 |
|    clip_fraction        | 0.157       |
|    clip_range           | 0.2         |
|    entropy_loss         | -2.01       |
|    explained_variance   | 0.874       |
|    learning_rate        | 0.0003      |
|    loss                 | 0.232       |
|    n_updates            | 3475        |
|    policy_gradient_loss | 0.00308     |
|    std                  | 0.66        |
|    value_loss           | 3.02        |
-----------------------------------------
-----------------------------------------
| rollout/                |             |
|    ep_len_mean          | 1.33e+03    |
|    ep_rew_mean          | 110         |
| time/                   |             |
|    fps                  | 806         |
|    iterations           | 97          |
|    time_elapsed         | 246         |
|    total_timesteps      | 1427456     |
| train/                  |             |
|    approx_kl            | 0.008722976 |
|    clip_fraction        | 0.0937      |
|    clip_range           | 0.2         |
|    entropy_loss         | -2          |
|    explained_variance   | 0.338       |
|    learning_rate        | 0.0003      |
|    loss                 | 2.13        |
|    n_updates            | 3480        |
|    policy_gradient_loss | -0.00141    |
|    std                  | 0.659       |
|    value_loss           | 138         |
-----------------------------------------
----------------------------------------
| rollout/                |            |
|    ep_len_mean          | 1.33e+03   |
|    ep_rew_mean          | 109        |
| time/                   |            |
|    fps                  | 808        |
|    iterations           | 98         |
|    time_elapsed         | 248        |
|    total_timesteps      | 1429504    |
| train/                  |            |
|    approx_kl            | 0.24712294 |
|    clip_fraction        | 0.299      |
|    clip_range           | 0.2        |
|    entropy_loss         | -2         |
|    explained_variance   | 0.659      |
|    learning_rate        | 0.0003     |
|    loss                 | 1.14       |
|    n_updates            | 3485       |
|    policy_gradient_loss | 0.0294     |
|    std                  | 0.659      |
|    value_loss           | 65.3       |
----------------------------------------
------------------------------------------
| rollout/                |              |
|    ep_len_mean          | 1.33e+03     |
|    ep_rew_mean          | 109          |
| time/                   |              |
|    fps                  | 811          |
|    iterations           | 99           |
|    time_elapsed         | 249          |
|    total_timesteps      | 1431552      |
| train/                  |              |
|    approx_kl            | 0.0079560205 |
|    clip_fraction        | 0.127        |
|    clip_range           | 0.2          |
|    entropy_loss         | -2           |
|    explained_variance   | 0.615        |
|    learning_rate        | 0.0003       |
|    loss                 | 100          |
|    n_updates            | 3490         |
|    policy_gradient_loss | 0.00716      |
|    std                  | 0.659        |
|    value_loss           | 82.1         |
------------------------------------------
-----------------------------------------
| rollout/                |             |
|    ep_len_mean          | 1.35e+03    |
|    ep_rew_mean          | 108         |
| time/                   |             |
|    fps                  | 813         |
|    iterations           | 100         |
|    time_elapsed         | 251         |
|    total_timesteps      | 1433600     |
| train/                  |             |
|    approx_kl            | 0.013903407 |
|    clip_fraction        | 0.112       |
|    clip_range           | 0.2         |
|    entropy_loss         | -2          |
|    explained_variance   | 0.938       |
|    learning_rate        | 0.0003      |
|    loss                 | 2.04        |
|    n_updates            | 3495        |
|    policy_gradient_loss | 5e-05       |
|    std                  | 0.659       |
|    value_loss           | 7.81        |
-----------------------------------------

CP7 held-out: 43/50 hits (86.0%), mean miss 4.1 m, mean reward 138.28
STOP CONDITION: no joint improvement -- review gate before continuing.
outputs/precision_ft/seed3_pw50/checkpoints/rl_checkpoint_07.zip: 210/300 hits (70.0%), median miss 4.4 m -> outputs/precision_ft/seed3_pw50/eval300_cp7.json
CP8: evasive lineage | max_time=45s t_go_max=10s | tracking=True | obs=12-D | miss_tanh_scale=3000m shaping_gamma=1 effort_weight=5 precision_weight=50 -> out=outputs/precision_ft/seed3_pw50
---------------------------------
| rollout/           |          |
|    ep_len_mean     | 1.35e+03 |
|    ep_rew_mean     | 108      |
| time/              |          |
|    fps             | 2242     |
|    iterations      | 1        |
|    time_elapsed    | 0        |
|    total_timesteps | 1435648  |
---------------------------------
------------------------------------------
| rollout/                |              |
|    ep_len_mean          | 1.35e+03     |
|    ep_rew_mean          | 108          |
| time/                   |              |
|    fps                  | 1148         |
|    iterations           | 2            |
|    time_elapsed         | 3            |
|    total_timesteps      | 1437696      |
| train/                  |              |
|    approx_kl            | 0.0056240745 |
|    clip_fraction        | 0.162        |
|    clip_range           | 0.2          |
|    entropy_loss         | -2           |
|    explained_variance   | 0.703        |
|    learning_rate        | 0.0003       |
|    loss                 | 3.24         |
|    n_updates            | 3505         |
|    policy_gradient_loss | -0.000247    |
|    std                  | 0.658        |
|    value_loss           | 4            |
------------------------------------------
-----------------------------------------
| rollout/                |             |
|    ep_len_mean          | 1.35e+03    |
|    ep_rew_mean          | 108         |
| time/                   |             |
|    fps                  | 1064        |
|    iterations           | 3           |
|    time_elapsed         | 5           |
|    total_timesteps      | 1439744     |
| train/                  |             |
|    approx_kl            | 0.011270441 |
|    clip_fraction        | 0.313       |
|    clip_range           | 0.2         |
|    entropy_loss         | -2          |
|    explained_variance   | 0.604       |
|    learning_rate        | 0.0003      |
|    loss                 | 0.605       |
|    n_updates            | 3510        |
|    policy_gradient_loss | 0.0201      |
|    std                  | 0.658       |
|    value_loss           | 105         |
-----------------------------------------
----------------------------------------
| rollout/                |            |
|    ep_len_mean          | 1.36e+03   |
|    ep_rew_mean          | 106        |
| time/                   |            |
|    fps                  | 1056       |
|    iterations           | 4          |
|    time_elapsed         | 7          |
|    total_timesteps      | 1441792    |
| train/                  |            |
|    approx_kl            | 0.18961711 |
|    clip_fraction        | 0.228      |
|    clip_range           | 0.2        |
|    entropy_loss         | -2         |
|    explained_variance   | 0.965      |
|    learning_rate        | 0.0003     |
|    loss                 | 0.528      |
|    n_updates            | 3515       |
|    policy_gradient_loss | 0.0104     |
|    std                  | 0.66       |
|    value_loss           | 2.18       |
----------------------------------------
-----------------------------------------
| rollout/                |             |
|    ep_len_mean          | 1.37e+03    |
|    ep_rew_mean          | 105         |
| time/                   |             |
|    fps                  | 1037        |
|    iterations           | 5           |
|    time_elapsed         | 9           |
|    total_timesteps      | 1443840     |
| train/                  |             |
|    approx_kl            | 0.015380292 |
|    clip_fraction        | 0.186       |
|    clip_range           | 0.2         |
|    entropy_loss         | -2.01       |
|    explained_variance   | 0.643       |
|    learning_rate        | 0.0003      |
|    loss                 | 0.399       |
|    n_updates            | 3520        |
|    policy_gradient_loss | 0.0111      |
|    std                  | 0.662       |
|    value_loss           | 26.3        |
-----------------------------------------
-----------------------------------------
| rollout/                |             |
|    ep_len_mean          | 1.38e+03    |
|    ep_rew_mean          | 103         |
| time/                   |             |
|    fps                  | 1023        |
|    iterations           | 6           |
|    time_elapsed         | 12          |
|    total_timesteps      | 1445888     |
| train/                  |             |
|    approx_kl            | 0.005216986 |
|    clip_fraction        | 0.133       |
|    clip_range           | 0.2         |
|    entropy_loss         | -2.01       |
|    explained_variance   | 0.799       |
|    learning_rate        | 0.0003      |
|    loss                 | 0.669       |
|    n_updates            | 3525        |
|    policy_gradient_loss | 0.000854    |
|    std                  | 0.663       |
|    value_loss           | 19.5        |
-----------------------------------------
------------------------------------------
| rollout/                |              |
|    ep_len_mean          | 1.38e+03     |
|    ep_rew_mean          | 102          |
| time/                   |              |
|    fps                  | 1007         |
|    iterations           | 7            |
|    time_elapsed         | 14           |
|    total_timesteps      | 1447936      |
| train/                  |              |
|    approx_kl            | 0.0049601696 |
|    clip_fraction        | 0.136        |
|    clip_range           | 0.2          |
|    entropy_loss         | -2.01        |
|    explained_variance   | 0.478        |
|    learning_rate        | 0.0003       |
|    loss                 | 0.159        |
|    n_updates            | 3530         |
|    policy_gradient_loss | 0.000183     |
|    std                  | 0.663        |
|    value_loss           | 57.8         |
------------------------------------------
----------------------------------------
| rollout/                |            |
|    ep_len_mean          | 1.37e+03   |
|    ep_rew_mean          | 103        |
| time/                   |            |
|    fps                  | 987        |
|    iterations           | 8          |
|    time_elapsed         | 16         |
|    total_timesteps      | 1449984    |
| train/                  |            |
|    approx_kl            | 0.02445655 |
|    clip_fraction        | 0.204      |
|    clip_range           | 0.2        |
|    entropy_loss         | -2.02      |
|    explained_variance   | 0.445      |
|    learning_rate        | 0.0003     |
|    loss                 | 1.84       |
|    n_updates            | 3535       |
|    policy_gradient_loss | 0.00447    |
|    std                  | 0.665      |
|    value_loss           | 48.3       |
----------------------------------------
-----------------------------------------
| rollout/                |             |
|    ep_len_mean          | 1.37e+03    |
|    ep_rew_mean          | 103         |
| time/                   |             |
|    fps                  | 979         |
|    iterations           | 9           |
|    time_elapsed         | 18          |
|    total_timesteps      | 1452032     |
| train/                  |             |
|    approx_kl            | 0.034153868 |
|    clip_fraction        | 0.378       |
|    clip_range           | 0.2         |
|    entropy_loss         | -2.01       |
|    explained_variance   | 0.706       |
|    learning_rate        | 0.0003      |
|    loss                 | 3.5         |
|    n_updates            | 3540        |
|    policy_gradient_loss | 0.0289      |
|    std                  | 0.662       |
|    value_loss           | 62.9        |
-----------------------------------------
-----------------------------------------
| rollout/                |             |
|    ep_len_mean          | 1.37e+03    |
|    ep_rew_mean          | 104         |
| time/                   |             |
|    fps                  | 979         |
|    iterations           | 10          |
|    time_elapsed         | 20          |
|    total_timesteps      | 1454080     |
| train/                  |             |
|    approx_kl            | 0.005505694 |
|    clip_fraction        | 0.108       |
|    clip_range           | 0.2         |
|    entropy_loss         | -2.01       |
|    explained_variance   | 0.553       |
|    learning_rate        | 0.0003      |
|    loss                 | 1.08        |
|    n_updates            | 3545        |
|    policy_gradient_loss | 0.0035      |
|    std                  | 0.663       |
|    value_loss           | 54.2        |
-----------------------------------------
------------------------------------------
| rollout/                |              |
|    ep_len_mean          | 1.37e+03     |
|    ep_rew_mean          | 104          |
| time/                   |              |
|    fps                  | 968          |
|    iterations           | 11           |
|    time_elapsed         | 23           |
|    total_timesteps      | 1456128      |
| train/                  |              |
|    approx_kl            | 0.0068755206 |
|    clip_fraction        | 0.0357       |
|    clip_range           | 0.2          |
|    entropy_loss         | -2.01        |
|    explained_variance   | 0.129        |
|    learning_rate        | 0.0003       |
|    loss                 | 195          |
|    n_updates            | 3550         |
|    policy_gradient_loss | 0.000414     |
|    std                  | 0.663        |
|    value_loss           | 115          |
------------------------------------------
------------------------------------------
| rollout/                |              |
|    ep_len_mean          | 1.4e+03      |
|    ep_rew_mean          | 101          |
| time/                   |              |
|    fps                  | 966          |
|    iterations           | 12           |
|    time_elapsed         | 25           |
|    total_timesteps      | 1458176      |
| train/                  |              |
|    approx_kl            | 0.0026811396 |
|    clip_fraction        | 0.0349       |
|    clip_range           | 0.2          |
|    entropy_loss         | -2.01        |
|    explained_variance   | 0.926        |
|    learning_rate        | 0.0003       |
|    loss                 | 0.667        |
|    n_updates            | 3555         |
|    policy_gradient_loss | -0.00289     |
|    std                  | 0.662        |
|    value_loss           | 8.11         |
------------------------------------------
-----------------------------------------
| rollout/                |             |
|    ep_len_mean          | 1.4e+03     |
|    ep_rew_mean          | 101         |
| time/                   |             |
|    fps                  | 955         |
|    iterations           | 13          |
|    time_elapsed         | 27          |
|    total_timesteps      | 1460224     |
| train/                  |             |
|    approx_kl            | 0.009395949 |
|    clip_fraction        | 0.117       |
|    clip_range           | 0.2         |
|    entropy_loss         | -2.01       |
|    explained_variance   | 0.602       |
|    learning_rate        | 0.0003      |
|    loss                 | 117         |
|    n_updates            | 3560        |
|    policy_gradient_loss | 0.000277    |
|    std                  | 0.662       |
|    value_loss           | 108         |
-----------------------------------------
-----------------------------------------
| rollout/                |             |
|    ep_len_mean          | 1.39e+03    |
|    ep_rew_mean          | 103         |
| time/                   |             |
|    fps                  | 962         |
|    iterations           | 14          |
|    time_elapsed         | 29          |
|    total_timesteps      | 1462272     |
| train/                  |             |
|    approx_kl            | 0.017666187 |
|    clip_fraction        | 0.158       |
|    clip_range           | 0.2         |
|    entropy_loss         | -2.01       |
|    explained_variance   | 0.887       |
|    learning_rate        | 0.0003      |
|    loss                 | 1.46        |
|    n_updates            | 3565        |
|    policy_gradient_loss | -0.00411    |
|    std                  | 0.661       |
|    value_loss           | 4.41        |
-----------------------------------------
-----------------------------------------
| rollout/                |             |
|    ep_len_mean          | 1.39e+03    |
|    ep_rew_mean          | 103         |
| time/                   |             |
|    fps                  | 961         |
|    iterations           | 15          |
|    time_elapsed         | 31          |
|    total_timesteps      | 1464320     |
| train/                  |             |
|    approx_kl            | 0.031917043 |
|    clip_fraction        | 0.159       |
|    clip_range           | 0.2         |
|    entropy_loss         | -2.01       |
|    explained_variance   | 0.775       |
|    learning_rate        | 0.0003      |
|    loss                 | 1.07        |
|    n_updates            | 3570        |
|    policy_gradient_loss | 0.00998     |
|    std                  | 0.661       |
|    value_loss           | 54.7        |
-----------------------------------------
------------------------------------------
| rollout/                |              |
|    ep_len_mean          | 1.39e+03     |
|    ep_rew_mean          | 103          |
| time/                   |              |
|    fps                  | 960          |
|    iterations           | 16           |
|    time_elapsed         | 34           |
|    total_timesteps      | 1466368      |
| train/                  |              |
|    approx_kl            | 0.0024556639 |
|    clip_fraction        | 0.028        |
|    clip_range           | 0.2          |
|    entropy_loss         | -2.01        |
|    explained_variance   | 0.663        |
|    learning_rate        | 0.0003       |
|    loss                 | 7.32         |
|    n_updates            | 3575         |
|    policy_gradient_loss | -0.000298    |
|    std                  | 0.66         |
|    value_loss           | 53.1         |
------------------------------------------
-----------------------------------------
| rollout/                |             |
|    ep_len_mean          | 1.39e+03    |
|    ep_rew_mean          | 103         |
| time/                   |             |
|    fps                  | 950         |
|    iterations           | 17          |
|    time_elapsed         | 36          |
|    total_timesteps      | 1468416     |
| train/                  |             |
|    approx_kl            | 0.005678067 |
|    clip_fraction        | 0.0719      |
|    clip_range           | 0.2         |
|    entropy_loss         | -2          |
|    explained_variance   | 0.718       |
|    learning_rate        | 0.0003      |
|    loss                 | 43.6        |
|    n_updates            | 3580        |
|    policy_gradient_loss | -0.0014     |
|    std                  | 0.659       |
|    value_loss           | 63          |
-----------------------------------------
-----------------------------------------
| rollout/                |             |
|    ep_len_mean          | 1.39e+03    |
|    ep_rew_mean          | 103         |
| time/                   |             |
|    fps                  | 946         |
|    iterations           | 18          |
|    time_elapsed         | 38          |
|    total_timesteps      | 1470464     |
| train/                  |             |
|    approx_kl            | 0.009921949 |
|    clip_fraction        | 0.114       |
|    clip_range           | 0.2         |
|    entropy_loss         | -2          |
|    explained_variance   | 0.871       |
|    learning_rate        | 0.0003      |
|    loss                 | 0.94        |
|    n_updates            | 3585        |
|    policy_gradient_loss | -0.00429    |
|    std                  | 0.658       |
|    value_loss           | 34.8        |
-----------------------------------------
-----------------------------------------
| rollout/                |             |
|    ep_len_mean          | 1.39e+03    |
|    ep_rew_mean          | 103         |
| time/                   |             |
|    fps                  | 945         |
|    iterations           | 19          |
|    time_elapsed         | 41          |
|    total_timesteps      | 1472512     |
| train/                  |             |
|    approx_kl            | 0.004242394 |
|    clip_fraction        | 0.0317      |
|    clip_range           | 0.2         |
|    entropy_loss         | -2          |
|    explained_variance   | 0.67        |
|    learning_rate        | 0.0003      |
|    loss                 | 1.08        |
|    n_updates            | 3590        |
|    policy_gradient_loss | -0.00126    |
|    std                  | 0.657       |
|    value_loss           | 82.9        |
-----------------------------------------
------------------------------------------
| rollout/                |              |
|    ep_len_mean          | 1.39e+03     |
|    ep_rew_mean          | 103          |
| time/                   |              |
|    fps                  | 942          |
|    iterations           | 20           |
|    time_elapsed         | 43           |
|    total_timesteps      | 1474560      |
| train/                  |              |
|    approx_kl            | 0.0074002724 |
|    clip_fraction        | 0.065        |
|    clip_range           | 0.2          |
|    entropy_loss         | -1.99        |
|    explained_variance   | 0.677        |
|    learning_rate        | 0.0003       |
|    loss                 | 1.53         |
|    n_updates            | 3595         |
|    policy_gradient_loss | -0.00369     |
|    std                  | 0.656        |
|    value_loss           | 10.4         |
------------------------------------------
-----------------------------------------
| rollout/                |             |
|    ep_len_mean          | 1.4e+03     |
|    ep_rew_mean          | 103         |
| time/                   |             |
|    fps                  | 943         |
|    iterations           | 21          |
|    time_elapsed         | 45          |
|    total_timesteps      | 1476608     |
| train/                  |             |
|    approx_kl            | 0.004086499 |
|    clip_fraction        | 0.0284      |
|    clip_range           | 0.2         |
|    entropy_loss         | -1.99       |
|    explained_variance   | 0.647       |
|    learning_rate        | 0.0003      |
|    loss                 | 25.6        |
|    n_updates            | 3600        |
|    policy_gradient_loss | -0.0026     |
|    std                  | 0.655       |
|    value_loss           | 86.7        |
-----------------------------------------
-----------------------------------------
| rollout/                |             |
|    ep_len_mean          | 1.39e+03    |
|    ep_rew_mean          | 104         |
| time/                   |             |
|    fps                  | 938         |
|    iterations           | 22          |
|    time_elapsed         | 47          |
|    total_timesteps      | 1478656     |
| train/                  |             |
|    approx_kl            | 0.007025407 |
|    clip_fraction        | 0.101       |
|    clip_range           | 0.2         |
|    entropy_loss         | -1.99       |
|    explained_variance   | 0.559       |
|    learning_rate        | 0.0003      |
|    loss                 | 1.23        |
|    n_updates            | 3605        |
|    policy_gradient_loss | -0.000167   |
|    std                  | 0.655       |
|    value_loss           | 57.8        |
-----------------------------------------
-----------------------------------------
| rollout/                |             |
|    ep_len_mean          | 1.37e+03    |
|    ep_rew_mean          | 106         |
| time/                   |             |
|    fps                  | 935         |
|    iterations           | 23          |
|    time_elapsed         | 50          |
|    total_timesteps      | 1480704     |
| train/                  |             |
|    approx_kl            | 0.038104624 |
|    clip_fraction        | 0.227       |
|    clip_range           | 0.2         |
|    entropy_loss         | -1.99       |
|    explained_variance   | 0.573       |
|    learning_rate        | 0.0003      |
|    loss                 | 2.49        |
|    n_updates            | 3610        |
|    policy_gradient_loss | 0.0109      |
|    std                  | 0.654       |
|    value_loss           | 47.9        |
-----------------------------------------
-----------------------------------------
| rollout/                |             |
|    ep_len_mean          | 1.38e+03    |
|    ep_rew_mean          | 105         |
| time/                   |             |
|    fps                  | 926         |
|    iterations           | 24          |
|    time_elapsed         | 53          |
|    total_timesteps      | 1482752     |
| train/                  |             |
|    approx_kl            | 0.011430767 |
|    clip_fraction        | 0.104       |
|    clip_range           | 0.2         |
|    entropy_loss         | -1.98       |
|    explained_variance   | 0.777       |
|    learning_rate        | 0.0003      |
|    loss                 | 1.78        |
|    n_updates            | 3615        |
|    policy_gradient_loss | -0.00214    |
|    std                  | 0.653       |
|    value_loss           | 91.6        |
-----------------------------------------
-----------------------------------------
| rollout/                |             |
|    ep_len_mean          | 1.38e+03    |
|    ep_rew_mean          | 105         |
| time/                   |             |
|    fps                  | 922         |
|    iterations           | 25          |
|    time_elapsed         | 55          |
|    total_timesteps      | 1484800     |
| train/                  |             |
|    approx_kl            | 0.019914575 |
|    clip_fraction        | 0.144       |
|    clip_range           | 0.2         |
|    entropy_loss         | -1.98       |
|    explained_variance   | 0.721       |
|    learning_rate        | 0.0003      |
|    loss                 | 4.53        |
|    n_updates            | 3620        |
|    policy_gradient_loss | 0.00271     |
|    std                  | 0.65        |
|    value_loss           | 69.6        |
-----------------------------------------
-----------------------------------------
| rollout/                |             |
|    ep_len_mean          | 1.38e+03    |
|    ep_rew_mean          | 105         |
| time/                   |             |
|    fps                  | 922         |
|    iterations           | 26          |
|    time_elapsed         | 57          |
|    total_timesteps      | 1486848     |
| train/                  |             |
|    approx_kl            | 0.009071309 |
|    clip_fraction        | 0.148       |
|    clip_range           | 0.2         |
|    entropy_loss         | -1.97       |
|    explained_variance   | 0.782       |
|    learning_rate        | 0.0003      |
|    loss                 | 5.86        |
|    n_updates            | 3625        |
|    policy_gradient_loss | 0.00263     |
|    std                  | 0.65        |
|    value_loss           | 45.1        |
-----------------------------------------
-----------------------------------------
| rollout/                |             |
|    ep_len_mean          | 1.37e+03    |
|    ep_rew_mean          | 107         |
| time/                   |             |
|    fps                  | 921         |
|    iterations           | 27          |
|    time_elapsed         | 60          |
|    total_timesteps      | 1488896     |
| train/                  |             |
|    approx_kl            | 0.008935671 |
|    clip_fraction        | 0.0728      |
|    clip_range           | 0.2         |
|    entropy_loss         | -1.98       |
|    explained_variance   | 0.613       |
|    learning_rate        | 0.0003      |
|    loss                 | 2.75        |
|    n_updates            | 3630        |
|    policy_gradient_loss | -0.00253    |
|    std                  | 0.651       |
|    value_loss           | 67.1        |
-----------------------------------------
-----------------------------------------
| rollout/                |             |
|    ep_len_mean          | 1.37e+03    |
|    ep_rew_mean          | 107         |
| time/                   |             |
|    fps                  | 923         |
|    iterations           | 28          |
|    time_elapsed         | 62          |
|    total_timesteps      | 1490944     |
| train/                  |             |
|    approx_kl            | 0.012544656 |
|    clip_fraction        | 0.099       |
|    clip_range           | 0.2         |
|    entropy_loss         | -1.97       |
|    explained_variance   | 0.705       |
|    learning_rate        | 0.0003      |
|    loss                 | 1.03        |
|    n_updates            | 3635        |
|    policy_gradient_loss | 0.00389     |
|    std                  | 0.65        |
|    value_loss           | 43.3        |
-----------------------------------------
----------------------------------------
| rollout/                |            |
|    ep_len_mean          | 1.37e+03   |
|    ep_rew_mean          | 107        |
| time/                   |            |
|    fps                  | 921        |
|    iterations           | 29         |
|    time_elapsed         | 64         |
|    total_timesteps      | 1492992    |
| train/                  |            |
|    approx_kl            | 0.05544123 |
|    clip_fraction        | 0.155      |
|    clip_range           | 0.2        |
|    entropy_loss         | -1.97      |
|    explained_variance   | 0.54       |
|    learning_rate        | 0.0003     |
|    loss                 | 5.55       |
|    n_updates            | 3640       |
|    policy_gradient_loss | 0.00637    |
|    std                  | 0.649      |
|    value_loss           | 58.1       |
----------------------------------------
-----------------------------------------
| rollout/                |             |
|    ep_len_mean          | 1.37e+03    |
|    ep_rew_mean          | 109         |
| time/                   |             |
|    fps                  | 917         |
|    iterations           | 30          |
|    time_elapsed         | 66          |
|    total_timesteps      | 1495040     |
| train/                  |             |
|    approx_kl            | 0.010396994 |
|    clip_fraction        | 0.107       |
|    clip_range           | 0.2         |
|    entropy_loss         | -1.97       |
|    explained_variance   | 0.917       |
|    learning_rate        | 0.0003      |
|    loss                 | 3.95        |
|    n_updates            | 3645        |
|    policy_gradient_loss | -0.00155    |
|    std                  | 0.649       |
|    value_loss           | 4.28        |
-----------------------------------------
------------------------------------------
| rollout/                |              |
|    ep_len_mean          | 1.37e+03     |
|    ep_rew_mean          | 109          |
| time/                   |              |
|    fps                  | 915          |
|    iterations           | 31           |
|    time_elapsed         | 69           |
|    total_timesteps      | 1497088      |
| train/                  |              |
|    approx_kl            | 0.0036965474 |
|    clip_fraction        | 0.0339       |
|    clip_range           | 0.2          |
|    entropy_loss         | -1.97        |
|    explained_variance   | 0.597        |
|    learning_rate        | 0.0003       |
|    loss                 | 82.7         |
|    n_updates            | 3650         |
|    policy_gradient_loss | -0.00202     |
|    std                  | 0.648        |
|    value_loss           | 123          |
------------------------------------------
-----------------------------------------
| rollout/                |             |
|    ep_len_mean          | 1.35e+03    |
|    ep_rew_mean          | 110         |
| time/                   |             |
|    fps                  | 915         |
|    iterations           | 32          |
|    time_elapsed         | 71          |
|    total_timesteps      | 1499136     |
| train/                  |             |
|    approx_kl            | 0.007883938 |
|    clip_fraction        | 0.0348      |
|    clip_range           | 0.2         |
|    entropy_loss         | -1.97       |
|    explained_variance   | 0.919       |
|    learning_rate        | 0.0003      |
|    loss                 | 10.4        |
|    n_updates            | 3655        |
|    policy_gradient_loss | -0.00468    |
|    std                  | 0.647       |
|    value_loss           | 7.17        |
-----------------------------------------
------------------------------------------
| rollout/                |              |
|    ep_len_mean          | 1.32e+03     |
|    ep_rew_mean          | 113          |
| time/                   |              |
|    fps                  | 914          |
|    iterations           | 33           |
|    time_elapsed         | 73           |
|    total_timesteps      | 1501184      |
| train/                  |              |
|    approx_kl            | 0.0047515715 |
|    clip_fraction        | 0.0559       |
|    clip_range           | 0.2          |
|    entropy_loss         | -1.96        |
|    explained_variance   | 0.774        |
|    learning_rate        | 0.0003       |
|    loss                 | 144          |
|    n_updates            | 3660         |
|    policy_gradient_loss | -0.00316     |
|    std                  | 0.647        |
|    value_loss           | 105          |
------------------------------------------
-----------------------------------------
| rollout/                |             |
|    ep_len_mean          | 1.31e+03    |
|    ep_rew_mean          | 115         |
| time/                   |             |
|    fps                  | 913         |
|    iterations           | 34          |
|    time_elapsed         | 76          |
|    total_timesteps      | 1503232     |
| train/                  |             |
|    approx_kl            | 0.008688133 |
|    clip_fraction        | 0.0785      |
|    clip_range           | 0.2         |
|    entropy_loss         | -1.96       |
|    explained_variance   | 0.794       |
|    learning_rate        | 0.0003      |
|    loss                 | 4.72        |
|    n_updates            | 3665        |
|    policy_gradient_loss | -0.00142    |
|    std                  | 0.646       |
|    value_loss           | 90.5        |
-----------------------------------------
------------------------------------------
| rollout/                |              |
|    ep_len_mean          | 1.3e+03      |
|    ep_rew_mean          | 115          |
| time/                   |              |
|    fps                  | 916          |
|    iterations           | 35           |
|    time_elapsed         | 78           |
|    total_timesteps      | 1505280      |
| train/                  |              |
|    approx_kl            | 0.0058602626 |
|    clip_fraction        | 0.0653       |
|    clip_range           | 0.2          |
|    entropy_loss         | -1.96        |
|    explained_variance   | 0.905        |
|    learning_rate        | 0.0003       |
|    loss                 | 2.67         |
|    n_updates            | 3670         |
|    policy_gradient_loss | -0.00364     |
|    std                  | 0.646        |
|    value_loss           | 25.4         |
------------------------------------------
------------------------------------------
| rollout/                |              |
|    ep_len_mean          | 1.29e+03     |
|    ep_rew_mean          | 117          |
| time/                   |              |
|    fps                  | 918          |
|    iterations           | 36           |
|    time_elapsed         | 80           |
|    total_timesteps      | 1507328      |
| train/                  |              |
|    approx_kl            | 0.0077407127 |
|    clip_fraction        | 0.0928       |
|    clip_range           | 0.2          |
|    entropy_loss         | -1.96        |
|    explained_variance   | 0.748        |
|    learning_rate        | 0.0003       |
|    loss                 | 68.5         |
|    n_updates            | 3675         |
|    policy_gradient_loss | 0.000558     |
|    std                  | 0.646        |
|    value_loss           | 82           |
------------------------------------------
-----------------------------------------
| rollout/                |             |
|    ep_len_mean          | 1.27e+03    |
|    ep_rew_mean          | 119         |
| time/                   |             |
|    fps                  | 923         |
|    iterations           | 37          |
|    time_elapsed         | 82          |
|    total_timesteps      | 1509376     |
| train/                  |             |
|    approx_kl            | 0.011661114 |
|    clip_fraction        | 0.102       |
|    clip_range           | 0.2         |
|    entropy_loss         | -1.96       |
|    explained_variance   | 0.814       |
|    learning_rate        | 0.0003      |
|    loss                 | 29.2        |
|    n_updates            | 3680        |
|    policy_gradient_loss | 0.000594    |
|    std                  | 0.645       |
|    value_loss           | 41.3        |
-----------------------------------------
----------------------------------------
| rollout/                |            |
|    ep_len_mean          | 1.27e+03   |
|    ep_rew_mean          | 119        |
| time/                   |            |
|    fps                  | 927        |
|    iterations           | 38         |
|    time_elapsed         | 83         |
|    total_timesteps      | 1511424    |
| train/                  |            |
|    approx_kl            | 0.08651598 |
|    clip_fraction        | 0.403      |
|    clip_range           | 0.2        |
|    entropy_loss         | -1.96      |
|    explained_variance   | 0.736      |
|    learning_rate        | 0.0003     |
|    loss                 | 2.67       |
|    n_updates            | 3685       |
|    policy_gradient_loss | 0.0435     |
|    std                  | 0.644      |
|    value_loss           | 103        |
----------------------------------------
------------------------------------------
| rollout/                |              |
|    ep_len_mean          | 1.28e+03     |
|    ep_rew_mean          | 117          |
| time/                   |              |
|    fps                  | 932          |
|    iterations           | 39           |
|    time_elapsed         | 85           |
|    total_timesteps      | 1513472      |
| train/                  |              |
|    approx_kl            | 0.0042275996 |
|    clip_fraction        | 0.0757       |
|    clip_range           | 0.2          |
|    entropy_loss         | -1.96        |
|    explained_variance   | 0.744        |
|    learning_rate        | 0.0003       |
|    loss                 | 0.387        |
|    n_updates            | 3690         |
|    policy_gradient_loss | -0.00122     |
|    std                  | 0.645        |
|    value_loss           | 51.2         |
------------------------------------------
-----------------------------------------
| rollout/                |             |
|    ep_len_mean          | 1.3e+03     |
|    ep_rew_mean          | 115         |
| time/                   |             |
|    fps                  | 937         |
|    iterations           | 40          |
|    time_elapsed         | 87          |
|    total_timesteps      | 1515520     |
| train/                  |             |
|    approx_kl            | 0.005052462 |
|    clip_fraction        | 0.0831      |
|    clip_range           | 0.2         |
|    entropy_loss         | -1.96       |
|    explained_variance   | 0.834       |
|    learning_rate        | 0.0003      |
|    loss                 | 7.49        |
|    n_updates            | 3695        |
|    policy_gradient_loss | -0.00253    |
|    std                  | 0.645       |
|    value_loss           | 13.2        |
-----------------------------------------
-----------------------------------------
| rollout/                |             |
|    ep_len_mean          | 1.3e+03     |
|    ep_rew_mean          | 115         |
| time/                   |             |
|    fps                  | 940         |
|    iterations           | 41          |
|    time_elapsed         | 89          |
|    total_timesteps      | 1517568     |
| train/                  |             |
|    approx_kl            | 0.010014576 |
|    clip_fraction        | 0.0909      |
|    clip_range           | 0.2         |
|    entropy_loss         | -1.96       |
|    explained_variance   | 0.781       |
|    learning_rate        | 0.0003      |
|    loss                 | 2.12        |
|    n_updates            | 3700        |
|    policy_gradient_loss | -0.00145    |
|    std                  | 0.644       |
|    value_loss           | 43.9        |
-----------------------------------------
------------------------------------------
| rollout/                |              |
|    ep_len_mean          | 1.3e+03      |
|    ep_rew_mean          | 117          |
| time/                   |              |
|    fps                  | 941          |
|    iterations           | 42           |
|    time_elapsed         | 91           |
|    total_timesteps      | 1519616      |
| train/                  |              |
|    approx_kl            | 0.0075134747 |
|    clip_fraction        | 0.18         |
|    clip_range           | 0.2          |
|    entropy_loss         | -1.95        |
|    explained_variance   | 0.725        |
|    learning_rate        | 0.0003       |
|    loss                 | 54.9         |
|    n_updates            | 3705         |
|    policy_gradient_loss | 0.000471     |
|    std                  | 0.641        |
|    value_loss           | 38.7         |
------------------------------------------
-----------------------------------------
| rollout/                |             |
|    ep_len_mean          | 1.31e+03    |
|    ep_rew_mean          | 115         |
| time/                   |             |
|    fps                  | 941         |
|    iterations           | 43          |
|    time_elapsed         | 93          |
|    total_timesteps      | 1521664     |
| train/                  |             |
|    approx_kl            | 0.009174388 |
|    clip_fraction        | 0.0687      |
|    clip_range           | 0.2         |
|    entropy_loss         | -1.94       |
|    explained_variance   | 0.761       |
|    learning_rate        | 0.0003      |
|    loss                 | 66.6        |
|    n_updates            | 3710        |
|    policy_gradient_loss | -0.0011     |
|    std                  | 0.639       |
|    value_loss           | 82.1        |
-----------------------------------------
-----------------------------------------
| rollout/                |             |
|    ep_len_mean          | 1.29e+03    |
|    ep_rew_mean          | 116         |
| time/                   |             |
|    fps                  | 942         |
|    iterations           | 44          |
|    time_elapsed         | 95          |
|    total_timesteps      | 1523712     |
| train/                  |             |
|    approx_kl            | 0.027522877 |
|    clip_fraction        | 0.185       |
|    clip_range           | 0.2         |
|    entropy_loss         | -1.94       |
|    explained_variance   | 0.848       |
|    learning_rate        | 0.0003      |
|    loss                 | 0.605       |
|    n_updates            | 3715        |
|    policy_gradient_loss | 0.00212     |
|    std                  | 0.638       |
|    value_loss           | 41.1        |
-----------------------------------------
------------------------------------------
| rollout/                |              |
|    ep_len_mean          | 1.31e+03     |
|    ep_rew_mean          | 116          |
| time/                   |              |
|    fps                  | 943          |
|    iterations           | 45           |
|    time_elapsed         | 97           |
|    total_timesteps      | 1525760      |
| train/                  |              |
|    approx_kl            | 0.0070902687 |
|    clip_fraction        | 0.0646       |
|    clip_range           | 0.2          |
|    entropy_loss         | -1.94        |
|    explained_variance   | 0.857        |
|    learning_rate        | 0.0003       |
|    loss                 | 1.04         |
|    n_updates            | 3720         |
|    policy_gradient_loss | -0.00318     |
|    std                  | 0.639        |
|    value_loss           | 27.9         |
------------------------------------------
-----------------------------------------
| rollout/                |             |
|    ep_len_mean          | 1.32e+03    |
|    ep_rew_mean          | 116         |
| time/                   |             |
|    fps                  | 943         |
|    iterations           | 46          |
|    time_elapsed         | 99          |
|    total_timesteps      | 1527808     |
| train/                  |             |
|    approx_kl            | 0.010574625 |
|    clip_fraction        | 0.228       |
|    clip_range           | 0.2         |
|    entropy_loss         | -1.94       |
|    explained_variance   | 0.797       |
|    learning_rate        | 0.0003      |
|    loss                 | 10.5        |
|    n_updates            | 3725        |
|    policy_gradient_loss | 0.00745     |
|    std                  | 0.64        |
|    value_loss           | 66.7        |
-----------------------------------------
-----------------------------------------
| rollout/                |             |
|    ep_len_mean          | 1.3e+03     |
|    ep_rew_mean          | 118         |
| time/                   |             |
|    fps                  | 942         |
|    iterations           | 47          |
|    time_elapsed         | 102         |
|    total_timesteps      | 1529856     |
| train/                  |             |
|    approx_kl            | 0.007506024 |
|    clip_fraction        | 0.102       |
|    clip_range           | 0.2         |
|    entropy_loss         | -1.94       |
|    explained_variance   | 0.724       |
|    learning_rate        | 0.0003      |
|    loss                 | 3.01        |
|    n_updates            | 3730        |
|    policy_gradient_loss | 0.000341    |
|    std                  | 0.64        |
|    value_loss           | 77.4        |
-----------------------------------------
-----------------------------------------
| rollout/                |             |
|    ep_len_mean          | 1.3e+03     |
|    ep_rew_mean          | 118         |
| time/                   |             |
|    fps                  | 943         |
|    iterations           | 48          |
|    time_elapsed         | 104         |
|    total_timesteps      | 1531904     |
| train/                  |             |
|    approx_kl            | 0.011639579 |
|    clip_fraction        | 0.146       |
|    clip_range           | 0.2         |
|    entropy_loss         | -1.94       |
|    explained_variance   | 0.755       |
|    learning_rate        | 0.0003      |
|    loss                 | 3.27        |
|    n_updates            | 3735        |
|    policy_gradient_loss | 0.00175     |
|    std                  | 0.64        |
|    value_loss           | 103         |
-----------------------------------------
-----------------------------------------
| rollout/                |             |
|    ep_len_mean          | 1.29e+03    |
|    ep_rew_mean          | 119         |
| time/                   |             |
|    fps                  | 944         |
|    iterations           | 49          |
|    time_elapsed         | 106         |
|    total_timesteps      | 1533952     |
| train/                  |             |
|    approx_kl            | 0.082338154 |
|    clip_fraction        | 0.286       |
|    clip_range           | 0.2         |
|    entropy_loss         | -1.94       |
|    explained_variance   | 0.97        |
|    learning_rate        | 0.0003      |
|    loss                 | 4.6         |
|    n_updates            | 3740        |
|    policy_gradient_loss | 0.0307      |
|    std                  | 0.641       |
|    value_loss           | 8.46        |
-----------------------------------------
----------------------------------------
| rollout/                |            |
|    ep_len_mean          | 1.29e+03   |
|    ep_rew_mean          | 119        |
| time/                   |            |
|    fps                  | 941        |
|    iterations           | 50         |
|    time_elapsed         | 108        |
|    total_timesteps      | 1536000    |
| train/                  |            |
|    approx_kl            | 0.00443812 |
|    clip_fraction        | 0.158      |
|    clip_range           | 0.2        |
|    entropy_loss         | -1.95      |
|    explained_variance   | 0.714      |
|    learning_rate        | 0.0003     |
|    loss                 | 71.4       |
|    n_updates            | 3745       |
|    policy_gradient_loss | 0.00444    |
|    std                  | 0.641      |
|    value_loss           | 92         |
----------------------------------------
-----------------------------------------
| rollout/                |             |
|    ep_len_mean          | 1.29e+03    |
|    ep_rew_mean          | 119         |
| time/                   |             |
|    fps                  | 939         |
|    iterations           | 51          |
|    time_elapsed         | 111         |
|    total_timesteps      | 1538048     |
| train/                  |             |
|    approx_kl            | 0.023355406 |
|    clip_fraction        | 0.19        |
|    clip_range           | 0.2         |
|    entropy_loss         | -1.95       |
|    explained_variance   | 0.792       |
|    learning_rate        | 0.0003      |
|    loss                 | 1.09        |
|    n_updates            | 3750        |
|    policy_gradient_loss | 0.00191     |
|    std                  | 0.642       |
|    value_loss           | 61.3        |
-----------------------------------------
-----------------------------------------
| rollout/                |             |
|    ep_len_mean          | 1.28e+03    |
|    ep_rew_mean          | 121         |
| time/                   |             |
|    fps                  | 941         |
|    iterations           | 52          |
|    time_elapsed         | 113         |
|    total_timesteps      | 1540096     |
| train/                  |             |
|    approx_kl            | 0.009995725 |
|    clip_fraction        | 0.0725      |
|    clip_range           | 0.2         |
|    entropy_loss         | -1.95       |
|    explained_variance   | 0.6         |
|    learning_rate        | 0.0003      |
|    loss                 | 1.69        |
|    n_updates            | 3755        |
|    policy_gradient_loss | -3.3e-06    |
|    std                  | 0.64        |
|    value_loss           | 53.1        |
-----------------------------------------
-----------------------------------------
| rollout/                |             |
|    ep_len_mean          | 1.29e+03    |
|    ep_rew_mean          | 117         |
| time/                   |             |
|    fps                  | 943         |
|    iterations           | 53          |
|    time_elapsed         | 115         |
|    total_timesteps      | 1542144     |
| train/                  |             |
|    approx_kl            | 0.009624383 |
|    clip_fraction        | 0.052       |
|    clip_range           | 0.2         |
|    entropy_loss         | -1.94       |
|    explained_variance   | 0.762       |
|    learning_rate        | 0.0003      |
|    loss                 | 0.701       |
|    n_updates            | 3760        |
|    policy_gradient_loss | 0.000915    |
|    std                  | 0.639       |
|    value_loss           | 30.9        |
-----------------------------------------
----------------------------------------
| rollout/                |            |
|    ep_len_mean          | 1.29e+03   |
|    ep_rew_mean          | 117        |
| time/                   |            |
|    fps                  | 942        |
|    iterations           | 54         |
|    time_elapsed         | 117        |
|    total_timesteps      | 1544192    |
| train/                  |            |
|    approx_kl            | 0.09191282 |
|    clip_fraction        | 0.202      |
|    clip_range           | 0.2        |
|    entropy_loss         | -1.94      |
|    explained_variance   | 0.912      |
|    learning_rate        | 0.0003     |
|    loss                 | 0.791      |
|    n_updates            | 3765       |
|    policy_gradient_loss | 0.0218     |
|    std                  | 0.641      |
|    value_loss           | 11.3       |
----------------------------------------
----------------------------------------
| rollout/                |            |
|    ep_len_mean          | 1.29e+03   |
|    ep_rew_mean          | 117        |
| time/                   |            |
|    fps                  | 943        |
|    iterations           | 55         |
|    time_elapsed         | 119        |
|    total_timesteps      | 1546240    |
| train/                  |            |
|    approx_kl            | 0.00877354 |
|    clip_fraction        | 0.078      |
|    clip_range           | 0.2        |
|    entropy_loss         | -1.94      |
|    explained_variance   | 0.663      |
|    learning_rate        | 0.0003     |
|    loss                 | 6.15       |
|    n_updates            | 3770       |
|    policy_gradient_loss | -0.000435  |
|    std                  | 0.638      |
|    value_loss           | 38.5       |
----------------------------------------
------------------------------------------
| rollout/                |              |
|    ep_len_mean          | 1.29e+03     |
|    ep_rew_mean          | 118          |
| time/                   |              |
|    fps                  | 944          |
|    iterations           | 56           |
|    time_elapsed         | 121          |
|    total_timesteps      | 1548288      |
| train/                  |              |
|    approx_kl            | 0.0064665545 |
|    clip_fraction        | 0.0639       |
|    clip_range           | 0.2          |
|    entropy_loss         | -1.94        |
|    explained_variance   | 0.867        |
|    learning_rate        | 0.0003       |
|    loss                 | 1.06         |
|    n_updates            | 3775         |
|    policy_gradient_loss | -0.00289     |
|    std                  | 0.638        |
|    value_loss           | 17.2         |
------------------------------------------
---------------------------------------
| rollout/                |           |
|    ep_len_mean          | 1.3e+03   |
|    ep_rew_mean          | 118       |
| time/                   |           |
|    fps                  | 945       |
|    iterations           | 57        |
|    time_elapsed         | 123       |
|    total_timesteps      | 1550336   |
| train/                  |           |
|    approx_kl            | 0.2319028 |
|    clip_fraction        | 0.381     |
|    clip_range           | 0.2       |
|    entropy_loss         | -1.94     |
|    explained_variance   | 0.715     |
|    learning_rate        | 0.0003    |
|    loss                 | 52.2      |
|    n_updates            | 3780      |
|    policy_gradient_loss | 0.0618    |
|    std                  | 0.64      |
|    value_loss           | 23.8      |
---------------------------------------
-----------------------------------------
| rollout/                |             |
|    ep_len_mean          | 1.3e+03     |
|    ep_rew_mean          | 117         |
| time/                   |             |
|    fps                  | 945         |
|    iterations           | 58          |
|    time_elapsed         | 125         |
|    total_timesteps      | 1552384     |
| train/                  |             |
|    approx_kl            | 0.057346918 |
|    clip_fraction        | 0.242       |
|    clip_range           | 0.2         |
|    entropy_loss         | -1.94       |
|    explained_variance   | 0.808       |
|    learning_rate        | 0.0003      |
|    loss                 | 2.94        |
|    n_updates            | 3785        |
|    policy_gradient_loss | 0.0124      |
|    std                  | 0.639       |
|    value_loss           | 26.6        |
-----------------------------------------
----------------------------------------
| rollout/                |            |
|    ep_len_mean          | 1.3e+03    |
|    ep_rew_mean          | 118        |
| time/                   |            |
|    fps                  | 946        |
|    iterations           | 59         |
|    time_elapsed         | 127        |
|    total_timesteps      | 1554432    |
| train/                  |            |
|    approx_kl            | 0.14546262 |
|    clip_fraction        | 0.223      |
|    clip_range           | 0.2        |
|    entropy_loss         | -1.94      |
|    explained_variance   | 0.475      |
|    learning_rate        | 0.0003     |
|    loss                 | 37.1       |
|    n_updates            | 3790       |
|    policy_gradient_loss | 0.0177     |
|    std                  | 0.638      |
|    value_loss           | 64.2       |
----------------------------------------
-----------------------------------------
| rollout/                |             |
|    ep_len_mean          | 1.29e+03    |
|    ep_rew_mean          | 119         |
| time/                   |             |
|    fps                  | 944         |
|    iterations           | 60          |
|    time_elapsed         | 130         |
|    total_timesteps      | 1556480     |
| train/                  |             |
|    approx_kl            | 0.013212174 |
|    clip_fraction        | 0.157       |
|    clip_range           | 0.2         |
|    entropy_loss         | -1.94       |
|    explained_variance   | 0.392       |
|    learning_rate        | 0.0003      |
|    loss                 | 63.7        |
|    n_updates            | 3795        |
|    policy_gradient_loss | 0.00491     |
|    std                  | 0.638       |
|    value_loss           | 146         |
-----------------------------------------
------------------------------------------
| rollout/                |              |
|    ep_len_mean          | 1.28e+03     |
|    ep_rew_mean          | 119          |
| time/                   |              |
|    fps                  | 945          |
|    iterations           | 61           |
|    time_elapsed         | 132          |
|    total_timesteps      | 1558528      |
| train/                  |              |
|    approx_kl            | 0.0043367823 |
|    clip_fraction        | 0.107        |
|    clip_range           | 0.2          |
|    entropy_loss         | -1.94        |
|    explained_variance   | 0.612        |
|    learning_rate        | 0.0003       |
|    loss                 | 95.8         |
|    n_updates            | 3800         |
|    policy_gradient_loss | -0.00256     |
|    std                  | 0.636        |
|    value_loss           | 36.7         |
------------------------------------------
-----------------------------------------
| rollout/                |             |
|    ep_len_mean          | 1.3e+03     |
|    ep_rew_mean          | 117         |
| time/                   |             |
|    fps                  | 944         |
|    iterations           | 62          |
|    time_elapsed         | 134         |
|    total_timesteps      | 1560576     |
| train/                  |             |
|    approx_kl            | 0.012684396 |
|    clip_fraction        | 0.0865      |
|    clip_range           | 0.2         |
|    entropy_loss         | -1.93       |
|    explained_variance   | 0.516       |
|    learning_rate        | 0.0003      |
|    loss                 | 0.843       |
|    n_updates            | 3805        |
|    policy_gradient_loss | -0.00037    |
|    std                  | 0.635       |
|    value_loss           | 68.6        |
-----------------------------------------
-----------------------------------------
| rollout/                |             |
|    ep_len_mean          | 1.3e+03     |
|    ep_rew_mean          | 117         |
| time/                   |             |
|    fps                  | 942         |
|    iterations           | 63          |
|    time_elapsed         | 136         |
|    total_timesteps      | 1562624     |
| train/                  |             |
|    approx_kl            | 0.024886943 |
|    clip_fraction        | 0.15        |
|    clip_range           | 0.2         |
|    entropy_loss         | -1.93       |
|    explained_variance   | 0.383       |
|    learning_rate        | 0.0003      |
|    loss                 | 7.75        |
|    n_updates            | 3810        |
|    policy_gradient_loss | 0.00131     |
|    std                  | 0.634       |
|    value_loss           | 72          |
-----------------------------------------
----------------------------------------
| rollout/                |            |
|    ep_len_mean          | 1.32e+03   |
|    ep_rew_mean          | 115        |
| time/                   |            |
|    fps                  | 942        |
|    iterations           | 64         |
|    time_elapsed         | 139        |
|    total_timesteps      | 1564672    |
| train/                  |            |
|    approx_kl            | 0.03961838 |
|    clip_fraction        | 0.171      |
|    clip_range           | 0.2        |
|    entropy_loss         | -1.92      |
|    explained_variance   | 0.752      |
|    learning_rate        | 0.0003     |
|    loss                 | 1.81       |
|    n_updates            | 3815       |
|    policy_gradient_loss | 0.00157    |
|    std                  | 0.632      |
|    value_loss           | 12.5       |
----------------------------------------
-----------------------------------------
| rollout/                |             |
|    ep_len_mean          | 1.31e+03    |
|    ep_rew_mean          | 116         |
| time/                   |             |
|    fps                  | 938         |
|    iterations           | 65          |
|    time_elapsed         | 141         |
|    total_timesteps      | 1566720     |
| train/                  |             |
|    approx_kl            | 0.004764976 |
|    clip_fraction        | 0.0709      |
|    clip_range           | 0.2         |
|    entropy_loss         | -1.92       |
|    explained_variance   | 0.161       |
|    learning_rate        | 0.0003      |
|    loss                 | 3.57        |
|    n_updates            | 3820        |
|    policy_gradient_loss | -0.000106   |
|    std                  | 0.631       |
|    value_loss           | 151         |
-----------------------------------------
------------------------------------------
| rollout/                |              |
|    ep_len_mean          | 1.31e+03     |
|    ep_rew_mean          | 116          |
| time/                   |              |
|    fps                  | 936          |
|    iterations           | 66           |
|    time_elapsed         | 144          |
|    total_timesteps      | 1568768      |
| train/                  |              |
|    approx_kl            | 0.0047076093 |
|    clip_fraction        | 0.0634       |
|    clip_range           | 0.2          |
|    entropy_loss         | -1.91        |
|    explained_variance   | 0.551        |
|    learning_rate        | 0.0003       |
|    loss                 | 37.5         |
|    n_updates            | 3825         |
|    policy_gradient_loss | -0.00153     |
|    std                  | 0.63         |
|    value_loss           | 97.6         |
------------------------------------------
----------------------------------------
| rollout/                |            |
|    ep_len_mean          | 1.3e+03    |
|    ep_rew_mean          | 117        |
| time/                   |            |
|    fps                  | 938        |
|    iterations           | 67         |
|    time_elapsed         | 146        |
|    total_timesteps      | 1570816    |
| train/                  |            |
|    approx_kl            | 0.00922357 |
|    clip_fraction        | 0.126      |
|    clip_range           | 0.2        |
|    entropy_loss         | -1.91      |
|    explained_variance   | 0.859      |
|    learning_rate        | 0.0003     |
|    loss                 | 3.86       |
|    n_updates            | 3830       |
|    policy_gradient_loss | 0.00231    |
|    std                  | 0.629      |
|    value_loss           | 3.42       |
----------------------------------------
-----------------------------------------
| rollout/                |             |
|    ep_len_mean          | 1.3e+03     |
|    ep_rew_mean          | 119         |
| time/                   |             |
|    fps                  | 938         |
|    iterations           | 68          |
|    time_elapsed         | 148         |
|    total_timesteps      | 1572864     |
| train/                  |             |
|    approx_kl            | 0.004673085 |
|    clip_fraction        | 0.0765      |
|    clip_range           | 0.2         |
|    entropy_loss         | -1.91       |
|    explained_variance   | 0.665       |
|    learning_rate        | 0.0003      |
|    loss                 | 3.02        |
|    n_updates            | 3835        |
|    policy_gradient_loss | -0.000199   |
|    std                  | 0.628       |
|    value_loss           | 58.8        |
-----------------------------------------
------------------------------------------
| rollout/                |              |
|    ep_len_mean          | 1.29e+03     |
|    ep_rew_mean          | 120          |
| time/                   |              |
|    fps                  | 937          |
|    iterations           | 69           |
|    time_elapsed         | 150          |
|    total_timesteps      | 1574912      |
| train/                  |              |
|    approx_kl            | 0.0031428046 |
|    clip_fraction        | 0.017        |
|    clip_range           | 0.2          |
|    entropy_loss         | -1.9         |
|    explained_variance   | 0.743        |
|    learning_rate        | 0.0003       |
|    loss                 | 6.88         |
|    n_updates            | 3840         |
|    policy_gradient_loss | -0.000429    |
|    std                  | 0.628        |
|    value_loss           | 68.5         |
------------------------------------------
------------------------------------------
| rollout/                |              |
|    ep_len_mean          | 1.29e+03     |
|    ep_rew_mean          | 121          |
| time/                   |              |
|    fps                  | 937          |
|    iterations           | 70           |
|    time_elapsed         | 152          |
|    total_timesteps      | 1576960      |
| train/                  |              |
|    approx_kl            | 0.0050493414 |
|    clip_fraction        | 0.0485       |
|    clip_range           | 0.2          |
|    entropy_loss         | -1.91        |
|    explained_variance   | 0.837        |
|    learning_rate        | 0.0003       |
|    loss                 | 67.2         |
|    n_updates            | 3845         |
|    policy_gradient_loss | -0.00241     |
|    std                  | 0.628        |
|    value_loss           | 54.2         |
------------------------------------------
-----------------------------------------
| rollout/                |             |
|    ep_len_mean          | 1.29e+03    |
|    ep_rew_mean          | 121         |
| time/                   |             |
|    fps                  | 936         |
|    iterations           | 71          |
|    time_elapsed         | 155         |
|    total_timesteps      | 1579008     |
| train/                  |             |
|    approx_kl            | 0.013644891 |
|    clip_fraction        | 0.0848      |
|    clip_range           | 0.2         |
|    entropy_loss         | -1.9        |
|    explained_variance   | 0.355       |
|    learning_rate        | 0.0003      |
|    loss                 | 153         |
|    n_updates            | 3850        |
|    policy_gradient_loss | -0.00117    |
|    std                  | 0.626       |
|    value_loss           | 56.7        |
-----------------------------------------
------------------------------------------
| rollout/                |              |
|    ep_len_mean          | 1.29e+03     |
|    ep_rew_mean          | 121          |
| time/                   |              |
|    fps                  | 935          |
|    iterations           | 72           |
|    time_elapsed         | 157          |
|    total_timesteps      | 1581056      |
| train/                  |              |
|    approx_kl            | 0.0075522405 |
|    clip_fraction        | 0.0829       |
|    clip_range           | 0.2          |
|    entropy_loss         | -1.9         |
|    explained_variance   | 0.691        |
|    learning_rate        | 0.0003       |
|    loss                 | 126          |
|    n_updates            | 3855         |
|    policy_gradient_loss | 0.000236     |
|    std                  | 0.625        |
|    value_loss           | 87.9         |
------------------------------------------
------------------------------------------
| rollout/                |              |
|    ep_len_mean          | 1.28e+03     |
|    ep_rew_mean          | 121          |
| time/                   |              |
|    fps                  | 936          |
|    iterations           | 73           |
|    time_elapsed         | 159          |
|    total_timesteps      | 1583104      |
| train/                  |              |
|    approx_kl            | 0.0076864944 |
|    clip_fraction        | 0.0985       |
|    clip_range           | 0.2          |
|    entropy_loss         | -1.9         |
|    explained_variance   | 0.986        |
|    learning_rate        | 0.0003       |
|    loss                 | 2.6          |
|    n_updates            | 3860         |
|    policy_gradient_loss | -0.00103     |
|    std                  | 0.625        |
|    value_loss           | 3.19         |
------------------------------------------
------------------------------------------
| rollout/                |              |
|    ep_len_mean          | 1.28e+03     |
|    ep_rew_mean          | 121          |
| time/                   |              |
|    fps                  | 935          |
|    iterations           | 74           |
|    time_elapsed         | 162          |
|    total_timesteps      | 1585152      |
| train/                  |              |
|    approx_kl            | 0.0066894246 |
|    clip_fraction        | 0.035        |
|    clip_range           | 0.2          |
|    entropy_loss         | -1.9         |
|    explained_variance   | 0.78         |
|    learning_rate        | 0.0003       |
|    loss                 | 5.69         |
|    n_updates            | 3865         |
|    policy_gradient_loss | -0.0018      |
|    std                  | 0.626        |
|    value_loss           | 75.6         |
------------------------------------------
-----------------------------------------
| rollout/                |             |
|    ep_len_mean          | 1.27e+03    |
|    ep_rew_mean          | 123         |
| time/                   |             |
|    fps                  | 935         |
|    iterations           | 75          |
|    time_elapsed         | 164         |
|    total_timesteps      | 1587200     |
| train/                  |             |
|    approx_kl            | 0.012948062 |
|    clip_fraction        | 0.146       |
|    clip_range           | 0.2         |
|    entropy_loss         | -1.9        |
|    explained_variance   | 0.94        |
|    learning_rate        | 0.0003      |
|    loss                 | 1.41        |
|    n_updates            | 3870        |
|    policy_gradient_loss | 0.00894     |
|    std                  | 0.626       |
|    value_loss           | 5.83        |
-----------------------------------------
-----------------------------------------
| rollout/                |             |
|    ep_len_mean          | 1.27e+03    |
|    ep_rew_mean          | 123         |
| time/                   |             |
|    fps                  | 935         |
|    iterations           | 76          |
|    time_elapsed         | 166         |
|    total_timesteps      | 1589248     |
| train/                  |             |
|    approx_kl            | 0.009637276 |
|    clip_fraction        | 0.0968      |
|    clip_range           | 0.2         |
|    entropy_loss         | -1.9        |
|    explained_variance   | 0.825       |
|    learning_rate        | 0.0003      |
|    loss                 | 30.6        |
|    n_updates            | 3875        |
|    policy_gradient_loss | -0.000848   |
|    std                  | 0.626       |
|    value_loss           | 72.8        |
-----------------------------------------
-----------------------------------------
| rollout/                |             |
|    ep_len_mean          | 1.26e+03    |
|    ep_rew_mean          | 124         |
| time/                   |             |
|    fps                  | 935         |
|    iterations           | 77          |
|    time_elapsed         | 168         |
|    total_timesteps      | 1591296     |
| train/                  |             |
|    approx_kl            | 0.004444735 |
|    clip_fraction        | 0.0259      |
|    clip_range           | 0.2         |
|    entropy_loss         | -1.9        |
|    explained_variance   | 0.823       |
|    learning_rate        | 0.0003      |
|    loss                 | 1.76        |
|    n_updates            | 3880        |
|    policy_gradient_loss | -0.00263    |
|    std                  | 0.626       |
|    value_loss           | 60.3        |
-----------------------------------------
-----------------------------------------
| rollout/                |             |
|    ep_len_mean          | 1.25e+03    |
|    ep_rew_mean          | 124         |
| time/                   |             |
|    fps                  | 934         |
|    iterations           | 78          |
|    time_elapsed         | 170         |
|    total_timesteps      | 1593344     |
| train/                  |             |
|    approx_kl            | 0.008040535 |
|    clip_fraction        | 0.0507      |
|    clip_range           | 0.2         |
|    entropy_loss         | -1.9        |
|    explained_variance   | 0.896       |
|    learning_rate        | 0.0003      |
|    loss                 | 37.4        |
|    n_updates            | 3885        |
|    policy_gradient_loss | -0.00257    |
|    std                  | 0.626       |
|    value_loss           | 60.7        |
-----------------------------------------
-----------------------------------------
| rollout/                |             |
|    ep_len_mean          | 1.24e+03    |
|    ep_rew_mean          | 126         |
| time/                   |             |
|    fps                  | 934         |
|    iterations           | 79          |
|    time_elapsed         | 173         |
|    total_timesteps      | 1595392     |
| train/                  |             |
|    approx_kl            | 0.002950456 |
|    clip_fraction        | 0.0301      |
|    clip_range           | 0.2         |
|    entropy_loss         | -1.9        |
|    explained_variance   | 0.881       |
|    learning_rate        | 0.0003      |
|    loss                 | 4.55        |
|    n_updates            | 3890        |
|    policy_gradient_loss | -0.00107    |
|    std                  | 0.625       |
|    value_loss           | 49.4        |
-----------------------------------------
-----------------------------------------
| rollout/                |             |
|    ep_len_mean          | 1.24e+03    |
|    ep_rew_mean          | 125         |
| time/                   |             |
|    fps                  | 934         |
|    iterations           | 80          |
|    time_elapsed         | 175         |
|    total_timesteps      | 1597440     |
| train/                  |             |
|    approx_kl            | 0.005633763 |
|    clip_fraction        | 0.0263      |
|    clip_range           | 0.2         |
|    entropy_loss         | -1.9        |
|    explained_variance   | 0.845       |
|    learning_rate        | 0.0003      |
|    loss                 | 97.2        |
|    n_updates            | 3895        |
|    policy_gradient_loss | -0.00125    |
|    std                  | 0.625       |
|    value_loss           | 52.6        |
-----------------------------------------
-----------------------------------------
| rollout/                |             |
|    ep_len_mean          | 1.24e+03    |
|    ep_rew_mean          | 125         |
| time/                   |             |
|    fps                  | 932         |
|    iterations           | 81          |
|    time_elapsed         | 177         |
|    total_timesteps      | 1599488     |
| train/                  |             |
|    approx_kl            | 0.009198238 |
|    clip_fraction        | 0.156       |
|    clip_range           | 0.2         |
|    entropy_loss         | -1.89       |
|    explained_variance   | 0.906       |
|    learning_rate        | 0.0003      |
|    loss                 | 1.13        |
|    n_updates            | 3900        |
|    policy_gradient_loss | 0.00217     |
|    std                  | 0.624       |
|    value_loss           | 36.2        |
-----------------------------------------
-----------------------------------------
| rollout/                |             |
|    ep_len_mean          | 1.22e+03    |
|    ep_rew_mean          | 128         |
| time/                   |             |
|    fps                  | 931         |
|    iterations           | 82          |
|    time_elapsed         | 180         |
|    total_timesteps      | 1601536     |
| train/                  |             |
|    approx_kl            | 0.004481831 |
|    clip_fraction        | 0.0287      |
|    clip_range           | 0.2         |
|    entropy_loss         | -1.89       |
|    explained_variance   | 0.798       |
|    learning_rate        | 0.0003      |
|    loss                 | 39.8        |
|    n_updates            | 3905        |
|    policy_gradient_loss | -0.0028     |
|    std                  | 0.624       |
|    value_loss           | 53.5        |
-----------------------------------------
------------------------------------------
| rollout/                |              |
|    ep_len_mean          | 1.22e+03     |
|    ep_rew_mean          | 128          |
| time/                   |              |
|    fps                  | 931          |
|    iterations           | 83           |
|    time_elapsed         | 182          |
|    total_timesteps      | 1603584      |
| train/                  |              |
|    approx_kl            | 0.0048571527 |
|    clip_fraction        | 0.0334       |
|    clip_range           | 0.2          |
|    entropy_loss         | -1.89        |
|    explained_variance   | 0.868        |
|    learning_rate        | 0.0003       |
|    loss                 | 1.8          |
|    n_updates            | 3910         |
|    policy_gradient_loss | -0.00155     |
|    std                  | 0.624        |
|    value_loss           | 42.8         |
------------------------------------------
-----------------------------------------
| rollout/                |             |
|    ep_len_mean          | 1.24e+03    |
|    ep_rew_mean          | 126         |
| time/                   |             |
|    fps                  | 931         |
|    iterations           | 84          |
|    time_elapsed         | 184         |
|    total_timesteps      | 1605632     |
| train/                  |             |
|    approx_kl            | 0.020519257 |
|    clip_fraction        | 0.127       |
|    clip_range           | 0.2         |
|    entropy_loss         | -1.89       |
|    explained_variance   | 0.916       |
|    learning_rate        | 0.0003      |
|    loss                 | 0.891       |
|    n_updates            | 3915        |
|    policy_gradient_loss | 0.00307     |
|    std                  | 0.625       |
|    value_loss           | 29.3        |
-----------------------------------------
------------------------------------------
| rollout/                |              |
|    ep_len_mean          | 1.24e+03     |
|    ep_rew_mean          | 126          |
| time/                   |              |
|    fps                  | 930          |
|    iterations           | 85           |
|    time_elapsed         | 187          |
|    total_timesteps      | 1607680      |
| train/                  |              |
|    approx_kl            | 0.0067875204 |
|    clip_fraction        | 0.0604       |
|    clip_range           | 0.2          |
|    entropy_loss         | -1.89        |
|    explained_variance   | 0.821        |
|    learning_rate        | 0.0003       |
|    loss                 | 78.9         |
|    n_updates            | 3920         |
|    policy_gradient_loss | -9.9e-05     |
|    std                  | 0.625        |
|    value_loss           | 59.2         |
------------------------------------------
------------------------------------------
| rollout/                |              |
|    ep_len_mean          | 1.24e+03     |
|    ep_rew_mean          | 126          |
| time/                   |              |
|    fps                  | 931          |
|    iterations           | 86           |
|    time_elapsed         | 189          |
|    total_timesteps      | 1609728      |
| train/                  |              |
|    approx_kl            | 0.0048456946 |
|    clip_fraction        | 0.0478       |
|    clip_range           | 0.2          |
|    entropy_loss         | -1.89        |
|    explained_variance   | 0.787        |
|    learning_rate        | 0.0003       |
|    loss                 | 1.08         |
|    n_updates            | 3925         |
|    policy_gradient_loss | -0.00157     |
|    std                  | 0.624        |
|    value_loss           | 111          |
------------------------------------------
-----------------------------------------
| rollout/                |             |
|    ep_len_mean          | 1.23e+03    |
|    ep_rew_mean          | 126         |
| time/                   |             |
|    fps                  | 931         |
|    iterations           | 87          |
|    time_elapsed         | 191         |
|    total_timesteps      | 1611776     |
| train/                  |             |
|    approx_kl            | 0.042726208 |
|    clip_fraction        | 0.178       |
|    clip_range           | 0.2         |
|    entropy_loss         | -1.89       |
|    explained_variance   | 0.875       |
|    learning_rate        | 0.0003      |
|    loss                 | 0.493       |
|    n_updates            | 3930        |
|    policy_gradient_loss | 0.00412     |
|    std                  | 0.623       |
|    value_loss           | 3.2         |
-----------------------------------------
-----------------------------------------
| rollout/                |             |
|    ep_len_mean          | 1.22e+03    |
|    ep_rew_mean          | 128         |
| time/                   |             |
|    fps                  | 931         |
|    iterations           | 88          |
|    time_elapsed         | 193         |
|    total_timesteps      | 1613824     |
| train/                  |             |
|    approx_kl            | 0.006106525 |
|    clip_fraction        | 0.0523      |
|    clip_range           | 0.2         |
|    entropy_loss         | -1.89       |
|    explained_variance   | 0.874       |
|    learning_rate        | 0.0003      |
|    loss                 | 8.32        |
|    n_updates            | 3935        |
|    policy_gradient_loss | -0.00222    |
|    std                  | 0.623       |
|    value_loss           | 31.5        |
-----------------------------------------
-----------------------------------------
| rollout/                |             |
|    ep_len_mean          | 1.22e+03    |
|    ep_rew_mean          | 128         |
| time/                   |             |
|    fps                  | 932         |
|    iterations           | 89          |
|    time_elapsed         | 195         |
|    total_timesteps      | 1615872     |
| train/                  |             |
|    approx_kl            | 0.005170199 |
|    clip_fraction        | 0.0526      |
|    clip_range           | 0.2         |
|    entropy_loss         | -1.89       |
|    explained_variance   | 0.837       |
|    learning_rate        | 0.0003      |
|    loss                 | 5.68        |
|    n_updates            | 3940        |
|    policy_gradient_loss | -0.00219    |
|    std                  | 0.624       |
|    value_loss           | 56.1        |
-----------------------------------------
-----------------------------------------
| rollout/                |             |
|    ep_len_mean          | 1.23e+03    |
|    ep_rew_mean          | 128         |
| time/                   |             |
|    fps                  | 932         |
|    iterations           | 90          |
|    time_elapsed         | 197         |
|    total_timesteps      | 1617920     |
| train/                  |             |
|    approx_kl            | 0.008022421 |
|    clip_fraction        | 0.0381      |
|    clip_range           | 0.2         |
|    entropy_loss         | -1.89       |
|    explained_variance   | 0.908       |
|    learning_rate        | 0.0003      |
|    loss                 | 4.28        |
|    n_updates            | 3945        |
|    policy_gradient_loss | -0.00245    |
|    std                  | 0.624       |
|    value_loss           | 26.2        |
-----------------------------------------
-----------------------------------------
| rollout/                |             |
|    ep_len_mean          | 1.23e+03    |
|    ep_rew_mean          | 128         |
| time/                   |             |
|    fps                  | 931         |
|    iterations           | 91          |
|    time_elapsed         | 199         |
|    total_timesteps      | 1619968     |
| train/                  |             |
|    approx_kl            | 0.004334962 |
|    clip_fraction        | 0.0222      |
|    clip_range           | 0.2         |
|    entropy_loss         | -1.89       |
|    explained_variance   | 0.818       |
|    learning_rate        | 0.0003      |
|    loss                 | 2.58        |
|    n_updates            | 3950        |
|    policy_gradient_loss | -0.00235    |
|    std                  | 0.623       |
|    value_loss           | 70.9        |
-----------------------------------------
------------------------------------------
| rollout/                |              |
|    ep_len_mean          | 1.22e+03     |
|    ep_rew_mean          | 130          |
| time/                   |              |
|    fps                  | 931          |
|    iterations           | 92           |
|    time_elapsed         | 202          |
|    total_timesteps      | 1622016      |
| train/                  |              |
|    approx_kl            | 0.0032178774 |
|    clip_fraction        | 0.049        |
|    clip_range           | 0.2          |
|    entropy_loss         | -1.88        |
|    explained_variance   | 0.895        |
|    learning_rate        | 0.0003       |
|    loss                 | 3            |
|    n_updates            | 3955         |
|    policy_gradient_loss | -0.000113    |
|    std                  | 0.622        |
|    value_loss           | 50.3         |
------------------------------------------
------------------------------------------
| rollout/                |              |
|    ep_len_mean          | 1.23e+03     |
|    ep_rew_mean          | 130          |
| time/                   |              |
|    fps                  | 932          |
|    iterations           | 93           |
|    time_elapsed         | 204          |
|    total_timesteps      | 1624064      |
| train/                  |              |
|    approx_kl            | 0.0101622585 |
|    clip_fraction        | 0.0949       |
|    clip_range           | 0.2          |
|    entropy_loss         | -1.88        |
|    explained_variance   | 0.877        |
|    learning_rate        | 0.0003       |
|    loss                 | 1.74         |
|    n_updates            | 3960         |
|    policy_gradient_loss | -0.00181     |
|    std                  | 0.621        |
|    value_loss           | 31.8         |
------------------------------------------
------------------------------------------
| rollout/                |              |
|    ep_len_mean          | 1.23e+03     |
|    ep_rew_mean          | 130          |
| time/                   |              |
|    fps                  | 930          |
|    iterations           | 94           |
|    time_elapsed         | 206          |
|    total_timesteps      | 1626112      |
| train/                  |              |
|    approx_kl            | 0.0051136543 |
|    clip_fraction        | 0.0573       |
|    clip_range           | 0.2          |
|    entropy_loss         | -1.88        |
|    explained_variance   | 0.863        |
|    learning_rate        | 0.0003       |
|    loss                 | 4.39         |
|    n_updates            | 3965         |
|    policy_gradient_loss | -0.000539    |
|    std                  | 0.621        |
|    value_loss           | 71.2         |
------------------------------------------
----------------------------------------
| rollout/                |            |
|    ep_len_mean          | 1.22e+03   |
|    ep_rew_mean          | 131        |
| time/                   |            |
|    fps                  | 930        |
|    iterations           | 95         |
|    time_elapsed         | 209        |
|    total_timesteps      | 1628160    |
| train/                  |            |
|    approx_kl            | 0.04927215 |
|    clip_fraction        | 0.232      |
|    clip_range           | 0.2        |
|    entropy_loss         | -1.88      |
|    explained_variance   | 0.903      |
|    learning_rate        | 0.0003     |
|    loss                 | 1.61       |
|    n_updates            | 3970       |
|    policy_gradient_loss | 0.00714    |
|    std                  | 0.621      |
|    value_loss           | 52.1       |
----------------------------------------
----------------------------------------
| rollout/                |            |
|    ep_len_mean          | 1.22e+03   |
|    ep_rew_mean          | 131        |
| time/                   |            |
|    fps                  | 930        |
|    iterations           | 96         |
|    time_elapsed         | 211        |
|    total_timesteps      | 1630208    |
| train/                  |            |
|    approx_kl            | 0.07636764 |
|    clip_fraction        | 0.185      |
|    clip_range           | 0.2        |
|    entropy_loss         | -1.89      |
|    explained_variance   | 0.911      |
|    learning_rate        | 0.0003     |
|    loss                 | 1.41       |
|    n_updates            | 3975       |
|    policy_gradient_loss | 0.00895    |
|    std                  | 0.623      |
|    value_loss           | 48         |
----------------------------------------
-----------------------------------------
| rollout/                |             |
|    ep_len_mean          | 1.22e+03    |
|    ep_rew_mean          | 131         |
| time/                   |             |
|    fps                  | 929         |
|    iterations           | 97          |
|    time_elapsed         | 213         |
|    total_timesteps      | 1632256     |
| train/                  |             |
|    approx_kl            | 0.014912083 |
|    clip_fraction        | 0.289       |
|    clip_range           | 0.2         |
|    entropy_loss         | -1.89       |
|    explained_variance   | 0.853       |
|    learning_rate        | 0.0003      |
|    loss                 | 1.3         |
|    n_updates            | 3980        |
|    policy_gradient_loss | 0.0219      |
|    std                  | 0.624       |
|    value_loss           | 54.3        |
-----------------------------------------
-----------------------------------------
| rollout/                |             |
|    ep_len_mean          | 1.22e+03    |
|    ep_rew_mean          | 131         |
| time/                   |             |
|    fps                  | 929         |
|    iterations           | 98          |
|    time_elapsed         | 215         |
|    total_timesteps      | 1634304     |
| train/                  |             |
|    approx_kl            | 0.018216088 |
|    clip_fraction        | 0.138       |
|    clip_range           | 0.2         |
|    entropy_loss         | -1.89       |
|    explained_variance   | 0.922       |
|    learning_rate        | 0.0003      |
|    loss                 | 0.268       |
|    n_updates            | 3985        |
|    policy_gradient_loss | 0.00462     |
|    std                  | 0.624       |
|    value_loss           | 10.1        |
-----------------------------------------
-----------------------------------------
| rollout/                |             |
|    ep_len_mean          | 1.24e+03    |
|    ep_rew_mean          | 130         |
| time/                   |             |
|    fps                  | 929         |
|    iterations           | 99          |
|    time_elapsed         | 218         |
|    total_timesteps      | 1636352     |
| train/                  |             |
|    approx_kl            | 0.010101659 |
|    clip_fraction        | 0.157       |
|    clip_range           | 0.2         |
|    entropy_loss         | -1.89       |
|    explained_variance   | 0.916       |
|    learning_rate        | 0.0003      |
|    loss                 | 1.36        |
|    n_updates            | 3990        |
|    policy_gradient_loss | 0.00241     |
|    std                  | 0.625       |
|    value_loss           | 45.4        |
-----------------------------------------
------------------------------------------
| rollout/                |              |
|    ep_len_mean          | 1.24e+03     |
|    ep_rew_mean          | 130          |
| time/                   |              |
|    fps                  | 929          |
|    iterations           | 100          |
|    time_elapsed         | 220          |
|    total_timesteps      | 1638400      |
| train/                  |              |
|    approx_kl            | 0.0062843077 |
|    clip_fraction        | 0.0515       |
|    clip_range           | 0.2          |
|    entropy_loss         | -1.9         |
|    explained_variance   | 0.801        |
|    learning_rate        | 0.0003       |
|    loss                 | 6.86         |
|    n_updates            | 3995         |
|    policy_gradient_loss | -0.00142     |
|    std                  | 0.625        |
|    value_loss           | 21.2         |
------------------------------------------

CP8 held-out: 43/50 hits (86.0%), mean miss 3.6 m, mean reward 140.35
STOP CONDITION: no joint improvement -- review gate before continuing.
outputs/precision_ft/seed3_pw50/checkpoints/rl_checkpoint_08.zip: 243/300 hits (81.0%), median miss 3.9 m -> outputs/precision_ft/seed3_pw50/eval300_cp8.json
