checkpoint,episode,total_timesteps,episode_reward,episode_length,outcome,min_range_m,final_time_s,legacy_episode_reward
1,1,7412,11.611021995544434,1853,miss,487.9121428649552,37.060000000000194,-90.90470839533899
1,2,8336,0.3532371520996094,2084,miss,645.1516415751395,41.680000000000916,-126.35877091912647
1,3,9000,10.871408462524414,2250,timeout,511.6690007859209,45.000000000001435,-130.31742238558752
1,4,9000,-11.383042335510254,2250,timeout,1128.7311791280456,45.000000000001435,-92.07861210631016
1,5,14132,-5.942598342895508,1680,miss,1072.5159584253001,33.59999999999965,-90.23514837488236
1,6,14780,-30.730600357055664,1445,miss,2145.2592437489598,28.899999999999473,-79.17130303456398
1,7,15408,-5.574433326721191,1602,miss,1115.4141826297096,32.03999999999941,-87.49943447937298
1,8,15924,-9.190902709960938,1897,miss,1255.4152264930526,37.94000000000033,-81.93229099241138
1,9,23132,-24.141399383544922,2250,timeout,1616.8362851904049,45.000000000001435,-125.22131162792707
1,10,23536,-0.8603477478027344,2032,miss,807.1793370995479,40.640000000000754,-91.31567589849203
1,11,23780,7.363346099853516,2250,timeout,591.462075706694,45.000000000001435,-120.75346339167308
1,12,24924,12.09391975402832,2250,timeout,301.9125936063259,45.000000000001435,-123.32518811857507
1,13,30088,7.57407283782959,1739,miss,688.2518201648362,34.77999999999984,-82.72652843201405
1,14,31124,-0.4640364646911621,1836,miss,791.7178251371636,36.72000000000014,-71.28209441755716
1,15,32040,4.452159881591797,2126,miss,552.070540178817,42.52000000000105,-118.94355856983324
1,16,33924,-0.09518623352050781,2250,timeout,860.0419262613572,45.000000000001435,-71.11703708692517
1,17,39088,18.321876525878906,2250,timeout,347.5017386737313,45.000000000001435,-98.19837559574322
1,18,39164,5.859669208526611,1781,miss,556.216934687786,35.61999999999997,-70.62739126177897
1,19,39452,12.480353355407715,2082,miss,536.2148750988132,41.64000000000091,-83.1669389626725
1,20,41908,6.079033851623535,1996,miss,727.9229123433925,39.92000000000064,-84.22666582991144
1,21,47044,17.26063346862793,1898,miss,267.1910434448611,37.960000000000335,-93.52482475502092
1,22,47692,23.951021194458008,2132,miss,125.05812102707648,42.640000000001066,-95.34623207604346
1,23,48088,14.699586868286133,2250,timeout,356.34094130644735,45.000000000001435,-70.63043871528457
1,24,49752,17.463668823242188,1961,miss,373.1139667227424,39.22000000000053,-82.14182891076743
1,25,55760,19.253971099853516,1918,miss,204.92376010106912,38.3600000000004,-86.9968315032135
1,26,56044,9.463882446289062,2250,timeout,514.2549319223399,45.000000000001435,-88.39503846851666
1,27,56692,14.270942687988281,2250,timeout,408.9358634528532,45.000000000001435,-68.89809288048691
1,28,57264,25.010311126708984,1878,miss,123.03492056793219,37.56000000000027,-78.49991700977534
1,29,62604,28.14410972595215,1711,miss,9.321913703508985,34.21999999999975,-58.633873066412065
1,30,64512,31.543291091918945,1812,miss,29.169127700170126,36.240000000000066,-75.34347024634208
1,31,65044,10.271315574645996,2250,timeout,553.8564886322639,45.000000000001435,-97.82180914323664
1,32,65692,-8.219308853149414,2250,timeout,642.7544562358735,45.000000000001435,-124.87005652232067
1,33,71156,26.173095703125,2138,miss,46.71860753234892,42.760000000001085,-101.47548567076589
1,34,71816,14.466764450073242,1826,miss,194.49421671741678,36.52000000000011,-130.13741876922884
1,35,72000,26.73232650756836,1739,miss,14.051688417408549,34.77999999999984,-61.79009591419631
1,36,72984,24.85915756225586,1823,miss,120.32117498932993,36.4600000000001,-87.76217195493425
1,37,78604,30.541606903076172,1862,miss,34.12576397385783,37.24000000000022,-80.83143780262428
1,38,79668,16.401716232299805,1963,miss,27.993375107750392,39.26000000000054,-105.24076381435371
1,39,81000,7.648403167724609,2250,timeout,144.05812230930619,45.000000000001435,-94.38062310417182
1,40,81232,27.846431732177734,2062,miss,58.54050353899156,41.24000000000085,-79.12311382984362
1,41,86764,30.63785171508789,1774,miss,9.519482827412036,35.47999999999995,-58.56629313058043
1,42,87604,21.98203468322754,2250,timeout,149.0219003804023,45.000000000001435,-100.28257357887699
1,43,88272,30.557140350341797,1760,miss,19.21827840378795,35.1999999999999,-75.02223722940475
1,44,90000,24.777517318725586,2250,timeout,7.130216886870609,45.000000000001435,-59.45980549542018
1,45,91224,127.11074829101562,1115,hit,4.877940657509868,22.299999999999613,146.9031509495161
1,46,95268,28.659103393554688,1916,miss,64.27478322751399,38.32000000000039,-77.60917935532038
1,47,96620,22.22072982788086,2087,miss,7.413968988424398,41.740000000000926,-119.74090819083645
1,48,97152,31.690589904785156,1788,miss,22.61630650575841,35.75999999999999,-50.51737862315148
1,49,100224,21.301828384399414,2250,timeout,22.385323121603875,45.000000000001435,-99.19429845588813
1,50,100604,135.97695922851562,863,hit,4.493483069117617,17.25999999999972,162.05456493113044
1,51,102440,8.73101806640625,1793,miss,31.27039229755331,35.86000000000001,-108.71658885195839
1,52,104472,27.608047485351562,1963,miss,11.65253770345009,39.26000000000054,-87.11178753246067
1,53,107728,21.735124588012695,1876,miss,11.921988841868894,37.520000000000266,-104.60954769390709
1,54,108124,24.13232421875,1880,miss,34.73940494930635,37.60000000000028,-94.04545765429056
1,55,109224,16.85789680480957,1696,miss,8.84723660447137,33.9199999999997,-97.52334042705783
1,56,112452,133.7019805908203,1082,hit,4.24103466625609,21.639999999999628,162.4988379157283
1,57,113472,10.353153228759766,2250,timeout,44.34230076051984,45.000000000001435,-92.6753022248016
1,58,114640,19.883764266967773,1728,miss,23.61580130151255,34.5599999999998,-97.51886468563231
1,59,116864,24.131052017211914,1910,miss,18.449122593373346,38.20000000000037,-96.05227288593129
1,60,119860,17.384876251220703,1852,miss,7.126712662251181,37.04000000000019,-104.83047781793569
1,61,120856,22.865127563476562,1846,miss,9.80400147550524,36.92000000000017,-106.11525449482914
1,62,122024,17.99104881286621,1846,miss,23.84408247723929,36.92000000000017,-98.47979392436815
1,63,123340,21.52928352355957,1619,miss,289.89119878714837,32.37999999999946,-52.91294831351322
1,64,126136,126.56938934326172,699,hit,1.1315535469388642,13.97999999999979,155.12849952554484
1,65,126928,21.988201141357422,1767,miss,46.934523366851955,35.339999999999925,-108.21447920378759
1,66,128164,26.78845977783203,1827,miss,7.84488692908379,36.54000000000011,-57.23448192869747
1,67,130152,28.08151626586914,2032,miss,26.221555173125527,40.640000000000754,-74.51661777976456
1,68,133420,28.41794776916504,1821,miss,6.639441094545725,36.420000000000094,-79.47014578196716
1,69,134324,21.531997680664062,1849,miss,20.01674295658098,36.98000000000018,-71.71380313102863
1,70,135596,29.81725311279297,1858,miss,6.814182074785531,37.16000000000021,-79.10423767803731
1,71,138964,16.10400390625,2203,miss,36.17332900907722,44.06000000000129,-78.82832986123196
1,72,139300,133.83328247070312,926,hit,1.5709980982741123,18.519999999999694,162.20487113563289
1,73,141280,21.116674423217773,1739,miss,5.564688149077241,34.77999999999984,-76.60417936513171
1,74,142420,23.2237548828125,2250,timeout,11.029257934754023,45.000000000001435,-82.65708121941384
1,75,142872,132.16653442382812,977,hit,4.272007821562626,19.539999999999672,158.81677582369366
1,76,146920,20.309812545776367,1905,miss,19.676181924269027,38.10000000000036,-104.16938852851726
1,77,149956,22.415313720703125,1771,miss,36.255467381650696,35.41999999999994,-82.7434267637747
1,78,150280,24.147279739379883,2250,timeout,30.190282384235935,45.000000000001435,-62.02097445634984
1,79,150352,24.947105407714844,1983,miss,33.51556896826953,39.6600000000006,-87.23063327365092
1,80,155816,126.01497650146484,1366,hit,3.9713308645060272,27.319999999999506,145.7158902253206
1,81,155920,19.364105224609375,2250,timeout,8.611566010857496,45.000000000001435,-78.3142043843018
1,82,158576,19.537965774536133,2155,miss,100.41703853930932,43.10000000000114,-113.71516524255081
1,83,159280,15.615684509277344,2250,timeout,6.497768870943352,45.000000000001435,-115.68857555443057
1,84,161980,128.9102783203125,675,hit,4.7646301901247385,13.499999999999801,153.36428326332663
1,85,163132,26.763132095336914,1829,miss,7.396304892479398,36.58000000000012,-75.68908508244783
1,86,163356,17.824567794799805,1859,miss,7.41423065202391,37.18000000000021,-105.04108434851767
1,87,167576,3.791423797607422,2250,timeout,30.44784637702121,45.000000000001435,-84.94522056261522
1,88,168320,12.412734985351562,1585,miss,5.187275629437128,31.699999999999413,-70.50115843020029
1,89,170116,16.608137130737305,1746,miss,10.370086557519317,34.91999999999986,-97.64221635797406
1,90,170916,26.214038848876953,1890,miss,19.937415204110373,37.80000000000031,-87.80992947652739
1,91,176576,19.025279998779297,2250,timeout,61.58806249302417,45.000000000001435,-107.79704493493287
1,92,177320,13.895076751708984,2250,timeout,20.90717384352696,45.000000000001435,-117.49442854164278
1,93,177436,25.080820083618164,1830,miss,7.864151270664388,36.60000000000012,-88.19896149645365
1,94,177828,21.327903747558594,1728,miss,12.3261921891136,34.5599999999998,-77.04185080558318
1,95,183284,20.668716430664062,1677,miss,32.236813910135915,33.539999999999644,-89.15947082122831
1,96,184720,23.980894088745117,1821,miss,10.113217973694466,36.420000000000094,-91.80505520326058
1,97,184956,27.095121383666992,1909,miss,6.232193250083745,38.18000000000037,-94.21017296196828
1,98,186828,20.91757583618164,2250,timeout,19.42363791105478,45.000000000001435,-107.03242305574938
1,99,190680,19.46192169189453,1849,miss,20.441339826484356,36.98000000000018,-98.17650665349366
1,100,193720,13.429513931274414,2250,timeout,20.425852087986843,45.000000000001435,-81.65277535410512
1,101,193956,7.845302581787109,2250,timeout,17.28849509264218,45.000000000001435,-104.09339646314544
1,102,194696,20.881065368652344,1967,miss,30.67075944094968,39.34000000000055,-95.90179076275392
1,103,198300,22.985990524291992,1905,miss,13.95133953927803,38.10000000000036,-87.73181667836546
1,104,201428,13.844507217407227,1927,miss,74.1261631636672,38.540000000000425,-137.11693273458468
1,105,202552,27.489566802978516,1964,miss,9.358513791467448,39.28000000000054,-77.56096561064153
1,106,202956,22.380859375,2250,timeout,38.32207851932248,45.000000000001435,-99.73564330016606
2,107,207460,124.5972671508789,665,hit,3.4458776434723366,13.299999999999805,151.6649612032772
2,108,211852,24.908884048461914,1763,miss,6.412534566001346,35.25999999999991,-70.91293599186022
2,109,212204,14.698863983154297,1851,miss,31.85503655826513,37.02000000000019,-99.89997422549278
2,110,213800,5.6076812744140625,2250,timeout,11.683346551535813,45.000000000001435,-109.12016149652715
2,111,214316,23.392166137695312,1714,miss,20.748893057743732,34.27999999999976,-87.53218601838827
2,112,219284,22.293174743652344,1858,miss,15.956636350414025,37.16000000000021,-98.50296001180926
2,113,219548,21.05208969116211,1836,miss,19.6986521850969,36.72000000000014,-100.95288414902899
2,114,221852,25.641971588134766,2013,miss,16.028186784922347,40.260000000000694,-92.41011240518537
2,115,222516,8.985748291015625,2050,miss,21.97606905637346,41.00000000000081,-111.90321667327721
2,116,228284,21.34623908996582,2250,timeout,5.684798480528157,45.000000000001435,-98.93038116694572
2,117,228548,24.86751365661621,2250,timeout,9.583610087027653,45.000000000001435,-70.28222248625353
2,118,229584,25.369243621826172,1933,miss,30.25574829363127,38.660000000000444,-90.32140556897454
2,119,229672,24.30397605895996,1789,miss,17.13707916283656,35.779999999999994,-84.73488731137112
2,120,236120,22.457059860229492,1959,miss,8.294420005434306,39.180000000000526,-82.71294185867474
2,121,236516,27.255754470825195,1733,miss,5.632817797763657,34.65999999999982,-52.12605618259457
2,122,237548,25.091320037841797,2250,timeout,15.640208205377169,45.000000000001435,-112.10249651305247
2,123,237816,21.446474075317383,2036,miss,19.488782684997833,40.720000000000766,-83.20602183187488
2,124,242960,18.42855453491211,1710,miss,7.105163041622636,34.19999999999975,-76.71891097102578
2,125,244664,16.891273498535156,1712,miss,19.0624211510488,34.23999999999975,-99.54992813095986
2,126,244896,22.87139129638672,2095,miss,11.405174655080696,41.90000000000095,-112.89783875629804
2,127,246548,21.57131576538086,2250,timeout,8.77479553814247,45.000000000001435,-59.67616253505792
2,128,250664,19.71773910522461,1926,miss,23.12118491893244,38.52000000000042,-91.08192241942004
2,129,251764,16.343793869018555,1775,miss,43.09997044498212,35.49999999999995,-104.21260463584431
2,130,252288,25.128957748413086,1848,miss,25.066198401391535,36.96000000000018,-81.80816488059872
2,131,255548,9.933513641357422,2250,timeout,66.97033213883714,45.000000000001435,-77.93369873217866
2,132,258620,11.400043487548828,1989,miss,27.53912228103519,39.78000000000062,-79.67576664283712
2,133,259704,16.652448654174805,1854,miss,10.290256470986412,37.0800000000002,-94.70560054160163
2,134,260764,20.932861328125,2250,timeout,10.941560359039691,45.000000000001435,-95.47398339470311
2,135,264548,18.961654663085938,2250,timeout,40.827118723215484,45.000000000001435,-109.96986079662793
2,136,265364,128.5092315673828,1150,hit,4.629059004070611,22.9999999999996,156.69198332220168
2,137,266704,26.446462631225586,1750,miss,18.803042544715744,34.99999999999987,-55.55067126594378
2,138,267620,19.340938568115234,2250,timeout,23.705403250557048,45.000000000001435,-83.9875733785752
2,139,272000,29.89508056640625,1863,miss,12.119216515828516,37.260000000000225,-75.90488744065195
2,140,274364,20.16727066040039,2250,timeout,11.014079350269585,45.000000000001435,-84.26164822118801
2,141,275704,24.189088821411133,2250,timeout,20.669398600780166,45.000000000001435,-97.51949943077297
2,142,276620,22.481760025024414,2250,timeout,27.391734873914157,45.000000000001435,-99.81599642335382
2,143,279984,127.84211730957031,1996,hit,3.9309340424874373,39.92000000000064,145.46480585907688
2,144,280488,124.83026885986328,1196,hit,3.3648089656241846,23.91999999999958,149.73173649224117
2,145,281716,19.442821502685547,1838,miss,12.286482389677643,36.76000000000015,-124.82873799112303
2,146,285620,6.799796104431152,2250,timeout,8.561657099170947,45.000000000001435,-76.02060399553912
2,147,287508,28.198989868164062,1881,miss,16.035889918178277,37.62000000000028,-80.1572167802072
2,148,288348,6.056999206542969,1965,miss,6.660885832456503,39.300000000000544,-75.88640511188711
2,149,288604,18.085508346557617,1722,miss,10.913456709539783,34.439999999999785,-94.57480098584364
2,150,292272,130.39190673828125,1191,hit,3.983710414913651,23.81999999999958,154.44815441588884
2,151,293008,23.488082885742188,1847,miss,14.78233011718009,36.940000000000175,-89.75217953979848
2,152,295140,23.72211265563965,1634,miss,14.138570320963323,32.67999999999951,-89.98242283293303
2,153,295544,26.94149398803711,1799,miss,14.965165422215902,35.980000000000025,-80.4655144545224
2,154,299004,15.98453140258789,1683,miss,23.813140330136694,33.65999999999966,-100.02935185245859
2,155,299552,17.13120460510254,1636,miss,7.666747200749746,32.719999999999516,-89.34929026425323
2,156,304140,19.67898941040039,2250,timeout,6.49994088156945,45.000000000001435,-107.4945703739957
2,157,304544,20.8887882232666,2250,timeout,5.085220909412133,45.000000000001435,-102.28636105688346
2,158,306420,22.746599197387695,1854,miss,25.13027888857478,37.0800000000002,-95.98879311919877
2,159,308552,4.829032897949219,2250,timeout,20.105959897447338,45.000000000001435,-131.55995864971
2,160,311392,27.764442443847656,1813,miss,5.428383734796534,36.26000000000007,-66.23653991598606
2,161,311940,19.305438995361328,1849,miss,16.791875399248717,36.98000000000018,-108.16489051566012
2,162,312584,126.76994323730469,1541,hit,4.932741049187981,30.819999999999432,151.20352890866093
2,163,315184,28.017860412597656,1658,miss,7.317551405538908,33.159999999999584,-47.28744706463453
2,164,316156,133.05465698242188,893,hit,4.787521976941888,17.859999999999708,161.84551824053892
2,165,318076,26.724245071411133,1671,miss,24.857534023995616,33.419999999999625,-53.08570238424874
2,166,320940,24.906423568725586,2250,timeout,10.443471219031306,45.000000000001435,-65.74342656326439
2,167,322176,17.795547485351562,1748,miss,7.355103623554678,34.959999999999866,-97.27108442642131
2,168,323984,23.206623077392578,1957,miss,14.71498404819616,39.14000000000052,-106.1213738276038
2,169,324616,23.5167293548584,1635,miss,7.5825647133366445,32.69999999999951,-56.916395084645586
2,170,327036,127.3945541381836,1215,hit,4.025227929381002,24.29999999999957,151.7286755452837
2,171,327788,17.265840530395508,1712,miss,29.46930205600252,34.23999999999975,-83.99570044386108
2,172,331700,28.458702087402344,1771,miss,6.137559563073955,35.41999999999994,-71.7559807327667
2,173,332984,3.7573280334472656,2250,timeout,15.041020107738532,45.000000000001435,-134.77102244407786
2,174,334152,22.394363403320312,1779,miss,10.293248768548665,35.57999999999996,-55.66615940408395
2,175,334612,19.642301559448242,1706,miss,32.01716581343824,34.119999999999735,-86.92393873513083
2,176,335644,134.228515625,986,hit,4.771421502305892,19.71999999999967,164.00831294664914
2,177,340544,9.765754699707031,1890,miss,15.293742874136363,37.80000000000031,-130.07951549683432
2,178,341548,12.967853546142578,1849,miss,8.18962038980747,36.98000000000018,-98.97495328164275
2,179,342716,22.0025634765625,1768,miss,27.663188158708916,35.35999999999993,-87.7371926535001
2,180,343612,21.12382698059082,2250,timeout,8.435581114093708,45.000000000001435,-98.86804488818352
2,181,346904,116.70098876953125,1590,hit,4.597509356492473,31.79999999999941,149.52293472314435
2,182,349936,23.362995147705078,1805,miss,11.528524974019838,36.100000000000044,-58.30894975870616
2,183,350548,16.970565795898438,2250,timeout,19.70154775013911,45.000000000001435,-101.99716006048274
2,184,352612,19.642074584960938,2250,timeout,7.911724559504746,45.000000000001435,-91.39369712703645
2,185,355528,19.43743133544922,2156,miss,13.35663623151249,43.12000000000114,-84.27040175315886
2,186,356768,29.614608764648438,1708,miss,5.3470678683698765,34.15999999999974,-51.182317100199555
2,187,359548,21.44945526123047,2250,timeout,8.69658064643131,45.000000000001435,-91.1160174456248
2,188,359564,19.548728942871094,1738,miss,15.388329219928092,34.759999999999835,-89.64209643755525
2,189,363628,21.054643630981445,1715,miss,13.805168857819957,34.29999999999976,-85.87482206479763
2,190,364528,3.761394500732422,2250,timeout,5.581802973981015,45.000000000001435,-77.86499274033181
2,191,366524,129.9339599609375,724,hit,4.571269363211777,14.47999999999978,154.5724944455837
2,192,366716,21.993139266967773,1788,miss,7.716624928463104,35.75999999999999,-95.87177739206224
2,193,368548,24.422269821166992,2250,timeout,11.075278925311984,45.000000000001435,-87.28319551656931
2,194,371780,131.2626495361328,1314,hit,4.865713737442817,26.27999999999953,154.64399027172897
2,195,371820,24.66382598876953,1823,miss,17.877020837753086,36.4600000000001,-86.13826278961784
2,196,373224,9.027420043945312,1627,miss,45.54679066255606,32.53999999999949,-99.88941126398278
2,197,377548,11.902471542358398,2250,timeout,14.3099787274695,45.000000000001435,-93.93619604495248
2,198,377916,129.22933959960938,1524,hit,4.6638949775055565,30.47999999999944,155.34939501939542
2,199,380780,20.401391983032227,2250,timeout,7.251529804880134,45.000000000001435,-89.28273146139391
2,200,381920,22.52284049987793,2174,miss,26.347495456867,43.4800000000012,-96.41807614556873
2,201,386548,16.290481567382812,2250,timeout,11.790619658404086,45.000000000001435,-78.06431264847782
2,202,386916,11.274879455566406,2250,timeout,12.493159237757373,45.000000000001435,-89.84068589533969
2,203,388568,10.707784652709961,1947,miss,8.393069780853683,38.94000000000049,-64.91983152152085
2,204,390468,13.456031799316406,2137,miss,15.31549204008618,42.74000000000108,-116.64556777564226
2,205,391808,124.87037658691406,1223,hit,4.969021299898608,24.459999999999567,149.73739636064343
2,206,395380,122.96696472167969,1228,hit,4.9294967105742105,24.559999999999565,145.36013780054395
2,207,395548,18.259845733642578,2250,timeout,15.689602147790161,45.000000000001435,-90.17026307020893
2,208,395956,18.982858657836914,1847,miss,8.301812121302309,36.940000000000175,-92.60460342089273
2,209,399088,128.8102264404297,783,hit,4.580642696243384,15.659999999999755,153.9562405753448
2,210,399892,22.676572799682617,2021,miss,6.23864559151446,40.42000000000072,-75.05227007472503
2,211,401204,127.68878936767578,1414,hit,4.698137257072481,28.279999999999486,149.38545441154716
2,212,403404,24.41220474243164,2006,miss,50.121425371318765,40.12000000000067,-78.72021400081833
2,213,407240,20.01433753967285,1837,miss,31.748477858648812,36.740000000000144,-107.61013951534302
2,214,407840,19.030214309692383,2188,miss,8.695038612618058,43.76000000000124,-127.55586537282862
3,215,413408,131.11932373046875,952,hit,2.1571847746698776,19.039999999999683,161.77446903009303
3,216,416524,19.02377700805664,1731,miss,6.761982345065,34.61999999999981,-90.76905582552573
3,217,417152,21.168184280395508,1888,miss,12.467252407274056,37.7600000000003,-89.59890139740237
3,218,417916,17.7249755859375,2079,miss,8.016097023938308,41.5800000000009,-107.0663025401996
3,219,422408,17.777069091796875,2250,timeout,12.044859278101361,45.000000000001435,-62.27491629551107
3,220,424596,13.77163314819336,1670,miss,17.3737595454673,33.39999999999962,-98.16934190394323
3,221,425524,22.194833755493164,2250,timeout,8.195796393906368,45.000000000001435,-99.57642781872511
3,222,426152,20.973609924316406,2250,timeout,9.58582074394644,45.000000000001435,-88.2047423494399
3,223,429040,21.87030792236328,1658,miss,12.46004293725598,33.159999999999584,-62.92494566228414
3,224,429144,131.4076385498047,905,hit,4.866432919884564,18.099999999999703,164.86275529803288
3,225,432104,13.13133430480957,1877,miss,25.4134661966927,37.54000000000027,-104.00513916501383
3,226,432560,18.765262603759766,1602,miss,10.921518837134391,32.03999999999941,-95.76661622239301
3,227,438040,0.4932708740234375,2250,timeout,5.786999639122528,45.000000000001435,-75.49507334776476
3,228,438144,18.624351501464844,2250,timeout,9.953632758813836,45.000000000001435,-100.33224132709674
3,229,439100,17.148746490478516,1635,miss,10.155618549401703,32.69999999999951,-69.10209439401221
3,230,439320,10.403953552246094,1804,miss,12.217126757950195,36.08000000000004,-100.103913772142
3,231,445280,22.11517333984375,1810,miss,6.648894611635935,36.20000000000006,-93.03549581535442
3,232,446692,17.62388038635254,1843,miss,9.71180366916722,36.86000000000016,-102.16944223428476
3,233,447144,18.390581130981445,2250,timeout,11.84025758387847,45.000000000001435,-117.86048530886671
3,234,447952,7.614875793457031,2213,miss,6.03410127184164,44.26000000000132,-98.40106572120177
3,235,452996,17.011760711669922,1929,miss,20.569396749041324,38.58000000000043,-95.97570152345222
3,236,454376,24.654043197631836,1921,miss,18.412772603028166,38.42000000000041,-88.07530153340188
3,237,455144,16.179197311401367,1798,miss,11.927728501078358,35.96000000000002,-125.81799558784697
3,238,455604,23.385848999023438,2115,miss,13.78154837649866,42.30000000000101,-94.78140686085011
3,239,459732,17.69200897216797,1684,miss,19.23175167825758,33.679999999999666,-96.18080393509581
3,240,461512,20.01931381225586,1592,miss,16.077386702984825,31.83999999999941,-66.25155313390171
3,241,461656,18.722898483276367,1820,miss,8.819705546842389,36.40000000000009,-103.46410230989353
3,242,462428,125.01936340332031,674,hit,3.3980035582573023,13.479999999999801,154.91590490014016
3,243,464604,6.638233184814453,2250,timeout,14.440999347437838,45.000000000001435,-82.98912879502188
3,244,466536,131.52313232421875,1256,hit,4.8076225007990185,25.119999999999553,159.032749265066
3,245,466852,129.21383666992188,1299,hit,4.954962266249951,25.979999999999535,155.87591655459613
3,246,469024,16.50590705871582,1649,miss,5.956804336249278,32.979999999999556,-92.5174568153872
3,247,472336,131.16221618652344,1371,hit,4.869357307914794,27.419999999999504,152.12586708430536
3,248,472980,20.486719131469727,2094,miss,16.75628039029572,41.88000000000095,-107.51933202053108
3,249,473816,10.083030700683594,1820,miss,7.513298620892069,36.40000000000009,-103.9641438359991
3,250,475088,132.48858642578125,1516,hit,3.731514933623427,30.319999999999443,156.10209594279905
3,251,479036,126.47222900390625,1675,hit,3.901351454731702,33.49999999999964,151.1270155782571
3,252,480888,5.929931640625,1768,miss,7.344987215081115,35.35999999999993,-71.4534071650152
3,253,481672,123.13406372070312,659,hit,4.300127822719802,13.179999999999808,153.92975100608987
3,254,481980,20.916519165039062,2250,timeout,7.60510001651983,45.000000000001435,-67.78077286936747
3,255,482312,18.755876541137695,1806,miss,8.666667831941028,36.12000000000005,-85.8034096597336
3,256,487444,128.03240966796875,1366,hit,3.3240831546698417,27.319999999999506,149.98145751002957
3,257,488864,15.74273681640625,1798,miss,12.540820977315427,35.96000000000002,-88.4120820521358
3,258,489888,19.06216049194336,2250,timeout,5.206796015394306,45.000000000001435,-114.24156504259568
3,259,491312,1.9933624267578125,2250,timeout,12.066704619974642,45.000000000001435,-96.21043334135378
3,260,494300,126.01551818847656,747,hit,3.9028550011818335,14.93999999999977,156.36501765508154
3,261,494564,13.049579620361328,1780,miss,8.934521239107914,35.599999999999966,-112.40548949381542
3,262,496628,20.693737030029297,1685,miss,16.037598349045364,33.69999999999967,-88.4765156518834
3,263,497588,131.9217529296875,822,hit,4.613638966729292,16.43999999999974,155.60855804777913
3,264,497864,17.67487907409668,2250,timeout,5.428691789086502,45.000000000001435,-77.36602642261973
3,265,502232,20.038707733154297,1917,miss,7.715562309617144,38.340000000000394,-94.03968698947153
3,266,503436,15.964216232299805,1702,miss,8.248216977839773,34.03999999999972,-105.49145562667618
3,267,503508,123.29936981201172,1411,hit,3.8960748847180526,28.219999999999487,151.7011854148325
3,268,506200,14.860958099365234,2153,miss,8.245407977013837,43.06000000000113,-128.8189466863203
3,269,507800,118.16478729248047,1091,hit,4.594156632615938,21.819999999999624,149.466354009499
3,270,510008,16.97340202331543,1944,miss,6.812350990694895,38.88000000000048,-107.46520095232219
3,271,510808,24.008363723754883,1825,miss,11.210620209860414,36.50000000000011,-81.20262869910187
3,272,513452,121.95991516113281,861,hit,3.919853209942138,17.21999999999972,149.54673454689882
3,273,514176,20.243837356567383,1994,miss,11.77250245552663,39.880000000000635,-89.7207813422706
3,274,514700,20.22493553161621,1725,miss,6.519275470557828,34.499999999999794,-91.45158779049255
3,275,517232,130.43331909179688,764,hit,3.3096209339186986,15.279999999999763,155.4086329108422
3,276,518500,7.266506195068359,1923,miss,10.763494127892157,38.46000000000041,-83.12131475456567
3,277,518556,128.13128662109375,1276,hit,1.8679855102092584,25.519999999999545,158.55755923072874
3,278,522200,14.298397064208984,1875,miss,5.202270184254605,37.50000000000026,-94.20300051453674
3,279,524880,14.938665390014648,1912,miss,5.759061137366563,38.24000000000038,-121.32726022605615
3,280,525176,19.515438079833984,1655,miss,14.16239048288232,33.099999999999575,-67.48893201152312
3,281,527500,6.995952606201172,2250,timeout,5.912569867957691,45.000000000001435,-80.90140203175093
3,282,530760,124.24781799316406,815,hit,4.32065732277364,16.29999999999974,148.96355709464746
3,283,531200,6.621051788330078,2250,timeout,5.948157212567193,45.000000000001435,-89.34756804846097
3,284,532568,5.845916748046875,1848,miss,5.248147857974266,36.96000000000018,-62.032337133805505
3,285,533880,7.028205871582031,2250,timeout,6.44490653229462,45.000000000001435,-127.64107232434151
3,286,534868,131.93035888671875,917,hit,3.9630684259892406,18.339999999999698,159.6437008900594
3,287,535664,125.32551574707031,774,hit,3.5326430343869157,15.479999999999759,151.28833579453536
3,288,537460,11.990890502929688,1675,miss,8.975766788249453,33.49999999999964,-94.57054754363288
3,289,541112,15.303352355957031,1808,miss,7.780916346249674,36.16000000000005,-97.19571663574969
3,290,542800,21.766876220703125,1784,miss,6.2044152501475525,35.67999999999998,-72.15190695340702
3,291,543576,4.789207458496094,2177,miss,8.511650257113404,43.54000000000121,-94.62225621200713
3,292,546460,-14.8218994140625,2250,timeout,23.911293014608326,45.000000000001435,-92.5826672345483
3,293,547632,18.01898765563965,1630,miss,6.94863916934456,32.5999999999995,-89.87249320752534
3,294,551096,128.46990966796875,866,hit,4.020295598873237,17.31999999999972,157.8678587926656
3,295,551800,-18.042484283447266,2250,timeout,15.533659983949807,45.000000000001435,-78.71462950451172
3,296,552576,1.1460342407226562,2250,timeout,7.880075343918651,45.000000000001435,-91.81450798450719
3,297,555460,2.3627777099609375,2250,timeout,14.10905423471591,45.000000000001435,-87.50255623726945
3,298,556552,113.0647201538086,1364,hit,4.8199306765358765,27.279999999999507,152.82138123396086
3,299,558284,128.8140106201172,706,hit,4.986483447344963,14.119999999999788,151.5524286990305
3,300,558556,15.33741569519043,1689,miss,11.827339694040502,33.77999999999968,-103.25973844246462
3,301,561576,-5.9986114501953125,2250,timeout,38.44496517506886,45.000000000001435,-86.18148612044922
3,302,564288,12.516067504882812,1934,miss,6.690066716937845,38.68000000000045,-85.31453606095766
3,303,564484,127.39920043945312,727,hit,4.069229793861877,14.539999999999779,155.90689077804865
3,304,565976,24.498435974121094,1855,miss,5.314840000173908,37.1000000000002,-78.66374813660278
3,305,567284,0.8063812255859375,2250,timeout,13.845605445729666,45.000000000001435,-107.71609839691138
3,306,572016,21.60453224182129,1932,miss,7.648137434710928,38.64000000000044,-92.90396074659213
3,307,572284,131.33175659179688,1250,hit,3.7491532218745283,24.999999999999556,159.84387290500305
3,308,573484,6.709102630615234,2250,timeout,7.048719226939072,45.000000000001435,-90.00568920315945
3,309,574976,0.3091087341308594,2250,timeout,6.373691734000718,45.000000000001435,-95.92887124739389
3,310,579004,120.84954071044922,1007,hit,4.519884830284002,20.13999999999966,149.4376638144961
3,311,580496,23.09610939025879,2053,miss,7.46874019876641,41.06000000000082,-82.90111455151488
3,312,581016,9.273124694824219,2250,timeout,6.750915916936279,45.000000000001435,-73.11296157258893
3,313,582484,11.879661560058594,2250,timeout,9.28982063406926,45.000000000001435,-93.34852341730077
3,314,583560,128.9370880126953,766,hit,2.707078399179319,15.319999999999762,157.13932322863985
3,315,584276,131.25933837890625,815,hit,1.4886839419208613,16.29999999999974,161.8954621358434
3,316,586448,24.38221549987793,1861,miss,10.350544899149089,37.22000000000022,-81.85378520968696
3,317,587148,122.20784759521484,718,hit,4.894022404596427,14.359999999999783,150.2204555188241
3,318,591484,12.935138702392578,2250,timeout,7.39402639109568,45.000000000001435,-121.56339961858768
3,319,592560,4.876293182373047,2250,timeout,5.010618743475797,45.000000000001435,-79.64903765921802
3,320,592732,10.508720397949219,1571,miss,6.344821266087954,31.41999999999942,-96.64092943657603
3,321,596148,7.394153594970703,2250,timeout,8.387808340000158,45.000000000001435,-94.05974135299165
3,322,596292,134.64381408691406,933,hit,4.896606645067355,18.65999999999969,164.37574439529368
3,323,600484,-5.485904693603516,2250,timeout,8.014487693640405,45.000000000001435,-74.75844402979686
3,324,601732,8.662322998046875,2250,timeout,17.3610397262213,45.000000000001435,-74.67772240735447
3,325,602672,22.414461135864258,1631,miss,11.056493928659492,32.6199999999995,-56.42994831620342
3,326,603472,126.63970184326172,747,hit,4.578200785445734,14.93999999999977,154.73753760796058
3,327,603644,6.9495849609375,1838,miss,18.182057369120933,36.76000000000015,-108.00918654700259
3,328,609092,128.98583984375,1405,hit,4.401904478492147,28.09999999999949,152.80735028939515
3,329,609428,17.70440673828125,1924,miss,14.85628759758543,38.480000000000416,-110.9441466673673
3,330,610908,13.568582534790039,2059,miss,5.555574990379784,41.18000000000084,-93.97798252145864
3,331,612644,-15.10858154296875,2250,timeout,5.158615078666586,45.000000000001435,-71.67772978161912
3,332,614328,119.67655944824219,1309,hit,3.33450332481034,26.17999999999953,140.35222641838655
4,333,621288,17.4055233001709,1722,miss,11.566818920113334,34.439999999999785,-94.68811412387156
4,334,622148,20.262697219848633,1937,miss,5.175958744495965,38.74000000000046,-89.29247190714227
4,335,623400,-9.958724975585938,2250,timeout,14.982055335492264,45.000000000001435,-76.24883128279197
4,336,623400,-8.956794738769531,2250,timeout,14.07976827515855,45.000000000001435,-73.61488347375104
4,337,627524,116.4215316772461,1031,hit,4.43657992956033,20.61999999999965,144.99210798134345
4,338,628844,25.827125549316406,1889,miss,12.166767674186321,37.78000000000031,-78.1975269320929
4,339,630924,24.989368438720703,1881,miss,9.584482220457959,37.62000000000028,-82.6972758790783
4,340,631088,133.3740234375,891,hit,4.938822986270708,17.81999999999971,163.41868407351714
4,341,631148,-0.5570297241210938,2250,timeout,21.689714139013084,45.000000000001435,-127.65461575665373
4,342,633872,124.69913482666016,737,hit,4.638221676183565,14.739999999999775,151.61348478699426
4,343,635612,2.5048446655273438,1692,miss,5.099137467869707,33.83999999999969,-105.09862875663256
4,344,638776,15.313604354858398,1907,miss,16.165267905224837,38.14000000000036,-128.89790634103986
4,345,640088,13.185359954833984,2250,timeout,6.739910798463592,45.000000000001435,-117.12450804049011
4,346,640920,24.340164184570312,1762,miss,11.864871346748888,35.23999999999991,-74.62796523174792
4,347,643544,2.7399673461914062,1983,miss,6.604725665554249,39.6600000000006,-139.50867355827586
4,348,646684,24.971132278442383,1977,miss,6.7584562562396195,39.54000000000058,-102.93779081962289
4,349,647584,24.616777420043945,1874,miss,12.177980684057067,37.48000000000026,-88.08082716120305
4,350,647920,17.632949829101562,1750,miss,11.872075467549903,34.99999999999987,-99.62510957286656
4,351,650564,16.362064361572266,1755,miss,15.429975800480948,35.09999999999989,-98.14209339111777
4,352,650736,126.85084533691406,704,hit,2.717856790564571,14.079999999999789,157.27509054116985
4,353,655684,13.987678527832031,2250,timeout,7.036819080760551,45.000000000001435,-132.46855007386677
4,354,656584,-36.28242874145508,2250,timeout,13.74729138718321,45.000000000001435,-85.7108674098939
4,355,657752,24.53335189819336,1797,miss,12.620139116219686,35.94000000000002,-93.10731083939214
4,356,659736,22.303871154785156,2250,timeout,11.25597731598898,45.000000000001435,-92.28486563251651
4,357,662816,16.525577545166016,1783,miss,16.02545220240148,35.659999999999975,-102.25651833897834
4,358,664316,19.201416015625,1641,miss,7.302778225466161,32.81999999999953,-92.4841761244004
4,359,665584,-7.645725250244141,2250,timeout,6.220797853958574,45.000000000001435,-119.27323952689521
4,360,666608,17.85881805419922,1718,miss,5.40321092936986,34.35999999999977,-98.51985997910776
4,361,668224,112.35714721679688,1352,hit,4.069164085250696,27.039999999999512,142.51353648603748
4,362,671816,132.97320556640625,898,hit,3.817173465956633,17.959999999999706,163.31788648481825
4,363,673316,20.336868286132812,2250,timeout,6.197830299342968,45.000000000001435,-73.61616121800242
4,364,674572,122.3387451171875,689,hit,3.8436913624736038,13.779999999999795,155.14509158052581
4,365,674584,11.76175308227539,2250,timeout,8.776581201928412,45.000000000001435,-139.91605786999384
4,366,675608,10.869926452636719,2250,timeout,8.307684180325293,45.000000000001435,-80.89780869758852
4,367,677132,131.32191467285156,954,hit,3.7792140278089037,19.079999999999682,162.6537631753109
4,368,681996,24.936582565307617,1856,miss,11.627685203387218,37.1200000000002,-84.14369245611648
4,369,682152,18.210901260375977,1892,miss,16.00640332977952,37.840000000000316,-77.06443000997058
4,370,684164,1.9559898376464844,1758,miss,8.042550987599084,35.1599999999999,-102.278366278951
4,371,684608,-36.37398910522461,2250,timeout,12.015812181677429,45.000000000001435,-95.76136545712586
4,372,688472,118.88322448730469,1077,hit,4.655451776297395,21.53999999999963,150.17589602062444
4,373,689772,24.484127044677734,1944,miss,8.788293905599971,38.88000000000048,-83.05153846475874
4,374,690712,10.914863586425781,2140,miss,5.413224826796854,42.80000000000109,-97.44543298814823
4,375,692096,16.72853660583496,1872,miss,26.055651751589675,37.44000000000025,-95.2190477449024
4,376,692956,128.09829711914062,796,hit,4.646448670972599,15.91999999999975,158.86581081401465
4,377,695592,26.197296142578125,1780,miss,13.291970836866842,35.599999999999966,-75.70995797965988
4,378,699712,-9.375595092773438,2250,timeout,8.745217570527771,45.000000000001435,-82.49341406948946
4,379,700116,1.935882568359375,1790,miss,13.056287453565474,35.8,-113.29208979952571
4,380,700792,129.33828735351562,1300,hit,4.654419469436352,25.999999999999535,155.08505894266966
4,381,701096,8.723285675048828,2250,timeout,18.507714941002224,45.000000000001435,-85.31910591859969
4,382,703728,125.25218200683594,658,hit,1.9759327772922328,13.159999999999808,153.50275404395455
4,383,706636,15.701997756958008,1630,miss,13.890037469871762,32.5999999999995,-94.63254893147709
4,384,706656,15.083126068115234,1736,miss,5.796001010671721,34.71999999999983,-107.62632924955207
4,385,709580,127.23442077636719,736,hit,2.6604010189007363,14.719999999999775,152.68574712166762
4,386,709792,2.4332542419433594,2250,timeout,6.607510915844261,45.000000000001435,-94.33780838536593
4,387,710696,17.0157413482666,1742,miss,5.864064278186306,34.83999999999985,-90.43426848125938
4,388,713780,12.258880615234375,1781,miss,7.071198528609184,35.61999999999997,-104.49824534832064
4,389,716848,25.217756271362305,1817,miss,5.127671524721011,36.34000000000008,-79.2321902250184
4,390,717920,10.956846237182617,2032,miss,5.0483600179582115,40.640000000000754,-97.163940505909
4,391,719696,9.798934936523438,2250,timeout,5.315788565840885,45.000000000001435,-104.89908787443021
4,392,720668,8.180309295654297,1722,miss,12.850768826287725,34.439999999999785,-104.28900154070978
4,393,723936,24.532032012939453,1772,miss,13.748647538010255,35.43999999999994,-77.4742113185125
4,394,726764,6.147819519042969,1767,miss,13.343145026366136,35.339999999999925,-107.15617412494171
4,395,726920,0.3102684020996094,2250,timeout,5.468276815724184,45.000000000001435,-101.5603704625577
4,396,727840,20.47252082824707,1793,miss,9.489527878783107,35.86000000000001,-76.83706350718037
4,397,731740,131.13677978515625,1244,hit,4.970055330589383,24.87999999999956,158.73038585707113
4,398,732936,1.9067649841308594,2250,timeout,13.655788989163135,45.000000000001435,-128.80442414383535
4,399,734336,20.97951889038086,1854,miss,6.504108187267444,37.0800000000002,-108.2239298890463
4,400,735504,15.343172073364258,1916,miss,6.573815320179822,38.32000000000039,-99.20202254834557
4,401,736528,132.2041015625,898,hit,4.3427036106856365,17.959999999999706,160.56620018775973
4,402,738488,17.189363479614258,1687,miss,15.123934979322526,33.739999999999675,-92.65654399330677
4,403,741520,14.579387664794922,1796,miss,23.11909998333479,35.920000000000016,-103.643909613523
4,404,742504,129.50674438476562,1494,hit,2.7028596050001186,29.879999999999452,154.27095077913287
4,405,743304,15.714527130126953,1950,miss,5.657137569453151,39.0000000000005,-137.13047603256265
4,406,744468,126.37705993652344,1495,hit,2.3806604439972325,29.89999999999945,155.32520622015758
4,407,745736,123.96481323242188,1054,hit,4.197643029161619,21.07999999999964,147.23560828197006
4,408,746748,128.9501953125,1061,hit,4.813789258444462,21.219999999999636,156.7156867913805
4,409,752304,0.7204170227050781,2250,timeout,9.263444624419186,45.000000000001435,-67.78015228397638
4,410,753344,25.137714385986328,1902,miss,7.685057178512427,38.04000000000035,-61.70078613684417
4,411,753468,18.247150421142578,2250,timeout,5.884349548510148,45.000000000001435,-96.609893673127
4,412,753756,17.239107131958008,1752,miss,7.536472489726001,35.03999999999988,-100.40923164092248
4,413,755476,130.4183807373047,793,hit,4.808580774633183,15.85999999999975,155.81413492003705
4,414,756684,133.48130798339844,835,hit,3.242917660266114,16.699999999999733,158.9544515297922
4,415,757172,131.6895751953125,926,hit,4.951508064122918,18.519999999999694,160.4023841033798
4,416,758000,123.99005126953125,1061,hit,4.4244304686572224,21.219999999999636,145.5137935215794
4,417,758692,127.87396240234375,804,hit,1.3183050085953874,16.079999999999746,156.47713985823188
4,418,760548,130.5845489501953,966,hit,1.8844501176359694,19.319999999999677,163.1218900623018
4,419,761168,129.4265594482422,792,hit,3.457929225365528,15.839999999999751,156.096259663424
4,420,762208,132.8046875,1259,hit,4.144660673231137,25.179999999999552,152.87970408037464
4,421,766584,133.85281372070312,1354,hit,3.145150688005695,27.07999999999951,157.05287913963386
4,422,767184,130.67593383789062,1244,hit,4.305844109657751,24.87999999999956,154.9987617414253
4,423,767212,0.24607086181640625,2130,miss,5.266183227863509,42.60000000000106,-102.11763993121473
4,424,767852,25.11530303955078,1826,miss,5.924526978501329,36.52000000000011,-77.1853253940807
4,425,770020,127.13916015625,709,hit,2.058932877814692,14.179999999999787,155.4566797883646
4,426,770400,128.92359924316406,797,hit,3.5681491998988926,15.939999999999749,153.98771196175358
4,427,770484,134.65768432617188,975,hit,3.0689638567503272,19.499999999999673,164.00513290965
4,428,775468,126.6441650390625,1246,hit,3.558538442943481,24.919999999999558,146.9347667446789
4,429,775892,15.941352844238281,2010,miss,6.704543322349471,40.200000000000685,-131.0877142512824
4,430,776324,122.22815704345703,1481,hit,4.785353071504057,29.619999999999457,149.12812406076648
4,431,777404,16.97574234008789,1846,miss,5.3908948726110735,36.92000000000017,-103.85582417785145
4,432,781664,130.69264221191406,1065,hit,4.613569109033383,21.299999999999635,154.801182037476
4,433,784428,-1.30230712890625,2026,miss,6.180075023763163,40.520000000000735,-80.24670947229697
4,434,784440,127.07345581054688,694,hit,4.667093810204707,13.879999999999793,151.35449398699686
4,435,784468,26.616085052490234,2250,timeout,7.776647733459481,45.000000000001435,-72.5430088676685
4,436,784892,7.077157974243164,2250,timeout,7.727012578384158,45.000000000001435,-72.52164522232422
4,437,787716,128.52859497070312,819,hit,4.345941792333742,16.37999999999974,151.1562153510938
4,438,788580,119.19540405273438,1038,hit,3.852266676950205,20.759999999999646,144.6032100936819
4,439,790928,131.66656494140625,803,hit,3.842776042337456,16.059999999999746,155.96608182582636
4,440,791472,23.473400115966797,1751,miss,6.633127993885067,35.019999999999875,-83.96273265458464
4,441,792028,134.01150512695312,862,hit,3.015167403146522,17.23999999999972,164.00892957730156
4,442,793892,8.972864151000977,2250,timeout,8.634059999600368,45.000000000001435,-80.083881573715
4,443,795228,133.62481689453125,939,hit,1.9480748916069792,18.77999999999969,163.78490154492033
4,444,798540,132.04254150390625,828,hit,4.599908312647816,16.559999999999736,156.9348712384913
4,445,799032,26.0798282623291,1751,miss,8.253692333701071,35.019999999999875,-77.33426552278567
4,446,799928,5.963386535644531,2250,timeout,5.915050545198625,45.000000000001435,-86.63608114714133
4,447,801144,14.290328979492188,1813,miss,5.609004220945428,36.26000000000007,-126.75355286969877
4,448,801964,128.95799255371094,733,hit,3.6082650670065513,14.659999999999776,153.39813190913694
4,449,807484,12.314708709716797,2236,miss,5.369859266094834,44.72000000000139,-142.7103053600747
4,450,807500,25.976409912109375,1893,miss,5.486440315677612,37.86000000000032,-75.08814171648326
4,451,809344,1.8238658905029297,1845,miss,7.374989874306591,36.90000000000017,-68.64505040856653
4,452,810144,9.003616333007812,2250,timeout,12.696093761424681,45.000000000001435,-113.06099785448481
4,453,810516,130.8529815673828,754,hit,3.18875532612037,15.079999999999767,154.21375114115077
4,454,811328,135.6824951171875,961,hit,3.3422918749914765,19.21999999999968,163.6102422533776
4,455,814364,126.17342376708984,962,hit,3.590845518484106,19.23999999999968,147.38469281389496
4,456,814980,120.43699645996094,1209,hit,3.986894121774499,24.179999999999573,141.97419729750445
4,457,817180,23.612442016601562,1959,miss,10.373233949253125,39.180000000000526,-75.85037399228074
4,458,817428,129.4984130859375,766,hit,4.109157183849435,15.319999999999762,155.6554782818973
4,459,818556,131.90931701660156,894,hit,4.386686504317173,17.879999999999708,154.59899120877822
5,460,825260,128.4748992919922,1515,hit,4.755558734594537,30.299999999999443,151.64222783069414
5,461,825684,26.03620147705078,1621,miss,6.045278956029247,32.41999999999947,-51.43582223275378
5,462,828200,-2.2066078186035156,2250,timeout,7.364722562854534,45.000000000001435,-90.03117677454152
5,463,828200,14.949176788330078,2250,timeout,5.326782222285228,45.000000000001435,-104.3902610687806
5,464,828648,131.61936950683594,847,hit,1.4613054796047489,16.939999999999728,162.48673945042543
5,465,828952,134.91452026367188,817,hit,0.9983710327087374,16.33999999999974,163.0994717494214
5,466,831244,129.4958953857422,761,hit,2.2376211008880436,15.219999999999764,154.45692759845167
5,467,831528,125.246826171875,644,hit,3.8247072693254234,12.879999999999814,152.72234811658416
5,468,831872,133.96725463867188,918,hit,3.687500654462581,18.359999999999697,164.11058825130047
5,469,834716,120.12110900878906,711,hit,3.389495743170742,14.219999999999786,149.0772413217736
5,470,837648,2.746784210205078,2250,timeout,6.105165837094326,45.000000000001435,-95.82190157354125
5,471,837972,122.28915405273438,814,hit,4.560878967997386,16.279999999999742,148.36829893249896
5,472,839232,20.069292068481445,1926,miss,10.411317666243379,38.52000000000042,-105.87878473824067
5,473,840244,18.49827003479004,2250,timeout,7.7616202045734815,45.000000000001435,-130.91898564022497
5,474,840604,127.71530151367188,739,hit,2.460081698712584,14.779999999999774,150.51454827939668
5,475,845236,124.66255950927734,1158,hit,4.667889215121294,23.159999999999595,148.74874411491783
5,476,846972,-26.283130645751953,2250,timeout,6.175040425345453,45.000000000001435,-99.7949649812625
5,477,847172,13.265653610229492,1732,miss,7.02236561053499,34.639999999999816,-107.17198274491523
5,478,848232,0.6138992309570312,2250,timeout,10.722244143009275,45.000000000001435,-101.42299828283551
5,479,851528,127.82835388183594,824,hit,2.079052402795,16.479999999999738,161.34030466528264
5,480,851820,129.50779724121094,1162,hit,4.729181887062265,23.239999999999593,156.5096261072557
5,481,852060,9.618194580078125,1706,miss,11.261837183774468,34.119999999999735,-103.46997129081805
5,482,855492,3.823902130126953,2130,miss,5.0769481664177265,42.60000000000106,-92.2888826383406
5,483,858588,128.24508666992188,1632,hit,4.376283105049988,32.6399999999995,150.21458395879358
5,484,858692,20.957942962646484,1718,miss,6.14749162582889,34.35999999999977,-76.25109591132552
5,485,858728,15.654281616210938,1800,miss,7.906722463038254,36.00000000000003,-92.87959817004462
5,486,861972,127.75157165527344,820,hit,3.1009707190200744,16.39999999999974,155.9550407665028
5,487,864492,6.578788757324219,2250,timeout,5.389337798515037,45.000000000001435,-111.1760919318751
5,488,865160,128.79791259765625,797,hit,4.843276783955105,15.939999999999749,155.69909836020273
5,489,865948,25.983558654785156,1840,miss,7.706018510976204,36.80000000000015,-83.34459135169212
5,490,867728,26.271434783935547,2250,timeout,6.89981664158782,45.000000000001435,-68.2814557641841
5,491,867852,131.89540100097656,840,hit,4.249938288781792,16.79999999999973,157.5785674100897
5,492,869100,117.64286804199219,985,hit,4.910223848170593,19.69999999999967,148.9115165325082
5,493,870380,125.09132385253906,663,hit,4.746388766895938,13.259999999999806,151.0267447066105
5,494,873844,127.81845092773438,1186,hit,4.308757848648077,23.719999999999583,148.7515821779577
5,495,874948,10.386833190917969,2250,timeout,6.884300663589003,45.000000000001435,-106.25455458229953
5,496,875012,23.502811431884766,1790,miss,9.435808988422243,35.8,-58.3642664048186
5,497,877840,129.03431701660156,999,hit,3.5139738158711666,19.979999999999663,153.95498785205774
5,498,878732,12.64361572265625,2088,miss,5.647550074816271,41.76000000000093,-131.75549478457992
5,499,880560,122.71383666992188,680,hit,4.397193406955652,13.599999999999799,150.30079614883874
5,500,881636,129.8622283935547,726,hit,4.540780505511062,14.51999999999978,153.8049927147296
5,501,882488,16.56829833984375,1869,miss,11.4881391068199,37.380000000000244,-111.53488138760092
5,502,883948,22.355121612548828,2250,timeout,5.752763505122859,45.000000000001435,-85.51832458743417
5,503,885456,132.85092163085938,1224,hit,3.2652466297137326,24.479999999999567,158.1367528224124
5,504,886024,125.81151580810547,884,hit,3.441369103428008,17.679999999999712,146.6239836956078
5,505,886964,129.11383056640625,754,hit,4.773654342171907,15.079999999999767,158.13188359026736
5,506,889440,132.47689819335938,854,hit,2.2195372580222235,17.079999999999725,156.89391331401657
5,507,890036,129.13497924804688,768,hit,2.5349003160587995,15.359999999999761,158.20892385622264
5,508,890636,3.110980987548828,2250,timeout,5.197694165616046,45.000000000001435,-96.22378999718406
5,509,891104,119.93595886230469,1412,hit,3.819900042866224,28.239999999999487,147.44490378740196
5,510,893984,128.12335205078125,837,hit,4.895717147950608,16.739999999999732,153.39344227624383
5,511,894580,133.49868774414062,869,hit,4.0697993033249755,17.37999999999972,159.4569349840385
5,512,897224,119.99208068847656,661,hit,2.9891389074083663,13.219999999999807,149.74280949994346
5,513,897580,133.51876831054688,899,hit,3.7110171995305308,17.979999999999706,158.61592136853133
5,514,898440,8.343770980834961,2250,timeout,7.255719363804371,45.000000000001435,-84.9540252685447
5,515,899036,-26.340648651123047,2250,timeout,13.51863977202954,45.000000000001435,-85.00227068891895
5,516,901240,133.75108337402344,1004,hit,2.0319011796392985,20.07999999999966,164.6228604557578
5,517,901252,132.282958984375,918,hit,1.7181771041043097,18.359999999999697,159.99664100092318
5,518,903740,123.18557739257812,1325,hit,4.926157209129588,26.499999999999524,156.63870100978824
5,519,908036,-0.08578109741210938,2250,timeout,7.772466441983482,45.000000000001435,-86.89728623038499
5,520,908416,126.59732818603516,1169,hit,3.376125845118003,23.37999999999959,145.44189479947676
5,521,908684,-29.888774871826172,1858,miss,6.813970619897782,37.16000000000021,-87.49006554940652
5,522,910240,23.56144905090332,2250,timeout,5.341329826649462,45.000000000001435,-101.40616972841262
5,523,910596,116.98094177246094,640,hit,4.263826372544223,12.799999999999816,152.73812977639975
5,524,912180,133.22564697265625,874,hit,3.1907469357626606,17.479999999999716,164.4442356528147
5,525,913012,122.03350830078125,693,hit,3.2984186595769027,13.859999999999793,156.19688772575586
5,526,915152,128.12368774414062,743,hit,2.7887226325342027,14.859999999999772,156.84389397086323
5,527,917416,17.518054962158203,2250,timeout,10.043312245640005,45.000000000001435,-66.4724838401609
5,528,917832,121.34968566894531,670,hit,2.852483174018146,13.399999999999803,153.5114210897276
5,529,918284,8.77752685546875,1922,miss,9.044331139580716,38.44000000000041,-94.58765944539346
5,530,921676,131.4300079345703,848,hit,3.9313079781598246,16.959999999999727,162.80545112486092
5,531,922012,-12.963764190673828,2250,timeout,6.750524569908877,45.000000000001435,-84.96324367794898
5,532,923244,120.30310821533203,1457,hit,4.675015029656419,29.139999999999468,151.52090911990135
5,533,925664,133.4212646484375,913,hit,2.2724508416766502,18.2599999999997,165.53791305935133
5,534,926608,-9.261810302734375,2194,miss,6.487425226222027,43.88000000000126,-105.49487146670019
5,535,928136,130.95587158203125,1223,hit,2.7742888648226427,24.459999999999567,154.71558703127218
5,536,930544,-3.9115676879882812,2217,miss,12.681626817289645,44.34000000000133,-93.26515491159057
5,537,930728,126.53528594970703,1030,hit,2.6232083895396756,20.59999999999965,150.35055520428614
5,538,934248,133.7978515625,926,hit,3.8707593798192033,18.519999999999694,163.54778344643705
5,539,934576,-10.618362426757812,2228,miss,5.91553643528328,44.56000000000137,-114.61660726349535
5,540,934608,23.57315444946289,1618,miss,9.800956155684643,32.35999999999946,-49.198244891035536
5,541,935996,127.58108520507812,1317,hit,4.962254560086419,26.339999999999527,155.76308733953812
5,542,940400,124.69470977783203,1101,hit,4.9889408389972205,22.01999999999962,152.1050207675238
5,543,942160,25.13619041442871,1888,miss,5.334299940172966,37.7600000000003,-87.54212933895882
5,544,942884,-56.82552719116211,2159,miss,11.149589447987003,43.18000000000115,-117.06668634625926
5,545,943420,126.78641510009766,755,hit,4.382293454587774,15.099999999999767,154.38728824201857
5,546,943576,-2.3751678466796875,2250,timeout,9.29734414291529,45.000000000001435,-85.44439218232836
5,547,948972,122.32275390625,1388,hit,4.020031121161477,27.759999999999497,145.57177868922207
5,548,949880,5.7389373779296875,1749,miss,10.084388833896876,34.97999999999987,-107.7394966431381
5,549,951160,7.593692779541016,2250,timeout,8.090410086673387,45.000000000001435,-75.66557532185509
5,550,952096,130.9973602294922,781,hit,4.996535275401792,15.619999999999756,159.16935664107723
5,551,952576,-21.211856842041016,2250,timeout,20.597109084392077,45.000000000001435,-97.31482869520765
5,552,954384,128.82920837402344,806,hit,4.970744177760995,16.119999999999745,152.33391340571396
5,553,955592,129.9595184326172,754,hit,1.7754961599708123,15.079999999999767,157.98689902279747
5,554,956824,19.738672256469727,1736,miss,8.763843461680363,34.71999999999983,-92.56852271614987
5,555,957200,125.41226196289062,704,hit,2.205231143217355,14.079999999999789,155.4843057811438
5,556,960520,-19.315120697021484,2106,miss,9.199684584972578,42.120000000000985,-91.45903668521612
5,557,961356,115.52916717529297,1039,hit,4.732075998314092,20.779999999999646,143.35717541437805
5,558,963296,117.64766693115234,694,hit,3.3801529064221785,13.879999999999793,148.66146404252595
5,559,964124,120.50967407226562,692,hit,2.8871144200506964,13.839999999999794,155.25646544138016
5,560,964592,-24.87401580810547,2250,timeout,13.361474907530638,45.000000000001435,-97.64325898586998
5,561,964784,-8.199813842773438,1990,miss,7.38858543124245,39.80000000000062,-84.76814100876612
5,562,967220,124.27239990234375,657,hit,2.404922220236028,13.139999999999809,149.89867554493472
5,563,967664,126.65123748779297,885,hit,3.461324375714451,17.69999999999971,151.47145497184488
5,564,970656,128.90994262695312,748,hit,3.3188601670709317,14.95999999999977,150.30192130026802
5,565,971688,-1.0292778015136719,1726,miss,8.604387530679855,34.5199999999998,-96.47615233151235
5,566,971740,-4.883148193359375,2111,miss,11.192216730067242,42.220000000001,-94.7612008997316
5,567,976220,12.315757751464844,2250,timeout,7.59722228893987,45.000000000001435,-128.76021044016272
5,568,976572,123.99241638183594,1221,hit,3.764323812410286,24.41999999999957,152.0936071782179
5,569,979656,-13.043087005615234,2250,timeout,10.790332544076364,45.000000000001435,-130.8790004632562
5,570,979884,123.62126159667969,916,hit,4.337703616204005,18.3199999999997,153.68829925771212
5,571,980740,-6.634403228759766,2250,timeout,6.795659729193747,45.000000000001435,-112.6611600420026
5,572,982440,117.04634094238281,639,hit,4.355342285920007,12.779999999999816,150.06403251102952
5,573,983120,-1.9387931823730469,1637,miss,5.3529534340097555,32.73999999999952,-77.4748965804973
5,574,986248,133.01644897460938,952,hit,3.7777331398419354,19.039999999999683,163.05160127156722
5,575,987636,12.55581283569336,1724,miss,7.274341789896493,34.47999999999979,-98.79038732953393
5,576,987788,124.16508483886719,1167,hit,4.2723634849501675,23.33999999999959,149.59387939613902
5,577,988656,3.1565475463867188,2250,timeout,8.69838390974211,45.000000000001435,-117.84815146244429
5,578,992048,129.135009765625,1450,hit,4.564107232626486,28.99999999999947,152.79956184941338
5,579,993680,114.76671600341797,1473,hit,4.918429034734026,29.45999999999946,143.04796841201636
5,580,995532,121.61119079589844,871,hit,3.687108816558191,17.419999999999717,151.67121092968085
5,581,996428,124.83140563964844,687,hit,4.922975022011594,13.739999999999796,151.1853625169568
5,582,996636,-22.474811553955078,2250,timeout,11.662932696086964,45.000000000001435,-99.40489333254904
5,583,997456,-2.9181289672851562,2200,miss,13.038208868613502,44.00000000000128,-94.77021686092041
5,584,999636,126.44044494628906,802,hit,4.977849991885521,16.039999999999747,152.16333024837732
5,585,1004532,6.510135650634766,2250,timeout,14.535187822056411,45.000000000001435,-90.24275571765891
5,586,1005636,-30.758258819580078,2250,timeout,5.026962021198792,45.000000000001435,-118.89796447095023
5,587,1006456,-49.937496185302734,2250,timeout,6.642572112634465,45.000000000001435,-80.97585118792958
5,588,1008036,130.46780395507812,876,hit,2.9920725571881275,17.519999999999715,164.21130264153442
5,589,1008596,1.7851638793945312,2240,miss,12.734429610504394,44.800000000001404,-88.80810006246934
5,590,1008936,130.41595458984375,825,hit,2.851438701566408,16.499999999999737,162.75908884236
5,591,1010896,126.0054931640625,1110,hit,3.814751645653,22.199999999999616,153.84311439817128
5,592,1012044,125.24629974365234,777,hit,4.22507229046349,15.539999999999758,150.4424925577853
5,593,1013128,127.5066146850586,1133,hit,3.5833932839549516,22.659999999999606,153.98881935217725
5,594,1015216,20.992385864257812,1795,miss,5.040588484919575,35.90000000000001,-82.36504961177579
5,595,1015444,122.28512573242188,1137,hit,4.484233269379924,22.739999999999604,143.89090130245924
5,596,1015816,133.8007354736328,943,hit,2.5084863023702093,18.859999999999687,165.33634193733346
5,597,1017412,121.44432067871094,1071,hit,4.341329403347226,21.419999999999632,151.67337582085156
5,598,1018320,130.19334411621094,776,hit,2.2949348135153707,15.519999999999758,157.1961875211599
5,599,1021484,125.92005920410156,791,hit,4.117854025315265,15.819999999999752,149.0963792215885
5,600,1022248,16.320650100708008,1701,miss,6.281616309241504,34.01999999999972,-73.99041245534052
6,601,1026780,125.28988647460938,695,hit,2.0782602058254858,13.899999999999793,153.48826282182534
6,602,1028456,128.51589965820312,1114,hit,4.366547747019561,22.279999999999614,151.414366092874
6,603,1029712,126.3693618774414,733,hit,3.7312754956962197,14.659999999999776,150.2112028152005
6,604,1032256,124.5450439453125,950,hit,3.4869736410077965,18.999999999999684,148.96668671414204
6,605,1033000,-0.16830825805664062,2250,timeout,11.829674409560472,45.000000000001435,-103.02702500747496
6,606,1033000,-5.3099517822265625,2250,timeout,7.198568204283244,45.000000000001435,-101.82160495973565
6,607,1034908,120.29795837402344,663,hit,4.326283331041112,13.259999999999806,150.17809677900527
6,608,1036456,15.527759552001953,1686,miss,6.375687696372602,33.71999999999967,-99.68621715061543
6,609,1038112,122.17347717285156,1278,hit,4.8581452641203615,25.559999999999544,158.65592108883538
6,610,1038128,126.70890808105469,1282,hit,3.793683630432154,25.639999999999542,149.7213103889369
6,611,1040724,122.29859161376953,653,hit,4.252055484329724,13.05999999999981,150.72087048717805
6,612,1041580,132.1970672607422,863,hit,2.309458158326418,17.25999999999972,159.64894428236002
6,613,1043908,13.652923583984375,2250,timeout,10.791824270614933,45.000000000001435,-97.17942515068509
6,614,1044752,118.46826171875,793,hit,4.553129389666062,15.85999999999975,148.7596486184539
6,615,1045456,-16.575733184814453,2250,timeout,16.74334377895394,45.000000000001435,-120.84737624331785
6,616,1046792,127.13676452636719,721,hit,2.1836427731387276,14.419999999999781,154.13927455977847
6,617,1049388,128.9107208251953,1159,hit,4.23354726731804,23.179999999999595,146.98362525435178
6,618,1049724,-14.964717864990234,2250,timeout,6.5755856482847905,45.000000000001435,-82.01824750967907
6,619,1051068,129.192138671875,1069,hit,3.8107276295254744,21.379999999999633,149.75773816851537
6,620,1052876,132.4816436767578,788,hit,1.1571852129016025,15.759999999999753,155.04294367557202
6,621,1054456,-0.8469638824462891,2250,timeout,10.073949666855064,45.000000000001435,-82.65466918693214
6,622,1057440,128.44346618652344,746,hit,4.17921211609154,14.91999999999977,156.9360866875076
6,623,1058388,4.7249755859375,2250,timeout,8.019993485047312,45.000000000001435,-102.48099031304156
6,624,1059712,20.505203247070312,1709,miss,6.402842840245746,34.179999999999744,-79.89704774799316
6,625,1060068,-43.99433135986328,2250,timeout,9.130693385013362,45.000000000001435,-87.04279999314357
6,626,1062212,132.70899963378906,956,hit,1.9766428456180034,19.11999999999968,164.36548589660669
6,627,1063136,133.19491577148438,856,hit,4.03966526508216,17.119999999999724,159.15108483553848
6,628,1063532,131.5631103515625,866,hit,1.7101462829631124,17.31999999999972,162.3319314307868
6,629,1065868,133.96966552734375,914,hit,3.709464341041533,18.2799999999997,161.1342108532476
6,630,1066280,128.39488220214844,786,hit,4.952922111447507,15.719999999999754,156.26311807412944
6,631,1066440,5.196033477783203,2250,timeout,14.769974672486036,45.000000000001435,-99.75572281194441
6,632,1068652,122.74320220947266,696,hit,3.6658794390819587,13.919999999999792,150.57312770760512
6,633,1070728,127.12944030761719,1112,hit,4.972989521741796,22.239999999999615,157.9102806131064
6,634,1071036,-3.396465301513672,1876,miss,8.864440204964312,37.520000000000266,-100.9897605150807
6,635,1074512,135.3463897705078,946,hit,3.32956834931362,18.919999999999686,162.708221104845
6,636,1074552,131.79383850097656,1475,hit,4.986789667014049,29.49999999999946,152.32173090330306
6,637,1075392,120.52872467041016,1089,hit,3.101586219912968,21.779999999999625,149.755926710653
6,638,1075440,12.824190139770508,2250,timeout,8.022311937695278,45.000000000001435,-91.1126336273628
6,639,1078148,124.17503356933594,677,hit,3.7779468074297844,13.5399999999998,153.76185066188395
6,640,1078212,127.11084747314453,925,hit,3.291156034958424,18.499999999999694,147.91527744413898
6,641,1078300,128.2069549560547,727,hit,3.4054388400077675,14.539999999999779,157.30339636969993
6,642,1081132,129.3434600830078,746,hit,1.798617441012019,14.91999999999977,156.90710432104237
6,643,1081136,124.02970123291016,709,hit,2.8952733059282414,14.179999999999787,154.57127157848802
6,644,1082476,20.19495964050293,1981,miss,5.153495129218189,39.620000000000594,-100.9820255413935
6,645,1085640,128.12094116210938,1127,hit,3.4020602408037,22.53999999999961,155.84771998277142
6,646,1086324,136.5043487548828,962,hit,3.6464496193985427,19.23999999999968,162.41015913318788
6,647,1087212,4.405452728271484,2250,timeout,5.486677101424344,45.000000000001435,-94.70625221874579
6,648,1089972,131.22496032714844,1083,hit,2.7444628836022704,21.659999999999627,149.66714841623588
6,649,1090136,9.742050170898438,2250,timeout,11.159024057800186,45.000000000001435,-124.50081533071558
6,650,1090940,131.6512908935547,932,hit,3.4318844625159177,18.63999999999969,162.95047894480044
6,651,1093584,124.33137512207031,661,hit,1.0642281228355226,13.219999999999807,152.18333162234302
6,652,1094484,17.41302490234375,2040,miss,5.093833209554122,40.80000000000078,-96.70797744162012
6,653,1095308,134.08657836914062,1293,hit,4.927750570755622,25.859999999999538,158.39120724066234
6,654,1097052,21.906829833984375,1770,miss,7.450461394270916,35.399999999999935,-87.0728878313364
6,655,1098040,127.33223724365234,1114,hit,4.691377472324642,22.279999999999614,155.29726005460859
6,656,1098544,125.95355224609375,1015,hit,3.3348602604160718,20.299999999999656,147.78901524330178
6,657,1099416,127.6464614868164,1027,hit,4.884024948359384,20.53999999999965,161.2631233099621
6,658,1102000,134.31683349609375,864,hit,3.212760553961919,17.27999999999972,161.91405419439866
6,659,1105324,13.748462677001953,2068,miss,9.194387498004476,41.360000000000866,-129.99574593129532
6,660,1105764,12.794418334960938,1587,miss,8.432367781251308,31.739999999999412,-74.64263429613446
6,661,1107040,-29.694183349609375,2250,timeout,19.70182397845157,45.000000000001435,-71.5097715790435
6,662,1108236,127.02259063720703,728,hit,2.5399479858935305,14.559999999999778,153.27951901809422
6,663,1108412,125.32701110839844,662,hit,2.407745673516144,13.239999999999807,151.72263137161235
6,664,1109240,20.59389305114746,1810,miss,8.05853848358662,36.20000000000006,-89.20391827474538
6,665,1111424,128.7121124267578,753,hit,3.067669108106036,15.059999999999768,160.03449353250883
6,666,1112804,130.62881469726562,891,hit,3.6265734429626812,17.81999999999971,163.8270451655433
6,667,1116040,-13.62246322631836,2250,timeout,6.931343788994801,45.000000000001435,-77.01569795511384
6,668,1117236,6.103046417236328,2250,timeout,7.8600378947399765,45.000000000001435,-100.83918461091739
6,669,1117508,127.3281478881836,1176,hit,4.68160734816495,23.519999999999587,155.98971033063756
6,670,1120412,127.60858154296875,794,hit,4.595376515264282,15.87999999999975,156.02596388248793
6,671,1120424,4.461372375488281,2250,timeout,7.767223104884759,45.000000000001435,-82.13582075142178
6,672,1120952,126.06220245361328,861,hit,4.49282808199072,17.21999999999972,148.7462161237053
6,673,1123720,132.34695434570312,824,hit,2.2048082454957543,16.479999999999738,155.87725872195116
6,674,1124132,126.5567626953125,795,hit,1.9562558979772273,15.89999999999975,158.32994800499935
6,675,1125040,17.59978675842285,2250,timeout,7.098143037535255,45.000000000001435,-75.71723519288025
6,676,1127992,17.27393341064453,1895,miss,8.70839078080532,37.900000000000325,-88.63206274020303
6,677,1128472,130.19664001464844,1085,hit,4.170669530440412,21.699999999999626,155.82866221805025
6,678,1132644,4.590473175048828,1901,miss,5.556873007634769,38.020000000000344,-139.6989125952645
6,679,1132720,2.449951171875,2250,timeout,6.779541291697768,45.000000000001435,-124.11479397105782
6,680,1136992,-2.1135902404785156,2250,timeout,8.172769628873418,45.000000000001435,-93.51974982547594
6,681,1137472,6.74302864074707,2250,timeout,9.036038492553931,45.000000000001435,-87.67082525432679
6,682,1139840,22.907724380493164,1799,miss,7.281020405734478,35.980000000000025,-80.90459204504663
6,683,1141320,134.98423767089844,962,hit,4.436881520804822,19.23999999999968,163.99100762943607
6,684,1141720,2.2880325317382812,2250,timeout,6.271959224009902,45.000000000001435,-116.08176770656308
6,685,1142932,128.8907928466797,773,hit,4.5171754671330335,15.45999999999976,154.33352924431935
6,686,1144480,21.226552963256836,1872,miss,10.88409780457018,37.44000000000025,-85.93427164775116
6,687,1144920,131.82688903808594,800,hit,0.7210683931767653,15.999999999999748,160.9590068310457
6,688,1147628,126.70082092285156,677,hit,4.4477838402839485,13.5399999999998,152.9534936094534
6,689,1147684,123.88630676269531,1188,hit,3.4692612865283485,23.759999999999582,145.19906001035966
6,690,1150320,11.36513900756836,2250,timeout,5.488693389796424,45.000000000001435,-111.40931721500208
6,691,1153480,-13.159461975097656,2250,timeout,10.160114321274504,45.000000000001435,-109.6294824574946
6,692,1156628,1.2722053527832031,2250,timeout,5.060615275288255,45.000000000001435,-115.80198396938586
6,693,1156684,4.328524589538574,2250,timeout,5.06684750486843,45.000000000001435,-73.32922156005836
6,694,1156828,132.32943725585938,837,hit,3.833404137318174,16.739999999999732,156.8561653494379
6,695,1157468,9.463985443115234,1787,miss,8.111024941206248,35.73999999999999,-85.71207090541245
6,696,1160968,129.01431274414062,1071,hit,3.0957865393871207,21.419999999999632,154.71823661210453
6,697,1161240,127.42623901367188,1153,hit,3.9275623685189616,23.059999999999597,158.7473610611082
6,698,1164008,-0.8051261901855469,1795,miss,6.294537394004711,35.90000000000001,-78.39836672273654
6,699,1164192,129.01260375976562,806,hit,3.8893721007772464,16.119999999999745,156.935104563342
6,700,1164456,13.56302261352539,1747,miss,5.096034844747868,34.93999999999986,-77.5810445909376
6,701,1168576,18.915695190429688,1834,miss,7.530969639593487,36.680000000000135,-100.7890950020622
6,702,1171400,6.822788238525391,1736,miss,10.702461572072602,34.71999999999983,-93.71642868141029
6,703,1171628,130.08265686035156,763,hit,4.623507425952052,15.259999999999764,158.56601100799983
6,704,1173008,-0.4290428161621094,2250,timeout,5.174203271660843,45.000000000001435,-95.207323165549
6,705,1173192,-23.48792266845703,2250,timeout,5.999023170601799,45.000000000001435,-83.13276524468401
6,706,1174776,131.6797332763672,844,hit,3.547710619364471,16.87999999999973,162.90669905217905
6,707,1180628,18.79157257080078,2250,timeout,5.049027145087028,45.000000000001435,-85.0124145370306
6,708,1181704,15.241153717041016,1732,miss,12.51144482142722,34.639999999999816,-99.17341904578721
6,709,1182008,2.6053733825683594,2250,timeout,6.566236959791408,45.000000000001435,-78.95020102119614
6,710,1182116,10.413101196289062,2231,miss,12.343557446621592,44.620000000001376,-129.5823279866899
6,711,1183292,118.7877426147461,666,hit,3.3549508070905536,13.319999999999805,152.9661643189471
6,712,1186168,121.74158477783203,1040,hit,4.497001234586271,20.799999999999645,152.1602812969232
6,713,1186944,128.0150604248047,913,hit,3.5996637067480335,18.2599999999997,154.46963373333335
6,714,1189260,23.364490509033203,1889,miss,8.682157064294291,37.78000000000031,-85.0218354974246
6,715,1189480,24.822345733642578,1841,miss,6.134640961426946,36.82000000000016,-60.67255800251082
6,716,1189760,126.97325134277344,704,hit,1.9830180263993158,14.079999999999789,150.00520007995192
6,717,1192904,130.36923217773438,911,hit,4.091830042472502,18.2199999999997,159.63774852394192
6,718,1193160,16.278820037841797,1748,miss,11.701435053495635,34.959999999999866,-76.15320011374375
6,719,1196464,21.483173370361328,1746,miss,5.771920894360298,34.91999999999986,-90.64243493475897
6,720,1196764,14.459449768066406,1751,miss,6.054105268065636,35.019999999999875,-107.63047379707042
6,721,1196784,124.8543701171875,970,hit,4.617560604009422,19.399999999999675,150.75130272321368
6,722,1196852,122.1347427368164,923,hit,3.7203703033808613,18.459999999999695,150.65698764297707
6,723,1199968,130.47882080078125,779,hit,4.126900333378969,15.579999999999757,159.19001020948534
6,724,1200688,121.9533462524414,976,hit,4.317720889451025,19.519999999999673,149.52393234589064
6,725,1204232,122.90692901611328,1066,hit,4.44645844564885,21.319999999999634,147.6746926784715
6,726,1205464,10.595602989196777,2250,timeout,9.805118763363152,45.000000000001435,-84.32424267829968
6,727,1205764,-18.22760772705078,2250,timeout,12.2056115746111,45.000000000001435,-89.76157940557013
6,728,1206660,127.54596710205078,1493,hit,4.408752471333641,29.859999999999452,154.47031707749528
6,729,1210560,129.08074951171875,1582,hit,3.140152750334678,31.639999999999414,150.99523809248194
6,730,1210780,119.01090240478516,1254,hit,3.801564763130506,25.079999999999554,143.78027911496616
6,731,1213456,-4.92449951171875,1998,miss,9.930867148538606,39.96000000000065,-80.44622683644724
6,732,1214228,132.12057495117188,862,hit,4.26496251864671,17.23999999999972,162.3251078907931
6,733,1214944,119.21585083007812,1096,hit,3.5562533886204255,21.91999999999962,143.43569680047634
6,734,1215660,-0.4554557800292969,2250,timeout,8.437037725325418,45.000000000001435,-84.3075187795767
6,735,1216884,126.68399047851562,857,hit,4.553086153614173,17.139999999999723,161.12099022955394
6,736,1220144,116.68702697753906,815,hit,4.821030784130715,16.29999999999974,147.67387284833248
6,737,1221104,125.82319641113281,1361,hit,3.544689296867297,27.21999999999951,148.415826979766
6,738,1223228,10.919326782226562,2250,timeout,5.91028344612318,45.000000000001435,-120.02361230030992
6,739,1223944,19.134504318237305,2250,timeout,5.11954364574005,45.000000000001435,-90.54570549602306
6,740,1226932,18.180248260498047,1697,miss,7.1309256275606945,33.939999999999706,-54.93483377957986
7,741,1231964,160.81358337402344,791,hit,3.28386230599341,15.819999999999752,155.64498417949827
7,742,1232072,153.6387481689453,818,hit,4.376018876584048,16.35999999999974,166.61749110381453
7,743,1232372,171.55560302734375,893,hit,4.121288058762377,17.859999999999708,169.8187448264747
7,744,1233120,158.69943237304688,1080,hit,3.871236809873143,21.59999999999963,152.91844361978667
7,745,1234944,149.0216064453125,718,hit,4.2879304975695645,14.359999999999783,153.41683086988388
7,746,1236068,161.60887145996094,737,hit,3.4968211401718112,14.739999999999775,161.43737226659303
7,747,1239108,17.2874755859375,1786,miss,9.037797704230586,35.719999999999985,-99.89871719737296
7,748,1240280,147.2841796875,1053,hit,4.486339571104438,21.05999999999964,156.96587870351087
7,749,1241372,-9.149658203125,2250,timeout,12.203030492967551,45.000000000001435,-74.84362439671597
7,750,1243824,154.01937866210938,886,hit,2.9440963555941018,17.71999999999971,157.26545694534155
7,751,1243944,-13.532882690429688,2250,timeout,5.877036089451912,45.000000000001435,-83.60244095185386
7,752,1243980,158.78097534179688,1218,hit,4.221267510062446,24.35999999999957,150.8001222548857
7,753,1246712,166.45814514160156,722,hit,4.88622262641575,14.439999999999781,155.18268515762597
7,754,1246888,168.72686767578125,736,hit,3.67097118880759,14.719999999999775,156.76404483684928
7,755,1247080,156.1259002685547,775,hit,4.143145398581992,15.499999999999758,163.67230880050835
7,756,1249908,171.31861877441406,707,hit,2.8595704613012742,14.139999999999787,153.02482523232328
7,757,1250372,-12.060619354248047,2250,timeout,10.872517630890918,45.000000000001435,-102.87482559358942
7,758,1251908,149.4630126953125,1255,hit,4.918495024230059,25.099999999999554,156.43331341948408
7,759,1252396,150.35841369628906,1421,hit,3.7957467054550285,28.419999999999483,148.8677253554847
7,760,1254596,146.44992065429688,1056,hit,4.146247096772735,21.11999999999964,155.38600577448778
7,761,1254964,156.2654266357422,1264,hit,4.0835428655337545,25.27999999999955,148.74414740539322
7,762,1255952,160.681884765625,889,hit,3.4365395109438217,17.77999999999971,152.0581226690356
7,763,1258560,151.21603393554688,991,hit,4.795546107634503,19.819999999999666,166.29060449010382
7,764,1259828,149.31561279296875,1216,hit,4.822338478305421,24.31999999999957,165.2282065206589
7,765,1260908,11.182872772216797,2250,timeout,6.617188279754628,45.000000000001435,-84.32113886897415
7,766,1262000,150.2826690673828,860,hit,4.103982161093042,17.199999999999722,159.12998847257938
7,767,1264432,160.5155029296875,1151,hit,3.71888581510555,23.019999999999598,164.2503279894202
7,768,1264952,17.505889892578125,2250,timeout,5.384397066609713,45.000000000001435,-116.92094536500635
7,769,1265156,150.23748779296875,1062,hit,4.2464872265317215,21.239999999999636,156.66820139678413
7,770,1265236,148.1226806640625,809,hit,4.9976167465479895,16.179999999999744,164.35655769322346
7,771,1267956,151.59275817871094,881,hit,4.912836983006987,17.619999999999713,165.77534191369395
7,772,1267972,157.40689086914062,755,hit,4.579228147555574,15.099999999999767,159.08343382683245
7,773,1268268,169.72369384765625,758,hit,4.5502621143181345,15.159999999999766,158.77008853702444
7,774,1271028,161.81773376464844,768,hit,2.8395772149041263,15.359999999999761,161.1319469207196
7,775,1271480,159.59202575683594,877,hit,4.688403791784401,17.539999999999715,164.3668449689921
7,776,1272060,46.38536071777344,1726,miss,5.264093216371995,34.5199999999998,-69.1702791750305
7,777,1276844,152.43771362304688,1196,hit,4.710715647542796,23.91999999999958,165.17197643394607
7,778,1277268,-11.659217834472656,2250,timeout,5.689697538769943,45.000000000001435,-100.45820973919443
7,779,1280028,18.635950088500977,2250,timeout,5.149219774754165,45.000000000001435,-75.18573874840486
7,780,1280480,20.801050186157227,2250,timeout,11.741407840475501,45.000000000001435,-80.35077816446591
7,781,1282404,154.24029541015625,1284,hit,3.888257744669719,25.67999999999954,160.74041241075096
7,782,1284252,160.341064453125,1056,hit,3.7102022629657103,21.11999999999964,163.12905993146853
7,783,1284952,144.00213623046875,1118,hit,3.9623885880397007,22.359999999999612,152.24569450217308
7,784,1285844,-1.7730484008789062,2250,timeout,5.009780578627413,45.000000000001435,-104.78298939976301
7,785,1286480,154.26136779785156,1019,hit,4.65031632770041,20.379999999999654,157.24235383979368
7,786,1287520,162.22950744628906,817,hit,2.376694890868838,16.33999999999974,165.89642166027602
7,787,1288524,153.77593994140625,670,hit,4.290427849504691,13.399999999999803,155.56589333523448
7,788,1289476,149.17208862304688,1131,hit,4.53590771790928,22.619999999999607,154.21057326446166
7,789,1290896,150.89707946777344,1104,hit,4.334351323644789,22.079999999999618,163.54626659762744
7,790,1291780,163.79031372070312,814,hit,1.864779326313754,16.279999999999742,158.3465147761987
7,791,1295268,140.8090362548828,1448,hit,4.584557925215858,28.95999999999947,155.0830745345413
7,792,1295616,-2.8954010009765625,2024,miss,18.406487222015738,40.48000000000073,-134.1180222812208
7,793,1298352,40.61735534667969,1864,miss,5.189070480471676,37.28000000000023,-68.38413584406634
7,794,1299076,138.7224884033203,952,hit,3.1001839047749886,19.039999999999683,147.0539123925305
7,795,1299152,156.3269500732422,884,hit,3.9238132727550514,17.679999999999712,167.4288088162374
7,796,1300780,18.845760345458984,2250,timeout,5.967579151747367,45.000000000001435,-91.75779342040747
7,797,1301568,170.29544067382812,804,hit,3.462793469336898,16.079999999999746,165.30150038302014
7,798,1302468,154.32427978515625,829,hit,3.8312245980829838,16.579999999999735,168.2764418712197
7,799,1306048,-3.4591827392578125,1743,miss,20.685593034600952,34.85999999999985,-89.45705313005867
7,800,1306388,166.88551330566406,1402,hit,3.1097405648683583,28.03999999999949,165.26174925820908
7,801,1310568,7.731293678283691,2250,timeout,9.221619414630053,45.000000000001435,-60.19020486997303
7,802,1310692,160.3697052001953,1161,hit,3.3704852238766123,23.219999999999594,160.7468363758112
7,803,1311468,-10.66473388671875,2250,timeout,9.738824399649124,45.000000000001435,-100.59330903803868
7,804,1313560,161.73968505859375,717,hit,1.5515026834358439,14.339999999999783,155.96059526743963
7,805,1315388,28.526241302490234,2250,timeout,6.1174034570544,45.000000000001435,-78.47048473185043
7,806,1316480,150.09002685546875,730,hit,4.469002872500726,14.599999999999778,155.68891947768574
7,807,1318460,11.433536529541016,1973,miss,9.169660428383622,39.46000000000057,-120.86531971146938
7,808,1319848,153.67742919921875,842,hit,4.127786550044922,16.83999999999973,159.56939361047682
7,809,1320160,-6.45977783203125,2173,miss,13.838633886286875,43.460000000001195,-84.2606945592248
7,810,1322112,154.40219116210938,913,hit,4.740401597334172,18.2599999999997,165.1794199031945
7,811,1322612,166.3586883544922,691,hit,3.022078429287437,13.819999999999794,157.2212469923688
7,812,1324388,6.454021453857422,2250,timeout,6.1897095901507555,45.000000000001435,-96.5157079484129
7,813,1325112,145.89585876464844,1238,hit,3.673023445596434,24.75999999999956,149.47923158600454
7,814,1327780,148.67819213867188,848,hit,4.808648975926514,16.959999999999727,162.79856844052938
7,815,1329116,-9.415721893310547,1626,miss,7.358015336562308,32.519999999999484,-86.61563081663232
7,816,1329268,45.7969970703125,1789,miss,5.386726483939934,35.779999999999994,-73.8983970803162
7,817,1331352,160.22515869140625,893,hit,3.353341597408457,17.859999999999708,166.3034895932746
7,818,1332736,165.7415771484375,867,hit,2.1721280942979666,17.33999999999972,163.38280601893968
7,819,1333476,157.09353637695312,1090,hit,2.786950403545797,21.799999999999624,147.52613052031643
7,820,1334112,0.4852943420410156,2250,timeout,13.144698279977268,45.000000000001435,-103.0698687333303
7,821,1334296,157.121826171875,736,hit,3.339104244300555,14.719999999999775,160.2350725747226
7,822,1338588,153.73727416992188,1073,hit,4.325188330052099,21.45999999999963,167.51504603226306
7,823,1338708,142.20303344726562,1308,hit,3.1580984391318205,26.15999999999953,160.44415277001315
7,824,1339764,18.438129425048828,1757,miss,9.270156482776553,35.139999999999894,-131.35377520983985
7,825,1340684,29.30008316040039,1643,miss,8.062469958516793,32.85999999999954,-93.11295332391073
7,826,1343900,165.5520782470703,1328,hit,2.7452452352587113,26.559999999999523,155.84287371260535
7,827,1344584,164.92520141601562,975,hit,3.6370547111662272,19.499999999999673,158.37016537947034
7,828,1346144,32.56422805786133,1595,miss,5.716430349847267,31.89999999999941,-55.45379353292899
7,829,1347444,1.441314697265625,2184,miss,13.105470099851836,43.68000000000123,-92.28408802616087
7,830,1347620,149.74981689453125,930,hit,3.27822218574735,18.599999999999692,157.12521622593658
7,831,1349980,156.93804931640625,1349,hit,3.5675384114417144,26.979999999999514,159.02478131040886
7,832,1350552,146.62802124023438,777,hit,4.267202725689895,15.539999999999758,162.14983242193594
7,833,1353292,156.64093017578125,828,hit,3.32766059693558,16.559999999999736,163.17548560465355
7,834,1353468,21.908445358276367,1831,miss,11.874073833051472,36.620000000000125,-77.2533281226363
7,835,1354660,23.996755599975586,1760,miss,8.91105961998526,35.1999999999999,-73.75274437508773
7,836,1356324,143.0672149658203,1443,hit,3.8402026280966903,28.859999999999474,157.2462516398465
7,837,1357500,158.74017333984375,710,hit,2.626309546919387,14.199999999999786,161.45360847695292
7,838,1360152,37.76096725463867,1715,miss,5.300687411933693,34.29999999999976,-91.43731686449453
7,839,1360792,152.22021484375,823,hit,4.366239398692247,16.459999999999738,162.48280505068414
7,840,1362468,-15.564132690429688,2250,timeout,18.453573974893466,45.000000000001435,-91.1481711047945
7,841,1363256,8.67086410522461,1733,miss,18.403820949479496,34.65999999999982,-104.43460432458188
7,842,1365320,148.15867614746094,1132,hit,3.165544263368769,22.639999999999606,145.59462869595973
7,843,1365876,153.6732177734375,655,hit,2.8624532220250094,13.09999999999981,152.98049440473164
7,844,1369152,35.979679107666016,2250,timeout,5.714830244206735,45.000000000001435,-90.93987933159245
7,845,1369812,162.0714569091797,984,hit,4.930513322994268,19.67999999999967,153.47628620821993
7,846,1371468,-11.647369384765625,2250,timeout,19.37667886162321,45.000000000001435,-67.84863103293969
7,847,1371820,26.93313217163086,1625,miss,6.044994325096306,32.49999999999948,-99.30153657993726
7,848,1373168,144.79351806640625,1004,hit,2.8580086733780745,20.07999999999966,147.05454377540485
7,849,1375180,155.53668212890625,928,hit,3.587248390054109,18.559999999999693,152.6426030540953
7,850,1375580,162.0330810546875,1442,hit,3.9881266885958553,28.839999999999474,159.29306316907073
7,851,1376332,152.96449279785156,1128,hit,3.7072195366144745,22.559999999999608,154.2578810638547
7,852,1378176,156.1966552734375,1252,hit,3.026501037189359,25.039999999999555,162.57341522514645
7,853,1381116,160.6387939453125,1384,hit,2.5656780359610214,27.6799999999995,151.51046485867383
7,854,1381296,146.66050720214844,1241,hit,4.439960658338157,24.81999999999956,160.39046477183928
7,855,1383420,169.5130615234375,1311,hit,2.3655441323591853,26.21999999999953,164.9109615061239
7,856,1384180,13.92226791381836,2250,timeout,5.968889370515739,45.000000000001435,-82.6223491162244
7,857,1384764,160.35240173339844,867,hit,2.6146183335218343,17.33999999999972,166.48245489047767
7,858,1385804,150.0942840576172,1172,hit,2.7812729459616783,23.43999999999959,157.5163628742226
7,859,1386216,162.09266662597656,699,hit,1.527576087837901,13.97999999999979,156.11280543827286
7,860,1389880,147.31890869140625,916,hit,3.950638655568793,18.3199999999997,153.33463071143316
7,861,1390360,165.08258056640625,1399,hit,4.9011798295879005,27.979999999999492,158.17711476855297
7,862,1393180,-5.1368408203125,2250,timeout,6.33256872320154,45.000000000001435,-73.3740651567046
7,863,1394788,135.39920043945312,1227,hit,4.560132180654236,24.539999999999566,150.06522970609552
7,864,1394804,18.068206787109375,2250,timeout,9.326447166340861,45.000000000001435,-76.25074510416484
7,865,1397492,152.8420867919922,1078,hit,4.712848861398282,21.55999999999963,150.859734581468
7,866,1397800,145.252197265625,753,hit,4.634292592079566,15.059999999999768,157.3535993142505
7,867,1399360,14.11976432800293,2250,timeout,17.805336944251344,45.000000000001435,-71.55271758564342
7,868,1401004,168.12820434570312,878,hit,1.542160027543335,17.559999999999715,167.14576052103658
7,869,1402984,150.52407836914062,906,hit,4.573706929556512,18.119999999999703,162.10442635761183
7,870,1403804,-6.181735992431641,2250,timeout,14.881771451537709,45.000000000001435,-86.97081953261834
7,871,1404220,169.69091796875,804,hit,1.8060593350258505,16.079999999999746,162.05109667089332
7,872,1406324,10.116817474365234,2131,miss,5.753876034753176,42.62000000000106,-90.22852305480374
7,873,1406872,162.34375,767,hit,2.3577348113001393,15.339999999999762,162.87489134539234
7,874,1407964,162.00291442871094,936,hit,4.509511983165682,18.71999999999969,153.32333110911583
7,875,1408116,169.9373779296875,1283,hit,3.075412952952873,25.659999999999542,156.81379944327813
7,876,1411400,150.20965576171875,821,hit,4.791463793645414,16.41999999999974,161.25889131122074
7,877,1411432,157.8406982421875,867,hit,3.819607475100845,17.33999999999972,166.0382422668156
7,878,1411512,150.5813446044922,1160,hit,3.484734650639253,23.199999999999594,151.32427848270564
7,879,1412508,145.6951446533203,1546,hit,4.984245427490915,30.91999999999943,157.85199320320763
7,880,1414440,151.2493438720703,760,hit,4.81357689580445,15.199999999999765,163.37256078353658
7,881,1417232,161.13731384277344,1450,hit,3.1417154601246247,28.99999999999947,154.49257430451317
7,882,1418144,156.77737426757812,926,hit,3.330899762487644,18.519999999999694,164.6190703480844
7,883,1420004,40.22319030761719,2123,miss,5.555508735516254,42.46000000000104,-104.72661102257504
7,884,1420600,161.30458068847656,842,hit,1.844370809830715,16.83999999999973,162.54396840848386
7,885,1421428,27.435684204101562,2230,miss,6.0906656813578754,44.60000000000137,-87.4199595453691
7,886,1422552,143.30120849609375,1102,hit,3.8898155909495693,22.03999999999962,148.85024357641913
7,887,1427632,10.361812591552734,1907,miss,15.505151097649284,38.14000000000036,-86.25972215508355
7,888,1429600,-25.94652557373047,2250,timeout,7.379473572845965,45.000000000001435,-91.14176381861144
7,889,1430428,8.658447265625,2250,timeout,5.600594423627122,45.000000000001435,-95.19763705607859
7,890,1431552,-19.30984115600586,2250,timeout,9.866460262470065,45.000000000001435,-108.88865821487279
7,891,1431860,143.65402221679688,1057,hit,4.502276303215792,21.139999999999638,152.2029536640875
7,892,1433364,157.90252685546875,941,hit,2.6556706937627186,18.819999999999688,149.38803754317016
8,893,1436160,156.9727783203125,640,hit,1.8287425003015827,12.799999999999816,154.50613771669393
8,894,1438696,162.01626586914062,1274,hit,4.174691873498919,25.479999999999546,158.86407104150769
8,895,1439184,158.55401611328125,756,hit,3.805921186699852,15.119999999999767,151.48150241645322
8,896,1439424,157.43824768066406,1456,hit,3.1359526875056147,29.119999999999468,159.46397483947555
8,897,1440916,23.306793212890625,1829,miss,9.186077156382533,36.58000000000012,-91.05566257159367
8,898,1441692,153.1571044921875,749,hit,3.8582506222061497,14.97999999999977,162.27517111113787
8,899,1446744,164.365234375,1263,hit,2.6611614381881394,25.25999999999955,155.0753863338454
8,900,1448184,39.44594955444336,2250,timeout,5.666102376808774,45.000000000001435,-69.90759227798536
8,901,1448424,-11.25286865234375,2250,timeout,17.375842688408966,45.000000000001435,-132.67365631919043
8,902,1448460,30.15761375427246,1886,miss,6.3733007678382,37.7200000000003,-92.62746251121082
8,903,1450044,155.46868896484375,825,hit,4.1237650716570515,16.499999999999737,166.38216642476482
8,904,1451532,170.480712890625,777,hit,1.268072606667769,15.539999999999758,155.67081754411728
8,905,1452104,144.80563354492188,980,hit,3.966876095033629,19.59999999999967,147.41945696702874
8,906,1455600,20.657751083374023,1785,miss,8.943282232202954,35.69999999999998,-85.75697574387463
8,907,1455776,169.80892944335938,918,hit,4.382598768489971,18.359999999999697,165.73191714156354
8,908,1456512,30.819198608398438,1617,miss,5.422448375235269,32.339999999999456,-53.6719893484593
8,909,1459920,154.2358856201172,1036,hit,3.1733626484361053,20.719999999999647,158.09854545739682
8,910,1460016,154.28451538085938,876,hit,4.055026826710405,17.519999999999715,152.3233600369864
8,911,1460448,162.07989501953125,1212,hit,3.115298629591468,24.239999999999572,161.5919709828063
8,912,1460532,-1.9376182556152344,2250,timeout,11.998432356558252,45.000000000001435,-92.38484311695007
8,913,1463060,160.6512908935547,761,hit,3.921691358308508,15.219999999999764,150.59570987121478
8,914,1463324,143.25518798828125,719,hit,4.966790542514521,14.379999999999782,152.71685304666676
8,915,1463456,156.96018981933594,731,hit,4.02772233659838,14.619999999999777,157.04284195715678
8,916,1466032,156.5733184814453,1528,hit,4.33716784925914,30.559999999999437,156.59449053947213
8,917,1466860,164.50387573242188,851,hit,2.9658352073674537,17.019999999999726,166.82620777560606
8,918,1468704,152.44493103027344,1345,hit,4.730747891754932,26.899999999999515,157.2129387302404
8,919,1469172,168.62945556640625,785,hit,3.9971736435950147,15.699999999999754,155.842067485574
8,920,1471664,158.6434326171875,1201,hit,4.497567743001734,24.019999999999577,153.66566782252795
8,921,1472060,5.390171051025391,2250,timeout,10.693292958754247,45.000000000001435,-87.03923118741513
8,922,1472732,159.36788940429688,890,hit,2.8969697826959706,17.79999999999971,163.96232953714974
8,923,1473096,147.47286987304688,1098,hit,3.842143672223685,21.95999999999962,152.05463482938333
8,924,1475620,160.96705627441406,722,hit,2.6940624259396553,14.439999999999781,154.8723649781983
8,925,1475992,156.18092346191406,724,hit,3.834222061965341,14.47999999999978,154.8154513083146
8,926,1477556,155.32713317871094,1473,hit,4.878242304944863,29.45999999999946,153.28239125138688
8,927,1478820,153.4561767578125,800,hit,4.459008222975339,15.999999999999748,160.45976092043944
8,928,1479040,149.91012573242188,762,hit,4.481794642416432,15.239999999999764,159.14035529268637
8,929,1479624,27.2993221282959,1891,miss,8.790338051011785,37.82000000000031,-76.43992111521555
8,930,1481912,148.8629150390625,718,hit,4.672642626187339,14.359999999999783,155.97851665932444
8,931,1483372,152.22900390625,1454,hit,3.2611631991862846,29.07999999999947,141.5935165108362
8,932,1483668,146.60401916503906,1011,hit,4.490679753881969,20.219999999999658,158.4436573802707
8,933,1484912,155.1558074951172,750,hit,2.825838942121029,14.999999999999769,154.64176192304035
8,934,1486540,156.83316040039062,792,hit,4.278015282341106,15.839999999999751,165.70515514863877
8,935,1487400,171.00555419921875,933,hit,1.7360167147585397,18.65999999999969,166.9177203594681
8,936,1487820,0.4359092712402344,2250,timeout,11.231087888739461,45.000000000001435,-94.65180024049991
8,937,1488528,180.37860107421875,904,hit,1.8343785476693517,18.079999999999703,166.2388202211771
8,938,1489236,162.9112548828125,674,hit,3.7416568031970145,13.479999999999801,156.25162088620775
8,939,1490336,162.5762176513672,734,hit,1.774653665786547,14.679999999999776,161.33326578253923
8,940,1493576,163.6947021484375,810,hit,2.386196917600111,16.199999999999743,164.08306746017598
8,941,1496820,0.5294532775878906,2250,timeout,5.884530337793124,45.000000000001435,-106.31387283749038
8,942,1497260,4.9832305908203125,2183,miss,7.912384303785695,43.660000000001226,-93.36672943538562
8,943,1497404,20.845867156982422,2042,miss,5.731699733026026,40.840000000000785,-96.84345458443036
8,944,1499844,155.5863037109375,756,hit,3.183409961200577,15.119999999999767,162.46655587978927
8,945,1501084,164.17495727539062,920,hit,2.812458716110218,18.399999999999697,159.6290287189899
8,946,1501912,151.3177490234375,1163,hit,4.896285841741439,23.259999999999593,156.11033997772637
8,947,1502576,-18.83489227294922,2250,timeout,16.760265621239988,45.000000000001435,-90.29546919515823
8,948,1504232,165.5629425048828,787,hit,1.8750884575738742,15.739999999999753,163.04866229722475
8,949,1508844,-13.378639221191406,2250,timeout,10.249890626800036,45.000000000001435,-61.274192058102074
8,950,1508960,167.83639526367188,1182,hit,3.6612444230209618,23.639999999999585,161.7520777578013
8,951,1510912,-16.454044342041016,2250,timeout,14.345061603627947,45.000000000001435,-102.4232335678616
8,952,1511576,22.533111572265625,2250,timeout,8.360883425096947,45.000000000001435,-64.87455226811034
8,953,1512024,153.9625244140625,766,hit,3.540854128775645,15.319999999999762,161.48652072371343
8,954,1514732,154.45762634277344,1472,hit,2.2117955106405507,29.43999999999946,157.68783169204
8,955,1514868,160.92156982421875,823,hit,3.534351462465664,16.459999999999738,164.30989263102288
8,956,1515576,160.48471069335938,888,hit,3.4280096080349742,17.75999999999971,162.47092918742027
8,957,1517268,150.66004943847656,634,hit,3.4452762306626794,12.679999999999819,154.93955107941727
8,958,1517852,23.65471649169922,1735,miss,6.342997925972091,34.699999999999825,-99.84230756443986
8,959,1518328,165.06500244140625,688,hit,2.37664100548121,13.759999999999796,153.41367549252297
8,960,1518980,156.69895935058594,1028,hit,1.9077785783267,20.55999999999965,150.04052760141283
8,961,1520828,149.87783813476562,890,hit,4.798121404292319,17.79999999999971,158.4149284583012
8,962,1521880,155.24822998046875,725,hit,3.3299570595492156,14.49999999999978,154.2315650385013
8,963,1522144,164.46971130371094,954,hit,3.079115394532107,19.079999999999682,166.51702948192312
8,964,1523728,149.11111450195312,1469,hit,4.563137800284425,29.379999999999463,161.54234075844516
8,965,1524948,161.40737915039062,767,hit,3.3446417809949542,15.339999999999762,156.1778203032551
8,966,1525264,151.73867797851562,1109,hit,3.930541675315719,22.179999999999616,153.02041301796382
8,967,1528516,154.2020263671875,892,hit,4.08009955653161,17.83999999999971,166.69124366148299
8,968,1531036,162.98464965820312,1443,hit,4.505502007347861,28.859999999999474,152.56085450991455
8,969,1531144,-24.12237548828125,2250,timeout,10.107452122304954,45.000000000001435,-67.88326135662967
8,970,1532728,21.206031799316406,2250,timeout,5.226422532255463,45.000000000001435,-95.73464462909067
8,971,1534960,153.12359619140625,954,hit,3.7106168610906622,19.079999999999682,149.1675674831323
8,972,1536816,-6.544277191162109,2075,miss,9.919915836298832,41.50000000000089,-136.66236884746147
8,973,1538264,158.65847778320312,826,hit,4.027348170608924,16.519999999999737,165.71764480617304
8,974,1538288,2.077251434326172,1813,miss,15.960508815569897,36.26000000000007,-126.49232264675794
8,975,1541728,0.7069320678710938,2250,timeout,6.19134435170646,45.000000000001435,-102.891981569825
8,976,1541876,167.3195037841797,897,hit,1.859982189516804,17.939999999999706,163.6152620837235
8,977,1544332,143.2293243408203,651,hit,4.409530490195546,13.019999999999811,151.80728495880638
8,978,1545368,27.75479507446289,1776,miss,10.407416823261634,35.51999999999995,-61.88998632350019
8,979,1545392,17.854721069335938,2144,miss,8.622444305346352,42.880000000001104,-114.23311654321952
8,980,1548760,-3.1308517456054688,1721,miss,7.835031467906769,34.41999999999978,-92.77486365651767
8,981,1551404,155.55604553222656,661,hit,2.231919715324868,13.219999999999807,154.6317075070284
8,982,1552428,38.41887283325195,1759,miss,5.332331175923132,35.1799999999999,-86.5933898003073
8,983,1553016,-4.6913604736328125,2171,miss,11.652299395056893,43.42000000000119,-141.94095515845055
8,984,1554368,-49.73591995239258,2250,timeout,13.329524397024796,45.000000000001435,-74.14391472788441
8,985,1556296,172.16278076171875,820,hit,1.2044239810199948,16.39999999999974,162.9080168965647
8,986,1556384,152.77175903320312,1245,hit,4.214767043730579,24.899999999999558,163.6254440211991
8,987,1557644,163.51853942871094,819,hit,3.1968786735451884,16.37999999999974,164.59803754408662
8,988,1559008,18.763490676879883,1645,miss,12.225996095905966,32.899999999999544,-95.88971859127652
8,989,1559068,149.217041015625,693,hit,4.249380115706644,13.859999999999793,154.9626655406956
8,990,1560996,162.47796630859375,838,hit,3.6216931453265317,16.75999999999973,168.01933906298578
8,991,1563756,172.92990112304688,1172,hit,3.4563381098181973,23.43999999999959,158.48330203306654
8,992,1563988,158.16177368164062,748,hit,2.5673985108473443,14.95999999999977,162.23619298751484
8,993,1565384,15.206729888916016,2250,timeout,10.344405030776436,45.000000000001435,-74.2619771812416
8,994,1566568,164.1674346923828,645,hit,1.596863601723378,12.899999999999814,156.58746968998423
8,995,1568008,29.394630432128906,2250,timeout,5.2845524725714865,45.000000000001435,-58.88522094046359
8,996,1569188,152.66363525390625,655,hit,3.7371421876114836,13.09999999999981,155.19837805991324
8,997,1569196,153.87559509277344,1360,hit,2.8554495519721126,27.19999999999951,162.23276152332517
8,998,1569404,156.42042541503906,1005,hit,3.652313299224669,20.09999999999966,171.0930621250919
8,999,1571216,157.82525634765625,802,hit,2.9233749897032055,16.039999999999747,163.31151020197177
8,1000,1573876,166.84571838378906,1172,hit,4.339539963424182,23.43999999999959,157.42340061055503
8,1001,1577600,-2.3415985107421875,2101,miss,13.471678069902303,42.02000000000097,-91.77683264712547
8,1002,1578404,-3.2518997192382812,2250,timeout,5.846418788357262,45.000000000001435,-82.15937958311997
8,1003,1580216,-15.10910415649414,2250,timeout,13.42232353017523,45.000000000001435,-96.52707971260931
8,1004,1580500,41.20172882080078,1656,miss,5.0920435392866175,33.11999999999958,-85.21471617568872
8,1005,1581788,150.184326171875,846,hit,4.74186465883994,16.919999999999728,159.74997800932883
8,1006,1583336,158.46231079101562,780,hit,3.2521150117876276,15.599999999999756,157.51249299040688
8,1007,1584016,6.205173492431641,1604,miss,11.741555857643876,32.079999999999416,-93.7364002456131
8,1008,1584960,153.69473266601562,793,hit,4.478054514874801,15.85999999999975,162.9334169378235
8,1009,1585336,167.44149780273438,1209,hit,3.7164274536033917,24.179999999999573,163.34960444148373
8,1010,1586968,158.95370483398438,908,hit,4.25632264750789,18.1599999999997,167.23931426350202
8,1011,1591264,17.939790725708008,1812,miss,13.76668634753684,36.240000000000066,-83.01635205648391
8,1012,1593960,-17.77804946899414,2250,timeout,14.095548718606414,45.000000000001435,-96.44758251688334
8,1013,1594336,-31.722335815429688,2250,timeout,7.644320435125201,45.000000000001435,-84.43352990697139
8,1014,1594504,5.420360565185547,1884,miss,13.209813733851533,37.68000000000029,-98.05932740370247
8,1015,1594984,173.69070434570312,930,hit,1.4570544118685511,18.599999999999692,167.5711680124963
8,1016,1597596,149.7035675048828,773,hit,4.632589747871962,15.45999999999976,156.42433176717495
8,1017,1600104,154.45201110839844,1280,hit,3.151426311158933,25.599999999999543,162.97883406040114
8,1018,1602012,8.540725708007812,2013,miss,6.587261779397862,40.260000000000694,-93.82963858466634
8,1019,1603336,7.956165313720703,2250,timeout,8.753304689696622,45.000000000001435,-99.01225858021363
8,1020,1606528,160.17837524414062,1129,hit,4.045196085484572,22.579999999999607,154.56268095900032
8,1021,1606568,0.8476066589355469,2243,miss,10.61660463534351,44.86000000000141,-84.29901807429408
8,1022,1609104,0.13355636596679688,2250,timeout,16.647442852720502,45.000000000001435,-83.47993943157327
8,1023,1610044,177.93173217773438,869,hit,3.0412411030295647,17.37999999999972,168.3280909790577
8,1024,1610344,170.18588256835938,954,hit,2.445706310354449,19.079999999999682,166.40030589637848
8,1025,1610544,15.724132537841797,1802,miss,13.378561924080223,36.040000000000035,-106.38950107997692
8,1026,1612432,156.2980499267578,832,hit,3.572745230772148,16.639999999999734,166.1543434354523
8,1027,1616100,158.63995361328125,1389,hit,3.466957811271825,27.779999999999497,159.0439588859271
8,1028,1616544,162.06809997558594,1625,hit,4.970769328254904,32.49999999999948,156.91494920375484
8,1029,1619344,-28.865116119384766,2250,timeout,5.477089844473981,45.000000000001435,-81.48094654587294
8,1030,1621432,8.565288543701172,2250,timeout,8.58849663103102,45.000000000001435,-90.71218559388274
8,1031,1623528,37.936729431152344,1857,miss,5.49478253888595,37.14000000000021,-90.17369700732814
8,1032,1625212,176.38217163085938,945,hit,3.318303736295997,18.899999999999686,168.72944046882174
8,1033,1625544,-34.558799743652344,2250,timeout,6.806229007792681,45.000000000001435,-103.90002211214099
8,1034,1626216,151.5562286376953,672,hit,3.3776339312325776,13.439999999999802,157.07186573659288
8,1035,1628344,-2.8972511291503906,2250,timeout,13.259211032338895,45.000000000001435,-90.75419053595763
8,1036,1628592,156.7707061767578,845,hit,4.199407159747088,16.89999999999973,161.81742329578353
8,1037,1629572,152.64666748046875,839,hit,4.902680430742004,16.77999999999973,163.23176487856037
8,1038,1630160,154.8900146484375,1154,hit,4.279559155787699,23.079999999999597,164.09524044537068
8,1039,1633076,155.30230712890625,1183,hit,3.9363387940581203,23.659999999999584,162.57666891425492
8,1040,1633196,172.09494018554688,906,hit,2.268498805435881,18.119999999999703,167.3457199417324
8,1041,1634732,139.34988403320312,1143,hit,3.7618503776955103,22.8599999999996,148.8822268323055
8,1042,1636468,166.4028778076172,848,hit,2.8303749247803864,16.959999999999727,155.3220213794341
8,1043,1637592,-1.3793067932128906,2250,timeout,6.230283358483955,45.000000000001435,-75.5753204824378
