checkpoint,episode,total_timesteps,episode_reward,episode_length,outcome,min_range_m,final_time_s,legacy_episode_reward
1,1,8808,26.197284698486328,2202,miss,215.0790247895914,44.040000000001285,-111.36064850355667
1,2,8872,-12.65662956237793,2218,miss,1336.7187399871186,44.360000000001335,-116.7450999100987
1,3,9000,20.7222957611084,2250,timeout,291.2255739469156,45.000000000001435,-134.29355332589162
1,4,9000,-21.98900604248047,2250,timeout,1693.385084600419,45.000000000001435,-125.7118012516891
1,5,15856,-39.41872024536133,1746,miss,2347.5777631526644,34.91999999999986,-88.84755230728555
1,6,17352,-12.642571449279785,2088,miss,1171.030844700086,41.76000000000093,-120.70846840630702
1,7,17652,-19.00502586364746,2163,miss,1429.8253361235581,43.26000000000116,-106.26837290398174
1,8,17808,-23.7574405670166,2250,timeout,1548.007027728784,45.000000000001435,-114.80716628994554
1,9,23740,-21.399648666381836,1971,miss,1887.9706583727366,39.42000000000056,-96.97342210317198
1,10,25216,-5.133246421813965,1966,miss,948.1184422955693,39.32000000000055,-124.73052715506489
1,11,25396,-6.599172592163086,1897,miss,959.880883553537,37.94000000000033,-109.49454385222887
1,12,26652,12.85499382019043,2250,timeout,520.2743238280939,45.000000000001435,-112.66772163136233
1,13,32740,-27.285274505615234,2250,timeout,1815.967580069476,45.000000000001435,-132.5997715320842
1,14,33924,-2.3173646926879883,2132,miss,957.4634149092414,42.640000000001066,-95.53519551589869
1,15,34216,10.379176139831543,2250,timeout,658.8875083886952,45.000000000001435,-65.7604244407548
1,16,35652,-5.029754638671875,2250,timeout,671.6692757082557,45.000000000001435,-109.45776299235393
1,17,41580,-31.702892303466797,2210,miss,2059.185037443959,44.20000000000131,-90.24990613243249
1,18,42924,2.2070999145507812,2250,timeout,519.9578987192255,45.000000000001435,-115.51289815418008
1,19,43216,3.973173141479492,2250,timeout,552.2332838090285,45.000000000001435,-94.37996802143367
1,20,44652,13.510562896728516,2250,timeout,165.79587671526835,45.000000000001435,-81.61665581479825
1,21,50580,11.300804138183594,2250,timeout,325.6778384905262,45.000000000001435,-77.26766582172549
1,22,51124,133.02667236328125,1618,hit,4.959623576266246,32.35999999999946,153.45491632879953
1,23,51848,27.94214630126953,2158,miss,12.228345533317585,43.16000000000115,-85.79635921318355
1,24,51924,19.53133773803711,2250,timeout,54.83451540386496,45.000000000001435,-76.96040847989264
1,25,57724,131.1206817626953,1786,hit,4.816817616878475,35.719999999999985,149.60966068627928
1,26,60124,28.47004508972168,2250,timeout,24.00966537247804,45.000000000001435,-64.67332262077656
1,27,60848,15.85903549194336,2250,timeout,9.420575738776325,45.000000000001435,-75.58568067853932
1,28,60924,16.554166793823242,2250,timeout,25.707714128441502,45.000000000001435,-78.60095590971288
1,29,65376,27.82145881652832,1913,miss,7.084193394857336,38.26000000000038,-55.74278639180003
1,30,69124,12.734685897827148,2250,timeout,19.283389060692492,45.000000000001435,-76.72887944039378
1,31,69848,20.70032501220703,2250,timeout,12.226499068612869,45.000000000001435,-63.481063177477566
1,32,69924,16.832815170288086,2250,timeout,72.33067493725308,45.000000000001435,-64.66206280656773
1,33,72424,26.31108856201172,1762,miss,6.1775929425873235,35.23999999999991,-51.75019733966359
1,34,78000,5.698158264160156,2219,miss,52.30885159815041,44.38000000000134,-103.4309384979273
1,35,78848,13.460977554321289,2250,timeout,24.38489570315237,45.000000000001435,-77.71149890117198
1,36,78924,5.815513610839844,2250,timeout,25.228551766504765,45.000000000001435,-70.44675553837762
1,37,81424,17.5672607421875,2250,timeout,6.477590031280671,45.000000000001435,-64.67155417263763
1,38,87000,12.990079879760742,2250,timeout,7.4344516180500015,45.000000000001435,-76.41097126485876
1,39,87848,13.97229290008545,2250,timeout,11.687103598998945,45.000000000001435,-67.33753221288435
1,40,87924,-5.031309127807617,2250,timeout,9.791718740517204,45.000000000001435,-76.28331402294238
1,41,90424,-1.6579227447509766,2250,timeout,66.40023211197797,45.000000000001435,-78.25358466127216
1,42,95896,128.287841796875,1368,hit,4.212446768770486,27.359999999999506,149.71170674890297
1,43,96000,2.191936492919922,2250,timeout,14.505166408665726,45.000000000001435,-81.3286750067281
1,44,96848,20.333890914916992,2250,timeout,6.02503467231914,45.000000000001435,-60.96932829765904
1,45,96924,4.790538787841797,2250,timeout,14.148718431804236,45.000000000001435,-76.92854543586293
1,46,104464,12.606184005737305,2116,miss,17.962457583560496,42.320000000001016,-59.68654749351056
1,47,104896,-7.666805267333984,2250,timeout,9.73097679205883,45.000000000001435,-81.00234817183494
1,48,105192,0.7449631690979004,2086,miss,17.5149160187763,41.72000000000092,-71.75510714953069
1,49,105244,0.7145633697509766,2080,miss,11.573724555099192,41.600000000000904,-78.77485429919702
1,50,109688,129.56942749023438,1124,hit,3.5318610869643234,22.47999999999961,154.00908159563346
1,51,113464,5.995763778686523,2250,timeout,11.29904148682202,45.000000000001435,-66.07713228521848
1,52,113696,-4.916828155517578,2200,miss,20.72953361868519,44.00000000000128,-81.68905667397942
1,53,114120,7.58256721496582,2219,miss,9.925428717092817,44.38000000000134,-66.09344971961755
1,54,118688,-4.887115478515625,2250,timeout,7.476295978559683,45.000000000001435,-81.87878268491386
1,55,122464,3.755962371826172,2250,timeout,18.660163107141024,45.000000000001435,-73.41705565882452
1,56,122696,-0.15630722045898438,2250,timeout,10.613770448109856,45.000000000001435,-82.09166494903813
1,57,123120,-0.31349945068359375,2250,timeout,8.535788844862887,45.000000000001435,-67.46856241131141
1,58,127688,5.301836013793945,2250,timeout,17.288592387317063,45.000000000001435,-74.5375174825476
1,59,130848,122.37724304199219,790,hit,4.357559522431827,15.799999999999752,151.714722177908
1,60,130944,4.422441482543945,2120,miss,12.085814099056536,42.40000000000103,-74.03624892397093
1,61,131172,5.071315765380859,2013,miss,6.877223256740481,40.260000000000694,-71.95312484715461
1,62,131696,-1.7736167907714844,2250,timeout,18.336440236277376,45.000000000001435,-78.20545086827991
1,63,133644,127.10586547851562,675,hit,4.901897778146233,13.499999999999801,150.8594253569674
1,64,133708,127.70658874511719,715,hit,3.773069161839443,14.299999999999784,151.83203286547143
1,65,133984,125.05706787109375,703,hit,4.544157086717737,14.059999999999789,150.51670999466316
1,66,140156,17.927871704101562,1628,miss,435.3014104559432,32.55999999999949,-53.81168023825319
1,67,140696,-14.662094116210938,2250,timeout,10.17079085013918,45.000000000001435,-66.29126235593303
1,68,142484,3.3816471099853516,2194,miss,6.202578929032767,43.88000000000126,-66.85645778406192
1,69,142936,-1.8768138885498047,2238,miss,13.602459042251033,44.7600000000014,-69.09897289546902
1,70,149156,24.47197723388672,2250,timeout,5.6816227365305165,45.000000000001435,-65.94058794807057
1,71,149696,2.3078126907348633,2250,timeout,15.22359238363375,45.000000000001435,-78.25801364190639
1,72,150924,-0.3329658508300781,1997,miss,17.20262474071883,39.940000000000644,-74.78530617082384
1,73,151156,-6.252559661865234,2168,miss,23.176762265642424,43.36000000000118,-67.51663047467721
1,74,158156,6.028963088989258,2250,timeout,9.436160376188598,45.000000000001435,-65.90655871721056
1,75,158696,-6.412993907928467,2250,timeout,17.30277526421636,45.000000000001435,-65.61404829712345
1,76,159924,-1.4932212829589844,2250,timeout,28.608688721336907,45.000000000001435,-73.08242397136881
1,77,160156,1.7756242752075195,2250,timeout,7.606007067370973,45.000000000001435,-58.305891765236055
1,78,165512,131.4197235107422,1397,hit,3.393343175454854,27.939999999999493,158.13136296143995
1,79,165900,-0.11271238327026367,1936,miss,10.505968983039498,38.720000000000454,-75.37374043118784
1,80,166320,23.677108764648438,1541,miss,29.299488671111973,30.819999999999432,-52.19162943762073
1,81,166988,-0.34211158752441406,2073,miss,5.527053999565186,41.46000000000088,-71.86697210406979
1,82,170376,132.1856689453125,847,hit,4.328912592317091,16.939999999999728,163.3295226273257
1,83,174512,-8.097209930419922,2250,timeout,21.68829540376121,45.000000000001435,-79.83371143003355
1,84,174900,-8.83517837524414,2250,timeout,13.640383256267327,45.000000000001435,-68.64216874363203
1,85,175320,14.368297576904297,2250,timeout,15.32029841967589,45.000000000001435,-63.609391516144846
1,86,177828,131.43954467773438,829,hit,3.7521709924711177,16.579999999999735,159.83333073506745
1,87,179376,10.01534652709961,2250,timeout,10.760828150738913,45.000000000001435,-70.37466698853733
1,88,183900,-4.510736465454102,2250,timeout,11.986332897407372,45.000000000001435,-74.5037001625463
1,89,184320,-12.998466491699219,2250,timeout,19.989046101591402,45.000000000001435,-79.24507762830484
1,90,186528,117.10931396484375,1788,hit,3.699056985523639,35.75999999999999,148.1362556188658
1,91,186828,-5.332084655761719,2250,timeout,12.683679565084587,45.000000000001435,-76.66008686262681
1,92,192900,-5.388988494873047,2250,timeout,10.47558427712975,45.000000000001435,-74.3992217469009
1,93,193320,-21.44060516357422,2250,timeout,18.958514139928454,45.000000000001435,-69.49390885916768
1,94,195528,0.4956550598144531,2250,timeout,13.542842428680208,45.000000000001435,-63.88590521517582
1,95,195828,-2.8010435104370117,2250,timeout,15.734805280077198,45.000000000001435,-69.98503620600464
1,96,200288,114.72016906738281,1190,hit,4.704601807651631,23.79999999999958,147.21776060998658
1,97,201736,130.85086059570312,1477,hit,3.981540304904833,29.53999999999946,155.77697707376265
1,98,201900,-2.0644149780273438,2250,timeout,5.152373188313708,45.000000000001435,-82.3867216180924
1,99,202320,6.356943130493164,2250,timeout,24.480417529972396,45.000000000001435,-66.24795237676227
2,100,213420,7.856838226318359,2155,miss,18.050155381843854,43.10000000000114,-72.75396390998594
2,101,213800,2.4876842498779297,2250,timeout,17.850970286342744,45.000000000001435,-76.83380562029402
2,102,213800,6.232887268066406,2250,timeout,18.204875645865574,45.000000000001435,-81.54926188619721
2,103,213800,-9.664722442626953,2250,timeout,17.893020816236778,45.000000000001435,-72.02198918172355
2,104,222128,5.794703483581543,2082,miss,5.176437317294944,41.64000000000091,-80.50669795732941
2,105,222420,4.45379638671875,2250,timeout,17.02642278637529,45.000000000001435,-77.64489644886532
2,106,222800,-5.978431701660156,2250,timeout,5.489211882422349,45.000000000001435,-64.64259782881203
2,107,222800,-17.961952209472656,2250,timeout,6.747999910272902,45.000000000001435,-77.37088516493843
2,108,228180,126.27925109863281,1513,hit,4.534953443222241,30.259999999999444,147.48730534668942
2,109,228776,122.6883544921875,1494,hit,4.796100121757519,29.879999999999452,148.5831266347434
2,110,231420,5.699184417724609,2250,timeout,20.441478398690226,45.000000000001435,-70.34402478084488
2,111,231800,1.0272102355957031,2250,timeout,7.741002586122007,45.000000000001435,-80.61648532529317
2,112,236044,3.692009687423706,1966,miss,16.370933624324138,39.32000000000055,-66.67066093134409
2,113,237776,3.2299671173095703,2250,timeout,14.203136083305715,45.000000000001435,-81.83792980989311
2,114,240244,4.262195587158203,2206,miss,5.317344506827377,44.1200000000013,-76.06884266892976
2,115,240800,9.20901870727539,2250,timeout,14.789417969598999,45.000000000001435,-60.60398248568742
2,116,245044,22.385334014892578,2250,timeout,11.080381265161616,45.000000000001435,-59.36491160747692
2,117,246412,14.047932624816895,2159,miss,13.413029860341185,43.18000000000115,-73.87598525001474
2,118,249244,-9.131694793701172,2250,timeout,20.671292737583133,45.000000000001435,-70.47736873753163
2,119,249800,9.47313117980957,2250,timeout,12.776551065667993,45.000000000001435,-60.11983185393354
2,120,254016,110.95509338378906,1901,hit,4.410611602245369,38.020000000000344,144.5420851695118
2,121,254044,9.495466232299805,2250,timeout,29.080346424453438,45.000000000001435,-68.93984846484848
2,122,257740,132.20578002929688,931,hit,3.0826000178221844,18.619999999999692,161.587886668868
2,123,258244,-14.531486511230469,2250,timeout,6.122947276885145,45.000000000001435,-75.80691537744872
2,124,258664,14.516523361206055,2216,miss,10.243072594319688,44.32000000000133,-66.48440296441382
2,125,262780,123.05418395996094,1134,hit,4.272299936664322,22.679999999999605,151.93997457343875
2,126,263044,8.640478134155273,2250,timeout,13.68224705849443,45.000000000001435,-74.88152354121169
2,127,266740,-2.629505157470703,2250,timeout,8.036317709643507,45.000000000001435,-79.4888030709978
2,128,266776,0.9753532409667969,2028,miss,5.1063257770725965,40.56000000000074,-64.7874320505858
2,129,271780,4.431751251220703,2250,timeout,18.081609398740497,45.000000000001435,-61.79631432476919
2,130,272044,10.625372886657715,2250,timeout,12.35393647896617,45.000000000001435,-64.59453243466109
2,131,275740,-17.66639518737793,2250,timeout,8.921400368045878,45.000000000001435,-72.54881545300182
2,132,275776,2.377796173095703,2250,timeout,6.435294724165355,45.000000000001435,-86.43474637439596
2,133,280780,-13.090873718261719,2250,timeout,16.140019632519902,45.000000000001435,-81.58843605328573
2,134,280872,-17.480548858642578,2207,miss,14.63681929085706,44.1400000000013,-80.17490661770341
2,135,283128,10.54762077331543,1847,miss,5.454204255130213,36.940000000000175,-59.47392969859049
2,136,284776,-13.689811706542969,2250,timeout,21.250664821869123,45.000000000001435,-81.78195100612587
2,137,286036,126.21894836425781,727,hit,3.938978563795867,14.539999999999779,155.81207962711534
2,138,289708,133.32473754882812,918,hit,3.5485547955722705,18.359999999999697,159.18382251388766
2,139,289780,0.6117362976074219,2250,timeout,11.479274410757574,45.000000000001435,-74.14536586552279
2,140,289872,13.350934028625488,2250,timeout,15.666507742290671,45.000000000001435,-61.74416002310985
2,141,290536,127.39234924316406,1440,hit,4.6331339844395645,28.799999999999475,152.58904086817486
2,142,294972,103.29839324951172,1316,hit,3.7342989646532754,26.319999999999528,144.86600920664532
2,143,298780,0.09853363037109375,2250,timeout,5.737931142452898,45.000000000001435,-72.64268375390682
2,144,298872,-0.5642852783203125,2250,timeout,10.558756083647982,45.000000000001435,-74.7336618150078
2,145,299536,-11.631078720092773,2250,timeout,12.673663805542889,45.000000000001435,-69.60854105231726
2,146,303908,12.023956298828125,2234,miss,5.37154046449808,44.680000000001385,-71.47903702325215
2,147,304032,124.48064422607422,1124,hit,4.72281115186053,22.47999999999961,144.96619317437248
2,148,307780,-30.148662567138672,2250,timeout,8.29971060914058,45.000000000001435,-77.62157198571691
2,149,307872,16.2410888671875,2250,timeout,5.915595285936664,45.000000000001435,-67.7962237543606
2,150,311796,124.20143127441406,981,hit,4.686995489588204,19.61999999999967,150.77149428864988
2,151,312908,-3.4448204040527344,2250,timeout,6.949983991085164,45.000000000001435,-65.17412214236148
2,152,313032,3.64599609375,2250,timeout,7.179562112394213,45.000000000001435,-63.8025772892296
2,153,313532,133.1297149658203,1438,hit,2.976835727623047,28.759999999999476,156.85793771471475
2,154,320560,-17.645030975341797,2191,miss,13.015077868636938,43.82000000000125,-81.74340215460217
2,155,321848,-0.12286758422851562,2235,miss,7.950934762038731,44.70000000000139,-84.33316090903772
2,156,322032,-14.904705047607422,2250,timeout,5.247235486786168,45.000000000001435,-70.90906638542889
2,157,322532,-2.805633544921875,2250,timeout,12.1600030646271,45.000000000001435,-75.60750676117996
2,158,326100,132.4890594482422,892,hit,3.235706239507069,17.83999999999971,165.02156903183538
2,159,326756,124.49055480957031,1549,hit,4.857419983154907,30.97999999999943,151.6313360984638
2,160,330848,16.40363883972168,2250,timeout,6.8928517781363094,45.000000000001435,-72.76112076760676
2,161,331032,1.6542129516601562,2250,timeout,7.134512177434823,45.000000000001435,-67.60048000417447
2,162,334364,5.513463973999023,1902,miss,8.149621117261804,38.04000000000035,-65.8366442306866
2,163,335100,8.103975296020508,2250,timeout,5.413998310242409,45.000000000001435,-70.68570463496873
2,164,335512,129.10189819335938,1166,hit,2.876504326731007,23.31999999999959,154.82094154955152
2,165,338056,-13.7728271484375,1756,miss,6.815081367786593,35.11999999999989,-69.34827638967218
2,166,343364,-17.2725830078125,2250,timeout,9.488186263738783,45.000000000001435,-81.02813088885488
2,167,344100,0.7481231689453125,2250,timeout,8.825562188144493,45.000000000001435,-75.04536776215745
2,168,344500,-31.503826141357422,2247,miss,7.099713311863421,44.940000000001426,-77.27213917168547
2,169,347056,-27.856502532958984,2250,timeout,17.708278448697225,45.000000000001435,-75.44499765119636
2,170,350264,15.476913452148438,1725,miss,6.635098139496479,34.499999999999794,-55.516806590307965
2,171,353100,-21.99306869506836,2250,timeout,9.986958252864078,45.000000000001435,-75.67662471972442
2,172,353500,3.411078453063965,2250,timeout,35.166399942485874,45.000000000001435,-71.54749514351866
2,173,355984,-19.72671127319336,2232,miss,14.512326349815824,44.64000000000138,-76.85113574036279
2,174,359264,5.233951568603516,2250,timeout,5.104743783623442,45.000000000001435,-71.61868999687289
2,175,362100,-37.07981491088867,2250,timeout,6.502974838603981,45.000000000001435,-74.9618933780613
2,176,362500,-1.1885490417480469,2250,timeout,5.799085450513561,45.000000000001435,-83.6823571096217
2,177,364644,-22.212736129760742,2165,miss,12.910956181076024,43.30000000000117,-66.93081915770813
2,178,368264,11.81583023071289,2250,timeout,8.317909748848624,45.000000000001435,-69.88612112131847
2,179,371012,-8.466695785522461,2228,miss,6.718782487901466,44.56000000000137,-60.55118603457626
2,180,371500,-8.217842102050781,2250,timeout,5.166430170853691,45.000000000001435,-77.31339523912631
2,181,373644,-13.175392150878906,2250,timeout,13.781128583354095,45.000000000001435,-77.364064366138
2,182,376816,-4.02705192565918,2138,miss,14.567724375173187,42.760000000001085,-62.501770700669155
2,183,380012,-7.075527667999268,2250,timeout,18.62224994846604,45.000000000001435,-79.17242195889561
2,184,380500,-30.626571655273438,2250,timeout,14.488764409124173,45.000000000001435,-66.78585416400013
2,185,382644,-8.659645080566406,2250,timeout,6.092593277218748,45.000000000001435,-67.77571536838343
2,186,385540,-9.954597473144531,2181,miss,7.543719596318211,43.62000000000122,-65.89005562861296
2,187,386696,115.7146987915039,1549,hit,4.498459337683244,30.97999999999943,154.46361915935535
2,188,389012,-20.74774169921875,2250,timeout,6.373825485390915,45.000000000001435,-79.28708327461331
2,189,391644,-16.027456283569336,2250,timeout,14.633758124359721,45.000000000001435,-66.3690311812871
2,190,394540,-3.9756107330322266,2250,timeout,10.981450367068424,45.000000000001435,-75.80562327043286
2,191,395696,-12.221494674682617,2250,timeout,8.348658182099047,45.000000000001435,-74.09695368685419
2,192,398012,-27.55234146118164,2250,timeout,16.812704916490976,45.000000000001435,-77.26049235568179
2,193,400644,-21.0994930267334,2250,timeout,5.95309867403679,45.000000000001435,-63.542458794785006
2,194,402064,-3.170808792114258,1881,miss,9.459121388651383,37.62000000000028,-71.73595063849217
2,195,404696,-20.321407318115234,2250,timeout,16.25265230721424,45.000000000001435,-83.31620132040746
2,196,407012,-13.339972496032715,2250,timeout,13.199411836035566,45.000000000001435,-78.8542390111798
2,197,408528,117.77999877929688,958,hit,3.932865582039736,19.15999999999968,146.01852183131982
2,198,409116,28.491243362426758,1763,miss,17.543492588267558,35.25999999999991,-48.12719796634466
3,199,415656,129.2751922607422,1514,hit,3.968911525819064,30.279999999999443,153.6579079528662
3,200,417784,-33.45668411254883,2046,miss,9.402238165616584,40.9200000000008,-69.56567876599206
3,201,418200,-18.692861557006836,2150,miss,9.923443293783299,43.00000000000112,-64.69596892828142
3,202,418600,6.490750312805176,2250,timeout,5.213219443929754,45.000000000001435,-75.2530485735189
3,203,419212,132.4764404296875,889,hit,2.250049797322876,17.77999999999971,162.58538681553108
3,204,426784,-32.66603469848633,2250,timeout,13.871692946847915,45.000000000001435,-87.12860345533363
3,205,427200,9.07101821899414,2250,timeout,9.142918519686104,45.000000000001435,-64.54110713082441
3,206,427600,9.210672378540039,2250,timeout,5.217179667699155,45.000000000001435,-64.4357728890867
3,207,428056,-7.362323760986328,2211,miss,19.927014869841084,44.22000000000131,-73.79215733959667
3,208,435784,-22.359905242919922,2250,timeout,11.838870948885022,45.000000000001435,-82.56384689080389
3,209,436200,-23.08272933959961,2250,timeout,14.465353965496341,45.000000000001435,-63.677166020516964
3,210,436600,-6.527469635009766,2250,timeout,9.525751191228863,45.000000000001435,-73.39208854105077
3,211,436904,-17.7247314453125,2212,miss,5.833634095038283,44.24000000000132,-80.3329150213417
3,212,438500,116.88338470458984,679,hit,3.8833032734993944,13.5799999999998,151.3142405800534
3,213,438968,122.05827331542969,692,hit,4.4728740850937125,13.839999999999794,153.04055388576464
3,214,445060,83.13844299316406,2115,hit,4.7514872058649935,42.30000000000101,137.32789363979006
3,215,445904,-18.18669319152832,2250,timeout,23.726290786651067,45.000000000001435,-76.45062366302605
3,216,447500,-26.584064483642578,2250,timeout,9.409193998444843,45.000000000001435,-82.24194954501527
3,217,447968,-26.296749114990234,2250,timeout,10.225114965996582,45.000000000001435,-65.04042528785686
3,218,449752,121.52215576171875,1173,hit,4.867145504051862,23.45999999999959,146.41239817392756
3,219,450160,126.18415069580078,665,hit,2.901410204435432,13.299999999999805,150.9520164856275
3,220,454904,-3.5710716247558594,2250,timeout,7.358754570748647,45.000000000001435,-79.90795374048761
3,221,455100,5.934076309204102,1783,miss,6.998923169351958,35.659999999999975,-62.7606138857881
3,222,455264,128.76248168945312,1378,hit,3.485290526461387,27.5599999999995,147.13633937453406
3,223,457676,117.46549224853516,644,hit,3.189886526010586,12.879999999999814,150.5115604019772
3,224,459160,-42.50949478149414,2250,timeout,13.549053448241324,45.000000000001435,-67.39791223575764
3,225,459328,129.3441925048828,1106,hit,2.7055439239304486,22.119999999999617,160.69666498155294
3,226,462108,125.30245971679688,1108,hit,4.267376054406217,22.159999999999616,153.57728110500008
3,227,462836,125.43901062011719,919,hit,4.423319675957008,18.379999999999697,148.42162373097025
3,228,464264,-18.533618927001953,2250,timeout,14.320453159328292,45.000000000001435,-77.93318909143971
3,229,466244,-3.062000274658203,1729,miss,6.470703730659313,34.57999999999981,-69.88332099974492
3,230,468800,117.91341400146484,1673,hit,4.023822471750055,33.45999999999963,138.8848245289762
3,231,471592,-20.793598175048828,2189,miss,6.221762320274363,43.780000000001245,-84.14244603583471
3,232,473264,-33.22472381591797,2250,timeout,18.994906628902644,45.000000000001435,-77.43773758133014
3,233,473788,127.12706756591797,1247,hit,4.897542869875878,24.939999999999557,151.44850195383395
3,234,475244,-4.573675155639648,2250,timeout,7.644532997070411,45.000000000001435,-68.63021018538512
3,235,476872,134.443359375,902,hit,2.939030296419287,18.039999999999704,158.7754068116933
3,236,480592,-10.154701232910156,2250,timeout,12.443977373309462,45.000000000001435,-68.94998086747648
3,237,482592,-31.51626205444336,2201,miss,6.9785696325657,44.02000000000128,-77.24909126525172
3,238,483584,125.0186767578125,748,hit,1.186849514266457,14.95999999999977,151.49078540620766
3,239,484244,-13.063179016113281,2250,timeout,8.01665701495267,45.000000000001435,-85.5264860170287
3,240,485804,-15.1192626953125,2233,miss,10.01757290182428,44.66000000000138,-67.51116097871899
3,241,491592,-17.353958129882812,2250,timeout,12.264100565289795,45.000000000001435,-80.46513314044758
3,242,492584,-20.8247013092041,2250,timeout,8.75141638814727,45.000000000001435,-75.16448090933282
3,243,493244,-19.392288208007812,2250,timeout,9.123705162633058,45.000000000001435,-71.493676988457
3,244,494804,-8.526775360107422,2250,timeout,10.452175669343264,45.000000000001435,-81.25755919916303
3,245,500592,-3.9086647033691406,2250,timeout,5.146704961760064,45.000000000001435,-73.80814555135112
3,246,501584,-14.619361877441406,2250,timeout,9.61072811304021,45.000000000001435,-62.40595863810625
3,247,502244,-7.171573638916016,2250,timeout,6.342828274662763,45.000000000001435,-81.89950205838491
3,248,503804,-7.276437759399414,2250,timeout,5.334907657702263,45.000000000001435,-76.13891890442709
3,249,504692,129.11573791503906,1025,hit,4.531709878350223,20.499999999999652,152.96835990553797
3,250,505440,123.52178955078125,799,hit,3.2117580994339505,15.979999999999748,153.67817848264724
3,251,507180,125.27841186523438,844,hit,4.610751384475418,16.87999999999973,151.16801163196857
3,252,510584,-22.682403564453125,2250,timeout,5.405682250197676,45.000000000001435,-73.7411218188966
3,253,511124,124.79808044433594,986,hit,4.201264950441087,19.71999999999967,147.23926424036526
3,254,513692,-12.357242584228516,2250,timeout,9.511500837267997,45.000000000001435,-82.95622920658923
3,255,514048,-27.518627166748047,2152,miss,9.302296767686908,43.04000000000113,-76.124081315367
3,256,514564,134.1981964111328,860,hit,4.006117653173006,17.199999999999722,164.0879850881592
3,257,517088,131.3075714111328,760,hit,3.7712705000964135,15.199999999999765,154.57088591669134
3,258,517416,127.94673919677734,931,hit,3.4637422056381157,18.619999999999692,155.90726097179495
3,259,519584,0.2980613708496094,2250,timeout,5.177177520538258,45.000000000001435,-79.78396904198024
3,260,520280,124.69857788085938,716,hit,4.560136105635374,14.319999999999784,152.83887676543037
3,261,523564,-14.86478042602539,2250,timeout,7.579481089050921,45.000000000001435,-74.03677586971193
3,262,526088,-27.29471206665039,2250,timeout,8.597302872684896,45.000000000001435,-69.57307324344598
3,263,528584,-34.29450607299805,2250,timeout,7.4326881517509475,45.000000000001435,-85.79588063198436
3,264,529280,-39.70489501953125,2250,timeout,6.025874032274482,45.000000000001435,-75.52904754708443
3,265,532564,-46.668148040771484,2250,timeout,13.968503029111973,45.000000000001435,-77.23681490971121
3,266,532564,130.29025268554688,821,hit,3.9910260425597794,16.41999999999974,157.5470899584032
3,267,535088,-17.759044647216797,2250,timeout,6.565525509745977,45.000000000001435,-85.52988609609682
3,268,537584,-17.48731231689453,2250,timeout,11.609963106846017,45.000000000001435,-68.47085375590618
3,269,538504,124.66572570800781,1485,hit,4.958213491736944,29.699999999999456,148.02490368211755
3,270,540052,125.38278198242188,1241,hit,4.763465509752479,24.81999999999956,144.63264369728566
3,271,540192,121.03218841552734,652,hit,3.791842830956919,13.03999999999981,151.35121393763683
3,272,541564,-22.460153579711914,2250,timeout,9.760668175731047,45.000000000001435,-81.66011250497421
3,273,542908,125.51652526855469,679,hit,4.179242235132835,13.5799999999998,154.61545292094834
3,274,547504,-61.259483337402344,2250,timeout,18.925138035630017,45.000000000001435,-79.3155598901841
3,275,548192,127.75856018066406,1321,hit,3.30307217372164,26.419999999999526,152.6057725846577
3,276,549016,-10.182361602783203,2241,miss,9.537783100550309,44.82000000000141,-75.31776233908614
3,277,549900,93.25810241699219,2084,hit,3.901831665928976,41.680000000000916,140.8767227359473
3,278,554472,128.32447814941406,1364,hit,4.396920808912577,27.279999999999507,150.5281469168655
3,279,556504,-31.653106689453125,2250,timeout,7.650602794276971,45.000000000001435,-69.0049148701546
3,280,557192,-7.189193248748779,2250,timeout,11.602562376802782,45.000000000001435,-72.77391466704343
3,281,558900,-36.12557601928711,2250,timeout,8.749882748341417,45.000000000001435,-86.59057279197393
3,282,561488,-2.5968704223632812,1754,miss,9.375429011050361,35.079999999999885,-69.69864772754748
3,283,562516,129.77757263183594,1503,hit,4.651706707236138,30.059999999999448,154.22127955967653
3,284,564228,127.37879943847656,685,hit,3.0441473302802655,13.699999999999797,155.00173717536182
3,285,564728,131.19041442871094,1457,hit,3.709683351577067,29.139999999999468,152.6637208090798
3,286,566192,-29.755634307861328,2250,timeout,6.072839036951964,45.000000000001435,-88.31340597292926
3,287,569828,134.98800659179688,909,hit,4.466937975221233,18.1799999999997,164.34038879271523
3,288,571516,-12.368221282958984,2250,timeout,6.787623717214578,45.000000000001435,-85.9773955543076
3,289,573112,-2.58013916015625,2096,miss,10.977282199222664,41.920000000000954,-80.8587578371169
3,290,573228,-23.583580017089844,2250,timeout,5.947791306408907,45.000000000001435,-70.32790245586801
3,291,573240,131.01669311523438,853,hit,4.830259855793638,17.059999999999725,161.464723832872
3,292,574432,116.76390075683594,729,hit,4.127853862240117,14.579999999999778,150.28223672305467
3,293,578120,127.7996597290039,1223,hit,2.7410667814075413,24.459999999999567,150.20569765864187
3,294,582112,13.273626327514648,2250,timeout,17.392391200358542,45.000000000001435,-64.8538861866918
3,295,582240,-22.097688674926758,2250,timeout,15.823327234947765,45.000000000001435,-65.2008158958609
3,296,583432,-27.219266891479492,2250,timeout,6.189930424087043,45.000000000001435,-83.39307475052078
3,297,586240,125.37877655029297,1032,hit,4.858893640037659,20.63999999999965,152.19018332302386
3,298,586488,130.1562042236328,764,hit,3.4153625963691,15.279999999999763,153.3113231589441
3,299,586860,8.433977127075195,2185,miss,5.966415616266405,43.70000000000123,-65.20329911295988
3,300,591240,11.120166778564453,2250,timeout,6.813764949500229,45.000000000001435,-81.82040838544981
3,301,592728,133.0092010498047,1622,hit,4.897247994780772,32.43999999999947,154.47787142594797
3,302,594276,130.96315002441406,759,hit,3.360909778175604,15.179999999999765,156.13553561826103
3,303,595488,-26.4376163482666,2250,timeout,10.989530637876237,45.000000000001435,-80.12999254158171
3,304,595860,8.73248291015625,2250,timeout,17.259984927104043,45.000000000001435,-67.24093937517358
3,305,596588,134.7809295654297,965,hit,4.61389125031774,19.299999999999677,161.73403831133783
3,306,597424,129.29086303710938,787,hit,2.9036736376508,15.739999999999753,158.37366646217689
3,307,598456,122.51097869873047,649,hit,3.6189941838173367,12.979999999999812,150.07308053311317
3,308,600024,122.77922058105469,1134,hit,4.95346272116988,22.679999999999605,152.12325804747007
3,309,603024,21.582855224609375,1609,miss,6.267033087371967,32.17999999999943,-52.708054383636686
3,310,603428,132.5350799560547,1243,hit,4.615175286092424,24.85999999999956,156.83195367882658
3,311,604052,98.3191146850586,1657,hit,4.259256521731917,33.13999999999958,139.85353618212002
3,312,606952,125.68429565429688,881,hit,1.4128420125362833,17.619999999999713,150.27032084751488
3,313,608760,102.28265380859375,1434,hit,3.931322729228694,28.679999999999477,146.40560096231354
3,314,609024,-12.291873931884766,2250,timeout,7.029587560301195,45.000000000001435,-66.94920672665046
3,315,611704,134.406005859375,1188,hit,4.680045350841269,23.759999999999582,160.28114438671042
3,316,612208,131.66366577148438,796,hit,3.5056385733160575,15.91999999999975,155.9450679698502
3,317,612400,119.66213989257812,910,hit,3.0730304057140385,18.1999999999997,148.73036842158558
3,318,613052,-32.54670333862305,2250,timeout,9.783402152375217,45.000000000001435,-84.70052880488238
4,319,617432,130.36163330078125,758,hit,2.371843102490472,15.159999999999766,153.0339989526347
4,320,619812,128.96493530273438,1353,hit,4.124813252535072,27.059999999999512,152.1652937591959
4,321,620844,112.06787109375,1611,hit,3.6822783607200127,32.21999999999944,149.50635338178648
4,322,621588,124.63845825195312,1039,hit,4.420674765856631,20.779999999999646,151.65058788199244
4,323,623400,-22.933834075927734,2250,timeout,15.694227014948536,45.000000000001435,-76.86891412485176
4,324,627584,121.25155639648438,1046,hit,3.9462320454965436,20.919999999999643,154.48827014320665
4,325,628220,-22.235870361328125,1658,miss,8.865625748526057,33.159999999999584,-72.0769956828989
4,326,628300,-14.60635757446289,2122,miss,14.194682372215219,42.440000000001035,-88.46640860535678
4,327,629844,-39.714725494384766,2250,timeout,8.785835651537951,45.000000000001435,-76.14458252458763
4,328,633328,130.9819793701172,1257,hit,4.015076807728755,25.139999999999553,159.6497262502388
4,329,636584,-42.56142807006836,2250,timeout,9.53128151165692,45.000000000001435,-76.45312410864402
4,330,636904,-27.514225006103516,2171,miss,11.555464365064648,43.42000000000119,-89.00846830359399
4,331,638844,-15.094072341918945,2250,timeout,15.78378388095128,45.000000000001435,-64.40136495770132
4,332,642328,-17.436033248901367,2250,timeout,7.0640474999412595,45.000000000001435,-82.72063676099583
4,333,645416,-18.81961441040039,2208,miss,9.586732152663554,44.160000000001304,-82.45816518175577
4,334,645904,-1.5859451293945312,2250,timeout,8.644704127360736,45.000000000001435,-63.94083044021054
4,335,646972,131.27630615234375,1161,hit,3.8562458041953582,23.219999999999594,159.94394150965962
4,336,647252,-14.30300521850586,2102,miss,7.275970207724416,42.04000000000097,-76.85321035222452
4,337,648544,132.15084838867188,782,hit,3.2252361127089997,15.639999999999755,156.0784950653479
4,338,649500,134.61195373535156,899,hit,3.4200710905542797,17.979999999999706,162.9732680365646
4,339,650032,127.6515884399414,765,hit,3.9312288156724544,15.299999999999763,154.90137377645613
4,340,652044,126.83684539794922,1198,hit,4.586141857708816,23.959999999999578,151.97055772161264
4,341,653948,131.11968994140625,979,hit,4.099757844483073,19.57999999999967,160.50743378860997
4,342,654200,126.90824890136719,1414,hit,4.575260961000706,28.279999999999486,156.47122183399497
4,343,654588,129.51319885253906,1272,hit,4.1190003298111,25.439999999999547,157.66320744841
4,344,657704,129.68475341796875,779,hit,4.588613177218154,15.579999999999757,156.32312469670325
4,345,661044,9.609208106994629,2250,timeout,12.162911082279008,45.000000000001435,-73.39117040790508
4,346,661172,134.40789794921875,867,hit,4.97089911740649,17.33999999999972,161.13026390522722
4,347,662948,-15.743097305297852,2250,timeout,10.143213834513565,45.000000000001435,-70.60536487341835
4,348,663200,-12.47426986694336,2250,timeout,8.658763432990117,45.000000000001435,-79.31027406252802
4,349,666072,130.3754119873047,1225,hit,4.129107293729766,24.499999999999567,158.6492967361424
4,350,667360,127.46855163574219,1040,hit,3.7883574483755518,20.799999999999645,150.09205013859733
4,351,667996,83.7376708984375,1738,hit,3.7753471895276265,34.759999999999835,131.13430166632364
4,352,669728,134.7316131591797,914,hit,4.447286047570554,18.2799999999997,161.97620710027766
4,353,670292,127.11520385742188,733,hit,4.563005064818658,14.659999999999776,152.21986105739282
4,354,671948,-0.5437278747558594,2250,timeout,6.466695135590347,45.000000000001435,-78.51607912730152
4,355,673632,133.51918029785156,835,hit,4.703500834877184,16.699999999999733,160.34510654313536
4,356,674788,126.60942840576172,710,hit,3.772367876308765,14.199999999999786,153.91884592479985
4,357,676996,-4.68487548828125,2250,timeout,7.226933980035851,45.000000000001435,-89.97820489329334
4,358,677672,126.62837219238281,721,hit,4.75190159611847,14.419999999999781,154.22841890938378
4,359,678728,-5.970325469970703,2250,timeout,9.08964013771761,45.000000000001435,-80.62855467145796
4,360,681352,-46.538063049316406,1930,miss,11.112374225816883,38.600000000000435,-80.19150113202033
4,361,682040,123.85848999023438,1261,hit,4.761212127193949,25.21999999999955,153.44229332549963
4,362,686672,-60.992591857910156,2250,timeout,10.819962763745538,45.000000000001435,-77.34844095486268
4,363,687728,12.411916732788086,2250,timeout,5.383416883160671,45.000000000001435,-73.04952036971144
4,364,689064,83.74027252197266,1756,hit,2.893641033176734,35.11999999999989,131.8904716137684
4,365,690352,-5.333858489990234,2250,timeout,6.9367971418232335,45.000000000001435,-79.62587951652714
4,366,690816,132.84141540527344,1036,hit,4.931997859437431,20.719999999999647,161.70642455269484
4,367,693932,130.59814453125,779,hit,3.739040909709821,15.579999999999757,156.39748647740822
4,368,694944,119.28474426269531,1470,hit,3.6655454531490457,29.399999999999462,138.6263751927903
4,369,696728,-26.819927215576172,2250,timeout,10.666701245653902,45.000000000001435,-97.56367380872496
4,370,696732,126.80492401123047,700,hit,2.9129827010822127,13.99999999999979,156.337208645055
4,371,699320,-1.6245536804199219,2242,miss,6.819836665566144,44.84000000000141,-83.01027116849983
4,372,699728,131.51193237304688,749,hit,3.0474097445518598,14.97999999999977,156.72064488804412
4,373,701796,128.49252319335938,1267,hit,3.31313048505783,25.33999999999955,150.20961970274067
4,374,703600,-15.43679428100586,2164,miss,7.672166213442555,43.280000000001166,-87.40644063560941
4,375,704424,126.87700653076172,1276,hit,2.8450410380988362,25.519999999999545,152.64537427435673
4,376,704640,127.43681335449219,711,hit,0.7769440307765696,14.219999999999786,151.33214401635038
4,377,705732,131.29244995117188,1501,hit,3.9852089811343814,30.01999999999945,155.24562344181015
4,378,712600,7.088052749633789,2250,timeout,6.078424103226084,45.000000000001435,-69.28985519737486
4,379,713424,-45.57145309448242,2250,timeout,6.2553671719525585,45.000000000001435,-81.2565800890782
4,380,713640,-10.832586288452148,2250,timeout,19.8462394106649,45.000000000001435,-69.91222458150662
4,381,714312,-5.431087493896484,2145,miss,5.1890499252200115,42.90000000000111,-66.86850916108817
4,382,716292,121.7746810913086,663,hit,2.907885626529775,13.259999999999806,150.61716108528148
4,383,717080,130.45526123046875,914,hit,1.2793257652815118,18.2799999999997,163.51083474084393
4,384,718304,126.85701751708984,1426,hit,3.79691394163715,28.51999999999948,149.63495457899643
4,385,719924,124.71391296386719,908,hit,3.8946326401230027,18.1599999999997,148.56687504268132
4,386,721420,131.3963165283203,779,hit,3.276301219570033,15.579999999999757,152.9774980550116
4,387,723000,132.06808471679688,769,hit,4.5259636768582245,15.379999999999761,158.2171028562473
4,388,723312,-26.30406951904297,2250,timeout,8.519159216332634,45.000000000001435,-86.00015065538022
4,389,723680,131.2169647216797,1650,hit,3.691242081209382,32.99999999999956,153.6523715760415
4,390,724244,126.69774627685547,706,hit,3.995024938229771,14.119999999999788,151.44179623225878
4,391,726220,126.36031341552734,727,hit,3.1959163168431313,14.539999999999779,151.51234850604988
4,392,727656,121.22054290771484,1164,hit,3.8278278297977653,23.279999999999593,149.52430620258642
4,393,727764,131.73037719726562,880,hit,2.89241595383824,17.599999999999714,161.3236894352473
4,394,732084,123.7732162475586,1080,hit,3.815888085428394,21.59999999999963,151.42518595359203
4,395,732536,126.79586791992188,1220,hit,3.937275697233566,24.39999999999957,151.29055632158045
4,396,732680,-24.23719024658203,2250,timeout,6.841832537117859,45.000000000001435,-61.56374462031587
4,397,734332,102.46662902832031,2028,hit,4.659842919355566,40.56000000000074,132.86510788395694
4,398,735844,132.63104248046875,827,hit,4.251869107370346,16.539999999999736,162.8511777280561
4,399,736208,133.42120361328125,882,hit,3.63908862599306,17.639999999999713,163.2979720186378
4,400,738496,120.3539047241211,663,hit,3.867564755837081,13.259999999999806,150.49498622340963
4,401,738616,120.37742614746094,1071,hit,4.276975549419573,21.419999999999632,150.09533901451357
4,402,740432,123.58686065673828,1056,hit,4.8190286013691965,21.11999999999964,155.29373871657907
4,403,741084,3.5233802795410156,2250,timeout,5.114134029655446,45.000000000001435,-78.38136317781822
4,404,741736,132.40745544433594,810,hit,3.7080379607931637,16.199999999999743,162.76601615804148
4,405,742092,123.7685317993164,869,hit,3.601106100673825,17.37999999999972,151.109135141686
4,406,748048,125.98820495605469,1578,hit,3.7013823740413816,31.559999999999416,148.32232285685149
4,407,749432,20.099851608276367,2250,timeout,8.161461958781473,45.000000000001435,-62.80967965270696
4,408,749776,-21.21724510192871,2173,miss,7.6223660643643765,43.460000000001195,-63.56632452969886
4,409,750932,129.8955078125,721,hit,3.4823169002907464,14.419999999999781,154.24496942944407
4,410,751092,-34.61157989501953,2250,timeout,6.70719281996374,45.000000000001435,-92.35643963976504
4,411,753532,124.47445678710938,650,hit,1.6575459524316114,12.999999999999812,153.99015266295487
4,412,753852,133.12754821777344,1019,hit,3.965488088833318,20.379999999999654,165.17005832335155
4,413,755168,102.81037139892578,1434,hit,4.407836851273865,28.679999999999477,141.63187424168862
4,414,756108,133.1462860107422,1254,hit,2.518782250915015,25.079999999999554,157.8936131769903
4,415,756436,131.0186767578125,726,hit,2.789044545941715,14.51999999999978,155.00853430878027
4,416,757256,134.1367645263672,851,hit,1.641213886371229,17.019999999999726,161.75892531063172
4,417,758688,128.2928466796875,880,hit,3.919034624004965,17.599999999999714,153.3960745820204
4,418,759816,122.4418716430664,845,hit,3.6213464979072802,16.89999999999973,152.17223653364442
4,419,761100,131.2976531982422,961,hit,1.8930647031451422,19.21999999999968,163.87362182926302
4,420,761868,130.50811767578125,1440,hit,3.2431674837595432,28.799999999999475,154.09115249687207
4,421,762044,134.63345336914062,839,hit,3.230355348967242,16.77999999999973,159.30328881099086
4,422,762828,130.12496948242188,753,hit,4.256356081971919,15.059999999999768,155.9170788541473
4,423,764536,134.372802734375,859,hit,3.8606035526566083,17.179999999999723,159.47137904997504
4,424,765132,133.99783325195312,816,hit,3.951202977274288,16.31999999999974,161.0579244562753
4,425,765784,128.31178283691406,739,hit,2.759942202114397,14.779999999999774,152.8149008862863
4,426,766376,129.849609375,1083,hit,4.90528333091133,21.659999999999627,154.8931677441501
4,427,767948,125.04660034179688,704,hit,3.809080112202919,14.079999999999789,156.33874440136944
4,428,768816,130.45407104492188,1070,hit,3.2177446856908007,21.399999999999633,155.60968327012756
4,429,769068,123.02178955078125,821,hit,4.080373838055316,16.41999999999974,150.2513336700291
4,430,770560,125.57673645019531,653,hit,2.134075951810376,13.05999999999981,151.19488313007386
4,431,771440,125.90177917480469,656,hit,4.033484929545184,13.11999999999981,154.30272930486785
4,432,772652,133.3643035888672,896,hit,4.319310109819504,17.919999999999707,165.11674302015513
4,433,775376,14.949562072753906,2250,timeout,6.371710348691265,45.000000000001435,-77.4039892825193
4,434,775656,130.71749877929688,751,hit,2.3510210616927223,15.019999999999769,155.43882390309744
4,435,776376,131.4635467529297,1234,hit,4.037471139277205,24.679999999999563,161.84408980545533
4,436,779560,-26.42425537109375,2250,timeout,5.3798479629556875,45.000000000001435,-73.78783879986462
4,437,782176,94.8326187133789,1630,hit,4.94642394101345,32.5999999999995,138.33796714625447
4,438,782740,131.52999877929688,795,hit,2.503364887685684,15.89999999999975,163.19266298784962
4,439,784176,-24.204269409179688,2200,miss,6.665782895197114,44.00000000000128,-73.04798966696488
4,440,784864,122.67364501953125,672,hit,1.6726347340178231,13.439999999999802,150.83625618421925
4,441,785376,9.236907958984375,2250,timeout,5.517116893473528,45.000000000001435,-73.7449834024307
4,442,786048,132.0968475341797,827,hit,2.9219154655916206,16.539999999999736,159.79934172986867
4,443,787856,134.49871826171875,920,hit,1.3401950928738104,18.399999999999697,163.62554892214825
4,444,789056,131.3936767578125,752,hit,1.585720961217042,15.039999999999768,158.7974309306601
4,445,789856,133.88232421875,1248,hit,3.377358382419725,24.959999999999557,158.94811701740895
4,446,791336,130.56832885742188,870,hit,4.226831746432755,17.399999999999718,152.737070528025
4,447,793752,134.36288452148438,974,hit,2.8041385569818176,19.479999999999674,165.20419875215254
4,448,794376,10.099668502807617,2250,timeout,9.640336797563586,45.000000000001435,-80.76007168451065
4,449,794500,131.3262939453125,791,hit,3.8583645361368415,15.819999999999752,156.8339218297339
4,450,797496,-29.322961807250977,2110,miss,10.172210671994113,42.200000000001,-78.31119510904026
4,451,798052,133.70079040527344,919,hit,3.7441509341873336,18.379999999999697,163.87261663454822
4,452,800264,128.55638122558594,692,hit,1.021679686546706,13.839999999999794,153.00627476315464
4,453,801096,128.29241943359375,761,hit,4.0928053369898025,15.219999999999764,156.04479371275923
4,454,802188,71.94193267822266,2109,hit,2.3591256936444265,42.180000000000994,138.22583268533774
4,455,803500,-45.59563446044922,2250,timeout,6.134085107088167,45.000000000001435,-91.7061578140138
4,456,803892,128.18675231933594,699,hit,3.6474059014716276,13.97999999999979,152.28387947094225
4,457,805128,129.814208984375,735,hit,3.4469081472436516,14.699999999999775,154.99119319883354
4,458,806344,126.25394439697266,711,hit,2.857602624664688,14.219999999999786,155.30001102248391
4,459,807856,126.84233093261719,682,hit,4.828859358160747,13.639999999999798,151.70496830200253
4,460,807892,134.2371368408203,1000,hit,3.18075271821401,19.999999999999662,164.2501457012576
4,461,809264,-17.223426818847656,2250,timeout,5.0046774197071136,45.000000000001435,-83.08834952752892
4,462,809592,130.65554809570312,812,hit,4.8382226524181595,16.239999999999743,157.3168075053304
4,463,812192,129.03396606445312,732,hit,3.1630681142641968,14.639999999999777,156.32072893627304
4,464,812248,132.6529541015625,1089,hit,4.029791155510112,21.779999999999625,160.0839081922224
4,465,813152,136.1313934326172,890,hit,3.0146559016585743,17.79999999999971,164.83420910470278
4,466,815116,125.19688415527344,731,hit,4.859022949977606,14.619999999999777,153.39878447133347
4,467,815304,123.00987243652344,764,hit,4.311728957926139,15.279999999999763,152.24414540716467
4,468,816856,-46.595726013183594,2250,timeout,7.256902867766546,45.000000000001435,-101.96489218885394
4,469,818220,127.18563079833984,729,hit,3.624654130787864,14.579999999999778,158.81771217521683
5,470,822440,127.37696838378906,810,hit,4.984579233718733,16.199999999999743,148.4059550239658
5,471,825200,123.30287170410156,690,hit,4.895882703420059,13.799999999999795,154.2718640768474
5,472,826712,-10.377582550048828,1878,miss,10.214807275562777,37.56000000000027,-69.5753117924141
5,473,828200,-39.95508575439453,2250,timeout,7.870583199697943,45.000000000001435,-65.18899965462485
5,474,828200,-7.440868377685547,2250,timeout,5.029111080353111,45.000000000001435,-76.25115163069336
5,475,834200,-38.22563552856445,2250,timeout,5.485113646720016,45.000000000001435,-96.97793907303998
5,476,835712,8.959903717041016,2250,timeout,13.81409592174551,45.000000000001435,-74.94618020659178
5,477,837200,3.5907745361328125,2250,timeout,7.341830945091991,45.000000000001435,-78.115894418093
5,478,837200,-18.208351135253906,2250,timeout,7.560261208185224,45.000000000001435,-74.60138884723418
5,479,841840,122.203125,1160,hit,4.051288432356496,23.199999999999594,144.46303207352673
5,480,843200,-33.0816650390625,2250,timeout,6.085289601062063,45.000000000001435,-76.95431507975624
5,481,844712,-19.490102767944336,2250,timeout,6.032944693510902,45.000000000001435,-75.24095517987185
5,482,845000,129.2879638671875,790,hit,4.372430912595535,15.799999999999752,159.72731351342838
5,483,846200,-39.78142166137695,2250,timeout,7.288553554504341,45.000000000001435,-79.05023717434075
5,484,846872,130.138427734375,918,hit,4.837377512570756,18.359999999999697,156.6373735000725
5,485,847752,129.8741912841797,760,hit,2.5458711064325787,15.199999999999765,158.33116682570872
5,486,851232,118.53317260742188,1558,hit,4.528630668728137,31.159999999999425,141.12717795174848
5,487,854340,131.10569763183594,777,hit,2.9249716849955227,15.539999999999758,157.8986621562849
5,488,855200,-10.919597625732422,2250,timeout,9.09843428152388,45.000000000001435,-76.00022600152451
5,489,855872,-24.361591339111328,2250,timeout,7.327700345861991,45.000000000001435,-68.63969031821986
5,490,856752,-28.648250579833984,2250,timeout,5.828756362153729,45.000000000001435,-87.2454564786626
5,491,858092,129.7787628173828,723,hit,3.7832042855723937,14.45999999999978,158.7134202599539
5,492,860152,132.41351318359375,1453,hit,1.7694206732253506,29.05999999999947,156.61371953430097
5,493,860640,133.4019317626953,972,hit,4.441008310401959,19.439999999999674,161.69480474141892
5,494,861244,133.08584594726562,788,hit,4.1412531922740365,15.759999999999753,163.6047186304163
5,495,863592,129.0153350830078,738,hit,4.081631376147257,14.759999999999774,159.1293361355089
5,496,864096,132.46592712402344,986,hit,0.9379023468499132,19.71999999999967,164.29171625159796
5,497,864872,-56.421268463134766,2250,timeout,5.085457137132808,45.000000000001435,-80.55999508786937
5,498,866696,129.34613037109375,776,hit,2.764017174029783,15.519999999999758,159.34243981428995
5,499,866964,129.48377990722656,1430,hit,4.118724565812549,28.59999999999948,153.07226865520732
5,500,867008,122.26170349121094,728,hit,3.115299001863955,14.559999999999778,154.67991856533166
5,501,869920,127.7343978881836,1262,hit,3.571879939581146,25.23999999999955,151.50765993931327
5,502,869992,128.99571228027344,757,hit,3.8281220494954513,15.139999999999766,156.07277288946852
5,503,870288,132.07212829589844,820,hit,3.449142114384078,16.39999999999974,160.86399628113332
5,504,871764,122.07875061035156,1267,hit,3.9083996054314984,25.33999999999955,152.3497144231157
5,505,872920,128.58505249023438,750,hit,1.0004744572908242,14.999999999999769,157.26149553858653
5,506,876296,132.7882537841797,844,hit,4.238373946010515,16.87999999999973,158.00474402697768
5,507,878532,130.3339080810547,1692,hit,3.8888101716565635,33.83999999999969,151.52046120318573
5,508,878992,-34.140846252441406,2250,timeout,16.468891954194156,45.000000000001435,-95.33977850402643
5,509,879288,-21.687908172607422,2250,timeout,5.232496502221766,45.000000000001435,-81.39685489475494
5,510,879848,130.35272216796875,888,hit,3.1089634412541933,17.75999999999971,153.81326932389715
5,511,883016,131.15289306640625,792,hit,3.9610491328133577,15.839999999999751,161.39714268074732
5,512,884056,134.30474853515625,1381,hit,3.5007850887332483,27.6199999999995,158.50854280277133
5,513,887992,6.521371841430664,2250,timeout,8.356886131515989,45.000000000001435,-60.94704252051799
5,514,888288,-16.700531005859375,2250,timeout,10.07126699440873,45.000000000001435,-71.54140493202857
5,515,889936,124.864013671875,1470,hit,2.5261983942368693,29.399999999999462,151.55911202872693
5,516,890964,129.27801513671875,743,hit,3.4325577432012535,14.859999999999772,155.4253509590057
5,517,891876,133.98260498046875,897,hit,4.6769048208526875,17.939999999999706,162.63320046175303
5,518,892016,-32.17986297607422,2250,timeout,7.433884946057108,45.000000000001435,-102.79421483111734
5,519,892664,126.25243377685547,682,hit,2.7290158457980436,13.639999999999798,154.11574035088256
5,520,895136,132.0579833984375,1043,hit,2.20685571422733,20.859999999999644,163.62943587366448
5,521,895548,134.8857879638672,883,hit,2.4504966206741456,17.659999999999712,163.6032715228662
5,522,896480,128.82052612304688,954,hit,2.694374401384366,19.079999999999682,160.726197572574
5,523,896576,128.80763244628906,1175,hit,3.915574991091909,23.499999999999588,149.1811078658951
5,524,898184,130.88055419921875,762,hit,3.377179130336873,15.239999999999764,157.52182305264685
5,525,901412,126.9539794921875,1466,hit,3.8686791569497747,29.319999999999464,150.76430765671074
5,526,903716,2.825042724609375,1785,miss,5.625983013154,35.69999999999998,-63.3064144865841
5,527,904848,134.19647216796875,859,hit,4.05273840117219,17.179999999999723,159.8429414840531
5,528,905480,-0.0961797833442688,2250,timeout,7.0291038971037825,45.000000000001435,-78.19123610710196
5,529,905944,-3.148569107055664,1940,miss,5.213169335639091,38.800000000000466,-71.99966726052085
5,530,908624,123.97203063964844,670,hit,4.311128919299423,13.399999999999803,153.49929943898692
5,531,908664,133.2758026123047,954,hit,3.87404054929173,19.079999999999682,162.22804756068314
5,532,912716,-24.894752502441406,2250,timeout,10.11049826348831,45.000000000001435,-93.0474975064893
5,533,914480,3.0752456188201904,2250,timeout,6.792083481386343,45.000000000001435,-76.7131775236615
5,534,916208,-4.975571155548096,1886,miss,5.000310260449036,37.7200000000003,-55.172930189629994
5,535,917552,131.34254455566406,768,hit,3.3862215816786274,15.359999999999761,160.6948590310878
5,536,917624,-28.580547332763672,2250,timeout,5.0956126363791565,45.000000000001435,-83.80520848323529
5,537,920424,127.18704223632812,700,hit,3.671453446645488,13.99999999999979,152.16421612314915
5,538,921716,-22.439842224121094,2250,timeout,8.40514026912646,45.000000000001435,-99.62227379316396
5,539,923372,126.19564819335938,737,hit,4.629661056017099,14.739999999999775,151.27338344089242
5,540,925208,-53.23204803466797,2250,timeout,11.718514658097657,45.000000000001435,-85.36649096168266
5,541,925792,124.21807861328125,1019,hit,3.0448328997107605,20.379999999999654,151.9528878681055
5,542,926552,-22.843326568603516,2250,timeout,5.340163183364354,45.000000000001435,-77.18822570549625
5,543,927976,126.71476745605469,692,hit,2.3843682835284308,13.839999999999794,151.55610474923847
5,544,929744,131.96441650390625,988,hit,4.599734580899341,19.759999999999668,154.7226873053749
5,545,930920,126.25506591796875,736,hit,3.578162112866399,14.719999999999775,155.97425240752187
5,546,932372,-20.59929656982422,2250,timeout,15.606527354333442,45.000000000001435,-75.74942661276953
5,547,933660,120.90872192382812,979,hit,4.594606049422587,19.57999999999967,147.16067093633512
5,548,934536,133.32083129882812,904,hit,4.084251764922622,18.079999999999703,160.8983069569352
5,549,935328,129.40771484375,739,hit,3.648222824458025,14.779999999999774,155.46325178682713
5,550,935552,-14.456634521484375,2250,timeout,6.665608412550613,45.000000000001435,-68.32232122544201
5,551,938528,128.93113708496094,744,hit,2.060475334744502,14.879999999999772,157.85823750724674
5,552,938624,132.4636688232422,824,hit,3.585767944538195,16.479999999999738,159.49736125805853
5,553,941360,128.40635681152344,708,hit,3.4358457554938164,14.159999999999787,150.43696488965907
5,554,942660,-14.477012634277344,2250,timeout,7.416937167613112,45.000000000001435,-99.58219847375173
5,555,942692,-2.1067886352539062,2039,miss,7.002658619784938,40.780000000000776,-79.29336875064372
5,556,944664,131.68296813964844,826,hit,3.0005847238974916,16.519999999999737,160.26644792670584
5,557,946072,132.67971801757812,853,hit,4.980980963050884,17.059999999999725,160.07229589841194
5,558,946516,121.64168548583984,956,hit,4.297429202330598,19.11999999999968,149.45566276328418
5,559,947624,3.205047607421875,2250,timeout,7.569297365061936,45.000000000001435,-82.48092138471128
5,560,950860,122.92271423339844,1197,hit,4.788702308338878,23.93999999999958,143.40319504868472
5,561,953664,-2.938556671142578,2250,timeout,9.046989071823504,45.000000000001435,-82.33032799413144
5,562,953848,131.320556640625,1556,hit,2.6330860327994574,31.119999999999425,157.529654449372
5,563,955516,-29.39297103881836,2250,timeout,6.864554843858006,45.000000000001435,-107.27145743155083
5,564,958352,130.5342254638672,1172,hit,4.647441307701177,23.43999999999959,155.35515478737318
5,565,959860,-1.2336769104003906,2250,timeout,8.009047115595502,45.000000000001435,-69.91318273150134
5,566,961404,126.69282531738281,1472,hit,4.503847887658757,29.43999999999946,156.84542170635325
5,567,961816,133.94830322265625,866,hit,1.984370926968294,17.31999999999972,159.5310324033963
5,568,962848,-22.254074096679688,2250,timeout,5.966101005110093,45.000000000001435,-69.99078427266521
5,569,966028,128.83181762695312,1156,hit,3.2756553804029456,23.119999999999596,156.5934103156097
5,570,966036,132.7760009765625,1544,hit,1.566731129532485,30.87999999999943,156.4539438445082
5,571,968544,27.043476104736328,1682,miss,165.2892906381699,33.63999999999966,-45.099168162736404
5,572,969944,135.42959594726562,979,hit,4.047409906002795,19.57999999999967,166.18967582227697
5,573,970108,115.56365966796875,1018,hit,2.0395281583844254,20.359999999999655,145.39154663762724
5,574,971848,-58.765869140625,2250,timeout,9.170946279465365,45.000000000001435,-83.79184624625717
5,575,973788,117.864501953125,1311,hit,4.651178103133182,26.21999999999953,142.03537664346186
5,576,976288,125.36247253417969,625,hit,3.1957005419787543,12.499999999999822,151.6397697268743
5,577,977080,13.888278007507324,1743,miss,5.260052155852409,34.85999999999985,-50.138651156187024
5,578,977672,118.02601623535156,1456,hit,4.045936048548801,29.119999999999468,139.65710616671174
5,579,978944,20.666902542114258,2250,timeout,5.3071740553833635,45.000000000001435,-63.01939583738199
5,580,978964,126.679443359375,669,hit,4.010602242510667,13.379999999999804,151.2225835698637
5,581,979944,129.19680786132812,716,hit,4.917211398119396,14.319999999999784,155.44191992177878
5,582,983052,132.42120361328125,1345,hit,3.2605368326761965,26.899999999999515,149.96449528233205
5,583,983572,131.8997039794922,1152,hit,4.30023907453404,23.039999999999598,156.56214119451198
5,584,986500,96.47248840332031,1889,hit,4.446999654338501,37.78000000000031,140.13208370214585
5,585,987052,111.03887939453125,1000,hit,4.658431725893539,19.999999999999662,145.57912544536873
5,586,988944,-31.33905029296875,2250,timeout,5.339755934157391,45.000000000001435,-84.58980321615196
5,587,989804,130.48780822753906,826,hit,3.521310924807331,16.519999999999737,155.69022944936916
5,588,991612,132.991943359375,1140,hit,4.717216873784712,22.799999999999603,156.297867122805
5,589,992572,-12.28384780883789,2250,timeout,6.351642353122964,45.000000000001435,-73.50514429367198
5,590,996152,93.5367202758789,1802,hit,4.622529894658065,36.040000000000035,136.03243846535025
5,591,996960,130.20640563964844,1097,hit,4.656045026325146,21.93999999999962,155.99747643707
5,592,998804,-35.87247085571289,2250,timeout,6.957566731861519,45.000000000001435,-84.22493903864273
5,593,999548,134.590087890625,849,hit,4.358151132650026,16.979999999999727,163.0031768164804
5,594,999640,123.80531311035156,670,hit,2.2108258476209057,13.399999999999803,151.4313619498971
5,595,1000612,-33.72513198852539,2250,timeout,5.171487467812528,45.000000000001435,-75.91352432326192
5,596,1003272,128.39166259765625,665,hit,4.7669625700357825,13.299999999999805,153.53137345102968
5,597,1003324,124.70587921142578,944,hit,4.576511319818577,18.879999999999686,147.67925614379493
5,598,1003844,127.79318237304688,1051,hit,4.386071287901088,21.01999999999964,154.57222892881526
5,599,1006164,127.9742431640625,710,hit,3.0824691680959266,14.199999999999786,151.57842951949564
5,600,1006664,130.9522705078125,848,hit,3.9241881403639947,16.959999999999727,160.80293808572299
5,601,1007580,134.95004272460938,934,hit,1.956907150977518,18.67999999999969,162.41520731635094
5,602,1007804,-17.878738403320312,2250,timeout,6.5141303985965795,45.000000000001435,-66.93619353293329
5,603,1009552,133.5962371826172,847,hit,4.6759937995610175,16.939999999999728,159.1529036271433
5,604,1010492,132.03411865234375,957,hit,4.966514993460143,19.13999999999968,163.803689718206
5,605,1012424,125.28263092041016,718,hit,0.915533844392171,14.359999999999783,156.2775520412912
5,606,1013260,130.44679260253906,1420,hit,3.39899299455461,28.399999999999483,153.55053222355752
5,607,1015308,129.96090698242188,721,hit,4.859390011197369,14.419999999999781,153.42682313336857
5,608,1016804,-19.141006469726562,2250,timeout,5.362796365800259,45.000000000001435,-72.18837120048771
5,609,1018292,129.55751037597656,746,hit,4.322043378324749,14.91999999999977,153.65689748510508
5,610,1019492,-30.17385482788086,2250,timeout,6.133799109265778,45.000000000001435,-83.26065563482776
5,611,1022260,-48.32725524902344,2250,timeout,5.423395037137892,45.000000000001435,-100.00075118673698
5,612,1023100,131.017822265625,902,hit,2.8210000600235197,18.039999999999704,160.6441060504644
6,613,1030700,25.62974739074707,1675,miss,143.6938101855088,33.49999999999964,-48.95603666603309
6,614,1031264,-7.937300682067871,1816,miss,9.706136471980411,36.32000000000008,-79.22496553236016
6,615,1033000,-23.055316925048828,2250,timeout,6.9372051923261795,45.000000000001435,-80.47053816205477
6,616,1033000,-4.473674774169922,2250,timeout,10.342624172050073,45.000000000001435,-80.40079803702659
6,617,1035608,126.18804168701172,652,hit,3.922630784559062,13.03999999999981,151.0867733590462
6,618,1036232,128.0518035888672,808,hit,2.1995391604109416,16.159999999999744,150.61934022686657
6,619,1036960,132.6125946044922,1424,hit,4.30421151759048,28.47999999999948,157.64242417680705
6,620,1038816,130.3221435546875,802,hit,3.693016977912665,16.039999999999747,155.70350279069362
6,621,1039700,-17.353565216064453,2250,timeout,5.936515976296153,45.000000000001435,-64.12694303524265
6,622,1040500,131.47921752929688,885,hit,3.128438016570847,17.69999999999971,163.27616004925352
6,623,1042376,132.38592529296875,890,hit,4.674551235792901,17.79999999999971,163.63158641712621
6,624,1043140,-15.61143684387207,1727,miss,9.823664512596968,34.5399999999998,-81.68952862738206
6,625,1043748,127.59675598144531,1012,hit,4.492197075591597,20.239999999999657,149.69375897703384
6,626,1046268,131.2779998779297,782,hit,4.8815641821638485,15.639999999999755,161.49915212874902
6,627,1048504,119.68869018554688,1189,hit,4.092008905253603,23.779999999999582,149.07873597387442
6,628,1049292,124.50128173828125,756,hit,3.7497962927959465,15.119999999999767,152.1561677668623
6,629,1049500,-9.267292022705078,2250,timeout,5.15227381067057,45.000000000001435,-81.21334272275357
6,630,1051376,-7.8755950927734375,2250,timeout,10.913462303675747,45.000000000001435,-75.3319722956718
6,631,1052672,130.9405059814453,793,hit,4.524815972531254,15.85999999999975,155.0766409136465
6,632,1054660,130.83880615234375,1342,hit,2.1837924737685945,26.839999999999517,158.22285689939213
6,633,1057504,-46.1546745300293,2250,timeout,16.171362550494102,45.000000000001435,-87.2596762217953
6,634,1060376,-16.584625244140625,2250,timeout,6.409044968659999,45.000000000001435,-75.75930742867376
6,635,1060904,131.2159881591797,850,hit,4.104071389977757,16.999999999999726,157.6282524874135
6,636,1061416,-21.27222442626953,2186,miss,11.479954483446175,43.720000000001235,-86.27208540456405
6,637,1061720,-20.772171020507812,1765,miss,6.250792275734414,35.29999999999992,-72.11204476006223
6,638,1064404,130.10818481445312,747,hit,1.1312635888224525,14.93999999999977,157.92151644910197
6,639,1068460,107.94721984863281,2021,hit,1.7383106556942796,40.42000000000072,131.26920283143787
6,640,1069320,126.43110656738281,1229,hit,4.416831664562097,24.579999999999565,148.99091761957777
6,641,1069904,-31.09066390991211,2250,timeout,15.018333747501131,45.000000000001435,-84.2989279996722
6,642,1070720,-25.024871826171875,2250,timeout,7.641932462399675,45.000000000001435,-80.92739096902541
6,643,1072548,130.63986206054688,807,hit,3.6226148024243163,16.139999999999745,156.4293899291761
6,644,1074244,125.5035171508789,1085,hit,3.725841917392594,21.699999999999626,148.67658903359202
6,645,1076184,-5.977897644042969,1931,miss,5.76480966701919,38.62000000000044,-67.10796813463162
6,646,1077540,133.78018188476562,824,hit,2.7344727948640677,16.479999999999738,162.62081681963542
6,647,1078596,131.53985595703125,1512,hit,4.337562129063626,30.239999999999444,156.93413424108402
6,648,1079720,-9.523965835571289,2250,timeout,6.178886510276652,45.000000000001435,-94.87370221261308
6,649,1080772,125.86334228515625,1147,hit,4.31117905680773,22.9399999999996,157.165259830118
6,650,1080980,132.77590942382812,860,hit,3.9744207119262813,17.199999999999722,161.9466926389482
6,651,1082792,129.7608642578125,1049,hit,4.860965131119048,20.97999999999964,162.19975126188274
6,652,1083964,132.46298217773438,798,hit,4.9438926192304455,15.959999999999749,162.21437262849525
6,653,1084432,126.85993957519531,1178,hit,4.8087256312822175,23.559999999999587,155.29805823871692
6,654,1085572,119.08102416992188,1148,hit,4.838746328849329,22.9599999999996,145.62630494189528
6,655,1087688,132.057861328125,1224,hit,4.094358766188306,24.479999999999567,159.31679964690431
6,656,1088744,132.13015747070312,793,hit,2.0913418529361416,15.85999999999975,162.12981313777723
6,657,1092368,134.75408935546875,906,hit,2.829294019953526,18.119999999999703,160.8055385833333
6,658,1092692,118.60279083251953,1251,hit,4.860339692667227,25.019999999999555,147.70791859427936
6,659,1092964,-3.1241888999938965,2250,timeout,9.875268523351751,45.000000000001435,-81.07026512417421
6,660,1093432,-14.613880157470703,2250,timeout,5.21774380674179,45.000000000001435,-74.04094490861347
6,661,1095584,125.02083587646484,655,hit,2.793993912538265,13.09999999999981,153.03251501586718
6,662,1095908,132.8460693359375,804,hit,2.951137381151069,16.079999999999746,161.4510848705442
6,663,1096412,126.55171203613281,745,hit,2.6290169637219645,14.899999999999771,151.85415716717424
6,664,1097168,125.32858276367188,1200,hit,3.4906819469116614,23.999999999999577,148.01326513716475
6,665,1098312,126.1156997680664,682,hit,1.3279931573269415,13.639999999999798,154.28642822615564
6,666,1100948,129.5062255859375,945,hit,4.521514263522588,18.899999999999686,162.0693891947507
6,667,1101460,131.50897216796875,787,hit,2.24042703509314,15.739999999999753,158.60226074244267
6,668,1102880,18.847959518432617,1743,miss,5.26237207959342,34.85999999999985,-51.018439387392604
6,669,1104448,135.64381408691406,875,hit,3.888746576955,17.499999999999716,161.623650077016
6,670,1104876,127.74600219726562,854,hit,4.616790466872222,17.079999999999725,154.73403832627736
6,671,1105412,-35.48575210571289,2250,timeout,6.676546534829649,45.000000000001435,-80.05438898072117
6,672,1105728,126.81642150878906,712,hit,3.2528719858388135,14.239999999999785,151.6805732086716
6,673,1108144,132.38661193847656,817,hit,2.2325287247312193,16.33999999999974,163.8131325836121
6,674,1110968,125.06841278076172,706,hit,3.484078671662598,14.119999999999788,154.39230687091168
6,675,1113448,-46.31829833984375,2250,timeout,7.801876604429564,45.000000000001435,-73.72105100404887
6,676,1114332,-13.067497253417969,2151,miss,5.542558318566257,43.020000000001126,-76.33444199182537
6,677,1114412,-49.867958068847656,2250,timeout,9.839365231577572,45.000000000001435,-103.06944540819889
6,678,1116920,132.46078491210938,868,hit,4.47856218516205,17.35999999999972,164.96816231250523
6,679,1117476,130.6527099609375,786,hit,2.400678610211762,15.719999999999754,155.89003558695708
6,680,1118432,123.00190734863281,1005,hit,4.937807540952469,20.09999999999966,146.77932330062777
6,681,1119968,-43.89764404296875,2250,timeout,7.796016666455505,45.000000000001435,-96.77017294173244
6,682,1120524,134.6049041748047,901,hit,4.681470988831599,18.019999999999705,166.90637783498565
6,683,1122100,120.35260009765625,1156,hit,3.859543452998618,23.119999999999596,145.0811238498849
6,684,1122636,125.54458618164062,667,hit,4.306416258359364,13.339999999999804,154.42174617605116
6,685,1123948,125.01338958740234,1379,hit,4.594298537538662,27.5799999999995,146.5868785063755
6,686,1125268,131.50303649902344,1186,hit,4.789994171920209,23.719999999999583,155.46716799015024
6,687,1125804,133.63275146484375,926,hit,3.8346853639993514,18.519999999999694,166.124758834072
6,688,1126472,131.44654846191406,959,hit,3.052139269179567,19.17999999999968,161.50230841880546
6,689,1128844,117.13359069824219,1224,hit,4.891900456209088,24.479999999999567,144.43394241452256
6,690,1129936,126.83580780029297,1167,hit,3.54818575952495,23.33999999999959,150.50082300709337
6,691,1130180,132.35585021972656,927,hit,4.7079806865475256,18.539999999999694,162.78003566540866
6,692,1132160,126.89205932617188,1589,hit,4.6248634774432515,31.77999999999941,157.07833887029537
6,693,1133148,130.5693359375,742,hit,2.818581749130611,14.839999999999772,157.63115656979008
6,694,1135768,131.52549743652344,902,hit,3.5210061715752454,18.039999999999704,160.97128860199115
6,695,1136052,1.2054710388183594,1802,miss,5.157012759880881,36.040000000000035,-72.03613495012067
6,696,1138792,-9.321647644042969,2214,miss,7.300860020580189,44.28000000000132,-81.66745462609134
6,697,1138992,129.6592254638672,735,hit,2.021732968502904,14.699999999999775,155.25991651240278
6,698,1141708,120.93551635742188,679,hit,2.7398957040232497,13.5799999999998,155.4715754354629
6,699,1142148,-19.271034240722656,2250,timeout,5.091334977168269,45.000000000001435,-71.44045542385714
6,700,1143524,124.59634399414062,1183,hit,4.0782320655439745,23.659999999999584,152.1519480798874
6,701,1144620,-26.406715393066406,2213,miss,12.662565160712587,44.26000000000132,-78.61861173602479
6,702,1145312,132.14569091796875,791,hit,4.997491578251597,15.819999999999752,156.17375932480314
6,703,1146476,129.63575744628906,1192,hit,3.0003778278043187,23.83999999999958,153.92617789929778
6,704,1150488,128.9625244140625,1003,hit,4.370909898868368,20.05999999999966,155.1987078425106
6,705,1152524,-10.985864639282227,2250,timeout,9.350971737987773,45.000000000001435,-71.72528336050127
6,706,1153500,-17.458019256591797,2220,miss,5.015459816731382,44.40000000000134,-92.91887135296365
6,707,1154260,134.88429260253906,943,hit,2.304158116170246,18.859999999999687,166.42474625554343
6,708,1154312,6.9952850341796875,2250,timeout,7.942466903124909,45.000000000001435,-76.96062080172587
6,709,1156872,122.92642974853516,653,hit,3.30739515563221,13.05999999999981,151.69540303354248
6,710,1157752,134.5990447998047,860,hit,4.202410505690528,17.199999999999722,165.87708103288173
6,711,1159684,4.283468246459961,1790,miss,5.275459032409158,35.8,-52.9868189857361
6,712,1160716,3.772928237915039,1804,miss,6.511301124357443,36.08000000000004,-69.69483159525166
6,713,1163092,134.0525360107422,852,hit,4.245628082578155,17.039999999999726,164.1700948752014
6,714,1165728,-23.599014282226562,1994,miss,6.711949636741308,39.880000000000635,-72.8750569724236
6,715,1165872,-7.638877868652344,2250,timeout,8.835885255788254,45.000000000001435,-71.82309125657996
6,716,1165892,126.57720184326172,700,hit,1.7935362350348945,13.99999999999979,154.27406586875216
6,717,1167080,129.42578125,1591,hit,3.475155056311051,31.81999999999941,154.04305044654566
6,718,1168480,123.97512817382812,647,hit,3.8025790971214883,12.939999999999813,152.50911289431804
6,719,1169160,121.56967163085938,822,hit,2.923478479753605,16.43999999999974,149.69733287843542
6,720,1170632,134.287841796875,888,hit,2.341478025286331,17.75999999999971,167.49471187056525
6,721,1172160,127.10958099365234,750,hit,1.4138575855888524,14.999999999999769,156.13798226077495
6,722,1174728,-7.030097961425781,2250,timeout,9.923085227564185,45.000000000001435,-78.49840157827842
6,723,1175688,-0.6740455627441406,1802,miss,5.287970836175715,36.040000000000035,-81.48565394666869
6,724,1177524,129.683837890625,1341,hit,4.74803013567021,26.819999999999517,158.2149706090462
6,725,1178208,133.98817443847656,870,hit,3.41517708726531,17.399999999999718,166.77466487483167
6,726,1178340,123.69781494140625,663,hit,1.933159782306544,13.259999999999806,151.69963876384674
6,727,1179632,-9.657649993896484,2250,timeout,5.9385581536754835,45.000000000001435,-85.69438837648626
6,728,1180440,120.19397735595703,729,hit,3.716063867096095,14.579999999999778,153.0709813217524
6,729,1180944,128.6514892578125,684,hit,2.447145408195464,13.679999999999797,151.05872544717133
6,730,1181284,130.42282104492188,736,hit,3.234717269516369,14.719999999999775,157.83508900805822
6,731,1182948,133.87648010253906,829,hit,2.3360278963465606,16.579999999999735,163.74682421663397
6,732,1184756,134.02542114257812,953,hit,4.837010991894582,19.059999999999683,159.52160899797627
6,733,1184920,131.7843017578125,1120,hit,3.1385108832248223,22.39999999999961,153.80777062503597
6,734,1185848,129.70204162597656,1141,hit,4.0918577771821765,22.819999999999602,157.4456745578882
6,735,1186664,135.89480590820312,929,hit,3.9263968279819186,18.579999999999693,164.89864406968172
6,736,1187772,130.24732971191406,713,hit,4.125815470647982,14.259999999999785,151.75582961690745
6,737,1190760,136.08087158203125,1228,hit,3.3736233281052925,24.559999999999565,161.34598158584166
6,738,1193756,-57.40537643432617,2250,timeout,7.636807643072152,45.000000000001435,-83.91063866949962
6,739,1194564,2.659038543701172,1975,miss,5.542106232408491,39.500000000000576,-59.20522857472638
6,740,1195472,129.9989776611328,1178,hit,4.2426662807016875,23.559999999999587,149.52771954522322
6,741,1196772,-14.285831451416016,2250,timeout,9.85708347474504,45.000000000001435,-78.50518703164879
6,742,1197256,129.73348999023438,875,hit,4.698570858598166,17.499999999999716,166.3143706847946
6,743,1200488,129.0863800048828,808,hit,3.591600106840787,16.159999999999744,162.43772130579296
6,744,1202296,23.47338104248047,1706,miss,11.017416153830595,34.119999999999735,-47.87453841689302
6,745,1203564,-20.65518569946289,2250,timeout,9.203203676201907,45.000000000001435,-85.01008541939353
6,746,1205592,133.12359619140625,824,hit,3.1019423117663076,16.479999999999738,159.8278128850268
6,747,1205772,-20.480411529541016,2250,timeout,6.8775914016808475,45.000000000001435,-83.27934897693362
6,748,1207260,2.260265350341797,1693,miss,6.329597670374839,33.859999999999694,-68.06431897017994
6,749,1208276,121.73892211914062,671,hit,3.404952786177544,13.419999999999803,152.0670947986145
6,750,1209928,133.17149353027344,1039,hit,4.2849905202721,20.779999999999646,162.5666420984521
6,751,1211076,135.82763671875,954,hit,2.252920507754043,19.079999999999682,167.12709090573273
6,752,1212024,135.6577606201172,937,hit,2.9269804830430814,18.73999999999969,166.2963800400741
6,753,1212564,4.293539047241211,2250,timeout,7.500045357799069,45.000000000001435,-63.39610909980888
6,754,1213112,133.36224365234375,796,hit,4.265941560831382,15.91999999999975,158.43636695873417
6,755,1214916,127.81228637695312,723,hit,1.4369222484509399,14.45999999999978,151.62404786368853
6,756,1217192,129.1825408935547,1157,hit,4.568877572295171,23.139999999999596,154.47582063090135
6,757,1218836,125.67320251464844,1431,hit,4.705281071404533,28.61999999999948,155.95273771084405
6,758,1220076,-17.555450439453125,2250,timeout,5.034698103134222,45.000000000001435,-78.3314400463587
6,759,1220456,128.831298828125,1385,hit,3.2119221232841593,27.6999999999995,150.98814365925278
6,760,1222336,133.36680603027344,875,hit,3.070299333262301,17.499999999999716,166.42171246839962
6,761,1223640,130.06051635742188,796,hit,3.5415483786114006,15.91999999999975,159.90270900993644
6,762,1226056,122.71087646484375,930,hit,4.953606221535441,18.599999999999692,147.57101918930627
6,763,1226116,-15.722419738769531,2231,miss,6.087410350041655,44.620000000001376,-83.51860973835393
6,764,1226504,127.85398864746094,716,hit,3.9488825944450228,14.319999999999784,151.07382765612942
7,765,1233224,157.59707641601562,1106,hit,3.682069737825743,22.119999999999617,164.0772582199641
7,766,1233968,170.3274688720703,1292,hit,4.840020097798015,25.839999999999538,172.3401680646507
7,767,1234244,148.27565002441406,1361,hit,4.788394124766438,27.21999999999951,165.31904994155383
7,768,1234248,168.04348754882812,1362,hit,4.605426822933381,27.239999999999508,159.46702256901324
7,769,1236724,145.54661560058594,689,hit,3.678106672133442,13.779999999999795,156.2603892645172
7,770,1239548,171.32620239257812,1581,hit,3.7526372512400545,31.619999999999415,167.14990832319182
7,771,1241532,149.88421630859375,1202,hit,4.983513775908592,24.039999999999576,164.00150180073473
7,772,1243244,-36.497337341308594,2250,timeout,5.962940793658132,45.000000000001435,-79.11156091710494
7,773,1243248,-48.94450378417969,2250,timeout,10.080522224811354,45.000000000001435,-86.08213636925942
7,774,1244952,141.59310913085938,1351,hit,4.85056351796915,27.019999999999513,155.27813404984568
7,775,1246380,154.5644989013672,784,hit,4.100361936420379,15.679999999999755,158.7783704221545
7,776,1246456,161.81443786621094,1231,hit,4.40838636450418,24.619999999999564,165.34997553966826
7,777,1247828,154.49771118164062,1145,hit,4.153479652245552,22.8999999999996,160.94448493260234
7,778,1250892,165.41639709472656,766,hit,4.255364103098516,15.319999999999762,168.42133562528633
7,779,1252948,4.340305328369141,1623,miss,8.541424924649162,32.459999999999475,-63.187698671091354
7,780,1253952,11.675739288330078,2250,timeout,7.383169852268925,45.000000000001435,-57.307354342214005
7,781,1255380,-22.136924743652344,2250,timeout,5.016825608549335,45.000000000001435,-71.66264921231941
7,782,1256476,152.35757446289062,882,hit,4.903198604711683,17.639999999999713,165.2205157822993
7,783,1257600,168.71206665039062,1677,hit,3.625692636089441,33.539999999999644,166.79959044531574
7,784,1258140,153.43707275390625,690,hit,4.012201528230614,13.799999999999795,157.71692693345605
7,785,1261004,148.15101623535156,851,hit,4.098756765229538,17.019999999999726,155.7161424651179
7,786,1262952,-7.874940872192383,2250,timeout,11.08449214369717,45.000000000001435,-59.98706026429813
7,787,1264100,156.7716522216797,774,hit,3.902784874947005,15.479999999999759,159.18396107688108
7,788,1265344,-38.529109954833984,2217,miss,9.036942980030759,44.34000000000133,-75.54465986799096
7,789,1267140,-53.005374908447266,2250,timeout,14.097248946981725,45.000000000001435,-79.26714299306045
7,790,1268372,172.71705627441406,757,hit,4.700364626706341,15.139999999999766,160.33546717598398
7,791,1268876,165.51368713378906,1194,hit,3.6246925239342884,23.87999999999958,161.72373105838443
7,792,1270992,177.37356567382812,963,hit,1.1492250329208016,19.25999999999968,173.2559142833215
7,793,1271108,150.37173461914062,684,hit,4.624565895254464,13.679999999999797,157.5548213063573
7,794,1271952,-18.670822143554688,2250,timeout,6.100039497557348,45.000000000001435,-65.44360348584183
7,795,1272100,157.89456176757812,806,hit,2.3149640434037884,16.119999999999745,162.35687689680714
7,796,1275964,148.1136474609375,1214,hit,4.927879214908114,24.27999999999957,163.94918412486217
7,797,1276512,151.7091827392578,1140,hit,4.581837874468277,22.799999999999603,164.82767007330182
7,798,1277712,154.93856811523438,1403,hit,3.5835034824926244,28.05999999999949,165.43575380424943
7,799,1279584,163.72735595703125,905,hit,2.7686176541964795,18.099999999999703,172.37543010162773
7,800,1279992,-5.1218414306640625,2250,timeout,9.197692231539317,45.000000000001435,-64.30720364627248
7,801,1285512,-6.591865539550781,2250,timeout,7.18601118018232,45.000000000001435,-63.424640895074475
7,802,1286088,169.2261505126953,1524,hit,3.5090880770751176,30.47999999999944,169.48612349660786
7,803,1286712,-32.13998794555664,2250,timeout,9.288880239068568,45.000000000001435,-79.99058773916181
7,804,1288584,-48.91163635253906,2250,timeout,11.412720078049649,45.000000000001435,-85.38666565420289
7,805,1291276,152.13662719726562,1441,hit,2.282976709099687,28.819999999999474,153.66365085545186
7,806,1295088,-23.344295501708984,2250,timeout,5.0718367108202616,45.000000000001435,-73.45738440641016
7,807,1295712,-6.9204864501953125,2250,timeout,10.298283022948352,45.000000000001435,-71.25365917961982
7,808,1296464,151.87628173828125,1297,hit,4.199395707251589,25.939999999999536,166.79917472836047
7,809,1297584,11.324925422668457,2250,timeout,7.560100825580783,45.000000000001435,-52.85805514267015
7,810,1298328,147.04666137695312,654,hit,4.644674981961924,13.07999999999981,155.85778923150508
7,811,1299036,167.40560913085938,987,hit,3.8994683328667885,19.739999999999668,162.92487653265172
7,812,1300292,152.87229919433594,677,hit,4.910806897007258,13.5399999999998,155.79918115623644
7,813,1301444,161.97862243652344,1245,hit,4.370740255623358,24.899999999999558,166.28551957586436
7,814,1303076,147.94776916503906,696,hit,4.456602075622753,13.919999999999792,157.700905872879
7,815,1303636,173.90948486328125,1327,hit,2.665335576228661,26.539999999999523,165.19067734736853
7,816,1305036,158.58505249023438,1500,hit,4.5290689132108035,29.99999999999945,162.92041081609298
7,817,1305200,165.23851013183594,939,hit,4.048320155336341,18.77999999999969,161.7342998220404
7,818,1305868,155.0436248779297,698,hit,1.8018500866379252,13.959999999999791,156.17834307523347
7,819,1307960,157.1281280517578,1081,hit,3.9167155643208686,21.619999999999628,165.56526435746565
7,820,1308012,156.57415771484375,744,hit,3.9145886804002994,14.879999999999772,165.3773923654618
7,821,1309692,163.50975036621094,956,hit,4.582161260268783,19.11999999999968,173.93024248214692
7,822,1310972,170.8560791015625,1443,hit,3.5858894702138135,28.859999999999474,167.43969790777885
7,823,1311200,174.82821655273438,810,hit,2.8106373153327096,16.199999999999743,166.8521960921614
7,824,1311284,153.80648803710938,818,hit,4.729642269942616,16.35999999999974,163.82609067793285
7,825,1314016,170.704833984375,761,hit,1.1456152630935248,15.219999999999764,164.94713297547997
7,826,1314948,174.13507080078125,937,hit,4.892745794990893,18.73999999999969,161.67303733398498
7,827,1318556,149.54454040527344,1135,hit,3.5307491491842007,22.699999999999605,154.81760647761445
7,828,1318692,-7.48699951171875,2250,timeout,9.187510884781146,45.000000000001435,-84.40470842866793
7,829,1320284,-26.854694366455078,2250,timeout,7.934136793952979,45.000000000001435,-80.81303684440562
7,830,1321372,31.648426055908203,1606,miss,196.73917030379565,32.11999999999942,-28.102303676692344
7,831,1322068,158.59312438964844,844,hit,4.284682694892644,16.87999999999973,171.60171370439238
7,832,1322396,156.17752075195312,960,hit,4.795522975480661,19.19999999999968,172.6969463800064
7,833,1324768,181.018310546875,1121,hit,4.373133715406792,22.41999999999961,164.85462572882838
7,834,1324852,163.68545532226562,696,hit,3.2646960390113025,13.919999999999792,157.76552464241487
7,835,1325308,153.95289611816406,728,hit,4.2280745521886915,14.559999999999778,158.0219325396614
7,836,1328164,170.81190490722656,714,hit,1.637365483588422,14.279999999999784,158.71806802780443
7,837,1329096,163.52174377441406,1082,hit,3.5584740992391346,21.639999999999628,156.17632208078695
7,838,1329268,138.4130096435547,1104,hit,4.871776189556043,22.079999999999618,155.94219965893421
7,839,1330372,32.039947509765625,2250,timeout,5.145665700668052,45.000000000001435,-58.419558655122735
7,840,1332364,172.55453491210938,817,hit,1.8277417986323512,16.33999999999974,169.44654534371662
7,841,1335672,174.09152221679688,1325,hit,4.142144303659303,26.499999999999524,170.4252580781401
7,842,1336164,166.52606201171875,1724,hit,4.206359252171753,34.47999999999979,166.42130748627807
7,843,1337164,-33.42201614379883,2250,timeout,6.304734597370861,45.000000000001435,-85.88366277397765
7,844,1339164,166.4673614501953,750,hit,2.1999110459644804,14.999999999999769,161.76290653501724
7,845,1340324,167.33462524414062,790,hit,2.645834940771716,15.799999999999752,168.1154470527731
7,846,1341364,-21.078716278076172,2250,timeout,7.185383828475099,45.000000000001435,-75.61014211889723
7,847,1344672,5.468803405761719,2250,timeout,6.0918401860297156,45.000000000001435,-74.76072008324859
7,848,1346864,6.8342437744140625,1925,miss,7.909266769426587,38.50000000000042,-55.93216795222558
7,849,1348308,154.46060180664062,909,hit,4.820321581501759,18.1799999999997,169.90431439580965
7,850,1349324,-32.42677307128906,2250,timeout,6.415896304874991,45.000000000001435,-91.92237910781338
7,851,1349848,163.8980712890625,746,hit,3.4151906960231178,14.91999999999977,163.61329815411227
7,852,1350364,-12.837974548339844,2250,timeout,7.019620679832284,45.000000000001435,-79.4937799064158
7,853,1351640,173.42271423339844,833,hit,1.4790392671859542,16.659999999999734,166.7929463157145
7,854,1352964,164.6856689453125,910,hit,3.2716724141788864,18.1999999999997,170.00671032533614
7,855,1355044,168.06947326660156,851,hit,4.17355446431189,17.019999999999726,173.84261034204474
7,856,1357984,155.5378875732422,1255,hit,4.8376492881778175,25.099999999999554,166.3387279477244
7,857,1358532,174.93312072753906,872,hit,1.3318544087020827,17.439999999999717,172.64658369108656
7,858,1358848,23.789390563964844,2250,timeout,5.3008586147070185,45.000000000001435,-68.4291797945831
7,859,1359364,-32.382049560546875,2250,timeout,5.00068746519794,45.000000000001435,-78.81879656576055
7,860,1362048,168.1276092529297,671,hit,0.9057287806592602,13.419999999999803,158.84074037317475
7,861,1365388,137.85968017578125,1635,hit,3.4304386425654783,32.69999999999951,160.95243444205096
7,862,1366984,-33.62031936645508,2250,timeout,8.739816767240612,45.000000000001435,-68.45530728133232
7,863,1367532,-4.933952331542969,2250,timeout,8.811049369726184,45.000000000001435,-62.39253770007579
7,864,1370916,154.86338806152344,846,hit,4.560552808550747,16.919999999999728,165.3383675054539
7,865,1370976,148.5021209716797,1397,hit,3.962463169006519,27.939999999999493,151.27557325458687
7,866,1371048,5.729297637939453,2250,timeout,9.614077703766581,45.000000000001435,-64.85086721151411
7,867,1373636,153.2967529296875,680,hit,4.23491535913524,13.599999999999799,160.4096563232383
7,868,1374332,160.25759887695312,839,hit,3.57935485990325,16.77999999999973,165.9344254433431
7,869,1374460,141.25564575195312,1869,hit,3.18601702632586,37.380000000000244,153.3781153226932
7,870,1375032,171.72438049316406,996,hit,2.2429472512334527,19.919999999999664,155.93433293429896
7,871,1379912,171.76206970214844,1363,hit,3.8703891819261917,27.259999999999508,170.94228997598196
7,872,1380108,175.97857666015625,1269,hit,4.182180821855069,25.379999999999548,168.6710851573518
7,873,1382636,-20.407291412353516,2250,timeout,5.1325701582041985,45.000000000001435,-77.58318751479733
7,874,1383332,30.70037269592285,2250,timeout,7.215532916572427,45.000000000001435,-53.752264278371854
7,875,1386012,139.89158630371094,844,hit,4.997480359405875,16.87999999999973,155.82707644561995
7,876,1387356,143.75869750976562,1006,hit,4.885829072285162,20.11999999999966,156.68239055062895
7,877,1388912,-51.13407897949219,2250,timeout,10.793516815233728,45.000000000001435,-89.76401480888211
7,878,1389108,-1.0509490966796875,2250,timeout,5.163264036896287,45.000000000001435,-66.40016672725102
7,879,1390772,167.9454345703125,1190,hit,4.781804807010155,23.79999999999958,168.84936650321924
7,880,1391760,159.03341674804688,663,hit,3.3080819580664,13.259999999999806,159.32493354123426
7,881,1393664,147.00242614746094,723,hit,4.406519818223205,14.45999999999978,162.52551944110525
7,882,1396356,15.774833679199219,2250,timeout,6.487898203589673,45.000000000001435,-63.17154319037493
7,883,1396592,154.77658081054688,1208,hit,3.786055521261509,24.159999999999574,160.29221155221842
7,884,1396968,173.58804321289062,826,hit,1.5775434433488438,16.519999999999737,162.11754052881582
7,885,1397912,-59.16703414916992,2250,timeout,6.591469482981318,45.000000000001435,-93.689673388035
7,886,1400452,161.20462036132812,965,hit,4.518352510103611,19.299999999999677,163.93994320156392
7,887,1400580,171.72430419921875,1056,hit,4.8844505141562475,21.11999999999964,165.53053095248168
7,888,1401320,167.38800048828125,852,hit,2.132731302236488,17.039999999999726,167.1495775382174
7,889,1405968,-38.78337097167969,2250,timeout,7.083205862015774,45.000000000001435,-102.44643560636563
7,890,1407232,165.32958984375,1663,hit,3.1457852354608775,33.2599999999996,170.6045992227971
7,891,1409052,170.12147521972656,771,hit,1.8566791573702712,15.41999999999976,160.7330282893348
7,892,1409452,-35.16874313354492,2250,timeout,7.39941475728068,45.000000000001435,-77.52186515228294
7,893,1410320,-12.16165542602539,2250,timeout,5.001038547333574,45.000000000001435,-70.16422479873454
7,894,1413004,165.35549926757812,1443,hit,4.06501763172509,28.859999999999474,168.98909758745543
7,895,1413180,159.42459106445312,932,hit,4.898619762579923,18.63999999999969,170.2638513980636
7,896,1413316,166.41156005859375,1066,hit,4.603155201002131,21.319999999999634,172.11375398238823
7,897,1416132,168.76422119140625,704,hit,3.7019032937118523,14.079999999999789,159.02731827960554
7,898,1416304,170.39625549316406,825,hit,2.913278341496049,16.499999999999737,172.5828244218205
7,899,1416708,166.155517578125,882,hit,2.8355399679667017,17.639999999999713,169.42745697246835
7,900,1417292,29.472896575927734,1743,miss,5.649965779551977,34.85999999999985,-45.15387611462993
7,901,1418932,148.3865966796875,700,hit,4.534069211657587,13.99999999999979,159.58196639816953
7,902,1419816,174.80841064453125,878,hit,1.80353211157735,17.559999999999715,174.7092768391876
7,903,1421640,153.73353576660156,1087,hit,3.2340846461843804,21.739999999999625,162.16510028477308
7,904,1421984,154.38906860351562,763,hit,4.527929553116568,15.259999999999764,157.30147688362382
7,905,1422524,169.41278076171875,1454,hit,4.306256944185272,29.07999999999947,165.23708774290952
7,906,1423212,167.3424835205078,849,hit,1.9416024521873243,16.979999999999727,168.37929086162373
7,907,1425116,173.156982421875,783,hit,1.3797059129355578,15.659999999999755,168.80909039869331
7,908,1425628,174.74131774902344,997,hit,2.5646601564130718,19.939999999999664,171.22087743781847
7,909,1426132,161.280517578125,902,hit,4.175500000808858,18.039999999999704,169.25911453190258
7,910,1428712,174.6035919189453,771,hit,0.8936848611307219,15.41999999999976,160.622653726108
7,911,1428892,168.42178344726562,690,hit,2.4129385039489075,13.799999999999795,156.14980039164985
7,912,1431932,166.84085083007812,760,hit,1.8329437447905512,15.199999999999765,160.61869270372327
7,913,1431956,178.33792114257812,811,hit,1.6749673067528774,16.219999999999743,168.62841735212277
7,914,1432212,-38.63808059692383,2250,timeout,9.842806034604191,45.000000000001435,-89.3968292311548
8,915,1437036,162.9647674560547,859,hit,4.987514138912493,17.179999999999723,166.8896332928531
8,916,1437644,169.18223571777344,1011,hit,4.8550450353255625,20.219999999999658,170.4564188704719
8,917,1438812,167.75375366210938,1303,hit,4.032051402303139,26.059999999999533,155.77968665579402
8,918,1440828,175.64669799804688,796,hit,4.02326918092404,15.91999999999975,165.04394877811353
8,919,1441372,-22.6551513671875,1943,miss,6.722116220272101,38.860000000000475,-75.34417825560847
8,920,1443684,169.4622344970703,714,hit,4.986734884177759,14.279999999999784,163.74419580510659
8,921,1443920,161.39175415039062,1277,hit,3.2785043488913668,25.539999999999544,169.51927050198816
8,922,1444400,175.86795043945312,757,hit,4.251778208048355,15.139999999999766,166.19695023647552
8,923,1444940,-10.229510307312012,1976,miss,8.355955386872395,39.52000000000058,-53.020215641706784
8,924,1447616,181.46844482421875,924,hit,2.3334715711974545,18.479999999999695,175.70020129383153
8,925,1447736,158.3080596923828,834,hit,3.7617829785256225,16.679999999999733,161.27951104855163
8,926,1448180,158.58169555664062,1124,hit,4.6807041648799945,22.47999999999961,162.01265362737814
8,927,1448444,164.23046875,876,hit,4.623496038018945,17.519999999999715,164.57088006592056
8,928,1450876,158.82919311523438,815,hit,4.989332815782874,16.29999999999974,166.75592348555926
8,929,1451416,149.20811462402344,743,hit,4.582407806464711,14.859999999999772,164.434717251804
8,930,1452388,158.96392822265625,1052,hit,4.949246607494712,21.03999999999964,170.92163278278764
8,931,1456496,-25.731369018554688,2190,miss,7.646585827953018,43.80000000000125,-75.7123579503533
8,932,1457296,169.63534545898438,1470,hit,4.896792723372529,29.399999999999462,169.76707382159856
8,933,1457364,180.62554931640625,1622,hit,3.0070708822634824,32.43999999999947,170.80734759332196
8,934,1459296,166.4171142578125,700,hit,1.750183924033276,13.99999999999979,161.03700423842702
8,935,1460052,169.13861083984375,672,hit,1.827590821183394,13.439999999999802,158.063521170995
8,936,1461176,178.39059448242188,970,hit,1.1701155973920672,19.399999999999675,174.35310059448562
8,937,1461388,-17.95340347290039,2250,timeout,6.280114564770029,45.000000000001435,-77.72072942664744
8,938,1462484,179.20069885253906,797,hit,1.4710047825875483,15.939999999999749,167.44595323624287
8,939,1464236,155.82272338867188,712,hit,3.6273047306620945,14.239999999999785,160.97028098089305
8,940,1464556,176.6631622314453,1126,hit,4.983749621381932,22.51999999999961,162.24978015653184
8,941,1465264,169.6038818359375,695,hit,4.84441467862624,13.899999999999793,160.00573549038157
8,942,1465940,163.9382781982422,1191,hit,4.494007238400494,23.81999999999958,175.43185540881342
8,943,1467896,149.40818786621094,835,hit,4.556889991677999,16.699999999999733,162.27807162694853
8,944,1470812,166.85293579101562,729,hit,3.0738700452422876,14.579999999999778,160.5700150262811
8,945,1471180,153.52349853515625,1310,hit,4.4059867883699075,26.19999999999953,170.94110842011838
8,946,1473236,-22.309646606445312,2250,timeout,7.339417436198787,45.000000000001435,-84.63465633994477
8,947,1474264,-18.96776580810547,2250,timeout,18.035986301595315,45.000000000001435,-55.24602657048438
8,948,1476896,160.35589599609375,1521,hit,4.671556211487791,30.41999999999944,162.2351967296419
8,949,1478536,177.6217041015625,1325,hit,3.7397654603915313,26.499999999999524,166.19106416276793
8,950,1479992,-24.3992919921875,2203,miss,6.205356123492324,44.06000000000129,-80.31924646832553
8,951,1480756,173.113037109375,965,hit,1.8817098506843835,19.299999999999677,174.47791287282604
8,952,1481012,166.42446899414062,619,hit,0.9809820335526567,12.379999999999825,158.86729197506835
8,953,1481728,163.05201721191406,1866,hit,3.1585026627111796,37.320000000000235,158.88867850474514
8,954,1482864,167.28880310058594,718,hit,1.8103795179074071,14.359999999999783,160.55831619761466
8,955,1483888,154.15414428710938,783,hit,3.9508035286248986,15.659999999999755,164.6428685919372
8,956,1484668,156.25669860839844,735,hit,3.9284193411142994,14.699999999999775,160.84535323901397
8,957,1485668,157.77297973632812,1164,hit,3.2708228843416642,23.279999999999593,161.50063484557654
8,958,1486780,155.35546875,723,hit,4.10720853278397,14.45999999999978,165.10582802649225
8,959,1489384,165.787353515625,929,hit,3.8968809905499837,18.579999999999693,174.5544915894624
8,960,1489592,167.2032470703125,703,hit,1.3134540554596255,14.059999999999789,157.5406876656854
8,961,1489704,164.66647338867188,1259,hit,4.170227027048516,25.179999999999552,171.0984518437458
8,962,1491864,155.16195678710938,620,hit,3.4657273998305675,12.399999999999824,157.72714221425446
8,963,1491864,-20.3004150390625,2250,timeout,8.79126678950891,45.000000000001435,-76.92573354339902
8,964,1494044,161.7208251953125,1085,hit,2.5011452326649666,21.699999999999626,158.37704993194285
8,965,1496004,149.55409240722656,1035,hit,4.139896255258456,20.699999999999648,158.68983960620156
8,966,1496688,139.31643676757812,661,hit,4.973615231552109,13.219999999999807,157.5161338022429
8,967,1498452,-13.259956359863281,2215,miss,5.462677833515501,44.300000000001326,-80.2611290363858
8,968,1499760,160.45358276367188,939,hit,2.8311002881938143,18.77999999999969,159.68013293144517
8,969,1499964,156.0428009033203,819,hit,4.985821745290344,16.37999999999974,169.5244749343891
8,970,1500864,16.689189910888672,2250,timeout,5.399371310977981,45.000000000001435,-62.934383754125896
8,971,1502024,151.82528686523438,893,hit,4.7702119319760845,17.859999999999708,163.18823611481685
8,972,1504772,161.38336181640625,1202,hit,3.396435628850427,24.039999999999576,155.47756040051905
8,973,1508760,-14.179729461669922,2250,timeout,8.295177155304694,45.000000000001435,-66.55763450301137
8,974,1509312,-8.037498474121094,2112,miss,5.55810691468695,42.240000000001004,-65.08302789552407
8,975,1509648,169.46495056152344,1219,hit,4.828665524146691,24.37999999999957,164.53218921119378
8,976,1511024,-27.156471252441406,2250,timeout,7.878392459140583,45.000000000001435,-79.81085208734495
8,977,1512060,183.71292114257812,825,hit,2.52002856773958,16.499999999999737,167.4074303943704
8,978,1513428,149.90658569335938,945,hit,4.7873548145340905,18.899999999999686,156.91083703519064
8,979,1515704,172.70626831054688,911,hit,1.6931168404566066,18.2199999999997,167.50641479911258
8,980,1518312,-11.394468307495117,2250,timeout,17.254258077549615,45.000000000001435,-55.12416683476217
8,981,1519296,163.95697021484375,1467,hit,3.784170586754623,29.339999999999463,168.76498022496838
8,982,1520024,-15.952190399169922,2250,timeout,6.726788590589808,45.000000000001435,-63.05052326775368
8,983,1521744,170.55084228515625,1510,hit,4.191813719688831,30.199999999999445,166.29463159312658
8,984,1522620,162.68177795410156,1077,hit,4.766688358968274,21.53999999999963,168.77988059153216
8,985,1523076,161.1400146484375,763,hit,2.829431872303215,15.259999999999764,161.82095284425634
8,986,1523936,159.92466735839844,1160,hit,3.059545746771044,23.199999999999594,156.78558391380392
8,987,1526160,178.20306396484375,885,hit,2.545296003694127,17.69999999999971,175.91414252918224
8,988,1527872,155.37814331054688,1199,hit,4.7083068877726255,23.979999999999578,153.11801571352237
8,989,1530208,128.10479736328125,1568,hit,3.8133470862633834,31.35999999999942,153.78717916636137
8,990,1530608,164.680908203125,1112,hit,4.2374223015882055,22.239999999999615,157.40780374304012
8,991,1530744,21.26139259338379,2250,timeout,5.796945081749059,45.000000000001435,-60.58884399731578
8,992,1532372,162.8453826904297,1125,hit,2.855476952005927,22.49999999999961,152.399764240781
8,993,1533236,156.00445556640625,757,hit,3.667205282032984,15.139999999999766,158.51257230689137
8,994,1534684,174.2355499267578,1019,hit,2.8487776684536925,20.379999999999654,159.62835552523882
8,995,1536884,159.5069122314453,1128,hit,4.20643840223964,22.559999999999608,154.83434579498413
8,996,1538552,175.57516479492188,967,hit,4.520168523382534,19.339999999999677,170.37757762036202
8,997,1539744,14.708057403564453,2250,timeout,6.627996274205755,45.000000000001435,-72.61249638801098
8,998,1541380,-0.2349224090576172,2036,miss,6.880347086954162,40.720000000000766,-59.662615130562514
8,999,1543284,158.76202392578125,1183,hit,3.529959277103643,23.659999999999584,160.3472499342659
8,1000,1544636,163.81109619140625,1223,hit,4.6087882919817185,24.459999999999567,155.5938442838994
8,1001,1545884,-41.652198791503906,2250,timeout,6.511008910842013,45.000000000001435,-90.69814749853813
8,1002,1546452,174.5244598388672,792,hit,0.9652464241023541,15.839999999999751,163.27390735358273
8,1003,1548520,164.68267822265625,971,hit,2.8579344911751776,19.419999999999675,158.22672266460495
8,1004,1549316,153.98257446289062,858,hit,3.91073040167635,17.159999999999723,159.21554751570244
8,1005,1550184,164.62335205078125,933,hit,3.7603667295141294,18.65999999999969,170.87878379334344
8,1006,1550380,-29.606033325195312,2250,timeout,6.118747455846157,45.000000000001435,-68.0727740496896
8,1007,1551732,160.41299438476562,803,hit,3.5664850184649093,16.059999999999746,168.21090413751827
8,1008,1551888,158.3488006591797,643,hit,4.033508929386814,12.859999999999815,160.3902884214447
8,1009,1552720,153.52906799316406,634,hit,2.375603069095261,12.679999999999819,156.47422452844637
8,1010,1554848,164.3196563720703,740,hit,2.647566431016928,14.799999999999773,161.2385041327202
8,1011,1556076,176.2403564453125,839,hit,1.4274565058354758,16.77999999999973,168.28291590954
8,1012,1559380,-1.6400480270385742,2250,timeout,7.581051014950538,45.000000000001435,-56.755719059716874
8,1013,1560212,152.57510375976562,1034,hit,3.263989284578608,20.679999999999648,152.3025017749606
8,1014,1560732,-23.654136657714844,2250,timeout,10.237688934757221,45.000000000001435,-71.27727561114293
8,1015,1562736,159.3992462158203,839,hit,4.725436731254693,16.77999999999973,163.09180407030496
8,1016,1563128,168.14122009277344,729,hit,2.8147156006391074,14.579999999999778,164.7481039829592
8,1017,1563824,141.87042236328125,773,hit,4.93663264494232,15.45999999999976,159.62733252950645
8,1018,1563848,-18.90645980834961,2250,timeout,5.6185879911177405,45.000000000001435,-75.24032049622251
8,1019,1565892,149.49620056152344,691,hit,4.419318905497127,13.819999999999794,161.92148757824486
8,1020,1566092,171.38409423828125,839,hit,2.2201179060719523,16.77999999999973,171.42584024928135
8,1021,1566860,159.75869750976562,753,hit,2.4873166803491533,15.059999999999768,161.19052440171745
8,1022,1569384,173.33700561523438,873,hit,2.1722893038301296,17.459999999999717,174.846942503141
8,1023,1569752,150.88922119140625,723,hit,4.881305804161668,14.45999999999978,164.2449405738232
8,1024,1570764,168.23744201660156,1168,hit,2.7245854687067173,23.35999999999959,157.83424499654927
8,1025,1572824,-35.00697326660156,2250,timeout,10.049115567303906,45.000000000001435,-65.41445744428148
8,1026,1574284,172.68804931640625,1225,hit,4.0433926533366265,24.499999999999567,159.5973627835632
8,1027,1574404,173.2655029296875,910,hit,2.003521327333611,18.1999999999997,170.65196984065528
8,1028,1576280,168.4609832763672,864,hit,1.9924151304996882,17.27999999999972,161.44368714032615
8,1029,1578752,4.915393829345703,2250,timeout,6.650517407053563,45.000000000001435,-69.16623501132372
8,1030,1582788,-14.833023071289062,2126,miss,8.955282363970461,42.52000000000105,-60.785939584370034
8,1031,1583404,-26.022705078125,2250,timeout,7.147726552512676,45.000000000001435,-63.84789128300098
8,1032,1585280,23.038875579833984,2250,timeout,5.187360900285824,45.000000000001435,-59.06563088411446
8,1033,1585676,157.4883270263672,722,hit,3.3416328697548017,14.439999999999781,164.09669056602914
8,1034,1586052,162.26205444335938,662,hit,2.6215956784473855,13.239999999999807,159.45342494151225
8,1035,1587752,17.665300369262695,2250,timeout,5.185109312552091,45.000000000001435,-67.84023895409527
8,1036,1589356,153.25132751464844,826,hit,4.475074401276298,16.519999999999737,167.02629537949437
8,1037,1589848,167.26918029785156,1142,hit,3.506359761515343,22.839999999999602,156.16011449284008
8,1038,1590736,169.28077697753906,746,hit,2.0087945086420835,14.91999999999977,164.5711622912628
8,1039,1591944,154.4656982421875,647,hit,4.514912413519838,12.939999999999813,157.1390409253964
8,1040,1594100,147.01683044433594,1063,hit,4.3465451047066805,21.259999999999636,152.10457536637392
8,1041,1594500,157.81626892089844,639,hit,2.6461560645400333,12.779999999999816,158.96328655259447
8,1042,1594676,-44.82642364501953,2250,timeout,10.686145682347982,45.000000000001435,-70.16512639971714
8,1043,1597348,169.62611389160156,712,hit,4.214776669332928,14.239999999999785,162.36766811849506
8,1044,1597520,151.44444274902344,711,hit,3.854944996197079,14.219999999999786,161.30109825685662
8,1045,1597792,152.97186279296875,923,hit,4.806758310492358,18.459999999999695,165.18963158571987
8,1046,1599520,113.57881164550781,2196,hit,4.120401212004308,43.92000000000127,133.1371620434869
8,1047,1602548,139.97210693359375,1257,hit,4.36068329098826,25.139999999999553,152.44585272551757
8,1048,1604724,155.88661193847656,1301,hit,4.044630916747759,26.019999999999534,170.59954225879815
8,1049,1606104,-20.38556671142578,2189,miss,5.902084384734683,43.780000000001245,-86.89926321532226
8,1050,1606792,-19.921401977539062,2250,timeout,7.741195302038479,45.000000000001435,-74.02260295526365
8,1051,1608612,151.10244750976562,1516,hit,4.068586609038716,30.319999999999443,161.6987008191469
8,1052,1608988,156.6834716796875,1066,hit,3.3742613990781787,21.319999999999634,159.13805106320603
8,1053,1610932,170.1879119873047,1035,hit,3.7155574580377726,20.699999999999648,156.2964078226997
8,1054,1611788,157.94357299804688,794,hit,3.695793738064149,15.87999999999975,163.39791742123242
8,1055,1611844,155.0301971435547,1435,hit,4.489834067331331,28.699999999999477,164.52813311804437
8,1056,1613848,172.9795379638672,729,hit,1.7852221545580622,14.579999999999778,165.1440082833724
8,1057,1614860,157.8834228515625,768,hit,3.467122461393476,15.359999999999761,158.66012173243683
8,1058,1615164,173.3258056640625,830,hit,1.7745752274159006,16.599999999999735,171.0883875980434
8,1059,1617480,184.19894409179688,908,hit,1.2470358504628725,18.1599999999997,173.74242313640997
8,1060,1617988,11.678985595703125,2250,timeout,7.967129928501405,45.000000000001435,-55.08264900423142
8,1061,1618508,182.4772186279297,912,hit,1.5636292628896549,18.2399999999997,175.40437618955053
8,1062,1620968,171.98175048828125,1451,hit,4.248036951989573,29.01999999999947,169.86773902635818
8,1063,1621368,172.64320373535156,972,hit,3.6609657126753694,19.439999999999674,162.29144760221473
8,1064,1621832,169.82052612304688,961,hit,3.808040444643693,19.21999999999968,172.7768139508496
8,1065,1624080,163.36329650878906,778,hit,2.695048886312124,15.559999999999757,166.40323540108375
8,1066,1626160,177.42807006835938,1198,hit,4.752830204449838,23.959999999999578,165.0837830621307
8,1067,1627508,-11.092529296875,2250,timeout,5.591164542299611,45.000000000001435,-75.43912672626408
8,1068,1627756,173.96006774902344,919,hit,1.560495030311709,18.379999999999697,175.35415012681688
8,1069,1627844,157.77047729492188,1503,hit,4.2777453675684365,30.059999999999448,171.40591888486844
8,1070,1630032,160.86593627929688,968,hit,3.482849159594953,19.359999999999676,173.4894922768259
8,1071,1631064,167.7333984375,805,hit,2.2574177133786892,16.099999999999746,165.94961740221638
8,1072,1632792,170.13462829589844,1259,hit,3.9509998386443326,25.179999999999552,170.66212786119044
8,1073,1633164,166.30313110351562,783,hit,2.3701433480922316,15.659999999999755,168.26308533533785
8,1074,1634084,155.9279327392578,755,hit,3.76991984059869,15.099999999999767,161.91906449272463
8,1075,1636056,168.84800720214844,723,hit,3.9925641178758884,14.45999999999978,158.37444966821897
8,1076,1636368,-28.008323669433594,2215,miss,6.606523078718516,44.300000000001326,-80.64330072210338
8,1077,1637104,154.46127319335938,755,hit,4.334542231953401,15.099999999999767,167.7605994499561
