checkpoint,episode,total_timesteps,episode_reward,episode_length,outcome,min_range_m,final_time_s,legacy_episode_reward
1,1,6936,-18.711177825927734,1734,miss,1456.6266837153005,34.67999999999982,-90.72498327601815
1,2,9000,0.18094825744628906,2250,timeout,1039.9154785415376,45.000000000001435,-69.68780610751014
1,3,9000,-8.763325691223145,2250,timeout,1225.9589658558077,45.000000000001435,-91.22222330415708
1,4,9000,-20.2663516998291,2250,timeout,1668.4821231369451,45.000000000001435,-109.87337726055459
1,5,15936,-7.594751358032227,2250,timeout,979.7914922321376,45.000000000001435,-96.71079767353483
1,6,17168,-14.75283432006836,2042,miss,1162.3076234356956,40.840000000000785,-117.5875020321026
1,7,17512,-0.8005943298339844,2128,miss,586.6958223179545,42.560000000001054,-91.86394143316885
1,8,18000,-5.856792449951172,2250,timeout,742.635417945549,45.000000000001435,-111.17187237972556
1,9,24636,-14.287230491638184,2175,miss,1226.446761171521,43.5000000000012,-145.0023069612497
1,10,25728,4.265203475952148,2140,miss,731.9265778053276,42.80000000000109,-112.65252723352009
1,11,25784,12.60567569732666,1946,miss,602.7761499201076,38.920000000000485,-71.54822676954049
1,12,26512,19.440279006958008,2250,timeout,376.77160701519637,45.000000000001435,-63.674747257594376
1,13,33636,-1.6104717254638672,2250,timeout,823.3064881098414,45.000000000001435,-105.8974581652506
1,14,34728,28.255613327026367,2250,timeout,55.20561102895331,45.000000000001435,-65.52565761965923
1,15,34784,22.37420082092285,2250,timeout,174.30726166914948,45.000000000001435,-81.8413360568105
1,16,35228,8.608823776245117,2179,miss,606.8510765366476,43.58000000000121,-82.18088298749072
1,17,42636,18.818952560424805,2250,timeout,186.82179173595077,45.000000000001435,-108.23022750303055
1,18,43212,32.54075622558594,1996,miss,11.356635196567067,39.92000000000064,-77.43416665512298
1,19,43728,-21.764371871948242,2250,timeout,1136.0017989239768,45.000000000001435,-97.48580246405196
1,20,43784,1.6255245208740234,2250,timeout,506.84206583121494,45.000000000001435,-72.62783147779665
1,21,51100,27.525880813598633,1829,miss,77.0032291770269,36.58000000000012,-68.68393568266876
1,22,51636,-2.0628349781036377,2250,timeout,397.7112999704193,45.000000000001435,-80.04619211653197
1,23,52212,16.58176040649414,2250,timeout,235.2884152339807,45.000000000001435,-90.62333508221359
1,24,52728,15.819231033325195,2250,timeout,17.641454029666594,45.000000000001435,-77.28014900175401
1,25,60100,23.823261260986328,2250,timeout,17.735019979163646,45.000000000001435,-77.56726113594394
1,26,60636,11.444957733154297,2250,timeout,8.65885535395529,45.000000000001435,-102.33213220653717
1,27,61212,23.356903076171875,2250,timeout,54.35132917424232,45.000000000001435,-95.64578466103912
1,28,61728,24.781091690063477,2250,timeout,15.802950905123133,45.000000000001435,-78.19888702911717
1,29,65072,132.93807983398438,836,hit,3.835649034042642,16.719999999999732,158.42799565624927
1,30,65508,125.02848815917969,1218,hit,4.910679724833002,24.35999999999957,145.45638419194728
1,31,69100,14.87247085571289,2250,timeout,32.445588430167966,45.000000000001435,-74.10281198997824
1,32,70212,8.509723663330078,2250,timeout,10.538635644813883,45.000000000001435,-89.53333194227498
1,33,73660,129.3928680419922,862,hit,4.942521655413455,17.23999999999972,155.6379373853536
1,34,74072,18.10672378540039,2250,timeout,21.181145175874516,45.000000000001435,-127.44542592392759
1,35,74508,19.802377700805664,2250,timeout,16.03277751816313,45.000000000001435,-69.45129793261638
1,36,78100,17.56892967224121,2250,timeout,14.55461045619203,45.000000000001435,-73.92338387227969
1,37,81576,24.730144500732422,1979,miss,6.759031614317529,39.58000000000059,-82.2772462852351
1,38,82060,8.627191543579102,1997,miss,15.628226930070394,39.940000000000644,-79.22820722182158
1,39,83508,18.142696380615234,2250,timeout,16.015273637384883,45.000000000001435,-62.10581191130127
1,40,83720,120.8717041015625,1405,hit,3.9716247600051315,28.09999999999949,139.86726063199615
1,41,90000,11.6343994140625,2106,miss,12.921826301106082,42.120000000000985,-92.23108857042097
1,42,90144,19.502246856689453,2021,miss,14.561732309279792,40.42000000000072,-99.08911414788967
1,43,92508,19.698368072509766,2250,timeout,16.561179625835187,45.000000000001435,-79.1739572462643
1,44,92720,16.014572143554688,2250,timeout,31.324710232421413,45.000000000001435,-95.10260185308795
1,45,93344,134.51358032226562,836,hit,4.274481952076751,16.719999999999732,158.61926696692896
1,46,96396,128.53123474121094,763,hit,3.740409345651914,15.259999999999764,153.48969570053117
1,47,98604,14.565559387207031,2115,miss,6.954544086479137,42.30000000000101,-88.67033089561737
1,48,100208,4.645900726318359,1925,miss,47.63485523089044,38.50000000000042,-85.34815622639829
1,49,101720,24.891422271728516,2250,timeout,18.145053759527286,45.000000000001435,-78.49416837987594
1,50,105320,13.483419418334961,2231,miss,14.405371747762048,44.620000000001376,-72.621879675044
1,51,107604,16.71211814880371,2250,timeout,39.0151637332795,45.000000000001435,-121.32934725324664
1,52,109124,23.66325569152832,1851,miss,7.931814188615222,37.02000000000019,-91.63138194665336
1,53,109208,19.221742630004883,2250,timeout,6.7953092779163775,45.000000000001435,-66.79429229288661
1,54,114320,17.97570037841797,2250,timeout,7.211684374716819,45.000000000001435,-71.51240368647791
1,55,116604,13.628402709960938,2250,timeout,57.39715804354585,45.000000000001435,-62.21902416250612
1,56,118124,11.379585266113281,2250,timeout,12.464827586346233,45.000000000001435,-66.87560473045113
1,57,118208,19.075902938842773,2250,timeout,18.340954388510806,45.000000000001435,-70.21868505245263
1,58,123320,0.9766311645507812,2250,timeout,16.624470998823014,45.000000000001435,-76.79245250981987
1,59,125604,18.380125045776367,2250,timeout,56.83572211817786,45.000000000001435,-115.04606531090174
1,60,127124,5.673595428466797,2250,timeout,46.14675453025977,45.000000000001435,-81.50539335254062
1,61,127208,12.01148796081543,2250,timeout,13.09875621489877,45.000000000001435,-92.40424461812611
1,62,130508,134.25689697265625,846,hit,4.331764597448499,16.919999999999728,158.80789373817663
1,63,131272,19.006635665893555,1988,miss,24.99727471761576,39.760000000000616,-91.83926039890878
1,64,134568,136.18299865722656,1015,hit,2.859422271210852,20.299999999999656,163.71216273100234
1,65,134604,8.659414291381836,2250,timeout,13.470645723708692,45.000000000001435,-74.02708610784968
1,66,136208,13.297038078308105,2250,timeout,10.209085774595675,45.000000000001435,-71.88319444387534
1,67,138684,26.54986000061035,1853,miss,11.524791023988712,37.060000000000194,-76.42467670445595
1,68,143568,14.123369216918945,2250,timeout,48.19710858649391,45.000000000001435,-79.09949748891573
1,69,143604,4.852519989013672,2250,timeout,19.330591764177527,45.000000000001435,-80.32401685921654
1,70,145208,2.942901611328125,2250,timeout,40.0068799341078,45.000000000001435,-78.8344416589415
1,71,146112,25.770370483398438,1857,miss,15.14523021772414,37.14000000000021,-65.45951429125083
1,72,150964,22.93781280517578,1849,miss,9.561268627134174,36.98000000000018,-59.31726546427353
1,73,152604,13.404080390930176,2250,timeout,11.797351942528802,45.000000000001435,-71.00037413797271
1,74,154208,5.0400238037109375,2250,timeout,25.36675963837158,45.000000000001435,-81.50190326192154
1,75,154252,24.99843406677246,2035,miss,9.156070725103442,40.70000000000076,-59.30423685225666
1,76,157828,17.820283889770508,1716,miss,7.3637854206824445,34.319999999999766,-67.36863896998003
1,77,161604,5.811983108520508,2250,timeout,20.817171259480343,45.000000000001435,-78.79378304193456
1,78,162296,124.56488800048828,1117,hit,4.310672609773784,22.339999999999613,145.36974158619964
1,79,163148,18.78672218322754,2235,miss,17.02635183222399,44.70000000000139,-70.4157688456512
1,80,163252,11.823978424072266,2250,timeout,12.840749282787996,45.000000000001435,-80.2968194341026
1,81,170604,13.183895111083984,2250,timeout,12.645902264260918,45.000000000001435,-75.16190230812367
1,82,171296,-0.23671340942382812,2250,timeout,11.03075693244355,45.000000000001435,-83.28281473716916
1,83,172148,10.549764633178711,2250,timeout,9.007023717990261,45.000000000001435,-69.80368369468799
1,84,172252,3.3208980560302734,2250,timeout,12.521752000772521,45.000000000001435,-73.34864924128694
1,85,178164,24.04717254638672,1717,miss,12.03653157820025,34.33999999999977,-53.26600708225301
1,86,179604,-7.460082054138184,2250,timeout,6.316662046352327,45.000000000001435,-79.82883800770104
1,87,180080,10.809284210205078,1983,miss,12.008856141239535,39.6600000000006,-71.90518766169596
1,88,181252,2.2148895263671875,2250,timeout,8.545909230909105,45.000000000001435,-74.49392789225524
1,89,187164,-0.7585029602050781,2250,timeout,21.728119738385598,45.000000000001435,-75.52386708747723
1,90,188604,10.008267402648926,2250,timeout,14.399241165173581,45.000000000001435,-70.18845967249584
1,91,188932,5.506887435913086,2213,miss,11.675789200781036,44.26000000000132,-77.03889849856061
1,92,190252,1.9421730041503906,2250,timeout,29.640979525682702,45.000000000001435,-86.14899281838468
1,93,193840,126.52301788330078,1227,hit,4.8959812324951555,24.539999999999566,156.69169665419665
1,94,196164,16.77184295654297,2250,timeout,16.28656591796292,45.000000000001435,-67.20684304186045
1,95,197604,0.5820579528808594,2250,timeout,17.781918228782686,45.000000000001435,-69.2539536170785
1,96,199252,8.586893081665039,2250,timeout,14.036994993262446,45.000000000001435,-69.38428842691687
1,97,202840,5.295139312744141,2250,timeout,12.79900513418146,45.000000000001435,-92.2560895324035
1,98,204612,113.86669921875,1752,hit,4.117857609620552,35.03999999999988,140.9430780136495
2,99,213800,13.211429595947266,2250,timeout,8.62287894635017,45.000000000001435,-70.80856218055597
2,100,213800,12.524593353271484,2250,timeout,15.774994562347901,45.000000000001435,-69.53599147662041
2,101,213800,13.352729797363281,2250,timeout,11.762774193667337,45.000000000001435,-65.07507407099855
2,102,213800,7.773677825927734,2250,timeout,22.097999941010894,45.000000000001435,-71.3666902184844
2,103,216416,122.77824401855469,654,hit,4.036273599159098,13.07999999999981,153.8636605852211
2,104,218136,122.00686645507812,1084,hit,3.6690749119165345,21.679999999999627,152.92763867223812
2,105,222800,12.399044036865234,2250,timeout,8.758095351045672,45.000000000001435,-78.50125827579555
2,106,222800,-6.756908416748047,2250,timeout,6.552665081877401,45.000000000001435,-84.55635731028363
2,107,225400,9.245712280273438,2246,miss,34.10978730803441,44.92000000000142,-64.86468693269455
2,108,227136,9.510332107543945,2250,timeout,16.041206600186424,45.000000000001435,-74.67858849024239
2,109,231800,9.065361022949219,2250,timeout,5.59144530318451,45.000000000001435,-74.68775248653859
2,110,231800,6.750617980957031,2250,timeout,6.888768522040338,45.000000000001435,-84.90489277619072
2,111,234232,4.675296783447266,2208,miss,7.167899119859575,44.160000000001304,-80.19762936149904
2,112,236136,7.425685882568359,2250,timeout,5.742688923135389,45.000000000001435,-79.39770288775892
2,113,240776,14.990970611572266,2244,miss,11.50719993156775,44.88000000000142,-70.14314022363924
2,114,240800,11.049936294555664,2250,timeout,7.883052116255777,45.000000000001435,-60.58644212736511
2,115,243232,-11.903863906860352,2250,timeout,6.655766924730408,45.000000000001435,-77.91933700203884
2,116,245136,0.19037628173828125,2250,timeout,5.751970596098167,45.000000000001435,-77.13052471111853
2,117,249396,15.41372299194336,2149,miss,11.595563209383451,42.98000000000112,-75.5516120193194
2,118,249776,11.64183235168457,2250,timeout,28.11682394352765,45.000000000001435,-76.93750150696926
2,119,252232,16.74773406982422,2250,timeout,13.282775605702433,45.000000000001435,-61.08796169505062
2,120,254136,15.863582611083984,2250,timeout,6.012295727458356,45.000000000001435,-60.88814993118077
2,121,254240,131.23388671875,1116,hit,4.4742306985913265,22.319999999999613,156.36324581086419
2,122,258396,13.257535934448242,2250,timeout,5.955445410634402,45.000000000001435,-75.92270703316738
2,123,261232,-2.4726409912109375,2250,timeout,14.70867506490822,45.000000000001435,-72.70964459261529
2,124,261684,9.452301025390625,1887,miss,7.619476191531546,37.7400000000003,-67.35027982960881
2,125,263240,11.237993240356445,2250,timeout,8.249747274003711,45.000000000001435,-64.20849789289068
2,126,266124,124.07884216308594,721,hit,1.1659415160024795,14.419999999999781,154.4841413943056
2,127,267396,8.7388334274292,2250,timeout,13.10401039005737,45.000000000001435,-63.65998614739309
2,128,270232,15.027168273925781,2250,timeout,9.119610773931308,45.000000000001435,-69.48449033524327
2,129,270684,-9.165239334106445,2250,timeout,5.046865797722303,45.000000000001435,-73.13130089579637
2,130,270972,123.69454956054688,1212,hit,4.349506706029232,24.239999999999572,145.4001705797543
2,131,276260,132.2286834716797,1322,hit,3.13596698846729,26.439999999999525,159.22900717579233
2,132,276396,8.859498977661133,2250,timeout,11.628072696899528,45.000000000001435,-68.02047145578318
2,133,278972,-10.656829833984375,2185,miss,10.851591637823999,43.70000000000123,-75.8836812479475
2,134,279684,10.804794311523438,2250,timeout,11.902905450755142,45.000000000001435,-83.6138413416005
2,135,285260,-4.756420135498047,2250,timeout,14.965281816610654,45.000000000001435,-74.6145027159625
2,136,285396,8.437356948852539,2250,timeout,9.418999448485003,45.000000000001435,-77.22804168085439
2,137,285992,129.628662109375,1577,hit,4.51603833390612,31.539999999999417,150.32031735647547
2,138,287972,-12.819049835205078,2250,timeout,16.362208202832058,45.000000000001435,-67.28772731482871
2,139,291812,123.26203155517578,960,hit,3.276025683516324,19.19999999999968,146.35011658134275
2,140,294240,2.4215469360351562,2245,miss,16.642491891216576,44.90000000000142,-59.41491274375068
2,141,294396,-5.427776336669922,2250,timeout,23.4536403701328,45.000000000001435,-77.55451475876586
2,142,294992,2.1757545471191406,2250,timeout,35.319135583777985,45.000000000001435,-70.10623693402289
2,143,298104,132.41339111328125,927,hit,4.278262451773783,18.539999999999694,160.25406214350437
2,144,300012,4.878355979919434,2050,miss,10.682173528755778,41.00000000000081,-71.01557941487886
2,145,303240,-18.359771728515625,2250,timeout,16.655044605774798,45.000000000001435,-79.34699698788302
2,146,303992,-1.4751243591308594,2250,timeout,6.241403709185174,45.000000000001435,-66.82017278034888
2,147,304580,129.51385498046875,1142,hit,4.095254572121489,22.839999999999602,153.38827737811718
2,148,306540,122.48039245605469,637,hit,4.6973576099750725,12.739999999999817,151.32757765204764
2,149,307104,-23.728517532348633,2250,timeout,16.51991112500487,45.000000000001435,-68.0926630429054
2,150,309424,130.78500366210938,1211,hit,4.687965211087503,24.219999999999573,157.15275750638062
2,151,311984,4.444034576416016,2186,miss,8.36218354989236,43.720000000001235,-68.10305751395472
2,152,315540,-9.224075317382812,2250,timeout,13.534122139362356,45.000000000001435,-83.27720414455513
2,153,316104,8.048093795776367,2250,timeout,8.841452880266031,45.000000000001435,-64.39435141674153
2,154,318424,3.7210254669189453,2250,timeout,21.607069403778677,45.000000000001435,-69.71259234653893
2,155,320984,1.3060379028320312,2250,timeout,9.866847148307704,45.000000000001435,-59.97232071236227
2,156,324540,3.4347190856933594,2250,timeout,12.926145724168236,45.000000000001435,-80.70559869253563
2,157,325104,6.102573871612549,2250,timeout,8.558769063498831,45.000000000001435,-66.26774328964926
2,158,326100,128.4718017578125,1279,hit,4.972170101896252,25.579999999999544,154.96472120326132
2,159,327424,-15.841711044311523,2250,timeout,5.27102395482882,45.000000000001435,-77.02384172140627
2,160,331268,103.88744354248047,1541,hit,4.8395203151084205,30.819999999999432,143.7113607752432
2,161,333540,-2.910736083984375,2250,timeout,10.56420880036474,45.000000000001435,-77.54313057987063
2,162,334836,2.70245361328125,2184,miss,10.900381055188248,43.68000000000123,-76.52671857296836
2,163,336424,11.308693885803223,2250,timeout,7.601574054365825,45.000000000001435,-75.13493866423657
2,164,336596,128.98202514648438,764,hit,4.1647916640786935,15.279999999999763,154.6146487869127
2,165,337580,126.51178741455078,686,hit,3.292210449993538,13.719999999999796,150.21900189814403
2,166,340268,-3.8092269897460938,2250,timeout,16.365298648523734,45.000000000001435,-83.11397817818778
2,167,345424,-24.475330352783203,2250,timeout,25.470495587334728,45.000000000001435,-72.06990237913705
2,168,345596,-8.83437728881836,2250,timeout,8.942224399322102,45.000000000001435,-71.4083852554482
2,169,346580,-8.273189544677734,2250,timeout,13.356939028349203,45.000000000001435,-66.31194947941121
2,170,348456,127.7231674194336,758,hit,2.807084892939056,15.159999999999766,154.1571921139904
2,171,349268,-14.917377471923828,2250,timeout,10.025921615206693,45.000000000001435,-88.40746669349741
2,172,351088,130.19976806640625,1373,hit,3.259810686129235,27.459999999999503,153.63559048764733
2,173,355580,3.9721813201904297,2250,timeout,16.407920262419367,45.000000000001435,-73.35796081320623
2,174,356412,-1.3107337951660156,1786,miss,8.992353393549433,35.719999999999985,-67.44943477550233
2,175,357456,-18.33099365234375,2250,timeout,24.548528304865794,45.000000000001435,-76.30467294164664
2,176,360088,-0.3959922790527344,2250,timeout,6.06559952266487,45.000000000001435,-75.31227089265494
2,177,364580,-31.33647918701172,2250,timeout,21.305002180223834,45.000000000001435,-73.88853865379527
2,178,365412,11.773126602172852,2250,timeout,11.050876005303259,45.000000000001435,-76.45680731439131
2,179,366456,1.995809555053711,2250,timeout,11.217059277237082,45.000000000001435,-72.8640607958968
2,180,369088,7.794136047363281,2250,timeout,11.228110464310978,45.000000000001435,-69.30735503922435
2,181,369340,124.66776275634766,721,hit,3.6194095130530983,14.419999999999781,150.13418738686732
2,182,373580,2.7979278564453125,2250,timeout,7.058975232789387,45.000000000001435,-77.57903320236848
2,183,374412,-7.138710021972656,2250,timeout,11.078141584222115,45.000000000001435,-78.60303141685299
2,184,378088,-7.813793182373047,2250,timeout,6.584207377026708,45.000000000001435,-78.85638330839882
2,185,378340,14.668922424316406,2250,timeout,6.299093723303957,45.000000000001435,-64.7768471761621
2,186,382312,-0.8984079360961914,2183,miss,10.55332614442688,43.660000000001226,-78.73276935091252
2,187,383412,7.035984039306641,2250,timeout,5.812237410527228,45.000000000001435,-79.1517330770912
2,188,386952,-3.6980934143066406,2216,miss,10.181049173112118,44.32000000000133,-76.63231733098574
2,189,387340,1.6320953369140625,2250,timeout,10.580226222023352,45.000000000001435,-86.08143239137085
2,190,390652,-2.302530288696289,2085,miss,14.112662552937694,41.70000000000092,-77.34897837859747
2,191,392412,5.3176116943359375,2250,timeout,13.753833609860763,45.000000000001435,-81.88792091920891
2,192,395952,-6.027519226074219,2250,timeout,6.655960529329386,45.000000000001435,-81.83834653056516
2,193,396340,4.279135704040527,2250,timeout,9.52438652463233,45.000000000001435,-71.49683741234233
2,194,398636,118.97605895996094,671,hit,3.909734809431961,13.419999999999803,149.45355420023066
2,195,399652,-0.6837081909179688,2250,timeout,13.321859909734345,45.000000000001435,-90.31231914364584
2,196,401412,22.627113342285156,2250,timeout,7.40159023020141,45.000000000001435,-68.09990746772793
2,197,405340,-0.8182640075683594,2250,timeout,5.344512749984795,45.000000000001435,-90.90484368900648
2,198,405352,117.87044525146484,1425,hit,4.579430876574742,28.49999999999948,142.07614803065235
2,199,407636,-10.64693832397461,2250,timeout,10.689601564800476,45.000000000001435,-77.1856662303397
3,200,412496,125.5089111328125,724,hit,4.0983379644907245,14.47999999999978,153.7943251681732
3,201,414140,125.11065673828125,1135,hit,4.686865394428181,22.699999999999605,147.431019087687
3,202,414216,124.34671020507812,1154,hit,4.5027499403360505,23.079999999999597,153.01810290252348
3,203,417420,5.087366104125977,1955,miss,8.058361240417131,39.10000000000051,-75.77804174287283
3,204,418288,132.609375,1018,hit,4.301802245860489,20.359999999999655,163.47327699031757
3,205,421496,18.218730926513672,2250,timeout,6.802687052159242,45.000000000001435,-73.08744450177824
3,204,412496,125.5089111328125,724,hit,4.0983379644907245,14.47999999999978,153.7943251681732
3,206,423140,15.511630058288574,2250,timeout,8.969012793909844,45.000000000001435,-64.28110321533569
3,205,414140,125.11065673828125,1135,hit,4.686865394428181,22.699999999999605,147.431019087687
3,206,414216,124.34671020507812,1154,hit,4.5027499403360505,23.079999999999597,153.01810290252348
3,207,423944,109.82911682128906,1631,hit,4.778389156364624,32.6199999999995,148.46765559988876
3,207,417420,5.087366104125977,1955,miss,8.058361240417131,39.10000000000051,-75.77804174287283
3,208,426384,7.413509368896484,2024,miss,9.823292768680975,40.48000000000073,-68.17807312232422
3,208,418288,132.609375,1018,hit,4.301802245860489,20.359999999999655,163.47327699031757
3,209,429216,123.38567352294922,708,hit,4.522520356240419,14.159999999999787,155.4401672192152
3,210,429216,129.9858856201172,1318,hit,4.426743677114213,26.359999999999527,153.49891121213275
3,209,421496,18.218730926513672,2250,timeout,6.802687052159242,45.000000000001435,-73.08744450177824
3,211,430496,3.5817229747772217,2250,timeout,5.326514535015267,45.000000000001435,-74.87668534600749
3,210,423140,15.511630058288574,2250,timeout,8.969012793909844,45.000000000001435,-64.28110321533569
3,212,431976,126.14354705810547,690,hit,2.104148527636856,13.799999999999795,154.17335457042515
3,213,432140,7.159549713134766,2250,timeout,14.460620675070716,45.000000000001435,-79.1523921045734
3,211,423944,109.82911682128906,1631,hit,4.778389156364624,32.6199999999995,148.46765559988876
3,212,426384,7.413509368896484,2024,miss,9.823292768680975,40.48000000000073,-68.17807312232422
3,214,438216,2.561168670654297,2250,timeout,11.792911905681859,45.000000000001435,-110.11621853947048
3,213,429216,123.38567352294922,708,hit,4.522520356240419,14.159999999999787,155.4401672192152
3,214,429216,129.9858856201172,1318,hit,4.426743677114213,26.359999999999527,153.49891121213275
3,215,439496,6.624946594238281,2250,timeout,8.892257416159223,45.000000000001435,-77.39602020938734
3,215,430496,3.5817229747772217,2250,timeout,5.326514535015267,45.000000000001435,-74.87668534600749
3,216,440056,11.020275115966797,1979,miss,7.0194183646539035,39.58000000000059,-95.6176750503077
3,216,431976,126.14354705810547,690,hit,2.104148527636856,13.799999999999795,154.17335457042515
3,217,440544,13.929746627807617,2142,miss,10.177319910301078,42.8400000000011,-94.96671736312953
3,217,432140,7.159549713134766,2250,timeout,14.460620675070716,45.000000000001435,-79.1523921045734
3,218,443564,128.8375701904297,755,hit,2.7180342016579955,15.099999999999767,152.57734327271564
3,219,446020,124.30257415771484,1491,hit,3.1385010416172663,29.819999999999453,145.08008135001862
3,220,446856,9.582733154296875,2160,miss,11.292323666491702,43.200000000001154,-101.2540412706078
3,221,448496,-15.317825317382812,2250,timeout,5.1908929900376375,45.000000000001435,-83.30635816646372
3,222,451884,129.78524780273438,847,hit,3.261449542017602,16.939999999999728,155.4230253666186
3,223,452564,17.226228713989258,2250,timeout,5.982086559409871,45.000000000001435,-76.05229703471221
3,224,455020,-15.419370651245117,2250,timeout,6.51782287217225,45.000000000001435,-78.45239288051278
3,225,455856,4.4555816650390625,2250,timeout,6.500662398079739,45.000000000001435,-100.38525039035284
3,226,457268,134.4189453125,1176,hit,4.930472388218268,23.519999999999587,161.59718976512366
3,227,457576,126.37483215332031,1423,hit,4.289008882328548,28.459999999999482,150.11324994134523
3,228,458704,127.23458862304688,712,hit,4.1247316575020845,14.239999999999785,155.80971721445545
3,229,460016,128.0624542236328,1249,hit,4.374039255631953,24.979999999999556,145.66585278006053
3,230,463848,127.71945190429688,958,hit,3.757585805304208,19.15999999999968,147.03362045958033
3,231,466268,-2.975963592529297,2250,timeout,11.389318912762791,45.000000000001435,-93.71026314118639
3,232,466576,-21.713516235351562,2250,timeout,20.5593717272962,45.000000000001435,-114.38413328517512
3,233,466752,127.58570098876953,726,hit,2.6998657258002234,14.51999999999978,155.91087067854744
3,234,467704,-19.199602127075195,2250,timeout,12.187863373391343,45.000000000001435,-67.02970653402473
3,235,469560,131.2151641845703,823,hit,2.7430991677147207,16.459999999999738,161.6001121412622
3,236,470408,122.80150604248047,914,hit,4.957914762828594,18.2799999999997,149.92056168979798
3,237,472828,131.017333984375,817,hit,3.7779783865644667,16.33999999999974,156.7119897570382
3,238,475576,-0.03730010986328125,2250,timeout,11.629796695757605,45.000000000001435,-86.15455961348661
3,239,476704,-11.282089233398438,2250,timeout,10.634867770904885,45.000000000001435,-97.22105341976624
3,240,479408,2.8413734436035156,2250,timeout,8.038659971416454,45.000000000001435,-106.5664290470305
3,241,481828,2.6503334045410156,2250,timeout,5.108790206816511,45.000000000001435,-71.39902695559132
3,242,484576,-4.580741882324219,2250,timeout,6.075050530025426,45.000000000001435,-82.06558314508787
3,243,485212,6.977449417114258,2127,miss,6.734018594845211,42.54000000000105,-89.32301002509996
3,244,488296,-9.064029693603516,2222,miss,10.914162983583347,44.44000000000135,-89.08580224038339
3,245,489196,136.05923461914062,996,hit,2.824970399128115,19.919999999999664,164.86266528868913
3,246,490828,1.5276031494140625,2250,timeout,10.170320600720778,45.000000000001435,-81.53185300756931
3,247,492208,130.11318969726562,753,hit,4.889425883229578,15.059999999999768,152.76527297921382
3,248,493336,127.80885314941406,1260,hit,2.763117705462376,25.19999999999955,153.211540786175
3,249,493576,14.474920272827148,2250,timeout,5.247764209782086,45.000000000001435,-73.95809795008316
3,250,499828,-3.4985198974609375,2250,timeout,5.612777897685212,45.000000000001435,-100.5987021391192
3,251,501208,3.758495330810547,2250,timeout,5.476796988928937,45.000000000001435,-80.68694536101198
3,252,502336,-2.03271484375,2250,timeout,10.919045266645693,45.000000000001435,-72.0741191986827
3,253,502576,-0.6373672485351562,2250,timeout,6.173379961737588,45.000000000001435,-71.08813775548155
3,254,508828,3.3228302001953125,2250,timeout,8.729040006674609,45.000000000001435,-80.76267477878235
3,255,510208,9.534591674804688,2250,timeout,8.852654594394851,45.000000000001435,-87.45983884027905
3,256,510440,-15.776151657104492,1966,miss,7.785300771214686,39.32000000000055,-69.03657793247672
3,257,511336,15.034811019897461,2250,timeout,9.119683751335993,45.000000000001435,-89.23965947732485
3,258,513116,130.47286987304688,1072,hit,3.2119728990457723,21.439999999999632,153.52987047998934
3,259,518028,-24.27021026611328,1673,miss,5.491660229673521,33.45999999999963,-79.66889152711778
3,260,519200,-6.0685577392578125,2248,miss,5.7895417000318155,44.96000000000143,-79.38157240578406
3,261,519440,23.609567642211914,2250,timeout,6.694916122650676,45.000000000001435,-72.45197141197373
3,262,522116,16.7891902923584,2250,timeout,7.020299031006132,45.000000000001435,-78.10702044684862
3,263,523872,128.8117218017578,1108,hit,4.958625255273264,22.159999999999616,147.306259307883
3,264,525172,132.0507049560547,764,hit,1.2501642504459392,15.279999999999763,158.41804612130267
3,265,526348,118.80577087402344,2080,hit,2.4347928183428427,41.600000000000904,140.24248955684226
3,266,528200,-17.880088806152344,2250,timeout,7.714950310952458,45.000000000001435,-80.29741008760567
3,267,528528,130.8234405517578,1164,hit,2.679384184617566,23.279999999999593,157.72106463416736
3,268,530424,129.71621704101562,1019,hit,3.353179014762282,20.379999999999654,158.2610437510607
3,269,530500,130.39976501464844,1332,hit,4.511594406969326,26.63999999999952,156.26358121466245
3,270,531752,130.64706420898438,806,hit,2.5557163330622212,16.119999999999745,160.14628921154716
3,271,534296,115.88594055175781,636,hit,3.1843068229259655,12.719999999999818,152.64139749344977
3,272,537200,-0.8449249267578125,2250,timeout,9.139942514770365,45.000000000001435,-71.82720624057575
3,273,539424,-11.016700744628906,2250,timeout,11.29876792466743,45.000000000001435,-88.4839457431284
3,274,539500,-6.023048400878906,2250,timeout,5.170259817665476,45.000000000001435,-79.79858600830258
3,275,542536,129.36253356933594,759,hit,4.718889803571175,15.179999999999765,155.0486695765378
3,276,542932,120.0042724609375,877,hit,4.78788362033898,17.539999999999715,148.44027766771822
3,277,543164,-26.42221450805664,2217,miss,7.557581962435868,44.34000000000133,-102.24906745254172
3,278,546200,-0.2401123046875,2250,timeout,5.205722256571786,45.000000000001435,-84.39325281469095
3,279,547580,130.4677276611328,1261,hit,1.1310806457320675,25.21999999999955,156.82138543158985
3,280,548876,125.57461547851562,669,hit,3.4577384597640446,13.379999999999804,151.65958918301936
3,281,551836,8.201675415039062,2168,miss,6.078201107969741,43.36000000000118,-89.28855388874574
3,282,551932,-12.552928924560547,2250,timeout,11.708511380079443,45.000000000001435,-113.62350946454325
3,283,553020,126.99413299560547,1360,hit,4.395250756422304,27.19999999999951,150.60903026153235
3,284,553328,126.29539489746094,1113,hit,4.7010056275992795,22.259999999999614,143.33355027312714
3,285,557324,123.12495422363281,1076,hit,4.941294458578885,21.51999999999963,146.74929189446868
3,286,560576,130.23583984375,813,hit,1.9251285824796116,16.259999999999742,158.68892616104623
3,287,560632,-22.668071746826172,2199,miss,7.042216469498748,43.980000000001276,-85.64172951213813
3,288,560932,-2.7092208862304688,2250,timeout,6.342549289010431,45.000000000001435,-80.94925353088533
3,289,562124,3.3859786987304688,2199,miss,9.700142498999961,43.980000000001276,-93.34388297791043
3,290,563600,128.51959228515625,756,hit,3.1212281298559157,15.119999999999767,154.82288737077758
3,291,567812,7.340888977050781,1720,miss,5.204955153265506,34.39999999999978,-65.17934411743528
3,292,569632,-4.611003875732422,2250,timeout,6.6636813630723175,45.000000000001435,-81.2898773332926
3,293,571124,-1.941162109375,2250,timeout,6.143247398678629,45.000000000001435,-78.55640183338672
3,294,572600,12.569013595581055,2250,timeout,5.205633373858999,45.000000000001435,-68.58887950203344
3,295,572632,127.24895477294922,1205,hit,3.89831413115921,24.099999999999575,150.08044434512027
3,296,572724,129.68190002441406,773,hit,2.127228598071583,15.45999999999976,154.26787051578285
3,297,576040,132.7143096923828,852,hit,4.455504619492195,17.039999999999726,159.86193650015792
3,298,578656,118.67646789550781,654,hit,2.0621832463794343,13.07999999999981,151.81622788570922
3,299,580124,-6.985752105712891,2250,timeout,7.337108558064562,45.000000000001435,-89.87224716034767
3,300,581600,7.802391052246094,2250,timeout,6.103064270431556,45.000000000001435,-77.54958966576667
3,301,581724,5.970378875732422,2250,timeout,8.356389701954276,45.000000000001435,-84.84023214849266
3,302,583888,125.9822006225586,1308,hit,3.675010372445742,26.15999999999953,151.5132975549018
3,303,584476,124.53936004638672,688,hit,4.307127167886169,13.759999999999796,149.94301963079582
3,304,586592,120.2657470703125,676,hit,4.16705830486057,13.5199999999998,151.4398375162217
3,305,589124,-7.8862152099609375,2250,timeout,16.734748290882788,45.000000000001435,-91.71221926413912
3,306,589428,109.32640075683594,1238,hit,3.240102044805508,24.75999999999956,149.88998230360204
3,307,589788,128.84507751464844,799,hit,3.6815482352510593,15.979999999999748,156.85693349883363
3,308,590600,-13.240543365478516,2250,timeout,8.76854620125839,45.000000000001435,-79.6251273764205
3,309,598124,-27.111915588378906,2250,timeout,9.431094443351379,45.000000000001435,-98.27613412174223
3,310,598428,15.148262977600098,2250,timeout,8.6578730596987,45.000000000001435,-72.32626231138386
3,311,598788,-24.340782165527344,2250,timeout,8.939429397793479,45.000000000001435,-77.89607761256615
3,312,599600,-14.859222412109375,2250,timeout,5.337499356110642,45.000000000001435,-78.06904290360362
3,313,604156,122.85017395019531,1139,hit,4.985833141901909,22.779999999999603,145.49985626921722
3,314,607124,-2.662687301635742,2250,timeout,5.658681131527663,45.000000000001435,-76.04930638620418
3,315,607360,6.522378921508789,2143,miss,7.561137268010767,42.8600000000011,-77.52420924214188
3,316,607428,5.995275497436523,2250,timeout,7.319666364483627,45.000000000001435,-73.63150012063592
3,317,607800,132.76490783691406,911,hit,3.3237521089392703,18.2199999999997,161.07992748826499
3,318,611132,130.78216552734375,943,hit,4.979523058934668,18.859999999999687,160.1828741860894
3,319,611328,134.3491668701172,975,hit,3.9486577521430686,19.499999999999673,160.14505371442152
4,334,617240,125.52303314208984,710,hit,3.102782377921667,14.199999999999786,154.92978632561505
4,335,617304,125.42676544189453,726,hit,2.3924143980908505,14.51999999999978,151.58111998554355
4,336,617808,131.62522888183594,852,hit,3.86961009553261,17.039999999999726,159.81136999121833
4,337,620024,132.54196166992188,1406,hit,4.876125297049659,28.11999999999949,153.88207746771775
4,338,621068,130.38043212890625,815,hit,4.040731059860231,16.29999999999974,153.69945624454886
4,339,622152,119.75731658935547,1212,hit,4.071577080733567,24.239999999999572,146.1010657703163
4,340,624204,131.03211975097656,784,hit,4.979722959961239,15.679999999999755,155.38118639955863
4,341,625584,134.0126190185547,858,hit,4.475975578606005,17.159999999999723,160.3113038458157
4,342,626240,8.162351608276367,2250,timeout,6.370009282233852,45.000000000001435,-84.18651191317376
4,343,629024,24.33657455444336,2250,timeout,5.9560010852765,45.000000000001435,-63.943015354591545
4,344,632932,2.113504409790039,1673,miss,5.63851482520326,33.45999999999963,-61.986155266986465
4,345,633204,0.3451080322265625,2250,timeout,6.479836929449997,45.000000000001435,-97.52517055229185
4,346,634280,130.69287109375,1314,hit,4.387353034220551,26.27999999999953,147.62048101179568
4,347,634584,-39.956764221191406,2250,timeout,5.660532718645167,45.000000000001435,-75.96938735499144
4,348,636000,126.49149322509766,699,hit,2.554205818863918,13.97999999999979,154.43450597311931
4,349,636352,135.0726318359375,855,hit,4.584945871079816,17.099999999999724,163.61496771519114
4,350,638668,125.33245849609375,1021,hit,3.9684472476506523,20.419999999999654,147.4792003813837
4,351,643096,-5.111309051513672,2204,miss,5.599502575758237,44.08000000000129,-82.63783837451433
4,352,645000,-21.131423950195312,2250,timeout,17.79494153400601,45.000000000001435,-89.88180829035527
4,353,645352,-18.322738647460938,2250,timeout,5.632658154127666,45.000000000001435,-92.28176802806259
4,354,647484,-16.094966888427734,2204,miss,7.231048128492547,44.08000000000129,-90.72196010042997
4,355,647564,125.5448226928711,1117,hit,3.1411424756214523,22.339999999999613,149.57994510118834
4,356,648464,132.78375244140625,866,hit,3.7600412268292804,17.31999999999972,159.8753587101724
4,357,651468,128.77236938476562,751,hit,3.195505631591729,15.019999999999769,154.70669453310623
4,358,654352,-19.70230484008789,2250,timeout,6.082958976745853,45.000000000001435,-86.27802042976911
4,359,656484,-24.524208068847656,2250,timeout,5.672454583195549,45.000000000001435,-95.53159385535439
4,360,656564,15.911140441894531,2250,timeout,5.942595217288351,45.000000000001435,-84.34512014548314
4,361,658396,130.40028381347656,1011,hit,3.730838141913643,20.219999999999658,154.4021966835444
4,362,659180,123.17555236816406,674,hit,2.6672294066353155,13.479999999999801,154.13924538100235
4,363,659656,128.48565673828125,773,hit,3.0781017459333606,15.45999999999976,159.72290831297917
4,364,660468,-31.802093505859375,2250,timeout,9.460918239783819,45.000000000001435,-88.29529519467175
4,365,663120,133.07904052734375,866,hit,3.2288954765635314,17.31999999999972,165.15326779894167
4,366,663180,130.53924560546875,1000,hit,1.6277829686394207,19.999999999999662,162.24228471959168
4,367,667396,2.4232330322265625,2250,timeout,5.084285547950174,45.000000000001435,-77.67205599603562
4,368,668540,132.45980834960938,1340,hit,3.1289588362020404,26.799999999999518,153.81109645432488
4,369,669468,-25.215999603271484,2250,timeout,6.6803508289428075,45.000000000001435,-97.70968227388629
4,370,672120,-10.301685333251953,2250,timeout,11.805112228734345,45.000000000001435,-80.05987614345146
4,371,672568,127.5641098022461,1007,hit,4.9779359854571705,20.13999999999966,152.95101177616436
4,372,674460,121.96531677246094,1248,hit,4.654507640819691,24.959999999999557,145.87059533522176
4,373,674820,-0.9482059478759766,1856,miss,8.164526164865396,37.1200000000002,-63.0592434862091
4,374,675980,132.8520965576172,853,hit,4.26189952859745,17.059999999999725,162.6339979663359
4,375,677356,122.20353698730469,634,hit,3.963318976286869,12.679999999999819,150.4395440337969
4,376,678500,129.5852508544922,1010,hit,4.226232260011433,20.19999999999966,161.99607386168947
4,377,680716,130.81629943847656,840,hit,2.4706604456631296,16.79999999999973,161.50335989359587
4,378,681120,-15.709049224853516,2250,timeout,5.942294347618541,45.000000000001435,-75.89021273712676
4,379,681356,127.05770874023438,1344,hit,3.4827422524347003,26.879999999999516,152.71992249843052
4,380,682824,132.02638244628906,1081,hit,4.037770131693577,21.619999999999628,155.41693738554517
4,381,684804,128.9890899658203,921,hit,4.740424007117667,18.419999999999696,156.91972019959357
4,382,685744,126.77339935302734,730,hit,4.865389288841511,14.599999999999778,158.23529730051484
4,383,689272,123.97615051269531,1117,hit,4.505139936522778,22.339999999999613,146.72232112317963
4,384,689716,3.3778457641601562,2250,timeout,9.650771462236301,45.000000000001435,-76.09379433232361
4,385,690356,-22.61754608154297,2250,timeout,7.3353870448885,45.000000000001435,-85.46120358886368
4,386,692532,131.0887908935547,815,hit,3.655773614890315,16.29999999999974,159.4098326248411
4,387,694436,123.8312759399414,1180,hit,3.9601305471390154,23.599999999999586,148.8862837589662
4,388,694744,-17.763687133789062,2250,timeout,5.702699720374283,45.000000000001435,-78.6312493942333
4,389,697668,128.4131317138672,731,hit,4.0786380407350675,14.619999999999777,158.1047196938909
4,390,698184,134.0018768310547,937,hit,4.85845094070585,18.73999999999969,164.10728403073904
4,391,699356,-27.719772338867188,2250,timeout,6.300534639423007,45.000000000001435,-81.2645038710586
4,392,701208,128.91099548339844,756,hit,4.656708758038884,15.119999999999767,154.09374955674974
4,393,701532,-28.281414031982422,2250,timeout,16.862292488355966,45.000000000001435,-88.56033159955204
4,394,702436,129.31951904296875,770,hit,4.326081525908163,15.39999999999976,154.07368101860638
4,395,704108,122.79971313476562,725,hit,4.497771011066235,14.49999999999978,151.2590202750694
4,396,706084,125.40180969238281,1138,hit,4.78100724774871,22.759999999999604,153.72059909716378
4,397,706640,-28.924060821533203,2243,miss,5.6972538074430865,44.86000000000141,-94.99661241037558
4,398,707488,126.2389144897461,1263,hit,3.225916033282439,25.25999999999955,149.93754222639157
4,399,708984,120.90019989013672,1219,hit,4.169091498198075,24.37999999999957,142.7743811279872
4,400,710432,123.89295196533203,1087,hit,3.614316502421457,21.739999999999625,148.02586153455735
4,401,710876,131.07090759277344,847,hit,3.413232344554256,16.939999999999728,157.67307438180913
4,402,715640,1.185455322265625,2250,timeout,15.187794010492052,45.000000000001435,-68.68578565384107
4,403,717736,-31.18315887451172,2188,miss,5.0630295115674775,43.76000000000124,-96.95208449454489
4,404,717932,2.4170494079589844,1764,miss,8.123135315608263,35.279999999999916,-60.63562313245874
4,405,718556,128.38131713867188,729,hit,2.658705909204934,14.579999999999778,154.84154221735102
4,406,719432,-24.738441467285156,2250,timeout,7.253918366270136,45.000000000001435,-81.7569007459426
4,407,723488,102.09442138671875,1233,hit,4.2076926807198465,24.659999999999563,146.25203860772484
4,408,725520,123.98274230957031,1522,hit,4.268380930110173,30.43999999999944,148.03595563328247
4,409,725648,-10.417613983154297,1978,miss,5.5373841966770945,39.560000000000585,-78.88658216483184
4,410,726356,126.42430877685547,717,hit,3.1662994457529563,14.339999999999783,155.5547577018895
4,411,726932,-49.407405853271484,2250,timeout,6.138838123825118,45.000000000001435,-85.75656533801583
4,412,728380,125.64784240722656,715,hit,2.771262112030747,14.299999999999784,156.553399877716
4,413,731712,128.77610778808594,1339,hit,3.505497137196785,26.779999999999518,157.79522900867727
4,414,734648,-37.833282470703125,2250,timeout,9.847520056501503,45.000000000001435,-102.63932483555865
4,415,735432,116.41517639160156,930,hit,3.9742542788900748,18.599999999999692,146.90673272640842
4,416,735932,-15.363082885742188,2250,timeout,8.516532768128497,45.000000000001435,-77.55242220976137
4,417,737380,-6.700412273406982,2250,timeout,14.663325103153209,45.000000000001435,-73.58893362757972
4,418,739524,132.2220458984375,898,hit,1.0812780807689433,17.959999999999706,157.21068605601695
4,419,740468,131.84063720703125,772,hit,4.8468294542604005,15.43999999999976,159.9685077186681
4,420,740960,127.38314819335938,1578,hit,3.1379117969622143,31.559999999999416,153.34318282742004
4,421,742668,2.493743896484375,1809,miss,8.836673571404082,36.18000000000006,-59.78166811560358
4,422,743668,122.45079040527344,800,hit,4.616470166329141,15.999999999999748,148.90522797282406
4,423,744800,125.06509399414062,1319,hit,4.614271840778595,26.379999999999526,146.21376673254622
4,424,747112,134.34181213378906,861,hit,3.535011394429207,17.21999999999972,160.73623353979897
4,425,749960,-2.7400035858154297,2250,timeout,8.918766360441117,45.000000000001435,-80.36735473198667
4,426,750376,98.27466583251953,1927,hit,4.872003544474152,38.540000000000425,128.4027149818807
4,427,751152,130.71762084960938,1588,hit,3.3151209256213243,31.759999999999412,153.97806941376257
4,428,752720,125.85285949707031,690,hit,3.7404099944978118,13.799999999999795,151.95845109567708
4,429,753308,128.53211975097656,733,hit,1.1659653048858267,14.659999999999776,158.46968800883258
4,430,756112,-35.366493225097656,2250,timeout,12.292531560920684,45.000000000001435,-72.61537302511124
4,431,756124,134.27645874023438,851,hit,3.207195750312002,17.019999999999726,159.40656138146784
4,432,756748,132.40956115722656,860,hit,2.3678055082497185,17.199999999999722,158.2984234527436
4,433,759304,129.82199096679688,795,hit,2.4381903530528386,15.89999999999975,160.64901939634822
4,434,759412,124.0684585571289,666,hit,3.2204284572582784,13.319999999999805,150.3367472078894
4,435,759836,133.14393615722656,931,hit,3.6052917390010397,18.619999999999692,164.16104613164018
4,436,760152,-27.861774444580078,2250,timeout,6.542026670471282,45.000000000001435,-97.91529911706915
4,437,762948,133.71316528320312,884,hit,3.945314369421144,17.679999999999712,163.9772335625753
4,438,763032,126.52583312988281,932,hit,2.998610461819415,18.63999999999969,149.4183621807329
4,439,763068,130.55087280273438,808,hit,1.983872317279612,16.159999999999744,158.74083991676207
4,440,763248,129.2801513671875,774,hit,3.4972496773782606,15.479999999999759,154.1776375270578
4,441,766168,128.65106201171875,805,hit,4.142181198596193,16.099999999999746,160.08841024815368
4,442,766276,124.15864562988281,802,hit,3.400702088864679,16.039999999999747,150.9972111095948
4,443,766600,133.21554565429688,892,hit,4.9187243327563195,17.83999999999971,159.58405704010795
4,444,768420,102.37101745605469,1293,hit,4.955779491676337,25.859999999999538,146.9312215103584
4,445,768912,123.33261108398438,659,hit,4.705367657875219,13.179999999999808,151.3300566071897
4,446,771740,131.39137268066406,830,hit,2.4223381478435027,16.599999999999735,153.99358810084303
4,447,775168,-25.460250854492188,2250,timeout,11.058411911274735,45.000000000001435,-84.92831995667852
4,448,775600,-25.63805389404297,2250,timeout,5.602905562233077,45.000000000001435,-76.84886575775663
4,449,775696,17.771766662597656,1696,miss,8.677232906337537,33.9199999999997,-51.178667624812874
4,450,778920,131.55123901367188,830,hit,2.641682355424419,16.599999999999735,159.53069582195576
4,451,779188,98.45140075683594,1862,hit,4.030231110201369,37.24000000000022,133.7312023842705
4,452,779920,127.45372009277344,1188,hit,4.855436161549787,23.759999999999582,151.2420182719325
4,453,783552,-15.940433502197266,1964,miss,5.901092213734378,39.28000000000054,-90.51630166135331
4,454,785064,129.49249267578125,1536,hit,4.944233658143565,30.719999999999434,154.30622830639314
4,455,788188,-14.078506469726562,2250,timeout,7.368188951111891,45.000000000001435,-71.57487965420759
4,456,788920,-24.284812927246094,2250,timeout,9.500097875390331,45.000000000001435,-102.60309179548425
4,457,792164,132.30198669433594,811,hit,3.6710654620141234,16.219999999999743,160.2897582589055
4,458,792552,-15.750816345214844,2250,timeout,5.507719018613518,45.000000000001435,-86.10758410690971
4,459,794064,-16.00304412841797,2250,timeout,8.504928226200033,45.000000000001435,-77.14617991833249
4,460,795740,131.6612091064453,797,hit,3.758040517825816,15.939999999999749,157.4663775506956
4,461,796472,119.49876403808594,1077,hit,4.615675282117835,21.53999999999963,148.08975264299528
4,462,797188,-25.420909881591797,2250,timeout,5.266373314206774,45.000000000001435,-90.73891910126918
4,463,798052,128.16024780273438,997,hit,3.1279234734913097,19.939999999999664,154.66455288558117
4,464,799300,128.24871826171875,707,hit,4.739328687479529,14.139999999999787,155.53354157609897
4,465,802304,120.94624328613281,751,hit,4.901297587121599,15.019999999999769,151.47391283145512
4,466,804740,-25.90929412841797,2250,timeout,5.0413302431641815,45.000000000001435,-109.59462765824135
4,467,805472,-39.11445999145508,2071,miss,9.896616362595177,41.420000000000876,-94.1602839840809
4,468,807052,8.372222900390625,2250,timeout,5.050108895341642,45.000000000001435,-67.75000623938917
4,469,808188,133.09613037109375,862,hit,4.568617016500998,17.23999999999972,158.77302775303917
4,470,810920,126.08968353271484,683,hit,2.508102907714681,13.659999999999798,152.21715057159423
4,471,810932,-14.430740356445312,2157,miss,11.0719039875034,43.140000000001145,-78.66440225979348
4,472,811148,125.33767700195312,1024,hit,4.859870046326159,20.479999999999652,155.42122468842933
4,473,814472,8.326414108276367,2250,timeout,7.409530919220632,45.000000000001435,-78.44398251656425
4,474,818328,128.30380249023438,1795,hit,3.0009384004450492,35.90000000000001,152.82852189996487
4,475,818328,134.2574462890625,964,hit,3.6593711040662336,19.279999999999678,164.45361581193868
5,476,822156,128.40013122558594,739,hit,1.7817670389265554,14.779999999999774,159.515414193702
5,477,822804,133.20132446289062,901,hit,3.9220559168739606,18.019999999999705,164.69321133715758
5,478,823852,132.7279815673828,1163,hit,4.236109409208735,23.259999999999593,152.31286429909179
5,479,825760,128.31936645507812,739,hit,4.767946954149212,14.779999999999774,154.74212706843758
5,480,826676,125.34864807128906,706,hit,4.272857127879799,14.119999999999788,151.52842522967313
5,481,828200,-32.810386657714844,2250,timeout,5.5013760245965395,45.000000000001435,-77.44472203299838
5,482,830124,2.267152786254883,1992,miss,6.766604666748411,39.84000000000063,-62.95535991359746
5,483,832064,132.6539306640625,966,hit,3.5647103865331,19.319999999999677,158.66005879499215
5,484,834760,-25.77954864501953,2250,timeout,10.952297813302081,45.000000000001435,-89.98389524613076
5,485,835676,8.008321762084961,2250,timeout,6.5118327125763615,45.000000000001435,-72.15856721567867
5,486,837456,132.8157501220703,1348,hit,2.8641677338405636,26.959999999999514,156.68564169873193
5,487,839124,14.880912780761719,2250,timeout,8.78903710614517,45.000000000001435,-75.42930638547777
5,488,840384,125.4998779296875,1177,hit,3.6765203725774405,23.539999999999587,147.08470725911502
5,489,841732,108.42376708984375,1743,hit,1.9095982204016082,34.85999999999985,151.696797523165
5,490,842164,130.60150146484375,1177,hit,4.779123182788443,23.539999999999587,154.77069056587007
5,491,842548,128.70782470703125,856,hit,4.585333107335344,17.119999999999724,151.82232696578023
5,492,845104,125.36018371582031,735,hit,3.86589138824377,14.699999999999775,152.7016421609839
5,493,845284,114.48987579345703,888,hit,4.185339518137033,17.75999999999971,148.83885295101544
5,494,848340,121.52175903320312,764,hit,4.086579576554612,15.279999999999763,150.58425292870382
5,495,848748,130.28045654296875,1550,hit,4.1772726923808055,30.999999999999428,151.4312361422471
5,496,849384,-16.57147216796875,2250,timeout,5.07502669216574,45.000000000001435,-102.08971423112628
5,497,851032,123.22152709960938,673,hit,3.1246078976426728,13.459999999999802,154.78128319738767
5,498,851576,123.29669189453125,707,hit,3.956368218029732,14.139999999999787,153.8279803488055
5,499,854104,-41.511409759521484,2250,timeout,12.81019782516703,45.000000000001435,-82.94719915749513
5,500,854588,129.11123657226562,753,hit,2.8445666700915084,15.059999999999768,156.82465082919938
5,501,856600,121.69952392578125,1392,hit,3.5220096390364364,27.839999999999495,146.59898845782783
5,502,857584,134.32098388671875,870,hit,4.71207373678758,17.399999999999718,159.34292133140718
5,503,857776,126.54255676269531,797,hit,2.257301967622386,15.939999999999749,152.6190193926394
5,504,858384,-2.5142860412597656,2250,timeout,8.732832993056839,45.000000000001435,-74.27506347897074
5,505,862724,130.727783203125,1237,hit,3.9307547765824977,24.73999999999956,159.94738358973552
5,506,862944,115.30135345458984,1340,hit,3.954233627644011,26.799999999999518,141.67944192504393
5,507,863224,126.22982788085938,1210,hit,2.447347071207475,24.199999999999573,150.85173720631903
5,508,865600,-11.943916320800781,2250,timeout,5.292482511778986,45.000000000001435,-76.22053652448375
5,509,865928,130.70431518554688,801,hit,3.0681633307801324,16.019999999999747,156.31450989941305
5,510,867808,129.21279907226562,1216,hit,3.906758418726922,24.31999999999957,152.96725931083313
5,511,869120,135.71978759765625,880,hit,3.3629649443764618,17.599999999999714,162.3698513073971
5,512,871184,127.78172302246094,844,hit,4.8314315028404495,16.87999999999973,153.2268310002001
5,513,871900,126.14369201660156,695,hit,4.505170568309685,13.899999999999793,150.17136773199653
5,514,872064,-0.9792289733886719,2210,miss,6.841729245082387,44.20000000000131,-81.14456795125899
5,515,873832,-10.881050109863281,1976,miss,10.118423847357072,39.52000000000058,-80.18235620557311
5,516,875240,133.79446411132812,835,hit,1.6817838116020525,16.699999999999733,163.55292207877793
5,517,875304,132.50146484375,810,hit,3.882174299904191,16.199999999999743,159.12166312399168
5,518,876676,126.74383544921875,711,hit,1.7626752087368356,14.219999999999786,156.50169307417576
5,519,876700,133.2216796875,1379,hit,4.8978369821043595,27.5799999999995,158.87803314385081
5,520,879448,124.92534637451172,1052,hit,4.174196992889657,21.03999999999964,152.00921900258328
5,521,879592,129.11782836914062,729,hit,4.016879354411697,14.579999999999778,151.0398989503783
5,522,880300,120.32170867919922,900,hit,2.920064171939026,17.999999999999705,147.49789974465574
5,523,882480,119.30706024169922,758,hit,4.3803369994950465,15.159999999999766,152.57649135398913
5,524,884304,-38.24705123901367,2250,timeout,5.184339952430583,45.000000000001435,-82.84088530774952
5,525,886900,125.6343994140625,649,hit,4.416358867913738,12.979999999999812,153.6937706428697
5,526,887920,122.57426452636719,1360,hit,3.9844969652331415,27.19999999999951,143.93710335543733
5,527,888592,-15.452156066894531,2250,timeout,5.643437477748004,45.000000000001435,-107.98654346228408
5,528,889264,2.2996139526367188,2241,miss,5.082212992581822,44.82000000000141,-77.82887783346717
5,529,891616,125.87694549560547,1179,hit,4.833427226054173,23.579999999999586,146.6631520437418
5,530,892992,129.75738525390625,1100,hit,4.114328490077416,21.99999999999962,154.1947284673847
5,531,894676,131.37225341796875,765,hit,1.7222593418788796,15.299999999999763,157.5880444441313
5,532,896920,17.733705520629883,2250,timeout,5.032912079999899,45.000000000001435,-72.11390449813362
5,533,898264,-10.32296371459961,2250,timeout,7.330543141189195,45.000000000001435,-80.56630218146475
5,534,901464,124.88703155517578,1136,hit,3.7418834700397667,22.719999999999605,151.60589460448693
5,535,901764,133.12989807128906,875,hit,2.5448301736565804,17.499999999999716,158.95342027657728
5,536,901992,17.910968780517578,2250,timeout,7.873750645389584,45.000000000001435,-81.0408856999265
5,537,903560,-7.980415344238281,2221,miss,5.161633725855543,44.420000000001345,-96.65405711704294
5,538,905380,133.35617065429688,904,hit,3.6538344116568204,18.079999999999703,161.1558478502829
5,539,910464,4.123161315917969,2250,timeout,7.0570877063746895,45.000000000001435,-69.51036987958048
5,540,910992,17.38007354736328,2250,timeout,5.976161381759734,45.000000000001435,-65.30774746656341
5,541,912560,-20.345155715942383,2250,timeout,5.766072321437673,45.000000000001435,-79.2919945875829
5,542,914380,-3.2954483032226562,2250,timeout,6.214619038512787,45.000000000001435,-91.61718933264969
5,543,916664,97.67253875732422,1550,hit,2.27204788442659,30.999999999999428,148.3219873712669
5,544,919500,-16.590927124023438,2127,miss,14.744481312358833,42.54000000000105,-91.67775672895192
5,545,920536,118.35606384277344,968,hit,1.9967466981232633,19.359999999999676,145.79901718777228
5,546,921560,-29.089202880859375,2250,timeout,5.849019201502606,45.000000000001435,-91.75181951080742
5,547,923016,130.0831756591797,879,hit,4.366590350000741,17.579999999999714,156.72762860976417
5,548,923380,2.3154029846191406,2250,timeout,13.770996512868555,45.000000000001435,-76.02930739726496
5,549,924340,126.1460189819336,695,hit,4.812375637261402,13.899999999999793,156.05927484409307
5,550,927700,120.76661682128906,840,hit,2.988420919627376,16.79999999999973,151.39195895808987
5,551,928344,131.1390838623047,1241,hit,4.955356814890894,24.81999999999956,159.86109131729435
5,552,929536,-43.512969970703125,2250,timeout,10.671649570642819,45.000000000001435,-89.62804639341957
5,553,930704,126.05038452148438,751,hit,3.675011905199215,15.019999999999769,152.04294262183885
5,554,932016,-9.378917694091797,2250,timeout,6.1023464342206974,45.000000000001435,-80.34040296519814
5,555,933620,129.16329956054688,729,hit,2.1390918516853294,14.579999999999778,155.61152136486294
5,556,934656,128.683837890625,1280,hit,3.9087227906732696,25.599999999999543,153.23924171455457
5,557,937344,-23.44614028930664,2250,timeout,5.307224145898279,45.000000000001435,-87.40336682276651
5,558,940156,126.23849487304688,703,hit,4.5527881112957775,14.059999999999789,151.8690209250558
5,559,941016,-10.983707427978516,2250,timeout,11.72344297345901,45.000000000001435,-70.74477780461922
5,560,941244,-13.774787902832031,1906,miss,7.125733761625793,38.12000000000036,-74.7702420315583
5,561,942600,91.663818359375,1986,hit,2.03967773936664,39.72000000000061,138.81354793813884
5,562,943208,128.72659301757812,763,hit,4.589058704610989,15.259999999999764,155.86800105064083
5,563,944140,129.1165771484375,724,hit,3.6140368243091987,14.47999999999978,156.8001587304729
5,564,945560,129.7321319580078,1136,hit,3.031326649546835,22.719999999999605,157.77619244147553
5,565,946056,125.55284118652344,712,hit,4.506300228216263,14.239999999999785,154.58414007793044
5,566,947192,130.81362915039062,763,hit,3.965197104236576,15.259999999999764,158.34344266347645
5,567,948704,124.57288360595703,1526,hit,3.855351578852717,30.51999999999944,145.31876157491072
5,568,949312,128.12130737304688,814,hit,2.9386848542478448,16.279999999999742,155.65718619910118
5,569,950088,127.59703826904297,724,hit,4.06841912341932,14.47999999999978,150.6759692357599
5,570,952956,134.21861267089844,911,hit,1.242569192273885,18.2199999999997,164.80689496866148
5,571,954560,-26.127243041992188,2250,timeout,5.030934377123117,45.000000000001435,-103.81160350100079
5,572,957188,123.61572265625,657,hit,4.87987845756415,13.139999999999809,153.0916411868469
5,573,957704,-33.032073974609375,2250,timeout,10.124969173735096,45.000000000001435,-63.34024859198476
5,574,958268,127.90274810791016,1328,hit,4.299369620708124,26.559999999999523,159.19468238237326
5,575,958996,-11.891647338867188,2227,miss,9.382482705436146,44.54000000000136,-104.12237049842176
5,576,961744,132.1704559326172,869,hit,4.453924823849501,17.37999999999972,166.3560375169519
5,577,963896,128.88369750976562,1225,hit,4.694309898845476,24.499999999999567,156.60915334202173
5,578,966188,-16.104251861572266,2250,timeout,9.28749990235738,45.000000000001435,-84.50280457437842
5,579,966492,-20.097820281982422,2197,miss,15.86874927336786,43.94000000000127,-82.35636166322006
5,580,966852,128.0825653076172,1277,hit,3.390168065873853,25.539999999999544,150.06580035478174
5,581,969756,128.6103057861328,1465,hit,4.056051624582337,29.299999999999464,150.72197500527759
5,582,974956,127.69146728515625,1300,hit,4.790939848567517,25.999999999999535,148.37188004578965
5,583,975188,-30.14112091064453,2250,timeout,6.671161776567916,45.000000000001435,-103.39103481598745
5,584,975492,-32.69375991821289,2250,timeout,6.0526795453971065,45.000000000001435,-98.54880334801864
5,585,975852,-43.578922271728516,2250,timeout,5.22588546631192,45.000000000001435,-87.88934550230591
5,586,977976,125.3532485961914,697,hit,3.795010470212484,13.939999999999792,155.6502396835891
5,587,978300,127.74861907958984,836,hit,2.992036796861262,16.719999999999732,156.8444277209262
5,588,978628,127.4473876953125,694,hit,3.1589170348393254,13.879999999999793,150.15348085244955
5,589,978632,130.64224243164062,785,hit,4.451745325970153,15.699999999999754,158.1201427437826
5,590,981048,129.32261657714844,768,hit,4.590410172912269,15.359999999999761,153.7870417358105
5,591,982596,114.37615203857422,1074,hit,3.598301793564485,21.47999999999963,143.79032598353086
5,592,983988,118.18004608154297,735,hit,4.517359447512864,14.699999999999775,148.7882476102149
5,593,984156,132.26136779785156,1382,hit,3.71671208187798,27.6399999999995,156.32432169903623
5,594,987632,-9.842153549194336,2250,timeout,13.317502021505883,45.000000000001435,-79.98572316127701
5,595,989468,131.93515014648438,1328,hit,2.341543159889966,26.559999999999523,154.8700843104103
5,596,991596,-10.982025146484375,2250,timeout,6.360205833609457,45.000000000001435,-95.47789073955397
5,597,992456,1.3462448120117188,2117,miss,7.750929532752283,42.34000000000102,-74.15752664788019
5,598,995124,130.48013305664062,882,hit,4.46164006354997,17.639999999999713,156.0001808621866
5,599,995840,133.3707733154297,846,hit,2.4545301439445955,16.919999999999728,161.7789410356942
5,600,996632,-10.093345642089844,2250,timeout,10.41253438196131,45.000000000001435,-97.42988537784449
5,601,998468,-17.067047119140625,2250,timeout,7.5558394331021,45.000000000001435,-70.01772739613725
5,602,998980,131.27984619140625,785,hit,2.982580699441851,15.699999999999754,154.66190535525436
5,603,1001264,132.09646606445312,1535,hit,3.8374778172264437,30.699999999999434,154.92229207805286
5,604,1001824,131.27198791503906,839,hit,4.870397587349016,16.77999999999973,163.6588078162243
5,605,1002024,128.16868591308594,1348,hit,3.214953144773307,26.959999999999514,154.72974877056149
5,606,1003932,124.34898376464844,667,hit,3.5582124938170545,13.339999999999804,155.153073832804
5,607,1004044,132.03570556640625,1266,hit,3.8852076705418788,25.31999999999955,150.38902102536204
5,608,1005976,132.37657165527344,988,hit,3.5618729560646982,19.759999999999668,165.49403538888424
5,609,1006872,125.89564514160156,735,hit,3.8978947409302216,14.699999999999775,155.8124058657572
5,610,1008772,122.27713775634766,699,hit,4.301534831767359,13.97999999999979,154.48031452077043
5,611,1010824,-49.153587341308594,2250,timeout,6.951767094312131,45.000000000001435,-72.44582018732461
5,612,1011292,-14.891311645507812,1812,miss,5.66389650089014,36.240000000000066,-81.09105589469529
5,613,1012780,134.29153442382812,1002,hit,4.275811956942385,20.03999999999966,164.32085450253248
5,614,1012968,129.4315643310547,1524,hit,4.443975924119328,30.47999999999944,156.71102449386643
5,615,1013668,127.30291748046875,711,hit,4.496978103159273,14.219999999999786,152.79291022699053
5,616,1014924,134.39523315429688,908,hit,2.9304056943415415,18.1599999999997,159.57065366044256
5,617,1016060,116.79751586914062,820,hit,3.84046426634849,16.39999999999974,150.54321378735418
5,618,1016748,132.05227661132812,770,hit,1.7503431230336715,15.39999999999976,158.29712210060933
5,619,1018068,131.29025268554688,786,hit,4.226745871521443,15.719999999999754,157.01879145792964
5,620,1020088,132.5082244873047,835,hit,4.082198261487844,16.699999999999733,162.31970323087336
5,621,1021296,122.2403564453125,807,hit,3.7465868511417324,16.139999999999745,150.24220045329918
5,622,1021968,11.862525939941406,2250,timeout,5.163252697269517,45.000000000001435,-75.63174124890071
6,623,1028452,132.25279235839844,1113,hit,3.8435258858423853,22.259999999999614,163.32004229567508
6,624,1028576,125.24150848388672,1144,hit,4.6378782056389465,22.8799999999996,146.79970851408686
6,625,1029336,128.00411987304688,1334,hit,4.138456019593051,26.67999999999952,149.98426307128153
6,626,1031508,129.58062744140625,733,hit,2.3978337844189777,14.659999999999776,156.708707819685
6,627,1033000,-26.765411376953125,2250,timeout,9.865194382647678,45.000000000001435,-96.66328147967906
6,628,1034692,19.187576293945312,1560,miss,333.0926801915734,31.199999999999424,-46.152623590818465
6,629,1035956,128.9026336669922,739,hit,1.9913402190693201,14.779999999999774,157.5828351661787
6,630,1036220,3.657257080078125,1721,miss,5.76304907801257,34.41999999999978,-82.82379040214241
6,631,1036748,126.92568969726562,1310,hit,4.9483700386886635,26.19999999999953,157.82412825106502
6,632,1040532,112.56192779541016,946,hit,4.986146917403741,18.919999999999686,147.9300924250499
6,633,1043492,95.08502197265625,1884,hit,3.382540875371883,37.68000000000029,143.52409033988243
6,634,1043692,13.927318572998047,2250,timeout,12.12857599316567,45.000000000001435,-68.38028813359973
6,635,1045220,-7.5358428955078125,2250,timeout,7.58246620967479,45.000000000001435,-96.97113474520948
6,636,1047028,134.52845764160156,884,hit,4.854871112955121,17.679999999999712,163.30055886316842
6,637,1049532,-11.65340805053711,2250,timeout,11.147533225211017,45.000000000001435,-110.67894719564086
6,638,1049680,129.138427734375,1115,hit,3.02931257621663,22.299999999999613,154.2609605625861
6,639,1051648,125.78223419189453,1155,hit,3.513168670466091,23.099999999999596,147.68988103472427
6,640,1052692,17.85135841369629,2250,timeout,5.393733423895332,45.000000000001435,-67.2984134689768
6,641,1052864,132.40264892578125,796,hit,4.478314527591261,15.91999999999975,158.13892123183217
6,642,1055124,134.88473510742188,869,hit,4.436289796424675,17.37999999999972,162.70445255707574
6,643,1055788,129.4420166015625,774,hit,4.798035872106047,15.479999999999759,155.07235956328017
6,644,1056000,128.7530059814453,784,hit,4.481102159135312,15.679999999999755,155.60512262686225
6,645,1058532,-6.134223937988281,2250,timeout,6.727049826760684,45.000000000001435,-111.41207325266473
6,646,1062088,-3.13427734375,1522,miss,6.706036545509832,30.43999999999944,-76.62903248875143
6,647,1064124,-43.88390350341797,2250,timeout,7.551898253309319,45.000000000001435,-84.03843195058472
6,648,1064788,-51.809749603271484,2250,timeout,6.652066044045962,45.000000000001435,-124.0548605059241
6,649,1064940,133.3619842529297,1602,hit,2.5655210487309983,32.03999999999941,156.17236751193678
6,650,1065000,128.09225463867188,728,hit,4.778486333361729,14.559999999999778,154.36794081427416
6,651,1068140,132.64796447753906,800,hit,3.255166096824066,15.999999999999748,162.10270515425304
6,652,1068716,135.6055908203125,929,hit,3.488605915356022,18.579999999999693,164.52846445860064
6,653,1068920,128.056640625,1199,hit,4.477737656200498,23.979999999999578,155.91128607266847
6,654,1071704,134.6166229248047,891,hit,2.6924738132327177,17.81999999999971,167.05806433223168
6,655,1073788,-36.81901168823242,2250,timeout,6.08490289475124,45.000000000001435,-101.93970857858204
6,656,1074928,132.86648559570312,806,hit,2.0216089611383286,16.119999999999745,158.15597541879401
6,657,1077404,136.73561096191406,904,hit,2.397703797052742,18.079999999999703,166.81050253630252
6,658,1077656,127.85731506347656,682,hit,4.672000828145961,13.639999999999798,153.7114867047644
6,659,1077668,-20.206890106201172,2187,miss,13.565763325361901,43.74000000000124,-108.34389753306598
6,660,1077716,-43.05529022216797,2250,timeout,6.183737189568226,45.000000000001435,-87.65678290660142
6,661,1080624,128.8260040283203,805,hit,3.5726556244052223,16.099999999999746,160.8938195495619
6,662,1083616,134.31871032714844,1490,hit,3.3095449316229257,29.799999999999454,157.19113543258288
6,663,1086668,-28.98611831665039,2250,timeout,6.496083666978123,45.000000000001435,-112.41176470280337
6,664,1086716,-24.883867263793945,2250,timeout,6.034501426219219,45.000000000001435,-61.14444664592917
6,665,1089624,-21.937496185302734,2250,timeout,5.371429644005958,45.000000000001435,-109.99104020135593
6,666,1089736,130.69357299804688,767,hit,2.141116369258304,15.339999999999762,159.48742963700886
6,667,1090448,134.80999755859375,933,hit,4.700929834999849,18.65999999999969,163.04835553253906
6,668,1092220,-25.479995727539062,2151,miss,7.2284922541648475,43.020000000001126,-113.27807706417175
6,669,1093040,118.07034301757812,648,hit,3.8622026429410803,12.959999999999813,153.67169945999132
6,670,1093792,113.2315444946289,1042,hit,4.140384343526386,20.839999999999645,145.64882778037742
6,671,1098736,17.103713989257812,2250,timeout,7.232679016604905,45.000000000001435,-82.28249073922538
6,672,1099224,132.59109497070312,1358,hit,3.1729954054399214,27.15999999999951,156.93930618620786
6,673,1101220,-5.626625061035156,2250,timeout,6.289341132130494,45.000000000001435,-91.43663709559796
6,674,1102040,-10.16672134399414,2250,timeout,5.190028006853078,45.000000000001435,-78.71391320786967
6,675,1103572,130.09732055664062,1209,hit,3.585872607725553,24.179999999999573,149.86341063327689
6,676,1106872,128.79627990722656,825,hit,4.93631482768549,16.499999999999737,159.0215501127485
6,677,1108224,-56.06669998168945,2250,timeout,19.556782691073252,45.000000000001435,-121.95916008095978
6,678,1109816,-24.372020721435547,2149,miss,13.03053545353677,42.98000000000112,-77.75790156764604
6,679,1111040,5.279026031494141,2250,timeout,7.634012867341676,45.000000000001435,-81.03273032301007
6,680,1113900,130.81385803222656,715,hit,3.5308668629329873,14.299999999999784,158.0130215144674
6,681,1115872,-0.4932537078857422,2250,timeout,5.068219738556409,45.000000000001435,-78.57163405040558
6,682,1117156,134.8511962890625,814,hit,2.4170634388595063,16.279999999999742,161.91712539350704
6,683,1117224,-24.955944061279297,2250,timeout,5.445335435956313,45.000000000001435,-106.06588658820397
6,684,1118816,-10.323648452758789,2250,timeout,9.267019576236923,45.000000000001435,-72.09990380919373
6,685,1120236,130.94984436035156,753,hit,3.4959016454556617,15.059999999999768,161.02975213707154
6,686,1120728,132.5998992919922,1214,hit,3.4786089700007534,24.27999999999957,157.15317070971247
6,687,1121948,128.9705352783203,783,hit,3.2832884166601026,15.659999999999755,160.4822208960868
6,688,1123812,130.3952178955078,771,hit,3.832191950484816,15.41999999999976,160.1962453703871
6,689,1125464,132.24673461914062,1307,hit,3.554268276772104,26.13999999999953,161.23137144128953
6,690,1126148,117.6717529296875,1050,hit,4.795236629374352,20.99999999999964,146.4155867270073
6,691,1126156,-6.259803771972656,2250,timeout,8.451943361676301,45.000000000001435,-71.35058946136535
6,692,1127124,134.77340698242188,828,hit,1.5778780244058064,16.559999999999736,164.53449423457045
6,693,1131588,131.0278778076172,1116,hit,4.376820275050821,22.319999999999613,151.47421246496236
6,694,1132984,128.33689880371094,1709,hit,3.2305978365951424,34.179999999999744,152.9234697218081
6,695,1133968,-5.054473876953125,2126,miss,13.005770466645226,42.52000000000105,-96.58477067912739
6,696,1135036,-2.963054656982422,2220,miss,5.6623674041237875,44.40000000000134,-81.44991261178393
6,697,1135080,134.3095703125,873,hit,4.838947386347675,17.459999999999717,161.12137420273206
6,698,1135684,120.89136505126953,675,hit,2.8335823609000843,13.499999999999801,151.22976824456802
6,699,1136924,129.04176330566406,739,hit,4.886660590727762,14.779999999999774,158.46621449573817
6,700,1138996,126.10574340820312,979,hit,3.705047198039871,19.57999999999967,157.48553606208316
6,701,1139668,130.41302490234375,996,hit,4.574577249172258,19.919999999999664,157.64897099278895
6,702,1140508,125.65794372558594,896,hit,4.360690878094493,17.919999999999707,154.57553597231413
6,703,1141752,127.10342407226562,689,hit,4.553441894594251,13.779999999999795,150.89703903110527
6,704,1142792,133.2276611328125,781,hit,4.933442570540198,15.619999999999756,158.14479727623717
6,705,1144036,0.7848663330078125,2250,timeout,5.278700808308094,45.000000000001435,-73.06942739782474
6,706,1145864,128.5998992919922,768,hit,4.9254000979008765,15.359999999999761,154.90649771791027
6,707,1147604,2.2484054565429688,1774,miss,5.64140127055447,35.47999999999995,-92.18380328428688
6,708,1147796,133.5966339111328,940,hit,1.7100859380990319,18.799999999999688,165.98086037263528
6,709,1149500,136.5877685546875,909,hit,3.3853687288400933,18.1799999999997,164.88027443657478
6,710,1150596,131.0376739501953,748,hit,2.6940485583668377,14.95999999999977,153.64452488869054
6,711,1150752,-4.714977264404297,2250,timeout,8.435937706554967,45.000000000001435,-64.77027818118444
6,712,1152104,127.75788879394531,1077,hit,2.868977459094829,21.53999999999963,156.05164941035127
6,713,1155868,131.7738800048828,1318,hit,4.760669421575266,26.359999999999527,159.03623960257227
6,714,1155900,134.2998809814453,949,hit,1.5863521887824077,18.979999999999684,164.24813984388942
6,715,1156160,131.50454711914062,1352,hit,4.0296588862727365,27.039999999999512,158.16633863197524
6,716,1156848,2.9618453979492188,1837,miss,12.751770641515767,36.740000000000144,-67.98818116643375
6,717,1160012,135.2806396484375,1036,hit,4.853979663564453,20.719999999999647,165.25590452329283
6,718,1160692,122.80206298828125,961,hit,3.3279480004826962,19.21999999999968,147.30420625630197
6,719,1161036,131.61672973632812,1219,hit,2.324091934493079,24.37999999999957,153.15928108057096
6,720,1161488,131.3391571044922,1397,hit,4.164556375520736,27.939999999999493,157.0513674550461
6,721,1163784,130.12257385253906,943,hit,3.7286056507260312,18.859999999999687,155.15948068481643
6,722,1164076,132.62806701660156,846,hit,4.242892330887268,16.919999999999728,159.77559759880944
6,723,1167340,133.109130859375,816,hit,4.1870528968844996,16.31999999999974,160.2249028909934
6,724,1169676,1.2804412841796875,2160,miss,6.36575444835966,43.200000000001154,-113.00515500174761
6,725,1170436,0.189605712890625,2237,miss,8.05753632828556,44.740000000001395,-102.50018690420256
6,726,1170952,133.39923095703125,903,hit,2.9456502772181796,18.059999999999704,161.97712714374194
6,727,1172684,2.3147621154785156,2225,miss,6.137230677293757,44.50000000000136,-87.18616336532985
6,728,1173568,133.20660400390625,783,hit,2.7789348821129627,15.659999999999755,161.45629059559616
6,729,1173736,128.7955322265625,1015,hit,3.9469747385082403,20.299999999999656,150.18055749022494
6,730,1174180,130.16583251953125,807,hit,4.351558297036031,16.139999999999745,163.1906410706673
6,731,1176764,128.24090576171875,799,hit,4.277087576727102,15.979999999999748,153.07300557807204
6,732,1178688,128.08444213867188,1501,hit,3.4295356192772615,30.01999999999945,152.8995257764395
6,733,1178960,133.12928771972656,1306,hit,2.8581251603972864,26.119999999999532,160.8173949706827
6,734,1179332,122.53248596191406,1288,hit,2.2423380523146297,25.75999999999954,148.21075195848633
6,735,1181096,130.7597198486328,1083,hit,3.16152141307664,21.659999999999627,155.59506644074702
6,736,1181620,128.47647094726562,733,hit,4.383053129221833,14.659999999999776,158.23943041273446
6,737,1184992,132.72686767578125,974,hit,4.620037252208917,19.479999999999674,157.34842499666087
6,738,1187960,-31.603069305419922,2250,timeout,18.881731980394296,45.000000000001435,-87.94371650469249
6,739,1188332,-19.259037017822266,2250,timeout,9.3275597682927,45.000000000001435,-80.76895402959977
6,740,1188628,132.34727478027344,909,hit,2.8998019827164248,18.1799999999997,162.74798163796837
6,741,1190620,5.137113571166992,2250,timeout,7.090672622064173,45.000000000001435,-73.2971098613709
6,742,1192720,132.0061798095703,1190,hit,4.030216005316149,23.79999999999958,155.55849360814193
6,743,1195224,122.01609802246094,1151,hit,4.950035896732646,23.019999999999598,144.9910935789961
6,744,1197332,-27.509063720703125,2250,timeout,10.83428697304767,45.000000000001435,-75.40989501220979
6,745,1197628,-20.86221694946289,2250,timeout,10.161106578751474,45.000000000001435,-80.3219393625266
6,746,1200344,127.4259262084961,679,hit,3.7237348039886937,13.5799999999998,156.02488140178806
6,747,1201284,131.81671142578125,988,hit,4.0767877441921785,19.759999999999668,157.4523467762176
6,748,1201720,-33.54074478149414,2250,timeout,5.050781681867761,45.000000000001435,-94.53263561724104
6,749,1204224,-51.202362060546875,2250,timeout,9.404441637791761,45.000000000001435,-96.74707727033626
6,750,1204264,128.26649475097656,745,hit,3.6039482192350745,14.899999999999771,156.20105123709322
6,751,1208420,128.37921142578125,1039,hit,3.1341962486408135,20.779999999999646,152.05031629906117
6,752,1209344,-46.14044189453125,2250,timeout,11.51980140310601,45.000000000001435,-62.26122069666828
6,753,1209716,128.63665771484375,1373,hit,3.1696097316787695,27.459999999999503,156.55887671765066
6,754,1210720,17.787641525268555,2250,timeout,5.8700737040694735,45.000000000001435,-72.95485038537933
6,755,1212688,131.2626495361328,836,hit,2.968729463234778,16.719999999999732,163.04945448212808
6,756,1212760,130.6211395263672,761,hit,3.843448418067376,15.219999999999764,160.05881439081574
6,757,1213320,122.72819519042969,650,hit,3.922233411712315,12.999999999999812,152.2588167114169
6,758,1216544,136.1436309814453,964,hit,2.3475100129904076,19.279999999999678,164.9168368685551
6,759,1217420,-19.41332244873047,2250,timeout,8.212800261060146,45.000000000001435,-90.07915198631946
6,760,1217500,123.43541717529297,1185,hit,4.46723076627007,23.699999999999584,150.7988597066888
6,761,1219172,126.74467468261719,657,hit,4.49907308648418,13.139999999999809,152.7142443860872
6,762,1222280,-11.03458023071289,2240,miss,12.40524551085192,44.800000000001404,-106.99196585502014
6,763,1223944,3.0139389038085938,1611,miss,6.468640633244671,32.21999999999944,-94.06499990022391
6,764,1226420,-29.70734405517578,2250,timeout,5.0501788970916905,45.000000000001435,-117.08842648940839
6,765,1227012,131.17666625976562,767,hit,2.3677260353675393,15.339999999999762,156.77835939021205
6,766,1227244,125.9444351196289,1241,hit,3.732880756032114,24.81999999999956,150.11753944649882
6,767,1227824,-11.487346649169922,2163,miss,6.771863142460727,43.26000000000116,-108.69969544521724
7,768,1231888,167.13746643066406,772,hit,2.531053423573646,15.43999999999976,167.51276073386805
7,769,1234148,147.2388458251953,1337,hit,4.770574583901809,26.73999999999952,155.5774479965081
7,770,1234172,180.91993713378906,1343,hit,4.179271431124723,26.859999999999516,173.2280547099316
7,771,1237800,-1.4806785583496094,2250,timeout,6.4212036434489095,45.000000000001435,-97.0632049033089
7,772,1238000,143.046630859375,957,hit,3.8555049162329937,19.13999999999968,157.40609630889384
7,773,1240888,-0.31183624267578125,2250,timeout,10.831914697479544,45.000000000001435,-84.75392147589962
7,774,1243148,0.5416336059570312,2250,timeout,8.825324615374237,45.000000000001435,-73.63316357776178
7,775,1244132,165.78317260742188,811,hit,2.3494294699118647,16.219999999999743,170.24580893027394
7,776,1246780,-10.095077514648438,2195,miss,6.53510027551927,43.90000000000126,-88.92603089266501
7,777,1246800,-29.19378662109375,2250,timeout,8.042699721777572,45.000000000001435,-94.68050011384403
7,778,1249392,164.30821228027344,653,hit,4.27740779308712,13.05999999999981,158.06395275658002
7,779,1250808,114.42863464355469,1915,hit,4.971911729927039,38.30000000000039,144.9853048874345
7,780,1252036,0.37851715087890625,1976,miss,5.512266078880558,39.52000000000058,-79.03995735091895
7,781,1253312,163.22634887695312,980,hit,3.2795652333367027,19.59999999999967,175.0010143816968
7,782,1254440,163.9432830810547,908,hit,2.9407101940628766,18.1599999999997,175.42882151572798
7,783,1254752,154.7823028564453,679,hit,3.7646547317499324,13.5799999999998,161.05462970606885
7,784,1255800,-2.919200897216797,2250,timeout,9.435015789356237,45.000000000001435,-101.47083731010144
7,785,1257428,170.750732421875,669,hit,2.6444631695729677,13.379999999999804,159.12833323639603
7,786,1259848,176.894287109375,1012,hit,4.576844926673208,20.239999999999657,170.40411689967837
7,787,1260544,175.5524444580078,779,hit,0.8974756350719739,15.579999999999757,164.58857425441113
7,788,1262312,2.8948898315429688,2250,timeout,9.617483296529775,45.000000000001435,-103.80768533450103
7,789,1263440,6.547939300537109,2250,timeout,6.133974686507259,45.000000000001435,-61.35105852919035
7,790,1264016,160.61692810058594,868,hit,3.5541861044758476,17.35999999999972,171.02588387030593
7,791,1267036,152.27122497558594,755,hit,4.44159118461518,15.099999999999767,163.1480545596131
7,792,1268848,-14.270538330078125,2250,timeout,8.485753275345656,45.000000000001435,-84.63043655367997
7,793,1269556,168.56809997558594,1529,hit,4.847272553342831,30.579999999999437,166.8537188713484
7,794,1271312,-5.774116516113281,2250,timeout,5.061206792196495,45.000000000001435,-113.89691478662503
7,795,1272712,153.7353515625,789,hit,3.910983146260669,15.779999999999752,164.93307751442813
7,796,1274520,154.9443359375,1418,hit,4.160655733538324,28.359999999999484,166.55224660490165
7,797,1276036,-4.2911834716796875,2250,timeout,5.529462940019437,45.000000000001435,-91.5879329206807
7,798,1277004,171.70974731445312,1423,hit,4.365525092114457,28.459999999999482,172.75463272598904
7,799,1278132,172.03363037109375,903,hit,2.7016666997231633,18.059999999999704,174.25519491694052
7,800,1279996,149.62767028808594,990,hit,3.068996221565736,19.799999999999667,154.9244014676599
7,801,1281352,172.0458221435547,805,hit,1.4986203483822236,16.099999999999746,168.20276115334252
7,802,1281508,155.8390350341797,1126,hit,4.525065959698417,22.51999999999961,158.28558031554894
7,803,1281712,21.847511291503906,2250,timeout,5.260976493932418,45.000000000001435,-73.26156786253357
7,804,1282964,150.58116149902344,742,hit,4.241900233356116,14.839999999999772,159.11836205445653
7,805,1284248,151.1553955078125,685,hit,4.485197137373842,13.699999999999797,159.90677464455922
7,806,1284360,177.295654296875,752,hit,3.0005952668883524,15.039999999999768,163.88030688269018
7,807,1285572,162.7530517578125,652,hit,2.2895295849751243,13.03999999999981,157.4496982228333
7,808,1287376,161.95741271972656,754,hit,4.6480427476416075,15.079999999999767,158.81669259057512
7,809,1287860,160.0701904296875,1537,hit,2.663933399580141,30.739999999999434,170.74118519225192
7,810,1287896,174.96388244628906,912,hit,2.571622902775308,18.2399999999997,170.43107714198848
7,811,1290748,162.89930725097656,722,hit,2.445586775285297,14.439999999999781,163.92272736249538
7,812,1292152,169.74545288085938,1064,hit,4.1849817635042745,21.279999999999635,168.04554655814343
7,813,1292428,174.3860321044922,1263,hit,3.304428415581411,25.25999999999955,173.86031505660262
7,814,1294572,34.277366638183594,2250,timeout,5.568588513286197,45.000000000001435,-71.06687325257063
7,815,1296148,176.22689819335938,999,hit,4.0889421177784575,19.979999999999663,161.2002909007706
7,816,1296560,183.02450561523438,1033,hit,2.220504660310026,20.65999999999965,170.48733701179523
7,817,1297696,155.39138793945312,781,hit,4.056223101799795,15.619999999999756,165.14298034569896
7,818,1299480,7.787425994873047,2183,miss,5.4259908624846735,43.660000000001226,-92.6010295862315
7,819,1300512,153.03515625,988,hit,4.308503271400286,19.759999999999668,154.30785801237622
7,820,1301124,177.45956420898438,857,hit,3.9842075300503477,17.139999999999723,168.79382191576832
7,821,1304676,152.73858642578125,1041,hit,3.01588418838466,20.819999999999645,160.2635801611633
7,822,1305044,169.77053833007812,980,hit,3.661806692183731,19.59999999999967,174.48116264938346
7,823,1305148,-8.77999496459961,2250,timeout,6.500860702264822,45.000000000001435,-85.26702907341854
7,824,1305324,164.35623168945312,1461,hit,3.9102531385965253,29.219999999999466,172.40739452806127
7,825,1307992,146.320556640625,829,hit,4.805068815699925,16.579999999999735,156.84154264189036
7,826,1308052,162.63845825195312,682,hit,2.0651569335838613,13.639999999999798,158.9634034471143
7,827,1309636,166.33480834960938,1122,hit,4.1267478631285,22.43999999999961,174.79843660269938
7,828,1312076,167.85406494140625,1021,hit,3.0730020104238207,20.419999999999654,167.74079494751123
7,829,1313660,-30.993724822998047,2154,miss,12.652941486511404,43.080000000001135,-83.4181972008913
7,830,1314048,170.7059326171875,1499,hit,4.676765506260837,29.97999999999945,173.83413735383112
7,831,1315824,184.4518280029297,937,hit,0.4690520687607201,18.73999999999969,176.9061740240322
7,832,1316828,153.38999938964844,695,hit,4.263929210614005,13.899999999999793,160.05278062703562
7,833,1318468,-10.71023178100586,2208,miss,8.123300086258958,44.160000000001304,-95.53693817523524
7,834,1320508,157.6507568359375,1171,hit,3.6162050069021148,23.41999999999959,164.8779449025187
7,835,1322660,6.5760040283203125,2250,timeout,7.864886505567501,45.000000000001435,-70.68724959175094
7,836,1324128,142.74392700195312,1825,hit,4.333357634104279,36.50000000000011,150.3868495702278
7,837,1324472,167.31243896484375,991,hit,3.113082396883943,19.819999999999666,163.24998427838682
7,838,1325500,166.9539337158203,710,hit,1.669379900704111,14.199999999999786,160.8869149984456
7,839,1327468,3.3732070922851562,2250,timeout,5.716956319162698,45.000000000001435,-105.94640905851755
7,840,1329184,161.76768493652344,1264,hit,4.598803147886693,25.27999999999955,154.67303687375374
7,841,1333184,14.300922393798828,2178,miss,6.742585940122885,43.56000000000121,-83.96410740423482
7,842,1334384,-23.66490936279297,2221,miss,12.39020002103697,44.420000000001345,-70.63403801880813
7,843,1336468,-5.117954254150391,2250,timeout,9.310794191321461,45.000000000001435,-95.56197469101559
7,844,1336608,164.17153930664062,856,hit,3.5884656598738416,17.119999999999724,170.76644999302385
7,845,1338184,20.58289337158203,2250,timeout,6.975560934810055,45.000000000001435,-55.682691863806795
7,846,1340136,163.32989501953125,917,hit,3.4085304347842174,18.339999999999698,176.85970693215634
7,847,1340932,172.7007598876953,1081,hit,1.8762975086941835,21.619999999999628,167.31443000292694
7,848,1342248,183.522705078125,1016,hit,3.1608821531902125,20.319999999999656,166.28367299230928
7,849,1343384,6.867698669433594,2250,timeout,5.427163101217217,45.000000000001435,-99.38825743028478
7,850,1343492,152.86190795898438,640,hit,3.2159115920679078,12.799999999999816,158.3551161281152
7,851,1343712,174.99819946289062,894,hit,2.1702171342926433,17.879999999999708,174.8135654511015
7,852,1346484,162.014892578125,693,hit,2.8368883867142,13.859999999999793,160.09765080328697
7,853,1346672,157.63853454589844,795,hit,3.07977447335112,15.89999999999975,162.64785539615175
7,854,1348224,177.90870666503906,1210,hit,4.671189019985369,24.199999999999573,175.0275674931604
7,855,1349500,169.7648468017578,707,hit,2.282309095406827,14.139999999999787,159.79826044908276
7,856,1349632,149.5603485107422,787,hit,4.732203651231146,15.739999999999753,169.05225130083218
7,857,1351248,-22.517391204833984,2250,timeout,10.42475123227454,45.000000000001435,-107.63634043559193
7,858,1352812,162.929443359375,1147,hit,2.8645036896278726,22.9399999999996,171.39230696588402
7,859,1353072,174.1938934326172,860,hit,1.7413099541707295,17.199999999999722,169.46527610657355
7,860,1355220,155.497802734375,1430,hit,4.245716038137331,28.59999999999948,165.01556882348785
7,861,1355416,162.86595153808594,651,hit,2.2469349395329923,13.019999999999811,159.57060233405448
7,862,1358964,160.6283416748047,887,hit,3.9580303982828866,17.73999999999971,171.0820613044653
7,863,1360248,-16.38626480102539,2250,timeout,10.91044882152022,45.000000000001435,-80.99404011063828
7,864,1362072,-15.674419403076172,2250,timeout,11.776181224347583,45.000000000001435,-75.27490279779416
7,865,1363836,-9.527149200439453,2154,miss,13.123209317849184,43.080000000001135,-89.54795905743535
7,866,1364936,139.39129638671875,1493,hit,4.295256814427829,29.859999999999452,150.73527420052696
7,867,1365324,170.18309020996094,1269,hit,2.599406402273402,25.379999999999548,166.40438031464754
7,868,1365392,184.6299591064453,830,hit,1.1989614922398637,16.599999999999735,167.03024245154768
7,869,1367788,177.2169189453125,713,hit,1.1041407642158159,14.259999999999785,160.0087214744448
7,870,1368376,153.45736694335938,763,hit,4.422672834871515,15.259999999999764,164.64832940320974
7,871,1368780,176.14627075195312,847,hit,1.8886113193396743,16.939999999999728,162.3573049518878
7,872,1371100,178.19717407226562,828,hit,3.705494361390795,16.559999999999736,167.90761456938228
7,873,1372632,140.9501953125,1064,hit,4.759029328092809,21.279999999999635,158.43381236571128
7,874,1372836,-33.51981735229492,2250,timeout,5.956282422142606,45.000000000001435,-79.94676841897956
7,875,1373720,157.94232177734375,655,hit,4.518478574890789,13.09999999999981,159.61846038629886
7,876,1374236,158.0019989013672,1364,hit,3.4120405024210076,27.279999999999507,157.28028018945005
7,877,1375496,174.6015167236328,716,hit,1.7687181584890308,14.319999999999784,158.38925284154277
7,878,1381836,-15.090766906738281,2250,timeout,5.963674319034406,45.000000000001435,-86.46974512161049
7,879,1382720,-6.184623718261719,2250,timeout,7.329469743365653,45.000000000001435,-88.50093745008971
7,880,1382876,-1.1766319274902344,2160,miss,6.022918760236332,43.200000000001154,-101.03561150950102
7,881,1384232,22.06863021850586,2184,miss,5.604437974931354,43.68000000000123,-88.01922326793601
7,882,1387140,152.42758178710938,1066,hit,3.6094935607521994,21.319999999999634,157.57579739159382
7,883,1387156,169.40281677246094,731,hit,1.2147757029085646,14.619999999999777,164.89751542538332
7,884,1387192,160.9064178466797,1339,hit,3.0529549137005607,26.779999999999518,160.8179774813321
7,885,1388032,164.427490234375,1328,hit,3.9783324979722474,26.559999999999523,168.05704091741825
7,886,1389772,166.511962890625,654,hit,1.6797147402436912,13.07999999999981,159.22859709388308
7,887,1390104,162.0062255859375,741,hit,3.0869906707436146,14.819999999999773,167.55536461666833
7,888,1392368,171.15676879882812,1084,hit,3.8287801396592718,21.679999999999627,172.28754060754667
7,889,1392832,172.49803161621094,682,hit,2.166980857968743,13.639999999999798,159.2412854656869
7,890,1395876,175.5127410888672,761,hit,1.1129188935854866,15.219999999999764,166.29846138626368
7,891,1396192,5.676963806152344,2250,timeout,8.21984782435459,45.000000000001435,-83.581849544428
7,892,1397012,180.15821838378906,1161,hit,2.6070868103047933,23.219999999999594,170.82343752581022
7,893,1398772,22.55381965637207,2250,timeout,5.112075264910517,45.000000000001435,-78.0728643433253
7,894,1398788,170.03378295898438,728,hit,1.396025356485352,14.559999999999778,164.31855508988536
7,895,1399420,159.43833923339844,807,hit,3.3913399158039637,16.139999999999745,165.39477036028424
7,896,1401800,157.3988037109375,1197,hit,3.76051284299387,23.93999999999958,166.89549884825806
7,897,1401964,168.53216552734375,794,hit,2.6728858420397867,15.87999999999975,158.6711098771647
7,898,1402324,172.7707977294922,726,hit,3.2379200226273643,14.51999999999978,160.1109240590735
7,899,1404640,158.55824279785156,1467,hit,3.3722469813269402,29.339999999999463,162.2365873173037
7,900,1405276,164.6475372314453,738,hit,3.233757465758552,14.759999999999774,162.46980170619645
7,901,1405456,168.6078338623047,873,hit,2.3375556356815688,17.459999999999717,174.58035742608308
7,902,1405760,159.1095428466797,990,hit,4.357509980722647,19.799999999999667,175.8822166666421
7,903,1408244,163.73577880859375,742,hit,2.420424410453264,14.839999999999772,167.0242567378375
7,904,1410192,153.1438751220703,1184,hit,4.739967306827091,23.679999999999584,170.13291227698193
7,905,1412604,172.4725799560547,1090,hit,2.7643783287506145,21.799999999999624,162.6088659021455
7,906,1413640,-7.308563232421875,2250,timeout,8.867160403473711,45.000000000001435,-106.94333560748191
7,907,1414760,12.651496887207031,2250,timeout,10.815105140256298,45.000000000001435,-75.0892426615545
7,908,1415680,177.60206604003906,769,hit,3.4266882337025697,15.379999999999761,167.91931124070135
7,909,1415940,159.34146118164062,1437,hit,4.349647451333003,28.739999999999476,160.89157410115544
7,910,1416480,152.8464813232422,710,hit,3.4856542318200328,14.199999999999786,158.07476671650176
7,911,1419404,168.33677673339844,866,hit,4.832465715539633,17.31999999999972,174.7550499346322
7,912,1420064,161.20431518554688,1096,hit,4.552024662613528,21.91999999999962,163.1439882301747
7,913,1423760,-3.6681594848632812,2250,timeout,7.648345532520871,45.000000000001435,-94.74330895613544
7,914,1424472,164.48927307128906,1267,hit,2.711952237958971,25.33999999999955,169.3976574426556
7,915,1425396,154.88575744628906,1333,hit,3.2408744261119957,26.65999999999952,154.61645811118683
7,916,1425480,-2.2680282592773438,2250,timeout,6.933435549402303,45.000000000001435,-100.36619511956825
7,917,1428528,164.0292510986328,1192,hit,3.3718594117976073,23.83999999999958,166.62396854318098
7,918,1428804,154.2078857421875,1083,hit,3.273952072877741,21.659999999999627,161.7592641254525
7,919,1429964,170.37002563476562,1121,hit,2.8639846266693088,22.41999999999961,174.0615363872834
7,920,1431268,175.99388122558594,1468,hit,3.289639662653943,29.359999999999463,168.93472918013785
8,921,1436520,163.6934356689453,730,hit,3.073330982750846,14.599999999999778,162.97145400169308
8,922,1437352,182.33477783203125,938,hit,1.678038107274816,18.75999999999969,174.64712539264627
8,923,1437668,166.18565368652344,1017,hit,3.15495541130083,20.339999999999655,167.5716455818379
8,924,1439156,177.8677215576172,1389,hit,4.903326826677064,27.779999999999497,167.52276681653746
8,925,1440312,166.4744415283203,740,hit,4.3535898559784485,14.799999999999773,165.7519890088482
8,926,1440460,172.22462463378906,985,hit,2.468619266107442,19.69999999999967,175.7873255747815
8,927,1442216,177.8961639404297,765,hit,1.0725700598856451,15.299999999999763,164.68490010589946
8,928,1443560,161.11932373046875,812,hit,4.854189084105291,16.239999999999743,167.17425968961368
8,929,1443780,172.5529327392578,1528,hit,4.698968544128978,30.559999999999437,171.33301270572238
8,930,1443952,154.44613647460938,873,hit,4.720774625431727,17.459999999999717,168.4364916694884
8,931,1446156,156.84219360351562,985,hit,4.285186356476675,19.69999999999967,174.71953279900168
8,932,1446508,151.93719482421875,639,hit,3.7364582536807194,12.779999999999816,158.74033257089127
8,933,1447316,175.36776733398438,884,hit,1.56484332082963,17.679999999999712,172.93532892225605
8,934,1448020,148.62973022460938,1115,hit,4.16819812266878,22.299999999999613,158.0954559956326
8,935,1449332,159.6858673095703,794,hit,2.2993208221148613,15.87999999999975,162.32259613640633
8,936,1451316,160.72927856445312,824,hit,4.32679953187062,16.479999999999738,167.45178485333156
8,937,1451320,153.81961059570312,1203,hit,3.531664133102095,24.059999999999576,160.16393182482736
8,938,1453856,170.34970092773438,1131,hit,2.4942664286268172,22.619999999999607,157.04009697952807
8,939,1454812,31.29927635192871,1874,miss,5.241323825671296,37.48000000000026,-57.55448844726088
8,940,1456812,157.18980407714844,1373,hit,4.8093374180921735,27.459999999999503,154.00857722557515
8,941,1458440,156.39541625976562,907,hit,4.371838916155199,18.139999999999702,170.50130107022443
8,942,1458688,169.03671264648438,1208,hit,3.30660560058639,24.159999999999574,169.45386073063617
8,943,1460156,168.20594787597656,836,hit,4.750878314767714,16.719999999999732,169.60455274481225
8,944,1460288,-1.0827751159667969,2243,miss,9.678472490832226,44.86000000000141,-85.90280911569748
8,945,1462868,160.7993927001953,1045,hit,4.765956396943292,20.899999999999643,155.10942428991243
8,946,1463304,145.86947631835938,787,hit,4.448639454307039,15.739999999999753,166.66050069285842
8,947,1463312,147.0092010498047,756,hit,4.8703134390166545,15.119999999999767,162.82960090086473
8,948,1463332,152.88768005371094,1223,hit,4.517349952749685,24.459999999999567,168.78986058532467
8,949,1466256,164.95095825195312,736,hit,3.958274059807456,14.719999999999775,163.59463453407758
8,950,1467936,161.61541748046875,1158,hit,2.767607200107111,23.159999999999595,170.70089153709648
8,951,1471868,-38.57615280151367,2250,timeout,14.046038262844101,45.000000000001435,-98.69695827140147
8,952,1472332,-1.87738037109375,2250,timeout,10.141113561073691,45.000000000001435,-68.03763459833377
8,953,1475256,5.556942462921143,2250,timeout,15.552626261697936,45.000000000001435,-64.71961957837067
8,954,1476936,-18.799232482910156,2250,timeout,8.000813344393084,45.000000000001435,-79.24143709715736
8,955,1480500,147.0081329345703,891,hit,4.844662728179244,17.81999999999971,162.16286752175682
8,956,1480768,156.45018005371094,1378,hit,3.6866223072512154,27.5599999999995,160.0979302223535
8,957,1480868,9.40420913696289,2250,timeout,10.69129382941348,45.000000000001435,-56.54150361740286
8,958,1481332,18.082202911376953,2250,timeout,7.42900788877579,45.000000000001435,-47.0102022150696
8,959,1484116,161.59324645996094,904,hit,3.1594272538422423,18.079999999999703,158.1872393550434
8,960,1485792,162.6439208984375,1256,hit,2.8061218380680137,25.119999999999553,175.44886291335746
8,961,1487224,173.74923706054688,777,hit,4.886849053875657,15.539999999999758,170.7510211323251
8,962,1488864,159.71572875976562,768,hit,2.968195676016741,15.359999999999761,163.41229772127377
8,963,1489868,-5.050640106201172,2250,timeout,12.264355455553133,45.000000000001435,-75.50178051534593
8,964,1490004,3.0560035705566406,2168,miss,6.874925008528324,43.36000000000118,-84.22604857089104
8,965,1492968,158.98382568359375,741,hit,3.0139698631821106,14.819999999999773,163.00818346921076
8,966,1493352,161.73150634765625,1122,hit,2.7826733260262024,22.43999999999961,160.56623781763528
8,967,1494916,-18.95763397216797,1923,miss,8.58875184240434,38.46000000000041,-92.43963503025545
8,968,1494988,173.7154541015625,1280,hit,4.919932957260659,25.599999999999543,170.42311106976555
8,969,1498360,168.4208526611328,843,hit,4.849645431634498,16.85999999999973,171.55360803919876
8,970,1498800,144.41111755371094,971,hit,4.997887726848451,19.419999999999675,160.94816073228554
8,971,1499536,36.99192810058594,1642,miss,6.337319790675391,32.839999999999534,-34.57540701712077
8,972,1501612,151.0248260498047,703,hit,3.946792946744647,14.059999999999789,157.49530994108326
8,973,1501652,166.0196990966797,823,hit,3.9418529407510117,16.459999999999738,173.6804419943102
8,974,1501868,-14.71468734741211,2129,miss,11.206182516027608,42.58000000000106,-86.49152724467385
8,975,1502636,168.26271057128906,775,hit,1.6297323280732914,15.499999999999758,161.63511332673318
8,976,1504580,164.19979858398438,742,hit,3.2621711024525477,14.839999999999772,158.67950021085448
8,977,1504636,148.56114196777344,746,hit,4.763617542526677,14.91999999999977,158.3310137322248
8,978,1505440,176.64013671875,893,hit,4.6310771912814195,17.859999999999708,175.23100708591227
8,979,1507668,176.57028198242188,758,hit,1.3319870163663352,15.159999999999766,168.6326830663406
8,980,1507704,152.962890625,1267,hit,4.504778466289534,25.33999999999955,161.12620589524454
8,981,1510264,170.36715698242188,640,hit,4.631260402689298,12.799999999999816,159.10844806258945
8,982,1511036,161.2458038330078,842,hit,3.3670830781373042,16.83999999999973,170.3004401497953
8,983,1511100,150.25234985351562,1415,hit,2.892484956254286,28.299999999999486,155.21276946892579
8,984,1513580,4.204597473144531,2250,timeout,9.676571616030328,45.000000000001435,-71.6300166630517
8,985,1513872,167.00514221191406,902,hit,4.4503297545469565,18.039999999999704,172.3990315110874
8,986,1513872,172.7637481689453,709,hit,1.1961612279191167,14.179999999999787,157.77457751179674
8,987,1514776,170.94029235839844,919,hit,3.1029215105364503,18.379999999999697,170.9457139478831
8,988,1517456,161.17822265625,896,hit,3.1907996298448813,17.919999999999707,161.60635095576924
8,989,1518024,183.1840362548828,1111,hit,2.742308439005482,22.219999999999615,174.0406086557985
8,990,1518308,160.80047607421875,1109,hit,3.9631841884955166,22.179999999999616,166.8205765935698
8,991,1521124,172.6238250732422,917,hit,2.5896333509678153,18.339999999999698,174.4950838180842
8,992,1522968,155.68670654296875,1236,hit,4.586609177713665,24.719999999999562,172.33482812651874
8,993,1523628,151.6403045654297,626,hit,3.8961050202126026,12.519999999999822,158.03149700216977
8,994,1523736,179.77456665039062,1357,hit,2.224453063144243,27.13999999999951,175.1949369073697
8,995,1523776,-7.0096282958984375,2250,timeout,5.118223642589408,45.000000000001435,-71.71967248554193
8,996,1526500,145.0286407470703,691,hit,4.98434706094541,13.819999999999794,163.68331268190286
8,997,1527144,163.26632690429688,842,hit,4.938063792902333,16.83999999999973,169.12321929092127
8,998,1528732,184.11265563964844,1276,hit,4.079652395599642,25.519999999999545,175.21818674108076
8,999,1530608,170.03524780273438,866,hit,2.056715167281239,17.31999999999972,161.45354846049446
8,1000,1531968,8.468681335449219,2250,timeout,5.094667570966907,45.000000000001435,-99.88231884515972
8,1001,1532004,154.46969604492188,818,hit,3.0903854830631623,16.35999999999974,162.72502703480694
8,1002,1535404,180.03614807128906,1199,hit,3.4772828568700143,23.979999999999578,159.0483589397377
8,1003,1535500,7.571887969970703,2250,timeout,5.121070952868867,45.000000000001435,-105.1611085251355
8,1004,1536340,171.61129760742188,1084,hit,2.82460677745221,21.679999999999627,166.16791306635906
8,1005,1536812,154.5885009765625,1211,hit,4.387412671613025,24.219999999999573,162.55992332228118
8,1006,1538748,149.4529571533203,836,hit,4.657731897473759,16.719999999999732,166.50750932203653
8,1007,1539408,163.7116241455078,767,hit,2.421401326419304,15.339999999999762,162.3813335554066
8,1008,1539760,175.14938354492188,737,hit,1.0194329548515686,14.739999999999775,164.56575594074997
8,1009,1541336,160.4568328857422,1459,hit,2.9449691692674507,29.179999999999467,159.62569099867306
8,1010,1542808,158.35879516601562,850,hit,4.031768014277881,16.999999999999726,173.32007816226093
8,1011,1543076,175.717041015625,829,hit,4.393631607938207,16.579999999999735,166.14452174885946
8,1012,1544608,168.3757781982422,818,hit,2.364081404924724,16.35999999999974,165.18538894172144
8,1013,1547284,160.403076171875,669,hit,2.9374344531256096,13.379999999999804,157.84812319068556
8,1014,1547288,163.909423828125,1053,hit,3.5866687149428134,21.05999999999964,166.6505369352953
8,1015,1547748,-9.907047271728516,2250,timeout,10.697187996929914,45.000000000001435,-72.03992124605813
8,1016,1550840,172.93348693847656,773,hit,1.8885731280138534,15.45999999999976,158.79340789599456
8,1017,1551332,-10.80716323852539,2131,miss,12.51406685853449,42.62000000000106,-66.08897458481505
8,1018,1551492,167.3969268798828,1051,hit,4.856995526241388,21.01999999999964,160.82405460169173
8,1019,1553188,173.03665161132812,1476,hit,1.2384778233169187,29.51999999999946,171.58925275307462
8,1020,1555708,167.85308837890625,1054,hit,4.13207887496622,21.07999999999964,172.81012278822652
8,1021,1555872,169.01194763183594,671,hit,4.511661740474451,13.419999999999803,158.74808196042142
8,1022,1558852,172.7132568359375,786,hit,3.8769822205168882,15.719999999999754,160.2801276839536
8,1023,1559840,6.013034820556641,2250,timeout,7.8212603987374205,45.000000000001435,-91.18756532168534
8,1024,1560332,-44.374874114990234,2250,timeout,7.7327964047592355,45.000000000001435,-74.48443858034011
8,1025,1563364,164.9483184814453,881,hit,2.9947781935056974,17.619999999999713,175.76407488905795
8,1026,1563548,160.41195678710938,1174,hit,3.667110229675422,23.47999999999959,169.40875181864413
8,1027,1564872,-5.79156494140625,2250,timeout,6.077821878059069,45.000000000001435,-98.8494924747278
8,1028,1566404,165.82623291015625,714,hit,1.5051886026039858,14.279999999999784,165.30309643344492
8,1029,1566408,177.3489532470703,1519,hit,3.4722540405640125,30.37999999999944,174.23674877841435
8,1030,1569256,174.2231903076172,712,hit,0.7200817870958239,14.239999999999785,159.32658348067565
8,1031,1569860,168.84986877441406,864,hit,4.067095554067631,17.27999999999972,172.5615039529474
8,1032,1571116,167.17697143554688,1561,hit,3.6291950029503113,31.219999999999423,166.39775246018206
8,1033,1572364,3.0718231201171875,2250,timeout,5.607766552126126,45.000000000001435,-71.9245658975419
8,1034,1573008,153.5539093017578,787,hit,4.215858027902467,15.739999999999753,167.24985861309136
8,1035,1574192,176.8799591064453,769,hit,4.495266609786244,15.379999999999761,169.74295819652048
8,1036,1575284,171.71133422851562,730,hit,1.5197207979036567,14.599999999999778,162.10027375371828
8,1037,1577588,152.5546417236328,1145,hit,4.655365259652374,22.8999999999996,169.9429361586923
8,1038,1578252,165.09033203125,742,hit,2.5918159695694865,14.839999999999772,165.25569935329884
8,1039,1578256,-3.787078857421875,2250,timeout,8.702006967560349,45.000000000001435,-97.26056776594697
8,1040,1580820,164.17808532714844,641,hit,4.005166914115515,12.819999999999816,159.92938173496523
8,1041,1580864,162.0640869140625,819,hit,2.481128398494795,16.37999999999974,164.73408029275686
8,1042,1583192,-15.807064056396484,2250,timeout,8.858880844380183,45.000000000001435,-54.63780890616696
8,1043,1587252,13.663124084472656,2250,timeout,6.531261648812217,45.000000000001435,-104.88272932653904
8,1044,1589820,-5.161163330078125,2250,timeout,7.275373034214838,45.000000000001435,-106.21612749041954
8,1045,1589864,1.8542098999023438,2250,timeout,10.354639527122345,45.000000000001435,-87.74259627167287
8,1046,1590420,156.68072509765625,792,hit,4.687801225807792,15.839999999999751,164.27663600814947
8,1047,1592192,1.2485237121582031,2250,timeout,6.337547026076407,45.000000000001435,-78.88472870141456
8,1048,1592940,175.63938903808594,780,hit,4.198162651505104,15.599999999999756,165.79501953914433
8,1049,1593628,177.50958251953125,941,hit,1.2175521093957196,18.819999999999688,174.84847802351027
8,1050,1596912,174.47389221191406,821,hit,2.3995341969739648,16.41999999999974,173.34729569389458
8,1051,1596992,152.39122009277344,1200,hit,3.8566615127892088,23.999999999999577,155.43697451722923
8,1052,1598152,161.45700073242188,1303,hit,3.946810996314408,26.059999999999533,169.2015452835551
8,1053,1599420,18.875442504882812,2250,timeout,5.486555263555889,45.000000000001435,-84.19362378314341
8,1054,1600072,164.58651733398438,790,hit,3.367303217626833,15.799999999999752,164.62563463914813
8,1055,1600876,155.33990478515625,681,hit,4.1989876509721435,13.619999999999798,162.28021580483824
8,1056,1604140,183.80908203125,1017,hit,4.117028273092566,20.339999999999655,176.72667721652834
8,1057,1605992,-28.29180908203125,2250,timeout,8.278739946124414,45.000000000001435,-94.09618136667095
8,1058,1607544,152.17459106445312,1667,hit,4.445029840676384,33.33999999999961,172.1394052297174
8,1059,1608420,-23.018749237060547,2250,timeout,5.934182759169617,45.000000000001435,-68.41162879908353
8,1060,1609332,167.52545166015625,835,hit,2.3868017640161194,16.699999999999733,171.57736658176438
8,1061,1611280,168.3380889892578,715,hit,4.374505414189692,14.299999999999784,166.83329481974692
8,1062,1613140,5.0948333740234375,2250,timeout,8.218109862653286,45.000000000001435,-88.12538399250303
8,1063,1613912,181.7449951171875,1592,hit,2.6942869419746205,31.83999999999941,173.0351432600209
8,1064,1615544,158.5275115966797,1066,hit,3.8685276380102245,21.319999999999634,163.19566118355618
8,1065,1618332,33.833534240722656,2250,timeout,5.473988188146207,45.000000000001435,-73.9385710071727
8,1066,1619044,174.8165740966797,875,hit,2.089299723565834,17.499999999999716,161.3265613844532
8,1067,1621636,157.02362060546875,826,hit,3.8850552334275568,16.519999999999737,168.53409200428428
8,1068,1622092,3.75286865234375,2045,miss,10.565519424303577,40.900000000000794,-73.3291023672793
8,1069,1622140,-3.010517120361328,2250,timeout,9.232567067881234,45.000000000001435,-86.70915370746938
8,1070,1622396,167.90830993652344,838,hit,1.6522455555344788,16.75999999999973,166.07627680043748
8,1071,1625200,166.3609161376953,777,hit,4.92532734405481,15.539999999999758,169.64843689288597
8,1072,1625424,154.75511169433594,757,hit,4.092601222606744,15.139999999999766,165.589223600009
8,1073,1627092,157.9490966796875,1364,hit,4.578211513226248,27.279999999999507,168.95389189360577
8,1074,1627304,181.0476531982422,1291,hit,2.426871988181401,25.81999999999954,165.61996931991115
8,1075,1628232,174.55221557617188,758,hit,1.0808610917729147,15.159999999999766,160.8430081256417
8,1076,1629088,173.37466430664062,916,hit,4.322821807585048,18.3199999999997,176.92266910252815
8,1077,1631072,155.48866271972656,710,hit,3.3632688068019005,14.199999999999786,158.22825873000806
8,1078,1633140,175.96694946289062,1459,hit,3.879623429233374,29.179999999999467,168.8731422943555
8,1079,1633520,147.42047119140625,1108,hit,3.418056471638969,22.159999999999616,152.86030735585024
8,1080,1633864,160.37257385253906,698,hit,3.117336136859975,13.959999999999791,163.62105005213257
8,1081,1635960,170.26829528808594,705,hit,1.5570357061931979,14.099999999999788,165.84435064379196
8,1082,1636092,14.3009033203125,2250,timeout,9.22089389069903,45.000000000001435,-101.06585292767845
8,1083,1637784,159.06951904296875,980,hit,3.310676660094343,19.59999999999967,165.04619645160278
8,1084,1638336,181.52578735351562,1204,hit,4.961803310362954,24.079999999999576,167.2812195518735
