CP1: evasive lineage | max_time=45s t_go_max=10s | tracking=True | obs=12-D | miss_tanh_scale=3000m shaping_gamma=1 effort_weight=5 -> out=outputs/evasive_zemtgo10_seed2
Using cpu device
-----------------------------
| time/              |      |
|    fps             | 566  |
|    iterations      | 1    |
|    time_elapsed    | 3    |
|    total_timesteps | 2048 |
-----------------------------
------------------------------------------
| time/                   |              |
|    fps                  | 268          |
|    iterations           | 2            |
|    time_elapsed         | 15           |
|    total_timesteps      | 4096         |
| train/                  |              |
|    approx_kl            | 0.0014061087 |
|    clip_fraction        | 0.000293     |
|    clip_range           | 0.2          |
|    entropy_loss         | -2.84        |
|    explained_variance   | -0.00473     |
|    learning_rate        | 0.0003       |
|    loss                 | 0.163        |
|    n_updates            | 5            |
|    policy_gradient_loss | -0.00118     |
|    std                  | 0.999        |
|    value_loss           | 1.41         |
------------------------------------------
------------------------------------------
| time/                   |              |
|    fps                  | 257          |
|    iterations           | 3            |
|    time_elapsed         | 23           |
|    total_timesteps      | 6144         |
| train/                  |              |
|    approx_kl            | 0.0015680052 |
|    clip_fraction        | 0.000195     |
|    clip_range           | 0.2          |
|    entropy_loss         | -2.84        |
|    explained_variance   | -0.0512      |
|    learning_rate        | 0.0003       |
|    loss                 | 0.134        |
|    n_updates            | 10           |
|    policy_gradient_loss | -0.00164     |
|    std                  | 0.998        |
|    value_loss           | 0.402        |
------------------------------------------
------------------------------------------
| rollout/                |              |
|    ep_len_mean          | 1.85e+03     |
|    ep_rew_mean          | -8.16        |
| time/                   |              |
|    fps                  | 230          |
|    iterations           | 4            |
|    time_elapsed         | 35           |
|    total_timesteps      | 8192         |
| train/                  |              |
|    approx_kl            | 0.0077857734 |
|    clip_fraction        | 0.0365       |
|    clip_range           | 0.2          |
|    entropy_loss         | -2.84        |
|    explained_variance   | 0.141        |
|    learning_rate        | 0.0003       |
|    loss                 | 0.0566       |
|    n_updates            | 15           |
|    policy_gradient_loss | -0.00501     |
|    std                  | 1            |
|    value_loss           | 0.028        |
------------------------------------------
-----------------------------------------
| rollout/                |             |
|    ep_len_mean          | 2.05e+03    |
|    ep_rew_mean          | -9.09       |
| time/                   |             |
|    fps                  | 238         |
|    iterations           | 5           |
|    time_elapsed         | 42          |
|    total_timesteps      | 10240       |
| train/                  |             |
|    approx_kl            | 0.004746722 |
|    clip_fraction        | 0.0124      |
|    clip_range           | 0.2         |
|    entropy_loss         | -2.84       |
|    explained_variance   | 0.00948     |
|    learning_rate        | 0.0003      |
|    loss                 | -0.013      |
|    n_updates            | 20          |
|    policy_gradient_loss | -0.00374    |
|    std                  | 0.997       |
|    value_loss           | 1.71        |
-----------------------------------------
-----------------------------------------
| rollout/                |             |
|    ep_len_mean          | 2.05e+03    |
|    ep_rew_mean          | -9.09       |
| time/                   |             |
|    fps                  | 256         |
|    iterations           | 6           |
|    time_elapsed         | 47          |
|    total_timesteps      | 12288       |
| train/                  |             |
|    approx_kl            | 0.011144341 |
|    clip_fraction        | 0.0521      |
|    clip_range           | 0.2         |
|    entropy_loss         | -2.83       |
|    explained_variance   | 0.0505      |
|    learning_rate        | 0.0003      |
|    loss                 | 0.000676    |
|    n_updates            | 25          |
|    policy_gradient_loss | -0.0053     |
|    std                  | 0.998       |
|    value_loss           | 3.97        |
-----------------------------------------
------------------------------------------
| rollout/                |              |
|    ep_len_mean          | 2.05e+03     |
|    ep_rew_mean          | -9.09        |
| time/                   |              |
|    fps                  | 253          |
|    iterations           | 7            |
|    time_elapsed         | 56           |
|    total_timesteps      | 14336        |
| train/                  |              |
|    approx_kl            | 0.0050184797 |
|    clip_fraction        | 0.0277       |
|    clip_range           | 0.2          |
|    entropy_loss         | -2.84        |
|    explained_variance   | -0.0117      |
|    learning_rate        | 0.0003       |
|    loss                 | 0.572        |
|    n_updates            | 30           |
|    policy_gradient_loss | -0.00263     |
|    std                  | 0.999        |
|    value_loss           | 2.09         |
------------------------------------------
------------------------------------------
| rollout/                |              |
|    ep_len_mean          | 2.07e+03     |
|    ep_rew_mean          | -13.1        |
| time/                   |              |
|    fps                  | 265          |
|    iterations           | 8            |
|    time_elapsed         | 61           |
|    total_timesteps      | 16384        |
| train/                  |              |
|    approx_kl            | 0.0025601608 |
|    clip_fraction        | 0.00244      |
|    clip_range           | 0.2          |
|    entropy_loss         | -2.84        |
|    explained_variance   | 0.111        |
|    learning_rate        | 0.0003       |
|    loss                 | 0.857        |
|    n_updates            | 35           |
|    policy_gradient_loss | -0.00102     |
|    std                  | 1            |
|    value_loss           | 0.578        |
------------------------------------------
------------------------------------------
| rollout/                |              |
|    ep_len_mean          | 2.11e+03     |
|    ep_rew_mean          | -8.46        |
| time/                   |              |
|    fps                  | 250          |
|    iterations           | 9            |
|    time_elapsed         | 73           |
|    total_timesteps      | 18432        |
| train/                  |              |
|    approx_kl            | 0.0040487843 |
|    clip_fraction        | 0.0104       |
|    clip_range           | 0.2          |
|    entropy_loss         | -2.84        |
|    explained_variance   | -0.0106      |
|    learning_rate        | 0.0003       |
|    loss                 | 0.00558      |
|    n_updates            | 40           |
|    policy_gradient_loss | -0.00203     |
|    std                  | 1            |
|    value_loss           | 1.09         |
------------------------------------------
------------------------------------------
| rollout/                |              |
|    ep_len_mean          | 2.11e+03     |
|    ep_rew_mean          | -8.46        |
| time/                   |              |
|    fps                  | 252          |
|    iterations           | 10           |
|    time_elapsed         | 81           |
|    total_timesteps      | 20480        |
| train/                  |              |
|    approx_kl            | 0.0036143106 |
|    clip_fraction        | 0.00771      |
|    clip_range           | 0.2          |
|    entropy_loss         | -2.84        |
|    explained_variance   | 0.0482       |
|    learning_rate        | 0.0003       |
|    loss                 | 0.312        |
|    n_updates            | 45           |
|    policy_gradient_loss | -0.000545    |
|    std                  | 1            |
|    value_loss           | 10.7         |
------------------------------------------
-----------------------------------------
| rollout/                |             |
|    ep_len_mean          | 2.11e+03    |
|    ep_rew_mean          | -8.46       |
| time/                   |             |
|    fps                  | 266         |
|    iterations           | 11          |
|    time_elapsed         | 84          |
|    total_timesteps      | 22528       |
| train/                  |             |
|    approx_kl            | 0.009501327 |
|    clip_fraction        | 0.147       |
|    clip_range           | 0.2         |
|    entropy_loss         | -2.84       |
|    explained_variance   | 0.15        |
|    learning_rate        | 0.0003      |
|    loss                 | -0.00173    |
|    n_updates            | 50          |
|    policy_gradient_loss | -0.0124     |
|    std                  | 0.999       |
|    value_loss           | 0.55        |
-----------------------------------------
------------------------------------------
| rollout/                |              |
|    ep_len_mean          | 2.07e+03     |
|    ep_rew_mean          | -6.36        |
| time/                   |              |
|    fps                  | 273          |
|    iterations           | 12           |
|    time_elapsed         | 89           |
|    total_timesteps      | 24576        |
| train/                  |              |
|    approx_kl            | 0.0054663504 |
|    clip_fraction        | 0.039        |
|    clip_range           | 0.2          |
|    entropy_loss         | -2.83        |
|    explained_variance   | 0.104        |
|    learning_rate        | 0.0003       |
|    loss                 | 0.00168      |
|    n_updates            | 55           |
|    policy_gradient_loss | -0.00328     |
|    std                  | 0.997        |
|    value_loss           | 0.156        |
------------------------------------------
------------------------------------------
| rollout/                |              |
|    ep_len_mean          | 2.09e+03     |
|    ep_rew_mean          | -4.47        |
| time/                   |              |
|    fps                  | 270          |
|    iterations           | 13           |
|    time_elapsed         | 98           |
|    total_timesteps      | 26624        |
| train/                  |              |
|    approx_kl            | 0.0036639425 |
|    clip_fraction        | 0.0471       |
|    clip_range           | 0.2          |
|    entropy_loss         | -2.83        |
|    explained_variance   | 0.0704       |
|    learning_rate        | 0.0003       |
|    loss                 | 12           |
|    n_updates            | 60           |
|    policy_gradient_loss | -0.00324     |
|    std                  | 0.993        |
|    value_loss           | 3.59         |
------------------------------------------
-----------------------------------------
| rollout/                |             |
|    ep_len_mean          | 2.09e+03    |
|    ep_rew_mean          | -4.47       |
| time/                   |             |
|    fps                  | 281         |
|    iterations           | 14          |
|    time_elapsed         | 101         |
|    total_timesteps      | 28672       |
| train/                  |             |
|    approx_kl            | 0.007855238 |
|    clip_fraction        | 0.0321      |
|    clip_range           | 0.2         |
|    entropy_loss         | -2.82       |
|    explained_variance   | 0.126       |
|    learning_rate        | 0.0003      |
|    loss                 | 14.9        |
|    n_updates            | 65          |
|    policy_gradient_loss | -0.0028     |
|    std                  | 0.991       |
|    value_loss           | 5.36        |
-----------------------------------------
------------------------------------------
| rollout/                |              |
|    ep_len_mean          | 2.08e+03     |
|    ep_rew_mean          | -4.77        |
| time/                   |              |
|    fps                  | 296          |
|    iterations           | 15           |
|    time_elapsed         | 103          |
|    total_timesteps      | 30720        |
| train/                  |              |
|    approx_kl            | 0.0053284275 |
|    clip_fraction        | 0.029        |
|    clip_range           | 0.2          |
|    entropy_loss         | -2.82        |
|    explained_variance   | 0.238        |
|    learning_rate        | 0.0003       |
|    loss                 | 0.282        |
|    n_updates            | 70           |
|    policy_gradient_loss | -0.00364     |
|    std                  | 0.99         |
|    value_loss           | 1.77         |
------------------------------------------
-----------------------------------------
| rollout/                |             |
|    ep_len_mean          | 2.08e+03    |
|    ep_rew_mean          | -4.77       |
| time/                   |             |
|    fps                  | 304         |
|    iterations           | 16          |
|    time_elapsed         | 107         |
|    total_timesteps      | 32768       |
| train/                  |             |
|    approx_kl            | 0.010753721 |
|    clip_fraction        | 0.0565      |
|    clip_range           | 0.2         |
|    entropy_loss         | -2.82       |
|    explained_variance   | 0.0717      |
|    learning_rate        | 0.0003      |
|    loss                 | 0.111       |
|    n_updates            | 75          |
|    policy_gradient_loss | -0.00449    |
|    std                  | 0.989       |
|    value_loss           | 4.31        |
-----------------------------------------
-----------------------------------------
| rollout/                |             |
|    ep_len_mean          | 2.07e+03    |
|    ep_rew_mean          | -3.81       |
| time/                   |             |
|    fps                  | 301         |
|    iterations           | 17          |
|    time_elapsed         | 115         |
|    total_timesteps      | 34816       |
| train/                  |             |
|    approx_kl            | 0.004097714 |
|    clip_fraction        | 0.0215      |
|    clip_range           | 0.2         |
|    entropy_loss         | -2.81       |
|    explained_variance   | 0.0952      |
|    learning_rate        | 0.0003      |
|    loss                 | 0.0332      |
|    n_updates            | 80          |
|    policy_gradient_loss | -0.00196    |
|    std                  | 0.986       |
|    value_loss           | 1.55        |
-----------------------------------------
------------------------------------------
| rollout/                |              |
|    ep_len_mean          | 2.08e+03     |
|    ep_rew_mean          | -1.89        |
| time/                   |              |
|    fps                  | 297          |
|    iterations           | 18           |
|    time_elapsed         | 123          |
|    total_timesteps      | 36864        |
| train/                  |              |
|    approx_kl            | 0.0043354197 |
|    clip_fraction        | 0.0165       |
|    clip_range           | 0.2          |
|    entropy_loss         | -2.81        |
|    explained_variance   | 0.11         |
|    learning_rate        | 0.0003       |
|    loss                 | 0.251        |
|    n_updates            | 85           |
|    policy_gradient_loss | -0.00255     |
|    std                  | 0.987        |
|    value_loss           | 7.67         |
------------------------------------------
------------------------------------------
| rollout/                |              |
|    ep_len_mean          | 2.07e+03     |
|    ep_rew_mean          | -0.199       |
| time/                   |              |
|    fps                  | 297          |
|    iterations           | 19           |
|    time_elapsed         | 130          |
|    total_timesteps      | 38912        |
| train/                  |              |
|    approx_kl            | 0.0051299203 |
|    clip_fraction        | 0.0185       |
|    clip_range           | 0.2          |
|    entropy_loss         | -2.81        |
|    explained_variance   | 0.0674       |
|    learning_rate        | 0.0003       |
|    loss                 | 30.7         |
|    n_updates            | 90           |
|    policy_gradient_loss | -0.0021      |
|    std                  | 0.986        |
|    value_loss           | 10.9         |
------------------------------------------
------------------------------------------
| rollout/                |              |
|    ep_len_mean          | 2.07e+03     |
|    ep_rew_mean          | -0.199       |
| time/                   |              |
|    fps                  | 305          |
|    iterations           | 20           |
|    time_elapsed         | 134          |
|    total_timesteps      | 40960        |
| train/                  |              |
|    approx_kl            | 0.0064874217 |
|    clip_fraction        | 0.0582       |
|    clip_range           | 0.2          |
|    entropy_loss         | -2.81        |
|    explained_variance   | -0.0298      |
|    learning_rate        | 0.0003       |
|    loss                 | 1.42         |
|    n_updates            | 95           |
|    policy_gradient_loss | -0.00372     |
|    std                  | 0.985        |
|    value_loss           | 10.8         |
------------------------------------------
-----------------------------------------
| rollout/                |             |
|    ep_len_mean          | 2.05e+03    |
|    ep_rew_mean          | 3.46        |
| time/                   |             |
|    fps                  | 303         |
|    iterations           | 21          |
|    time_elapsed         | 141         |
|    total_timesteps      | 43008       |
| train/                  |             |
|    approx_kl            | 0.008790255 |
|    clip_fraction        | 0.0763      |
|    clip_range           | 0.2         |
|    entropy_loss         | -2.81       |
|    explained_variance   | 0.209       |
|    learning_rate        | 0.0003      |
|    loss                 | 1.97        |
|    n_updates            | 100         |
|    policy_gradient_loss | -0.00158    |
|    std                  | 0.986       |
|    value_loss           | 2.36        |
-----------------------------------------
------------------------------------------
| rollout/                |              |
|    ep_len_mean          | 2.05e+03     |
|    ep_rew_mean          | 3.46         |
| time/                   |              |
|    fps                  | 303          |
|    iterations           | 22           |
|    time_elapsed         | 148          |
|    total_timesteps      | 45056        |
| train/                  |              |
|    approx_kl            | 0.0032724515 |
|    clip_fraction        | 0.0494       |
|    clip_range           | 0.2          |
|    entropy_loss         | -2.81        |
|    explained_variance   | 0.0363       |
|    learning_rate        | 0.0003       |
|    loss                 | 29.5         |
|    n_updates            | 105          |
|    policy_gradient_loss | -0.00267     |
|    std                  | 0.986        |
|    value_loss           | 23.7         |
------------------------------------------
-----------------------------------------
| rollout/                |             |
|    ep_len_mean          | 2.01e+03    |
|    ep_rew_mean          | 9.43        |
| time/                   |             |
|    fps                  | 308         |
|    iterations           | 23          |
|    time_elapsed         | 152         |
|    total_timesteps      | 47104       |
| train/                  |             |
|    approx_kl            | 0.007048101 |
|    clip_fraction        | 0.104       |
|    clip_range           | 0.2         |
|    entropy_loss         | -2.81       |
|    explained_variance   | 0.372       |
|    learning_rate        | 0.0003      |
|    loss                 | 0.207       |
|    n_updates            | 110         |
|    policy_gradient_loss | -0.00897    |
|    std                  | 0.986       |
|    value_loss           | 0.598       |
-----------------------------------------
------------------------------------------
| rollout/                |              |
|    ep_len_mean          | 1.99e+03     |
|    ep_rew_mean          | 10.1         |
| time/                   |              |
|    fps                  | 312          |
|    iterations           | 24           |
|    time_elapsed         | 157          |
|    total_timesteps      | 49152        |
| train/                  |              |
|    approx_kl            | 0.0034876799 |
|    clip_fraction        | 0.0308       |
|    clip_range           | 0.2          |
|    entropy_loss         | -2.81        |
|    explained_variance   | -0.0121      |
|    learning_rate        | 0.0003       |
|    loss                 | 6.2          |
|    n_updates            | 115          |
|    policy_gradient_loss | -0.00186     |
|    std                  | 0.986        |
|    value_loss           | 54.5         |
------------------------------------------
------------------------------------------
| rollout/                |              |
|    ep_len_mean          | 2.01e+03     |
|    ep_rew_mean          | 10.7         |
| time/                   |              |
|    fps                  | 313          |
|    iterations           | 25           |
|    time_elapsed         | 163          |
|    total_timesteps      | 51200        |
| train/                  |              |
|    approx_kl            | 0.0074185976 |
|    clip_fraction        | 0.112        |
|    clip_range           | 0.2          |
|    entropy_loss         | -2.81        |
|    explained_variance   | 0.0773       |
|    learning_rate        | 0.0003       |
|    loss                 | 3.51         |
|    n_updates            | 120          |
|    policy_gradient_loss | -0.00849     |
|    std                  | 0.984        |
|    value_loss           | 11.1         |
------------------------------------------
----------------------------------------
| rollout/                |            |
|    ep_len_mean          | 2.01e+03   |
|    ep_rew_mean          | 10.7       |
| time/                   |            |
|    fps                  | 311        |
|    iterations           | 26         |
|    time_elapsed         | 170        |
|    total_timesteps      | 53248      |
| train/                  |            |
|    approx_kl            | 0.00646062 |
|    clip_fraction        | 0.0783     |
|    clip_range           | 0.2        |
|    entropy_loss         | -2.8       |
|    explained_variance   | 0.104      |
|    learning_rate        | 0.0003     |
|    loss                 | 6.89       |
|    n_updates            | 125        |
|    policy_gradient_loss | -0.00143   |
|    std                  | 0.982      |
|    value_loss           | 10.8       |
----------------------------------------
------------------------------------------
| rollout/                |              |
|    ep_len_mean          | 2e+03        |
|    ep_rew_mean          | 11.5         |
| time/                   |              |
|    fps                  | 311          |
|    iterations           | 27           |
|    time_elapsed         | 177          |
|    total_timesteps      | 55296        |
| train/                  |              |
|    approx_kl            | 0.0033728248 |
|    clip_fraction        | 0.00742      |
|    clip_range           | 0.2          |
|    entropy_loss         | -2.8         |
|    explained_variance   | 0.234        |
|    learning_rate        | 0.0003       |
|    loss                 | 4.94         |
|    n_updates            | 130          |
|    policy_gradient_loss | -0.00153     |
|    std                  | 0.981        |
|    value_loss           | 5.51         |
------------------------------------------
-----------------------------------------
| rollout/                |             |
|    ep_len_mean          | 1.96e+03    |
|    ep_rew_mean          | 16.5        |
| time/                   |             |
|    fps                  | 304         |
|    iterations           | 28          |
|    time_elapsed         | 188         |
|    total_timesteps      | 57344       |
| train/                  |             |
|    approx_kl            | 0.009014949 |
|    clip_fraction        | 0.096       |
|    clip_range           | 0.2         |
|    entropy_loss         | -2.8        |
|    explained_variance   | 0.0828      |
|    learning_rate        | 0.0003      |
|    loss                 | 0.714       |
|    n_updates            | 135         |
|    policy_gradient_loss | -0.00703    |
|    std                  | 0.981       |
|    value_loss           | 10.3        |
-----------------------------------------
----------------------------------------
| rollout/                |            |
|    ep_len_mean          | 1.96e+03   |
|    ep_rew_mean          | 16.5       |
| time/                   |            |
|    fps                  | 294        |
|    iterations           | 29         |
|    time_elapsed         | 201        |
|    total_timesteps      | 59392      |
| train/                  |            |
|    approx_kl            | 0.00928931 |
|    clip_fraction        | 0.0637     |
|    clip_range           | 0.2        |
|    entropy_loss         | -2.8       |
|    explained_variance   | 0.0246     |
|    learning_rate        | 0.0003     |
|    loss                 | 1.23       |
|    n_updates            | 140        |
|    policy_gradient_loss | -0.00277   |
|    std                  | 0.981      |
|    value_loss           | 60.5       |
----------------------------------------
------------------------------------------
| rollout/                |              |
|    ep_len_mean          | 1.97e+03     |
|    ep_rew_mean          | 16.5         |
| time/                   |              |
|    fps                  | 300          |
|    iterations           | 30           |
|    time_elapsed         | 204          |
|    total_timesteps      | 61440        |
| train/                  |              |
|    approx_kl            | 0.0033938086 |
|    clip_fraction        | 0.0129       |
|    clip_range           | 0.2          |
|    entropy_loss         | -2.8         |
|    explained_variance   | 0.102        |
|    learning_rate        | 0.0003       |
|    loss                 | 2.14         |
|    n_updates            | 145          |
|    policy_gradient_loss | -0.000907    |
|    std                  | 0.981        |
|    value_loss           | 5.47         |
------------------------------------------
-----------------------------------------
| rollout/                |             |
|    ep_len_mean          | 1.97e+03    |
|    ep_rew_mean          | 16.7        |
| time/                   |             |
|    fps                  | 292         |
|    iterations           | 31          |
|    time_elapsed         | 217         |
|    total_timesteps      | 63488       |
| train/                  |             |
|    approx_kl            | 0.004438787 |
|    clip_fraction        | 0.021       |
|    clip_range           | 0.2         |
|    entropy_loss         | -2.8        |
|    explained_variance   | 0.332       |
|    learning_rate        | 0.0003      |
|    loss                 | 4.73        |
|    n_updates            | 150         |
|    policy_gradient_loss | -0.00116    |
|    std                  | 0.981       |
|    value_loss           | 11.9        |
-----------------------------------------
------------------------------------------
| rollout/                |              |
|    ep_len_mean          | 1.96e+03     |
|    ep_rew_mean          | 16.9         |
| time/                   |              |
|    fps                  | 292          |
|    iterations           | 32           |
|    time_elapsed         | 224          |
|    total_timesteps      | 65536        |
| train/                  |              |
|    approx_kl            | 0.0043061543 |
|    clip_fraction        | 0.0432       |
|    clip_range           | 0.2          |
|    entropy_loss         | -2.8         |
|    explained_variance   | 0.33         |
|    learning_rate        | 0.0003       |
|    loss                 | 0.456        |
|    n_updates            | 155          |
|    policy_gradient_loss | -0.00309     |
|    std                  | 0.979        |
|    value_loss           | 9.59         |
------------------------------------------
------------------------------------------
| rollout/                |              |
|    ep_len_mean          | 1.97e+03     |
|    ep_rew_mean          | 16.7         |
| time/                   |              |
|    fps                  | 292          |
|    iterations           | 33           |
|    time_elapsed         | 230          |
|    total_timesteps      | 67584        |
| train/                  |              |
|    approx_kl            | 0.0039851796 |
|    clip_fraction        | 0.00996      |
|    clip_range           | 0.2          |
|    entropy_loss         | -2.8         |
|    explained_variance   | 0.272        |
|    learning_rate        | 0.0003       |
|    loss                 | 2.12         |
|    n_updates            | 160          |
|    policy_gradient_loss | -0.00132     |
|    std                  | 0.979        |
|    value_loss           | 12.5         |
------------------------------------------
-----------------------------------------
| rollout/                |             |
|    ep_len_mean          | 1.97e+03    |
|    ep_rew_mean          | 16.7        |
| time/                   |             |
|    fps                  | 294         |
|    iterations           | 34          |
|    time_elapsed         | 236         |
|    total_timesteps      | 69632       |
| train/                  |             |
|    approx_kl            | 0.008621259 |
|    clip_fraction        | 0.0739      |
|    clip_range           | 0.2         |
|    entropy_loss         | -2.8        |
|    explained_variance   | 0.128       |
|    learning_rate        | 0.0003      |
|    loss                 | 4.2         |
|    n_updates            | 165         |
|    policy_gradient_loss | -8.1e-05    |
|    std                  | 0.979       |
|    value_loss           | 23          |
-----------------------------------------
-----------------------------------------
| rollout/                |             |
|    ep_len_mean          | 1.96e+03    |
|    ep_rew_mean          | 16.7        |
| time/                   |             |
|    fps                  | 298         |
|    iterations           | 35          |
|    time_elapsed         | 240         |
|    total_timesteps      | 71680       |
| train/                  |             |
|    approx_kl            | 0.005193428 |
|    clip_fraction        | 0.047       |
|    clip_range           | 0.2         |
|    entropy_loss         | -2.8        |
|    explained_variance   | 0.504       |
|    learning_rate        | 0.0003      |
|    loss                 | 1.4         |
|    n_updates            | 170         |
|    policy_gradient_loss | -0.000361   |
|    std                  | 0.979       |
|    value_loss           | 7.39        |
-----------------------------------------
-----------------------------------------
| rollout/                |             |
|    ep_len_mean          | 1.97e+03    |
|    ep_rew_mean          | 16          |
| time/                   |             |
|    fps                  | 302         |
|    iterations           | 36          |
|    time_elapsed         | 243         |
|    total_timesteps      | 73728       |
| train/                  |             |
|    approx_kl            | 0.004145051 |
|    clip_fraction        | 0.0356      |
|    clip_range           | 0.2         |
|    entropy_loss         | -2.79       |
|    explained_variance   | 0.521       |
|    learning_rate        | 0.0003      |
|    loss                 | 0.805       |
|    n_updates            | 175         |
|    policy_gradient_loss | -0.00187    |
|    std                  | 0.977       |
|    value_loss           | 11.2        |
-----------------------------------------
------------------------------------------
| rollout/                |              |
|    ep_len_mean          | 1.95e+03     |
|    ep_rew_mean          | 18.3         |
| time/                   |              |
|    fps                  | 305          |
|    iterations           | 37           |
|    time_elapsed         | 248          |
|    total_timesteps      | 75776        |
| train/                  |              |
|    approx_kl            | 0.0068852967 |
|    clip_fraction        | 0.073        |
|    clip_range           | 0.2          |
|    entropy_loss         | -2.79        |
|    explained_variance   | 0.262        |
|    learning_rate        | 0.0003       |
|    loss                 | 22.2         |
|    n_updates            | 180          |
|    policy_gradient_loss | -0.00567     |
|    std                  | 0.978        |
|    value_loss           | 8.97         |
------------------------------------------
-----------------------------------------
| rollout/                |             |
|    ep_len_mean          | 1.95e+03    |
|    ep_rew_mean          | 18.3        |
| time/                   |             |
|    fps                  | 307         |
|    iterations           | 38          |
|    time_elapsed         | 252         |
|    total_timesteps      | 77824       |
| train/                  |             |
|    approx_kl            | 0.006456655 |
|    clip_fraction        | 0.082       |
|    clip_range           | 0.2         |
|    entropy_loss         | -2.79       |
|    explained_variance   | 0.0931      |
|    learning_rate        | 0.0003      |
|    loss                 | 33.1        |
|    n_updates            | 185         |
|    policy_gradient_loss | -0.00269    |
|    std                  | 0.978       |
|    value_loss           | 70.3        |
-----------------------------------------
------------------------------------------
| rollout/                |              |
|    ep_len_mean          | 1.91e+03     |
|    ep_rew_mean          | 20.7         |
| time/                   |              |
|    fps                  | 313          |
|    iterations           | 39           |
|    time_elapsed         | 254          |
|    total_timesteps      | 79872        |
| train/                  |              |
|    approx_kl            | 0.0044775223 |
|    clip_fraction        | 0.0451       |
|    clip_range           | 0.2          |
|    entropy_loss         | -2.79        |
|    explained_variance   | 0.612        |
|    learning_rate        | 0.0003       |
|    loss                 | 1.73         |
|    n_updates            | 190          |
|    policy_gradient_loss | -0.000836    |
|    std                  | 0.978        |
|    value_loss           | 7.91         |
------------------------------------------
------------------------------------------
| rollout/                |              |
|    ep_len_mean          | 1.9e+03      |
|    ep_rew_mean          | 20.7         |
| time/                   |              |
|    fps                  | 319          |
|    iterations           | 40           |
|    time_elapsed         | 256          |
|    total_timesteps      | 81920        |
| train/                  |              |
|    approx_kl            | 0.0052919406 |
|    clip_fraction        | 0.0551       |
|    clip_range           | 0.2          |
|    entropy_loss         | -2.79        |
|    explained_variance   | 0.129        |
|    learning_rate        | 0.0003       |
|    loss                 | 1.84         |
|    n_updates            | 195          |
|    policy_gradient_loss | 0.000646     |
|    std                  | 0.979        |
|    value_loss           | 59.8         |
------------------------------------------
------------------------------------------
| rollout/                |              |
|    ep_len_mean          | 1.9e+03      |
|    ep_rew_mean          | 20.7         |
| time/                   |              |
|    fps                  | 325          |
|    iterations           | 41           |
|    time_elapsed         | 257          |
|    total_timesteps      | 83968        |
| train/                  |              |
|    approx_kl            | 0.0034206645 |
|    clip_fraction        | 0.00996      |
|    clip_range           | 0.2          |
|    entropy_loss         | -2.79        |
|    explained_variance   | 0.423        |
|    learning_rate        | 0.0003       |
|    loss                 | 1.92         |
|    n_updates            | 200          |
|    policy_gradient_loss | -0.000583    |
|    std                  | 0.979        |
|    value_loss           | 19           |
------------------------------------------
-----------------------------------------
| rollout/                |             |
|    ep_len_mean          | 1.9e+03     |
|    ep_rew_mean          | 20.7        |
| time/                   |             |
|    fps                  | 330         |
|    iterations           | 42          |
|    time_elapsed         | 260         |
|    total_timesteps      | 86016       |
| train/                  |             |
|    approx_kl            | 0.012522481 |
|    clip_fraction        | 0.0727      |
|    clip_range           | 0.2         |
|    entropy_loss         | -2.8        |
|    explained_variance   | 0.891       |
|    learning_rate        | 0.0003      |
|    loss                 | 0.0954      |
|    n_updates            | 205         |
|    policy_gradient_loss | 4.45e-05    |
|    std                  | 0.98        |
|    value_loss           | 4.4         |
-----------------------------------------
------------------------------------------
| rollout/                |              |
|    ep_len_mean          | 1.91e+03     |
|    ep_rew_mean          | 19.8         |
| time/                   |              |
|    fps                  | 332          |
|    iterations           | 43           |
|    time_elapsed         | 265          |
|    total_timesteps      | 88064        |
| train/                  |              |
|    approx_kl            | 0.0048795072 |
|    clip_fraction        | 0.0508       |
|    clip_range           | 0.2          |
|    entropy_loss         | -2.8         |
|    explained_variance   | 0.592        |
|    learning_rate        | 0.0003       |
|    loss                 | 4.96         |
|    n_updates            | 210          |
|    policy_gradient_loss | -0.00136     |
|    std                  | 0.982        |
|    value_loss           | 5.98         |
------------------------------------------
------------------------------------------
| rollout/                |              |
|    ep_len_mean          | 1.91e+03     |
|    ep_rew_mean          | 20           |
| time/                   |              |
|    fps                  | 335          |
|    iterations           | 44           |
|    time_elapsed         | 268          |
|    total_timesteps      | 90112        |
| train/                  |              |
|    approx_kl            | 0.0025125858 |
|    clip_fraction        | 0.00771      |
|    clip_range           | 0.2          |
|    entropy_loss         | -2.8         |
|    explained_variance   | 0.541        |
|    learning_rate        | 0.0003       |
|    loss                 | 0.534        |
|    n_updates            | 215          |
|    policy_gradient_loss | -0.000431    |
|    std                  | 0.981        |
|    value_loss           | 20.9         |
------------------------------------------
-----------------------------------------
| rollout/                |             |
|    ep_len_mean          | 1.92e+03    |
|    ep_rew_mean          | 19.7        |
| time/                   |             |
|    fps                  | 334         |
|    iterations           | 45          |
|    time_elapsed         | 275         |
|    total_timesteps      | 92160       |
| train/                  |             |
|    approx_kl            | 0.011993115 |
|    clip_fraction        | 0.0662      |
|    clip_range           | 0.2         |
|    entropy_loss         | -2.8        |
|    explained_variance   | 0.577       |
|    learning_rate        | 0.0003      |
|    loss                 | 0.0133      |
|    n_updates            | 220         |
|    policy_gradient_loss | -0.00264    |
|    std                  | 0.981       |
|    value_loss           | 15.2        |
-----------------------------------------
------------------------------------------
| rollout/                |              |
|    ep_len_mean          | 1.92e+03     |
|    ep_rew_mean          | 19.5         |
| time/                   |              |
|    fps                  | 335          |
|    iterations           | 46           |
|    time_elapsed         | 280          |
|    total_timesteps      | 94208        |
| train/                  |              |
|    approx_kl            | 0.0052598235 |
|    clip_fraction        | 0.013        |
|    clip_range           | 0.2          |
|    entropy_loss         | -2.8         |
|    explained_variance   | 0.602        |
|    learning_rate        | 0.0003       |
|    loss                 | 4.82         |
|    n_updates            | 225          |
|    policy_gradient_loss | -0.000132    |
|    std                  | 0.982        |
|    value_loss           | 13.5         |
------------------------------------------
------------------------------------------
| rollout/                |              |
|    ep_len_mean          | 1.91e+03     |
|    ep_rew_mean          | 19.6         |
| time/                   |              |
|    fps                  | 337          |
|    iterations           | 47           |
|    time_elapsed         | 285          |
|    total_timesteps      | 96256        |
| train/                  |              |
|    approx_kl            | 0.0016311249 |
|    clip_fraction        | 0.00234      |
|    clip_range           | 0.2          |
|    entropy_loss         | -2.8         |
|    explained_variance   | 0.739        |
|    learning_rate        | 0.0003       |
|    loss                 | 1.51         |
|    n_updates            | 230          |
|    policy_gradient_loss | -0.000204    |
|    std                  | 0.982        |
|    value_loss           | 8.77         |
------------------------------------------
------------------------------------------
| rollout/                |              |
|    ep_len_mean          | 1.89e+03     |
|    ep_rew_mean          | 21.8         |
| time/                   |              |
|    fps                  | 339          |
|    iterations           | 48           |
|    time_elapsed         | 289          |
|    total_timesteps      | 98304        |
| train/                  |              |
|    approx_kl            | 0.0050648833 |
|    clip_fraction        | 0.0336       |
|    clip_range           | 0.2          |
|    entropy_loss         | -2.8         |
|    explained_variance   | 0.634        |
|    learning_rate        | 0.0003       |
|    loss                 | 24.6         |
|    n_updates            | 235          |
|    policy_gradient_loss | -0.00387     |
|    std                  | 0.982        |
|    value_loss           | 16.1         |
------------------------------------------
-----------------------------------------
| rollout/                |             |
|    ep_len_mean          | 1.9e+03     |
|    ep_rew_mean          | 21.7        |
| time/                   |             |
|    fps                  | 343         |
|    iterations           | 49          |
|    time_elapsed         | 292         |
|    total_timesteps      | 100352      |
| train/                  |             |
|    approx_kl            | 0.002725623 |
|    clip_fraction        | 0.00566     |
|    clip_range           | 0.2         |
|    entropy_loss         | -2.8        |
|    explained_variance   | 0.321       |
|    learning_rate        | 0.0003      |
|    loss                 | 202         |
|    n_updates            | 240         |
|    policy_gradient_loss | -0.00101    |
|    std                  | 0.981       |
|    value_loss           | 55.7        |
-----------------------------------------
------------------------------------------
| rollout/                |              |
|    ep_len_mean          | 1.9e+03      |
|    ep_rew_mean          | 21.7         |
| time/                   |              |
|    fps                  | 343          |
|    iterations           | 50           |
|    time_elapsed         | 298          |
|    total_timesteps      | 102400       |
| train/                  |              |
|    approx_kl            | 0.0030468316 |
|    clip_fraction        | 0.0241       |
|    clip_range           | 0.2          |
|    entropy_loss         | -2.8         |
|    explained_variance   | 0.621        |
|    learning_rate        | 0.0003       |
|    loss                 | 0.00257      |
|    n_updates            | 245          |
|    policy_gradient_loss | -0.000725    |
|    std                  | 0.979        |
|    value_loss           | 12.1         |
------------------------------------------
------------------------------------------
| rollout/                |              |
|    ep_len_mean          | 1.9e+03      |
|    ep_rew_mean          | 21.7         |
| time/                   |              |
|    fps                  | 342          |
|    iterations           | 51           |
|    time_elapsed         | 305          |
|    total_timesteps      | 104448       |
| train/                  |              |
|    approx_kl            | 0.0062026735 |
|    clip_fraction        | 0.0768       |
|    clip_range           | 0.2          |
|    entropy_loss         | -2.79        |
|    explained_variance   | 0.799        |
|    learning_rate        | 0.0003       |
|    loss                 | 0.0545       |
|    n_updates            | 250          |
|    policy_gradient_loss | -0.000341    |
|    std                  | 0.979        |
|    value_loss           | 11.4         |
------------------------------------------
------------------------------------------
| rollout/                |              |
|    ep_len_mean          | 1.9e+03      |
|    ep_rew_mean          | 21.7         |
| time/                   |              |
|    fps                  | 344          |
|    iterations           | 52           |
|    time_elapsed         | 308          |
|    total_timesteps      | 106496       |
| train/                  |              |
|    approx_kl            | 0.0042116106 |
|    clip_fraction        | 0.0195       |
|    clip_range           | 0.2          |
|    entropy_loss         | -2.8         |
|    explained_variance   | 0.795        |
|    learning_rate        | 0.0003       |
|    loss                 | 8.69         |
|    n_updates            | 255          |
|    policy_gradient_loss | -0.000612    |
|    std                  | 0.979        |
|    value_loss           | 11.2         |
------------------------------------------
------------------------------------------
| rollout/                |              |
|    ep_len_mean          | 1.9e+03      |
|    ep_rew_mean          | 21.8         |
| time/                   |              |
|    fps                  | 347          |
|    iterations           | 53           |
|    time_elapsed         | 312          |
|    total_timesteps      | 108544       |
| train/                  |              |
|    approx_kl            | 0.0011341731 |
|    clip_fraction        | 0.000488     |
|    clip_range           | 0.2          |
|    entropy_loss         | -2.8         |
|    explained_variance   | 0.755        |
|    learning_rate        | 0.0003       |
|    loss                 | 2.07         |
|    n_updates            | 260          |
|    policy_gradient_loss | -0.00155     |
|    std                  | 0.979        |
|    value_loss           | 10.7         |
------------------------------------------
------------------------------------------
| rollout/                |              |
|    ep_len_mean          | 1.9e+03      |
|    ep_rew_mean          | 21.7         |
| time/                   |              |
|    fps                  | 350          |
|    iterations           | 54           |
|    time_elapsed         | 315          |
|    total_timesteps      | 110592       |
| train/                  |              |
|    approx_kl            | 0.0008448152 |
|    clip_fraction        | 0.000293     |
|    clip_range           | 0.2          |
|    entropy_loss         | -2.8         |
|    explained_variance   | 0.735        |
|    learning_rate        | 0.0003       |
|    loss                 | 4.45         |
|    n_updates            | 265          |
|    policy_gradient_loss | -0.000679    |
|    std                  | 0.979        |
|    value_loss           | 9.5          |
------------------------------------------
------------------------------------------
| rollout/                |              |
|    ep_len_mean          | 1.89e+03     |
|    ep_rew_mean          | 23.5         |
| time/                   |              |
|    fps                  | 353          |
|    iterations           | 55           |
|    time_elapsed         | 318          |
|    total_timesteps      | 112640       |
| train/                  |              |
|    approx_kl            | 0.0070792087 |
|    clip_fraction        | 0.0334       |
|    clip_range           | 0.2          |
|    entropy_loss         | -2.79        |
|    explained_variance   | 0.766        |
|    learning_rate        | 0.0003       |
|    loss                 | 3.07         |
|    n_updates            | 270          |
|    policy_gradient_loss | -0.00207     |
|    std                  | 0.979        |
|    value_loss           | 8.03         |
------------------------------------------
-----------------------------------------
| rollout/                |             |
|    ep_len_mean          | 1.88e+03    |
|    ep_rew_mean          | 25.1        |
| time/                   |             |
|    fps                  | 356         |
|    iterations           | 56          |
|    time_elapsed         | 321         |
|    total_timesteps      | 114688      |
| train/                  |             |
|    approx_kl            | 0.001187758 |
|    clip_fraction        | 0.000879    |
|    clip_range           | 0.2         |
|    entropy_loss         | -2.79       |
|    explained_variance   | 0.22        |
|    learning_rate        | 0.0003      |
|    loss                 | 2.79        |
|    n_updates            | 275         |
|    policy_gradient_loss | -0.000838   |
|    std                  | 0.979       |
|    value_loss           | 61          |
-----------------------------------------
------------------------------------------
| rollout/                |              |
|    ep_len_mean          | 1.86e+03     |
|    ep_rew_mean          | 26.8         |
| time/                   |              |
|    fps                  | 357          |
|    iterations           | 57           |
|    time_elapsed         | 326          |
|    total_timesteps      | 116736       |
| train/                  |              |
|    approx_kl            | 0.0051001357 |
|    clip_fraction        | 0.0177       |
|    clip_range           | 0.2          |
|    entropy_loss         | -2.79        |
|    explained_variance   | 0.0989       |
|    learning_rate        | 0.0003       |
|    loss                 | 5.1          |
|    n_updates            | 280          |
|    policy_gradient_loss | -0.00333     |
|    std                  | 0.979        |
|    value_loss           | 63.4         |
------------------------------------------
------------------------------------------
| rollout/                |              |
|    ep_len_mean          | 1.85e+03     |
|    ep_rew_mean          | 28.5         |
| time/                   |              |
|    fps                  | 356          |
|    iterations           | 58           |
|    time_elapsed         | 333          |
|    total_timesteps      | 118784       |
| train/                  |              |
|    approx_kl            | 0.0013024345 |
|    clip_fraction        | 0.000293     |
|    clip_range           | 0.2          |
|    entropy_loss         | -2.8         |
|    explained_variance   | 0.241        |
|    learning_rate        | 0.0003       |
|    loss                 | 0.207        |
|    n_updates            | 285          |
|    policy_gradient_loss | -0.000885    |
|    std                  | 0.979        |
|    value_loss           | 58.7         |
------------------------------------------
------------------------------------------
| rollout/                |              |
|    ep_len_mean          | 1.85e+03     |
|    ep_rew_mean          | 28.3         |
| time/                   |              |
|    fps                  | 357          |
|    iterations           | 59           |
|    time_elapsed         | 338          |
|    total_timesteps      | 120832       |
| train/                  |              |
|    approx_kl            | 0.0067286314 |
|    clip_fraction        | 0.0489       |
|    clip_range           | 0.2          |
|    entropy_loss         | -2.79        |
|    explained_variance   | 0.138        |
|    learning_rate        | 0.0003       |
|    loss                 | 4.26         |
|    n_updates            | 290          |
|    policy_gradient_loss | -0.00273     |
|    std                  | 0.978        |
|    value_loss           | 53.4         |
------------------------------------------
------------------------------------------
| rollout/                |              |
|    ep_len_mean          | 1.85e+03     |
|    ep_rew_mean          | 28.3         |
| time/                   |              |
|    fps                  | 359          |
|    iterations           | 60           |
|    time_elapsed         | 342          |
|    total_timesteps      | 122880       |
| train/                  |              |
|    approx_kl            | 0.0017197517 |
|    clip_fraction        | 0.00234      |
|    clip_range           | 0.2          |
|    entropy_loss         | -2.79        |
|    explained_variance   | 0.721        |
|    learning_rate        | 0.0003       |
|    loss                 | 21.1         |
|    n_updates            | 295          |
|    policy_gradient_loss | -0.00101     |
|    std                  | 0.978        |
|    value_loss           | 14.9         |
------------------------------------------
------------------------------------------
| rollout/                |              |
|    ep_len_mean          | 1.85e+03     |
|    ep_rew_mean          | 28.2         |
| time/                   |              |
|    fps                  | 362          |
|    iterations           | 61           |
|    time_elapsed         | 344          |
|    total_timesteps      | 124928       |
| train/                  |              |
|    approx_kl            | 0.0030254067 |
|    clip_fraction        | 0.00537      |
|    clip_range           | 0.2          |
|    entropy_loss         | -2.79        |
|    explained_variance   | 0.672        |
|    learning_rate        | 0.0003       |
|    loss                 | 3.19         |
|    n_updates            | 300          |
|    policy_gradient_loss | -2.6e-05     |
|    std                  | 0.978        |
|    value_loss           | 7            |
------------------------------------------
------------------------------------------
| rollout/                |              |
|    ep_len_mean          | 1.85e+03     |
|    ep_rew_mean          | 28.1         |
| time/                   |              |
|    fps                  | 362          |
|    iterations           | 62           |
|    time_elapsed         | 350          |
|    total_timesteps      | 126976       |
| train/                  |              |
|    approx_kl            | 0.0063383044 |
|    clip_fraction        | 0.0299       |
|    clip_range           | 0.2          |
|    entropy_loss         | -2.79        |
|    explained_variance   | 0.764        |
|    learning_rate        | 0.0003       |
|    loss                 | 0.421        |
|    n_updates            | 305          |
|    policy_gradient_loss | -0.00119     |
|    std                  | 0.978        |
|    value_loss           | 8.64         |
------------------------------------------
-------------------------------------------
| rollout/                |               |
|    ep_len_mean          | 1.86e+03      |
|    ep_rew_mean          | 27.9          |
| time/                   |               |
|    fps                  | 363           |
|    iterations           | 63            |
|    time_elapsed         | 354           |
|    total_timesteps      | 129024        |
| train/                  |               |
|    approx_kl            | 0.00068483094 |
|    clip_fraction        | 0.000879      |
|    clip_range           | 0.2           |
|    entropy_loss         | -2.79         |
|    explained_variance   | 0.823         |
|    learning_rate        | 0.0003        |
|    loss                 | 3.1           |
|    n_updates            | 310           |
|    policy_gradient_loss | -0.000486     |
|    std                  | 0.978         |
|    value_loss           | 8.88          |
-------------------------------------------
------------------------------------------
| rollout/                |              |
|    ep_len_mean          | 1.86e+03     |
|    ep_rew_mean          | 27.8         |
| time/                   |              |
|    fps                  | 363          |
|    iterations           | 64           |
|    time_elapsed         | 360          |
|    total_timesteps      | 131072       |
| train/                  |              |
|    approx_kl            | 0.0033814376 |
|    clip_fraction        | 0.0513       |
|    clip_range           | 0.2          |
|    entropy_loss         | -2.79        |
|    explained_variance   | 0.678        |
|    learning_rate        | 0.0003       |
|    loss                 | 1.86         |
|    n_updates            | 315          |
|    policy_gradient_loss | -0.00341     |
|    std                  | 0.978        |
|    value_loss           | 16.1         |
------------------------------------------
------------------------------------------
| rollout/                |              |
|    ep_len_mean          | 1.86e+03     |
|    ep_rew_mean          | 27.8         |
| time/                   |              |
|    fps                  | 365          |
|    iterations           | 65           |
|    time_elapsed         | 363          |
|    total_timesteps      | 133120       |
| train/                  |              |
|    approx_kl            | 0.0033648815 |
|    clip_fraction        | 0.00859      |
|    clip_range           | 0.2          |
|    entropy_loss         | -2.79        |
|    explained_variance   | 0.726        |
|    learning_rate        | 0.0003       |
|    loss                 | 5.43         |
|    n_updates            | 320          |
|    policy_gradient_loss | -0.00229     |
|    std                  | 0.978        |
|    value_loss           | 11.8         |
------------------------------------------
------------------------------------------
| rollout/                |              |
|    ep_len_mean          | 1.86e+03     |
|    ep_rew_mean          | 27.6         |
| time/                   |              |
|    fps                  | 361          |
|    iterations           | 66           |
|    time_elapsed         | 373          |
|    total_timesteps      | 135168       |
| train/                  |              |
|    approx_kl            | 0.0025677332 |
|    clip_fraction        | 0.00684      |
|    clip_range           | 0.2          |
|    entropy_loss         | -2.79        |
|    explained_variance   | 0.806        |
|    learning_rate        | 0.0003       |
|    loss                 | 5.35         |
|    n_updates            | 325          |
|    policy_gradient_loss | -0.00138     |
|    std                  | 0.979        |
|    value_loss           | 7.84         |
------------------------------------------
------------------------------------------
| rollout/                |              |
|    ep_len_mean          | 1.87e+03     |
|    ep_rew_mean          | 27.5         |
| time/                   |              |
|    fps                  | 358          |
|    iterations           | 67           |
|    time_elapsed         | 382          |
|    total_timesteps      | 137216       |
| train/                  |              |
|    approx_kl            | 0.0010475103 |
|    clip_fraction        | 0.000195     |
|    clip_range           | 0.2          |
|    entropy_loss         | -2.79        |
|    explained_variance   | 0.779        |
|    learning_rate        | 0.0003       |
|    loss                 | 0.368        |
|    n_updates            | 330          |
|    policy_gradient_loss | -0.000527    |
|    std                  | 0.98         |
|    value_loss           | 5.71         |
------------------------------------------
-----------------------------------------
| rollout/                |             |
|    ep_len_mean          | 1.87e+03    |
|    ep_rew_mean          | 27.5        |
| time/                   |             |
|    fps                  | 359         |
|    iterations           | 68          |
|    time_elapsed         | 386         |
|    total_timesteps      | 139264      |
| train/                  |             |
|    approx_kl            | 0.004208568 |
|    clip_fraction        | 0.0585      |
|    clip_range           | 0.2         |
|    entropy_loss         | -2.8        |
|    explained_variance   | 0.713       |
|    learning_rate        | 0.0003      |
|    loss                 | 3.21        |
|    n_updates            | 335         |
|    policy_gradient_loss | -0.00114    |
|    std                  | 0.979       |
|    value_loss           | 15.6        |
-----------------------------------------
------------------------------------------
| rollout/                |              |
|    ep_len_mean          | 1.87e+03     |
|    ep_rew_mean          | 27.5         |
| time/                   |              |
|    fps                  | 359          |
|    iterations           | 69           |
|    time_elapsed         | 392          |
|    total_timesteps      | 141312       |
| train/                  |              |
|    approx_kl            | 0.0049523516 |
|    clip_fraction        | 0.0595       |
|    clip_range           | 0.2          |
|    entropy_loss         | -2.8         |
|    explained_variance   | 0.791        |
|    learning_rate        | 0.0003       |
|    loss                 | 5.04         |
|    n_updates            | 340          |
|    policy_gradient_loss | 0.00174      |
|    std                  | 0.979        |
|    value_loss           | 8.71         |
------------------------------------------
-----------------------------------------
| rollout/                |             |
|    ep_len_mean          | 1.87e+03    |
|    ep_rew_mean          | 27.3        |
| time/                   |             |
|    fps                  | 361         |
|    iterations           | 70          |
|    time_elapsed         | 396         |
|    total_timesteps      | 143360      |
| train/                  |             |
|    approx_kl            | 0.002159669 |
|    clip_fraction        | 0.00957     |
|    clip_range           | 0.2         |
|    entropy_loss         | -2.8        |
|    explained_variance   | 0.87        |
|    learning_rate        | 0.0003      |
|    loss                 | 3.27        |
|    n_updates            | 345         |
|    policy_gradient_loss | -0.00103    |
|    std                  | 0.979       |
|    value_loss           | 6.73        |
-----------------------------------------
-----------------------------------------
| rollout/                |             |
|    ep_len_mean          | 1.86e+03    |
|    ep_rew_mean          | 27.2        |
| time/                   |             |
|    fps                  | 362         |
|    iterations           | 71          |
|    time_elapsed         | 401         |
|    total_timesteps      | 145408      |
| train/                  |             |
|    approx_kl            | 0.009091704 |
|    clip_fraction        | 0.0516      |
|    clip_range           | 0.2         |
|    entropy_loss         | -2.79       |
|    explained_variance   | 0.86        |
|    learning_rate        | 0.0003      |
|    loss                 | 1.26        |
|    n_updates            | 350         |
|    policy_gradient_loss | -0.00136    |
|    std                  | 0.979       |
|    value_loss           | 7.45        |
-----------------------------------------
-----------------------------------------
| rollout/                |             |
|    ep_len_mean          | 1.86e+03    |
|    ep_rew_mean          | 27.2        |
| time/                   |             |
|    fps                  | 363         |
|    iterations           | 72          |
|    time_elapsed         | 405         |
|    total_timesteps      | 147456      |
| train/                  |             |
|    approx_kl            | 0.005430762 |
|    clip_fraction        | 0.0848      |
|    clip_range           | 0.2         |
|    entropy_loss         | -2.79       |
|    explained_variance   | 0.744       |
|    learning_rate        | 0.0003      |
|    loss                 | 18.2        |
|    n_updates            | 355         |
|    policy_gradient_loss | -0.00334    |
|    std                  | 0.979       |
|    value_loss           | 16.7        |
-----------------------------------------
-----------------------------------------
| rollout/                |             |
|    ep_len_mean          | 1.85e+03    |
|    ep_rew_mean          | 28.5        |
| time/                   |             |
|    fps                  | 366         |
|    iterations           | 73          |
|    time_elapsed         | 408         |
|    total_timesteps      | 149504      |
| train/                  |             |
|    approx_kl            | 0.003674063 |
|    clip_fraction        | 0.0106      |
|    clip_range           | 0.2         |
|    entropy_loss         | -2.8        |
|    explained_variance   | 0.726       |
|    learning_rate        | 0.0003      |
|    loss                 | 9.32        |
|    n_updates            | 360         |
|    policy_gradient_loss | -0.001      |
|    std                  | 0.979       |
|    value_loss           | 11.4        |
-----------------------------------------
------------------------------------------
| rollout/                |              |
|    ep_len_mean          | 1.86e+03     |
|    ep_rew_mean          | 28.1         |
| time/                   |              |
|    fps                  | 366          |
|    iterations           | 74           |
|    time_elapsed         | 413          |
|    total_timesteps      | 151552       |
| train/                  |              |
|    approx_kl            | 0.0037462981 |
|    clip_fraction        | 0.0188       |
|    clip_range           | 0.2          |
|    entropy_loss         | -2.8         |
|    explained_variance   | 0.348        |
|    learning_rate        | 0.0003       |
|    loss                 | 0.255        |
|    n_updates            | 365          |
|    policy_gradient_loss | -0.000146    |
|    std                  | 0.979        |
|    value_loss           | 54.4         |
------------------------------------------
-----------------------------------------
| rollout/                |             |
|    ep_len_mean          | 1.86e+03    |
|    ep_rew_mean          | 28.1        |
| time/                   |             |
|    fps                  | 366         |
|    iterations           | 75          |
|    time_elapsed         | 419         |
|    total_timesteps      | 153600      |
| train/                  |             |
|    approx_kl            | 0.004708122 |
|    clip_fraction        | 0.0376      |
|    clip_range           | 0.2         |
|    entropy_loss         | -2.8        |
|    explained_variance   | 0.817       |
|    learning_rate        | 0.0003      |
|    loss                 | 24.9        |
|    n_updates            | 370         |
|    policy_gradient_loss | -0.00357    |
|    std                  | 0.979       |
|    value_loss           | 12.7        |
-----------------------------------------
-----------------------------------------
| rollout/                |             |
|    ep_len_mean          | 1.85e+03    |
|    ep_rew_mean          | 29          |
| time/                   |             |
|    fps                  | 366         |
|    iterations           | 76          |
|    time_elapsed         | 424         |
|    total_timesteps      | 155648      |
| train/                  |             |
|    approx_kl            | 0.004558499 |
|    clip_fraction        | 0.0799      |
|    clip_range           | 0.2         |
|    entropy_loss         | -2.79       |
|    explained_variance   | 0.83        |
|    learning_rate        | 0.0003      |
|    loss                 | 0.0346      |
|    n_updates            | 375         |
|    policy_gradient_loss | 0.000612    |
|    std                  | 0.979       |
|    value_loss           | 7.09        |
-----------------------------------------
-----------------------------------------
| rollout/                |             |
|    ep_len_mean          | 1.85e+03    |
|    ep_rew_mean          | 29          |
| time/                   |             |
|    fps                  | 368         |
|    iterations           | 77          |
|    time_elapsed         | 428         |
|    total_timesteps      | 157696      |
| train/                  |             |
|    approx_kl            | 0.004689015 |
|    clip_fraction        | 0.0284      |
|    clip_range           | 0.2         |
|    entropy_loss         | -2.79       |
|    explained_variance   | 0.431       |
|    learning_rate        | 0.0003      |
|    loss                 | 5.74        |
|    n_updates            | 380         |
|    policy_gradient_loss | -0.00297    |
|    std                  | 0.978       |
|    value_loss           | 63.1        |
-----------------------------------------
------------------------------------------
| rollout/                |              |
|    ep_len_mean          | 1.86e+03     |
|    ep_rew_mean          | 28.8         |
| time/                   |              |
|    fps                  | 368          |
|    iterations           | 78           |
|    time_elapsed         | 433          |
|    total_timesteps      | 159744       |
| train/                  |              |
|    approx_kl            | 0.0051689735 |
|    clip_fraction        | 0.028        |
|    clip_range           | 0.2          |
|    entropy_loss         | -2.79        |
|    explained_variance   | 0.897        |
|    learning_rate        | 0.0003       |
|    loss                 | 1.86         |
|    n_updates            | 385          |
|    policy_gradient_loss | -0.00348     |
|    std                  | 0.978        |
|    value_loss           | 5.85         |
------------------------------------------
------------------------------------------
| rollout/                |              |
|    ep_len_mean          | 1.86e+03     |
|    ep_rew_mean          | 28.6         |
| time/                   |              |
|    fps                  | 366          |
|    iterations           | 79           |
|    time_elapsed         | 441          |
|    total_timesteps      | 161792       |
| train/                  |              |
|    approx_kl            | 0.0014145884 |
|    clip_fraction        | 0.00176      |
|    clip_range           | 0.2          |
|    entropy_loss         | -2.79        |
|    explained_variance   | 0.724        |
|    learning_rate        | 0.0003       |
|    loss                 | 0.997        |
|    n_updates            | 390          |
|    policy_gradient_loss | -0.00173     |
|    std                  | 0.978        |
|    value_loss           | 11.8         |
------------------------------------------
------------------------------------------
| rollout/                |              |
|    ep_len_mean          | 1.86e+03     |
|    ep_rew_mean          | 28.5         |
| time/                   |              |
|    fps                  | 366          |
|    iterations           | 80           |
|    time_elapsed         | 447          |
|    total_timesteps      | 163840       |
| train/                  |              |
|    approx_kl            | 0.0026386692 |
|    clip_fraction        | 0.00469      |
|    clip_range           | 0.2          |
|    entropy_loss         | -2.79        |
|    explained_variance   | 0.844        |
|    learning_rate        | 0.0003       |
|    loss                 | 1.55         |
|    n_updates            | 395          |
|    policy_gradient_loss | -0.00109     |
|    std                  | 0.978        |
|    value_loss           | 6.71         |
------------------------------------------
-----------------------------------------
| rollout/                |             |
|    ep_len_mean          | 1.86e+03    |
|    ep_rew_mean          | 28.2        |
| time/                   |             |
|    fps                  | 364         |
|    iterations           | 81          |
|    time_elapsed         | 454         |
|    total_timesteps      | 165888      |
| train/                  |             |
|    approx_kl            | 0.008001171 |
|    clip_fraction        | 0.0488      |
|    clip_range           | 0.2         |
|    entropy_loss         | -2.79       |
|    explained_variance   | 0.883       |
|    learning_rate        | 0.0003      |
|    loss                 | 6.54        |
|    n_updates            | 400         |
|    policy_gradient_loss | -0.00312    |
|    std                  | 0.979       |
|    value_loss           | 10.7        |
-----------------------------------------
------------------------------------------
| rollout/                |              |
|    ep_len_mean          | 1.86e+03     |
|    ep_rew_mean          | 28.2         |
| time/                   |              |
|    fps                  | 367          |
|    iterations           | 82           |
|    time_elapsed         | 457          |
|    total_timesteps      | 167936       |
| train/                  |              |
|    approx_kl            | 0.0036089872 |
|    clip_fraction        | 0.0119       |
|    clip_range           | 0.2          |
|    entropy_loss         | -2.79        |
|    explained_variance   | 0.779        |
|    learning_rate        | 0.0003       |
|    loss                 | 1.95         |
|    n_updates            | 405          |
|    policy_gradient_loss | -0.00213     |
|    std                  | 0.979        |
|    value_loss           | 10.3         |
------------------------------------------
------------------------------------------
| rollout/                |              |
|    ep_len_mean          | 1.87e+03     |
|    ep_rew_mean          | 28           |
| time/                   |              |
|    fps                  | 370          |
|    iterations           | 83           |
|    time_elapsed         | 459          |
|    total_timesteps      | 169984       |
| train/                  |              |
|    approx_kl            | 0.0019891246 |
|    clip_fraction        | 0.00762      |
|    clip_range           | 0.2          |
|    entropy_loss         | -2.79        |
|    explained_variance   | 0.754        |
|    learning_rate        | 0.0003       |
|    loss                 | 7.33         |
|    n_updates            | 410          |
|    policy_gradient_loss | -0.00168     |
|    std                  | 0.979        |
|    value_loss           | 5.81         |
------------------------------------------
-----------------------------------------
| rollout/                |             |
|    ep_len_mean          | 1.87e+03    |
|    ep_rew_mean          | 28          |
| time/                   |             |
|    fps                  | 373         |
|    iterations           | 84          |
|    time_elapsed         | 460         |
|    total_timesteps      | 172032      |
| train/                  |             |
|    approx_kl            | 0.007545367 |
|    clip_fraction        | 0.0388      |
|    clip_range           | 0.2         |
|    entropy_loss         | -2.8        |
|    explained_variance   | 0.686       |
|    learning_rate        | 0.0003      |
|    loss                 | 0.178       |
|    n_updates            | 415         |
|    policy_gradient_loss | -0.00246    |
|    std                  | 0.98        |
|    value_loss           | 17.5        |
-----------------------------------------
------------------------------------------
| rollout/                |              |
|    ep_len_mean          | 1.87e+03     |
|    ep_rew_mean          | 27.8         |
| time/                   |              |
|    fps                  | 376          |
|    iterations           | 85           |
|    time_elapsed         | 462          |
|    total_timesteps      | 174080       |
| train/                  |              |
|    approx_kl            | 0.0028050554 |
|    clip_fraction        | 0.0322       |
|    clip_range           | 0.2          |
|    entropy_loss         | -2.8         |
|    explained_variance   | 0.828        |
|    learning_rate        | 0.0003       |
|    loss                 | 1.16         |
|    n_updates            | 420          |
|    policy_gradient_loss | -0.00389     |
|    std                  | 0.979        |
|    value_loss           | 8.48         |
------------------------------------------
------------------------------------------
| rollout/                |              |
|    ep_len_mean          | 1.87e+03     |
|    ep_rew_mean          | 27.8         |
| time/                   |              |
|    fps                  | 379          |
|    iterations           | 86           |
|    time_elapsed         | 463          |
|    total_timesteps      | 176128       |
| train/                  |              |
|    approx_kl            | 0.0013564506 |
|    clip_fraction        | 0.00186      |
|    clip_range           | 0.2          |
|    entropy_loss         | -2.8         |
|    explained_variance   | 0.831        |
|    learning_rate        | 0.0003       |
|    loss                 | 27.9         |
|    n_updates            | 425          |
|    policy_gradient_loss | -0.000985    |
|    std                  | 0.979        |
|    value_loss           | 12.8         |
------------------------------------------
------------------------------------------
| rollout/                |              |
|    ep_len_mean          | 1.87e+03     |
|    ep_rew_mean          | 27.3         |
| time/                   |              |
|    fps                  | 382          |
|    iterations           | 87           |
|    time_elapsed         | 465          |
|    total_timesteps      | 178176       |
| train/                  |              |
|    approx_kl            | 0.0016857223 |
|    clip_fraction        | 0.0042       |
|    clip_range           | 0.2          |
|    entropy_loss         | -2.8         |
|    explained_variance   | 0.949        |
|    learning_rate        | 0.0003       |
|    loss                 | 0.0455       |
|    n_updates            | 430          |
|    policy_gradient_loss | -0.00163     |
|    std                  | 0.979        |
|    value_loss           | 2.29         |
------------------------------------------
-----------------------------------------
| rollout/                |             |
|    ep_len_mean          | 1.88e+03    |
|    ep_rew_mean          | 27.1        |
| time/                   |             |
|    fps                  | 386         |
|    iterations           | 88          |
|    time_elapsed         | 466         |
|    total_timesteps      | 180224      |
| train/                  |             |
|    approx_kl            | 0.004199968 |
|    clip_fraction        | 0.011       |
|    clip_range           | 0.2         |
|    entropy_loss         | -2.79       |
|    explained_variance   | 0.717       |
|    learning_rate        | 0.0003      |
|    loss                 | 1.67        |
|    n_updates            | 435         |
|    policy_gradient_loss | -0.00116    |
|    std                  | 0.979       |
|    value_loss           | 15.3        |
-----------------------------------------
-----------------------------------------
| rollout/                |             |
|    ep_len_mean          | 1.88e+03    |
|    ep_rew_mean          | 27          |
| time/                   |             |
|    fps                  | 389         |
|    iterations           | 89          |
|    time_elapsed         | 468         |
|    total_timesteps      | 182272      |
| train/                  |             |
|    approx_kl            | 0.005655875 |
|    clip_fraction        | 0.0565      |
|    clip_range           | 0.2         |
|    entropy_loss         | -2.79       |
|    explained_variance   | 0.819       |
|    learning_rate        | 0.0003      |
|    loss                 | 3.59        |
|    n_updates            | 440         |
|    policy_gradient_loss | -0.0031     |
|    std                  | 0.979       |
|    value_loss           | 8.85        |
-----------------------------------------
-------------------------------------------
| rollout/                |               |
|    ep_len_mean          | 1.88e+03      |
|    ep_rew_mean          | 26.9          |
| time/                   |               |
|    fps                  | 392           |
|    iterations           | 90            |
|    time_elapsed         | 469           |
|    total_timesteps      | 184320        |
| train/                  |               |
|    approx_kl            | 0.00043763692 |
|    clip_fraction        | 0             |
|    clip_range           | 0.2           |
|    entropy_loss         | -2.79         |
|    explained_variance   | 0.627         |
|    learning_rate        | 0.0003        |
|    loss                 | 6.15          |
|    n_updates            | 445           |
|    policy_gradient_loss | 0.000127      |
|    std                  | 0.978         |
|    value_loss           | 14.3          |
-------------------------------------------
-----------------------------------------
| rollout/                |             |
|    ep_len_mean          | 1.88e+03    |
|    ep_rew_mean          | 26.9        |
| time/                   |             |
|    fps                  | 395         |
|    iterations           | 91          |
|    time_elapsed         | 471         |
|    total_timesteps      | 186368      |
| train/                  |             |
|    approx_kl            | 0.004927226 |
|    clip_fraction        | 0.0278      |
|    clip_range           | 0.2         |
|    entropy_loss         | -2.79       |
|    explained_variance   | 0.925       |
|    learning_rate        | 0.0003      |
|    loss                 | 14.6        |
|    n_updates            | 450         |
|    policy_gradient_loss | -0.00311    |
|    std                  | 0.978       |
|    value_loss           | 5.47        |
-----------------------------------------
-----------------------------------------
| rollout/                |             |
|    ep_len_mean          | 1.89e+03    |
|    ep_rew_mean          | 26.6        |
| time/                   |             |
|    fps                  | 398         |
|    iterations           | 92          |
|    time_elapsed         | 472         |
|    total_timesteps      | 188416      |
| train/                  |             |
|    approx_kl            | 0.004745125 |
|    clip_fraction        | 0.0289      |
|    clip_range           | 0.2         |
|    entropy_loss         | -2.79       |
|    explained_variance   | 0.945       |
|    learning_rate        | 0.0003      |
|    loss                 | 2.03        |
|    n_updates            | 455         |
|    policy_gradient_loss | -0.00148    |
|    std                  | 0.979       |
|    value_loss           | 3.99        |
-----------------------------------------
------------------------------------------
| rollout/                |              |
|    ep_len_mean          | 1.88e+03     |
|    ep_rew_mean          | 27.7         |
| time/                   |              |
|    fps                  | 401          |
|    iterations           | 93           |
|    time_elapsed         | 474          |
|    total_timesteps      | 190464       |
| train/                  |              |
|    approx_kl            | 0.0014597966 |
|    clip_fraction        | 0.000977     |
|    clip_range           | 0.2          |
|    entropy_loss         | -2.79        |
|    explained_variance   | 0.587        |
|    learning_rate        | 0.0003       |
|    loss                 | 2.16         |
|    n_updates            | 460          |
|    policy_gradient_loss | -0.00192     |
|    std                  | 0.979        |
|    value_loss           | 20.1         |
------------------------------------------
------------------------------------------
| rollout/                |              |
|    ep_len_mean          | 1.88e+03     |
|    ep_rew_mean          | 28.8         |
| time/                   |              |
|    fps                  | 404          |
|    iterations           | 94           |
|    time_elapsed         | 475          |
|    total_timesteps      | 192512       |
| train/                  |              |
|    approx_kl            | 0.0039323037 |
|    clip_fraction        | 0.0267       |
|    clip_range           | 0.2          |
|    entropy_loss         | -2.79        |
|    explained_variance   | 0.455        |
|    learning_rate        | 0.0003       |
|    loss                 | 3.01         |
|    n_updates            | 465          |
|    policy_gradient_loss | -0.00144     |
|    std                  | 0.979        |
|    value_loss           | 62.3         |
------------------------------------------
------------------------------------------
| rollout/                |              |
|    ep_len_mean          | 1.88e+03     |
|    ep_rew_mean          | 28.8         |
| time/                   |              |
|    fps                  | 407          |
|    iterations           | 95           |
|    time_elapsed         | 477          |
|    total_timesteps      | 194560       |
| train/                  |              |
|    approx_kl            | 0.0036325525 |
|    clip_fraction        | 0.0526       |
|    clip_range           | 0.2          |
|    entropy_loss         | -2.79        |
|    explained_variance   | 0.246        |
|    learning_rate        | 0.0003       |
|    loss                 | 1.94         |
|    n_updates            | 470          |
|    policy_gradient_loss | -0.00388     |
|    std                  | 0.978        |
|    value_loss           | 64.4         |
------------------------------------------
------------------------------------------
| rollout/                |              |
|    ep_len_mean          | 1.88e+03     |
|    ep_rew_mean          | 29.1         |
| time/                   |              |
|    fps                  | 410          |
|    iterations           | 96           |
|    time_elapsed         | 479          |
|    total_timesteps      | 196608       |
| train/                  |              |
|    approx_kl            | 0.0040258085 |
|    clip_fraction        | 0.0257       |
|    clip_range           | 0.2          |
|    entropy_loss         | -2.79        |
|    explained_variance   | 0.855        |
|    learning_rate        | 0.0003       |
|    loss                 | 0.203        |
|    n_updates            | 475          |
|    policy_gradient_loss | -0.00222     |
|    std                  | 0.978        |
|    value_loss           | 5.14         |
------------------------------------------
-----------------------------------------
| rollout/                |             |
|    ep_len_mean          | 1.88e+03    |
|    ep_rew_mean          | 29.5        |
| time/                   |             |
|    fps                  | 413         |
|    iterations           | 97          |
|    time_elapsed         | 480         |
|    total_timesteps      | 198656      |
| train/                  |             |
|    approx_kl            | 0.005856705 |
|    clip_fraction        | 0.017       |
|    clip_range           | 0.2         |
|    entropy_loss         | -2.79       |
|    explained_variance   | 0.776       |
|    learning_rate        | 0.0003      |
|    loss                 | 0.23        |
|    n_updates            | 480         |
|    policy_gradient_loss | -0.00157    |
|    std                  | 0.977       |
|    value_loss           | 12.9        |
-----------------------------------------
-----------------------------------------
| rollout/                |             |
|    ep_len_mean          | 1.88e+03    |
|    ep_rew_mean          | 29.7        |
| time/                   |             |
|    fps                  | 416         |
|    iterations           | 98          |
|    time_elapsed         | 482         |
|    total_timesteps      | 200704      |
| train/                  |             |
|    approx_kl            | 0.004287774 |
|    clip_fraction        | 0.0457      |
|    clip_range           | 0.2         |
|    entropy_loss         | -2.79       |
|    explained_variance   | 0.774       |
|    learning_rate        | 0.0003      |
|    loss                 | 0.286       |
|    n_updates            | 485         |
|    policy_gradient_loss | -0.00187    |
|    std                  | 0.977       |
|    value_loss           | 9.09        |
-----------------------------------------
-----------------------------------------
| rollout/                |             |
|    ep_len_mean          | 1.88e+03    |
|    ep_rew_mean          | 30.1        |
| time/                   |             |
|    fps                  | 419         |
|    iterations           | 99          |
|    time_elapsed         | 483         |
|    total_timesteps      | 202752      |
| train/                  |             |
|    approx_kl            | 0.003813107 |
|    clip_fraction        | 0.0265      |
|    clip_range           | 0.2         |
|    entropy_loss         | -2.79       |
|    explained_variance   | 0.694       |
|    learning_rate        | 0.0003      |
|    loss                 | 32.8        |
|    n_updates            | 490         |
|    policy_gradient_loss | -0.00224    |
|    std                  | 0.977       |
|    value_loss           | 14.6        |
-----------------------------------------
----------------------------------------
| rollout/                |            |
|    ep_len_mean          | 1.88e+03   |
|    ep_rew_mean          | 30.4       |
| time/                   |            |
|    fps                  | 421        |
|    iterations           | 100        |
|    time_elapsed         | 485        |
|    total_timesteps      | 204800     |
| train/                  |            |
|    approx_kl            | 0.00946691 |
|    clip_fraction        | 0.0531     |
|    clip_range           | 0.2        |
|    entropy_loss         | -2.79      |
|    explained_variance   | 0.763      |
|    learning_rate        | 0.0003     |
|    loss                 | 0.428      |
|    n_updates            | 495        |
|    policy_gradient_loss | 0.00132    |
|    std                  | 0.976      |
|    value_loss           | 12.2       |
----------------------------------------

CP1 held-out: 4/50 hits (8.0%), mean miss 14.6 m, mean reward 10.60
CP2: evasive lineage | max_time=45s t_go_max=10s | tracking=True | obs=12-D | miss_tanh_scale=3000m shaping_gamma=1 effort_weight=5 -> out=outputs/evasive_zemtgo10_seed2
---------------------------------
| rollout/           |          |
|    ep_len_mean     | 1.88e+03 |
|    ep_rew_mean     | 30.4     |
| time/              |          |
|    fps             | 4253     |
|    iterations      | 1        |
|    time_elapsed    | 0        |
|    total_timesteps | 206848   |
---------------------------------
------------------------------------------
| rollout/                |              |
|    ep_len_mean          | 1.88e+03     |
|    ep_rew_mean          | 30.4         |
| time/                   |              |
|    fps                  | 1801         |
|    iterations           | 2            |
|    time_elapsed         | 2            |
|    total_timesteps      | 208896       |
| train/                  |              |
|    approx_kl            | 0.0037253026 |
|    clip_fraction        | 0.0729       |
|    clip_range           | 0.2          |
|    entropy_loss         | -2.79        |
|    explained_variance   | 0.559        |
|    learning_rate        | 0.0003       |
|    loss                 | 4.26         |
|    n_updates            | 505          |
|    policy_gradient_loss | -0.00667     |
|    std                  | 0.976        |
|    value_loss           | 8.47         |
------------------------------------------
-------------------------------------------
| rollout/                |               |
|    ep_len_mean          | 1.88e+03      |
|    ep_rew_mean          | 30.4          |
| time/                   |               |
|    fps                  | 1691          |
|    iterations           | 3             |
|    time_elapsed         | 3             |
|    total_timesteps      | 210944        |
| train/                  |               |
|    approx_kl            | 0.00069338497 |
|    clip_fraction        | 0.000195      |
|    clip_range           | 0.2           |
|    entropy_loss         | -2.79         |
|    explained_variance   | 0.735         |
|    learning_rate        | 0.0003        |
|    loss                 | 3.79          |
|    n_updates            | 510           |
|    policy_gradient_loss | -0.00106      |
|    std                  | 0.976         |
|    value_loss           | 8.08          |
-------------------------------------------
-------------------------------------------
| rollout/                |               |
|    ep_len_mean          | 1.87e+03      |
|    ep_rew_mean          | 30.5          |
| time/                   |               |
|    fps                  | 1625          |
|    iterations           | 4             |
|    time_elapsed         | 5             |
|    total_timesteps      | 212992        |
| train/                  |               |
|    approx_kl            | 0.00012786154 |
|    clip_fraction        | 0             |
|    clip_range           | 0.2           |
|    entropy_loss         | -2.79         |
|    explained_variance   | 0.968         |
|    learning_rate        | 0.0003        |
|    loss                 | 1.4           |
|    n_updates            | 515           |
|    policy_gradient_loss | -0.000199     |
|    std                  | 0.976         |
|    value_loss           | 3.96          |
-------------------------------------------
------------------------------------------
| rollout/                |              |
|    ep_len_mean          | 1.88e+03     |
|    ep_rew_mean          | 30.5         |
| time/                   |              |
|    fps                  | 1557         |
|    iterations           | 5            |
|    time_elapsed         | 6            |
|    total_timesteps      | 215040       |
| train/                  |              |
|    approx_kl            | 0.0018657058 |
|    clip_fraction        | 0.00635      |
|    clip_range           | 0.2          |
|    entropy_loss         | -2.79        |
|    explained_variance   | 0.68         |
|    learning_rate        | 0.0003       |
|    loss                 | 0.498        |
|    n_updates            | 520          |
|    policy_gradient_loss | -0.000607    |
|    std                  | 0.976        |
|    value_loss           | 12.6         |
------------------------------------------
-----------------------------------------
| rollout/                |             |
|    ep_len_mean          | 1.88e+03    |
|    ep_rew_mean          | 30.5        |
| time/                   |             |
|    fps                  | 1523        |
|    iterations           | 6           |
|    time_elapsed         | 8           |
|    total_timesteps      | 217088      |
| train/                  |             |
|    approx_kl            | 0.010838228 |
|    clip_fraction        | 0.0724      |
|    clip_range           | 0.2         |
|    entropy_loss         | -2.79       |
|    explained_variance   | 0.498       |
|    learning_rate        | 0.0003      |
|    loss                 | 5.73        |
|    n_updates            | 525         |
|    policy_gradient_loss | -0.00114    |
|    std                  | 0.976       |
|    value_loss           | 22.7        |
-----------------------------------------
------------------------------------------
| rollout/                |              |
|    ep_len_mean          | 1.87e+03     |
|    ep_rew_mean          | 31.5         |
| time/                   |              |
|    fps                  | 1518         |
|    iterations           | 7            |
|    time_elapsed         | 9            |
|    total_timesteps      | 219136       |
| train/                  |              |
|    approx_kl            | 0.0029913816 |
|    clip_fraction        | 0.0381       |
|    clip_range           | 0.2          |
|    entropy_loss         | -2.79        |
|    explained_variance   | 0.616        |
|    learning_rate        | 0.0003       |
|    loss                 | 2.44         |
|    n_updates            | 530          |
|    policy_gradient_loss | -0.00189     |
|    std                  | 0.976        |
|    value_loss           | 5.64         |
------------------------------------------
------------------------------------------
| rollout/                |              |
|    ep_len_mean          | 1.86e+03     |
|    ep_rew_mean          | 32           |
| time/                   |              |
|    fps                  | 1498         |
|    iterations           | 8            |
|    time_elapsed         | 10           |
|    total_timesteps      | 221184       |
| train/                  |              |
|    approx_kl            | 0.0032142517 |
|    clip_fraction        | 0.00703      |
|    clip_range           | 0.2          |
|    entropy_loss         | -2.79        |
|    explained_variance   | 0.261        |
|    learning_rate        | 0.0003       |
|    loss                 | 2.79         |
|    n_updates            | 535          |
|    policy_gradient_loss | -0.00259     |
|    std                  | 0.976        |
|    value_loss           | 59.7         |
------------------------------------------
------------------------------------------
| rollout/                |              |
|    ep_len_mean          | 1.87e+03     |
|    ep_rew_mean          | 32           |
| time/                   |              |
|    fps                  | 1476         |
|    iterations           | 9            |
|    time_elapsed         | 12           |
|    total_timesteps      | 223232       |
| train/                  |              |
|    approx_kl            | 0.0026291106 |
|    clip_fraction        | 0.0633       |
|    clip_range           | 0.2          |
|    entropy_loss         | -2.79        |
|    explained_variance   | 0.838        |
|    learning_rate        | 0.0003       |
|    loss                 | 4.11         |
|    n_updates            | 540          |
|    policy_gradient_loss | -0.00202     |
|    std                  | 0.976        |
|    value_loss           | 9.74         |
------------------------------------------
-----------------------------------------
| rollout/                |             |
|    ep_len_mean          | 1.87e+03    |
|    ep_rew_mean          | 32          |
| time/                   |             |
|    fps                  | 1463        |
|    iterations           | 10          |
|    time_elapsed         | 13          |
|    total_timesteps      | 225280      |
| train/                  |             |
|    approx_kl            | 0.002320954 |
|    clip_fraction        | 0.0387      |
|    clip_range           | 0.2         |
|    entropy_loss         | -2.79       |
|    explained_variance   | 0.778       |
|    learning_rate        | 0.0003      |
|    loss                 | 3.93        |
|    n_updates            | 545         |
|    policy_gradient_loss | -0.00155    |
|    std                  | 0.976       |
|    value_loss           | 14.4        |
-----------------------------------------
------------------------------------------
| rollout/                |              |
|    ep_len_mean          | 1.87e+03     |
|    ep_rew_mean          | 32.3         |
| time/                   |              |
|    fps                  | 1467         |
|    iterations           | 11           |
|    time_elapsed         | 15           |
|    total_timesteps      | 227328       |
| train/                  |              |
|    approx_kl            | 0.0040911124 |
|    clip_fraction        | 0.0143       |
|    clip_range           | 0.2          |
|    entropy_loss         | -2.79        |
|    explained_variance   | 0.909        |
|    learning_rate        | 0.0003       |
|    loss                 | 0.117        |
|    n_updates            | 550          |
|    policy_gradient_loss | -0.000118    |
|    std                  | 0.975        |
|    value_loss           | 4.91         |
------------------------------------------
------------------------------------------
| rollout/                |              |
|    ep_len_mean          | 1.87e+03     |
|    ep_rew_mean          | 31.8         |
| time/                   |              |
|    fps                  | 1458         |
|    iterations           | 12           |
|    time_elapsed         | 16           |
|    total_timesteps      | 229376       |
| train/                  |              |
|    approx_kl            | 0.0025844846 |
|    clip_fraction        | 0.0041       |
|    clip_range           | 0.2          |
|    entropy_loss         | -2.79        |
|    explained_variance   | 0.742        |
|    learning_rate        | 0.0003       |
|    loss                 | 2.25         |
|    n_updates            | 555          |
|    policy_gradient_loss | -0.00139     |
|    std                  | 0.974        |
|    value_loss           | 13.4         |
------------------------------------------
------------------------------------------
| rollout/                |              |
|    ep_len_mean          | 1.87e+03     |
|    ep_rew_mean          | 31.6         |
| time/                   |              |
|    fps                  | 1441         |
|    iterations           | 13           |
|    time_elapsed         | 18           |
|    total_timesteps      | 231424       |
| train/                  |              |
|    approx_kl            | 0.0106259165 |
|    clip_fraction        | 0.0629       |
|    clip_range           | 0.2          |
|    entropy_loss         | -2.79        |
|    explained_variance   | 0.786        |
|    learning_rate        | 0.0003       |
|    loss                 | 1.01         |
|    n_updates            | 560          |
|    policy_gradient_loss | -0.00173     |
|    std                  | 0.975        |
|    value_loss           | 14.2         |
------------------------------------------
------------------------------------------
| rollout/                |              |
|    ep_len_mean          | 1.87e+03     |
|    ep_rew_mean          | 31.6         |
| time/                   |              |
|    fps                  | 1437         |
|    iterations           | 14           |
|    time_elapsed         | 19           |
|    total_timesteps      | 233472       |
| train/                  |              |
|    approx_kl            | 0.0043957545 |
|    clip_fraction        | 0.0274       |
|    clip_range           | 0.2          |
|    entropy_loss         | -2.79        |
|    explained_variance   | 0.679        |
|    learning_rate        | 0.0003       |
|    loss                 | 3.47         |
|    n_updates            | 565          |
|    policy_gradient_loss | -0.00177     |
|    std                  | 0.974        |
|    value_loss           | 12.1         |
------------------------------------------
------------------------------------------
| rollout/                |              |
|    ep_len_mean          | 1.86e+03     |
|    ep_rew_mean          | 31.4         |
| time/                   |              |
|    fps                  | 1435         |
|    iterations           | 15           |
|    time_elapsed         | 21           |
|    total_timesteps      | 235520       |
| train/                  |              |
|    approx_kl            | 0.0032460853 |
|    clip_fraction        | 0.00488      |
|    clip_range           | 0.2          |
|    entropy_loss         | -2.79        |
|    explained_variance   | 0.923        |
|    learning_rate        | 0.0003       |
|    loss                 | 1.23         |
|    n_updates            | 570          |
|    policy_gradient_loss | -0.00109     |
|    std                  | 0.975        |
|    value_loss           | 5.75         |
------------------------------------------
-----------------------------------------
| rollout/                |             |
|    ep_len_mean          | 1.87e+03    |
|    ep_rew_mean          | 30.1        |
| time/                   |             |
|    fps                  | 1425        |
|    iterations           | 16          |
|    time_elapsed         | 22          |
|    total_timesteps      | 237568      |
| train/                  |             |
|    approx_kl            | 0.006625873 |
|    clip_fraction        | 0.0606      |
|    clip_range           | 0.2         |
|    entropy_loss         | -2.79       |
|    explained_variance   | 0.733       |
|    learning_rate        | 0.0003      |
|    loss                 | 0.494       |
|    n_updates            | 575         |
|    policy_gradient_loss | 0.000793    |
|    std                  | 0.975       |
|    value_loss           | 16          |
-----------------------------------------
-----------------------------------------
| rollout/                |             |
|    ep_len_mean          | 1.86e+03    |
|    ep_rew_mean          | 31.2        |
| time/                   |             |
|    fps                  | 1423        |
|    iterations           | 17          |
|    time_elapsed         | 24          |
|    total_timesteps      | 239616      |
| train/                  |             |
|    approx_kl            | 0.006936743 |
|    clip_fraction        | 0.0316      |
|    clip_range           | 0.2         |
|    entropy_loss         | -2.79       |
|    explained_variance   | 0.765       |
|    learning_rate        | 0.0003      |
|    loss                 | 0.952       |
|    n_updates            | 580         |
|    policy_gradient_loss | -0.00245    |
|    std                  | 0.975       |
|    value_loss           | 8.55        |
-----------------------------------------
------------------------------------------
| rollout/                |              |
|    ep_len_mean          | 1.85e+03     |
|    ep_rew_mean          | 31.1         |
| time/                   |              |
|    fps                  | 1419         |
|    iterations           | 18           |
|    time_elapsed         | 25           |
|    total_timesteps      | 241664       |
| train/                  |              |
|    approx_kl            | 0.0024489858 |
|    clip_fraction        | 0.0458       |
|    clip_range           | 0.2          |
|    entropy_loss         | -2.79        |
|    explained_variance   | 0.401        |
|    learning_rate        | 0.0003       |
|    loss                 | 2.69         |
|    n_updates            | 585          |
|    policy_gradient_loss | -0.00107     |
|    std                  | 0.975        |
|    value_loss           | 65.3         |
------------------------------------------
------------------------------------------
| rollout/                |              |
|    ep_len_mean          | 1.86e+03     |
|    ep_rew_mean          | 31           |
| time/                   |              |
|    fps                  | 1414         |
|    iterations           | 19           |
|    time_elapsed         | 27           |
|    total_timesteps      | 243712       |
| train/                  |              |
|    approx_kl            | 0.0033985695 |
|    clip_fraction        | 0.0355       |
|    clip_range           | 0.2          |
|    entropy_loss         | -2.79        |
|    explained_variance   | 0.725        |
|    learning_rate        | 0.0003       |
|    loss                 | 2.87         |
|    n_updates            | 590          |
|    policy_gradient_loss | -0.00175     |
|    std                  | 0.975        |
|    value_loss           | 5.94         |
------------------------------------------
------------------------------------------
| rollout/                |              |
|    ep_len_mean          | 1.86e+03     |
|    ep_rew_mean          | 31           |
| time/                   |              |
|    fps                  | 1411         |
|    iterations           | 20           |
|    time_elapsed         | 29           |
|    total_timesteps      | 245760       |
| train/                  |              |
|    approx_kl            | 0.0033372627 |
|    clip_fraction        | 0.00957      |
|    clip_range           | 0.2          |
|    entropy_loss         | -2.79        |
|    explained_variance   | 0.697        |
|    learning_rate        | 0.0003       |
|    loss                 | 11.3         |
|    n_updates            | 595          |
|    policy_gradient_loss | -0.00291     |
|    std                  | 0.976        |
|    value_loss           | 17.5         |
------------------------------------------
------------------------------------------
| rollout/                |              |
|    ep_len_mean          | 1.86e+03     |
|    ep_rew_mean          | 30.9         |
| time/                   |              |
|    fps                  | 1411         |
|    iterations           | 21           |
|    time_elapsed         | 30           |
|    total_timesteps      | 247808       |
| train/                  |              |
|    approx_kl            | 0.0039565326 |
|    clip_fraction        | 0.0254       |
|    clip_range           | 0.2          |
|    entropy_loss         | -2.79        |
|    explained_variance   | 0.805        |
|    learning_rate        | 0.0003       |
|    loss                 | 7.33         |
|    n_updates            | 600          |
|    policy_gradient_loss | -0.0037      |
|    std                  | 0.976        |
|    value_loss           | 5.92         |
------------------------------------------
-----------------------------------------
| rollout/                |             |
|    ep_len_mean          | 1.87e+03    |
|    ep_rew_mean          | 29.7        |
| time/                   |             |
|    fps                  | 1409        |
|    iterations           | 22          |
|    time_elapsed         | 31          |
|    total_timesteps      | 249856      |
| train/                  |             |
|    approx_kl            | 0.004382206 |
|    clip_fraction        | 0.0325      |
|    clip_range           | 0.2         |
|    entropy_loss         | -2.79       |
|    explained_variance   | 0.799       |
|    learning_rate        | 0.0003      |
|    loss                 | 1.44        |
|    n_updates            | 605         |
|    policy_gradient_loss | -0.00323    |
|    std                  | 0.977       |
|    value_loss           | 12.4        |
-----------------------------------------
-----------------------------------------
| rollout/                |             |
|    ep_len_mean          | 1.87e+03    |
|    ep_rew_mean          | 29.7        |
| time/                   |             |
|    fps                  | 1406        |
|    iterations           | 23          |
|    time_elapsed         | 33          |
|    total_timesteps      | 251904      |
| train/                  |             |
|    approx_kl            | 0.004852458 |
|    clip_fraction        | 0.0221      |
|    clip_range           | 0.2         |
|    entropy_loss         | -2.79       |
|    explained_variance   | 0.828       |
|    learning_rate        | 0.0003      |
|    loss                 | 0.432       |
|    n_updates            | 610         |
|    policy_gradient_loss | -0.00147    |
|    std                  | 0.976       |
|    value_loss           | 11.9        |
-----------------------------------------
------------------------------------------
| rollout/                |              |
|    ep_len_mean          | 1.86e+03     |
|    ep_rew_mean          | 30.7         |
| time/                   |              |
|    fps                  | 1404         |
|    iterations           | 24           |
|    time_elapsed         | 35           |
|    total_timesteps      | 253952       |
| train/                  |              |
|    approx_kl            | 0.0028106435 |
|    clip_fraction        | 0.0577       |
|    clip_range           | 0.2          |
|    entropy_loss         | -2.79        |
|    explained_variance   | 0.879        |
|    learning_rate        | 0.0003       |
|    loss                 | 35.2         |
|    n_updates            | 615          |
|    policy_gradient_loss | -0.000479    |
|    std                  | 0.975        |
|    value_loss           | 13.4         |
------------------------------------------
------------------------------------------
| rollout/                |              |
|    ep_len_mean          | 1.86e+03     |
|    ep_rew_mean          | 31.6         |
| time/                   |              |
|    fps                  | 1401         |
|    iterations           | 25           |
|    time_elapsed         | 36           |
|    total_timesteps      | 256000       |
| train/                  |              |
|    approx_kl            | 0.0038954448 |
|    clip_fraction        | 0.0837       |
|    clip_range           | 0.2          |
|    entropy_loss         | -2.79        |
|    explained_variance   | 0.507        |
|    learning_rate        | 0.0003       |
|    loss                 | 1.13         |
|    n_updates            | 620          |
|    policy_gradient_loss | -0.0028      |
|    std                  | 0.973        |
|    value_loss           | 59.1         |
------------------------------------------
-----------------------------------------
| rollout/                |             |
|    ep_len_mean          | 1.86e+03    |
|    ep_rew_mean          | 31.6        |
| time/                   |             |
|    fps                  | 1393        |
|    iterations           | 26          |
|    time_elapsed         | 38          |
|    total_timesteps      | 258048      |
| train/                  |             |
|    approx_kl            | 0.004295861 |
|    clip_fraction        | 0.0213      |
|    clip_range           | 0.2         |
|    entropy_loss         | -2.78       |
|    explained_variance   | 0.461       |
|    learning_rate        | 0.0003      |
|    loss                 | 211         |
|    n_updates            | 625         |
|    policy_gradient_loss | -0.00097    |
|    std                  | 0.973       |
|    value_loss           | 62.7        |
-----------------------------------------
-----------------------------------------
| rollout/                |             |
|    ep_len_mean          | 1.86e+03    |
|    ep_rew_mean          | 31.6        |
| time/                   |             |
|    fps                  | 1392        |
|    iterations           | 27          |
|    time_elapsed         | 39          |
|    total_timesteps      | 260096      |
| train/                  |             |
|    approx_kl            | 0.006549914 |
|    clip_fraction        | 0.0645      |
|    clip_range           | 0.2         |
|    entropy_loss         | -2.78       |
|    explained_variance   | 0.907       |
|    learning_rate        | 0.0003      |
|    loss                 | 1.73        |
|    n_updates            | 630         |
|    policy_gradient_loss | -0.00444    |
|    std                  | 0.972       |
|    value_loss           | 6.92        |
-----------------------------------------
------------------------------------------
| rollout/                |              |
|    ep_len_mean          | 1.86e+03     |
|    ep_rew_mean          | 31.4         |
| time/                   |              |
|    fps                  | 1392         |
|    iterations           | 28           |
|    time_elapsed         | 41           |
|    total_timesteps      | 262144       |
| train/                  |              |
|    approx_kl            | 0.0037768972 |
|    clip_fraction        | 0.0307       |
|    clip_range           | 0.2          |
|    entropy_loss         | -2.78        |
|    explained_variance   | 0.83         |
|    learning_rate        | 0.0003       |
|    loss                 | 1.01         |
|    n_updates            | 635          |
|    policy_gradient_loss | -0.00401     |
|    std                  | 0.972        |
|    value_loss           | 9.17         |
------------------------------------------
------------------------------------------
| rollout/                |              |
|    ep_len_mean          | 1.85e+03     |
|    ep_rew_mean          | 32.8         |
| time/                   |              |
|    fps                  | 1388         |
|    iterations           | 29           |
|    time_elapsed         | 42           |
|    total_timesteps      | 264192       |
| train/                  |              |
|    approx_kl            | 0.0014163775 |
|    clip_fraction        | 0.00137      |
|    clip_range           | 0.2          |
|    entropy_loss         | -2.78        |
|    explained_variance   | 0.851        |
|    learning_rate        | 0.0003       |
|    loss                 | 0.622        |
|    n_updates            | 640          |
|    policy_gradient_loss | -0.000989    |
|    std                  | 0.972        |
|    value_loss           | 12.1         |
------------------------------------------
-----------------------------------------
| rollout/                |             |
|    ep_len_mean          | 1.86e+03    |
|    ep_rew_mean          | 31.7        |
| time/                   |             |
|    fps                  | 1384        |
|    iterations           | 30          |
|    time_elapsed         | 44          |
|    total_timesteps      | 266240      |
| train/                  |             |
|    approx_kl            | 0.004471535 |
|    clip_fraction        | 0.0118      |
|    clip_range           | 0.2         |
|    entropy_loss         | -2.78       |
|    explained_variance   | 0.369       |
|    learning_rate        | 0.0003      |
|    loss                 | 1.35        |
|    n_updates            | 645         |
|    policy_gradient_loss | -0.00138    |
|    std                  | 0.971       |
|    value_loss           | 72.8        |
-----------------------------------------
-----------------------------------------
| rollout/                |             |
|    ep_len_mean          | 1.86e+03    |
|    ep_rew_mean          | 31.7        |
| time/                   |             |
|    fps                  | 1381        |
|    iterations           | 31          |
|    time_elapsed         | 45          |
|    total_timesteps      | 268288      |
| train/                  |             |
|    approx_kl            | 0.007616128 |
|    clip_fraction        | 0.125       |
|    clip_range           | 0.2         |
|    entropy_loss         | -2.78       |
|    explained_variance   | 0.616       |
|    learning_rate        | 0.0003      |
|    loss                 | 3.73        |
|    n_updates            | 650         |
|    policy_gradient_loss | -0.00288    |
|    std                  | 0.971       |
|    value_loss           | 14.6        |
-----------------------------------------
-----------------------------------------
| rollout/                |             |
|    ep_len_mean          | 1.86e+03    |
|    ep_rew_mean          | 33          |
| time/                   |             |
|    fps                  | 1383        |
|    iterations           | 32          |
|    time_elapsed         | 47          |
|    total_timesteps      | 270336      |
| train/                  |             |
|    approx_kl            | 0.004909086 |
|    clip_fraction        | 0.0539      |
|    clip_range           | 0.2         |
|    entropy_loss         | -2.78       |
|    explained_variance   | 0.784       |
|    learning_rate        | 0.0003      |
|    loss                 | 5.98        |
|    n_updates            | 655         |
|    policy_gradient_loss | -0.000889   |
|    std                  | 0.971       |
|    value_loss           | 6.82        |
-----------------------------------------
------------------------------------------
| rollout/                |              |
|    ep_len_mean          | 1.86e+03     |
|    ep_rew_mean          | 33           |
| time/                   |              |
|    fps                  | 1383         |
|    iterations           | 33           |
|    time_elapsed         | 48           |
|    total_timesteps      | 272384       |
| train/                  |              |
|    approx_kl            | 0.0060904794 |
|    clip_fraction        | 0.0389       |
|    clip_range           | 0.2          |
|    entropy_loss         | -2.78        |
|    explained_variance   | 0.259        |
|    learning_rate        | 0.0003       |
|    loss                 | 3.03         |
|    n_updates            | 660          |
|    policy_gradient_loss | -0.00233     |
|    std                  | 0.97         |
|    value_loss           | 119          |
------------------------------------------
-----------------------------------------
| rollout/                |             |
|    ep_len_mean          | 1.86e+03    |
|    ep_rew_mean          | 34.1        |
| time/                   |             |
|    fps                  | 1386        |
|    iterations           | 34          |
|    time_elapsed         | 50          |
|    total_timesteps      | 274432      |
| train/                  |             |
|    approx_kl            | 0.008864684 |
|    clip_fraction        | 0.0541      |
|    clip_range           | 0.2         |
|    entropy_loss         | -2.78       |
|    explained_variance   | 0.752       |
|    learning_rate        | 0.0003      |
|    loss                 | 0.51        |
|    n_updates            | 665         |
|    policy_gradient_loss | -0.0053     |
|    std                  | 0.97        |
|    value_loss           | 6.16        |
-----------------------------------------
-----------------------------------------
| rollout/                |             |
|    ep_len_mean          | 1.84e+03    |
|    ep_rew_mean          | 35.4        |
| time/                   |             |
|    fps                  | 1381        |
|    iterations           | 35          |
|    time_elapsed         | 51          |
|    total_timesteps      | 276480      |
| train/                  |             |
|    approx_kl            | 0.006149373 |
|    clip_fraction        | 0.0382      |
|    clip_range           | 0.2         |
|    entropy_loss         | -2.78       |
|    explained_variance   | 0.0825      |
|    learning_rate        | 0.0003      |
|    loss                 | 204         |
|    n_updates            | 670         |
|    policy_gradient_loss | -0.00249    |
|    std                  | 0.97        |
|    value_loss           | 74.5        |
-----------------------------------------
------------------------------------------
| rollout/                |              |
|    ep_len_mean          | 1.83e+03     |
|    ep_rew_mean          | 36.4         |
| time/                   |              |
|    fps                  | 1381         |
|    iterations           | 36           |
|    time_elapsed         | 53           |
|    total_timesteps      | 278528       |
| train/                  |              |
|    approx_kl            | 0.0059838397 |
|    clip_fraction        | 0.0643       |
|    clip_range           | 0.2          |
|    entropy_loss         | -2.78        |
|    explained_variance   | 0.149        |
|    learning_rate        | 0.0003       |
|    loss                 | 3.13         |
|    n_updates            | 675          |
|    policy_gradient_loss | -0.00126     |
|    std                  | 0.969        |
|    value_loss           | 59.6         |
------------------------------------------
---------------------------------------
| rollout/                |           |
|    ep_len_mean          | 1.83e+03  |
|    ep_rew_mean          | 36.4      |
| time/                   |           |
|    fps                  | 1378      |
|    iterations           | 37        |
|    time_elapsed         | 54        |
|    total_timesteps      | 280576    |
| train/                  |           |
|    approx_kl            | 0.0040978 |
|    clip_fraction        | 0.0762    |
|    clip_range           | 0.2       |
|    entropy_loss         | -2.77     |
|    explained_variance   | -0.000185 |
|    learning_rate        | 0.0003    |
|    loss                 | 6.43      |
|    n_updates            | 680       |
|    policy_gradient_loss | -0.000434 |
|    std                  | 0.967     |
|    value_loss           | 60.7      |
---------------------------------------
-----------------------------------------
| rollout/                |             |
|    ep_len_mean          | 1.83e+03    |
|    ep_rew_mean          | 36.4        |
| time/                   |             |
|    fps                  | 1377        |
|    iterations           | 38          |
|    time_elapsed         | 56          |
|    total_timesteps      | 282624      |
| train/                  |             |
|    approx_kl            | 0.004002193 |
|    clip_fraction        | 0.0386      |
|    clip_range           | 0.2         |
|    entropy_loss         | -2.77       |
|    explained_variance   | 0.828       |
|    learning_rate        | 0.0003      |
|    loss                 | 6.85        |
|    n_updates            | 685         |
|    policy_gradient_loss | -0.00385    |
|    std                  | 0.967       |
|    value_loss           | 6.25        |
-----------------------------------------
-----------------------------------------
| rollout/                |             |
|    ep_len_mean          | 1.84e+03    |
|    ep_rew_mean          | 36.1        |
| time/                   |             |
|    fps                  | 1375        |
|    iterations           | 39          |
|    time_elapsed         | 58          |
|    total_timesteps      | 284672      |
| train/                  |             |
|    approx_kl            | 0.002036436 |
|    clip_fraction        | 0.00195     |
|    clip_range           | 0.2         |
|    entropy_loss         | -2.77       |
|    explained_variance   | 0.948       |
|    learning_rate        | 0.0003      |
|    loss                 | 0.588       |
|    n_updates            | 690         |
|    policy_gradient_loss | -0.000476   |
|    std                  | 0.966       |
|    value_loss           | 2.1         |
-----------------------------------------
------------------------------------------
| rollout/                |              |
|    ep_len_mean          | 1.85e+03     |
|    ep_rew_mean          | 34.7         |
| time/                   |              |
|    fps                  | 1369         |
|    iterations           | 40           |
|    time_elapsed         | 59           |
|    total_timesteps      | 286720       |
| train/                  |              |
|    approx_kl            | 0.0037270547 |
|    clip_fraction        | 0.00723      |
|    clip_range           | 0.2          |
|    entropy_loss         | -2.77        |
|    explained_variance   | 0.396        |
|    learning_rate        | 0.0003       |
|    loss                 | 28.8         |
|    n_updates            | 695          |
|    policy_gradient_loss | -0.00144     |
|    std                  | 0.965        |
|    value_loss           | 24.7         |
------------------------------------------
------------------------------------------
| rollout/                |              |
|    ep_len_mean          | 1.85e+03     |
|    ep_rew_mean          | 34.7         |
| time/                   |              |
|    fps                  | 1368         |
|    iterations           | 41           |
|    time_elapsed         | 61           |
|    total_timesteps      | 288768       |
| train/                  |              |
|    approx_kl            | 0.0017828376 |
|    clip_fraction        | 0.0372       |
|    clip_range           | 0.2          |
|    entropy_loss         | -2.77        |
|    explained_variance   | 0.831        |
|    learning_rate        | 0.0003       |
|    loss                 | 2.31         |
|    n_updates            | 700          |
|    policy_gradient_loss | -0.00179     |
|    std                  | 0.965        |
|    value_loss           | 8.24         |
------------------------------------------
------------------------------------------
| rollout/                |              |
|    ep_len_mean          | 1.85e+03     |
|    ep_rew_mean          | 34.7         |
| time/                   |              |
|    fps                  | 1369         |
|    iterations           | 42           |
|    time_elapsed         | 62           |
|    total_timesteps      | 290816       |
| train/                  |              |
|    approx_kl            | 0.0022100154 |
|    clip_fraction        | 0.00166      |
|    clip_range           | 0.2          |
|    entropy_loss         | -2.76        |
|    explained_variance   | 0.765        |
|    learning_rate        | 0.0003       |
|    loss                 | 3.87         |
|    n_updates            | 705          |
|    policy_gradient_loss | -0.000777    |
|    std                  | 0.964        |
|    value_loss           | 7.82         |
------------------------------------------
------------------------------------------
| rollout/                |              |
|    ep_len_mean          | 1.85e+03     |
|    ep_rew_mean          | 34.7         |
| time/                   |              |
|    fps                  | 1368         |
|    iterations           | 43           |
|    time_elapsed         | 64           |
|    total_timesteps      | 292864       |
| train/                  |              |
|    approx_kl            | 0.0070972424 |
|    clip_fraction        | 0.0939       |
|    clip_range           | 0.2          |
|    entropy_loss         | -2.76        |
|    explained_variance   | 0.948        |
|    learning_rate        | 0.0003       |
|    loss                 | 0.408        |
|    n_updates            | 710          |
|    policy_gradient_loss | -0.00363     |
|    std                  | 0.965        |
|    value_loss           | 3.25         |
------------------------------------------
-----------------------------------------
| rollout/                |             |
|    ep_len_mean          | 1.86e+03    |
|    ep_rew_mean          | 34.4        |
| time/                   |             |
|    fps                  | 1368        |
|    iterations           | 44          |
|    time_elapsed         | 65          |
|    total_timesteps      | 294912      |
| train/                  |             |
|    approx_kl            | 0.003526602 |
|    clip_fraction        | 0.0366      |
|    clip_range           | 0.2         |
|    entropy_loss         | -2.76       |
|    explained_variance   | 0.473       |
|    learning_rate        | 0.0003      |
|    loss                 | 0.0592      |
|    n_updates            | 715         |
|    policy_gradient_loss | -0.00216    |
|    std                  | 0.964       |
|    value_loss           | 9.17        |
-----------------------------------------
----------------------------------------
| rollout/                |            |
|    ep_len_mean          | 1.86e+03   |
|    ep_rew_mean          | 34.4       |
| time/                   |            |
|    fps                  | 1363       |
|    iterations           | 45         |
|    time_elapsed         | 67         |
|    total_timesteps      | 296960     |
| train/                  |            |
|    approx_kl            | 0.00134436 |
|    clip_fraction        | 0.0221     |
|    clip_range           | 0.2        |
|    entropy_loss         | -2.76      |
|    explained_variance   | 0.663      |
|    learning_rate        | 0.0003     |
|    loss                 | 4.32       |
|    n_updates            | 720        |
|    policy_gradient_loss | -0.00139   |
|    std                  | 0.963      |
|    value_loss           | 22.2       |
----------------------------------------
------------------------------------------
| rollout/                |              |
|    ep_len_mean          | 1.86e+03     |
|    ep_rew_mean          | 34.3         |
| time/                   |              |
|    fps                  | 1362         |
|    iterations           | 46           |
|    time_elapsed         | 69           |
|    total_timesteps      | 299008       |
| train/                  |              |
|    approx_kl            | 0.0035433117 |
|    clip_fraction        | 0.048        |
|    clip_range           | 0.2          |
|    entropy_loss         | -2.76        |
|    explained_variance   | 0.875        |
|    learning_rate        | 0.0003       |
|    loss                 | 2.48         |
|    n_updates            | 725          |
|    policy_gradient_loss | -0.00305     |
|    std                  | 0.963        |
|    value_loss           | 6.21         |
------------------------------------------
-----------------------------------------
| rollout/                |             |
|    ep_len_mean          | 1.86e+03    |
|    ep_rew_mean          | 34.3        |
| time/                   |             |
|    fps                  | 1361        |
|    iterations           | 47          |
|    time_elapsed         | 70          |
|    total_timesteps      | 301056      |
| train/                  |             |
|    approx_kl            | 0.007594434 |
|    clip_fraction        | 0.0396      |
|    clip_range           | 0.2         |
|    entropy_loss         | -2.76       |
|    explained_variance   | 0.946       |
|    learning_rate        | 0.0003      |
|    loss                 | 8.7         |
|    n_updates            | 730         |
|    policy_gradient_loss | -0.00405    |
|    std                  | 0.963       |
|    value_loss           | 7.75        |
-----------------------------------------
------------------------------------------
| rollout/                |              |
|    ep_len_mean          | 1.87e+03     |
|    ep_rew_mean          | 33           |
| time/                   |              |
|    fps                  | 1360         |
|    iterations           | 48           |
|    time_elapsed         | 72           |
|    total_timesteps      | 303104       |
| train/                  |              |
|    approx_kl            | 0.0048062047 |
|    clip_fraction        | 0.0346       |
|    clip_range           | 0.2          |
|    entropy_loss         | -2.76        |
|    explained_variance   | 0.893        |
|    learning_rate        | 0.0003       |
|    loss                 | 0.274        |
|    n_updates            | 735          |
|    policy_gradient_loss | -0.00267     |
|    std                  | 0.962        |
|    value_loss           | 2.24         |
------------------------------------------
------------------------------------------
| rollout/                |              |
|    ep_len_mean          | 1.87e+03     |
|    ep_rew_mean          | 32.9         |
| time/                   |              |
|    fps                  | 1354         |
|    iterations           | 49           |
|    time_elapsed         | 74           |
|    total_timesteps      | 305152       |
| train/                  |              |
|    approx_kl            | 0.0044579725 |
|    clip_fraction        | 0.0139       |
|    clip_range           | 0.2          |
|    entropy_loss         | -2.76        |
|    explained_variance   | 0.697        |
|    learning_rate        | 0.0003       |
|    loss                 | 1.94         |
|    n_updates            | 740          |
|    policy_gradient_loss | -0.0029      |
|    std                  | 0.961        |
|    value_loss           | 19.7         |
------------------------------------------
------------------------------------------
| rollout/                |              |
|    ep_len_mean          | 1.87e+03     |
|    ep_rew_mean          | 33           |
| time/                   |              |
|    fps                  | 1352         |
|    iterations           | 50           |
|    time_elapsed         | 75           |
|    total_timesteps      | 307200       |
| train/                  |              |
|    approx_kl            | 0.0068367105 |
|    clip_fraction        | 0.0418       |
|    clip_range           | 0.2          |
|    entropy_loss         | -2.76        |
|    explained_variance   | 0.386        |
|    learning_rate        | 0.0003       |
|    loss                 | 6.25         |
|    n_updates            | 745          |
|    policy_gradient_loss | -0.00212     |
|    std                  | 0.959        |
|    value_loss           | 62.4         |
------------------------------------------
----------------------------------------
| rollout/                |            |
|    ep_len_mean          | 1.87e+03   |
|    ep_rew_mean          | 33         |
| time/                   |            |
|    fps                  | 1351       |
|    iterations           | 51         |
|    time_elapsed         | 77         |
|    total_timesteps      | 309248     |
| train/                  |            |
|    approx_kl            | 0.00520032 |
|    clip_fraction        | 0.0168     |
|    clip_range           | 0.2        |
|    entropy_loss         | -2.75      |
|    explained_variance   | 0.845      |
|    learning_rate        | 0.0003     |
|    loss                 | 1.23       |
|    n_updates            | 750        |
|    policy_gradient_loss | -0.00139   |
|    std                  | 0.958      |
|    value_loss           | 10.4       |
----------------------------------------
------------------------------------------
| rollout/                |              |
|    ep_len_mean          | 1.88e+03     |
|    ep_rew_mean          | 31.7         |
| time/                   |              |
|    fps                  | 1351         |
|    iterations           | 52           |
|    time_elapsed         | 78           |
|    total_timesteps      | 311296       |
| train/                  |              |
|    approx_kl            | 0.0057737585 |
|    clip_fraction        | 0.0547       |
|    clip_range           | 0.2          |
|    entropy_loss         | -2.75        |
|    explained_variance   | 0.931        |
|    learning_rate        | 0.0003       |
|    loss                 | 0.505        |
|    n_updates            | 755          |
|    policy_gradient_loss | -0.0039      |
|    std                  | 0.958        |
|    value_loss           | 3.68         |
------------------------------------------
-----------------------------------------
| rollout/                |             |
|    ep_len_mean          | 1.89e+03    |
|    ep_rew_mean          | 31.3        |
| time/                   |             |
|    fps                  | 1349        |
|    iterations           | 53          |
|    time_elapsed         | 80          |
|    total_timesteps      | 313344      |
| train/                  |             |
|    approx_kl            | 0.004086488 |
|    clip_fraction        | 0.0548      |
|    clip_range           | 0.2         |
|    entropy_loss         | -2.75       |
|    explained_variance   | 0.193       |
|    learning_rate        | 0.0003      |
|    loss                 | 195         |
|    n_updates            | 760         |
|    policy_gradient_loss | -0.00337    |
|    std                  | 0.959       |
|    value_loss           | 57.2        |
-----------------------------------------
-----------------------------------------
| rollout/                |             |
|    ep_len_mean          | 1.89e+03    |
|    ep_rew_mean          | 31.3        |
| time/                   |             |
|    fps                  | 1347        |
|    iterations           | 54          |
|    time_elapsed         | 82          |
|    total_timesteps      | 315392      |
| train/                  |             |
|    approx_kl            | 0.006574245 |
|    clip_fraction        | 0.0677      |
|    clip_range           | 0.2         |
|    entropy_loss         | -2.75       |
|    explained_variance   | 0.708       |
|    learning_rate        | 0.0003      |
|    loss                 | 2.76        |
|    n_updates            | 765         |
|    policy_gradient_loss | -0.00358    |
|    std                  | 0.959       |
|    value_loss           | 14.3        |
-----------------------------------------
------------------------------------------
| rollout/                |              |
|    ep_len_mean          | 1.87e+03     |
|    ep_rew_mean          | 32.2         |
| time/                   |              |
|    fps                  | 1347         |
|    iterations           | 55           |
|    time_elapsed         | 83           |
|    total_timesteps      | 317440       |
| train/                  |              |
|    approx_kl            | 0.0073147533 |
|    clip_fraction        | 0.103        |
|    clip_range           | 0.2          |
|    entropy_loss         | -2.75        |
|    explained_variance   | 0.871        |
|    learning_rate        | 0.0003       |
|    loss                 | 3.85         |
|    n_updates            | 770          |
|    policy_gradient_loss | 0.00157      |
|    std                  | 0.958        |
|    value_loss           | 5.44         |
------------------------------------------
------------------------------------------
| rollout/                |              |
|    ep_len_mean          | 1.87e+03     |
|    ep_rew_mean          | 31.8         |
| time/                   |              |
|    fps                  | 1345         |
|    iterations           | 56           |
|    time_elapsed         | 85           |
|    total_timesteps      | 319488       |
| train/                  |              |
|    approx_kl            | 0.0067904564 |
|    clip_fraction        | 0.112        |
|    clip_range           | 0.2          |
|    entropy_loss         | -2.75        |
|    explained_variance   | 0.277        |
|    learning_rate        | 0.0003       |
|    loss                 | 1.52         |
|    n_updates            | 775          |
|    policy_gradient_loss | -0.00331     |
|    std                  | 0.956        |
|    value_loss           | 59.9         |
------------------------------------------
-----------------------------------------
| rollout/                |             |
|    ep_len_mean          | 1.87e+03    |
|    ep_rew_mean          | 31.8        |
| time/                   |             |
|    fps                  | 1344        |
|    iterations           | 57          |
|    time_elapsed         | 86          |
|    total_timesteps      | 321536      |
| train/                  |             |
|    approx_kl            | 0.007969442 |
|    clip_fraction        | 0.108       |
|    clip_range           | 0.2         |
|    entropy_loss         | -2.75       |
|    explained_variance   | 0.226       |
|    learning_rate        | 0.0003      |
|    loss                 | 3.79        |
|    n_updates            | 780         |
|    policy_gradient_loss | -0.00495    |
|    std                  | 0.955       |
|    value_loss           | 18          |
-----------------------------------------
------------------------------------------
| rollout/                |              |
|    ep_len_mean          | 1.87e+03     |
|    ep_rew_mean          | 31.8         |
| time/                   |              |
|    fps                  | 1344         |
|    iterations           | 58           |
|    time_elapsed         | 88           |
|    total_timesteps      | 323584       |
| train/                  |              |
|    approx_kl            | 0.0022774045 |
|    clip_fraction        | 0.0765       |
|    clip_range           | 0.2          |
|    entropy_loss         | -2.75        |
|    explained_variance   | 0.649        |
|    learning_rate        | 0.0003       |
|    loss                 | 1.64         |
|    n_updates            | 785          |
|    policy_gradient_loss | -0.000404    |
|    std                  | 0.955        |
|    value_loss           | 6.66         |
------------------------------------------
------------------------------------------
| rollout/                |              |
|    ep_len_mean          | 1.87e+03     |
|    ep_rew_mean          | 31.7         |
| time/                   |              |
|    fps                  | 1345         |
|    iterations           | 59           |
|    time_elapsed         | 89           |
|    total_timesteps      | 325632       |
| train/                  |              |
|    approx_kl            | 0.0016719339 |
|    clip_fraction        | 0.000781     |
|    clip_range           | 0.2          |
|    entropy_loss         | -2.75        |
|    explained_variance   | 0.817        |
|    learning_rate        | 0.0003       |
|    loss                 | 0.145        |
|    n_updates            | 790          |
|    policy_gradient_loss | -0.00171     |
|    std                  | 0.955        |
|    value_loss           | 6.05         |
------------------------------------------
------------------------------------------
| rollout/                |              |
|    ep_len_mean          | 1.86e+03     |
|    ep_rew_mean          | 32.7         |
| time/                   |              |
|    fps                  | 1343         |
|    iterations           | 60           |
|    time_elapsed         | 91           |
|    total_timesteps      | 327680       |
| train/                  |              |
|    approx_kl            | 0.0067466423 |
|    clip_fraction        | 0.0742       |
|    clip_range           | 0.2          |
|    entropy_loss         | -2.75        |
|    explained_variance   | 0.849        |
|    learning_rate        | 0.0003       |
|    loss                 | 4.05         |
|    n_updates            | 795          |
|    policy_gradient_loss | -0.00358     |
|    std                  | 0.957        |
|    value_loss           | 5.68         |
------------------------------------------
-----------------------------------------
| rollout/                |             |
|    ep_len_mean          | 1.87e+03    |
|    ep_rew_mean          | 32.5        |
| time/                   |             |
|    fps                  | 1344        |
|    iterations           | 61          |
|    time_elapsed         | 92          |
|    total_timesteps      | 329728      |
| train/                  |             |
|    approx_kl            | 0.030429708 |
|    clip_fraction        | 0.104       |
|    clip_range           | 0.2         |
|    entropy_loss         | -2.75       |
|    explained_variance   | -0.12       |
|    learning_rate        | 0.0003      |
|    loss                 | 2.36        |
|    n_updates            | 800         |
|    policy_gradient_loss | -0.000903   |
|    std                  | 0.955       |
|    value_loss           | 57.9        |
-----------------------------------------
------------------------------------------
| rollout/                |              |
|    ep_len_mean          | 1.87e+03     |
|    ep_rew_mean          | 32.5         |
| time/                   |              |
|    fps                  | 1343         |
|    iterations           | 62           |
|    time_elapsed         | 94           |
|    total_timesteps      | 331776       |
| train/                  |              |
|    approx_kl            | 0.0046612425 |
|    clip_fraction        | 0.226        |
|    clip_range           | 0.2          |
|    entropy_loss         | -2.75        |
|    explained_variance   | 0.633        |
|    learning_rate        | 0.0003       |
|    loss                 | 5.48         |
|    n_updates            | 805          |
|    policy_gradient_loss | 0.0121       |
|    std                  | 0.955        |
|    value_loss           | 18.9         |
------------------------------------------
-----------------------------------------
| rollout/                |             |
|    ep_len_mean          | 1.87e+03    |
|    ep_rew_mean          | 32.5        |
| time/                   |             |
|    fps                  | 1344        |
|    iterations           | 63          |
|    time_elapsed         | 95          |
|    total_timesteps      | 333824      |
| train/                  |             |
|    approx_kl            | 0.012337422 |
|    clip_fraction        | 0.086       |
|    clip_range           | 0.2         |
|    entropy_loss         | -2.74       |
|    explained_variance   | 0.873       |
|    learning_rate        | 0.0003      |
|    loss                 | 4.68        |
|    n_updates            | 810         |
|    policy_gradient_loss | -0.00267    |
|    std                  | 0.954       |
|    value_loss           | 5.08        |
-----------------------------------------
-----------------------------------------
| rollout/                |             |
|    ep_len_mean          | 1.87e+03    |
|    ep_rew_mean          | 32.5        |
| time/                   |             |
|    fps                  | 1345        |
|    iterations           | 64          |
|    time_elapsed         | 97          |
|    total_timesteps      | 335872      |
| train/                  |             |
|    approx_kl            | 0.019924315 |
|    clip_fraction        | 0.0884      |
|    clip_range           | 0.2         |
|    entropy_loss         | -2.74       |
|    explained_variance   | 0.902       |
|    learning_rate        | 0.0003      |
|    loss                 | 0.416       |
|    n_updates            | 815         |
|    policy_gradient_loss | 0.00154     |
|    std                  | 0.955       |
|    value_loss           | 6.57        |
-----------------------------------------
-----------------------------------------
| rollout/                |             |
|    ep_len_mean          | 1.88e+03    |
|    ep_rew_mean          | 31.5        |
| time/                   |             |
|    fps                  | 1345        |
|    iterations           | 65          |
|    time_elapsed         | 98          |
|    total_timesteps      | 337920      |
| train/                  |             |
|    approx_kl            | 0.003803317 |
|    clip_fraction        | 0.00684     |
|    clip_range           | 0.2         |
|    entropy_loss         | -2.75       |
|    explained_variance   | 0.726       |
|    learning_rate        | 0.0003      |
|    loss                 | 33.6        |
|    n_updates            | 820         |
|    policy_gradient_loss | -0.000779   |
|    std                  | 0.955       |
|    value_loss           | 11.5        |
-----------------------------------------
-----------------------------------------
| rollout/                |             |
|    ep_len_mean          | 1.88e+03    |
|    ep_rew_mean          | 31.6        |
| time/                   |             |
|    fps                  | 1344        |
|    iterations           | 66          |
|    time_elapsed         | 100         |
|    total_timesteps      | 339968      |
| train/                  |             |
|    approx_kl            | 0.005481841 |
|    clip_fraction        | 0.0681      |
|    clip_range           | 0.2         |
|    entropy_loss         | -2.75       |
|    explained_variance   | 0.537       |
|    learning_rate        | 0.0003      |
|    loss                 | 16.4        |
|    n_updates            | 825         |
|    policy_gradient_loss | -0.00424    |
|    std                  | 0.955       |
|    value_loss           | 22.5        |
-----------------------------------------
------------------------------------------
| rollout/                |              |
|    ep_len_mean          | 1.88e+03     |
|    ep_rew_mean          | 31.6         |
| time/                   |              |
|    fps                  | 1344         |
|    iterations           | 67           |
|    time_elapsed         | 102          |
|    total_timesteps      | 342016       |
| train/                  |              |
|    approx_kl            | 0.0030117403 |
|    clip_fraction        | 0.1          |
|    clip_range           | 0.2          |
|    entropy_loss         | -2.74        |
|    explained_variance   | 0.266        |
|    learning_rate        | 0.0003       |
|    loss                 | 5.45         |
|    n_updates            | 830          |
|    policy_gradient_loss | 0.00044      |
|    std                  | 0.955        |
|    value_loss           | 59.3         |
------------------------------------------
----------------------------------------
| rollout/                |            |
|    ep_len_mean          | 1.88e+03   |
|    ep_rew_mean          | 31.6       |
| time/                   |            |
|    fps                  | 1343       |
|    iterations           | 68         |
|    time_elapsed         | 103        |
|    total_timesteps      | 344064     |
| train/                  |            |
|    approx_kl            | 0.01049288 |
|    clip_fraction        | 0.0883     |
|    clip_range           | 0.2        |
|    entropy_loss         | -2.75      |
|    explained_variance   | 0.942      |
|    learning_rate        | 0.0003     |
|    loss                 | 0.935      |
|    n_updates            | 835        |
|    policy_gradient_loss | -0.000743  |
|    std                  | 0.957      |
|    value_loss           | 2.35       |
----------------------------------------
------------------------------------------
| rollout/                |              |
|    ep_len_mean          | 1.88e+03     |
|    ep_rew_mean          | 31.5         |
| time/                   |              |
|    fps                  | 1342         |
|    iterations           | 69           |
|    time_elapsed         | 105          |
|    total_timesteps      | 346112       |
| train/                  |              |
|    approx_kl            | 0.0051170727 |
|    clip_fraction        | 0.0205       |
|    clip_range           | 0.2          |
|    entropy_loss         | -2.75        |
|    explained_variance   | 0.825        |
|    learning_rate        | 0.0003       |
|    loss                 | 0.464        |
|    n_updates            | 840          |
|    policy_gradient_loss | 4.67e-05     |
|    std                  | 0.958        |
|    value_loss           | 8.27         |
------------------------------------------
----------------------------------------
| rollout/                |            |
|    ep_len_mean          | 1.88e+03   |
|    ep_rew_mean          | 31.5       |
| time/                   |            |
|    fps                  | 1341       |
|    iterations           | 70         |
|    time_elapsed         | 106        |
|    total_timesteps      | 348160     |
| train/                  |            |
|    approx_kl            | 0.00280779 |
|    clip_fraction        | 0.0681     |
|    clip_range           | 0.2        |
|    entropy_loss         | -2.75      |
|    explained_variance   | 0.724      |
|    learning_rate        | 0.0003     |
|    loss                 | 19.8       |
|    n_updates            | 845        |
|    policy_gradient_loss | -0.00295   |
|    std                  | 0.957      |
|    value_loss           | 17.6       |
----------------------------------------
-----------------------------------------
| rollout/                |             |
|    ep_len_mean          | 1.89e+03    |
|    ep_rew_mean          | 31.2        |
| time/                   |             |
|    fps                  | 1342        |
|    iterations           | 71          |
|    time_elapsed         | 108         |
|    total_timesteps      | 350208      |
| train/                  |             |
|    approx_kl            | 0.009705333 |
|    clip_fraction        | 0.0352      |
|    clip_range           | 0.2         |
|    entropy_loss         | -2.75       |
|    explained_variance   | 0.857       |
|    learning_rate        | 0.0003      |
|    loss                 | 1.3         |
|    n_updates            | 850         |
|    policy_gradient_loss | -0.000447   |
|    std                  | 0.956       |
|    value_loss           | 3.93        |
-----------------------------------------
-----------------------------------------
| rollout/                |             |
|    ep_len_mean          | 1.89e+03    |
|    ep_rew_mean          | 31.2        |
| time/                   |             |
|    fps                  | 1343        |
|    iterations           | 72          |
|    time_elapsed         | 109         |
|    total_timesteps      | 352256      |
| train/                  |             |
|    approx_kl            | 0.003736531 |
|    clip_fraction        | 0.0229      |
|    clip_range           | 0.2         |
|    entropy_loss         | -2.75       |
|    explained_variance   | 0.71        |
|    learning_rate        | 0.0003      |
|    loss                 | 1.46        |
|    n_updates            | 855         |
|    policy_gradient_loss | -0.000883   |
|    std                  | 0.956       |
|    value_loss           | 15.6        |
-----------------------------------------
----------------------------------------
| rollout/                |            |
|    ep_len_mean          | 1.89e+03   |
|    ep_rew_mean          | 30.7       |
| time/                   |            |
|    fps                  | 1345       |
|    iterations           | 73         |
|    time_elapsed         | 111        |
|    total_timesteps      | 354304     |
| train/                  |            |
|    approx_kl            | 0.00551931 |
|    clip_fraction        | 0.0306     |
|    clip_range           | 0.2        |
|    entropy_loss         | -2.75      |
|    explained_variance   | 0.899      |
|    learning_rate        | 0.0003     |
|    loss                 | 2.64       |
|    n_updates            | 860        |
|    policy_gradient_loss | -0.00188   |
|    std                  | 0.955      |
|    value_loss           | 7.14       |
----------------------------------------
------------------------------------------
| rollout/                |              |
|    ep_len_mean          | 1.89e+03     |
|    ep_rew_mean          | 30.4         |
| time/                   |              |
|    fps                  | 1344         |
|    iterations           | 74           |
|    time_elapsed         | 112          |
|    total_timesteps      | 356352       |
| train/                  |              |
|    approx_kl            | 0.0047936803 |
|    clip_fraction        | 0.0138       |
|    clip_range           | 0.2          |
|    entropy_loss         | -2.74        |
|    explained_variance   | -0.0482      |
|    learning_rate        | 0.0003       |
|    loss                 | 0.234        |
|    n_updates            | 865          |
|    policy_gradient_loss | -0.00308     |
|    std                  | 0.955        |
|    value_loss           | 65           |
------------------------------------------
-----------------------------------------
| rollout/                |             |
|    ep_len_mean          | 1.88e+03    |
|    ep_rew_mean          | 31.6        |
| time/                   |             |
|    fps                  | 1344        |
|    iterations           | 75          |
|    time_elapsed         | 114         |
|    total_timesteps      | 358400      |
| train/                  |             |
|    approx_kl            | 0.007720325 |
|    clip_fraction        | 0.0413      |
|    clip_range           | 0.2         |
|    entropy_loss         | -2.74       |
|    explained_variance   | 0.723       |
|    learning_rate        | 0.0003      |
|    loss                 | 5.27        |
|    n_updates            | 870         |
|    policy_gradient_loss | -0.00137    |
|    std                  | 0.954       |
|    value_loss           | 17.7        |
-----------------------------------------
------------------------------------------
| rollout/                |              |
|    ep_len_mean          | 1.88e+03     |
|    ep_rew_mean          | 31.6         |
| time/                   |              |
|    fps                  | 1344         |
|    iterations           | 76           |
|    time_elapsed         | 115          |
|    total_timesteps      | 360448       |
| train/                  |              |
|    approx_kl            | 0.0025901466 |
|    clip_fraction        | 0.0378       |
|    clip_range           | 0.2          |
|    entropy_loss         | -2.74        |
|    explained_variance   | 0.343        |
|    learning_rate        | 0.0003       |
|    loss                 | 0.653        |
|    n_updates            | 875          |
|    policy_gradient_loss | -0.00212     |
|    std                  | 0.953        |
|    value_loss           | 55.9         |
------------------------------------------
------------------------------------------
| rollout/                |              |
|    ep_len_mean          | 1.88e+03     |
|    ep_rew_mean          | 31.5         |
| time/                   |              |
|    fps                  | 1346         |
|    iterations           | 77           |
|    time_elapsed         | 117          |
|    total_timesteps      | 362496       |
| train/                  |              |
|    approx_kl            | 0.0066795074 |
|    clip_fraction        | 0.0364       |
|    clip_range           | 0.2          |
|    entropy_loss         | -2.74        |
|    explained_variance   | 0.898        |
|    learning_rate        | 0.0003       |
|    loss                 | 1.94         |
|    n_updates            | 880          |
|    policy_gradient_loss | -0.00173     |
|    std                  | 0.953        |
|    value_loss           | 3.29         |
------------------------------------------
------------------------------------------
| rollout/                |              |
|    ep_len_mean          | 1.89e+03     |
|    ep_rew_mean          | 31.4         |
| time/                   |              |
|    fps                  | 1344         |
|    iterations           | 78           |
|    time_elapsed         | 118          |
|    total_timesteps      | 364544       |
| train/                  |              |
|    approx_kl            | 0.0031151446 |
|    clip_fraction        | 0.0134       |
|    clip_range           | 0.2          |
|    entropy_loss         | -2.74        |
|    explained_variance   | 0.811        |
|    learning_rate        | 0.0003       |
|    loss                 | 2.9          |
|    n_updates            | 885          |
|    policy_gradient_loss | -0.000992    |
|    std                  | 0.953        |
|    value_loss           | 17.1         |
------------------------------------------
------------------------------------------
| rollout/                |              |
|    ep_len_mean          | 1.89e+03     |
|    ep_rew_mean          | 31.4         |
| time/                   |              |
|    fps                  | 1342         |
|    iterations           | 79           |
|    time_elapsed         | 120          |
|    total_timesteps      | 366592       |
| train/                  |              |
|    approx_kl            | 0.0035961533 |
|    clip_fraction        | 0.024        |
|    clip_range           | 0.2          |
|    entropy_loss         | -2.74        |
|    explained_variance   | 0.681        |
|    learning_rate        | 0.0003       |
|    loss                 | 2.9          |
|    n_updates            | 890          |
|    policy_gradient_loss | -0.00175     |
|    std                  | 0.952        |
|    value_loss           | 12.8         |
------------------------------------------
-----------------------------------------
| rollout/                |             |
|    ep_len_mean          | 1.88e+03    |
|    ep_rew_mean          | 32.8        |
| time/                   |             |
|    fps                  | 1342        |
|    iterations           | 80          |
|    time_elapsed         | 122         |
|    total_timesteps      | 368640      |
| train/                  |             |
|    approx_kl            | 0.012601916 |
|    clip_fraction        | 0.072       |
|    clip_range           | 0.2         |
|    entropy_loss         | -2.74       |
|    explained_variance   | 0.699       |
|    learning_rate        | 0.0003      |
|    loss                 | 0.422       |
|    n_updates            | 895         |
|    policy_gradient_loss | -0.00232    |
|    std                  | 0.952       |
|    value_loss           | 13          |
-----------------------------------------
-----------------------------------------
| rollout/                |             |
|    ep_len_mean          | 1.88e+03    |
|    ep_rew_mean          | 32.8        |
| time/                   |             |
|    fps                  | 1343        |
|    iterations           | 81          |
|    time_elapsed         | 123         |
|    total_timesteps      | 370688      |
| train/                  |             |
|    approx_kl            | 0.008199077 |
|    clip_fraction        | 0.0932      |
|    clip_range           | 0.2         |
|    entropy_loss         | -2.74       |
|    explained_variance   | 0.364       |
|    learning_rate        | 0.0003      |
|    loss                 | 2.37        |
|    n_updates            | 900         |
|    policy_gradient_loss | -0.000321   |
|    std                  | 0.953       |
|    value_loss           | 47.1        |
-----------------------------------------
-----------------------------------------
| rollout/                |             |
|    ep_len_mean          | 1.89e+03    |
|    ep_rew_mean          | 32.7        |
| time/                   |             |
|    fps                  | 1344        |
|    iterations           | 82          |
|    time_elapsed         | 124         |
|    total_timesteps      | 372736      |
| train/                  |             |
|    approx_kl            | 0.011929173 |
|    clip_fraction        | 0.0891      |
|    clip_range           | 0.2         |
|    entropy_loss         | -2.74       |
|    explained_variance   | 0.938       |
|    learning_rate        | 0.0003      |
|    loss                 | 1.73        |
|    n_updates            | 905         |
|    policy_gradient_loss | -0.000701   |
|    std                  | 0.953       |
|    value_loss           | 4.96        |
-----------------------------------------
------------------------------------------
| rollout/                |              |
|    ep_len_mean          | 1.89e+03     |
|    ep_rew_mean          | 32.4         |
| time/                   |              |
|    fps                  | 1344         |
|    iterations           | 83           |
|    time_elapsed         | 126          |
|    total_timesteps      | 374784       |
| train/                  |              |
|    approx_kl            | 0.0028972698 |
|    clip_fraction        | 0.0417       |
|    clip_range           | 0.2          |
|    entropy_loss         | -2.74        |
|    explained_variance   | 0.808        |
|    learning_rate        | 0.0003       |
|    loss                 | 1.65         |
|    n_updates            | 910          |
|    policy_gradient_loss | -0.00181     |
|    std                  | 0.952        |
|    value_loss           | 10.4         |
------------------------------------------
------------------------------------------
| rollout/                |              |
|    ep_len_mean          | 1.89e+03     |
|    ep_rew_mean          | 32.4         |
| time/                   |              |
|    fps                  | 1344         |
|    iterations           | 84           |
|    time_elapsed         | 127          |
|    total_timesteps      | 376832       |
| train/                  |              |
|    approx_kl            | 0.0040672407 |
|    clip_fraction        | 0.00801      |
|    clip_range           | 0.2          |
|    entropy_loss         | -2.74        |
|    explained_variance   | 0.871        |
|    learning_rate        | 0.0003       |
|    loss                 | 1.24         |
|    n_updates            | 915          |
|    policy_gradient_loss | -0.000327    |
|    std                  | 0.952        |
|    value_loss           | 10           |
------------------------------------------
------------------------------------------
| rollout/                |              |
|    ep_len_mean          | 1.89e+03     |
|    ep_rew_mean          | 32.4         |
| time/                   |              |
|    fps                  | 1344         |
|    iterations           | 85           |
|    time_elapsed         | 129          |
|    total_timesteps      | 378880       |
| train/                  |              |
|    approx_kl            | 0.0017620109 |
|    clip_fraction        | 0.000879     |
|    clip_range           | 0.2          |
|    entropy_loss         | -2.74        |
|    explained_variance   | 0.867        |
|    learning_rate        | 0.0003       |
|    loss                 | 11.2         |
|    n_updates            | 920          |
|    policy_gradient_loss | -0.00184     |
|    std                  | 0.952        |
|    value_loss           | 14.8         |
------------------------------------------
----------------------------------------
| rollout/                |            |
|    ep_len_mean          | 1.89e+03   |
|    ep_rew_mean          | 32.3       |
| time/                   |            |
|    fps                  | 1345       |
|    iterations           | 86         |
|    time_elapsed         | 130        |
|    total_timesteps      | 380928     |
| train/                  |            |
|    approx_kl            | 0.00815891 |
|    clip_fraction        | 0.103      |
|    clip_range           | 0.2        |
|    entropy_loss         | -2.74      |
|    explained_variance   | 0.906      |
|    learning_rate        | 0.0003     |
|    loss                 | 0.144      |
|    n_updates            | 925        |
|    policy_gradient_loss | 0.000366   |
|    std                  | 0.954      |
|    value_loss           | 3.97       |
----------------------------------------
------------------------------------------
| rollout/                |              |
|    ep_len_mean          | 1.89e+03     |
|    ep_rew_mean          | 32.3         |
| time/                   |              |
|    fps                  | 1345         |
|    iterations           | 87           |
|    time_elapsed         | 132          |
|    total_timesteps      | 382976       |
| train/                  |              |
|    approx_kl            | 0.0049944003 |
|    clip_fraction        | 0.0175       |
|    clip_range           | 0.2          |
|    entropy_loss         | -2.74        |
|    explained_variance   | 0.846        |
|    learning_rate        | 0.0003       |
|    loss                 | 15.5         |
|    n_updates            | 930          |
|    policy_gradient_loss | -0.00241     |
|    std                  | 0.954        |
|    value_loss           | 8.26         |
------------------------------------------
-----------------------------------------
| rollout/                |             |
|    ep_len_mean          | 1.9e+03     |
|    ep_rew_mean          | 31.1        |
| time/                   |             |
|    fps                  | 1345        |
|    iterations           | 88          |
|    time_elapsed         | 133         |
|    total_timesteps      | 385024      |
| train/                  |             |
|    approx_kl            | 0.004094056 |
|    clip_fraction        | 0.0344      |
|    clip_range           | 0.2         |
|    entropy_loss         | -2.74       |
|    explained_variance   | 0.87        |
|    learning_rate        | 0.0003      |
|    loss                 | 7.37        |
|    n_updates            | 935         |
|    policy_gradient_loss | -0.00323    |
|    std                  | 0.955       |
|    value_loss           | 14.7        |
-----------------------------------------
------------------------------------------
| rollout/                |              |
|    ep_len_mean          | 1.9e+03      |
|    ep_rew_mean          | 31.1         |
| time/                   |              |
|    fps                  | 1345         |
|    iterations           | 89           |
|    time_elapsed         | 135          |
|    total_timesteps      | 387072       |
| train/                  |              |
|    approx_kl            | 0.0024653287 |
|    clip_fraction        | 0.0674       |
|    clip_range           | 0.2          |
|    entropy_loss         | -2.74        |
|    explained_variance   | 0.889        |
|    learning_rate        | 0.0003       |
|    loss                 | 5.95         |
|    n_updates            | 940          |
|    policy_gradient_loss | -0.00223     |
|    std                  | 0.954        |
|    value_loss           | 7.66         |
------------------------------------------
------------------------------------------
| rollout/                |              |
|    ep_len_mean          | 1.89e+03     |
|    ep_rew_mean          | 31.2         |
| time/                   |              |
|    fps                  | 1346         |
|    iterations           | 90           |
|    time_elapsed         | 136          |
|    total_timesteps      | 389120       |
| train/                  |              |
|    approx_kl            | 0.0032561817 |
|    clip_fraction        | 0.0164       |
|    clip_range           | 0.2          |
|    entropy_loss         | -2.74        |
|    explained_variance   | 0.942        |
|    learning_rate        | 0.0003       |
|    loss                 | 5.47         |
|    n_updates            | 945          |
|    policy_gradient_loss | -0.00141     |
|    std                  | 0.954        |
|    value_loss           | 7.16         |
------------------------------------------
-----------------------------------------
| rollout/                |             |
|    ep_len_mean          | 1.88e+03    |
|    ep_rew_mean          | 31.2        |
| time/                   |             |
|    fps                  | 1345        |
|    iterations           | 91          |
|    time_elapsed         | 138         |
|    total_timesteps      | 391168      |
| train/                  |             |
|    approx_kl            | 0.009288827 |
|    clip_fraction        | 0.0727      |
|    clip_range           | 0.2         |
|    entropy_loss         | -2.75       |
|    explained_variance   | 0.0104      |
|    learning_rate        | 0.0003      |
|    loss                 | 10          |
|    n_updates            | 950         |
|    policy_gradient_loss | -0.00122    |
|    std                  | 0.958       |
|    value_loss           | 58.4        |
-----------------------------------------
------------------------------------------
| rollout/                |              |
|    ep_len_mean          | 1.88e+03     |
|    ep_rew_mean          | 31.2         |
| time/                   |              |
|    fps                  | 1345         |
|    iterations           | 92           |
|    time_elapsed         | 140          |
|    total_timesteps      | 393216       |
| train/                  |              |
|    approx_kl            | 0.0054109604 |
|    clip_fraction        | 0.0637       |
|    clip_range           | 0.2          |
|    entropy_loss         | -2.75        |
|    explained_variance   | 0.827        |
|    learning_rate        | 0.0003       |
|    loss                 | 4.24         |
|    n_updates            | 955          |
|    policy_gradient_loss | -0.00271     |
|    std                  | 0.958        |
|    value_loss           | 12.9         |
------------------------------------------
-----------------------------------------
| rollout/                |             |
|    ep_len_mean          | 1.88e+03    |
|    ep_rew_mean          | 31          |
| time/                   |             |
|    fps                  | 1346        |
|    iterations           | 93          |
|    time_elapsed         | 141         |
|    total_timesteps      | 395264      |
| train/                  |             |
|    approx_kl            | 0.010175273 |
|    clip_fraction        | 0.0991      |
|    clip_range           | 0.2         |
|    entropy_loss         | -2.75       |
|    explained_variance   | 0.792       |
|    learning_rate        | 0.0003      |
|    loss                 | 1.16        |
|    n_updates            | 960         |
|    policy_gradient_loss | 0.00293     |
|    std                  | 0.956       |
|    value_loss           | 4.4         |
-----------------------------------------
------------------------------------------
| rollout/                |              |
|    ep_len_mean          | 1.88e+03     |
|    ep_rew_mean          | 30.9         |
| time/                   |              |
|    fps                  | 1346         |
|    iterations           | 94           |
|    time_elapsed         | 142          |
|    total_timesteps      | 397312       |
| train/                  |              |
|    approx_kl            | 0.0023063158 |
|    clip_fraction        | 0.00283      |
|    clip_range           | 0.2          |
|    entropy_loss         | -2.75        |
|    explained_variance   | 0.884        |
|    learning_rate        | 0.0003       |
|    loss                 | 15.8         |
|    n_updates            | 965          |
|    policy_gradient_loss | 0.000168     |
|    std                  | 0.956        |
|    value_loss           | 9.03         |
------------------------------------------
------------------------------------------
| rollout/                |              |
|    ep_len_mean          | 1.88e+03     |
|    ep_rew_mean          | 30.8         |
| time/                   |              |
|    fps                  | 1346         |
|    iterations           | 95           |
|    time_elapsed         | 144          |
|    total_timesteps      | 399360       |
| train/                  |              |
|    approx_kl            | 0.0044661416 |
|    clip_fraction        | 0.0199       |
|    clip_range           | 0.2          |
|    entropy_loss         | -2.75        |
|    explained_variance   | 0.629        |
|    learning_rate        | 0.0003       |
|    loss                 | 1.06         |
|    n_updates            | 970          |
|    policy_gradient_loss | -0.000251    |
|    std                  | 0.956        |
|    value_loss           | 18.6         |
------------------------------------------
------------------------------------------
| rollout/                |              |
|    ep_len_mean          | 1.88e+03     |
|    ep_rew_mean          | 30.8         |
| time/                   |              |
|    fps                  | 1346         |
|    iterations           | 96           |
|    time_elapsed         | 145          |
|    total_timesteps      | 401408       |
| train/                  |              |
|    approx_kl            | 0.0059024706 |
|    clip_fraction        | 0.105        |
|    clip_range           | 0.2          |
|    entropy_loss         | -2.75        |
|    explained_variance   | 0.754        |
|    learning_rate        | 0.0003       |
|    loss                 | 0.973        |
|    n_updates            | 975          |
|    policy_gradient_loss | -0.00214     |
|    std                  | 0.954        |
|    value_loss           | 15.6         |
------------------------------------------
------------------------------------------
| rollout/                |              |
|    ep_len_mean          | 1.88e+03     |
|    ep_rew_mean          | 31           |
| time/                   |              |
|    fps                  | 1347         |
|    iterations           | 97           |
|    time_elapsed         | 147          |
|    total_timesteps      | 403456       |
| train/                  |              |
|    approx_kl            | 0.0035525681 |
|    clip_fraction        | 0.0299       |
|    clip_range           | 0.2          |
|    entropy_loss         | -2.74        |
|    explained_variance   | 0.919        |
|    learning_rate        | 0.0003       |
|    loss                 | 1.64         |
|    n_updates            | 980          |
|    policy_gradient_loss | -0.000502    |
|    std                  | 0.953        |
|    value_loss           | 7.22         |
------------------------------------------
------------------------------------------
| rollout/                |              |
|    ep_len_mean          | 1.88e+03     |
|    ep_rew_mean          | 30.9         |
| time/                   |              |
|    fps                  | 1347         |
|    iterations           | 98           |
|    time_elapsed         | 148          |
|    total_timesteps      | 405504       |
| train/                  |              |
|    approx_kl            | 0.0027199266 |
|    clip_fraction        | 0.00791      |
|    clip_range           | 0.2          |
|    entropy_loss         | -2.74        |
|    explained_variance   | 0.913        |
|    learning_rate        | 0.0003       |
|    loss                 | 0.528        |
|    n_updates            | 985          |
|    policy_gradient_loss | -0.000968    |
|    std                  | 0.952        |
|    value_loss           | 3.87         |
------------------------------------------
-----------------------------------------
| rollout/                |             |
|    ep_len_mean          | 1.89e+03    |
|    ep_rew_mean          | 29.7        |
| time/                   |             |
|    fps                  | 1347        |
|    iterations           | 99          |
|    time_elapsed         | 150         |
|    total_timesteps      | 407552      |
| train/                  |             |
|    approx_kl            | 0.009925456 |
|    clip_fraction        | 0.0427      |
|    clip_range           | 0.2         |
|    entropy_loss         | -2.74       |
|    explained_variance   | 0.837       |
|    learning_rate        | 0.0003      |
|    loss                 | 0.737       |
|    n_updates            | 990         |
|    policy_gradient_loss | -0.00287    |
|    std                  | 0.949       |
|    value_loss           | 5.46        |
-----------------------------------------
-----------------------------------------
| rollout/                |             |
|    ep_len_mean          | 1.89e+03    |
|    ep_rew_mean          | 29.7        |
| time/                   |             |
|    fps                  | 1347        |
|    iterations           | 100         |
|    time_elapsed         | 152         |
|    total_timesteps      | 409600      |
| train/                  |             |
|    approx_kl            | 0.013928045 |
|    clip_fraction        | 0.114       |
|    clip_range           | 0.2         |
|    entropy_loss         | -2.73       |
|    explained_variance   | 0.863       |
|    learning_rate        | 0.0003      |
|    loss                 | 5.09        |
|    n_updates            | 995         |
|    policy_gradient_loss | -0.00225    |
|    std                  | 0.949       |
|    value_loss           | 11.7        |
-----------------------------------------

CP2 held-out: 9/50 hits (18.0%), mean miss 9.6 m, mean reward 23.82
STOP CONDITION: no joint improvement -- review gate before continuing.
CP3: evasive lineage | max_time=45s t_go_max=10s | tracking=True | obs=12-D | miss_tanh_scale=3000m shaping_gamma=1 effort_weight=5 -> out=outputs/evasive_zemtgo10_seed2
---------------------------------
| rollout/           |          |
|    ep_len_mean     | 1.89e+03 |
|    ep_rew_mean     | 29.7     |
| time/              |          |
|    fps             | 4432     |
|    iterations      | 1        |
|    time_elapsed    | 0        |
|    total_timesteps | 411648   |
---------------------------------
------------------------------------------
| rollout/                |              |
|    ep_len_mean          | 1.89e+03     |
|    ep_rew_mean          | 29.7         |
| time/                   |              |
|    fps                  | 1818         |
|    iterations           | 2            |
|    time_elapsed         | 2            |
|    total_timesteps      | 413696       |
| train/                  |              |
|    approx_kl            | 0.0077979593 |
|    clip_fraction        | 0.114        |
|    clip_range           | 0.2          |
|    entropy_loss         | -2.73        |
|    explained_variance   | 0.787        |
|    learning_rate        | 0.0003       |
|    loss                 | 5.72         |
|    n_updates            | 1005         |
|    policy_gradient_loss | -0.00989     |
|    std                  | 0.949        |
|    value_loss           | 6.13         |
------------------------------------------
----------------------------------------
| rollout/                |            |
|    ep_len_mean          | 1.88e+03   |
|    ep_rew_mean          | 30.8       |
| time/                   |            |
|    fps                  | 1689       |
|    iterations           | 3          |
|    time_elapsed         | 3          |
|    total_timesteps      | 415744     |
| train/                  |            |
|    approx_kl            | 0.00599988 |
|    clip_fraction        | 0.0289     |
|    clip_range           | 0.2        |
|    entropy_loss         | -2.73      |
|    explained_variance   | 0.814      |
|    learning_rate        | 0.0003     |
|    loss                 | 3.21       |
|    n_updates            | 1010       |
|    policy_gradient_loss | -0.00233   |
|    std                  | 0.948      |
|    value_loss           | 5.77       |
----------------------------------------
------------------------------------------
| rollout/                |              |
|    ep_len_mean          | 1.87e+03     |
|    ep_rew_mean          | 30.7         |
| time/                   |              |
|    fps                  | 1624         |
|    iterations           | 4            |
|    time_elapsed         | 5            |
|    total_timesteps      | 417792       |
| train/                  |              |
|    approx_kl            | 0.0076400675 |
|    clip_fraction        | 0.0753       |
|    clip_range           | 0.2          |
|    entropy_loss         | -2.73        |
|    explained_variance   | -0.305       |
|    learning_rate        | 0.0003       |
|    loss                 | 0.33         |
|    n_updates            | 1015         |
|    policy_gradient_loss | -0.00213     |
|    std                  | 0.947        |
|    value_loss           | 62.6         |
------------------------------------------
------------------------------------------
| rollout/                |              |
|    ep_len_mean          | 1.87e+03     |
|    ep_rew_mean          | 30.8         |
| time/                   |              |
|    fps                  | 1564         |
|    iterations           | 5            |
|    time_elapsed         | 6            |
|    total_timesteps      | 419840       |
| train/                  |              |
|    approx_kl            | 0.0037507634 |
|    clip_fraction        | 0.0449       |
|    clip_range           | 0.2          |
|    entropy_loss         | -2.73        |
|    explained_variance   | 0.865        |
|    learning_rate        | 0.0003       |
|    loss                 | 3.26         |
|    n_updates            | 1020         |
|    policy_gradient_loss | 0.00273      |
|    std                  | 0.946        |
|    value_loss           | 10.3         |
------------------------------------------
-----------------------------------------
| rollout/                |             |
|    ep_len_mean          | 1.87e+03    |
|    ep_rew_mean          | 30.8        |
| time/                   |             |
|    fps                  | 1532        |
|    iterations           | 6           |
|    time_elapsed         | 8           |
|    total_timesteps      | 421888      |
| train/                  |             |
|    approx_kl            | 0.007844026 |
|    clip_fraction        | 0.0491      |
|    clip_range           | 0.2         |
|    entropy_loss         | -2.73       |
|    explained_variance   | 0.889       |
|    learning_rate        | 0.0003      |
|    loss                 | 3.93        |
|    n_updates            | 1025        |
|    policy_gradient_loss | -9.33e-05   |
|    std                  | 0.946       |
|    value_loss           | 9.55        |
-----------------------------------------
------------------------------------------
| rollout/                |              |
|    ep_len_mean          | 1.87e+03     |
|    ep_rew_mean          | 30.6         |
| time/                   |              |
|    fps                  | 1512         |
|    iterations           | 7            |
|    time_elapsed         | 9            |
|    total_timesteps      | 423936       |
| train/                  |              |
|    approx_kl            | 0.0012414488 |
|    clip_fraction        | 0.00508      |
|    clip_range           | 0.2          |
|    entropy_loss         | -2.73        |
|    explained_variance   | 0.777        |
|    learning_rate        | 0.0003       |
|    loss                 | 1.86         |
|    n_updates            | 1030         |
|    policy_gradient_loss | -0.0009      |
|    std                  | 0.946        |
|    value_loss           | 13.4         |
------------------------------------------
------------------------------------------
| rollout/                |              |
|    ep_len_mean          | 1.88e+03     |
|    ep_rew_mean          | 30.3         |
| time/                   |              |
|    fps                  | 1492         |
|    iterations           | 8            |
|    time_elapsed         | 10           |
|    total_timesteps      | 425984       |
| train/                  |              |
|    approx_kl            | 0.0017603028 |
|    clip_fraction        | 0.00205      |
|    clip_range           | 0.2          |
|    entropy_loss         | -2.73        |
|    explained_variance   | 0.819        |
|    learning_rate        | 0.0003       |
|    loss                 | 2.37         |
|    n_updates            | 1035         |
|    policy_gradient_loss | -0.00106     |
|    std                  | 0.945        |
|    value_loss           | 15.6         |
------------------------------------------
------------------------------------------
| rollout/                |              |
|    ep_len_mean          | 1.89e+03     |
|    ep_rew_mean          | 30.2         |
| time/                   |              |
|    fps                  | 1463         |
|    iterations           | 9            |
|    time_elapsed         | 12           |
|    total_timesteps      | 428032       |
| train/                  |              |
|    approx_kl            | 0.0026847662 |
|    clip_fraction        | 0.00234      |
|    clip_range           | 0.2          |
|    entropy_loss         | -2.73        |
|    explained_variance   | 0.865        |
|    learning_rate        | 0.0003       |
|    loss                 | 2.02         |
|    n_updates            | 1040         |
|    policy_gradient_loss | -0.00157     |
|    std                  | 0.946        |
|    value_loss           | 19           |
------------------------------------------
-----------------------------------------
| rollout/                |             |
|    ep_len_mean          | 1.89e+03    |
|    ep_rew_mean          | 30.2        |
| time/                   |             |
|    fps                  | 1452        |
|    iterations           | 10          |
|    time_elapsed         | 14          |
|    total_timesteps      | 430080      |
| train/                  |             |
|    approx_kl            | 0.009412954 |
|    clip_fraction        | 0.055       |
|    clip_range           | 0.2         |
|    entropy_loss         | -2.73       |
|    explained_variance   | 0.879       |
|    learning_rate        | 0.0003      |
|    loss                 | 1.35        |
|    n_updates            | 1045        |
|    policy_gradient_loss | -0.00539    |
|    std                  | 0.946       |
|    value_loss           | 8.8         |
-----------------------------------------
-----------------------------------------
| rollout/                |             |
|    ep_len_mean          | 1.89e+03    |
|    ep_rew_mean          | 30.2        |
| time/                   |             |
|    fps                  | 1445        |
|    iterations           | 11          |
|    time_elapsed         | 15          |
|    total_timesteps      | 432128      |
| train/                  |             |
|    approx_kl            | 0.008213926 |
|    clip_fraction        | 0.0665      |
|    clip_range           | 0.2         |
|    entropy_loss         | -2.73       |
|    explained_variance   | 0.957       |
|    learning_rate        | 0.0003      |
|    loss                 | 0.305       |
|    n_updates            | 1050        |
|    policy_gradient_loss | -0.00207    |
|    std                  | 0.947       |
|    value_loss           | 5.67        |
-----------------------------------------
------------------------------------------
| rollout/                |              |
|    ep_len_mean          | 1.88e+03     |
|    ep_rew_mean          | 30.2         |
| time/                   |              |
|    fps                  | 1431         |
|    iterations           | 12           |
|    time_elapsed         | 17           |
|    total_timesteps      | 434176       |
| train/                  |              |
|    approx_kl            | 0.0016891893 |
|    clip_fraction        | 0.00254      |
|    clip_range           | 0.2          |
|    entropy_loss         | -2.73        |
|    explained_variance   | 0.911        |
|    learning_rate        | 0.0003       |
|    loss                 | 14.2         |
|    n_updates            | 1055         |
|    policy_gradient_loss | -0.000839    |
|    std                  | 0.946        |
|    value_loss           | 8.57         |
------------------------------------------
------------------------------------------
| rollout/                |              |
|    ep_len_mean          | 1.91e+03     |
|    ep_rew_mean          | 28.5         |
| time/                   |              |
|    fps                  | 1427         |
|    iterations           | 13           |
|    time_elapsed         | 18           |
|    total_timesteps      | 436224       |
| train/                  |              |
|    approx_kl            | 0.0053818533 |
|    clip_fraction        | 0.0216       |
|    clip_range           | 0.2          |
|    entropy_loss         | -2.73        |
|    explained_variance   | 0.95         |
|    learning_rate        | 0.0003       |
|    loss                 | 0.26         |
|    n_updates            | 1060         |
|    policy_gradient_loss | -0.00226     |
|    std                  | 0.946        |
|    value_loss           | 6.02         |
------------------------------------------
-----------------------------------------
| rollout/                |             |
|    ep_len_mean          | 1.88e+03    |
|    ep_rew_mean          | 30.7        |
| time/                   |             |
|    fps                  | 1420        |
|    iterations           | 14          |
|    time_elapsed         | 20          |
|    total_timesteps      | 438272      |
| train/                  |             |
|    approx_kl            | 0.002942253 |
|    clip_fraction        | 0.0212      |
|    clip_range           | 0.2         |
|    entropy_loss         | -2.73       |
|    explained_variance   | 0.782       |
|    learning_rate        | 0.0003      |
|    loss                 | 1.9         |
|    n_updates            | 1065        |
|    policy_gradient_loss | -0.00156    |
|    std                  | 0.945       |
|    value_loss           | 12.9        |
-----------------------------------------
----------------------------------------
| rollout/                |            |
|    ep_len_mean          | 1.88e+03   |
|    ep_rew_mean          | 30.7       |
| time/                   |            |
|    fps                  | 1411       |
|    iterations           | 15         |
|    time_elapsed         | 21         |
|    total_timesteps      | 440320     |
| train/                  |            |
|    approx_kl            | 0.00547647 |
|    clip_fraction        | 0.0271     |
|    clip_range           | 0.2        |
|    entropy_loss         | -2.72      |
|    explained_variance   | 0.315      |
|    learning_rate        | 0.0003     |
|    loss                 | 1.98       |
|    n_updates            | 1070       |
|    policy_gradient_loss | -0.00314   |
|    std                  | 0.944      |
|    value_loss           | 133        |
----------------------------------------
------------------------------------------
| rollout/                |              |
|    ep_len_mean          | 1.88e+03     |
|    ep_rew_mean          | 30.7         |
| time/                   |              |
|    fps                  | 1413         |
|    iterations           | 16           |
|    time_elapsed         | 23           |
|    total_timesteps      | 442368       |
| train/                  |              |
|    approx_kl            | 0.0060332604 |
|    clip_fraction        | 0.0517       |
|    clip_range           | 0.2          |
|    entropy_loss         | -2.72        |
|    explained_variance   | 0.779        |
|    learning_rate        | 0.0003       |
|    loss                 | 3.99         |
|    n_updates            | 1075         |
|    policy_gradient_loss | 0.000495     |
|    std                  | 0.943        |
|    value_loss           | 9.87         |
------------------------------------------
-----------------------------------------
| rollout/                |             |
|    ep_len_mean          | 1.88e+03    |
|    ep_rew_mean          | 30.4        |
| time/                   |             |
|    fps                  | 1413        |
|    iterations           | 17          |
|    time_elapsed         | 24          |
|    total_timesteps      | 444416      |
| train/                  |             |
|    approx_kl            | 0.005911414 |
|    clip_fraction        | 0.0317      |
|    clip_range           | 0.2         |
|    entropy_loss         | -2.72       |
|    explained_variance   | 0.928       |
|    learning_rate        | 0.0003      |
|    loss                 | 3.33        |
|    n_updates            | 1080        |
|    policy_gradient_loss | -0.00257    |
|    std                  | 0.942       |
|    value_loss           | 3.73        |
-----------------------------------------
-----------------------------------------
| rollout/                |             |
|    ep_len_mean          | 1.88e+03    |
|    ep_rew_mean          | 29.2        |
| time/                   |             |
|    fps                  | 1415        |
|    iterations           | 18          |
|    time_elapsed         | 26          |
|    total_timesteps      | 446464      |
| train/                  |             |
|    approx_kl            | 0.059463613 |
|    clip_fraction        | 0.238       |
|    clip_range           | 0.2         |
|    entropy_loss         | -2.72       |
|    explained_variance   | 0.617       |
|    learning_rate        | 0.0003      |
|    loss                 | 29.8        |
|    n_updates            | 1085        |
|    policy_gradient_loss | 0.0146      |
|    std                  | 0.943       |
|    value_loss           | 8.21        |
-----------------------------------------
-----------------------------------------
| rollout/                |             |
|    ep_len_mean          | 1.9e+03     |
|    ep_rew_mean          | 28          |
| time/                   |             |
|    fps                  | 1408        |
|    iterations           | 19          |
|    time_elapsed         | 27          |
|    total_timesteps      | 448512      |
| train/                  |             |
|    approx_kl            | 0.003371362 |
|    clip_fraction        | 0.102       |
|    clip_range           | 0.2         |
|    entropy_loss         | -2.72       |
|    explained_variance   | 0.815       |
|    learning_rate        | 0.0003      |
|    loss                 | 0.403       |
|    n_updates            | 1090        |
|    policy_gradient_loss | 0.00312     |
|    std                  | 0.944       |
|    value_loss           | 9.39        |
-----------------------------------------
------------------------------------------
| rollout/                |              |
|    ep_len_mean          | 1.9e+03      |
|    ep_rew_mean          | 28           |
| time/                   |              |
|    fps                  | 1409         |
|    iterations           | 20           |
|    time_elapsed         | 29           |
|    total_timesteps      | 450560       |
| train/                  |              |
|    approx_kl            | 0.0030068331 |
|    clip_fraction        | 0.0233       |
|    clip_range           | 0.2          |
|    entropy_loss         | -2.72        |
|    explained_variance   | 0.811        |
|    learning_rate        | 0.0003       |
|    loss                 | 4.64         |
|    n_updates            | 1095         |
|    policy_gradient_loss | -0.000329    |
|    std                  | 0.942        |
|    value_loss           | 15.1         |
------------------------------------------
-----------------------------------------
| rollout/                |             |
|    ep_len_mean          | 1.89e+03    |
|    ep_rew_mean          | 28.1        |
| time/                   |             |
|    fps                  | 1415        |
|    iterations           | 21          |
|    time_elapsed         | 30          |
|    total_timesteps      | 452608      |
| train/                  |             |
|    approx_kl            | 0.008633101 |
|    clip_fraction        | 0.0615      |
|    clip_range           | 0.2         |
|    entropy_loss         | -2.72       |
|    explained_variance   | 0.911       |
|    learning_rate        | 0.0003      |
|    loss                 | 0.72        |
|    n_updates            | 1100        |
|    policy_gradient_loss | -0.00332    |
|    std                  | 0.942       |
|    value_loss           | 4.81        |
-----------------------------------------
------------------------------------------
| rollout/                |              |
|    ep_len_mean          | 1.89e+03     |
|    ep_rew_mean          | 28.3         |
| time/                   |              |
|    fps                  | 1418         |
|    iterations           | 22           |
|    time_elapsed         | 31           |
|    total_timesteps      | 454656       |
| train/                  |              |
|    approx_kl            | 0.0032072961 |
|    clip_fraction        | 0.0316       |
|    clip_range           | 0.2          |
|    entropy_loss         | -2.72        |
|    explained_variance   | 0.901        |
|    learning_rate        | 0.0003       |
|    loss                 | 0.995        |
|    n_updates            | 1105         |
|    policy_gradient_loss | -0.000721    |
|    std                  | 0.944        |
|    value_loss           | 5.31         |
------------------------------------------
------------------------------------------
| rollout/                |              |
|    ep_len_mean          | 1.91e+03     |
|    ep_rew_mean          | 27.1         |
| time/                   |              |
|    fps                  | 1423         |
|    iterations           | 23           |
|    time_elapsed         | 33           |
|    total_timesteps      | 456704       |
| train/                  |              |
|    approx_kl            | 0.0056770626 |
|    clip_fraction        | 0.0802       |
|    clip_range           | 0.2          |
|    entropy_loss         | -2.72        |
|    explained_variance   | 0.838        |
|    learning_rate        | 0.0003       |
|    loss                 | 1.02         |
|    n_updates            | 1110         |
|    policy_gradient_loss | -0.000214    |
|    std                  | 0.942        |
|    value_loss           | 11.9         |
------------------------------------------
------------------------------------------
| rollout/                |              |
|    ep_len_mean          | 1.9e+03      |
|    ep_rew_mean          | 28.3         |
| time/                   |              |
|    fps                  | 1428         |
|    iterations           | 24           |
|    time_elapsed         | 34           |
|    total_timesteps      | 458752       |
| train/                  |              |
|    approx_kl            | 0.0041363705 |
|    clip_fraction        | 0.0172       |
|    clip_range           | 0.2          |
|    entropy_loss         | -2.72        |
|    explained_variance   | 0.891        |
|    learning_rate        | 0.0003       |
|    loss                 | 5.32         |
|    n_updates            | 1115         |
|    policy_gradient_loss | -0.00239     |
|    std                  | 0.942        |
|    value_loss           | 7.45         |
------------------------------------------
-----------------------------------------
| rollout/                |             |
|    ep_len_mean          | 1.9e+03     |
|    ep_rew_mean          | 28.2        |
| time/                   |             |
|    fps                  | 1432        |
|    iterations           | 25          |
|    time_elapsed         | 35          |
|    total_timesteps      | 460800      |
| train/                  |             |
|    approx_kl            | 0.007107402 |
|    clip_fraction        | 0.0376      |
|    clip_range           | 0.2         |
|    entropy_loss         | -2.72       |
|    explained_variance   | 0.305       |
|    learning_rate        | 0.0003      |
|    loss                 | 239         |
|    n_updates            | 1120        |
|    policy_gradient_loss | -0.0035     |
|    std                  | 0.943       |
|    value_loss           | 65.1        |
-----------------------------------------
----------------------------------------
| rollout/                |            |
|    ep_len_mean          | 1.89e+03   |
|    ep_rew_mean          | 28.1       |
| time/                   |            |
|    fps                  | 1436       |
|    iterations           | 26         |
|    time_elapsed         | 37         |
|    total_timesteps      | 462848     |
| train/                  |            |
|    approx_kl            | 0.00915728 |
|    clip_fraction        | 0.107      |
|    clip_range           | 0.2        |
|    entropy_loss         | -2.72      |
|    explained_variance   | 0.804      |
|    learning_rate        | 0.0003     |
|    loss                 | 1.47       |
|    n_updates            | 1125       |
|    policy_gradient_loss | -0.00242   |
|    std                  | 0.942      |
|    value_loss           | 10.2       |
----------------------------------------
------------------------------------------
| rollout/                |              |
|    ep_len_mean          | 1.89e+03     |
|    ep_rew_mean          | 28           |
| time/                   |              |
|    fps                  | 1434         |
|    iterations           | 27           |
|    time_elapsed         | 38           |
|    total_timesteps      | 464896       |
| train/                  |              |
|    approx_kl            | 0.0026562037 |
|    clip_fraction        | 0.00654      |
|    clip_range           | 0.2          |
|    entropy_loss         | -2.72        |
|    explained_variance   | 0.0654       |
|    learning_rate        | 0.0003       |
|    loss                 | 224          |
|    n_updates            | 1130         |
|    policy_gradient_loss | -0.000849    |
|    std                  | 0.942        |
|    value_loss           | 120          |
------------------------------------------
------------------------------------------
| rollout/                |              |
|    ep_len_mean          | 1.88e+03     |
|    ep_rew_mean          | 29.1         |
| time/                   |              |
|    fps                  | 1432         |
|    iterations           | 28           |
|    time_elapsed         | 40           |
|    total_timesteps      | 466944       |
| train/                  |              |
|    approx_kl            | 0.0076579973 |
|    clip_fraction        | 0.127        |
|    clip_range           | 0.2          |
|    entropy_loss         | -2.71        |
|    explained_variance   | 0.793        |
|    learning_rate        | 0.0003       |
|    loss                 | 28           |
|    n_updates            | 1135         |
|    policy_gradient_loss | 0.00218      |
|    std                  | 0.938        |
|    value_loss           | 13.4         |
------------------------------------------
-----------------------------------------
| rollout/                |             |
|    ep_len_mean          | 1.88e+03    |
|    ep_rew_mean          | 29.1        |
| time/                   |             |
|    fps                  | 1432        |
|    iterations           | 29          |
|    time_elapsed         | 41          |
|    total_timesteps      | 468992      |
| train/                  |             |
|    approx_kl            | 0.010713943 |
|    clip_fraction        | 0.0715      |
|    clip_range           | 0.2         |
|    entropy_loss         | -2.71       |
|    explained_variance   | 0.238       |
|    learning_rate        | 0.0003      |
|    loss                 | 0.929       |
|    n_updates            | 1140        |
|    policy_gradient_loss | -0.00202    |
|    std                  | 0.935       |
|    value_loss           | 63.8        |
-----------------------------------------
-----------------------------------------
| rollout/                |             |
|    ep_len_mean          | 1.89e+03    |
|    ep_rew_mean          | 29          |
| time/                   |             |
|    fps                  | 1434        |
|    iterations           | 30          |
|    time_elapsed         | 42          |
|    total_timesteps      | 471040      |
| train/                  |             |
|    approx_kl            | 0.018477019 |
|    clip_fraction        | 0.198       |
|    clip_range           | 0.2         |
|    entropy_loss         | -2.71       |
|    explained_variance   | 0.761       |
|    learning_rate        | 0.0003      |
|    loss                 | 2.04        |
|    n_updates            | 1145        |
|    policy_gradient_loss | 0.00841     |
|    std                  | 0.936       |
|    value_loss           | 2.52        |
-----------------------------------------
-----------------------------------------
| rollout/                |             |
|    ep_len_mean          | 1.91e+03    |
|    ep_rew_mean          | 27          |
| time/                   |             |
|    fps                  | 1433        |
|    iterations           | 31          |
|    time_elapsed         | 44          |
|    total_timesteps      | 473088      |
| train/                  |             |
|    approx_kl            | 0.005504216 |
|    clip_fraction        | 0.0171      |
|    clip_range           | 0.2         |
|    entropy_loss         | -2.71       |
|    explained_variance   | 0.0648      |
|    learning_rate        | 0.0003      |
|    loss                 | 0.412       |
|    n_updates            | 1150        |
|    policy_gradient_loss | -0.00248    |
|    std                  | 0.936       |
|    value_loss           | 56.9        |
-----------------------------------------
-----------------------------------------
| rollout/                |             |
|    ep_len_mean          | 1.91e+03    |
|    ep_rew_mean          | 27          |
| time/                   |             |
|    fps                  | 1434        |
|    iterations           | 32          |
|    time_elapsed         | 45          |
|    total_timesteps      | 475136      |
| train/                  |             |
|    approx_kl            | 0.008195527 |
|    clip_fraction        | 0.122       |
|    clip_range           | 0.2         |
|    entropy_loss         | -2.7        |
|    explained_variance   | 0.747       |
|    learning_rate        | 0.0003      |
|    loss                 | 2.53        |
|    n_updates            | 1155        |
|    policy_gradient_loss | -0.00308    |
|    std                  | 0.932       |
|    value_loss           | 7.33        |
-----------------------------------------
------------------------------------------
| rollout/                |              |
|    ep_len_mean          | 1.9e+03      |
|    ep_rew_mean          | 28.3         |
| time/                   |              |
|    fps                  | 1439         |
|    iterations           | 33           |
|    time_elapsed         | 46           |
|    total_timesteps      | 477184       |
| train/                  |              |
|    approx_kl            | 0.0051065627 |
|    clip_fraction        | 0.0255       |
|    clip_range           | 0.2          |
|    entropy_loss         | -2.7         |
|    explained_variance   | 0.517        |
|    learning_rate        | 0.0003       |
|    loss                 | 5.84         |
|    n_updates            | 1160         |
|    policy_gradient_loss | -0.00152     |
|    std                  | 0.934        |
|    value_loss           | 6            |
------------------------------------------
-----------------------------------------
| rollout/                |             |
|    ep_len_mean          | 1.89e+03    |
|    ep_rew_mean          | 28.4        |
| time/                   |             |
|    fps                  | 1441        |
|    iterations           | 34          |
|    time_elapsed         | 48          |
|    total_timesteps      | 479232      |
| train/                  |             |
|    approx_kl            | 0.005117712 |
|    clip_fraction        | 0.0317      |
|    clip_range           | 0.2         |
|    entropy_loss         | -2.7        |
|    explained_variance   | -0.0967     |
|    learning_rate        | 0.0003      |
|    loss                 | 1.43        |
|    n_updates            | 1165        |
|    policy_gradient_loss | -0.00338    |
|    std                  | 0.933       |
|    value_loss           | 59.6        |
-----------------------------------------
------------------------------------------
| rollout/                |              |
|    ep_len_mean          | 1.89e+03     |
|    ep_rew_mean          | 28.6         |
| time/                   |              |
|    fps                  | 1440         |
|    iterations           | 35           |
|    time_elapsed         | 49           |
|    total_timesteps      | 481280       |
| train/                  |              |
|    approx_kl            | 0.0014981972 |
|    clip_fraction        | 0.00732      |
|    clip_range           | 0.2          |
|    entropy_loss         | -2.7         |
|    explained_variance   | 0.599        |
|    learning_rate        | 0.0003       |
|    loss                 | 1.89         |
|    n_updates            | 1170         |
|    policy_gradient_loss | -0.000983    |
|    std                  | 0.933        |
|    value_loss           | 14           |
------------------------------------------
------------------------------------------
| rollout/                |              |
|    ep_len_mean          | 1.89e+03     |
|    ep_rew_mean          | 28.6         |
| time/                   |              |
|    fps                  | 1445         |
|    iterations           | 36           |
|    time_elapsed         | 51           |
|    total_timesteps      | 483328       |
| train/                  |              |
|    approx_kl            | 0.0058352184 |
|    clip_fraction        | 0.0241       |
|    clip_range           | 0.2          |
|    entropy_loss         | -2.7         |
|    explained_variance   | 0.847        |
|    learning_rate        | 0.0003       |
|    loss                 | 3.38         |
|    n_updates            | 1175         |
|    policy_gradient_loss | -0.00329     |
|    std                  | 0.933        |
|    value_loss           | 8.59         |
------------------------------------------
-----------------------------------------
| rollout/                |             |
|    ep_len_mean          | 1.88e+03    |
|    ep_rew_mean          | 29.7        |
| time/                   |             |
|    fps                  | 1450        |
|    iterations           | 37          |
|    time_elapsed         | 52          |
|    total_timesteps      | 485376      |
| train/                  |             |
|    approx_kl            | 0.007514304 |
|    clip_fraction        | 0.096       |
|    clip_range           | 0.2         |
|    entropy_loss         | -2.7        |
|    explained_variance   | 0.782       |
|    learning_rate        | 0.0003      |
|    loss                 | 3.3         |
|    n_updates            | 1180        |
|    policy_gradient_loss | -0.00396    |
|    std                  | 0.932       |
|    value_loss           | 3.07        |
-----------------------------------------
-------------------------------------------
| rollout/                |               |
|    ep_len_mean          | 1.87e+03      |
|    ep_rew_mean          | 29.7          |
| time/                   |               |
|    fps                  | 1449          |
|    iterations           | 38            |
|    time_elapsed         | 53            |
|    total_timesteps      | 487424        |
| train/                  |               |
|    approx_kl            | 0.00048866554 |
|    clip_fraction        | 9.77e-05      |
|    clip_range           | 0.2           |
|    entropy_loss         | -2.7          |
|    explained_variance   | 0.269         |
|    learning_rate        | 0.0003        |
|    loss                 | 1.9           |
|    n_updates            | 1185          |
|    policy_gradient_loss | -0.000476     |
|    std                  | 0.932         |
|    value_loss           | 60.4          |
-------------------------------------------
------------------------------------------
| rollout/                |              |
|    ep_len_mean          | 1.86e+03     |
|    ep_rew_mean          | 30.9         |
| time/                   |              |
|    fps                  | 1451         |
|    iterations           | 39           |
|    time_elapsed         | 55           |
|    total_timesteps      | 489472       |
| train/                  |              |
|    approx_kl            | 0.0046768673 |
|    clip_fraction        | 0.0332       |
|    clip_range           | 0.2          |
|    entropy_loss         | -2.7         |
|    explained_variance   | 0.674        |
|    learning_rate        | 0.0003       |
|    loss                 | 1.29         |
|    n_updates            | 1190         |
|    policy_gradient_loss | -0.00217     |
|    std                  | 0.93         |
|    value_loss           | 16.8         |
------------------------------------------
------------------------------------------
| rollout/                |              |
|    ep_len_mean          | 1.86e+03     |
|    ep_rew_mean          | 30.9         |
| time/                   |              |
|    fps                  | 1454         |
|    iterations           | 40           |
|    time_elapsed         | 56           |
|    total_timesteps      | 491520       |
| train/                  |              |
|    approx_kl            | 0.0058087576 |
|    clip_fraction        | 0.0392       |
|    clip_range           | 0.2          |
|    entropy_loss         | -2.69        |
|    explained_variance   | 0.348        |
|    learning_rate        | 0.0003       |
|    loss                 | 1.93         |
|    n_updates            | 1195         |
|    policy_gradient_loss | -0.00225     |
|    std                  | 0.928        |
|    value_loss           | 62.7         |
------------------------------------------
------------------------------------------
| rollout/                |              |
|    ep_len_mean          | 1.85e+03     |
|    ep_rew_mean          | 32.1         |
| time/                   |              |
|    fps                  | 1458         |
|    iterations           | 41           |
|    time_elapsed         | 57           |
|    total_timesteps      | 493568       |
| train/                  |              |
|    approx_kl            | 0.0021829512 |
|    clip_fraction        | 0.00527      |
|    clip_range           | 0.2          |
|    entropy_loss         | -2.69        |
|    explained_variance   | 0.944        |
|    learning_rate        | 0.0003       |
|    loss                 | 1.66         |
|    n_updates            | 1200         |
|    policy_gradient_loss | -0.0011      |
|    std                  | 0.927        |
|    value_loss           | 5.33         |
------------------------------------------
-----------------------------------------
| rollout/                |             |
|    ep_len_mean          | 1.85e+03    |
|    ep_rew_mean          | 32.1        |
| time/                   |             |
|    fps                  | 1459        |
|    iterations           | 42          |
|    time_elapsed         | 58          |
|    total_timesteps      | 495616      |
| train/                  |             |
|    approx_kl            | 0.012274854 |
|    clip_fraction        | 0.126       |
|    clip_range           | 0.2         |
|    entropy_loss         | -2.69       |
|    explained_variance   | 0.488       |
|    learning_rate        | 0.0003      |
|    loss                 | 14.3        |
|    n_updates            | 1205        |
|    policy_gradient_loss | 0.00191     |
|    std                  | 0.93        |
|    value_loss           | 61          |
-----------------------------------------
------------------------------------------
| rollout/                |              |
|    ep_len_mean          | 1.86e+03     |
|    ep_rew_mean          | 32.1         |
| time/                   |              |
|    fps                  | 1462         |
|    iterations           | 43           |
|    time_elapsed         | 60           |
|    total_timesteps      | 497664       |
| train/                  |              |
|    approx_kl            | 0.0010949951 |
|    clip_fraction        | 0.0695       |
|    clip_range           | 0.2          |
|    entropy_loss         | -2.69        |
|    explained_variance   | 0.871        |
|    learning_rate        | 0.0003       |
|    loss                 | 0.0411       |
|    n_updates            | 1210         |
|    policy_gradient_loss | -0.00156     |
|    std                  | 0.93         |
|    value_loss           | 6.81         |
------------------------------------------
------------------------------------------
| rollout/                |              |
|    ep_len_mean          | 1.86e+03     |
|    ep_rew_mean          | 32.2         |
| time/                   |              |
|    fps                  | 1463         |
|    iterations           | 44           |
|    time_elapsed         | 61           |
|    total_timesteps      | 499712       |
| train/                  |              |
|    approx_kl            | 0.0054762005 |
|    clip_fraction        | 0.0522       |
|    clip_range           | 0.2          |
|    entropy_loss         | -2.69        |
|    explained_variance   | 0.354        |
|    learning_rate        | 0.0003       |
|    loss                 | 206          |
|    n_updates            | 1215         |
|    policy_gradient_loss | -0.00412     |
|    std                  | 0.928        |
|    value_loss           | 64.8         |
------------------------------------------
-----------------------------------------
| rollout/                |             |
|    ep_len_mean          | 1.86e+03    |
|    ep_rew_mean          | 32.2        |
| time/                   |             |
|    fps                  | 1465        |
|    iterations           | 45          |
|    time_elapsed         | 62          |
|    total_timesteps      | 501760      |
| train/                  |             |
|    approx_kl            | 0.003875728 |
|    clip_fraction        | 0.0154      |
|    clip_range           | 0.2         |
|    entropy_loss         | -2.69       |
|    explained_variance   | 0.926       |
|    learning_rate        | 0.0003      |
|    loss                 | 0.719       |
|    n_updates            | 1220        |
|    policy_gradient_loss | -0.00221    |
|    std                  | 0.926       |
|    value_loss           | 7.42        |
-----------------------------------------
-----------------------------------------
| rollout/                |             |
|    ep_len_mean          | 1.87e+03    |
|    ep_rew_mean          | 31.2        |
| time/                   |             |
|    fps                  | 1470        |
|    iterations           | 46          |
|    time_elapsed         | 64          |
|    total_timesteps      | 503808      |
| train/                  |             |
|    approx_kl            | 0.007286582 |
|    clip_fraction        | 0.068       |
|    clip_range           | 0.2         |
|    entropy_loss         | -2.68       |
|    explained_variance   | 0.832       |
|    learning_rate        | 0.0003      |
|    loss                 | 4.78        |
|    n_updates            | 1225        |
|    policy_gradient_loss | -0.00198    |
|    std                  | 0.926       |
|    value_loss           | 5           |
-----------------------------------------
------------------------------------------
| rollout/                |              |
|    ep_len_mean          | 1.87e+03     |
|    ep_rew_mean          | 31.1         |
| time/                   |              |
|    fps                  | 1471         |
|    iterations           | 47           |
|    time_elapsed         | 65           |
|    total_timesteps      | 505856       |
| train/                  |              |
|    approx_kl            | 0.0043436894 |
|    clip_fraction        | 0.02         |
|    clip_range           | 0.2          |
|    entropy_loss         | -2.68        |
|    explained_variance   | 0.873        |
|    learning_rate        | 0.0003       |
|    loss                 | 3.31         |
|    n_updates            | 1230         |
|    policy_gradient_loss | -0.00096     |
|    std                  | 0.925        |
|    value_loss           | 13.4         |
------------------------------------------
-----------------------------------------
| rollout/                |             |
|    ep_len_mean          | 1.87e+03    |
|    ep_rew_mean          | 31.1        |
| time/                   |             |
|    fps                  | 1473        |
|    iterations           | 48          |
|    time_elapsed         | 66          |
|    total_timesteps      | 507904      |
| train/                  |             |
|    approx_kl            | 0.004824891 |
|    clip_fraction        | 0.022       |
|    clip_range           | 0.2         |
|    entropy_loss         | -2.68       |
|    explained_variance   | 0.59        |
|    learning_rate        | 0.0003      |
|    loss                 | 2.04        |
|    n_updates            | 1235        |
|    policy_gradient_loss | -0.00237    |
|    std                  | 0.924       |
|    value_loss           | 14.1        |
-----------------------------------------
----------------------------------------
| rollout/                |            |
|    ep_len_mean          | 1.88e+03   |
|    ep_rew_mean          | 31.1       |
| time/                   |            |
|    fps                  | 1475       |
|    iterations           | 49         |
|    time_elapsed         | 68         |
|    total_timesteps      | 509952     |
| train/                  |            |
|    approx_kl            | 0.02476589 |
|    clip_fraction        | 0.328      |
|    clip_range           | 0.2        |
|    entropy_loss         | -2.68      |
|    explained_variance   | 0.931      |
|    learning_rate        | 0.0003     |
|    loss                 | 1.34       |
|    n_updates            | 1240       |
|    policy_gradient_loss | 0.02       |
|    std                  | 0.923      |
|    value_loss           | 3.77       |
----------------------------------------
-----------------------------------------
| rollout/                |             |
|    ep_len_mean          | 1.88e+03    |
|    ep_rew_mean          | 31          |
| time/                   |             |
|    fps                  | 1476        |
|    iterations           | 50          |
|    time_elapsed         | 69          |
|    total_timesteps      | 512000      |
| train/                  |             |
|    approx_kl            | 0.007930518 |
|    clip_fraction        | 0.102       |
|    clip_range           | 0.2         |
|    entropy_loss         | -2.68       |
|    explained_variance   | 0.404       |
|    learning_rate        | 0.0003      |
|    loss                 | 6.12        |
|    n_updates            | 1245        |
|    policy_gradient_loss | -0.00277    |
|    std                  | 0.922       |
|    value_loss           | 69.8        |
-----------------------------------------
-----------------------------------------
| rollout/                |             |
|    ep_len_mean          | 1.88e+03    |
|    ep_rew_mean          | 31          |
| time/                   |             |
|    fps                  | 1476        |
|    iterations           | 51          |
|    time_elapsed         | 70          |
|    total_timesteps      | 514048      |
| train/                  |             |
|    approx_kl            | 0.006425873 |
|    clip_fraction        | 0.0521      |
|    clip_range           | 0.2         |
|    entropy_loss         | -2.68       |
|    explained_variance   | 0.847       |
|    learning_rate        | 0.0003      |
|    loss                 | 0.656       |
|    n_updates            | 1250        |
|    policy_gradient_loss | -0.00471    |
|    std                  | 0.922       |
|    value_loss           | 9.16        |
-----------------------------------------
-----------------------------------------
| rollout/                |             |
|    ep_len_mean          | 1.87e+03    |
|    ep_rew_mean          | 32.5        |
| time/                   |             |
|    fps                  | 1476        |
|    iterations           | 52          |
|    time_elapsed         | 72          |
|    total_timesteps      | 516096      |
| train/                  |             |
|    approx_kl            | 0.006154292 |
|    clip_fraction        | 0.0365      |
|    clip_range           | 0.2         |
|    entropy_loss         | -2.67       |
|    explained_variance   | 0.89        |
|    learning_rate        | 0.0003      |
|    loss                 | 6.15        |
|    n_updates            | 1255        |
|    policy_gradient_loss | -0.00217    |
|    std                  | 0.921       |
|    value_loss           | 7.11        |
-----------------------------------------
------------------------------------------
| rollout/                |              |
|    ep_len_mean          | 1.88e+03     |
|    ep_rew_mean          | 31           |
| time/                   |              |
|    fps                  | 1475         |
|    iterations           | 53           |
|    time_elapsed         | 73           |
|    total_timesteps      | 518144       |
| train/                  |              |
|    approx_kl            | 0.0032329145 |
|    clip_fraction        | 0.0202       |
|    clip_range           | 0.2          |
|    entropy_loss         | -2.67        |
|    explained_variance   | 0.463        |
|    learning_rate        | 0.0003       |
|    loss                 | 0.979        |
|    n_updates            | 1260         |
|    policy_gradient_loss | -0.00124     |
|    std                  | 0.921        |
|    value_loss           | 61.3         |
------------------------------------------
------------------------------------------
| rollout/                |              |
|    ep_len_mean          | 1.87e+03     |
|    ep_rew_mean          | 32.2         |
| time/                   |              |
|    fps                  | 1474         |
|    iterations           | 54           |
|    time_elapsed         | 74           |
|    total_timesteps      | 520192       |
| train/                  |              |
|    approx_kl            | 0.0047755116 |
|    clip_fraction        | 0.0749       |
|    clip_range           | 0.2          |
|    entropy_loss         | -2.67        |
|    explained_variance   | 0.659        |
|    learning_rate        | 0.0003       |
|    loss                 | 7.18         |
|    n_updates            | 1265         |
|    policy_gradient_loss | -0.000319    |
|    std                  | 0.922        |
|    value_loss           | 16.8         |
------------------------------------------
-----------------------------------------
| rollout/                |             |
|    ep_len_mean          | 1.87e+03    |
|    ep_rew_mean          | 32.2        |
| time/                   |             |
|    fps                  | 1476        |
|    iterations           | 55          |
|    time_elapsed         | 76          |
|    total_timesteps      | 522240      |
| train/                  |             |
|    approx_kl            | 0.005191452 |
|    clip_fraction        | 0.0192      |
|    clip_range           | 0.2         |
|    entropy_loss         | -2.67       |
|    explained_variance   | 0.444       |
|    learning_rate        | 0.0003      |
|    loss                 | 1.58        |
|    n_updates            | 1270        |
|    policy_gradient_loss | -0.00117    |
|    std                  | 0.922       |
|    value_loss           | 62.2        |
-----------------------------------------
-----------------------------------------
| rollout/                |             |
|    ep_len_mean          | 1.86e+03    |
|    ep_rew_mean          | 33.3        |
| time/                   |             |
|    fps                  | 1477        |
|    iterations           | 56          |
|    time_elapsed         | 77          |
|    total_timesteps      | 524288      |
| train/                  |             |
|    approx_kl            | 0.007966269 |
|    clip_fraction        | 0.113       |
|    clip_range           | 0.2         |
|    entropy_loss         | -2.67       |
|    explained_variance   | 0.923       |
|    learning_rate        | 0.0003      |
|    loss                 | 1.98        |
|    n_updates            | 1275        |
|    policy_gradient_loss | -0.00287    |
|    std                  | 0.917       |
|    value_loss           | 3.73        |
-----------------------------------------
-----------------------------------------
| rollout/                |             |
|    ep_len_mean          | 1.86e+03    |
|    ep_rew_mean          | 33.4        |
| time/                   |             |
|    fps                  | 1475        |
|    iterations           | 57          |
|    time_elapsed         | 79          |
|    total_timesteps      | 526336      |
| train/                  |             |
|    approx_kl            | 0.005523406 |
|    clip_fraction        | 0.0661      |
|    clip_range           | 0.2         |
|    entropy_loss         | -2.66       |
|    explained_variance   | 0.0588      |
|    learning_rate        | 0.0003      |
|    loss                 | 38.7        |
|    n_updates            | 1280        |
|    policy_gradient_loss | -0.00145    |
|    std                  | 0.916       |
|    value_loss           | 61.4        |
-----------------------------------------
------------------------------------------
| rollout/                |              |
|    ep_len_mean          | 1.86e+03     |
|    ep_rew_mean          | 33.4         |
| time/                   |              |
|    fps                  | 1474         |
|    iterations           | 58           |
|    time_elapsed         | 80           |
|    total_timesteps      | 528384       |
| train/                  |              |
|    approx_kl            | 0.0063338745 |
|    clip_fraction        | 0.085        |
|    clip_range           | 0.2          |
|    entropy_loss         | -2.66        |
|    explained_variance   | 0.795        |
|    learning_rate        | 0.0003       |
|    loss                 | 30.5         |
|    n_updates            | 1285         |
|    policy_gradient_loss | -0.00231     |
|    std                  | 0.912        |
|    value_loss           | 17.4         |
------------------------------------------
------------------------------------------
| rollout/                |              |
|    ep_len_mean          | 1.86e+03     |
|    ep_rew_mean          | 33.4         |
| time/                   |              |
|    fps                  | 1475         |
|    iterations           | 59           |
|    time_elapsed         | 81           |
|    total_timesteps      | 530432       |
| train/                  |              |
|    approx_kl            | 0.0046065496 |
|    clip_fraction        | 0.0473       |
|    clip_range           | 0.2          |
|    entropy_loss         | -2.65        |
|    explained_variance   | 0.896        |
|    learning_rate        | 0.0003       |
|    loss                 | 4.21         |
|    n_updates            | 1290         |
|    policy_gradient_loss | -0.00188     |
|    std                  | 0.909        |
|    value_loss           | 7.66         |
------------------------------------------
------------------------------------------
| rollout/                |              |
|    ep_len_mean          | 1.86e+03     |
|    ep_rew_mean          | 34.7         |
| time/                   |              |
|    fps                  | 1475         |
|    iterations           | 60           |
|    time_elapsed         | 83           |
|    total_timesteps      | 532480       |
| train/                  |              |
|    approx_kl            | 0.0069429837 |
|    clip_fraction        | 0.0275       |
|    clip_range           | 0.2          |
|    entropy_loss         | -2.65        |
|    explained_variance   | 0.924        |
|    learning_rate        | 0.0003       |
|    loss                 | 1.2          |
|    n_updates            | 1295         |
|    policy_gradient_loss | -0.00289     |
|    std                  | 0.908        |
|    value_loss           | 3.16         |
------------------------------------------
------------------------------------------
| rollout/                |              |
|    ep_len_mean          | 1.86e+03     |
|    ep_rew_mean          | 34.5         |
| time/                   |              |
|    fps                  | 1473         |
|    iterations           | 61           |
|    time_elapsed         | 84           |
|    total_timesteps      | 534528       |
| train/                  |              |
|    approx_kl            | 0.0046444577 |
|    clip_fraction        | 0.052        |
|    clip_range           | 0.2          |
|    entropy_loss         | -2.64        |
|    explained_variance   | 0.104        |
|    learning_rate        | 0.0003       |
|    loss                 | 196          |
|    n_updates            | 1300         |
|    policy_gradient_loss | -0.00378     |
|    std                  | 0.907        |
|    value_loss           | 110          |
------------------------------------------
-----------------------------------------
| rollout/                |             |
|    ep_len_mean          | 1.86e+03    |
|    ep_rew_mean          | 34.5        |
| time/                   |             |
|    fps                  | 1473        |
|    iterations           | 62          |
|    time_elapsed         | 86          |
|    total_timesteps      | 536576      |
| train/                  |             |
|    approx_kl            | 0.012887778 |
|    clip_fraction        | 0.158       |
|    clip_range           | 0.2         |
|    entropy_loss         | -2.64       |
|    explained_variance   | 0.485       |
|    learning_rate        | 0.0003      |
|    loss                 | 1.62        |
|    n_updates            | 1305        |
|    policy_gradient_loss | 0.00218     |
|    std                  | 0.906       |
|    value_loss           | 12.3        |
-----------------------------------------
------------------------------------------
| rollout/                |              |
|    ep_len_mean          | 1.85e+03     |
|    ep_rew_mean          | 34.7         |
| time/                   |              |
|    fps                  | 1474         |
|    iterations           | 63           |
|    time_elapsed         | 87           |
|    total_timesteps      | 538624       |
| train/                  |              |
|    approx_kl            | 0.0056255353 |
|    clip_fraction        | 0.046        |
|    clip_range           | 0.2          |
|    entropy_loss         | -2.64        |
|    explained_variance   | 0.775        |
|    learning_rate        | 0.0003       |
|    loss                 | 2.8          |
|    n_updates            | 1310         |
|    policy_gradient_loss | -0.00288     |
|    std                  | 0.907        |
|    value_loss           | 8.97         |
------------------------------------------
-----------------------------------------
| rollout/                |             |
|    ep_len_mean          | 1.86e+03    |
|    ep_rew_mean          | 33.9        |
| time/                   |             |
|    fps                  | 1473        |
|    iterations           | 64          |
|    time_elapsed         | 88          |
|    total_timesteps      | 540672      |
| train/                  |             |
|    approx_kl            | 0.041452445 |
|    clip_fraction        | 0.177       |
|    clip_range           | 0.2         |
|    entropy_loss         | -2.64       |
|    explained_variance   | 0.875       |
|    learning_rate        | 0.0003      |
|    loss                 | 0.0703      |
|    n_updates            | 1315        |
|    policy_gradient_loss | 0.00902     |
|    std                  | 0.909       |
|    value_loss           | 4.76        |
-----------------------------------------
------------------------------------------
| rollout/                |              |
|    ep_len_mean          | 1.86e+03     |
|    ep_rew_mean          | 33.9         |
| time/                   |              |
|    fps                  | 1471         |
|    iterations           | 65           |
|    time_elapsed         | 90           |
|    total_timesteps      | 542720       |
| train/                  |              |
|    approx_kl            | 0.0037703607 |
|    clip_fraction        | 0.0479       |
|    clip_range           | 0.2          |
|    entropy_loss         | -2.65        |
|    explained_variance   | 0.861        |
|    learning_rate        | 0.0003       |
|    loss                 | 6.84         |
|    n_updates            | 1320         |
|    policy_gradient_loss | 0.000472     |
|    std                  | 0.913        |
|    value_loss           | 8.96         |
------------------------------------------
------------------------------------------
| rollout/                |              |
|    ep_len_mean          | 1.85e+03     |
|    ep_rew_mean          | 35.3         |
| time/                   |              |
|    fps                  | 1471         |
|    iterations           | 66           |
|    time_elapsed         | 91           |
|    total_timesteps      | 544768       |
| train/                  |              |
|    approx_kl            | 0.0028012986 |
|    clip_fraction        | 0.0661       |
|    clip_range           | 0.2          |
|    entropy_loss         | -2.65        |
|    explained_variance   | 0.886        |
|    learning_rate        | 0.0003       |
|    loss                 | 0.746        |
|    n_updates            | 1325         |
|    policy_gradient_loss | -0.000866    |
|    std                  | 0.911        |
|    value_loss           | 6.82         |
------------------------------------------
------------------------------------------
| rollout/                |              |
|    ep_len_mean          | 1.85e+03     |
|    ep_rew_mean          | 35.4         |
| time/                   |              |
|    fps                  | 1470         |
|    iterations           | 67           |
|    time_elapsed         | 93           |
|    total_timesteps      | 546816       |
| train/                  |              |
|    approx_kl            | 0.0111304745 |
|    clip_fraction        | 0.0725       |
|    clip_range           | 0.2          |
|    entropy_loss         | -2.65        |
|    explained_variance   | 0.474        |
|    learning_rate        | 0.0003       |
|    loss                 | 225          |
|    n_updates            | 1330         |
|    policy_gradient_loss | 0.000462     |
|    std                  | 0.911        |
|    value_loss           | 60.9         |
------------------------------------------
------------------------------------------
| rollout/                |              |
|    ep_len_mean          | 1.85e+03     |
|    ep_rew_mean          | 34.3         |
| time/                   |              |
|    fps                  | 1471         |
|    iterations           | 68           |
|    time_elapsed         | 94           |
|    total_timesteps      | 548864       |
| train/                  |              |
|    approx_kl            | 0.0020377226 |
|    clip_fraction        | 0.00762      |
|    clip_range           | 0.2          |
|    entropy_loss         | -2.65        |
|    explained_variance   | 0.94         |
|    learning_rate        | 0.0003       |
|    loss                 | 1.31         |
|    n_updates            | 1335         |
|    policy_gradient_loss | -0.000958    |
|    std                  | 0.911        |
|    value_loss           | 5.56         |
------------------------------------------
-----------------------------------------
| rollout/                |             |
|    ep_len_mean          | 1.85e+03    |
|    ep_rew_mean          | 34.3        |
| time/                   |             |
|    fps                  | 1470        |
|    iterations           | 69          |
|    time_elapsed         | 96          |
|    total_timesteps      | 550912      |
| train/                  |             |
|    approx_kl            | 0.008543951 |
|    clip_fraction        | 0.121       |
|    clip_range           | 0.2         |
|    entropy_loss         | -2.65       |
|    explained_variance   | 0.935       |
|    learning_rate        | 0.0003      |
|    loss                 | 0.229       |
|    n_updates            | 1340        |
|    policy_gradient_loss | 0.00163     |
|    std                  | 0.909       |
|    value_loss           | 6.9         |
-----------------------------------------
-----------------------------------------
| rollout/                |             |
|    ep_len_mean          | 1.85e+03    |
|    ep_rew_mean          | 34.2        |
| time/                   |             |
|    fps                  | 1469        |
|    iterations           | 70          |
|    time_elapsed         | 97          |
|    total_timesteps      | 552960      |
| train/                  |             |
|    approx_kl            | 0.007402724 |
|    clip_fraction        | 0.0817      |
|    clip_range           | 0.2         |
|    entropy_loss         | -2.65       |
|    explained_variance   | 0.926       |
|    learning_rate        | 0.0003      |
|    loss                 | 2.18        |
|    n_updates            | 1345        |
|    policy_gradient_loss | -0.00485    |
|    std                  | 0.91        |
|    value_loss           | 6.07        |
-----------------------------------------
---------------------------------------
| rollout/                |           |
|    ep_len_mean          | 1.84e+03  |
|    ep_rew_mean          | 34.2      |
| time/                   |           |
|    fps                  | 1470      |
|    iterations           | 71        |
|    time_elapsed         | 98        |
|    total_timesteps      | 555008    |
| train/                  |           |
|    approx_kl            | 0.0068541 |
|    clip_fraction        | 0.0856    |
|    clip_range           | 0.2       |
|    entropy_loss         | -2.65     |
|    explained_variance   | 0.91      |
|    learning_rate        | 0.0003    |
|    loss                 | 11.3      |
|    n_updates            | 1350      |
|    policy_gradient_loss | 0.00175   |
|    std                  | 0.907     |
|    value_loss           | 8.56      |
---------------------------------------
------------------------------------------
| rollout/                |              |
|    ep_len_mean          | 1.84e+03     |
|    ep_rew_mean          | 34.1         |
| time/                   |              |
|    fps                  | 1469         |
|    iterations           | 72           |
|    time_elapsed         | 100          |
|    total_timesteps      | 557056       |
| train/                  |              |
|    approx_kl            | 0.0052961316 |
|    clip_fraction        | 0.0702       |
|    clip_range           | 0.2          |
|    entropy_loss         | -2.64        |
|    explained_variance   | 0.889        |
|    learning_rate        | 0.0003       |
|    loss                 | 3.54         |
|    n_updates            | 1355         |
|    policy_gradient_loss | 0.000114     |
|    std                  | 0.907        |
|    value_loss           | 6.97         |
------------------------------------------
------------------------------------------
| rollout/                |              |
|    ep_len_mean          | 1.85e+03     |
|    ep_rew_mean          | 32.8         |
| time/                   |              |
|    fps                  | 1468         |
|    iterations           | 73           |
|    time_elapsed         | 101          |
|    total_timesteps      | 559104       |
| train/                  |              |
|    approx_kl            | 0.0063546086 |
|    clip_fraction        | 0.0319       |
|    clip_range           | 0.2          |
|    entropy_loss         | -2.64        |
|    explained_variance   | 0.901        |
|    learning_rate        | 0.0003       |
|    loss                 | 0.374        |
|    n_updates            | 1360         |
|    policy_gradient_loss | -0.00157     |
|    std                  | 0.906        |
|    value_loss           | 6.77         |
------------------------------------------
------------------------------------------
| rollout/                |              |
|    ep_len_mean          | 1.83e+03     |
|    ep_rew_mean          | 34.3         |
| time/                   |              |
|    fps                  | 1467         |
|    iterations           | 74           |
|    time_elapsed         | 103          |
|    total_timesteps      | 561152       |
| train/                  |              |
|    approx_kl            | 0.0022911103 |
|    clip_fraction        | 0.00273      |
|    clip_range           | 0.2          |
|    entropy_loss         | -2.64        |
|    explained_variance   | 0.931        |
|    learning_rate        | 0.0003       |
|    loss                 | 1.24         |
|    n_updates            | 1365         |
|    policy_gradient_loss | -0.00142     |
|    std                  | 0.906        |
|    value_loss           | 5.28         |
------------------------------------------
------------------------------------------
| rollout/                |              |
|    ep_len_mean          | 1.83e+03     |
|    ep_rew_mean          | 34.3         |
| time/                   |              |
|    fps                  | 1464         |
|    iterations           | 75           |
|    time_elapsed         | 104          |
|    total_timesteps      | 563200       |
| train/                  |              |
|    approx_kl            | 0.0053645098 |
|    clip_fraction        | 0.0253       |
|    clip_range           | 0.2          |
|    entropy_loss         | -2.64        |
|    explained_variance   | 0.535        |
|    learning_rate        | 0.0003       |
|    loss                 | 7.61         |
|    n_updates            | 1370         |
|    policy_gradient_loss | -0.00162     |
|    std                  | 0.906        |
|    value_loss           | 69.4         |
------------------------------------------
-----------------------------------------
| rollout/                |             |
|    ep_len_mean          | 1.81e+03    |
|    ep_rew_mean          | 35.4        |
| time/                   |             |
|    fps                  | 1466        |
|    iterations           | 76          |
|    time_elapsed         | 106         |
|    total_timesteps      | 565248      |
| train/                  |             |
|    approx_kl            | 0.005989156 |
|    clip_fraction        | 0.0477      |
|    clip_range           | 0.2         |
|    entropy_loss         | -2.64       |
|    explained_variance   | 0.903       |
|    learning_rate        | 0.0003      |
|    loss                 | 1.26        |
|    n_updates            | 1375        |
|    policy_gradient_loss | -0.000745   |
|    std                  | 0.904       |
|    value_loss           | 4.87        |
-----------------------------------------
------------------------------------------
| rollout/                |              |
|    ep_len_mean          | 1.81e+03     |
|    ep_rew_mean          | 35.4         |
| time/                   |              |
|    fps                  | 1466         |
|    iterations           | 77           |
|    time_elapsed         | 107          |
|    total_timesteps      | 567296       |
| train/                  |              |
|    approx_kl            | 0.0048308372 |
|    clip_fraction        | 0.0354       |
|    clip_range           | 0.2          |
|    entropy_loss         | -2.64        |
|    explained_variance   | 0.467        |
|    learning_rate        | 0.0003       |
|    loss                 | 2.43         |
|    n_updates            | 1380         |
|    policy_gradient_loss | -0.00118     |
|    std                  | 0.904        |
|    value_loss           | 63.4         |
------------------------------------------
----------------------------------------
| rollout/                |            |
|    ep_len_mean          | 1.8e+03    |
|    ep_rew_mean          | 36.6       |
| time/                   |            |
|    fps                  | 1466       |
|    iterations           | 78         |
|    time_elapsed         | 108        |
|    total_timesteps      | 569344     |
| train/                  |            |
|    approx_kl            | 0.07744453 |
|    clip_fraction        | 0.278      |
|    clip_range           | 0.2        |
|    entropy_loss         | -2.63      |
|    explained_variance   | 0.891      |
|    learning_rate        | 0.0003     |
|    loss                 | 5.94       |
|    n_updates            | 1385       |
|    policy_gradient_loss | 0.0149     |
|    std                  | 0.901      |
|    value_loss           | 6.77       |
----------------------------------------
------------------------------------------
| rollout/                |              |
|    ep_len_mean          | 1.81e+03     |
|    ep_rew_mean          | 35.3         |
| time/                   |              |
|    fps                  | 1466         |
|    iterations           | 79           |
|    time_elapsed         | 110          |
|    total_timesteps      | 571392       |
| train/                  |              |
|    approx_kl            | 0.0052715996 |
|    clip_fraction        | 0.0606       |
|    clip_range           | 0.2          |
|    entropy_loss         | -2.63        |
|    explained_variance   | 0.61         |
|    learning_rate        | 0.0003       |
|    loss                 | 228          |
|    n_updates            | 1390         |
|    policy_gradient_loss | -0.000829    |
|    std                  | 0.903        |
|    value_loss           | 63.6         |
------------------------------------------
-----------------------------------------
| rollout/                |             |
|    ep_len_mean          | 1.81e+03    |
|    ep_rew_mean          | 35.3        |
| time/                   |             |
|    fps                  | 1466        |
|    iterations           | 80          |
|    time_elapsed         | 111         |
|    total_timesteps      | 573440      |
| train/                  |             |
|    approx_kl            | 0.011926743 |
|    clip_fraction        | 0.111       |
|    clip_range           | 0.2         |
|    entropy_loss         | -2.63       |
|    explained_variance   | 0.89        |
|    learning_rate        | 0.0003      |
|    loss                 | 4.77        |
|    n_updates            | 1395        |
|    policy_gradient_loss | -0.00416    |
|    std                  | 0.904       |
|    value_loss           | 13.6        |
-----------------------------------------
------------------------------------------
| rollout/                |              |
|    ep_len_mean          | 1.81e+03     |
|    ep_rew_mean          | 35.3         |
| time/                   |              |
|    fps                  | 1469         |
|    iterations           | 81           |
|    time_elapsed         | 112          |
|    total_timesteps      | 575488       |
| train/                  |              |
|    approx_kl            | 0.0045141783 |
|    clip_fraction        | 0.0327       |
|    clip_range           | 0.2          |
|    entropy_loss         | -2.64        |
|    explained_variance   | 0.928        |
|    learning_rate        | 0.0003       |
|    loss                 | 0.00699      |
|    n_updates            | 1400         |
|    policy_gradient_loss | -0.00265     |
|    std                  | 0.905        |
|    value_loss           | 3.3          |
------------------------------------------
-----------------------------------------
| rollout/                |             |
|    ep_len_mean          | 1.81e+03    |
|    ep_rew_mean          | 35.3        |
| time/                   |             |
|    fps                  | 1468        |
|    iterations           | 82          |
|    time_elapsed         | 114         |
|    total_timesteps      | 577536      |
| train/                  |             |
|    approx_kl            | 0.005269666 |
|    clip_fraction        | 0.0156      |
|    clip_range           | 0.2         |
|    entropy_loss         | -2.64       |
|    explained_variance   | 0.92        |
|    learning_rate        | 0.0003      |
|    loss                 | 7.63        |
|    n_updates            | 1405        |
|    policy_gradient_loss | -0.00319    |
|    std                  | 0.904       |
|    value_loss           | 9.71        |
-----------------------------------------
-----------------------------------------
| rollout/                |             |
|    ep_len_mean          | 1.8e+03     |
|    ep_rew_mean          | 35.5        |
| time/                   |             |
|    fps                  | 1471        |
|    iterations           | 83          |
|    time_elapsed         | 115         |
|    total_timesteps      | 579584      |
| train/                  |             |
|    approx_kl            | 0.004021616 |
|    clip_fraction        | 0.0643      |
|    clip_range           | 0.2         |
|    entropy_loss         | -2.63       |
|    explained_variance   | 0.932       |
|    learning_rate        | 0.0003      |
|    loss                 | 0.113       |
|    n_updates            | 1410        |
|    policy_gradient_loss | -0.00224    |
|    std                  | 0.904       |
|    value_loss           | 4.48        |
-----------------------------------------
-----------------------------------------
| rollout/                |             |
|    ep_len_mean          | 1.8e+03     |
|    ep_rew_mean          | 35.5        |
| time/                   |             |
|    fps                  | 1472        |
|    iterations           | 84          |
|    time_elapsed         | 116         |
|    total_timesteps      | 581632      |
| train/                  |             |
|    approx_kl            | 0.007382879 |
|    clip_fraction        | 0.0841      |
|    clip_range           | 0.2         |
|    entropy_loss         | -2.64       |
|    explained_variance   | 0.952       |
|    learning_rate        | 0.0003      |
|    loss                 | 6.12        |
|    n_updates            | 1415        |
|    policy_gradient_loss | -0.00221    |
|    std                  | 0.907       |
|    value_loss           | 3.84        |
-----------------------------------------
-----------------------------------------
| rollout/                |             |
|    ep_len_mean          | 1.8e+03     |
|    ep_rew_mean          | 35.6        |
| time/                   |             |
|    fps                  | 1473        |
|    iterations           | 85          |
|    time_elapsed         | 118         |
|    total_timesteps      | 583680      |
| train/                  |             |
|    approx_kl            | 0.002324812 |
|    clip_fraction        | 0.00674     |
|    clip_range           | 0.2         |
|    entropy_loss         | -2.64       |
|    explained_variance   | 0.884       |
|    learning_rate        | 0.0003      |
|    loss                 | 5.53        |
|    n_updates            | 1420        |
|    policy_gradient_loss | -0.000771   |
|    std                  | 0.907       |
|    value_loss           | 7.17        |
-----------------------------------------
------------------------------------------
| rollout/                |              |
|    ep_len_mean          | 1.8e+03      |
|    ep_rew_mean          | 36.6         |
| time/                   |              |
|    fps                  | 1474         |
|    iterations           | 86           |
|    time_elapsed         | 119          |
|    total_timesteps      | 585728       |
| train/                  |              |
|    approx_kl            | 0.0031262566 |
|    clip_fraction        | 0.0115       |
|    clip_range           | 0.2          |
|    entropy_loss         | -2.64        |
|    explained_variance   | 0.889        |
|    learning_rate        | 0.0003       |
|    loss                 | 19.5         |
|    n_updates            | 1425         |
|    policy_gradient_loss | -0.00109     |
|    std                  | 0.909        |
|    value_loss           | 10.6         |
------------------------------------------
-----------------------------------------
| rollout/                |             |
|    ep_len_mean          | 1.79e+03    |
|    ep_rew_mean          | 37.8        |
| time/                   |             |
|    fps                  | 1471        |
|    iterations           | 87          |
|    time_elapsed         | 121         |
|    total_timesteps      | 587776      |
| train/                  |             |
|    approx_kl            | 0.009332731 |
|    clip_fraction        | 0.0446      |
|    clip_range           | 0.2         |
|    entropy_loss         | -2.65       |
|    explained_variance   | 0.386       |
|    learning_rate        | 0.0003      |
|    loss                 | 5.02        |
|    n_updates            | 1430        |
|    policy_gradient_loss | -0.00216    |
|    std                  | 0.908       |
|    value_loss           | 77.9        |
-----------------------------------------
------------------------------------------
| rollout/                |              |
|    ep_len_mean          | 1.79e+03     |
|    ep_rew_mean          | 37.8         |
| time/                   |              |
|    fps                  | 1472         |
|    iterations           | 88           |
|    time_elapsed         | 122          |
|    total_timesteps      | 589824       |
| train/                  |              |
|    approx_kl            | 0.0044569955 |
|    clip_fraction        | 0.0277       |
|    clip_range           | 0.2          |
|    entropy_loss         | -2.64        |
|    explained_variance   | -0.092       |
|    learning_rate        | 0.0003       |
|    loss                 | 224          |
|    n_updates            | 1435         |
|    policy_gradient_loss | -0.0017      |
|    std                  | 0.908        |
|    value_loss           | 65.5         |
------------------------------------------
----------------------------------------
| rollout/                |            |
|    ep_len_mean          | 1.79e+03   |
|    ep_rew_mean          | 37.7       |
| time/                   |            |
|    fps                  | 1473       |
|    iterations           | 89         |
|    time_elapsed         | 123        |
|    total_timesteps      | 591872     |
| train/                  |            |
|    approx_kl            | 0.00567525 |
|    clip_fraction        | 0.0355     |
|    clip_range           | 0.2        |
|    entropy_loss         | -2.64      |
|    explained_variance   | 0.8        |
|    learning_rate        | 0.0003     |
|    loss                 | 2.83       |
|    n_updates            | 1440       |
|    policy_gradient_loss | -0.00443   |
|    std                  | 0.907      |
|    value_loss           | 6.74       |
----------------------------------------
-----------------------------------------
| rollout/                |             |
|    ep_len_mean          | 1.8e+03     |
|    ep_rew_mean          | 37.6        |
| time/                   |             |
|    fps                  | 1470        |
|    iterations           | 90          |
|    time_elapsed         | 125         |
|    total_timesteps      | 593920      |
| train/                  |             |
|    approx_kl            | 0.013371762 |
|    clip_fraction        | 0.121       |
|    clip_range           | 0.2         |
|    entropy_loss         | -2.64       |
|    explained_variance   | 0.567       |
|    learning_rate        | 0.0003      |
|    loss                 | 23.3        |
|    n_updates            | 1445        |
|    policy_gradient_loss | -0.00143    |
|    std                  | 0.906       |
|    value_loss           | 14.8        |
-----------------------------------------
------------------------------------------
| rollout/                |              |
|    ep_len_mean          | 1.79e+03     |
|    ep_rew_mean          | 38.7         |
| time/                   |              |
|    fps                  | 1469         |
|    iterations           | 91           |
|    time_elapsed         | 126          |
|    total_timesteps      | 595968       |
| train/                  |              |
|    approx_kl            | 0.0031313167 |
|    clip_fraction        | 0.00361      |
|    clip_range           | 0.2          |
|    entropy_loss         | -2.64        |
|    explained_variance   | 0.106        |
|    learning_rate        | 0.0003       |
|    loss                 | 199          |
|    n_updates            | 1450         |
|    policy_gradient_loss | -0.00174     |
|    std                  | 0.906        |
|    value_loss           | 60.8         |
------------------------------------------
----------------------------------------
| rollout/                |            |
|    ep_len_mean          | 1.76e+03   |
|    ep_rew_mean          | 41.3       |
| time/                   |            |
|    fps                  | 1469       |
|    iterations           | 92         |
|    time_elapsed         | 128        |
|    total_timesteps      | 598016     |
| train/                  |            |
|    approx_kl            | 0.00941119 |
|    clip_fraction        | 0.0634     |
|    clip_range           | 0.2        |
|    entropy_loss         | -2.64      |
|    explained_variance   | 0.0153     |
|    learning_rate        | 0.0003     |
|    loss                 | 3.45       |
|    n_updates            | 1455       |
|    policy_gradient_loss | -0.0018    |
|    std                  | 0.906      |
|    value_loss           | 65.4       |
----------------------------------------
-----------------------------------------
| rollout/                |             |
|    ep_len_mean          | 1.76e+03    |
|    ep_rew_mean          | 41.3        |
| time/                   |             |
|    fps                  | 1468        |
|    iterations           | 93          |
|    time_elapsed         | 129         |
|    total_timesteps      | 600064      |
| train/                  |             |
|    approx_kl            | 0.011208318 |
|    clip_fraction        | 0.048       |
|    clip_range           | 0.2         |
|    entropy_loss         | -2.64       |
|    explained_variance   | 0.227       |
|    learning_rate        | 0.0003      |
|    loss                 | 2.45        |
|    n_updates            | 1460        |
|    policy_gradient_loss | -0.00196    |
|    std                  | 0.903       |
|    value_loss           | 110         |
-----------------------------------------
-----------------------------------------
| rollout/                |             |
|    ep_len_mean          | 1.75e+03    |
|    ep_rew_mean          | 42.9        |
| time/                   |             |
|    fps                  | 1469        |
|    iterations           | 94          |
|    time_elapsed         | 131         |
|    total_timesteps      | 602112      |
| train/                  |             |
|    approx_kl            | 0.010670286 |
|    clip_fraction        | 0.114       |
|    clip_range           | 0.2         |
|    entropy_loss         | -2.63       |
|    explained_variance   | 0.735       |
|    learning_rate        | 0.0003      |
|    loss                 | 0.448       |
|    n_updates            | 1465        |
|    policy_gradient_loss | 0.00172     |
|    std                  | 0.901       |
|    value_loss           | 2.69        |
-----------------------------------------
------------------------------------------
| rollout/                |              |
|    ep_len_mean          | 1.75e+03     |
|    ep_rew_mean          | 42.9         |
| time/                   |              |
|    fps                  | 1468         |
|    iterations           | 95           |
|    time_elapsed         | 132          |
|    total_timesteps      | 604160       |
| train/                  |              |
|    approx_kl            | 0.0030416348 |
|    clip_fraction        | 0.011        |
|    clip_range           | 0.2          |
|    entropy_loss         | -2.63        |
|    explained_variance   | 0.254        |
|    learning_rate        | 0.0003       |
|    loss                 | 1.49         |
|    n_updates            | 1470         |
|    policy_gradient_loss | -0.000353    |
|    std                  | 0.9          |
|    value_loss           | 70.9         |
------------------------------------------
-----------------------------------------
| rollout/                |             |
|    ep_len_mean          | 1.74e+03    |
|    ep_rew_mean          | 43.9        |
| time/                   |             |
|    fps                  | 1469        |
|    iterations           | 96          |
|    time_elapsed         | 133         |
|    total_timesteps      | 606208      |
| train/                  |             |
|    approx_kl            | 0.009051464 |
|    clip_fraction        | 0.0771      |
|    clip_range           | 0.2         |
|    entropy_loss         | -2.63       |
|    explained_variance   | 0.716       |
|    learning_rate        | 0.0003      |
|    loss                 | 4.8         |
|    n_updates            | 1475        |
|    policy_gradient_loss | -0.000569   |
|    std                  | 0.898       |
|    value_loss           | 6.73        |
-----------------------------------------
------------------------------------------
| rollout/                |              |
|    ep_len_mean          | 1.72e+03     |
|    ep_rew_mean          | 45.4         |
| time/                   |              |
|    fps                  | 1467         |
|    iterations           | 97           |
|    time_elapsed         | 135          |
|    total_timesteps      | 608256       |
| train/                  |              |
|    approx_kl            | 0.0067151003 |
|    clip_fraction        | 0.125        |
|    clip_range           | 0.2          |
|    entropy_loss         | -2.62        |
|    explained_variance   | 0.175        |
|    learning_rate        | 0.0003       |
|    loss                 | 0.95         |
|    n_updates            | 1480         |
|    policy_gradient_loss | 0.00416      |
|    std                  | 0.9          |
|    value_loss           | 58.4         |
------------------------------------------
------------------------------------------
| rollout/                |              |
|    ep_len_mean          | 1.73e+03     |
|    ep_rew_mean          | 44.3         |
| time/                   |              |
|    fps                  | 1468         |
|    iterations           | 98           |
|    time_elapsed         | 136          |
|    total_timesteps      | 610304       |
| train/                  |              |
|    approx_kl            | 0.0061898334 |
|    clip_fraction        | 0.0387       |
|    clip_range           | 0.2          |
|    entropy_loss         | -2.63        |
|    explained_variance   | 0.404        |
|    learning_rate        | 0.0003       |
|    loss                 | 3.24         |
|    n_updates            | 1485         |
|    policy_gradient_loss | -0.00108     |
|    std                  | 0.9          |
|    value_loss           | 57.3         |
------------------------------------------
------------------------------------------
| rollout/                |              |
|    ep_len_mean          | 1.73e+03     |
|    ep_rew_mean          | 44.3         |
| time/                   |              |
|    fps                  | 1469         |
|    iterations           | 99           |
|    time_elapsed         | 137          |
|    total_timesteps      | 612352       |
| train/                  |              |
|    approx_kl            | 0.0035308802 |
|    clip_fraction        | 0.0238       |
|    clip_range           | 0.2          |
|    entropy_loss         | -2.62        |
|    explained_variance   | 0.84         |
|    learning_rate        | 0.0003       |
|    loss                 | 2.51         |
|    n_updates            | 1490         |
|    policy_gradient_loss | -0.00185     |
|    std                  | 0.898        |
|    value_loss           | 8.78         |
------------------------------------------
----------------------------------------
| rollout/                |            |
|    ep_len_mean          | 1.74e+03   |
|    ep_rew_mean          | 44.2       |
| time/                   |            |
|    fps                  | 1471       |
|    iterations           | 100        |
|    time_elapsed         | 139        |
|    total_timesteps      | 614400     |
| train/                  |            |
|    approx_kl            | 0.00807232 |
|    clip_fraction        | 0.0817     |
|    clip_range           | 0.2        |
|    entropy_loss         | -2.62      |
|    explained_variance   | 0.857      |
|    learning_rate        | 0.0003     |
|    loss                 | 1.38       |
|    n_updates            | 1495       |
|    policy_gradient_loss | -0.000655  |
|    std                  | 0.899      |
|    value_loss           | 4.77       |
----------------------------------------

CP3 held-out: 14/50 hits (28.0%), mean miss 10.0 m, mean reward 31.70
STOP CONDITION: no joint improvement -- review gate before continuing.
CP4: evasive lineage | max_time=45s t_go_max=10s | tracking=True | obs=12-D | miss_tanh_scale=3000m shaping_gamma=1 effort_weight=5 -> out=outputs/evasive_zemtgo10_seed2
---------------------------------
| rollout/           |          |
|    ep_len_mean     | 1.74e+03 |
|    ep_rew_mean     | 44.2     |
| time/              |          |
|    fps             | 4499     |
|    iterations      | 1        |
|    time_elapsed    | 0        |
|    total_timesteps | 616448   |
---------------------------------
-----------------------------------------
| rollout/                |             |
|    ep_len_mean          | 1.74e+03    |
|    ep_rew_mean          | 44.2        |
| time/                   |             |
|    fps                  | 1917        |
|    iterations           | 2           |
|    time_elapsed         | 2           |
|    total_timesteps      | 618496      |
| train/                  |             |
|    approx_kl            | 0.004951195 |
|    clip_fraction        | 0.0441      |
|    clip_range           | 0.2         |
|    entropy_loss         | -2.62       |
|    explained_variance   | 0.725       |
|    learning_rate        | 0.0003      |
|    loss                 | 1.62        |
|    n_updates            | 1505        |
|    policy_gradient_loss | -0.00221    |
|    std                  | 0.898       |
|    value_loss           | 7.4         |
-----------------------------------------
-----------------------------------------
| rollout/                |             |
|    ep_len_mean          | 1.74e+03    |
|    ep_rew_mean          | 44.2        |
| time/                   |             |
|    fps                  | 1764        |
|    iterations           | 3           |
|    time_elapsed         | 3           |
|    total_timesteps      | 620544      |
| train/                  |             |
|    approx_kl            | 0.003917259 |
|    clip_fraction        | 0.0543      |
|    clip_range           | 0.2         |
|    entropy_loss         | -2.62       |
|    explained_variance   | 0.84        |
|    learning_rate        | 0.0003      |
|    loss                 | 1.29        |
|    n_updates            | 1510        |
|    policy_gradient_loss | -0.0022     |
|    std                  | 0.897       |
|    value_loss           | 5.32        |
-----------------------------------------
------------------------------------------
| rollout/                |              |
|    ep_len_mean          | 1.73e+03     |
|    ep_rew_mean          | 44.4         |
| time/                   |              |
|    fps                  | 1714         |
|    iterations           | 4            |
|    time_elapsed         | 4            |
|    total_timesteps      | 622592       |
| train/                  |              |
|    approx_kl            | 0.0051728883 |
|    clip_fraction        | 0.0215       |
|    clip_range           | 0.2          |
|    entropy_loss         | -2.62        |
|    explained_variance   | 0.978        |
|    learning_rate        | 0.0003       |
|    loss                 | 0.937        |
|    n_updates            | 1515         |
|    policy_gradient_loss | -0.00262     |
|    std                  | 0.897        |
|    value_loss           | 2.36         |
------------------------------------------
-----------------------------------------
| rollout/                |             |
|    ep_len_mean          | 1.72e+03    |
|    ep_rew_mean          | 45.6        |
| time/                   |             |
|    fps                  | 1648        |
|    iterations           | 5           |
|    time_elapsed         | 6           |
|    total_timesteps      | 624640      |
| train/                  |             |
|    approx_kl            | 0.008532079 |
|    clip_fraction        | 0.0919      |
|    clip_range           | 0.2         |
|    entropy_loss         | -2.62       |
|    explained_variance   | 0.969       |
|    learning_rate        | 0.0003      |
|    loss                 | 8.4         |
|    n_updates            | 1520        |
|    policy_gradient_loss | -0.000785   |
|    std                  | 0.898       |
|    value_loss           | 6.44        |
-----------------------------------------
-----------------------------------------
| rollout/                |             |
|    ep_len_mean          | 1.72e+03    |
|    ep_rew_mean          | 45.6        |
| time/                   |             |
|    fps                  | 1595        |
|    iterations           | 6           |
|    time_elapsed         | 7           |
|    total_timesteps      | 626688      |
| train/                  |             |
|    approx_kl            | 0.004422745 |
|    clip_fraction        | 0.0609      |
|    clip_range           | 0.2         |
|    entropy_loss         | -2.62       |
|    explained_variance   | 0.357       |
|    learning_rate        | 0.0003      |
|    loss                 | 209         |
|    n_updates            | 1525        |
|    policy_gradient_loss | -0.000139   |
|    std                  | 0.897       |
|    value_loss           | 67.2        |
-----------------------------------------
------------------------------------------
| rollout/                |              |
|    ep_len_mean          | 1.72e+03     |
|    ep_rew_mean          | 45.6         |
| time/                   |              |
|    fps                  | 1585         |
|    iterations           | 7            |
|    time_elapsed         | 9            |
|    total_timesteps      | 628736       |
| train/                  |              |
|    approx_kl            | 0.0069748685 |
|    clip_fraction        | 0.0693       |
|    clip_range           | 0.2          |
|    entropy_loss         | -2.62        |
|    explained_variance   | 0.869        |
|    learning_rate        | 0.0003       |
|    loss                 | 0.339        |
|    n_updates            | 1530         |
|    policy_gradient_loss | -0.000557    |
|    std                  | 0.895        |
|    value_loss           | 6.68         |
------------------------------------------
------------------------------------------
| rollout/                |              |
|    ep_len_mean          | 1.73e+03     |
|    ep_rew_mean          | 45.5         |
| time/                   |              |
|    fps                  | 1563         |
|    iterations           | 8            |
|    time_elapsed         | 10           |
|    total_timesteps      | 630784       |
| train/                  |              |
|    approx_kl            | 0.0056170896 |
|    clip_fraction        | 0.0365       |
|    clip_range           | 0.2          |
|    entropy_loss         | -2.61        |
|    explained_variance   | 0.818        |
|    learning_rate        | 0.0003       |
|    loss                 | 1.75         |
|    n_updates            | 1535         |
|    policy_gradient_loss | -0.00444     |
|    std                  | 0.894        |
|    value_loss           | 4.83         |
------------------------------------------
-----------------------------------------
| rollout/                |             |
|    ep_len_mean          | 1.73e+03    |
|    ep_rew_mean          | 44.9        |
| time/                   |             |
|    fps                  | 1552        |
|    iterations           | 9           |
|    time_elapsed         | 11          |
|    total_timesteps      | 632832      |
| train/                  |             |
|    approx_kl            | 0.001723448 |
|    clip_fraction        | 0.0221      |
|    clip_range           | 0.2         |
|    entropy_loss         | -2.61       |
|    explained_variance   | 0.903       |
|    learning_rate        | 0.0003      |
|    loss                 | 0.418       |
|    n_updates            | 1540        |
|    policy_gradient_loss | -0.00129    |
|    std                  | 0.893       |
|    value_loss           | 10.1        |
-----------------------------------------
-----------------------------------------
| rollout/                |             |
|    ep_len_mean          | 1.74e+03    |
|    ep_rew_mean          | 43.6        |
| time/                   |             |
|    fps                  | 1531        |
|    iterations           | 10          |
|    time_elapsed         | 13          |
|    total_timesteps      | 634880      |
| train/                  |             |
|    approx_kl            | 0.005756305 |
|    clip_fraction        | 0.0397      |
|    clip_range           | 0.2         |
|    entropy_loss         | -2.61       |
|    explained_variance   | 0.592       |
|    learning_rate        | 0.0003      |
|    loss                 | 7.03        |
|    n_updates            | 1545        |
|    policy_gradient_loss | -0.00149    |
|    std                  | 0.892       |
|    value_loss           | 14.8        |
-----------------------------------------
------------------------------------------
| rollout/                |              |
|    ep_len_mean          | 1.73e+03     |
|    ep_rew_mean          | 45           |
| time/                   |              |
|    fps                  | 1512         |
|    iterations           | 11           |
|    time_elapsed         | 14           |
|    total_timesteps      | 636928       |
| train/                  |              |
|    approx_kl            | 0.0038805003 |
|    clip_fraction        | 0.0825       |
|    clip_range           | 0.2          |
|    entropy_loss         | -2.61        |
|    explained_variance   | 0.784        |
|    learning_rate        | 0.0003       |
|    loss                 | 2.74         |
|    n_updates            | 1550         |
|    policy_gradient_loss | -0.000994    |
|    std                  | 0.892        |
|    value_loss           | 13.5         |
------------------------------------------
-----------------------------------------
| rollout/                |             |
|    ep_len_mean          | 1.74e+03    |
|    ep_rew_mean          | 43.7        |
| time/                   |             |
|    fps                  | 1502        |
|    iterations           | 12          |
|    time_elapsed         | 16          |
|    total_timesteps      | 638976      |
| train/                  |             |
|    approx_kl            | 0.007452769 |
|    clip_fraction        | 0.0419      |
|    clip_range           | 0.2         |
|    entropy_loss         | -2.61       |
|    explained_variance   | 0.443       |
|    learning_rate        | 0.0003      |
|    loss                 | 3.62        |
|    n_updates            | 1555        |
|    policy_gradient_loss | -0.00484    |
|    std                  | 0.89        |
|    value_loss           | 57.4        |
-----------------------------------------
----------------------------------------
| rollout/                |            |
|    ep_len_mean          | 1.73e+03   |
|    ep_rew_mean          | 43.8       |
| time/                   |            |
|    fps                  | 1499       |
|    iterations           | 13         |
|    time_elapsed         | 17         |
|    total_timesteps      | 641024     |
| train/                  |            |
|    approx_kl            | 0.00670217 |
|    clip_fraction        | 0.0493     |
|    clip_range           | 0.2        |
|    entropy_loss         | -2.6       |
|    explained_variance   | 0.963      |
|    learning_rate        | 0.0003     |
|    loss                 | 1.66       |
|    n_updates            | 1560       |
|    policy_gradient_loss | -0.00297   |
|    std                  | 0.889      |
|    value_loss           | 5.53       |
----------------------------------------
------------------------------------------
| rollout/                |              |
|    ep_len_mean          | 1.73e+03     |
|    ep_rew_mean          | 43.8         |
| time/                   |              |
|    fps                  | 1485         |
|    iterations           | 14           |
|    time_elapsed         | 19           |
|    total_timesteps      | 643072       |
| train/                  |              |
|    approx_kl            | 0.0074212537 |
|    clip_fraction        | 0.0619       |
|    clip_range           | 0.2          |
|    entropy_loss         | -2.6         |
|    explained_variance   | 0.337        |
|    learning_rate        | 0.0003       |
|    loss                 | 5.39         |
|    n_updates            | 1565         |
|    policy_gradient_loss | -0.00218     |
|    std                  | 0.888        |
|    value_loss           | 61.8         |
------------------------------------------
-----------------------------------------
| rollout/                |             |
|    ep_len_mean          | 1.73e+03    |
|    ep_rew_mean          | 43.8        |
| time/                   |             |
|    fps                  | 1470        |
|    iterations           | 15          |
|    time_elapsed         | 20          |
|    total_timesteps      | 645120      |
| train/                  |             |
|    approx_kl            | 0.003616328 |
|    clip_fraction        | 0.063       |
|    clip_range           | 0.2         |
|    entropy_loss         | -2.6        |
|    explained_variance   | -0.0466     |
|    learning_rate        | 0.0003      |
|    loss                 | 2           |
|    n_updates            | 1570        |
|    policy_gradient_loss | -0.000131   |
|    std                  | 0.889       |
|    value_loss           | 107         |
-----------------------------------------
-----------------------------------------
| rollout/                |             |
|    ep_len_mean          | 1.72e+03    |
|    ep_rew_mean          | 45          |
| time/                   |             |
|    fps                  | 1475        |
|    iterations           | 16          |
|    time_elapsed         | 22          |
|    total_timesteps      | 647168      |
| train/                  |             |
|    approx_kl            | 0.008586175 |
|    clip_fraction        | 0.162       |
|    clip_range           | 0.2         |
|    entropy_loss         | -2.61       |
|    explained_variance   | 0.875       |
|    learning_rate        | 0.0003      |
|    loss                 | 4.44        |
|    n_updates            | 1575        |
|    policy_gradient_loss | -0.0035     |
|    std                  | 0.892       |
|    value_loss           | 5.47        |
-----------------------------------------
-----------------------------------------
| rollout/                |             |
|    ep_len_mean          | 1.72e+03    |
|    ep_rew_mean          | 44.9        |
| time/                   |             |
|    fps                  | 1469        |
|    iterations           | 17          |
|    time_elapsed         | 23          |
|    total_timesteps      | 649216      |
| train/                  |             |
|    approx_kl            | 0.004293687 |
|    clip_fraction        | 0.0647      |
|    clip_range           | 0.2         |
|    entropy_loss         | -2.61       |
|    explained_variance   | 0.212       |
|    learning_rate        | 0.0003      |
|    loss                 | 0.0814      |
|    n_updates            | 1580        |
|    policy_gradient_loss | -0.00309    |
|    std                  | 0.889       |
|    value_loss           | 58.5        |
-----------------------------------------
-----------------------------------------
| rollout/                |             |
|    ep_len_mean          | 1.72e+03    |
|    ep_rew_mean          | 44.8        |
| time/                   |             |
|    fps                  | 1468        |
|    iterations           | 18          |
|    time_elapsed         | 25          |
|    total_timesteps      | 651264      |
| train/                  |             |
|    approx_kl            | 0.021678481 |
|    clip_fraction        | 0.196       |
|    clip_range           | 0.2         |
|    entropy_loss         | -2.6        |
|    explained_variance   | 0.915       |
|    learning_rate        | 0.0003      |
|    loss                 | 4.87        |
|    n_updates            | 1585        |
|    policy_gradient_loss | 0.00782     |
|    std                  | 0.888       |
|    value_loss           | 6.87        |
-----------------------------------------
-----------------------------------------
| rollout/                |             |
|    ep_len_mean          | 1.73e+03    |
|    ep_rew_mean          | 43.6        |
| time/                   |             |
|    fps                  | 1461        |
|    iterations           | 19          |
|    time_elapsed         | 26          |
|    total_timesteps      | 653312      |
| train/                  |             |
|    approx_kl            | 0.010554584 |
|    clip_fraction        | 0.195       |
|    clip_range           | 0.2         |
|    entropy_loss         | -2.6        |
|    explained_variance   | 0.889       |
|    learning_rate        | 0.0003      |
|    loss                 | 3.48        |
|    n_updates            | 1590        |
|    policy_gradient_loss | 0.00318     |
|    std                  | 0.89        |
|    value_loss           | 7.33        |
-----------------------------------------
-----------------------------------------
| rollout/                |             |
|    ep_len_mean          | 1.73e+03    |
|    ep_rew_mean          | 43.5        |
| time/                   |             |
|    fps                  | 1455        |
|    iterations           | 20          |
|    time_elapsed         | 28          |
|    total_timesteps      | 655360      |
| train/                  |             |
|    approx_kl            | 0.008760057 |
|    clip_fraction        | 0.0788      |
|    clip_range           | 0.2         |
|    entropy_loss         | -2.61       |
|    explained_variance   | 0.781       |
|    learning_rate        | 0.0003      |
|    loss                 | 5.17        |
|    n_updates            | 1595        |
|    policy_gradient_loss | -0.00617    |
|    std                  | 0.89        |
|    value_loss           | 12.6        |
-----------------------------------------
-----------------------------------------
| rollout/                |             |
|    ep_len_mean          | 1.74e+03    |
|    ep_rew_mean          | 43.4        |
| time/                   |             |
|    fps                  | 1451        |
|    iterations           | 21          |
|    time_elapsed         | 29          |
|    total_timesteps      | 657408      |
| train/                  |             |
|    approx_kl            | 0.004976197 |
|    clip_fraction        | 0.0499      |
|    clip_range           | 0.2         |
|    entropy_loss         | -2.6        |
|    explained_variance   | 0.689       |
|    learning_rate        | 0.0003      |
|    loss                 | 32          |
|    n_updates            | 1600        |
|    policy_gradient_loss | -0.00293    |
|    std                  | 0.889       |
|    value_loss           | 11          |
-----------------------------------------
----------------------------------------
| rollout/                |            |
|    ep_len_mean          | 1.74e+03   |
|    ep_rew_mean          | 43.2       |
| time/                   |            |
|    fps                  | 1448       |
|    iterations           | 22         |
|    time_elapsed         | 31         |
|    total_timesteps      | 659456     |
| train/                  |            |
|    approx_kl            | 0.01651746 |
|    clip_fraction        | 0.124      |
|    clip_range           | 0.2        |
|    entropy_loss         | -2.6       |
|    explained_variance   | 0.909      |
|    learning_rate        | 0.0003     |
|    loss                 | 0.0588     |
|    n_updates            | 1605       |
|    policy_gradient_loss | 0.00106    |
|    std                  | 0.889      |
|    value_loss           | 10.9       |
----------------------------------------
-----------------------------------------
| rollout/                |             |
|    ep_len_mean          | 1.73e+03    |
|    ep_rew_mean          | 44.2        |
| time/                   |             |
|    fps                  | 1443        |
|    iterations           | 23          |
|    time_elapsed         | 32          |
|    total_timesteps      | 661504      |
| train/                  |             |
|    approx_kl            | 0.008595983 |
|    clip_fraction        | 0.062       |
|    clip_range           | 0.2         |
|    entropy_loss         | -2.6        |
|    explained_variance   | 0.486       |
|    learning_rate        | 0.0003      |
|    loss                 | 2.48        |
|    n_updates            | 1610        |
|    policy_gradient_loss | 0.00068     |
|    std                  | 0.889       |
|    value_loss           | 70.5        |
-----------------------------------------
-----------------------------------------
| rollout/                |             |
|    ep_len_mean          | 1.72e+03    |
|    ep_rew_mean          | 45.4        |
| time/                   |             |
|    fps                  | 1440        |
|    iterations           | 24          |
|    time_elapsed         | 34          |
|    total_timesteps      | 663552      |
| train/                  |             |
|    approx_kl            | 0.006948189 |
|    clip_fraction        | 0.0778      |
|    clip_range           | 0.2         |
|    entropy_loss         | -2.6        |
|    explained_variance   | 0.113       |
|    learning_rate        | 0.0003      |
|    loss                 | 5.2         |
|    n_updates            | 1615        |
|    policy_gradient_loss | -0.00175    |
|    std                  | 0.887       |
|    value_loss           | 68.1        |
-----------------------------------------
-----------------------------------------
| rollout/                |             |
|    ep_len_mean          | 1.71e+03    |
|    ep_rew_mean          | 46.4        |
| time/                   |             |
|    fps                  | 1437        |
|    iterations           | 25          |
|    time_elapsed         | 35          |
|    total_timesteps      | 665600      |
| train/                  |             |
|    approx_kl            | 0.008257214 |
|    clip_fraction        | 0.11        |
|    clip_range           | 0.2         |
|    entropy_loss         | -2.6        |
|    explained_variance   | 0.117       |
|    learning_rate        | 0.0003      |
|    loss                 | 2.64        |
|    n_updates            | 1620        |
|    policy_gradient_loss | -0.00599    |
|    std                  | 0.887       |
|    value_loss           | 110         |
-----------------------------------------
-----------------------------------------
| rollout/                |             |
|    ep_len_mean          | 1.71e+03    |
|    ep_rew_mean          | 46.2        |
| time/                   |             |
|    fps                  | 1434        |
|    iterations           | 26          |
|    time_elapsed         | 37          |
|    total_timesteps      | 667648      |
| train/                  |             |
|    approx_kl            | 0.008322789 |
|    clip_fraction        | 0.137       |
|    clip_range           | 0.2         |
|    entropy_loss         | -2.6        |
|    explained_variance   | 0.146       |
|    learning_rate        | 0.0003      |
|    loss                 | 0.849       |
|    n_updates            | 1625        |
|    policy_gradient_loss | 0.00195     |
|    std                  | 0.887       |
|    value_loss           | 51.1        |
-----------------------------------------
----------------------------------------
| rollout/                |            |
|    ep_len_mean          | 1.71e+03   |
|    ep_rew_mean          | 46.2       |
| time/                   |            |
|    fps                  | 1432       |
|    iterations           | 27         |
|    time_elapsed         | 38         |
|    total_timesteps      | 669696     |
| train/                  |            |
|    approx_kl            | 0.00427184 |
|    clip_fraction        | 0.103      |
|    clip_range           | 0.2        |
|    entropy_loss         | -2.6       |
|    explained_variance   | 0.915      |
|    learning_rate        | 0.0003     |
|    loss                 | 2.13       |
|    n_updates            | 1630       |
|    policy_gradient_loss | 0.000487   |
|    std                  | 0.887      |
|    value_loss           | 8.43       |
----------------------------------------
------------------------------------------
| rollout/                |              |
|    ep_len_mean          | 1.73e+03     |
|    ep_rew_mean          | 43.8         |
| time/                   |              |
|    fps                  | 1433         |
|    iterations           | 28           |
|    time_elapsed         | 40           |
|    total_timesteps      | 671744       |
| train/                  |              |
|    approx_kl            | 0.0049189953 |
|    clip_fraction        | 0.0361       |
|    clip_range           | 0.2          |
|    entropy_loss         | -2.6         |
|    explained_variance   | 0.905        |
|    learning_rate        | 0.0003       |
|    loss                 | 2.47         |
|    n_updates            | 1635         |
|    policy_gradient_loss | -0.00332     |
|    std                  | 0.888        |
|    value_loss           | 5.51         |
------------------------------------------
------------------------------------------
| rollout/                |              |
|    ep_len_mean          | 1.73e+03     |
|    ep_rew_mean          | 43.7         |
| time/                   |              |
|    fps                  | 1428         |
|    iterations           | 29           |
|    time_elapsed         | 41           |
|    total_timesteps      | 673792       |
| train/                  |              |
|    approx_kl            | 0.0050310995 |
|    clip_fraction        | 0.1          |
|    clip_range           | 0.2          |
|    entropy_loss         | -2.6         |
|    explained_variance   | 0.821        |
|    learning_rate        | 0.0003       |
|    loss                 | 1.61         |
|    n_updates            | 1640         |
|    policy_gradient_loss | -0.00216     |
|    std                  | 0.887        |
|    value_loss           | 11.4         |
------------------------------------------
-----------------------------------------
| rollout/                |             |
|    ep_len_mean          | 1.73e+03    |
|    ep_rew_mean          | 43.7        |
| time/                   |             |
|    fps                  | 1428        |
|    iterations           | 30          |
|    time_elapsed         | 43          |
|    total_timesteps      | 675840      |
| train/                  |             |
|    approx_kl            | 0.010335194 |
|    clip_fraction        | 0.136       |
|    clip_range           | 0.2         |
|    entropy_loss         | -2.6        |
|    explained_variance   | 0.858       |
|    learning_rate        | 0.0003      |
|    loss                 | 0.76        |
|    n_updates            | 1645        |
|    policy_gradient_loss | 0.0042      |
|    std                  | 0.888       |
|    value_loss           | 9.97        |
-----------------------------------------
-----------------------------------------
| rollout/                |             |
|    ep_len_mean          | 1.73e+03    |
|    ep_rew_mean          | 43.6        |
| time/                   |             |
|    fps                  | 1428        |
|    iterations           | 31          |
|    time_elapsed         | 44          |
|    total_timesteps      | 677888      |
| train/                  |             |
|    approx_kl            | 0.008711252 |
|    clip_fraction        | 0.0562      |
|    clip_range           | 0.2         |
|    entropy_loss         | -2.6        |
|    explained_variance   | 0.857       |
|    learning_rate        | 0.0003      |
|    loss                 | 4.56        |
|    n_updates            | 1650        |
|    policy_gradient_loss | -0.000559   |
|    std                  | 0.887       |
|    value_loss           | 6.77        |
-----------------------------------------
------------------------------------------
| rollout/                |              |
|    ep_len_mean          | 1.73e+03     |
|    ep_rew_mean          | 43.6         |
| time/                   |              |
|    fps                  | 1426         |
|    iterations           | 32           |
|    time_elapsed         | 45           |
|    total_timesteps      | 679936       |
| train/                  |              |
|    approx_kl            | 0.0038489643 |
|    clip_fraction        | 0.028        |
|    clip_range           | 0.2          |
|    entropy_loss         | -2.6         |
|    explained_variance   | 0.775        |
|    learning_rate        | 0.0003       |
|    loss                 | 0.621        |
|    n_updates            | 1655         |
|    policy_gradient_loss | -0.00219     |
|    std                  | 0.886        |
|    value_loss           | 9.79         |
------------------------------------------
------------------------------------------
| rollout/                |              |
|    ep_len_mean          | 1.73e+03     |
|    ep_rew_mean          | 43.6         |
| time/                   |              |
|    fps                  | 1423         |
|    iterations           | 33           |
|    time_elapsed         | 47           |
|    total_timesteps      | 681984       |
| train/                  |              |
|    approx_kl            | 0.0021850104 |
|    clip_fraction        | 0.00527      |
|    clip_range           | 0.2          |
|    entropy_loss         | -2.6         |
|    explained_variance   | 0.913        |
|    learning_rate        | 0.0003       |
|    loss                 | 17           |
|    n_updates            | 1660         |
|    policy_gradient_loss | -0.00168     |
|    std                  | 0.886        |
|    value_loss           | 10.9         |
------------------------------------------
----------------------------------------
| rollout/                |            |
|    ep_len_mean          | 1.73e+03   |
|    ep_rew_mean          | 42.4       |
| time/                   |            |
|    fps                  | 1422       |
|    iterations           | 34         |
|    time_elapsed         | 48         |
|    total_timesteps      | 684032     |
| train/                  |            |
|    approx_kl            | 0.01031336 |
|    clip_fraction        | 0.102      |
|    clip_range           | 0.2        |
|    entropy_loss         | -2.59      |
|    explained_variance   | 0.902      |
|    learning_rate        | 0.0003     |
|    loss                 | 0.15       |
|    n_updates            | 1665       |
|    policy_gradient_loss | 0.000678   |
|    std                  | 0.885      |
|    value_loss           | 3.31       |
----------------------------------------
------------------------------------------
| rollout/                |              |
|    ep_len_mean          | 1.73e+03     |
|    ep_rew_mean          | 42.4         |
| time/                   |              |
|    fps                  | 1420         |
|    iterations           | 35           |
|    time_elapsed         | 50           |
|    total_timesteps      | 686080       |
| train/                  |              |
|    approx_kl            | 0.0053736405 |
|    clip_fraction        | 0.0476       |
|    clip_range           | 0.2          |
|    entropy_loss         | -2.59        |
|    explained_variance   | 0.937        |
|    learning_rate        | 0.0003       |
|    loss                 | 3.83         |
|    n_updates            | 1670         |
|    policy_gradient_loss | -0.00348     |
|    std                  | 0.884        |
|    value_loss           | 7.23         |
------------------------------------------
----------------------------------------
| rollout/                |            |
|    ep_len_mean          | 1.72e+03   |
|    ep_rew_mean          | 43.6       |
| time/                   |            |
|    fps                  | 1422       |
|    iterations           | 36         |
|    time_elapsed         | 51         |
|    total_timesteps      | 688128     |
| train/                  |            |
|    approx_kl            | 0.01499982 |
|    clip_fraction        | 0.106      |
|    clip_range           | 0.2        |
|    entropy_loss         | -2.59      |
|    explained_variance   | 0.94       |
|    learning_rate        | 0.0003     |
|    loss                 | 0.201      |
|    n_updates            | 1675       |
|    policy_gradient_loss | 0.00098    |
|    std                  | 0.883      |
|    value_loss           | 2.15       |
----------------------------------------
------------------------------------------
| rollout/                |              |
|    ep_len_mean          | 1.73e+03     |
|    ep_rew_mean          | 42.3         |
| time/                   |              |
|    fps                  | 1417         |
|    iterations           | 37           |
|    time_elapsed         | 53           |
|    total_timesteps      | 690176       |
| train/                  |              |
|    approx_kl            | 0.0062031285 |
|    clip_fraction        | 0.116        |
|    clip_range           | 0.2          |
|    entropy_loss         | -2.59        |
|    explained_variance   | -0.0918      |
|    learning_rate        | 0.0003       |
|    loss                 | 0.268        |
|    n_updates            | 1680         |
|    policy_gradient_loss | 0.00441      |
|    std                  | 0.883        |
|    value_loss           | 65           |
------------------------------------------
------------------------------------------
| rollout/                |              |
|    ep_len_mean          | 1.72e+03     |
|    ep_rew_mean          | 43.4         |
| time/                   |              |
|    fps                  | 1414         |
|    iterations           | 38           |
|    time_elapsed         | 55           |
|    total_timesteps      | 692224       |
| train/                  |              |
|    approx_kl            | 0.0061588325 |
|    clip_fraction        | 0.147        |
|    clip_range           | 0.2          |
|    entropy_loss         | -2.59        |
|    explained_variance   | 0.854        |
|    learning_rate        | 0.0003       |
|    loss                 | 1.66         |
|    n_updates            | 1685         |
|    policy_gradient_loss | -0.000813    |
|    std                  | 0.882        |
|    value_loss           | 6.79         |
------------------------------------------
-----------------------------------------
| rollout/                |             |
|    ep_len_mean          | 1.72e+03    |
|    ep_rew_mean          | 43.4        |
| time/                   |             |
|    fps                  | 1410        |
|    iterations           | 39          |
|    time_elapsed         | 56          |
|    total_timesteps      | 694272      |
| train/                  |             |
|    approx_kl            | 0.009674457 |
|    clip_fraction        | 0.0843      |
|    clip_range           | 0.2         |
|    entropy_loss         | -2.59       |
|    explained_variance   | 0.345       |
|    learning_rate        | 0.0003      |
|    loss                 | 1.64        |
|    n_updates            | 1690        |
|    policy_gradient_loss | -0.00729    |
|    std                  | 0.882       |
|    value_loss           | 50.1        |
-----------------------------------------
-----------------------------------------
| rollout/                |             |
|    ep_len_mean          | 1.72e+03    |
|    ep_rew_mean          | 43.4        |
| time/                   |             |
|    fps                  | 1411        |
|    iterations           | 40          |
|    time_elapsed         | 58          |
|    total_timesteps      | 696320      |
| train/                  |             |
|    approx_kl            | 0.006821413 |
|    clip_fraction        | 0.0372      |
|    clip_range           | 0.2         |
|    entropy_loss         | -2.59       |
|    explained_variance   | 0.894       |
|    learning_rate        | 0.0003      |
|    loss                 | 0.64        |
|    n_updates            | 1695        |
|    policy_gradient_loss | -0.0039     |
|    std                  | 0.881       |
|    value_loss           | 5.41        |
-----------------------------------------
------------------------------------------
| rollout/                |              |
|    ep_len_mean          | 1.74e+03     |
|    ep_rew_mean          | 41           |
| time/                   |              |
|    fps                  | 1411         |
|    iterations           | 41           |
|    time_elapsed         | 59           |
|    total_timesteps      | 698368       |
| train/                  |              |
|    approx_kl            | 0.0032525708 |
|    clip_fraction        | 0.0772       |
|    clip_range           | 0.2          |
|    entropy_loss         | -2.59        |
|    explained_variance   | 0.86         |
|    learning_rate        | 0.0003       |
|    loss                 | 0.0902       |
|    n_updates            | 1700         |
|    policy_gradient_loss | 0.00273      |
|    std                  | 0.881        |
|    value_loss           | 3.27         |
------------------------------------------
----------------------------------------
| rollout/                |            |
|    ep_len_mean          | 1.74e+03   |
|    ep_rew_mean          | 41         |
| time/                   |            |
|    fps                  | 1407       |
|    iterations           | 42         |
|    time_elapsed         | 61         |
|    total_timesteps      | 700416     |
| train/                  |            |
|    approx_kl            | 0.01042909 |
|    clip_fraction        | 0.122      |
|    clip_range           | 0.2        |
|    entropy_loss         | -2.58      |
|    explained_variance   | 0.588      |
|    learning_rate        | 0.0003     |
|    loss                 | 3.52       |
|    n_updates            | 1705       |
|    policy_gradient_loss | 0.00223    |
|    std                  | 0.88       |
|    value_loss           | 19         |
----------------------------------------
-----------------------------------------
| rollout/                |             |
|    ep_len_mean          | 1.73e+03    |
|    ep_rew_mean          | 42.3        |
| time/                   |             |
|    fps                  | 1404        |
|    iterations           | 43          |
|    time_elapsed         | 62          |
|    total_timesteps      | 702464      |
| train/                  |             |
|    approx_kl            | 0.008534324 |
|    clip_fraction        | 0.103       |
|    clip_range           | 0.2         |
|    entropy_loss         | -2.58       |
|    explained_variance   | 0.849       |
|    learning_rate        | 0.0003      |
|    loss                 | 1.72        |
|    n_updates            | 1710        |
|    policy_gradient_loss | -0.00269    |
|    std                  | 0.88        |
|    value_loss           | 13.8        |
-----------------------------------------
-----------------------------------------
| rollout/                |             |
|    ep_len_mean          | 1.72e+03    |
|    ep_rew_mean          | 42.5        |
| time/                   |             |
|    fps                  | 1402        |
|    iterations           | 44          |
|    time_elapsed         | 64          |
|    total_timesteps      | 704512      |
| train/                  |             |
|    approx_kl            | 0.006262617 |
|    clip_fraction        | 0.0703      |
|    clip_range           | 0.2         |
|    entropy_loss         | -2.58       |
|    explained_variance   | 0.26        |
|    learning_rate        | 0.0003      |
|    loss                 | 4.05        |
|    n_updates            | 1715        |
|    policy_gradient_loss | -0.00407    |
|    std                  | 0.879       |
|    value_loss           | 66.7        |
-----------------------------------------
-----------------------------------------
| rollout/                |             |
|    ep_len_mean          | 1.72e+03    |
|    ep_rew_mean          | 42.7        |
| time/                   |             |
|    fps                  | 1401        |
|    iterations           | 45          |
|    time_elapsed         | 65          |
|    total_timesteps      | 706560      |
| train/                  |             |
|    approx_kl            | 0.005788624 |
|    clip_fraction        | 0.0456      |
|    clip_range           | 0.2         |
|    entropy_loss         | -2.58       |
|    explained_variance   | 0.447       |
|    learning_rate        | 0.0003      |
|    loss                 | 6.38        |
|    n_updates            | 1720        |
|    policy_gradient_loss | -0.00112    |
|    std                  | 0.877       |
|    value_loss           | 65.3        |
-----------------------------------------
-----------------------------------------
| rollout/                |             |
|    ep_len_mean          | 1.72e+03    |
|    ep_rew_mean          | 42.7        |
| time/                   |             |
|    fps                  | 1400        |
|    iterations           | 46          |
|    time_elapsed         | 67          |
|    total_timesteps      | 708608      |
| train/                  |             |
|    approx_kl            | 0.011636505 |
|    clip_fraction        | 0.099       |
|    clip_range           | 0.2         |
|    entropy_loss         | -2.57       |
|    explained_variance   | 0.901       |
|    learning_rate        | 0.0003      |
|    loss                 | 0.763       |
|    n_updates            | 1725        |
|    policy_gradient_loss | 0.000853    |
|    std                  | 0.876       |
|    value_loss           | 7.82        |
-----------------------------------------
------------------------------------------
| rollout/                |              |
|    ep_len_mean          | 1.72e+03     |
|    ep_rew_mean          | 41.5         |
| time/                   |              |
|    fps                  | 1400         |
|    iterations           | 47           |
|    time_elapsed         | 68           |
|    total_timesteps      | 710656       |
| train/                  |              |
|    approx_kl            | 0.0073162513 |
|    clip_fraction        | 0.0725       |
|    clip_range           | 0.2          |
|    entropy_loss         | -2.57        |
|    explained_variance   | 0.804        |
|    learning_rate        | 0.0003       |
|    loss                 | 8.37         |
|    n_updates            | 1730         |
|    policy_gradient_loss | -0.00316     |
|    std                  | 0.876        |
|    value_loss           | 7.78         |
------------------------------------------
------------------------------------------
| rollout/                |              |
|    ep_len_mean          | 1.72e+03     |
|    ep_rew_mean          | 41.5         |
| time/                   |              |
|    fps                  | 1399         |
|    iterations           | 48           |
|    time_elapsed         | 70           |
|    total_timesteps      | 712704       |
| train/                  |              |
|    approx_kl            | 0.0076003736 |
|    clip_fraction        | 0.0296       |
|    clip_range           | 0.2          |
|    entropy_loss         | -2.57        |
|    explained_variance   | 0.809        |
|    learning_rate        | 0.0003       |
|    loss                 | 20.5         |
|    n_updates            | 1735         |
|    policy_gradient_loss | -0.00111     |
|    std                  | 0.875        |
|    value_loss           | 11.1         |
------------------------------------------
------------------------------------------
| rollout/                |              |
|    ep_len_mean          | 1.72e+03     |
|    ep_rew_mean          | 42.4         |
| time/                   |              |
|    fps                  | 1399         |
|    iterations           | 49           |
|    time_elapsed         | 71           |
|    total_timesteps      | 714752       |
| train/                  |              |
|    approx_kl            | 0.0017572412 |
|    clip_fraction        | 0.0358       |
|    clip_range           | 0.2          |
|    entropy_loss         | -2.57        |
|    explained_variance   | 0.913        |
|    learning_rate        | 0.0003       |
|    loss                 | 1.06         |
|    n_updates            | 1740         |
|    policy_gradient_loss | -0.000342    |
|    std                  | 0.876        |
|    value_loss           | 3.52         |
------------------------------------------
-----------------------------------------
| rollout/                |             |
|    ep_len_mean          | 1.71e+03    |
|    ep_rew_mean          | 43.6        |
| time/                   |             |
|    fps                  | 1394        |
|    iterations           | 50          |
|    time_elapsed         | 73          |
|    total_timesteps      | 716800      |
| train/                  |             |
|    approx_kl            | 0.004719573 |
|    clip_fraction        | 0.0187      |
|    clip_range           | 0.2         |
|    entropy_loss         | -2.57       |
|    explained_variance   | 0.337       |
|    learning_rate        | 0.0003      |
|    loss                 | 1.98        |
|    n_updates            | 1745        |
|    policy_gradient_loss | -0.00106    |
|    std                  | 0.875       |
|    value_loss           | 80.5        |
-----------------------------------------
-----------------------------------------
| rollout/                |             |
|    ep_len_mean          | 1.71e+03    |
|    ep_rew_mean          | 43.5        |
| time/                   |             |
|    fps                  | 1394        |
|    iterations           | 51          |
|    time_elapsed         | 74          |
|    total_timesteps      | 718848      |
| train/                  |             |
|    approx_kl            | 0.004408774 |
|    clip_fraction        | 0.0237      |
|    clip_range           | 0.2         |
|    entropy_loss         | -2.57       |
|    explained_variance   | 0.297       |
|    learning_rate        | 0.0003      |
|    loss                 | 11.8        |
|    n_updates            | 1750        |
|    policy_gradient_loss | -0.000756   |
|    std                  | 0.875       |
|    value_loss           | 61.6        |
-----------------------------------------
-----------------------------------------
| rollout/                |             |
|    ep_len_mean          | 1.71e+03    |
|    ep_rew_mean          | 43.6        |
| time/                   |             |
|    fps                  | 1395        |
|    iterations           | 52          |
|    time_elapsed         | 76          |
|    total_timesteps      | 720896      |
| train/                  |             |
|    approx_kl            | 0.002378067 |
|    clip_fraction        | 0.00361     |
|    clip_range           | 0.2         |
|    entropy_loss         | -2.57       |
|    explained_variance   | 0.607       |
|    learning_rate        | 0.0003      |
|    loss                 | 1.02        |
|    n_updates            | 1755        |
|    policy_gradient_loss | -0.00116    |
|    std                  | 0.876       |
|    value_loss           | 55.4        |
-----------------------------------------
------------------------------------------
| rollout/                |              |
|    ep_len_mean          | 1.71e+03     |
|    ep_rew_mean          | 43.6         |
| time/                   |              |
|    fps                  | 1393         |
|    iterations           | 53           |
|    time_elapsed         | 77           |
|    total_timesteps      | 722944       |
| train/                  |              |
|    approx_kl            | 0.0051599303 |
|    clip_fraction        | 0.0583       |
|    clip_range           | 0.2          |
|    entropy_loss         | -2.57        |
|    explained_variance   | 0.945        |
|    learning_rate        | 0.0003       |
|    loss                 | 7.23         |
|    n_updates            | 1760         |
|    policy_gradient_loss | -0.00142     |
|    std                  | 0.876        |
|    value_loss           | 5.79         |
------------------------------------------
------------------------------------------
| rollout/                |              |
|    ep_len_mean          | 1.69e+03     |
|    ep_rew_mean          | 44.8         |
| time/                   |              |
|    fps                  | 1393         |
|    iterations           | 54           |
|    time_elapsed         | 79           |
|    total_timesteps      | 724992       |
| train/                  |              |
|    approx_kl            | 0.0019487554 |
|    clip_fraction        | 0.022        |
|    clip_range           | 0.2          |
|    entropy_loss         | -2.57        |
|    explained_variance   | 0.951        |
|    learning_rate        | 0.0003       |
|    loss                 | 2.63         |
|    n_updates            | 1765         |
|    policy_gradient_loss | -0.00148     |
|    std                  | 0.874        |
|    value_loss           | 5.4          |
------------------------------------------
-----------------------------------------
| rollout/                |             |
|    ep_len_mean          | 1.69e+03    |
|    ep_rew_mean          | 44.8        |
| time/                   |             |
|    fps                  | 1393        |
|    iterations           | 55          |
|    time_elapsed         | 80          |
|    total_timesteps      | 727040      |
| train/                  |             |
|    approx_kl            | 0.003436662 |
|    clip_fraction        | 0.0343      |
|    clip_range           | 0.2         |
|    entropy_loss         | -2.57       |
|    explained_variance   | 0.342       |
|    learning_rate        | 0.0003      |
|    loss                 | 0.913       |
|    n_updates            | 1770        |
|    policy_gradient_loss | -0.00162    |
|    std                  | 0.873       |
|    value_loss           | 67.5        |
-----------------------------------------
------------------------------------------
| rollout/                |              |
|    ep_len_mean          | 1.7e+03      |
|    ep_rew_mean          | 44.7         |
| time/                   |              |
|    fps                  | 1395         |
|    iterations           | 56           |
|    time_elapsed         | 82           |
|    total_timesteps      | 729088       |
| train/                  |              |
|    approx_kl            | 0.0048583373 |
|    clip_fraction        | 0.0674       |
|    clip_range           | 0.2          |
|    entropy_loss         | -2.57        |
|    explained_variance   | 0.892        |
|    learning_rate        | 0.0003       |
|    loss                 | 0.891        |
|    n_updates            | 1775         |
|    policy_gradient_loss | 0.00082      |
|    std                  | 0.872        |
|    value_loss           | 2.54         |
------------------------------------------
-----------------------------------------
| rollout/                |             |
|    ep_len_mean          | 1.69e+03    |
|    ep_rew_mean          | 44.8        |
| time/                   |             |
|    fps                  | 1396        |
|    iterations           | 57          |
|    time_elapsed         | 83          |
|    total_timesteps      | 731136      |
| train/                  |             |
|    approx_kl            | 0.014736337 |
|    clip_fraction        | 0.13        |
|    clip_range           | 0.2         |
|    entropy_loss         | -2.56       |
|    explained_variance   | 0.966       |
|    learning_rate        | 0.0003      |
|    loss                 | 0.801       |
|    n_updates            | 1780        |
|    policy_gradient_loss | 0.00781     |
|    std                  | 0.87        |
|    value_loss           | 2.19        |
-----------------------------------------
------------------------------------------
| rollout/                |              |
|    ep_len_mean          | 1.69e+03     |
|    ep_rew_mean          | 46.1         |
| time/                   |              |
|    fps                  | 1394         |
|    iterations           | 58           |
|    time_elapsed         | 85           |
|    total_timesteps      | 733184       |
| train/                  |              |
|    approx_kl            | 0.0067628403 |
|    clip_fraction        | 0.0759       |
|    clip_range           | 0.2          |
|    entropy_loss         | -2.55        |
|    explained_variance   | 0.865        |
|    learning_rate        | 0.0003       |
|    loss                 | 0.91         |
|    n_updates            | 1785         |
|    policy_gradient_loss | 0.00284      |
|    std                  | 0.866        |
|    value_loss           | 13.2         |
------------------------------------------
------------------------------------------
| rollout/                |              |
|    ep_len_mean          | 1.69e+03     |
|    ep_rew_mean          | 46.1         |
| time/                   |              |
|    fps                  | 1393         |
|    iterations           | 59           |
|    time_elapsed         | 86           |
|    total_timesteps      | 735232       |
| train/                  |              |
|    approx_kl            | 0.0025521647 |
|    clip_fraction        | 0.0512       |
|    clip_range           | 0.2          |
|    entropy_loss         | -2.55        |
|    explained_variance   | 0.403        |
|    learning_rate        | 0.0003       |
|    loss                 | 7.99         |
|    n_updates            | 1790         |
|    policy_gradient_loss | -0.00129     |
|    std                  | 0.864        |
|    value_loss           | 70.7         |
------------------------------------------
-----------------------------------------
| rollout/                |             |
|    ep_len_mean          | 1.7e+03     |
|    ep_rew_mean          | 44.7        |
| time/                   |             |
|    fps                  | 1394        |
|    iterations           | 60          |
|    time_elapsed         | 88          |
|    total_timesteps      | 737280      |
| train/                  |             |
|    approx_kl            | 0.010268671 |
|    clip_fraction        | 0.103       |
|    clip_range           | 0.2         |
|    entropy_loss         | -2.54       |
|    explained_variance   | 0.798       |
|    learning_rate        | 0.0003      |
|    loss                 | 0.795       |
|    n_updates            | 1795        |
|    policy_gradient_loss | 0.000587    |
|    std                  | 0.861       |
|    value_loss           | 5.88        |
-----------------------------------------
------------------------------------------
| rollout/                |              |
|    ep_len_mean          | 1.72e+03     |
|    ep_rew_mean          | 43.5         |
| time/                   |              |
|    fps                  | 1393         |
|    iterations           | 61           |
|    time_elapsed         | 89           |
|    total_timesteps      | 739328       |
| train/                  |              |
|    approx_kl            | 0.0037228172 |
|    clip_fraction        | 0.0986       |
|    clip_range           | 0.2          |
|    entropy_loss         | -2.54        |
|    explained_variance   | 0.884        |
|    learning_rate        | 0.0003       |
|    loss                 | 0.219        |
|    n_updates            | 1800         |
|    policy_gradient_loss | 0.000198     |
|    std                  | 0.86         |
|    value_loss           | 6.95         |
------------------------------------------
------------------------------------------
| rollout/                |              |
|    ep_len_mean          | 1.72e+03     |
|    ep_rew_mean          | 43.5         |
| time/                   |              |
|    fps                  | 1392         |
|    iterations           | 62           |
|    time_elapsed         | 91           |
|    total_timesteps      | 741376       |
| train/                  |              |
|    approx_kl            | 0.0028428663 |
|    clip_fraction        | 0.0455       |
|    clip_range           | 0.2          |
|    entropy_loss         | -2.53        |
|    explained_variance   | 0.818        |
|    learning_rate        | 0.0003       |
|    loss                 | 2.58         |
|    n_updates            | 1805         |
|    policy_gradient_loss | -0.000527    |
|    std                  | 0.858        |
|    value_loss           | 6.33         |
------------------------------------------
-----------------------------------------
| rollout/                |             |
|    ep_len_mean          | 1.72e+03    |
|    ep_rew_mean          | 43.4        |
| time/                   |             |
|    fps                  | 1391        |
|    iterations           | 63          |
|    time_elapsed         | 92          |
|    total_timesteps      | 743424      |
| train/                  |             |
|    approx_kl            | 0.012243776 |
|    clip_fraction        | 0.111       |
|    clip_range           | 0.2         |
|    entropy_loss         | -2.53       |
|    explained_variance   | 0.879       |
|    learning_rate        | 0.0003      |
|    loss                 | 0.253       |
|    n_updates            | 1810        |
|    policy_gradient_loss | -0.00147    |
|    std                  | 0.858       |
|    value_loss           | 14.1        |
-----------------------------------------
------------------------------------------
| rollout/                |              |
|    ep_len_mean          | 1.73e+03     |
|    ep_rew_mean          | 42           |
| time/                   |              |
|    fps                  | 1392         |
|    iterations           | 64           |
|    time_elapsed         | 94           |
|    total_timesteps      | 745472       |
| train/                  |              |
|    approx_kl            | 0.0070995474 |
|    clip_fraction        | 0.0865       |
|    clip_range           | 0.2          |
|    entropy_loss         | -2.53        |
|    explained_variance   | 0.856        |
|    learning_rate        | 0.0003       |
|    loss                 | 1.04         |
|    n_updates            | 1815         |
|    policy_gradient_loss | -0.00419     |
|    std                  | 0.858        |
|    value_loss           | 9.5          |
------------------------------------------
----------------------------------------
| rollout/                |            |
|    ep_len_mean          | 1.73e+03   |
|    ep_rew_mean          | 41.8       |
| time/                   |            |
|    fps                  | 1393       |
|    iterations           | 65         |
|    time_elapsed         | 95         |
|    total_timesteps      | 747520     |
| train/                  |            |
|    approx_kl            | 0.15092081 |
|    clip_fraction        | 0.278      |
|    clip_range           | 0.2        |
|    entropy_loss         | -2.53      |
|    explained_variance   | 0.97       |
|    learning_rate        | 0.0003     |
|    loss                 | 1.68       |
|    n_updates            | 1820       |
|    policy_gradient_loss | 0.0299     |
|    std                  | 0.858      |
|    value_loss           | 4.82       |
----------------------------------------
------------------------------------------
| rollout/                |              |
|    ep_len_mean          | 1.73e+03     |
|    ep_rew_mean          | 41.6         |
| time/                   |              |
|    fps                  | 1393         |
|    iterations           | 66           |
|    time_elapsed         | 97           |
|    total_timesteps      | 749568       |
| train/                  |              |
|    approx_kl            | 0.0014636479 |
|    clip_fraction        | 0.00166      |
|    clip_range           | 0.2          |
|    entropy_loss         | -2.53        |
|    explained_variance   | 0.875        |
|    learning_rate        | 0.0003       |
|    loss                 | 0.182        |
|    n_updates            | 1825         |
|    policy_gradient_loss | -0.000488    |
|    std                  | 0.858        |
|    value_loss           | 10.3         |
------------------------------------------
-----------------------------------------
| rollout/                |             |
|    ep_len_mean          | 1.71e+03    |
|    ep_rew_mean          | 43.8        |
| time/                   |             |
|    fps                  | 1392        |
|    iterations           | 67          |
|    time_elapsed         | 98          |
|    total_timesteps      | 751616      |
| train/                  |             |
|    approx_kl            | 0.009074698 |
|    clip_fraction        | 0.0717      |
|    clip_range           | 0.2         |
|    entropy_loss         | -2.53       |
|    explained_variance   | 0.947       |
|    learning_rate        | 0.0003      |
|    loss                 | 3.47        |
|    n_updates            | 1830        |
|    policy_gradient_loss | -0.0028     |
|    std                  | 0.857       |
|    value_loss           | 7.25        |
-----------------------------------------
-----------------------------------------
| rollout/                |             |
|    ep_len_mean          | 1.71e+03    |
|    ep_rew_mean          | 43.8        |
| time/                   |             |
|    fps                  | 1391        |
|    iterations           | 68          |
|    time_elapsed         | 100         |
|    total_timesteps      | 753664      |
| train/                  |             |
|    approx_kl            | 0.004126306 |
|    clip_fraction        | 0.104       |
|    clip_range           | 0.2         |
|    entropy_loss         | -2.53       |
|    explained_variance   | 0.0894      |
|    learning_rate        | 0.0003      |
|    loss                 | 62.9        |
|    n_updates            | 1835        |
|    policy_gradient_loss | 0.00146     |
|    std                  | 0.857       |
|    value_loss           | 128         |
-----------------------------------------
------------------------------------------
| rollout/                |              |
|    ep_len_mean          | 1.71e+03     |
|    ep_rew_mean          | 44.6         |
| time/                   |              |
|    fps                  | 1393         |
|    iterations           | 69           |
|    time_elapsed         | 101          |
|    total_timesteps      | 755712       |
| train/                  |              |
|    approx_kl            | 0.0040262393 |
|    clip_fraction        | 0.0511       |
|    clip_range           | 0.2          |
|    entropy_loss         | -2.53        |
|    explained_variance   | 0.852        |
|    learning_rate        | 0.0003       |
|    loss                 | 2.7          |
|    n_updates            | 1840         |
|    policy_gradient_loss | -0.00066     |
|    std                  | 0.856        |
|    value_loss           | 7.47         |
------------------------------------------
-----------------------------------------
| rollout/                |             |
|    ep_len_mean          | 1.7e+03     |
|    ep_rew_mean          | 44.6        |
| time/                   |             |
|    fps                  | 1393        |
|    iterations           | 70          |
|    time_elapsed         | 102         |
|    total_timesteps      | 757760      |
| train/                  |             |
|    approx_kl            | 0.013404196 |
|    clip_fraction        | 0.139       |
|    clip_range           | 0.2         |
|    entropy_loss         | -2.52       |
|    explained_variance   | 0.18        |
|    learning_rate        | 0.0003      |
|    loss                 | 3.25        |
|    n_updates            | 1845        |
|    policy_gradient_loss | 0.00234     |
|    std                  | 0.854       |
|    value_loss           | 69.3        |
-----------------------------------------
------------------------------------------
| rollout/                |              |
|    ep_len_mean          | 1.7e+03      |
|    ep_rew_mean          | 44.4         |
| time/                   |              |
|    fps                  | 1395         |
|    iterations           | 71           |
|    time_elapsed         | 104          |
|    total_timesteps      | 759808       |
| train/                  |              |
|    approx_kl            | 0.0046415552 |
|    clip_fraction        | 0.0473       |
|    clip_range           | 0.2          |
|    entropy_loss         | -2.52        |
|    explained_variance   | 0.255        |
|    learning_rate        | 0.0003       |
|    loss                 | 0.74         |
|    n_updates            | 1850         |
|    policy_gradient_loss | -0.00138     |
|    std                  | 0.855        |
|    value_loss           | 68.7         |
------------------------------------------
-----------------------------------------
| rollout/                |             |
|    ep_len_mean          | 1.7e+03     |
|    ep_rew_mean          | 44.5        |
| time/                   |             |
|    fps                  | 1398        |
|    iterations           | 72          |
|    time_elapsed         | 105         |
|    total_timesteps      | 761856      |
| train/                  |             |
|    approx_kl            | 0.005290782 |
|    clip_fraction        | 0.08        |
|    clip_range           | 0.2         |
|    entropy_loss         | -2.53       |
|    explained_variance   | 0.862       |
|    learning_rate        | 0.0003      |
|    loss                 | 5.43        |
|    n_updates            | 1855        |
|    policy_gradient_loss | 4.84e-05    |
|    std                  | 0.857       |
|    value_loss           | 6.83        |
-----------------------------------------
------------------------------------------
| rollout/                |              |
|    ep_len_mean          | 1.69e+03     |
|    ep_rew_mean          | 45.8         |
| time/                   |              |
|    fps                  | 1399         |
|    iterations           | 73           |
|    time_elapsed         | 106          |
|    total_timesteps      | 763904       |
| train/                  |              |
|    approx_kl            | 0.0040236344 |
|    clip_fraction        | 0.0237       |
|    clip_range           | 0.2          |
|    entropy_loss         | -2.53        |
|    explained_variance   | 0.318        |
|    learning_rate        | 0.0003       |
|    loss                 | 3.08         |
|    n_updates            | 1860         |
|    policy_gradient_loss | -0.0023      |
|    std                  | 0.857        |
|    value_loss           | 65.1         |
------------------------------------------
-----------------------------------------
| rollout/                |             |
|    ep_len_mean          | 1.69e+03    |
|    ep_rew_mean          | 45.7        |
| time/                   |             |
|    fps                  | 1399        |
|    iterations           | 74          |
|    time_elapsed         | 108         |
|    total_timesteps      | 765952      |
| train/                  |             |
|    approx_kl            | 0.005549437 |
|    clip_fraction        | 0.0263      |
|    clip_range           | 0.2         |
|    entropy_loss         | -2.53       |
|    explained_variance   | 0.266       |
|    learning_rate        | 0.0003      |
|    loss                 | 0.308       |
|    n_updates            | 1865        |
|    policy_gradient_loss | -0.00278    |
|    std                  | 0.856       |
|    value_loss           | 68.2        |
-----------------------------------------
------------------------------------------
| rollout/                |              |
|    ep_len_mean          | 1.69e+03     |
|    ep_rew_mean          | 45.7         |
| time/                   |              |
|    fps                  | 1402         |
|    iterations           | 75           |
|    time_elapsed         | 109          |
|    total_timesteps      | 768000       |
| train/                  |              |
|    approx_kl            | 0.0043552024 |
|    clip_fraction        | 0.0653       |
|    clip_range           | 0.2          |
|    entropy_loss         | -2.53        |
|    explained_variance   | 0.00728      |
|    learning_rate        | 0.0003       |
|    loss                 | 3.27         |
|    n_updates            | 1870         |
|    policy_gradient_loss | -0.00103     |
|    std                  | 0.856        |
|    value_loss           | 54.4         |
------------------------------------------
------------------------------------------
| rollout/                |              |
|    ep_len_mean          | 1.69e+03     |
|    ep_rew_mean          | 45.8         |
| time/                   |              |
|    fps                  | 1405         |
|    iterations           | 76           |
|    time_elapsed         | 110          |
|    total_timesteps      | 770048       |
| train/                  |              |
|    approx_kl            | 0.0048655104 |
|    clip_fraction        | 0.0396       |
|    clip_range           | 0.2          |
|    entropy_loss         | -2.53        |
|    explained_variance   | 0.754        |
|    learning_rate        | 0.0003       |
|    loss                 | 0.626        |
|    n_updates            | 1875         |
|    policy_gradient_loss | -0.00186     |
|    std                  | 0.855        |
|    value_loss           | 4.35         |
------------------------------------------
-----------------------------------------
| rollout/                |             |
|    ep_len_mean          | 1.71e+03    |
|    ep_rew_mean          | 44.5        |
| time/                   |             |
|    fps                  | 1407        |
|    iterations           | 77          |
|    time_elapsed         | 112         |
|    total_timesteps      | 772096      |
| train/                  |             |
|    approx_kl            | 0.007285374 |
|    clip_fraction        | 0.107       |
|    clip_range           | 0.2         |
|    entropy_loss         | -2.52       |
|    explained_variance   | 0.728       |
|    learning_rate        | 0.0003      |
|    loss                 | 3.56        |
|    n_updates            | 1880        |
|    policy_gradient_loss | -0.00236    |
|    std                  | 0.854       |
|    value_loss           | 14.4        |
-----------------------------------------
-----------------------------------------
| rollout/                |             |
|    ep_len_mean          | 1.73e+03    |
|    ep_rew_mean          | 41.5        |
| time/                   |             |
|    fps                  | 1408        |
|    iterations           | 78          |
|    time_elapsed         | 113         |
|    total_timesteps      | 774144      |
| train/                  |             |
|    approx_kl            | 0.021145567 |
|    clip_fraction        | 0.168       |
|    clip_range           | 0.2         |
|    entropy_loss         | -2.53       |
|    explained_variance   | 0.642       |
|    learning_rate        | 0.0003      |
|    loss                 | 1.16        |
|    n_updates            | 1885        |
|    policy_gradient_loss | -0.00228    |
|    std                  | 0.857       |
|    value_loss           | 9           |
-----------------------------------------
-----------------------------------------
| rollout/                |             |
|    ep_len_mean          | 1.73e+03    |
|    ep_rew_mean          | 41.5        |
| time/                   |             |
|    fps                  | 1410        |
|    iterations           | 79          |
|    time_elapsed         | 114         |
|    total_timesteps      | 776192      |
| train/                  |             |
|    approx_kl            | 0.015750267 |
|    clip_fraction        | 0.0771      |
|    clip_range           | 0.2         |
|    entropy_loss         | -2.53       |
|    explained_variance   | 0.808       |
|    learning_rate        | 0.0003      |
|    loss                 | 5.69        |
|    n_updates            | 1890        |
|    policy_gradient_loss | -3.17e-05   |
|    std                  | 0.855       |
|    value_loss           | 14.6        |
-----------------------------------------
-----------------------------------------
| rollout/                |             |
|    ep_len_mean          | 1.75e+03    |
|    ep_rew_mean          | 40.1        |
| time/                   |             |
|    fps                  | 1412        |
|    iterations           | 80          |
|    time_elapsed         | 115         |
|    total_timesteps      | 778240      |
| train/                  |             |
|    approx_kl            | 0.008438165 |
|    clip_fraction        | 0.0748      |
|    clip_range           | 0.2         |
|    entropy_loss         | -2.52       |
|    explained_variance   | 0.824       |
|    learning_rate        | 0.0003      |
|    loss                 | 0.422       |
|    n_updates            | 1895        |
|    policy_gradient_loss | -0.00126    |
|    std                  | 0.854       |
|    value_loss           | 8.18        |
-----------------------------------------
------------------------------------------
| rollout/                |              |
|    ep_len_mean          | 1.75e+03     |
|    ep_rew_mean          | 40.1         |
| time/                   |              |
|    fps                  | 1413         |
|    iterations           | 81           |
|    time_elapsed         | 117          |
|    total_timesteps      | 780288       |
| train/                  |              |
|    approx_kl            | 0.0025927355 |
|    clip_fraction        | 0.0138       |
|    clip_range           | 0.2          |
|    entropy_loss         | -2.52        |
|    explained_variance   | 0.925        |
|    learning_rate        | 0.0003       |
|    loss                 | 0.276        |
|    n_updates            | 1900         |
|    policy_gradient_loss | -0.00117     |
|    std                  | 0.853        |
|    value_loss           | 5.01         |
------------------------------------------
----------------------------------------
| rollout/                |            |
|    ep_len_mean          | 1.75e+03   |
|    ep_rew_mean          | 40.2       |
| time/                   |            |
|    fps                  | 1415       |
|    iterations           | 82         |
|    time_elapsed         | 118        |
|    total_timesteps      | 782336     |
| train/                  |            |
|    approx_kl            | 0.00994725 |
|    clip_fraction        | 0.0846     |
|    clip_range           | 0.2        |
|    entropy_loss         | -2.52      |
|    explained_variance   | 0.92       |
|    learning_rate        | 0.0003     |
|    loss                 | 0.0593     |
|    n_updates            | 1905       |
|    policy_gradient_loss | -0.000576  |
|    std                  | 0.854      |
|    value_loss           | 3.88       |
----------------------------------------
-----------------------------------------
| rollout/                |             |
|    ep_len_mean          | 1.75e+03    |
|    ep_rew_mean          | 40.2        |
| time/                   |             |
|    fps                  | 1415        |
|    iterations           | 83          |
|    time_elapsed         | 120         |
|    total_timesteps      | 784384      |
| train/                  |             |
|    approx_kl            | 0.009245288 |
|    clip_fraction        | 0.145       |
|    clip_range           | 0.2         |
|    entropy_loss         | -2.52       |
|    explained_variance   | 0.092       |
|    learning_rate        | 0.0003      |
|    loss                 | 2.27        |
|    n_updates            | 1910        |
|    policy_gradient_loss | 0.00513     |
|    std                  | 0.853       |
|    value_loss           | 81          |
-----------------------------------------
-----------------------------------------
| rollout/                |             |
|    ep_len_mean          | 1.75e+03    |
|    ep_rew_mean          | 40.2        |
| time/                   |             |
|    fps                  | 1416        |
|    iterations           | 84          |
|    time_elapsed         | 121         |
|    total_timesteps      | 786432      |
| train/                  |             |
|    approx_kl            | 0.010401657 |
|    clip_fraction        | 0.107       |
|    clip_range           | 0.2         |
|    entropy_loss         | -2.52       |
|    explained_variance   | 0.127       |
|    learning_rate        | 0.0003      |
|    loss                 | 3.76        |
|    n_updates            | 1915        |
|    policy_gradient_loss | -0.00168    |
|    std                  | 0.852       |
|    value_loss           | 65.1        |
-----------------------------------------
-----------------------------------------
| rollout/                |             |
|    ep_len_mean          | 1.74e+03    |
|    ep_rew_mean          | 41.5        |
| time/                   |             |
|    fps                  | 1418        |
|    iterations           | 85          |
|    time_elapsed         | 122         |
|    total_timesteps      | 788480      |
| train/                  |             |
|    approx_kl            | 0.002835292 |
|    clip_fraction        | 0.0396      |
|    clip_range           | 0.2         |
|    entropy_loss         | -2.52       |
|    explained_variance   | 0.912       |
|    learning_rate        | 0.0003      |
|    loss                 | 0.394       |
|    n_updates            | 1920        |
|    policy_gradient_loss | -0.00134    |
|    std                  | 0.851       |
|    value_loss           | 4.38        |
-----------------------------------------
------------------------------------------
| rollout/                |              |
|    ep_len_mean          | 1.74e+03     |
|    ep_rew_mean          | 41.5         |
| time/                   |              |
|    fps                  | 1419         |
|    iterations           | 86           |
|    time_elapsed         | 124          |
|    total_timesteps      | 790528       |
| train/                  |              |
|    approx_kl            | 0.0071680634 |
|    clip_fraction        | 0.0614       |
|    clip_range           | 0.2          |
|    entropy_loss         | -2.51        |
|    explained_variance   | 0.176        |
|    learning_rate        | 0.0003       |
|    loss                 | 1.52         |
|    n_updates            | 1925         |
|    policy_gradient_loss | 0.000294     |
|    std                  | 0.85         |
|    value_loss           | 108          |
------------------------------------------
-----------------------------------------
| rollout/                |             |
|    ep_len_mean          | 1.73e+03    |
|    ep_rew_mean          | 42.7        |
| time/                   |             |
|    fps                  | 1421        |
|    iterations           | 87          |
|    time_elapsed         | 125         |
|    total_timesteps      | 792576      |
| train/                  |             |
|    approx_kl            | 0.003560466 |
|    clip_fraction        | 0.0383      |
|    clip_range           | 0.2         |
|    entropy_loss         | -2.51       |
|    explained_variance   | 0.87        |
|    learning_rate        | 0.0003      |
|    loss                 | 0.469       |
|    n_updates            | 1930        |
|    policy_gradient_loss | -0.00103    |
|    std                  | 0.848       |
|    value_loss           | 6.17        |
-----------------------------------------
-----------------------------------------
| rollout/                |             |
|    ep_len_mean          | 1.72e+03    |
|    ep_rew_mean          | 43.9        |
| time/                   |             |
|    fps                  | 1422        |
|    iterations           | 88          |
|    time_elapsed         | 126         |
|    total_timesteps      | 794624      |
| train/                  |             |
|    approx_kl            | 0.029276978 |
|    clip_fraction        | 0.144       |
|    clip_range           | 0.2         |
|    entropy_loss         | -2.51       |
|    explained_variance   | 0.392       |
|    learning_rate        | 0.0003      |
|    loss                 | 0.68        |
|    n_updates            | 1935        |
|    policy_gradient_loss | 0.00749     |
|    std                  | 0.847       |
|    value_loss           | 60.5        |
-----------------------------------------
----------------------------------------
| rollout/                |            |
|    ep_len_mean          | 1.72e+03   |
|    ep_rew_mean          | 43.9       |
| time/                   |            |
|    fps                  | 1422       |
|    iterations           | 89         |
|    time_elapsed         | 128        |
|    total_timesteps      | 796672     |
| train/                  |            |
|    approx_kl            | 0.01010277 |
|    clip_fraction        | 0.213      |
|    clip_range           | 0.2        |
|    entropy_loss         | -2.5       |
|    explained_variance   | 0.494      |
|    learning_rate        | 0.0003     |
|    loss                 | 2.03       |
|    n_updates            | 1940       |
|    policy_gradient_loss | 0.00711    |
|    std                  | 0.846      |
|    value_loss           | 60.1       |
----------------------------------------
-----------------------------------------
| rollout/                |             |
|    ep_len_mean          | 1.7e+03     |
|    ep_rew_mean          | 44.7        |
| time/                   |             |
|    fps                  | 1424        |
|    iterations           | 90          |
|    time_elapsed         | 129         |
|    total_timesteps      | 798720      |
| train/                  |             |
|    approx_kl            | 0.006043285 |
|    clip_fraction        | 0.0879      |
|    clip_range           | 0.2         |
|    entropy_loss         | -2.5        |
|    explained_variance   | 0.847       |
|    learning_rate        | 0.0003      |
|    loss                 | 0.227       |
|    n_updates            | 1945        |
|    policy_gradient_loss | -0.00386    |
|    std                  | 0.846       |
|    value_loss           | 3.61        |
-----------------------------------------
------------------------------------------
| rollout/                |              |
|    ep_len_mean          | 1.7e+03      |
|    ep_rew_mean          | 44.6         |
| time/                   |              |
|    fps                  | 1424         |
|    iterations           | 91           |
|    time_elapsed         | 130          |
|    total_timesteps      | 800768       |
| train/                  |              |
|    approx_kl            | 0.0042121275 |
|    clip_fraction        | 0.0733       |
|    clip_range           | 0.2          |
|    entropy_loss         | -2.5         |
|    explained_variance   | -0.175       |
|    learning_rate        | 0.0003       |
|    loss                 | 9.96         |
|    n_updates            | 1950         |
|    policy_gradient_loss | -0.00362     |
|    std                  | 0.845        |
|    value_loss           | 118          |
------------------------------------------
-----------------------------------------
| rollout/                |             |
|    ep_len_mean          | 1.7e+03     |
|    ep_rew_mean          | 44.6        |
| time/                   |             |
|    fps                  | 1426        |
|    iterations           | 92          |
|    time_elapsed         | 132         |
|    total_timesteps      | 802816      |
| train/                  |             |
|    approx_kl            | 0.005284391 |
|    clip_fraction        | 0.0282      |
|    clip_range           | 0.2         |
|    entropy_loss         | -2.5        |
|    explained_variance   | 0.834       |
|    learning_rate        | 0.0003      |
|    loss                 | 10.3        |
|    n_updates            | 1955        |
|    policy_gradient_loss | -0.00146    |
|    std                  | 0.845       |
|    value_loss           | 10.5        |
-----------------------------------------
------------------------------------------
| rollout/                |              |
|    ep_len_mean          | 1.69e+03     |
|    ep_rew_mean          | 46           |
| time/                   |              |
|    fps                  | 1428         |
|    iterations           | 93           |
|    time_elapsed         | 133          |
|    total_timesteps      | 804864       |
| train/                  |              |
|    approx_kl            | 0.0101005025 |
|    clip_fraction        | 0.104        |
|    clip_range           | 0.2          |
|    entropy_loss         | -2.5         |
|    explained_variance   | 0.894        |
|    learning_rate        | 0.0003       |
|    loss                 | 0.414        |
|    n_updates            | 1960         |
|    policy_gradient_loss | -0.00519     |
|    std                  | 0.844        |
|    value_loss           | 4.02         |
------------------------------------------
----------------------------------------
| rollout/                |            |
|    ep_len_mean          | 1.71e+03   |
|    ep_rew_mean          | 44.4       |
| time/                   |            |
|    fps                  | 1430       |
|    iterations           | 94         |
|    time_elapsed         | 134        |
|    total_timesteps      | 806912     |
| train/                  |            |
|    approx_kl            | 0.04808919 |
|    clip_fraction        | 0.278      |
|    clip_range           | 0.2        |
|    entropy_loss         | -2.49      |
|    explained_variance   | -0.288     |
|    learning_rate        | 0.0003     |
|    loss                 | 1.07       |
|    n_updates            | 1965       |
|    policy_gradient_loss | 0.0275     |
|    std                  | 0.841      |
|    value_loss           | 63.7       |
----------------------------------------
------------------------------------------
| rollout/                |              |
|    ep_len_mean          | 1.71e+03     |
|    ep_rew_mean          | 44.4         |
| time/                   |              |
|    fps                  | 1430         |
|    iterations           | 95           |
|    time_elapsed         | 136          |
|    total_timesteps      | 808960       |
| train/                  |              |
|    approx_kl            | 0.0053532245 |
|    clip_fraction        | 0.107        |
|    clip_range           | 0.2          |
|    entropy_loss         | -2.49        |
|    explained_variance   | 0.743        |
|    learning_rate        | 0.0003       |
|    loss                 | 1.22         |
|    n_updates            | 1970         |
|    policy_gradient_loss | 0.00242      |
|    std                  | 0.841        |
|    value_loss           | 12.2         |
------------------------------------------
-----------------------------------------
| rollout/                |             |
|    ep_len_mean          | 1.71e+03    |
|    ep_rew_mean          | 44.4        |
| time/                   |             |
|    fps                  | 1432        |
|    iterations           | 96          |
|    time_elapsed         | 137         |
|    total_timesteps      | 811008      |
| train/                  |             |
|    approx_kl            | 0.008805232 |
|    clip_fraction        | 0.105       |
|    clip_range           | 0.2         |
|    entropy_loss         | -2.49       |
|    explained_variance   | 0.809       |
|    learning_rate        | 0.0003      |
|    loss                 | 1.45        |
|    n_updates            | 1975        |
|    policy_gradient_loss | -0.00187    |
|    std                  | 0.84        |
|    value_loss           | 6.47        |
-----------------------------------------
-----------------------------------------
| rollout/                |             |
|    ep_len_mean          | 1.71e+03    |
|    ep_rew_mean          | 44.2        |
| time/                   |             |
|    fps                  | 1434        |
|    iterations           | 97          |
|    time_elapsed         | 138         |
|    total_timesteps      | 813056      |
| train/                  |             |
|    approx_kl            | 0.013539685 |
|    clip_fraction        | 0.0435      |
|    clip_range           | 0.2         |
|    entropy_loss         | -2.49       |
|    explained_variance   | 0.871       |
|    learning_rate        | 0.0003      |
|    loss                 | 1.6         |
|    n_updates            | 1980        |
|    policy_gradient_loss | 0.00145     |
|    std                  | 0.84        |
|    value_loss           | 5.64        |
-----------------------------------------
------------------------------------------
| rollout/                |              |
|    ep_len_mean          | 1.72e+03     |
|    ep_rew_mean          | 42.9         |
| time/                   |              |
|    fps                  | 1435         |
|    iterations           | 98           |
|    time_elapsed         | 139          |
|    total_timesteps      | 815104       |
| train/                  |              |
|    approx_kl            | 0.0070193387 |
|    clip_fraction        | 0.1          |
|    clip_range           | 0.2          |
|    entropy_loss         | -2.49        |
|    explained_variance   | -0.197       |
|    learning_rate        | 0.0003       |
|    loss                 | 1.32         |
|    n_updates            | 1985         |
|    policy_gradient_loss | -0.00182     |
|    std                  | 0.839        |
|    value_loss           | 61.5         |
------------------------------------------
------------------------------------------
| rollout/                |              |
|    ep_len_mean          | 1.72e+03     |
|    ep_rew_mean          | 42.9         |
| time/                   |              |
|    fps                  | 1436         |
|    iterations           | 99           |
|    time_elapsed         | 141          |
|    total_timesteps      | 817152       |
| train/                  |              |
|    approx_kl            | 0.0053873654 |
|    clip_fraction        | 0.0206       |
|    clip_range           | 0.2          |
|    entropy_loss         | -2.48        |
|    explained_variance   | 0.158        |
|    learning_rate        | 0.0003       |
|    loss                 | 3.43         |
|    n_updates            | 1990         |
|    policy_gradient_loss | -0.00038     |
|    std                  | 0.838        |
|    value_loss           | 64           |
------------------------------------------
----------------------------------------
| rollout/                |            |
|    ep_len_mean          | 1.69e+03   |
|    ep_rew_mean          | 45.3       |
| time/                   |            |
|    fps                  | 1437       |
|    iterations           | 100        |
|    time_elapsed         | 142        |
|    total_timesteps      | 819200     |
| train/                  |            |
|    approx_kl            | 0.00968047 |
|    clip_fraction        | 0.0637     |
|    clip_range           | 0.2        |
|    entropy_loss         | -2.48      |
|    explained_variance   | -0.141     |
|    learning_rate        | 0.0003     |
|    loss                 | 1.67       |
|    n_updates            | 1995       |
|    policy_gradient_loss | -0.00337   |
|    std                  | 0.835      |
|    value_loss           | 64.7       |
----------------------------------------

CP4 held-out: 33/50 hits (66.0%), mean miss 5.1 m, mean reward 83.30
STOP CONDITION: no joint improvement -- review gate before continuing.
CP5: evasive lineage | max_time=45s t_go_max=10s | tracking=True | obs=12-D | miss_tanh_scale=3000m shaping_gamma=1 effort_weight=5 -> out=outputs/evasive_zemtgo10_seed2
---------------------------------
| rollout/           |          |
|    ep_len_mean     | 1.69e+03 |
|    ep_rew_mean     | 45.3     |
| time/              |          |
|    fps             | 4425     |
|    iterations      | 1        |
|    time_elapsed    | 0        |
|    total_timesteps | 821248   |
---------------------------------
----------------------------------------
| rollout/                |            |
|    ep_len_mean          | 1.68e+03   |
|    ep_rew_mean          | 46.5       |
| time/                   |            |
|    fps                  | 1787       |
|    iterations           | 2          |
|    time_elapsed         | 2          |
|    total_timesteps      | 823296     |
| train/                  |            |
|    approx_kl            | 0.00285546 |
|    clip_fraction        | 0.041      |
|    clip_range           | 0.2        |
|    entropy_loss         | -2.48      |
|    explained_variance   | 0.743      |
|    learning_rate        | 0.0003     |
|    loss                 | 2.4        |
|    n_updates            | 2005       |
|    policy_gradient_loss | -0.00192   |
|    std                  | 0.834      |
|    value_loss           | 6.1        |
----------------------------------------
-----------------------------------------
| rollout/                |             |
|    ep_len_mean          | 1.68e+03    |
|    ep_rew_mean          | 46.5        |
| time/                   |             |
|    fps                  | 1630        |
|    iterations           | 3           |
|    time_elapsed         | 3           |
|    total_timesteps      | 825344      |
| train/                  |             |
|    approx_kl            | 0.009050496 |
|    clip_fraction        | 0.0712      |
|    clip_range           | 0.2         |
|    entropy_loss         | -2.47       |
|    explained_variance   | 0.427       |
|    learning_rate        | 0.0003      |
|    loss                 | 4.88        |
|    n_updates            | 2010        |
|    policy_gradient_loss | -0.00485    |
|    std                  | 0.833       |
|    value_loss           | 58.9        |
-----------------------------------------
-----------------------------------------
| rollout/                |             |
|    ep_len_mean          | 1.66e+03    |
|    ep_rew_mean          | 47.7        |
| time/                   |             |
|    fps                  | 1580        |
|    iterations           | 4           |
|    time_elapsed         | 5           |
|    total_timesteps      | 827392      |
| train/                  |             |
|    approx_kl            | 0.006341794 |
|    clip_fraction        | 0.0247      |
|    clip_range           | 0.2         |
|    entropy_loss         | -2.47       |
|    explained_variance   | 0.774       |
|    learning_rate        | 0.0003      |
|    loss                 | 1.76        |
|    n_updates            | 2015        |
|    policy_gradient_loss | -0.00204    |
|    std                  | 0.832       |
|    value_loss           | 3.16        |
-----------------------------------------
------------------------------------------
| rollout/                |              |
|    ep_len_mean          | 1.68e+03     |
|    ep_rew_mean          | 45.9         |
| time/                   |              |
|    fps                  | 1571         |
|    iterations           | 5            |
|    time_elapsed         | 6            |
|    total_timesteps      | 829440       |
| train/                  |              |
|    approx_kl            | 0.0029398552 |
|    clip_fraction        | 0.0244       |
|    clip_range           | 0.2          |
|    entropy_loss         | -2.47        |
|    explained_variance   | 0.388        |
|    learning_rate        | 0.0003       |
|    loss                 | 11.1         |
|    n_updates            | 2020         |
|    policy_gradient_loss | -0.00177     |
|    std                  | 0.831        |
|    value_loss           | 55.8         |
------------------------------------------
-----------------------------------------
| rollout/                |             |
|    ep_len_mean          | 1.67e+03    |
|    ep_rew_mean          | 47.4        |
| time/                   |             |
|    fps                  | 1522        |
|    iterations           | 6           |
|    time_elapsed         | 8           |
|    total_timesteps      | 831488      |
| train/                  |             |
|    approx_kl            | 0.013165187 |
|    clip_fraction        | 0.0929      |
|    clip_range           | 0.2         |
|    entropy_loss         | -2.47       |
|    explained_variance   | 0.672       |
|    learning_rate        | 0.0003      |
|    loss                 | 1.77        |
|    n_updates            | 2025        |
|    policy_gradient_loss | -0.000717   |
|    std                  | 0.829       |
|    value_loss           | 16.7        |
-----------------------------------------
-----------------------------------------
| rollout/                |             |
|    ep_len_mean          | 1.67e+03    |
|    ep_rew_mean          | 47.4        |
| time/                   |             |
|    fps                  | 1512        |
|    iterations           | 7           |
|    time_elapsed         | 9           |
|    total_timesteps      | 833536      |
| train/                  |             |
|    approx_kl            | 0.013420804 |
|    clip_fraction        | 0.127       |
|    clip_range           | 0.2         |
|    entropy_loss         | -2.46       |
|    explained_variance   | 0.0147      |
|    learning_rate        | 0.0003      |
|    loss                 | 1.02        |
|    n_updates            | 2030        |
|    policy_gradient_loss | -0.00366    |
|    std                  | 0.828       |
|    value_loss           | 97          |
-----------------------------------------
-----------------------------------------
| rollout/                |             |
|    ep_len_mean          | 1.67e+03    |
|    ep_rew_mean          | 47.4        |
| time/                   |             |
|    fps                  | 1506        |
|    iterations           | 8           |
|    time_elapsed         | 10          |
|    total_timesteps      | 835584      |
| train/                  |             |
|    approx_kl            | 0.043679226 |
|    clip_fraction        | 0.253       |
|    clip_range           | 0.2         |
|    entropy_loss         | -2.46       |
|    explained_variance   | 0.169       |
|    learning_rate        | 0.0003      |
|    loss                 | 2.19        |
|    n_updates            | 2035        |
|    policy_gradient_loss | 0.0161      |
|    std                  | 0.829       |
|    value_loss           | 108         |
-----------------------------------------
-----------------------------------------
| rollout/                |             |
|    ep_len_mean          | 1.66e+03    |
|    ep_rew_mean          | 48.5        |
| time/                   |             |
|    fps                  | 1511        |
|    iterations           | 9           |
|    time_elapsed         | 12          |
|    total_timesteps      | 837632      |
| train/                  |             |
|    approx_kl            | 0.004516528 |
|    clip_fraction        | 0.0358      |
|    clip_range           | 0.2         |
|    entropy_loss         | -2.46       |
|    explained_variance   | 0.545       |
|    learning_rate        | 0.0003      |
|    loss                 | 2.2         |
|    n_updates            | 2040        |
|    policy_gradient_loss | -0.000875   |
|    std                  | 0.828       |
|    value_loss           | 4.46        |
-----------------------------------------
------------------------------------------
| rollout/                |              |
|    ep_len_mean          | 1.64e+03     |
|    ep_rew_mean          | 51.1         |
| time/                   |              |
|    fps                  | 1499         |
|    iterations           | 10           |
|    time_elapsed         | 13           |
|    total_timesteps      | 839680       |
| train/                  |              |
|    approx_kl            | 0.0068135895 |
|    clip_fraction        | 0.0222       |
|    clip_range           | 0.2          |
|    entropy_loss         | -2.46        |
|    explained_variance   | 0.251        |
|    learning_rate        | 0.0003       |
|    loss                 | 5.5          |
|    n_updates            | 2045         |
|    policy_gradient_loss | -0.000925    |
|    std                  | 0.826        |
|    value_loss           | 104          |
------------------------------------------
-----------------------------------------
| rollout/                |             |
|    ep_len_mean          | 1.62e+03    |
|    ep_rew_mean          | 52.3        |
| time/                   |             |
|    fps                  | 1494        |
|    iterations           | 11          |
|    time_elapsed         | 15          |
|    total_timesteps      | 841728      |
| train/                  |             |
|    approx_kl            | 0.011572415 |
|    clip_fraction        | 0.0666      |
|    clip_range           | 0.2         |
|    entropy_loss         | -2.45       |
|    explained_variance   | 0.138       |
|    learning_rate        | 0.0003      |
|    loss                 | 5.04        |
|    n_updates            | 2050        |
|    policy_gradient_loss | -0.00108    |
|    std                  | 0.823       |
|    value_loss           | 89.7        |
-----------------------------------------
------------------------------------------
| rollout/                |              |
|    ep_len_mean          | 1.61e+03     |
|    ep_rew_mean          | 53.4         |
| time/                   |              |
|    fps                  | 1494         |
|    iterations           | 12           |
|    time_elapsed         | 16           |
|    total_timesteps      | 843776       |
| train/                  |              |
|    approx_kl            | 0.0031841178 |
|    clip_fraction        | 0.0885       |
|    clip_range           | 0.2          |
|    entropy_loss         | -2.45        |
|    explained_variance   | 0.522        |
|    learning_rate        | 0.0003       |
|    loss                 | 2.55         |
|    n_updates            | 2055         |
|    policy_gradient_loss | -0.000536    |
|    std                  | 0.822        |
|    value_loss           | 51.3         |
------------------------------------------
-----------------------------------------
| rollout/                |             |
|    ep_len_mean          | 1.61e+03    |
|    ep_rew_mean          | 53.5        |
| time/                   |             |
|    fps                  | 1497        |
|    iterations           | 13          |
|    time_elapsed         | 17          |
|    total_timesteps      | 845824      |
| train/                  |             |
|    approx_kl            | 0.010766216 |
|    clip_fraction        | 0.075       |
|    clip_range           | 0.2         |
|    entropy_loss         | -2.44       |
|    explained_variance   | 0.262       |
|    learning_rate        | 0.0003      |
|    loss                 | 2.88        |
|    n_updates            | 2060        |
|    policy_gradient_loss | -0.00203    |
|    std                  | 0.821       |
|    value_loss           | 46.9        |
-----------------------------------------
-----------------------------------------
| rollout/                |             |
|    ep_len_mean          | 1.61e+03    |
|    ep_rew_mean          | 54.9        |
| time/                   |             |
|    fps                  | 1491        |
|    iterations           | 14          |
|    time_elapsed         | 19          |
|    total_timesteps      | 847872      |
| train/                  |             |
|    approx_kl            | 0.007715379 |
|    clip_fraction        | 0.073       |
|    clip_range           | 0.2         |
|    entropy_loss         | -2.44       |
|    explained_variance   | 0.773       |
|    learning_rate        | 0.0003      |
|    loss                 | 20          |
|    n_updates            | 2065        |
|    policy_gradient_loss | -0.00202    |
|    std                  | 0.82        |
|    value_loss           | 12.4        |
-----------------------------------------
-----------------------------------------
| rollout/                |             |
|    ep_len_mean          | 1.62e+03    |
|    ep_rew_mean          | 53.6        |
| time/                   |             |
|    fps                  | 1476        |
|    iterations           | 15          |
|    time_elapsed         | 20          |
|    total_timesteps      | 849920      |
| train/                  |             |
|    approx_kl            | 0.018083217 |
|    clip_fraction        | 0.101       |
|    clip_range           | 0.2         |
|    entropy_loss         | -2.44       |
|    explained_variance   | 0.478       |
|    learning_rate        | 0.0003      |
|    loss                 | 4.17        |
|    n_updates            | 2070        |
|    policy_gradient_loss | 0.00183     |
|    std                  | 0.82        |
|    value_loss           | 41.3        |
-----------------------------------------
------------------------------------------
| rollout/                |              |
|    ep_len_mean          | 1.62e+03     |
|    ep_rew_mean          | 53.6         |
| time/                   |              |
|    fps                  | 1474         |
|    iterations           | 16           |
|    time_elapsed         | 22           |
|    total_timesteps      | 851968       |
| train/                  |              |
|    approx_kl            | 0.0055276547 |
|    clip_fraction        | 0.044        |
|    clip_range           | 0.2          |
|    entropy_loss         | -2.44        |
|    explained_variance   | 0.806        |
|    learning_rate        | 0.0003       |
|    loss                 | 3.03         |
|    n_updates            | 2075         |
|    policy_gradient_loss | 0.00041      |
|    std                  | 0.82         |
|    value_loss           | 20.6         |
------------------------------------------
-----------------------------------------
| rollout/                |             |
|    ep_len_mean          | 1.61e+03    |
|    ep_rew_mean          | 54.8        |
| time/                   |             |
|    fps                  | 1481        |
|    iterations           | 17          |
|    time_elapsed         | 23          |
|    total_timesteps      | 854016      |
| train/                  |             |
|    approx_kl            | 0.006237791 |
|    clip_fraction        | 0.0629      |
|    clip_range           | 0.2         |
|    entropy_loss         | -2.44       |
|    explained_variance   | 0.914       |
|    learning_rate        | 0.0003      |
|    loss                 | 1.4         |
|    n_updates            | 2080        |
|    policy_gradient_loss | -0.00294    |
|    std                  | 0.82        |
|    value_loss           | 4.52        |
-----------------------------------------
------------------------------------------
| rollout/                |              |
|    ep_len_mean          | 1.62e+03     |
|    ep_rew_mean          | 54.6         |
| time/                   |              |
|    fps                  | 1484         |
|    iterations           | 18           |
|    time_elapsed         | 24           |
|    total_timesteps      | 856064       |
| train/                  |              |
|    approx_kl            | 0.0062239063 |
|    clip_fraction        | 0.0551       |
|    clip_range           | 0.2          |
|    entropy_loss         | -2.44        |
|    explained_variance   | 0.354        |
|    learning_rate        | 0.0003       |
|    loss                 | 139          |
|    n_updates            | 2085         |
|    policy_gradient_loss | -0.00382     |
|    std                  | 0.818        |
|    value_loss           | 42.3         |
------------------------------------------
------------------------------------------
| rollout/                |              |
|    ep_len_mean          | 1.61e+03     |
|    ep_rew_mean          | 54.6         |
| time/                   |              |
|    fps                  | 1480         |
|    iterations           | 19           |
|    time_elapsed         | 26           |
|    total_timesteps      | 858112       |
| train/                  |              |
|    approx_kl            | 0.0065194145 |
|    clip_fraction        | 0.0341       |
|    clip_range           | 0.2          |
|    entropy_loss         | -2.43        |
|    explained_variance   | 0.839        |
|    learning_rate        | 0.0003       |
|    loss                 | 18.4         |
|    n_updates            | 2090         |
|    policy_gradient_loss | -0.00357     |
|    std                  | 0.817        |
|    value_loss           | 22.2         |
------------------------------------------
----------------------------------------
| rollout/                |            |
|    ep_len_mean          | 1.6e+03    |
|    ep_rew_mean          | 55.8       |
| time/                   |            |
|    fps                  | 1480       |
|    iterations           | 20         |
|    time_elapsed         | 27         |
|    total_timesteps      | 860160     |
| train/                  |            |
|    approx_kl            | 0.00811257 |
|    clip_fraction        | 0.0804     |
|    clip_range           | 0.2        |
|    entropy_loss         | -2.43      |
|    explained_variance   | 0.467      |
|    learning_rate        | 0.0003     |
|    loss                 | 2.03       |
|    n_updates            | 2095       |
|    policy_gradient_loss | -0.00246   |
|    std                  | 0.814      |
|    value_loss           | 47         |
----------------------------------------
-----------------------------------------
| rollout/                |             |
|    ep_len_mean          | 1.6e+03     |
|    ep_rew_mean          | 55.6        |
| time/                   |             |
|    fps                  | 1472        |
|    iterations           | 21          |
|    time_elapsed         | 29          |
|    total_timesteps      | 862208      |
| train/                  |             |
|    approx_kl            | 0.014648313 |
|    clip_fraction        | 0.0733      |
|    clip_range           | 0.2         |
|    entropy_loss         | -2.43       |
|    explained_variance   | 0.353       |
|    learning_rate        | 0.0003      |
|    loss                 | 1.4         |
|    n_updates            | 2100        |
|    policy_gradient_loss | -0.000732   |
|    std                  | 0.815       |
|    value_loss           | 44.6        |
-----------------------------------------
-----------------------------------------
| rollout/                |             |
|    ep_len_mean          | 1.6e+03     |
|    ep_rew_mean          | 55.5        |
| time/                   |             |
|    fps                  | 1473        |
|    iterations           | 22          |
|    time_elapsed         | 30          |
|    total_timesteps      | 864256      |
| train/                  |             |
|    approx_kl            | 0.009958721 |
|    clip_fraction        | 0.0606      |
|    clip_range           | 0.2         |
|    entropy_loss         | -2.43       |
|    explained_variance   | 0.824       |
|    learning_rate        | 0.0003      |
|    loss                 | 1.28        |
|    n_updates            | 2105        |
|    policy_gradient_loss | 0.00101     |
|    std                  | 0.814       |
|    value_loss           | 15          |
-----------------------------------------
------------------------------------------
| rollout/                |              |
|    ep_len_mean          | 1.6e+03      |
|    ep_rew_mean          | 55.5         |
| time/                   |              |
|    fps                  | 1470         |
|    iterations           | 23           |
|    time_elapsed         | 32           |
|    total_timesteps      | 866304       |
| train/                  |              |
|    approx_kl            | 0.0041803997 |
|    clip_fraction        | 0.0263       |
|    clip_range           | 0.2          |
|    entropy_loss         | -2.42        |
|    explained_variance   | 0.616        |
|    learning_rate        | 0.0003       |
|    loss                 | 7.36         |
|    n_updates            | 2110         |
|    policy_gradient_loss | -0.000134    |
|    std                  | 0.813        |
|    value_loss           | 47.5         |
------------------------------------------
-----------------------------------------
| rollout/                |             |
|    ep_len_mean          | 1.61e+03    |
|    ep_rew_mean          | 54.2        |
| time/                   |             |
|    fps                  | 1470        |
|    iterations           | 24          |
|    time_elapsed         | 33          |
|    total_timesteps      | 868352      |
| train/                  |             |
|    approx_kl            | 0.007940238 |
|    clip_fraction        | 0.0855      |
|    clip_range           | 0.2         |
|    entropy_loss         | -2.42       |
|    explained_variance   | 0.799       |
|    learning_rate        | 0.0003      |
|    loss                 | 4.04        |
|    n_updates            | 2115        |
|    policy_gradient_loss | 0.00178     |
|    std                  | 0.812       |
|    value_loss           | 9.53        |
-----------------------------------------
------------------------------------------
| rollout/                |              |
|    ep_len_mean          | 1.61e+03     |
|    ep_rew_mean          | 53.9         |
| time/                   |              |
|    fps                  | 1471         |
|    iterations           | 25           |
|    time_elapsed         | 34           |
|    total_timesteps      | 870400       |
| train/                  |              |
|    approx_kl            | 0.0045983735 |
|    clip_fraction        | 0.0296       |
|    clip_range           | 0.2          |
|    entropy_loss         | -2.42        |
|    explained_variance   | 0.705        |
|    learning_rate        | 0.0003       |
|    loss                 | 1.6          |
|    n_updates            | 2120         |
|    policy_gradient_loss | -0.000185    |
|    std                  | 0.811        |
|    value_loss           | 22.5         |
------------------------------------------
----------------------------------------
| rollout/                |            |
|    ep_len_mean          | 1.62e+03   |
|    ep_rew_mean          | 53.9       |
| time/                   |            |
|    fps                  | 1467       |
|    iterations           | 26         |
|    time_elapsed         | 36         |
|    total_timesteps      | 872448     |
| train/                  |            |
|    approx_kl            | 0.06476267 |
|    clip_fraction        | 0.171      |
|    clip_range           | 0.2        |
|    entropy_loss         | -2.42      |
|    explained_variance   | 0.623      |
|    learning_rate        | 0.0003     |
|    loss                 | 3.5        |
|    n_updates            | 2125       |
|    policy_gradient_loss | -0.00173   |
|    std                  | 0.81       |
|    value_loss           | 8.11       |
----------------------------------------
------------------------------------------
| rollout/                |              |
|    ep_len_mean          | 1.62e+03     |
|    ep_rew_mean          | 53.9         |
| time/                   |              |
|    fps                  | 1470         |
|    iterations           | 27           |
|    time_elapsed         | 37           |
|    total_timesteps      | 874496       |
| train/                  |              |
|    approx_kl            | 0.0064203274 |
|    clip_fraction        | 0.101        |
|    clip_range           | 0.2          |
|    entropy_loss         | -2.41        |
|    explained_variance   | 0.86         |
|    learning_rate        | 0.0003       |
|    loss                 | 1.24         |
|    n_updates            | 2130         |
|    policy_gradient_loss | 0.000159     |
|    std                  | 0.809        |
|    value_loss           | 11.3         |
------------------------------------------
----------------------------------------
| rollout/                |            |
|    ep_len_mean          | 1.62e+03   |
|    ep_rew_mean          | 53.9       |
| time/                   |            |
|    fps                  | 1464       |
|    iterations           | 28         |
|    time_elapsed         | 39         |
|    total_timesteps      | 876544     |
| train/                  |            |
|    approx_kl            | 0.01759148 |
|    clip_fraction        | 0.104      |
|    clip_range           | 0.2        |
|    entropy_loss         | -2.41      |
|    explained_variance   | 0.898      |
|    learning_rate        | 0.0003     |
|    loss                 | 0.39       |
|    n_updates            | 2135       |
|    policy_gradient_loss | -0.0045    |
|    std                  | 0.81       |
|    value_loss           | 11.7       |
----------------------------------------
------------------------------------------
| rollout/                |              |
|    ep_len_mean          | 1.61e+03     |
|    ep_rew_mean          | 54.9         |
| time/                   |              |
|    fps                  | 1460         |
|    iterations           | 29           |
|    time_elapsed         | 40           |
|    total_timesteps      | 878592       |
| train/                  |              |
|    approx_kl            | 0.0076315906 |
|    clip_fraction        | 0.0548       |
|    clip_range           | 0.2          |
|    entropy_loss         | -2.41        |
|    explained_variance   | 0.708        |
|    learning_rate        | 0.0003       |
|    loss                 | 3.32         |
|    n_updates            | 2140         |
|    policy_gradient_loss | -0.00231     |
|    std                  | 0.808        |
|    value_loss           | 9.67         |
------------------------------------------
-----------------------------------------
| rollout/                |             |
|    ep_len_mean          | 1.62e+03    |
|    ep_rew_mean          | 53.6        |
| time/                   |             |
|    fps                  | 1452        |
|    iterations           | 30          |
|    time_elapsed         | 42          |
|    total_timesteps      | 880640      |
| train/                  |             |
|    approx_kl            | 0.008421638 |
|    clip_fraction        | 0.0922      |
|    clip_range           | 0.2         |
|    entropy_loss         | -2.41       |
|    explained_variance   | 0.488       |
|    learning_rate        | 0.0003      |
|    loss                 | 13.2        |
|    n_updates            | 2145        |
|    policy_gradient_loss | -0.00137    |
|    std                  | 0.807       |
|    value_loss           | 69.4        |
-----------------------------------------
-----------------------------------------
| rollout/                |             |
|    ep_len_mean          | 1.62e+03    |
|    ep_rew_mean          | 53.5        |
| time/                   |             |
|    fps                  | 1448        |
|    iterations           | 31          |
|    time_elapsed         | 43          |
|    total_timesteps      | 882688      |
| train/                  |             |
|    approx_kl            | 0.010471428 |
|    clip_fraction        | 0.0432      |
|    clip_range           | 0.2         |
|    entropy_loss         | -2.41       |
|    explained_variance   | 0.757       |
|    learning_rate        | 0.0003      |
|    loss                 | 1.46        |
|    n_updates            | 2150        |
|    policy_gradient_loss | 0.000759    |
|    std                  | 0.807       |
|    value_loss           | 12.3        |
-----------------------------------------
------------------------------------------
| rollout/                |              |
|    ep_len_mean          | 1.62e+03     |
|    ep_rew_mean          | 53.5         |
| time/                   |              |
|    fps                  | 1448         |
|    iterations           | 32           |
|    time_elapsed         | 45           |
|    total_timesteps      | 884736       |
| train/                  |              |
|    approx_kl            | 0.0075832745 |
|    clip_fraction        | 0.127        |
|    clip_range           | 0.2          |
|    entropy_loss         | -2.41        |
|    explained_variance   | 0.833        |
|    learning_rate        | 0.0003       |
|    loss                 | 0.33         |
|    n_updates            | 2155         |
|    policy_gradient_loss | -0.00185     |
|    std                  | 0.807        |
|    value_loss           | 9.16         |
------------------------------------------
-----------------------------------------
| rollout/                |             |
|    ep_len_mean          | 1.64e+03    |
|    ep_rew_mean          | 51.7        |
| time/                   |             |
|    fps                  | 1449        |
|    iterations           | 33          |
|    time_elapsed         | 46          |
|    total_timesteps      | 886784      |
| train/                  |             |
|    approx_kl            | 0.008869865 |
|    clip_fraction        | 0.0666      |
|    clip_range           | 0.2         |
|    entropy_loss         | -2.41       |
|    explained_variance   | 0.922       |
|    learning_rate        | 0.0003      |
|    loss                 | 0.162       |
|    n_updates            | 2160        |
|    policy_gradient_loss | -0.00334    |
|    std                  | 0.808       |
|    value_loss           | 2.96        |
-----------------------------------------
-----------------------------------------
| rollout/                |             |
|    ep_len_mean          | 1.64e+03    |
|    ep_rew_mean          | 51.7        |
| time/                   |             |
|    fps                  | 1441        |
|    iterations           | 34          |
|    time_elapsed         | 48          |
|    total_timesteps      | 888832      |
| train/                  |             |
|    approx_kl            | 0.004041915 |
|    clip_fraction        | 0.124       |
|    clip_range           | 0.2         |
|    entropy_loss         | -2.41       |
|    explained_variance   | 0.0919      |
|    learning_rate        | 0.0003      |
|    loss                 | 3.58        |
|    n_updates            | 2165        |
|    policy_gradient_loss | 0.00548     |
|    std                  | 0.808       |
|    value_loss           | 60.4        |
-----------------------------------------
-----------------------------------------
| rollout/                |             |
|    ep_len_mean          | 1.63e+03    |
|    ep_rew_mean          | 53          |
| time/                   |             |
|    fps                  | 1443        |
|    iterations           | 35          |
|    time_elapsed         | 49          |
|    total_timesteps      | 890880      |
| train/                  |             |
|    approx_kl            | 0.011133955 |
|    clip_fraction        | 0.0896      |
|    clip_range           | 0.2         |
|    entropy_loss         | -2.41       |
|    explained_variance   | 0.763       |
|    learning_rate        | 0.0003      |
|    loss                 | 2.4         |
|    n_updates            | 2170        |
|    policy_gradient_loss | 0.0012      |
|    std                  | 0.807       |
|    value_loss           | 6.18        |
-----------------------------------------
-----------------------------------------
| rollout/                |             |
|    ep_len_mean          | 1.63e+03    |
|    ep_rew_mean          | 53          |
| time/                   |             |
|    fps                  | 1444        |
|    iterations           | 36          |
|    time_elapsed         | 51          |
|    total_timesteps      | 892928      |
| train/                  |             |
|    approx_kl            | 0.027063167 |
|    clip_fraction        | 0.221       |
|    clip_range           | 0.2         |
|    entropy_loss         | -2.41       |
|    explained_variance   | 0.5         |
|    learning_rate        | 0.0003      |
|    loss                 | 12.4        |
|    n_updates            | 2175        |
|    policy_gradient_loss | 0.0163      |
|    std                  | 0.807       |
|    value_loss           | 58.2        |
-----------------------------------------
-----------------------------------------
| rollout/                |             |
|    ep_len_mean          | 1.64e+03    |
|    ep_rew_mean          | 51.3        |
| time/                   |             |
|    fps                  | 1446        |
|    iterations           | 37          |
|    time_elapsed         | 52          |
|    total_timesteps      | 894976      |
| train/                  |             |
|    approx_kl            | 0.004780214 |
|    clip_fraction        | 0.0556      |
|    clip_range           | 0.2         |
|    entropy_loss         | -2.41       |
|    explained_variance   | 0.901       |
|    learning_rate        | 0.0003      |
|    loss                 | 0.992       |
|    n_updates            | 2180        |
|    policy_gradient_loss | -0.000836   |
|    std                  | 0.806       |
|    value_loss           | 5.4         |
-----------------------------------------
-----------------------------------------
| rollout/                |             |
|    ep_len_mean          | 1.64e+03    |
|    ep_rew_mean          | 51.3        |
| time/                   |             |
|    fps                  | 1442        |
|    iterations           | 38          |
|    time_elapsed         | 53          |
|    total_timesteps      | 897024      |
| train/                  |             |
|    approx_kl            | 0.008316227 |
|    clip_fraction        | 0.0396      |
|    clip_range           | 0.2         |
|    entropy_loss         | -2.41       |
|    explained_variance   | 0.813       |
|    learning_rate        | 0.0003      |
|    loss                 | 0.684       |
|    n_updates            | 2185        |
|    policy_gradient_loss | -0.00263    |
|    std                  | 0.806       |
|    value_loss           | 16          |
-----------------------------------------
-----------------------------------------
| rollout/                |             |
|    ep_len_mean          | 1.65e+03    |
|    ep_rew_mean          | 51.2        |
| time/                   |             |
|    fps                  | 1442        |
|    iterations           | 39          |
|    time_elapsed         | 55          |
|    total_timesteps      | 899072      |
| train/                  |             |
|    approx_kl            | 0.008788145 |
|    clip_fraction        | 0.166       |
|    clip_range           | 0.2         |
|    entropy_loss         | -2.4        |
|    explained_variance   | 0.869       |
|    learning_rate        | 0.0003      |
|    loss                 | 0.538       |
|    n_updates            | 2190        |
|    policy_gradient_loss | 0.00679     |
|    std                  | 0.802       |
|    value_loss           | 5.27        |
-----------------------------------------
-----------------------------------------
| rollout/                |             |
|    ep_len_mean          | 1.65e+03    |
|    ep_rew_mean          | 51.2        |
| time/                   |             |
|    fps                  | 1440        |
|    iterations           | 40          |
|    time_elapsed         | 56          |
|    total_timesteps      | 901120      |
| train/                  |             |
|    approx_kl            | 0.011019238 |
|    clip_fraction        | 0.103       |
|    clip_range           | 0.2         |
|    entropy_loss         | -2.4        |
|    explained_variance   | 0.766       |
|    learning_rate        | 0.0003      |
|    loss                 | 3.84        |
|    n_updates            | 2195        |
|    policy_gradient_loss | 7.47e-05    |
|    std                  | 0.802       |
|    value_loss           | 11.5        |
-----------------------------------------
------------------------------------------
| rollout/                |              |
|    ep_len_mean          | 1.65e+03     |
|    ep_rew_mean          | 51.2         |
| time/                   |              |
|    fps                  | 1441         |
|    iterations           | 41           |
|    time_elapsed         | 58           |
|    total_timesteps      | 903168       |
| train/                  |              |
|    approx_kl            | 0.0059952736 |
|    clip_fraction        | 0.0597       |
|    clip_range           | 0.2          |
|    entropy_loss         | -2.4         |
|    explained_variance   | 0.046        |
|    learning_rate        | 0.0003       |
|    loss                 | 216          |
|    n_updates            | 2200         |
|    policy_gradient_loss | -0.000936    |
|    std                  | 0.8          |
|    value_loss           | 56.7         |
------------------------------------------
-----------------------------------------
| rollout/                |             |
|    ep_len_mean          | 1.64e+03    |
|    ep_rew_mean          | 51.8        |
| time/                   |             |
|    fps                  | 1444        |
|    iterations           | 42          |
|    time_elapsed         | 59          |
|    total_timesteps      | 905216      |
| train/                  |             |
|    approx_kl            | 0.016353523 |
|    clip_fraction        | 0.195       |
|    clip_range           | 0.2         |
|    entropy_loss         | -2.4        |
|    explained_variance   | 0.972       |
|    learning_rate        | 0.0003      |
|    loss                 | 0.766       |
|    n_updates            | 2205        |
|    policy_gradient_loss | 0.0163      |
|    std                  | 0.802       |
|    value_loss           | 5.92        |
-----------------------------------------
------------------------------------------
| rollout/                |              |
|    ep_len_mean          | 1.64e+03     |
|    ep_rew_mean          | 51.8         |
| time/                   |              |
|    fps                  | 1440         |
|    iterations           | 43           |
|    time_elapsed         | 61           |
|    total_timesteps      | 907264       |
| train/                  |              |
|    approx_kl            | 0.0063658175 |
|    clip_fraction        | 0.0462       |
|    clip_range           | 0.2          |
|    entropy_loss         | -2.4         |
|    explained_variance   | 0.518        |
|    learning_rate        | 0.0003       |
|    loss                 | 2.97         |
|    n_updates            | 2210         |
|    policy_gradient_loss | 0.000115     |
|    std                  | 0.802        |
|    value_loss           | 73           |
------------------------------------------
-----------------------------------------
| rollout/                |             |
|    ep_len_mean          | 1.62e+03    |
|    ep_rew_mean          | 54.1        |
| time/                   |             |
|    fps                  | 1438        |
|    iterations           | 44          |
|    time_elapsed         | 62          |
|    total_timesteps      | 909312      |
| train/                  |             |
|    approx_kl            | 0.011415759 |
|    clip_fraction        | 0.184       |
|    clip_range           | 0.2         |
|    entropy_loss         | -2.4        |
|    explained_variance   | 0.737       |
|    learning_rate        | 0.0003      |
|    loss                 | 0.781       |
|    n_updates            | 2215        |
|    policy_gradient_loss | 0.0111      |
|    std                  | 0.802       |
|    value_loss           | 5.04        |
-----------------------------------------
------------------------------------------
| rollout/                |              |
|    ep_len_mean          | 1.61e+03     |
|    ep_rew_mean          | 55.6         |
| time/                   |              |
|    fps                  | 1432         |
|    iterations           | 45           |
|    time_elapsed         | 64           |
|    total_timesteps      | 911360       |
| train/                  |              |
|    approx_kl            | 0.0050302213 |
|    clip_fraction        | 0.0228       |
|    clip_range           | 0.2          |
|    entropy_loss         | -2.39        |
|    explained_variance   | 0.122        |
|    learning_rate        | 0.0003       |
|    loss                 | 1.46         |
|    n_updates            | 2220         |
|    policy_gradient_loss | -0.002       |
|    std                  | 0.801        |
|    value_loss           | 112          |
------------------------------------------
-----------------------------------------
| rollout/                |             |
|    ep_len_mean          | 1.6e+03     |
|    ep_rew_mean          | 56.9        |
| time/                   |             |
|    fps                  | 1431        |
|    iterations           | 46          |
|    time_elapsed         | 65          |
|    total_timesteps      | 913408      |
| train/                  |             |
|    approx_kl            | 0.015581397 |
|    clip_fraction        | 0.107       |
|    clip_range           | 0.2         |
|    entropy_loss         | -2.39       |
|    explained_variance   | 0.586       |
|    learning_rate        | 0.0003      |
|    loss                 | 1.14        |
|    n_updates            | 2225        |
|    policy_gradient_loss | -0.000167   |
|    std                  | 0.798       |
|    value_loss           | 62.3        |
-----------------------------------------
----------------------------------------
| rollout/                |            |
|    ep_len_mean          | 1.6e+03    |
|    ep_rew_mean          | 56.8       |
| time/                   |            |
|    fps                  | 1428       |
|    iterations           | 47         |
|    time_elapsed         | 67         |
|    total_timesteps      | 915456     |
| train/                  |            |
|    approx_kl            | 0.02694323 |
|    clip_fraction        | 0.117      |
|    clip_range           | 0.2        |
|    entropy_loss         | -2.39      |
|    explained_variance   | 0.447      |
|    learning_rate        | 0.0003     |
|    loss                 | 4.06       |
|    n_updates            | 2230       |
|    policy_gradient_loss | -0.00014   |
|    std                  | 0.797      |
|    value_loss           | 64.7       |
----------------------------------------
-----------------------------------------
| rollout/                |             |
|    ep_len_mean          | 1.61e+03    |
|    ep_rew_mean          | 55.1        |
| time/                   |             |
|    fps                  | 1427        |
|    iterations           | 48          |
|    time_elapsed         | 68          |
|    total_timesteps      | 917504      |
| train/                  |             |
|    approx_kl            | 0.008540284 |
|    clip_fraction        | 0.0967      |
|    clip_range           | 0.2         |
|    entropy_loss         | -2.38       |
|    explained_variance   | 0.506       |
|    learning_rate        | 0.0003      |
|    loss                 | 1.95        |
|    n_updates            | 2235        |
|    policy_gradient_loss | 0.000242    |
|    std                  | 0.797       |
|    value_loss           | 60.9        |
-----------------------------------------
-----------------------------------------
| rollout/                |             |
|    ep_len_mean          | 1.61e+03    |
|    ep_rew_mean          | 55.4        |
| time/                   |             |
|    fps                  | 1429        |
|    iterations           | 49          |
|    time_elapsed         | 70          |
|    total_timesteps      | 919552      |
| train/                  |             |
|    approx_kl            | 0.024709927 |
|    clip_fraction        | 0.162       |
|    clip_range           | 0.2         |
|    entropy_loss         | -2.39       |
|    explained_variance   | 0.894       |
|    learning_rate        | 0.0003      |
|    loss                 | 0.213       |
|    n_updates            | 2240        |
|    policy_gradient_loss | -0.00238    |
|    std                  | 0.798       |
|    value_loss           | 11.4        |
-----------------------------------------
------------------------------------------
| rollout/                |              |
|    ep_len_mean          | 1.63e+03     |
|    ep_rew_mean          | 54           |
| time/                   |              |
|    fps                  | 1429         |
|    iterations           | 50           |
|    time_elapsed         | 71           |
|    total_timesteps      | 921600       |
| train/                  |              |
|    approx_kl            | 0.0048977016 |
|    clip_fraction        | 0.0676       |
|    clip_range           | 0.2          |
|    entropy_loss         | -2.39        |
|    explained_variance   | 0.926        |
|    learning_rate        | 0.0003       |
|    loss                 | 2.79         |
|    n_updates            | 2245         |
|    policy_gradient_loss | -0.00191     |
|    std                  | 0.798        |
|    value_loss           | 7.75         |
------------------------------------------
-----------------------------------------
| rollout/                |             |
|    ep_len_mean          | 1.64e+03    |
|    ep_rew_mean          | 52.7        |
| time/                   |             |
|    fps                  | 1428        |
|    iterations           | 51          |
|    time_elapsed         | 73          |
|    total_timesteps      | 923648      |
| train/                  |             |
|    approx_kl            | 0.006586981 |
|    clip_fraction        | 0.0395      |
|    clip_range           | 0.2         |
|    entropy_loss         | -2.39       |
|    explained_variance   | 0.918       |
|    learning_rate        | 0.0003      |
|    loss                 | 0.0883      |
|    n_updates            | 2250        |
|    policy_gradient_loss | -0.00227    |
|    std                  | 0.798       |
|    value_loss           | 12.2        |
-----------------------------------------
-----------------------------------------
| rollout/                |             |
|    ep_len_mean          | 1.62e+03    |
|    ep_rew_mean          | 54.2        |
| time/                   |             |
|    fps                  | 1424        |
|    iterations           | 52          |
|    time_elapsed         | 74          |
|    total_timesteps      | 925696      |
| train/                  |             |
|    approx_kl            | 0.006777336 |
|    clip_fraction        | 0.151       |
|    clip_range           | 0.2         |
|    entropy_loss         | -2.39       |
|    explained_variance   | 0.916       |
|    learning_rate        | 0.0003      |
|    loss                 | 4.05        |
|    n_updates            | 2255        |
|    policy_gradient_loss | 0.00308     |
|    std                  | 0.797       |
|    value_loss           | 8.74        |
-----------------------------------------
-----------------------------------------
| rollout/                |             |
|    ep_len_mean          | 1.64e+03    |
|    ep_rew_mean          | 52.9        |
| time/                   |             |
|    fps                  | 1417        |
|    iterations           | 53          |
|    time_elapsed         | 76          |
|    total_timesteps      | 927744      |
| train/                  |             |
|    approx_kl            | 0.024131585 |
|    clip_fraction        | 0.24        |
|    clip_range           | 0.2         |
|    entropy_loss         | -2.38       |
|    explained_variance   | 0.409       |
|    learning_rate        | 0.0003      |
|    loss                 | 0.186       |
|    n_updates            | 2260        |
|    policy_gradient_loss | 0.00556     |
|    std                  | 0.796       |
|    value_loss           | 52.7        |
-----------------------------------------
----------------------------------------
| rollout/                |            |
|    ep_len_mean          | 1.63e+03   |
|    ep_rew_mean          | 52.9       |
| time/                   |            |
|    fps                  | 1410       |
|    iterations           | 54         |
|    time_elapsed         | 78         |
|    total_timesteps      | 929792     |
| train/                  |            |
|    approx_kl            | 0.06652114 |
|    clip_fraction        | 0.376      |
|    clip_range           | 0.2        |
|    entropy_loss         | -2.38      |
|    explained_variance   | 0.693      |
|    learning_rate        | 0.0003     |
|    loss                 | 4.15       |
|    n_updates            | 2265       |
|    policy_gradient_loss | 0.0226     |
|    std                  | 0.797      |
|    value_loss           | 11.6       |
----------------------------------------
-----------------------------------------
| rollout/                |             |
|    ep_len_mean          | 1.63e+03    |
|    ep_rew_mean          | 53          |
| time/                   |             |
|    fps                  | 1406        |
|    iterations           | 55          |
|    time_elapsed         | 80          |
|    total_timesteps      | 931840      |
| train/                  |             |
|    approx_kl            | 0.013243126 |
|    clip_fraction        | 0.1         |
|    clip_range           | 0.2         |
|    entropy_loss         | -2.38       |
|    explained_variance   | 0.871       |
|    learning_rate        | 0.0003      |
|    loss                 | 0.732       |
|    n_updates            | 2270        |
|    policy_gradient_loss | 0.00191     |
|    std                  | 0.796       |
|    value_loss           | 7.61        |
-----------------------------------------
------------------------------------------
| rollout/                |              |
|    ep_len_mean          | 1.63e+03     |
|    ep_rew_mean          | 53.3         |
| time/                   |              |
|    fps                  | 1398         |
|    iterations           | 56           |
|    time_elapsed         | 81           |
|    total_timesteps      | 933888       |
| train/                  |              |
|    approx_kl            | 0.0066855066 |
|    clip_fraction        | 0.138        |
|    clip_range           | 0.2          |
|    entropy_loss         | -2.38        |
|    explained_variance   | 0.0472       |
|    learning_rate        | 0.0003       |
|    loss                 | 0.0839       |
|    n_updates            | 2275         |
|    policy_gradient_loss | -0.000446    |
|    std                  | 0.796        |
|    value_loss           | 99.8         |
------------------------------------------
----------------------------------------
| rollout/                |            |
|    ep_len_mean          | 1.61e+03   |
|    ep_rew_mean          | 54.5       |
| time/                   |            |
|    fps                  | 1393       |
|    iterations           | 57         |
|    time_elapsed         | 83         |
|    total_timesteps      | 935936     |
| train/                  |            |
|    approx_kl            | 0.06585183 |
|    clip_fraction        | 0.236      |
|    clip_range           | 0.2        |
|    entropy_loss         | -2.38      |
|    explained_variance   | 0.897      |
|    learning_rate        | 0.0003     |
|    loss                 | 0.245      |
|    n_updates            | 2280       |
|    policy_gradient_loss | 0.0148     |
|    std                  | 0.796      |
|    value_loss           | 4.45       |
----------------------------------------
-----------------------------------------
| rollout/                |             |
|    ep_len_mean          | 1.61e+03    |
|    ep_rew_mean          | 54.6        |
| time/                   |             |
|    fps                  | 1391        |
|    iterations           | 58          |
|    time_elapsed         | 85          |
|    total_timesteps      | 937984      |
| train/                  |             |
|    approx_kl            | 0.006622548 |
|    clip_fraction        | 0.0732      |
|    clip_range           | 0.2         |
|    entropy_loss         | -2.38       |
|    explained_variance   | 0.602       |
|    learning_rate        | 0.0003      |
|    loss                 | 2.07        |
|    n_updates            | 2285        |
|    policy_gradient_loss | -0.000593   |
|    std                  | 0.795       |
|    value_loss           | 50.2        |
-----------------------------------------
-----------------------------------------
| rollout/                |             |
|    ep_len_mean          | 1.61e+03    |
|    ep_rew_mean          | 54.6        |
| time/                   |             |
|    fps                  | 1392        |
|    iterations           | 59          |
|    time_elapsed         | 86          |
|    total_timesteps      | 940032      |
| train/                  |             |
|    approx_kl            | 0.010232779 |
|    clip_fraction        | 0.113       |
|    clip_range           | 0.2         |
|    entropy_loss         | -2.38       |
|    explained_variance   | 0.789       |
|    learning_rate        | 0.0003      |
|    loss                 | 0.8         |
|    n_updates            | 2290        |
|    policy_gradient_loss | 9.39e-06    |
|    std                  | 0.794       |
|    value_loss           | 9.95        |
-----------------------------------------
------------------------------------------
| rollout/                |              |
|    ep_len_mean          | 1.61e+03     |
|    ep_rew_mean          | 55           |
| time/                   |              |
|    fps                  | 1395         |
|    iterations           | 60           |
|    time_elapsed         | 88           |
|    total_timesteps      | 942080       |
| train/                  |              |
|    approx_kl            | 0.0048465244 |
|    clip_fraction        | 0.0463       |
|    clip_range           | 0.2          |
|    entropy_loss         | -2.38        |
|    explained_variance   | 0.842        |
|    learning_rate        | 0.0003       |
|    loss                 | 0.266        |
|    n_updates            | 2295         |
|    policy_gradient_loss | -0.00109     |
|    std                  | 0.794        |
|    value_loss           | 9.73         |
------------------------------------------
-----------------------------------------
| rollout/                |             |
|    ep_len_mean          | 1.58e+03    |
|    ep_rew_mean          | 57.2        |
| time/                   |             |
|    fps                  | 1393        |
|    iterations           | 61          |
|    time_elapsed         | 89          |
|    total_timesteps      | 944128      |
| train/                  |             |
|    approx_kl            | 0.005076823 |
|    clip_fraction        | 0.0532      |
|    clip_range           | 0.2         |
|    entropy_loss         | -2.38       |
|    explained_variance   | 0.424       |
|    learning_rate        | 0.0003      |
|    loss                 | 5.71        |
|    n_updates            | 2300        |
|    policy_gradient_loss | -0.000433   |
|    std                  | 0.793       |
|    value_loss           | 63.9        |
-----------------------------------------
-----------------------------------------
| rollout/                |             |
|    ep_len_mean          | 1.58e+03    |
|    ep_rew_mean          | 57.2        |
| time/                   |             |
|    fps                  | 1390        |
|    iterations           | 62          |
|    time_elapsed         | 91          |
|    total_timesteps      | 946176      |
| train/                  |             |
|    approx_kl            | 0.008772728 |
|    clip_fraction        | 0.0466      |
|    clip_range           | 0.2         |
|    entropy_loss         | -2.37       |
|    explained_variance   | 0.327       |
|    learning_rate        | 0.0003      |
|    loss                 | 173         |
|    n_updates            | 2305        |
|    policy_gradient_loss | -0.00202    |
|    std                  | 0.792       |
|    value_loss           | 98.6        |
-----------------------------------------
-----------------------------------------
| rollout/                |             |
|    ep_len_mean          | 1.59e+03    |
|    ep_rew_mean          | 55.9        |
| time/                   |             |
|    fps                  | 1391        |
|    iterations           | 63          |
|    time_elapsed         | 92          |
|    total_timesteps      | 948224      |
| train/                  |             |
|    approx_kl            | 0.008933047 |
|    clip_fraction        | 0.0799      |
|    clip_range           | 0.2         |
|    entropy_loss         | -2.37       |
|    explained_variance   | 0.853       |
|    learning_rate        | 0.0003      |
|    loss                 | 5.73        |
|    n_updates            | 2310        |
|    policy_gradient_loss | -0.000907   |
|    std                  | 0.79        |
|    value_loss           | 5.34        |
-----------------------------------------
-----------------------------------------
| rollout/                |             |
|    ep_len_mean          | 1.59e+03    |
|    ep_rew_mean          | 55.9        |
| time/                   |             |
|    fps                  | 1391        |
|    iterations           | 64          |
|    time_elapsed         | 94          |
|    total_timesteps      | 950272      |
| train/                  |             |
|    approx_kl            | 0.029093822 |
|    clip_fraction        | 0.214       |
|    clip_range           | 0.2         |
|    entropy_loss         | -2.36       |
|    explained_variance   | 0.528       |
|    learning_rate        | 0.0003      |
|    loss                 | 3.73        |
|    n_updates            | 2315        |
|    policy_gradient_loss | 0.00194     |
|    std                  | 0.79        |
|    value_loss           | 63.5        |
-----------------------------------------
-----------------------------------------
| rollout/                |             |
|    ep_len_mean          | 1.59e+03    |
|    ep_rew_mean          | 55.9        |
| time/                   |             |
|    fps                  | 1392        |
|    iterations           | 65          |
|    time_elapsed         | 95          |
|    total_timesteps      | 952320      |
| train/                  |             |
|    approx_kl            | 0.010844231 |
|    clip_fraction        | 0.0964      |
|    clip_range           | 0.2         |
|    entropy_loss         | -2.36       |
|    explained_variance   | 0.854       |
|    learning_rate        | 0.0003      |
|    loss                 | 0.0272      |
|    n_updates            | 2320        |
|    policy_gradient_loss | -6.71e-05   |
|    std                  | 0.787       |
|    value_loss           | 3.36        |
-----------------------------------------
----------------------------------------
| rollout/                |            |
|    ep_len_mean          | 1.61e+03   |
|    ep_rew_mean          | 54.2       |
| time/                   |            |
|    fps                  | 1393       |
|    iterations           | 66         |
|    time_elapsed         | 96         |
|    total_timesteps      | 954368     |
| train/                  |            |
|    approx_kl            | 0.00831199 |
|    clip_fraction        | 0.0396     |
|    clip_range           | 0.2        |
|    entropy_loss         | -2.36      |
|    explained_variance   | 0.944      |
|    learning_rate        | 0.0003     |
|    loss                 | 2.62       |
|    n_updates            | 2325       |
|    policy_gradient_loss | -0.00238   |
|    std                  | 0.786      |
|    value_loss           | 7          |
----------------------------------------
------------------------------------------
| rollout/                |              |
|    ep_len_mean          | 1.61e+03     |
|    ep_rew_mean          | 54.2         |
| time/                   |              |
|    fps                  | 1393         |
|    iterations           | 67           |
|    time_elapsed         | 98           |
|    total_timesteps      | 956416       |
| train/                  |              |
|    approx_kl            | 0.0060286056 |
|    clip_fraction        | 0.0339       |
|    clip_range           | 0.2          |
|    entropy_loss         | -2.35        |
|    explained_variance   | 0.791        |
|    learning_rate        | 0.0003       |
|    loss                 | 1.28         |
|    n_updates            | 2330         |
|    policy_gradient_loss | -0.0021      |
|    std                  | 0.785        |
|    value_loss           | 18.3         |
------------------------------------------
-----------------------------------------
| rollout/                |             |
|    ep_len_mean          | 1.61e+03    |
|    ep_rew_mean          | 54.5        |
| time/                   |             |
|    fps                  | 1392        |
|    iterations           | 68          |
|    time_elapsed         | 99          |
|    total_timesteps      | 958464      |
| train/                  |             |
|    approx_kl            | 0.007284322 |
|    clip_fraction        | 0.0618      |
|    clip_range           | 0.2         |
|    entropy_loss         | -2.35       |
|    explained_variance   | 0.441       |
|    learning_rate        | 0.0003      |
|    loss                 | 24          |
|    n_updates            | 2335        |
|    policy_gradient_loss | -0.00171    |
|    std                  | 0.784       |
|    value_loss           | 66.5        |
-----------------------------------------
-----------------------------------------
| rollout/                |             |
|    ep_len_mean          | 1.6e+03     |
|    ep_rew_mean          | 55.8        |
| time/                   |             |
|    fps                  | 1393        |
|    iterations           | 69          |
|    time_elapsed         | 101         |
|    total_timesteps      | 960512      |
| train/                  |             |
|    approx_kl            | 0.003801575 |
|    clip_fraction        | 0.0464      |
|    clip_range           | 0.2         |
|    entropy_loss         | -2.35       |
|    explained_variance   | 0.86        |
|    learning_rate        | 0.0003      |
|    loss                 | 4.55        |
|    n_updates            | 2340        |
|    policy_gradient_loss | -0.00262    |
|    std                  | 0.784       |
|    value_loss           | 5.29        |
-----------------------------------------
------------------------------------------
| rollout/                |              |
|    ep_len_mean          | 1.6e+03      |
|    ep_rew_mean          | 56.1         |
| time/                   |              |
|    fps                  | 1390         |
|    iterations           | 70           |
|    time_elapsed         | 103          |
|    total_timesteps      | 962560       |
| train/                  |              |
|    approx_kl            | 0.0045839315 |
|    clip_fraction        | 0.0665       |
|    clip_range           | 0.2          |
|    entropy_loss         | -2.35        |
|    explained_variance   | -0.0317      |
|    learning_rate        | 0.0003       |
|    loss                 | 168          |
|    n_updates            | 2345         |
|    policy_gradient_loss | -0.000188    |
|    std                  | 0.783        |
|    value_loss           | 135          |
------------------------------------------
------------------------------------------
| rollout/                |              |
|    ep_len_mean          | 1.6e+03      |
|    ep_rew_mean          | 56.2         |
| time/                   |              |
|    fps                  | 1389         |
|    iterations           | 71           |
|    time_elapsed         | 104          |
|    total_timesteps      | 964608       |
| train/                  |              |
|    approx_kl            | 0.0065350374 |
|    clip_fraction        | 0.0752       |
|    clip_range           | 0.2          |
|    entropy_loss         | -2.35        |
|    explained_variance   | 0.321        |
|    learning_rate        | 0.0003       |
|    loss                 | 2.27         |
|    n_updates            | 2350         |
|    policy_gradient_loss | -0.00697     |
|    std                  | 0.781        |
|    value_loss           | 49.2         |
------------------------------------------
------------------------------------------
| rollout/                |              |
|    ep_len_mean          | 1.6e+03      |
|    ep_rew_mean          | 56.2         |
| time/                   |              |
|    fps                  | 1390         |
|    iterations           | 72           |
|    time_elapsed         | 106          |
|    total_timesteps      | 966656       |
| train/                  |              |
|    approx_kl            | 0.0028084354 |
|    clip_fraction        | 0.0272       |
|    clip_range           | 0.2          |
|    entropy_loss         | -2.34        |
|    explained_variance   | 0.333        |
|    learning_rate        | 0.0003       |
|    loss                 | 2.93         |
|    n_updates            | 2355         |
|    policy_gradient_loss | -0.00361     |
|    std                  | 0.78         |
|    value_loss           | 51           |
------------------------------------------
-----------------------------------------
| rollout/                |             |
|    ep_len_mean          | 1.59e+03    |
|    ep_rew_mean          | 57.5        |
| time/                   |             |
|    fps                  | 1392        |
|    iterations           | 73          |
|    time_elapsed         | 107         |
|    total_timesteps      | 968704      |
| train/                  |             |
|    approx_kl            | 0.010932329 |
|    clip_fraction        | 0.0927      |
|    clip_range           | 0.2         |
|    entropy_loss         | -2.34       |
|    explained_variance   | 0.841       |
|    learning_rate        | 0.0003      |
|    loss                 | 1.37        |
|    n_updates            | 2360        |
|    policy_gradient_loss | -0.00131    |
|    std                  | 0.779       |
|    value_loss           | 3.54        |
-----------------------------------------
-----------------------------------------
| rollout/                |             |
|    ep_len_mean          | 1.59e+03    |
|    ep_rew_mean          | 56.5        |
| time/                   |             |
|    fps                  | 1392        |
|    iterations           | 74          |
|    time_elapsed         | 108         |
|    total_timesteps      | 970752      |
| train/                  |             |
|    approx_kl            | 0.009856001 |
|    clip_fraction        | 0.0815      |
|    clip_range           | 0.2         |
|    entropy_loss         | -2.34       |
|    explained_variance   | 0.675       |
|    learning_rate        | 0.0003      |
|    loss                 | 2.74        |
|    n_updates            | 2365        |
|    policy_gradient_loss | 0.00075     |
|    std                  | 0.778       |
|    value_loss           | 48          |
-----------------------------------------
-----------------------------------------
| rollout/                |             |
|    ep_len_mean          | 1.58e+03    |
|    ep_rew_mean          | 58.1        |
| time/                   |             |
|    fps                  | 1391        |
|    iterations           | 75          |
|    time_elapsed         | 110         |
|    total_timesteps      | 972800      |
| train/                  |             |
|    approx_kl            | 0.005369857 |
|    clip_fraction        | 0.0312      |
|    clip_range           | 0.2         |
|    entropy_loss         | -2.34       |
|    explained_variance   | 0.842       |
|    learning_rate        | 0.0003      |
|    loss                 | 0.999       |
|    n_updates            | 2370        |
|    policy_gradient_loss | -0.00314    |
|    std                  | 0.778       |
|    value_loss           | 13.1        |
-----------------------------------------
----------------------------------------
| rollout/                |            |
|    ep_len_mean          | 1.57e+03   |
|    ep_rew_mean          | 59.1       |
| time/                   |            |
|    fps                  | 1393       |
|    iterations           | 76         |
|    time_elapsed         | 111        |
|    total_timesteps      | 974848     |
| train/                  |            |
|    approx_kl            | 0.00900442 |
|    clip_fraction        | 0.0549     |
|    clip_range           | 0.2        |
|    entropy_loss         | -2.33      |
|    explained_variance   | 0.118      |
|    learning_rate        | 0.0003     |
|    loss                 | 1.15       |
|    n_updates            | 2375       |
|    policy_gradient_loss | -0.00188   |
|    std                  | 0.777      |
|    value_loss           | 48.7       |
----------------------------------------
-----------------------------------------
| rollout/                |             |
|    ep_len_mean          | 1.57e+03    |
|    ep_rew_mean          | 59.1        |
| time/                   |             |
|    fps                  | 1396        |
|    iterations           | 77          |
|    time_elapsed         | 112         |
|    total_timesteps      | 976896      |
| train/                  |             |
|    approx_kl            | 0.009736466 |
|    clip_fraction        | 0.0604      |
|    clip_range           | 0.2         |
|    entropy_loss         | -2.33       |
|    explained_variance   | 0.513       |
|    learning_rate        | 0.0003      |
|    loss                 | 0.362       |
|    n_updates            | 2380        |
|    policy_gradient_loss | 0.000814    |
|    std                  | 0.775       |
|    value_loss           | 52          |
-----------------------------------------
------------------------------------------
| rollout/                |              |
|    ep_len_mean          | 1.58e+03     |
|    ep_rew_mean          | 59.1         |
| time/                   |              |
|    fps                  | 1397         |
|    iterations           | 78           |
|    time_elapsed         | 114          |
|    total_timesteps      | 978944       |
| train/                  |              |
|    approx_kl            | 0.0074986303 |
|    clip_fraction        | 0.0394       |
|    clip_range           | 0.2          |
|    entropy_loss         | -2.33        |
|    explained_variance   | 0.493        |
|    learning_rate        | 0.0003       |
|    loss                 | 1.36         |
|    n_updates            | 2385         |
|    policy_gradient_loss | -0.000239    |
|    std                  | 0.773        |
|    value_loss           | 43.7         |
------------------------------------------
-----------------------------------------
| rollout/                |             |
|    ep_len_mean          | 1.59e+03    |
|    ep_rew_mean          | 57.6        |
| time/                   |             |
|    fps                  | 1399        |
|    iterations           | 79          |
|    time_elapsed         | 115         |
|    total_timesteps      | 980992      |
| train/                  |             |
|    approx_kl            | 0.020268535 |
|    clip_fraction        | 0.151       |
|    clip_range           | 0.2         |
|    entropy_loss         | -2.32       |
|    explained_variance   | 0.509       |
|    learning_rate        | 0.0003      |
|    loss                 | 3.39        |
|    n_updates            | 2390        |
|    policy_gradient_loss | -0.000198   |
|    std                  | 0.773       |
|    value_loss           | 42.6        |
-----------------------------------------
------------------------------------------
| rollout/                |              |
|    ep_len_mean          | 1.59e+03     |
|    ep_rew_mean          | 57.5         |
| time/                   |              |
|    fps                  | 1399         |
|    iterations           | 80           |
|    time_elapsed         | 117          |
|    total_timesteps      | 983040       |
| train/                  |              |
|    approx_kl            | 0.0056796363 |
|    clip_fraction        | 0.0387       |
|    clip_range           | 0.2          |
|    entropy_loss         | -2.32        |
|    explained_variance   | 0.556        |
|    learning_rate        | 0.0003       |
|    loss                 | 135          |
|    n_updates            | 2395         |
|    policy_gradient_loss | 0.00178      |
|    std                  | 0.773        |
|    value_loss           | 46.7         |
------------------------------------------
-----------------------------------------
| rollout/                |             |
|    ep_len_mean          | 1.57e+03    |
|    ep_rew_mean          | 60.2        |
| time/                   |             |
|    fps                  | 1400        |
|    iterations           | 81          |
|    time_elapsed         | 118         |
|    total_timesteps      | 985088      |
| train/                  |             |
|    approx_kl            | 0.010580112 |
|    clip_fraction        | 0.245       |
|    clip_range           | 0.2         |
|    entropy_loss         | -2.32       |
|    explained_variance   | 0.337       |
|    learning_rate        | 0.0003      |
|    loss                 | 2.05        |
|    n_updates            | 2400        |
|    policy_gradient_loss | 0.0165      |
|    std                  | 0.772       |
|    value_loss           | 67.1        |
-----------------------------------------
------------------------------------------
| rollout/                |              |
|    ep_len_mean          | 1.57e+03     |
|    ep_rew_mean          | 60.7         |
| time/                   |              |
|    fps                  | 1401         |
|    iterations           | 82           |
|    time_elapsed         | 119          |
|    total_timesteps      | 987136       |
| train/                  |              |
|    approx_kl            | 0.0045215124 |
|    clip_fraction        | 0.0146       |
|    clip_range           | 0.2          |
|    entropy_loss         | -2.32        |
|    explained_variance   | 0.453        |
|    learning_rate        | 0.0003       |
|    loss                 | 92.2         |
|    n_updates            | 2405         |
|    policy_gradient_loss | -0.000791    |
|    std                  | 0.772        |
|    value_loss           | 56.5         |
------------------------------------------
------------------------------------------
| rollout/                |              |
|    ep_len_mean          | 1.57e+03     |
|    ep_rew_mean          | 60.7         |
| time/                   |              |
|    fps                  | 1403         |
|    iterations           | 83           |
|    time_elapsed         | 121          |
|    total_timesteps      | 989184       |
| train/                  |              |
|    approx_kl            | 0.0039565433 |
|    clip_fraction        | 0.0591       |
|    clip_range           | 0.2          |
|    entropy_loss         | -2.32        |
|    explained_variance   | 0.679        |
|    learning_rate        | 0.0003       |
|    loss                 | 2.12         |
|    n_updates            | 2410         |
|    policy_gradient_loss | -0.00322     |
|    std                  | 0.772        |
|    value_loss           | 8.08         |
------------------------------------------
-----------------------------------------
| rollout/                |             |
|    ep_len_mean          | 1.57e+03    |
|    ep_rew_mean          | 60.7        |
| time/                   |             |
|    fps                  | 1404        |
|    iterations           | 84          |
|    time_elapsed         | 122         |
|    total_timesteps      | 991232      |
| train/                  |             |
|    approx_kl            | 0.002269358 |
|    clip_fraction        | 0.133       |
|    clip_range           | 0.2         |
|    entropy_loss         | -2.32       |
|    explained_variance   | 0.756       |
|    learning_rate        | 0.0003      |
|    loss                 | 20.1        |
|    n_updates            | 2415        |
|    policy_gradient_loss | 0.00544     |
|    std                  | 0.772       |
|    value_loss           | 40.4        |
-----------------------------------------
------------------------------------------
| rollout/                |              |
|    ep_len_mean          | 1.6e+03      |
|    ep_rew_mean          | 56.6         |
| time/                   |              |
|    fps                  | 1407         |
|    iterations           | 85           |
|    time_elapsed         | 123          |
|    total_timesteps      | 993280       |
| train/                  |              |
|    approx_kl            | 0.0056338795 |
|    clip_fraction        | 0.0333       |
|    clip_range           | 0.2          |
|    entropy_loss         | -2.32        |
|    explained_variance   | 0.9          |
|    learning_rate        | 0.0003       |
|    loss                 | 2.95         |
|    n_updates            | 2420         |
|    policy_gradient_loss | -0.00282     |
|    std                  | 0.772        |
|    value_loss           | 10.7         |
------------------------------------------
-----------------------------------------
| rollout/                |             |
|    ep_len_mean          | 1.6e+03     |
|    ep_rew_mean          | 56.6        |
| time/                   |             |
|    fps                  | 1407        |
|    iterations           | 86          |
|    time_elapsed         | 125         |
|    total_timesteps      | 995328      |
| train/                  |             |
|    approx_kl            | 0.013085177 |
|    clip_fraction        | 0.0849      |
|    clip_range           | 0.2         |
|    entropy_loss         | -2.32       |
|    explained_variance   | 0.757       |
|    learning_rate        | 0.0003      |
|    loss                 | 17.6        |
|    n_updates            | 2425        |
|    policy_gradient_loss | -0.00166    |
|    std                  | 0.771       |
|    value_loss           | 28.2        |
-----------------------------------------
----------------------------------------
| rollout/                |            |
|    ep_len_mean          | 1.6e+03    |
|    ep_rew_mean          | 56.5       |
| time/                   |            |
|    fps                  | 1410       |
|    iterations           | 87         |
|    time_elapsed         | 126        |
|    total_timesteps      | 997376     |
| train/                  |            |
|    approx_kl            | 0.06477877 |
|    clip_fraction        | 0.194      |
|    clip_range           | 0.2        |
|    entropy_loss         | -2.31      |
|    explained_variance   | 0.811      |
|    learning_rate        | 0.0003     |
|    loss                 | 3.69       |
|    n_updates            | 2430       |
|    policy_gradient_loss | 0.0164     |
|    std                  | 0.769      |
|    value_loss           | 3.43       |
----------------------------------------
-----------------------------------------
| rollout/                |             |
|    ep_len_mean          | 1.6e+03     |
|    ep_rew_mean          | 56.6        |
| time/                   |             |
|    fps                  | 1410        |
|    iterations           | 88          |
|    time_elapsed         | 127         |
|    total_timesteps      | 999424      |
| train/                  |             |
|    approx_kl            | 0.008759759 |
|    clip_fraction        | 0.0938      |
|    clip_range           | 0.2         |
|    entropy_loss         | -2.31       |
|    explained_variance   | 0.252       |
|    learning_rate        | 0.0003      |
|    loss                 | 3.6         |
|    n_updates            | 2435        |
|    policy_gradient_loss | -0.00216    |
|    std                  | 0.768       |
|    value_loss           | 75.6        |
-----------------------------------------
------------------------------------------
| rollout/                |              |
|    ep_len_mean          | 1.6e+03      |
|    ep_rew_mean          | 56.6         |
| time/                   |              |
|    fps                  | 1411         |
|    iterations           | 89           |
|    time_elapsed         | 129          |
|    total_timesteps      | 1001472      |
| train/                  |              |
|    approx_kl            | 0.0040525054 |
|    clip_fraction        | 0.115        |
|    clip_range           | 0.2          |
|    entropy_loss         | -2.31        |
|    explained_variance   | 0.516        |
|    learning_rate        | 0.0003       |
|    loss                 | 12           |
|    n_updates            | 2440         |
|    policy_gradient_loss | 0.003        |
|    std                  | 0.768        |
|    value_loss           | 47.1         |
------------------------------------------
------------------------------------------
| rollout/                |              |
|    ep_len_mean          | 1.61e+03     |
|    ep_rew_mean          | 56.4         |
| time/                   |              |
|    fps                  | 1411         |
|    iterations           | 90           |
|    time_elapsed         | 130          |
|    total_timesteps      | 1003520      |
| train/                  |              |
|    approx_kl            | 0.0046071727 |
|    clip_fraction        | 0.088        |
|    clip_range           | 0.2          |
|    entropy_loss         | -2.31        |
|    explained_variance   | 0.637        |
|    learning_rate        | 0.0003       |
|    loss                 | 2.35         |
|    n_updates            | 2445         |
|    policy_gradient_loss | 0.0012       |
|    std                  | 0.767        |
|    value_loss           | 32.3         |
------------------------------------------
------------------------------------------
| rollout/                |              |
|    ep_len_mean          | 1.59e+03     |
|    ep_rew_mean          | 57.6         |
| time/                   |              |
|    fps                  | 1412         |
|    iterations           | 91           |
|    time_elapsed         | 131          |
|    total_timesteps      | 1005568      |
| train/                  |              |
|    approx_kl            | 0.0024362616 |
|    clip_fraction        | 0.0736       |
|    clip_range           | 0.2          |
|    entropy_loss         | -2.31        |
|    explained_variance   | 0.215        |
|    learning_rate        | 0.0003       |
|    loss                 | 4.41         |
|    n_updates            | 2450         |
|    policy_gradient_loss | -0.00315     |
|    std                  | 0.767        |
|    value_loss           | 78           |
------------------------------------------
----------------------------------------
| rollout/                |            |
|    ep_len_mean          | 1.59e+03   |
|    ep_rew_mean          | 57.6       |
| time/                   |            |
|    fps                  | 1413       |
|    iterations           | 92         |
|    time_elapsed         | 133        |
|    total_timesteps      | 1007616    |
| train/                  |            |
|    approx_kl            | 0.00859003 |
|    clip_fraction        | 0.0609     |
|    clip_range           | 0.2        |
|    entropy_loss         | -2.31      |
|    explained_variance   | 0.374      |
|    learning_rate        | 0.0003     |
|    loss                 | 0.967      |
|    n_updates            | 2455       |
|    policy_gradient_loss | -0.00243   |
|    std                  | 0.767      |
|    value_loss           | 87.5       |
----------------------------------------
------------------------------------------
| rollout/                |              |
|    ep_len_mean          | 1.59e+03     |
|    ep_rew_mean          | 57.6         |
| time/                   |              |
|    fps                  | 1415         |
|    iterations           | 93           |
|    time_elapsed         | 134          |
|    total_timesteps      | 1009664      |
| train/                  |              |
|    approx_kl            | 0.0057440572 |
|    clip_fraction        | 0.0214       |
|    clip_range           | 0.2          |
|    entropy_loss         | -2.31        |
|    explained_variance   | 0.892        |
|    learning_rate        | 0.0003       |
|    loss                 | 1.9          |
|    n_updates            | 2460         |
|    policy_gradient_loss | -0.00267     |
|    std                  | 0.766        |
|    value_loss           | 6            |
------------------------------------------
-----------------------------------------
| rollout/                |             |
|    ep_len_mean          | 1.59e+03    |
|    ep_rew_mean          | 56.9        |
| time/                   |             |
|    fps                  | 1417        |
|    iterations           | 94          |
|    time_elapsed         | 135         |
|    total_timesteps      | 1011712     |
| train/                  |             |
|    approx_kl            | 0.010157316 |
|    clip_fraction        | 0.0706      |
|    clip_range           | 0.2         |
|    entropy_loss         | -2.31       |
|    explained_variance   | 0.805       |
|    learning_rate        | 0.0003      |
|    loss                 | 2.38        |
|    n_updates            | 2465        |
|    policy_gradient_loss | -0.000279   |
|    std                  | 0.766       |
|    value_loss           | 8.48        |
-----------------------------------------
------------------------------------------
| rollout/                |              |
|    ep_len_mean          | 1.59e+03     |
|    ep_rew_mean          | 56.9         |
| time/                   |              |
|    fps                  | 1418         |
|    iterations           | 95           |
|    time_elapsed         | 137          |
|    total_timesteps      | 1013760      |
| train/                  |              |
|    approx_kl            | 0.0057404637 |
|    clip_fraction        | 0.06         |
|    clip_range           | 0.2          |
|    entropy_loss         | -2.31        |
|    explained_variance   | 0.719        |
|    learning_rate        | 0.0003       |
|    loss                 | 4.76         |
|    n_updates            | 2470         |
|    policy_gradient_loss | -0.00081     |
|    std                  | 0.767        |
|    value_loss           | 37.1         |
------------------------------------------
------------------------------------------
| rollout/                |              |
|    ep_len_mean          | 1.59e+03     |
|    ep_rew_mean          | 57.3         |
| time/                   |              |
|    fps                  | 1421         |
|    iterations           | 96           |
|    time_elapsed         | 138          |
|    total_timesteps      | 1015808      |
| train/                  |              |
|    approx_kl            | 0.0037873648 |
|    clip_fraction        | 0.0439       |
|    clip_range           | 0.2          |
|    entropy_loss         | -2.31        |
|    explained_variance   | 0.847        |
|    learning_rate        | 0.0003       |
|    loss                 | 1.6          |
|    n_updates            | 2475         |
|    policy_gradient_loss | -0.00174     |
|    std                  | 0.767        |
|    value_loss           | 6.45         |
------------------------------------------
-----------------------------------------
| rollout/                |             |
|    ep_len_mean          | 1.59e+03    |
|    ep_rew_mean          | 57.7        |
| time/                   |             |
|    fps                  | 1422        |
|    iterations           | 97          |
|    time_elapsed         | 139         |
|    total_timesteps      | 1017856     |
| train/                  |             |
|    approx_kl            | 0.010820449 |
|    clip_fraction        | 0.0631      |
|    clip_range           | 0.2         |
|    entropy_loss         | -2.31       |
|    explained_variance   | 0.675       |
|    learning_rate        | 0.0003      |
|    loss                 | 2.51        |
|    n_updates            | 2480        |
|    policy_gradient_loss | -0.00266    |
|    std                  | 0.767       |
|    value_loss           | 44.6        |
-----------------------------------------
-----------------------------------------
| rollout/                |             |
|    ep_len_mean          | 1.59e+03    |
|    ep_rew_mean          | 57.7        |
| time/                   |             |
|    fps                  | 1424        |
|    iterations           | 98          |
|    time_elapsed         | 140         |
|    total_timesteps      | 1019904     |
| train/                  |             |
|    approx_kl            | 0.004983142 |
|    clip_fraction        | 0.0449      |
|    clip_range           | 0.2         |
|    entropy_loss         | -2.31       |
|    explained_variance   | 0.704       |
|    learning_rate        | 0.0003      |
|    loss                 | 0.321       |
|    n_updates            | 2485        |
|    policy_gradient_loss | -0.00113    |
|    std                  | 0.765       |
|    value_loss           | 9.54        |
-----------------------------------------
-----------------------------------------
| rollout/                |             |
|    ep_len_mean          | 1.59e+03    |
|    ep_rew_mean          | 57.8        |
| time/                   |             |
|    fps                  | 1425        |
|    iterations           | 99          |
|    time_elapsed         | 142         |
|    total_timesteps      | 1021952     |
| train/                  |             |
|    approx_kl            | 0.055707134 |
|    clip_fraction        | 0.236       |
|    clip_range           | 0.2         |
|    entropy_loss         | -2.3        |
|    explained_variance   | 0.708       |
|    learning_rate        | 0.0003      |
|    loss                 | 2.58        |
|    n_updates            | 2490        |
|    policy_gradient_loss | 0.0125      |
|    std                  | 0.765       |
|    value_loss           | 34.5        |
-----------------------------------------
-----------------------------------------
| rollout/                |             |
|    ep_len_mean          | 1.6e+03     |
|    ep_rew_mean          | 56.5        |
| time/                   |             |
|    fps                  | 1427        |
|    iterations           | 100         |
|    time_elapsed         | 143         |
|    total_timesteps      | 1024000     |
| train/                  |             |
|    approx_kl            | 0.009486301 |
|    clip_fraction        | 0.0547      |
|    clip_range           | 0.2         |
|    entropy_loss         | -2.3        |
|    explained_variance   | 0.769       |
|    learning_rate        | 0.0003      |
|    loss                 | 2.62        |
|    n_updates            | 2495        |
|    policy_gradient_loss | -0.000847   |
|    std                  | 0.766       |
|    value_loss           | 15.6        |
-----------------------------------------

CP5 held-out: 31/50 hits (62.0%), mean miss 5.5 m, mean reward 77.00
STOP CONDITION: no joint improvement -- review gate before continuing.
CP6: evasive lineage | max_time=45s t_go_max=10s | tracking=True | obs=12-D | miss_tanh_scale=3000m shaping_gamma=1 effort_weight=5 -> out=outputs/evasive_zemtgo10_seed2
---------------------------------
| rollout/           |          |
|    ep_len_mean     | 1.6e+03  |
|    ep_rew_mean     | 56.5     |
| time/              |          |
|    fps             | 4872     |
|    iterations      | 1        |
|    time_elapsed    | 0        |
|    total_timesteps | 1026048  |
---------------------------------
-----------------------------------------
| rollout/                |             |
|    ep_len_mean          | 1.6e+03     |
|    ep_rew_mean          | 56.5        |
| time/                   |             |
|    fps                  | 1780        |
|    iterations           | 2           |
|    time_elapsed         | 2           |
|    total_timesteps      | 1028096     |
| train/                  |             |
|    approx_kl            | 0.025659353 |
|    clip_fraction        | 0.199       |
|    clip_range           | 0.2         |
|    entropy_loss         | -2.3        |
|    explained_variance   | 0.772       |
|    learning_rate        | 0.0003      |
|    loss                 | 1.45        |
|    n_updates            | 2505        |
|    policy_gradient_loss | 0.00737     |
|    std                  | 0.765       |
|    value_loss           | 7.36        |
-----------------------------------------
-----------------------------------------
| rollout/                |             |
|    ep_len_mean          | 1.59e+03    |
|    ep_rew_mean          | 57.7        |
| time/                   |             |
|    fps                  | 1702        |
|    iterations           | 3           |
|    time_elapsed         | 3           |
|    total_timesteps      | 1030144     |
| train/                  |             |
|    approx_kl            | 0.009341197 |
|    clip_fraction        | 0.0647      |
|    clip_range           | 0.2         |
|    entropy_loss         | -2.3        |
|    explained_variance   | 0.554       |
|    learning_rate        | 0.0003      |
|    loss                 | 0.838       |
|    n_updates            | 2510        |
|    policy_gradient_loss | -0.00178    |
|    std                  | 0.765       |
|    value_loss           | 13.2        |
-----------------------------------------
-----------------------------------------
| rollout/                |             |
|    ep_len_mean          | 1.59e+03    |
|    ep_rew_mean          | 57.8        |
| time/                   |             |
|    fps                  | 1627        |
|    iterations           | 4           |
|    time_elapsed         | 5           |
|    total_timesteps      | 1032192     |
| train/                  |             |
|    approx_kl            | 0.017382989 |
|    clip_fraction        | 0.182       |
|    clip_range           | 0.2         |
|    entropy_loss         | -2.3        |
|    explained_variance   | 0.286       |
|    learning_rate        | 0.0003      |
|    loss                 | 4.07        |
|    n_updates            | 2515        |
|    policy_gradient_loss | 0.0132      |
|    std                  | 0.763       |
|    value_loss           | 54.6        |
-----------------------------------------
------------------------------------------
| rollout/                |              |
|    ep_len_mean          | 1.59e+03     |
|    ep_rew_mean          | 57.6         |
| time/                   |              |
|    fps                  | 1593         |
|    iterations           | 5            |
|    time_elapsed         | 6            |
|    total_timesteps      | 1034240      |
| train/                  |              |
|    approx_kl            | 0.0045485008 |
|    clip_fraction        | 0.0341       |
|    clip_range           | 0.2          |
|    entropy_loss         | -2.3         |
|    explained_variance   | 0.884        |
|    learning_rate        | 0.0003       |
|    loss                 | 0.483        |
|    n_updates            | 2520         |
|    policy_gradient_loss | -0.00298     |
|    std                  | 0.764        |
|    value_loss           | 7.61         |
------------------------------------------
----------------------------------------
| rollout/                |            |
|    ep_len_mean          | 1.56e+03   |
|    ep_rew_mean          | 60         |
| time/                   |            |
|    fps                  | 1546       |
|    iterations           | 6          |
|    time_elapsed         | 7          |
|    total_timesteps      | 1036288    |
| train/                  |            |
|    approx_kl            | 0.01694648 |
|    clip_fraction        | 0.105      |
|    clip_range           | 0.2        |
|    entropy_loss         | -2.3       |
|    explained_variance   | 0.723      |
|    learning_rate        | 0.0003     |
|    loss                 | 1.35       |
|    n_updates            | 2525       |
|    policy_gradient_loss | 0.00438    |
|    std                  | 0.764      |
|    value_loss           | 17.6       |
----------------------------------------
-----------------------------------------
| rollout/                |             |
|    ep_len_mean          | 1.57e+03    |
|    ep_rew_mean          | 58.6        |
| time/                   |             |
|    fps                  | 1521        |
|    iterations           | 7           |
|    time_elapsed         | 9           |
|    total_timesteps      | 1038336     |
| train/                  |             |
|    approx_kl            | 0.008768407 |
|    clip_fraction        | 0.109       |
|    clip_range           | 0.2         |
|    entropy_loss         | -2.3        |
|    explained_variance   | 0.235       |
|    learning_rate        | 0.0003      |
|    loss                 | 4.61        |
|    n_updates            | 2530        |
|    policy_gradient_loss | -0.000816   |
|    std                  | 0.763       |
|    value_loss           | 97.6        |
-----------------------------------------
-----------------------------------------
| rollout/                |             |
|    ep_len_mean          | 1.55e+03    |
|    ep_rew_mean          | 60.1        |
| time/                   |             |
|    fps                  | 1519        |
|    iterations           | 8           |
|    time_elapsed         | 10          |
|    total_timesteps      | 1040384     |
| train/                  |             |
|    approx_kl            | 0.006173956 |
|    clip_fraction        | 0.0491      |
|    clip_range           | 0.2         |
|    entropy_loss         | -2.3        |
|    explained_variance   | 0.679       |
|    learning_rate        | 0.0003      |
|    loss                 | 4.52        |
|    n_updates            | 2535        |
|    policy_gradient_loss | -0.00386    |
|    std                  | 0.763       |
|    value_loss           | 12.3        |
-----------------------------------------
------------------------------------------
| rollout/                |              |
|    ep_len_mean          | 1.54e+03     |
|    ep_rew_mean          | 61.5         |
| time/                   |              |
|    fps                  | 1478         |
|    iterations           | 9            |
|    time_elapsed         | 12           |
|    total_timesteps      | 1042432      |
| train/                  |              |
|    approx_kl            | 0.0043567093 |
|    clip_fraction        | 0.06         |
|    clip_range           | 0.2          |
|    entropy_loss         | -2.3         |
|    explained_variance   | 0.309        |
|    learning_rate        | 0.0003       |
|    loss                 | 2.83         |
|    n_updates            | 2540         |
|    policy_gradient_loss | 0.000984     |
|    std                  | 0.763        |
|    value_loss           | 91.3         |
------------------------------------------
------------------------------------------
| rollout/                |              |
|    ep_len_mean          | 1.54e+03     |
|    ep_rew_mean          | 61.5         |
| time/                   |              |
|    fps                  | 1481         |
|    iterations           | 10           |
|    time_elapsed         | 13           |
|    total_timesteps      | 1044480      |
| train/                  |              |
|    approx_kl            | 0.0139341485 |
|    clip_fraction        | 0.164        |
|    clip_range           | 0.2          |
|    entropy_loss         | -2.3         |
|    explained_variance   | 0.418        |
|    learning_rate        | 0.0003       |
|    loss                 | 1.38         |
|    n_updates            | 2545         |
|    policy_gradient_loss | 0.000791     |
|    std                  | 0.763        |
|    value_loss           | 46.3         |
------------------------------------------
-----------------------------------------
| rollout/                |             |
|    ep_len_mean          | 1.53e+03    |
|    ep_rew_mean          | 62.6        |
| time/                   |             |
|    fps                  | 1492        |
|    iterations           | 11          |
|    time_elapsed         | 15          |
|    total_timesteps      | 1046528     |
| train/                  |             |
|    approx_kl            | 0.027973343 |
|    clip_fraction        | 0.238       |
|    clip_range           | 0.2         |
|    entropy_loss         | -2.3        |
|    explained_variance   | 0.702       |
|    learning_rate        | 0.0003      |
|    loss                 | 0.99        |
|    n_updates            | 2550        |
|    policy_gradient_loss | 0.00263     |
|    std                  | 0.762       |
|    value_loss           | 8.16        |
-----------------------------------------
-----------------------------------------
| rollout/                |             |
|    ep_len_mean          | 1.53e+03    |
|    ep_rew_mean          | 62.7        |
| time/                   |             |
|    fps                  | 1480        |
|    iterations           | 12          |
|    time_elapsed         | 16          |
|    total_timesteps      | 1048576     |
| train/                  |             |
|    approx_kl            | 0.007225048 |
|    clip_fraction        | 0.0889      |
|    clip_range           | 0.2         |
|    entropy_loss         | -2.29       |
|    explained_variance   | 0.107       |
|    learning_rate        | 0.0003      |
|    loss                 | 6.92        |
|    n_updates            | 2555        |
|    policy_gradient_loss | 0.00123     |
|    std                  | 0.761       |
|    value_loss           | 96.3        |
-----------------------------------------
-----------------------------------------
| rollout/                |             |
|    ep_len_mean          | 1.53e+03    |
|    ep_rew_mean          | 62.7        |
| time/                   |             |
|    fps                  | 1482        |
|    iterations           | 13          |
|    time_elapsed         | 17          |
|    total_timesteps      | 1050624     |
| train/                  |             |
|    approx_kl            | 0.015908582 |
|    clip_fraction        | 0.0857      |
|    clip_range           | 0.2         |
|    entropy_loss         | -2.29       |
|    explained_variance   | 0.664       |
|    learning_rate        | 0.0003      |
|    loss                 | 35.2        |
|    n_updates            | 2560        |
|    policy_gradient_loss | 0.00067     |
|    std                  | 0.759       |
|    value_loss           | 26          |
-----------------------------------------
-----------------------------------------
| rollout/                |             |
|    ep_len_mean          | 1.51e+03    |
|    ep_rew_mean          | 64.1        |
| time/                   |             |
|    fps                  | 1481        |
|    iterations           | 14          |
|    time_elapsed         | 19          |
|    total_timesteps      | 1052672     |
| train/                  |             |
|    approx_kl            | 0.012647812 |
|    clip_fraction        | 0.104       |
|    clip_range           | 0.2         |
|    entropy_loss         | -2.28       |
|    explained_variance   | 0.824       |
|    learning_rate        | 0.0003      |
|    loss                 | 0.197       |
|    n_updates            | 2565        |
|    policy_gradient_loss | 0.000809    |
|    std                  | 0.756       |
|    value_loss           | 5.03        |
-----------------------------------------
-----------------------------------------
| rollout/                |             |
|    ep_len_mean          | 1.52e+03    |
|    ep_rew_mean          | 62.7        |
| time/                   |             |
|    fps                  | 1478        |
|    iterations           | 15          |
|    time_elapsed         | 20          |
|    total_timesteps      | 1054720     |
| train/                  |             |
|    approx_kl            | 0.011218876 |
|    clip_fraction        | 0.127       |
|    clip_range           | 0.2         |
|    entropy_loss         | -2.28       |
|    explained_variance   | 0.467       |
|    learning_rate        | 0.0003      |
|    loss                 | 0.793       |
|    n_updates            | 2570        |
|    policy_gradient_loss | 0.0049      |
|    std                  | 0.755       |
|    value_loss           | 43.2        |
-----------------------------------------
-----------------------------------------
| rollout/                |             |
|    ep_len_mean          | 1.52e+03    |
|    ep_rew_mean          | 62.6        |
| time/                   |             |
|    fps                  | 1475        |
|    iterations           | 16          |
|    time_elapsed         | 22          |
|    total_timesteps      | 1056768     |
| train/                  |             |
|    approx_kl            | 0.018704316 |
|    clip_fraction        | 0.122       |
|    clip_range           | 0.2         |
|    entropy_loss         | -2.28       |
|    explained_variance   | 0.831       |
|    learning_rate        | 0.0003      |
|    loss                 | 1.57        |
|    n_updates            | 2575        |
|    policy_gradient_loss | 0.00138     |
|    std                  | 0.755       |
|    value_loss           | 5.66        |
-----------------------------------------
-----------------------------------------
| rollout/                |             |
|    ep_len_mean          | 1.5e+03     |
|    ep_rew_mean          | 64.2        |
| time/                   |             |
|    fps                  | 1477        |
|    iterations           | 17          |
|    time_elapsed         | 23          |
|    total_timesteps      | 1058816     |
| train/                  |             |
|    approx_kl            | 0.015016838 |
|    clip_fraction        | 0.261       |
|    clip_range           | 0.2         |
|    entropy_loss         | -2.27       |
|    explained_variance   | 0.445       |
|    learning_rate        | 0.0003      |
|    loss                 | 1.51        |
|    n_updates            | 2580        |
|    policy_gradient_loss | 0.0152      |
|    std                  | 0.755       |
|    value_loss           | 50          |
-----------------------------------------
-----------------------------------------
| rollout/                |             |
|    ep_len_mean          | 1.5e+03     |
|    ep_rew_mean          | 64.3        |
| time/                   |             |
|    fps                  | 1479        |
|    iterations           | 18          |
|    time_elapsed         | 24          |
|    total_timesteps      | 1060864     |
| train/                  |             |
|    approx_kl            | 0.018917209 |
|    clip_fraction        | 0.114       |
|    clip_range           | 0.2         |
|    entropy_loss         | -2.27       |
|    explained_variance   | 0.417       |
|    learning_rate        | 0.0003      |
|    loss                 | 1.03        |
|    n_updates            | 2585        |
|    policy_gradient_loss | -0.000143   |
|    std                  | 0.755       |
|    value_loss           | 42.8        |
-----------------------------------------
-----------------------------------------
| rollout/                |             |
|    ep_len_mean          | 1.49e+03    |
|    ep_rew_mean          | 65.7        |
| time/                   |             |
|    fps                  | 1481        |
|    iterations           | 19          |
|    time_elapsed         | 26          |
|    total_timesteps      | 1062912     |
| train/                  |             |
|    approx_kl            | 0.008021806 |
|    clip_fraction        | 0.0521      |
|    clip_range           | 0.2         |
|    entropy_loss         | -2.27       |
|    explained_variance   | 0.851       |
|    learning_rate        | 0.0003      |
|    loss                 | 25.7        |
|    n_updates            | 2590        |
|    policy_gradient_loss | 0.000183    |
|    std                  | 0.753       |
|    value_loss           | 11.5        |
-----------------------------------------
------------------------------------------
| rollout/                |              |
|    ep_len_mean          | 1.51e+03     |
|    ep_rew_mean          | 63.2         |
| time/                   |              |
|    fps                  | 1484         |
|    iterations           | 20           |
|    time_elapsed         | 27           |
|    total_timesteps      | 1064960      |
| train/                  |              |
|    approx_kl            | 0.0060542654 |
|    clip_fraction        | 0.145        |
|    clip_range           | 0.2          |
|    entropy_loss         | -2.27        |
|    explained_variance   | 0.621        |
|    learning_rate        | 0.0003       |
|    loss                 | 78           |
|    n_updates            | 2595         |
|    policy_gradient_loss | -6.84e-05    |
|    std                  | 0.751        |
|    value_loss           | 39.4         |
------------------------------------------
-----------------------------------------
| rollout/                |             |
|    ep_len_mean          | 1.5e+03     |
|    ep_rew_mean          | 64.5        |
| time/                   |             |
|    fps                  | 1471        |
|    iterations           | 21          |
|    time_elapsed         | 29          |
|    total_timesteps      | 1067008     |
| train/                  |             |
|    approx_kl            | 0.008995542 |
|    clip_fraction        | 0.0733      |
|    clip_range           | 0.2         |
|    entropy_loss         | -2.26       |
|    explained_variance   | 0.0737      |
|    learning_rate        | 0.0003      |
|    loss                 | 1.8         |
|    n_updates            | 2600        |
|    policy_gradient_loss | -0.002      |
|    std                  | 0.749       |
|    value_loss           | 80.6        |
-----------------------------------------
------------------------------------------
| rollout/                |              |
|    ep_len_mean          | 1.5e+03      |
|    ep_rew_mean          | 64.5         |
| time/                   |              |
|    fps                  | 1474         |
|    iterations           | 22           |
|    time_elapsed         | 30           |
|    total_timesteps      | 1069056      |
| train/                  |              |
|    approx_kl            | 0.0073204245 |
|    clip_fraction        | 0.0292       |
|    clip_range           | 0.2          |
|    entropy_loss         | -2.26        |
|    explained_variance   | 0.421        |
|    learning_rate        | 0.0003       |
|    loss                 | 2.21         |
|    n_updates            | 2605         |
|    policy_gradient_loss | -0.00275     |
|    std                  | 0.75         |
|    value_loss           | 31.5         |
------------------------------------------
------------------------------------------
| rollout/                |              |
|    ep_len_mean          | 1.5e+03      |
|    ep_rew_mean          | 64.5         |
| time/                   |              |
|    fps                  | 1473         |
|    iterations           | 23           |
|    time_elapsed         | 31           |
|    total_timesteps      | 1071104      |
| train/                  |              |
|    approx_kl            | 0.0035671026 |
|    clip_fraction        | 0.0192       |
|    clip_range           | 0.2          |
|    entropy_loss         | -2.26        |
|    explained_variance   | 0.609        |
|    learning_rate        | 0.0003       |
|    loss                 | 36.3         |
|    n_updates            | 2610         |
|    policy_gradient_loss | -0.000608    |
|    std                  | 0.748        |
|    value_loss           | 57.9         |
------------------------------------------
------------------------------------------
| rollout/                |              |
|    ep_len_mean          | 1.49e+03     |
|    ep_rew_mean          | 67.6         |
| time/                   |              |
|    fps                  | 1480         |
|    iterations           | 24           |
|    time_elapsed         | 33           |
|    total_timesteps      | 1073152      |
| train/                  |              |
|    approx_kl            | 0.0089208335 |
|    clip_fraction        | 0.0777       |
|    clip_range           | 0.2          |
|    entropy_loss         | -2.26        |
|    explained_variance   | 0.824        |
|    learning_rate        | 0.0003       |
|    loss                 | 0.74         |
|    n_updates            | 2615         |
|    policy_gradient_loss | -0.00336     |
|    std                  | 0.747        |
|    value_loss           | 2.39         |
------------------------------------------
------------------------------------------
| rollout/                |              |
|    ep_len_mean          | 1.49e+03     |
|    ep_rew_mean          | 67.6         |
| time/                   |              |
|    fps                  | 1474         |
|    iterations           | 25           |
|    time_elapsed         | 34           |
|    total_timesteps      | 1075200      |
| train/                  |              |
|    approx_kl            | 0.0106914835 |
|    clip_fraction        | 0.0637       |
|    clip_range           | 0.2          |
|    entropy_loss         | -2.25        |
|    explained_variance   | 0.272        |
|    learning_rate        | 0.0003       |
|    loss                 | 6.56         |
|    n_updates            | 2620         |
|    policy_gradient_loss | -0.0047      |
|    std                  | 0.747        |
|    value_loss           | 69.4         |
------------------------------------------
------------------------------------------
| rollout/                |              |
|    ep_len_mean          | 1.49e+03     |
|    ep_rew_mean          | 67.6         |
| time/                   |              |
|    fps                  | 1476         |
|    iterations           | 26           |
|    time_elapsed         | 36           |
|    total_timesteps      | 1077248      |
| train/                  |              |
|    approx_kl            | 0.0060311817 |
|    clip_fraction        | 0.0449       |
|    clip_range           | 0.2          |
|    entropy_loss         | -2.25        |
|    explained_variance   | 0.51         |
|    learning_rate        | 0.0003       |
|    loss                 | 0.586        |
|    n_updates            | 2625         |
|    policy_gradient_loss | -0.00245     |
|    std                  | 0.746        |
|    value_loss           | 57           |
------------------------------------------
-----------------------------------------
| rollout/                |             |
|    ep_len_mean          | 1.48e+03    |
|    ep_rew_mean          | 69          |
| time/                   |             |
|    fps                  | 1477        |
|    iterations           | 27          |
|    time_elapsed         | 37          |
|    total_timesteps      | 1079296     |
| train/                  |             |
|    approx_kl            | 0.004844075 |
|    clip_fraction        | 0.0411      |
|    clip_range           | 0.2         |
|    entropy_loss         | -2.25       |
|    explained_variance   | 0.945       |
|    learning_rate        | 0.0003      |
|    loss                 | 0.913       |
|    n_updates            | 2630        |
|    policy_gradient_loss | -0.0022     |
|    std                  | 0.745       |
|    value_loss           | 3.62        |
-----------------------------------------
------------------------------------------
| rollout/                |              |
|    ep_len_mean          | 1.48e+03     |
|    ep_rew_mean          | 68.9         |
| time/                   |              |
|    fps                  | 1475         |
|    iterations           | 28           |
|    time_elapsed         | 38           |
|    total_timesteps      | 1081344      |
| train/                  |              |
|    approx_kl            | 0.0038271095 |
|    clip_fraction        | 0.0312       |
|    clip_range           | 0.2          |
|    entropy_loss         | -2.25        |
|    explained_variance   | 0.646        |
|    learning_rate        | 0.0003       |
|    loss                 | 3.24         |
|    n_updates            | 2635         |
|    policy_gradient_loss | -0.00237     |
|    std                  | 0.745        |
|    value_loss           | 37.8         |
------------------------------------------
-----------------------------------------
| rollout/                |             |
|    ep_len_mean          | 1.49e+03    |
|    ep_rew_mean          | 67.6        |
| time/                   |             |
|    fps                  | 1470        |
|    iterations           | 29          |
|    time_elapsed         | 40          |
|    total_timesteps      | 1083392     |
| train/                  |             |
|    approx_kl            | 0.002542616 |
|    clip_fraction        | 0.00586     |
|    clip_range           | 0.2         |
|    entropy_loss         | -2.25       |
|    explained_variance   | 0.821       |
|    learning_rate        | 0.0003      |
|    loss                 | 0.629       |
|    n_updates            | 2640        |
|    policy_gradient_loss | -0.000624   |
|    std                  | 0.746       |
|    value_loss           | 17.8        |
-----------------------------------------
------------------------------------------
| rollout/                |              |
|    ep_len_mean          | 1.48e+03     |
|    ep_rew_mean          | 68.8         |
| time/                   |              |
|    fps                  | 1467         |
|    iterations           | 30           |
|    time_elapsed         | 41           |
|    total_timesteps      | 1085440      |
| train/                  |              |
|    approx_kl            | 0.0019047989 |
|    clip_fraction        | 0.0249       |
|    clip_range           | 0.2          |
|    entropy_loss         | -2.25        |
|    explained_variance   | 0.427        |
|    learning_rate        | 0.0003       |
|    loss                 | 3.49         |
|    n_updates            | 2645         |
|    policy_gradient_loss | -0.000334    |
|    std                  | 0.746        |
|    value_loss           | 41.5         |
------------------------------------------
-----------------------------------------
| rollout/                |             |
|    ep_len_mean          | 1.48e+03    |
|    ep_rew_mean          | 68.8        |
| time/                   |             |
|    fps                  | 1462        |
|    iterations           | 31          |
|    time_elapsed         | 43          |
|    total_timesteps      | 1087488     |
| train/                  |             |
|    approx_kl            | 0.004992459 |
|    clip_fraction        | 0.0231      |
|    clip_range           | 0.2         |
|    entropy_loss         | -2.25       |
|    explained_variance   | 0.56        |
|    learning_rate        | 0.0003      |
|    loss                 | 2.46        |
|    n_updates            | 2650        |
|    policy_gradient_loss | -0.00218    |
|    std                  | 0.745       |
|    value_loss           | 30.2        |
-----------------------------------------
-----------------------------------------
| rollout/                |             |
|    ep_len_mean          | 1.48e+03    |
|    ep_rew_mean          | 68.9        |
| time/                   |             |
|    fps                  | 1463        |
|    iterations           | 32          |
|    time_elapsed         | 44          |
|    total_timesteps      | 1089536     |
| train/                  |             |
|    approx_kl            | 0.008575926 |
|    clip_fraction        | 0.195       |
|    clip_range           | 0.2         |
|    entropy_loss         | -2.25       |
|    explained_variance   | 0.643       |
|    learning_rate        | 0.0003      |
|    loss                 | 14.6        |
|    n_updates            | 2655        |
|    policy_gradient_loss | 0.0125      |
|    std                  | 0.745       |
|    value_loss           | 17.3        |
-----------------------------------------
-----------------------------------------
| rollout/                |             |
|    ep_len_mean          | 1.45e+03    |
|    ep_rew_mean          | 71.5        |
| time/                   |             |
|    fps                  | 1407        |
|    iterations           | 33          |
|    time_elapsed         | 48          |
|    total_timesteps      | 1091584     |
| train/                  |             |
|    approx_kl            | 0.007050178 |
|    clip_fraction        | 0.0502      |
|    clip_range           | 0.2         |
|    entropy_loss         | -2.25       |
|    explained_variance   | 0.569       |
|    learning_rate        | 0.0003      |
|    loss                 | 11.9        |
|    n_updates            | 2660        |
|    policy_gradient_loss | -0.000997   |
|    std                  | 0.745       |
|    value_loss           | 45.2        |
-----------------------------------------
-----------------------------------------
| rollout/                |             |
|    ep_len_mean          | 1.47e+03    |
|    ep_rew_mean          | 70.5        |
| time/                   |             |
|    fps                  | 1351        |
|    iterations           | 34          |
|    time_elapsed         | 51          |
|    total_timesteps      | 1093632     |
| train/                  |             |
|    approx_kl            | 0.008744253 |
|    clip_fraction        | 0.108       |
|    clip_range           | 0.2         |
|    entropy_loss         | -2.25       |
|    explained_variance   | 0.663       |
|    learning_rate        | 0.0003      |
|    loss                 | 31.8        |
|    n_updates            | 2665        |
|    policy_gradient_loss | -0.00127    |
|    std                  | 0.747       |
|    value_loss           | 54.3        |
-----------------------------------------
---------------------------------------
| rollout/                |           |
|    ep_len_mean          | 1.47e+03  |
|    ep_rew_mean          | 70.5      |
| time/                   |           |
|    fps                  | 1295      |
|    iterations           | 35        |
|    time_elapsed         | 55        |
|    total_timesteps      | 1095680   |
| train/                  |           |
|    approx_kl            | 0.0047517 |
|    clip_fraction        | 0.0399    |
|    clip_range           | 0.2       |
|    entropy_loss         | -2.25     |
|    explained_variance   | 0.689     |
|    learning_rate        | 0.0003    |
|    loss                 | 0.761     |
|    n_updates            | 2670      |
|    policy_gradient_loss | -0.000398 |
|    std                  | 0.747     |
|    value_loss           | 15.5      |
---------------------------------------
------------------------------------------
| rollout/                |              |
|    ep_len_mean          | 1.47e+03     |
|    ep_rew_mean          | 70.4         |
| time/                   |              |
|    fps                  | 1250         |
|    iterations           | 36           |
|    time_elapsed         | 58           |
|    total_timesteps      | 1097728      |
| train/                  |              |
|    approx_kl            | 0.0044561373 |
|    clip_fraction        | 0.0552       |
|    clip_range           | 0.2          |
|    entropy_loss         | -2.26        |
|    explained_variance   | 0.579        |
|    learning_rate        | 0.0003       |
|    loss                 | 3.12         |
|    n_updates            | 2675         |
|    policy_gradient_loss | 0.00228      |
|    std                  | 0.747        |
|    value_loss           | 24.3         |
------------------------------------------
------------------------------------------
| rollout/                |              |
|    ep_len_mean          | 1.47e+03     |
|    ep_rew_mean          | 70.4         |
| time/                   |              |
|    fps                  | 1213         |
|    iterations           | 37           |
|    time_elapsed         | 62           |
|    total_timesteps      | 1099776      |
| train/                  |              |
|    approx_kl            | 0.0048071695 |
|    clip_fraction        | 0.0428       |
|    clip_range           | 0.2          |
|    entropy_loss         | -2.25        |
|    explained_variance   | 0.091        |
|    learning_rate        | 0.0003       |
|    loss                 | 110          |
|    n_updates            | 2680         |
|    policy_gradient_loss | -0.00258     |
|    std                  | 0.747        |
|    value_loss           | 72.8         |
------------------------------------------
---------------------------------------
| rollout/                |           |
|    ep_len_mean          | 1.49e+03  |
|    ep_rew_mean          | 68.8      |
| time/                   |           |
|    fps                  | 1195      |
|    iterations           | 38        |
|    time_elapsed         | 65        |
|    total_timesteps      | 1101824   |
| train/                  |           |
|    approx_kl            | 0.0047273 |
|    clip_fraction        | 0.026     |
|    clip_range           | 0.2       |
|    entropy_loss         | -2.25     |
|    explained_variance   | 0.925     |
|    learning_rate        | 0.0003    |
|    loss                 | 0.333     |
|    n_updates            | 2685      |
|    policy_gradient_loss | -0.00257  |
|    std                  | 0.747     |
|    value_loss           | 9.2       |
---------------------------------------
-----------------------------------------
| rollout/                |             |
|    ep_len_mean          | 1.49e+03    |
|    ep_rew_mean          | 68.8        |
| time/                   |             |
|    fps                  | 1202        |
|    iterations           | 39          |
|    time_elapsed         | 66          |
|    total_timesteps      | 1103872     |
| train/                  |             |
|    approx_kl            | 0.006265233 |
|    clip_fraction        | 0.052       |
|    clip_range           | 0.2         |
|    entropy_loss         | -2.25       |
|    explained_variance   | 0.806       |
|    learning_rate        | 0.0003      |
|    loss                 | 0.289       |
|    n_updates            | 2690        |
|    policy_gradient_loss | -0.000784   |
|    std                  | 0.747       |
|    value_loss           | 17.2        |
-----------------------------------------
-----------------------------------------
| rollout/                |             |
|    ep_len_mean          | 1.49e+03    |
|    ep_rew_mean          | 69          |
| time/                   |             |
|    fps                  | 1210        |
|    iterations           | 40          |
|    time_elapsed         | 67          |
|    total_timesteps      | 1105920     |
| train/                  |             |
|    approx_kl            | 0.004887858 |
|    clip_fraction        | 0.0719      |
|    clip_range           | 0.2         |
|    entropy_loss         | -2.25       |
|    explained_variance   | 0.793       |
|    learning_rate        | 0.0003      |
|    loss                 | 3.66        |
|    n_updates            | 2695        |
|    policy_gradient_loss | -0.00319    |
|    std                  | 0.747       |
|    value_loss           | 11.9        |
-----------------------------------------
-----------------------------------------
| rollout/                |             |
|    ep_len_mean          | 1.49e+03    |
|    ep_rew_mean          | 69          |
| time/                   |             |
|    fps                  | 1213        |
|    iterations           | 41          |
|    time_elapsed         | 69          |
|    total_timesteps      | 1107968     |
| train/                  |             |
|    approx_kl            | 0.021422748 |
|    clip_fraction        | 0.0743      |
|    clip_range           | 0.2         |
|    entropy_loss         | -2.25       |
|    explained_variance   | 0.913       |
|    learning_rate        | 0.0003      |
|    loss                 | 0.642       |
|    n_updates            | 2700        |
|    policy_gradient_loss | -0.00191    |
|    std                  | 0.747       |
|    value_loss           | 7.67        |
-----------------------------------------
----------------------------------------
| rollout/                |            |
|    ep_len_mean          | 1.48e+03   |
|    ep_rew_mean          | 70.2       |
| time/                   |            |
|    fps                  | 1215       |
|    iterations           | 42         |
|    time_elapsed         | 70         |
|    total_timesteps      | 1110016    |
| train/                  |            |
|    approx_kl            | 0.01957918 |
|    clip_fraction        | 0.219      |
|    clip_range           | 0.2        |
|    entropy_loss         | -2.25      |
|    explained_variance   | -0.488     |
|    learning_rate        | 0.0003     |
|    loss                 | 0.0524     |
|    n_updates            | 2705       |
|    policy_gradient_loss | 0.00821    |
|    std                  | 0.746      |
|    value_loss           | 43.9       |
----------------------------------------
-----------------------------------------
| rollout/                |             |
|    ep_len_mean          | 1.48e+03    |
|    ep_rew_mean          | 70.1        |
| time/                   |             |
|    fps                  | 1186        |
|    iterations           | 43          |
|    time_elapsed         | 74          |
|    total_timesteps      | 1112064     |
| train/                  |             |
|    approx_kl            | 0.010432776 |
|    clip_fraction        | 0.11        |
|    clip_range           | 0.2         |
|    entropy_loss         | -2.25       |
|    explained_variance   | -0.417      |
|    learning_rate        | 0.0003      |
|    loss                 | 3.51        |
|    n_updates            | 2710        |
|    policy_gradient_loss | -0.00149    |
|    std                  | 0.746       |
|    value_loss           | 46.3        |
-----------------------------------------
-----------------------------------------
| rollout/                |             |
|    ep_len_mean          | 1.48e+03    |
|    ep_rew_mean          | 70.1        |
| time/                   |             |
|    fps                  | 1167        |
|    iterations           | 44          |
|    time_elapsed         | 77          |
|    total_timesteps      | 1114112     |
| train/                  |             |
|    approx_kl            | 0.014457336 |
|    clip_fraction        | 0.111       |
|    clip_range           | 0.2         |
|    entropy_loss         | -2.25       |
|    explained_variance   | 0.0587      |
|    learning_rate        | 0.0003      |
|    loss                 | 1.51        |
|    n_updates            | 2715        |
|    policy_gradient_loss | 0.00141     |
|    std                  | 0.746       |
|    value_loss           | 83.3        |
-----------------------------------------
---------------------------------------
| rollout/                |           |
|    ep_len_mean          | 1.47e+03  |
|    ep_rew_mean          | 71.5      |
| time/                   |           |
|    fps                  | 1147      |
|    iterations           | 45        |
|    time_elapsed         | 80        |
|    total_timesteps      | 1116160   |
| train/                  |           |
|    approx_kl            | 0.0047215 |
|    clip_fraction        | 0.0717    |
|    clip_range           | 0.2       |
|    entropy_loss         | -2.25     |
|    explained_variance   | 0.666     |
|    learning_rate        | 0.0003    |
|    loss                 | 0.84      |
|    n_updates            | 2720      |
|    policy_gradient_loss | -0.00241  |
|    std                  | 0.745     |
|    value_loss           | 39.8      |
---------------------------------------
------------------------------------------
| rollout/                |              |
|    ep_len_mean          | 1.5e+03      |
|    ep_rew_mean          | 68.8         |
| time/                   |              |
|    fps                  | 1127         |
|    iterations           | 46           |
|    time_elapsed         | 83           |
|    total_timesteps      | 1118208      |
| train/                  |              |
|    approx_kl            | 0.0064542317 |
|    clip_fraction        | 0.0461       |
|    clip_range           | 0.2          |
|    entropy_loss         | -2.25        |
|    explained_variance   | 0.216        |
|    learning_rate        | 0.0003       |
|    loss                 | 8.21         |
|    n_updates            | 2725         |
|    policy_gradient_loss | -0.00361     |
|    std                  | 0.744        |
|    value_loss           | 34.9         |
------------------------------------------
----------------------------------------
| rollout/                |            |
|    ep_len_mean          | 1.48e+03   |
|    ep_rew_mean          | 71.3       |
| time/                   |            |
|    fps                  | 1106       |
|    iterations           | 47         |
|    time_elapsed         | 86         |
|    total_timesteps      | 1120256    |
| train/                  |            |
|    approx_kl            | 0.00633555 |
|    clip_fraction        | 0.0409     |
|    clip_range           | 0.2        |
|    entropy_loss         | -2.25      |
|    explained_variance   | 0.424      |
|    learning_rate        | 0.0003     |
|    loss                 | 4.99       |
|    n_updates            | 2730       |
|    policy_gradient_loss | -0.00205   |
|    std                  | 0.745      |
|    value_loss           | 43.3       |
----------------------------------------
------------------------------------------
| rollout/                |              |
|    ep_len_mean          | 1.48e+03     |
|    ep_rew_mean          | 71.3         |
| time/                   |              |
|    fps                  | 1093         |
|    iterations           | 48           |
|    time_elapsed         | 89           |
|    total_timesteps      | 1122304      |
| train/                  |              |
|    approx_kl            | 0.0035006409 |
|    clip_fraction        | 0.0339       |
|    clip_range           | 0.2          |
|    entropy_loss         | -2.25        |
|    explained_variance   | 0.557        |
|    learning_rate        | 0.0003       |
|    loss                 | 2.08         |
|    n_updates            | 2735         |
|    policy_gradient_loss | -0.00321     |
|    std                  | 0.744        |
|    value_loss           | 56.1         |
------------------------------------------
-----------------------------------------
| rollout/                |             |
|    ep_len_mean          | 1.47e+03    |
|    ep_rew_mean          | 72.6        |
| time/                   |             |
|    fps                  | 1101        |
|    iterations           | 49          |
|    time_elapsed         | 91          |
|    total_timesteps      | 1124352     |
| train/                  |             |
|    approx_kl            | 0.009824603 |
|    clip_fraction        | 0.0653      |
|    clip_range           | 0.2         |
|    entropy_loss         | -2.25       |
|    explained_variance   | 0.774       |
|    learning_rate        | 0.0003      |
|    loss                 | 0.594       |
|    n_updates            | 2740        |
|    policy_gradient_loss | 0.000559    |
|    std                  | 0.744       |
|    value_loss           | 16.9        |
-----------------------------------------
-----------------------------------------
| rollout/                |             |
|    ep_len_mean          | 1.48e+03    |
|    ep_rew_mean          | 72.5        |
| time/                   |             |
|    fps                  | 1108        |
|    iterations           | 50          |
|    time_elapsed         | 92          |
|    total_timesteps      | 1126400     |
| train/                  |             |
|    approx_kl            | 0.005168208 |
|    clip_fraction        | 0.0431      |
|    clip_range           | 0.2         |
|    entropy_loss         | -2.25       |
|    explained_variance   | 0.594       |
|    learning_rate        | 0.0003      |
|    loss                 | 38          |
|    n_updates            | 2745        |
|    policy_gradient_loss | -0.00286    |
|    std                  | 0.745       |
|    value_loss           | 47.2        |
-----------------------------------------
-----------------------------------------
| rollout/                |             |
|    ep_len_mean          | 1.47e+03    |
|    ep_rew_mean          | 72.7        |
| time/                   |             |
|    fps                  | 1116        |
|    iterations           | 51          |
|    time_elapsed         | 93          |
|    total_timesteps      | 1128448     |
| train/                  |             |
|    approx_kl            | 0.008326322 |
|    clip_fraction        | 0.0558      |
|    clip_range           | 0.2         |
|    entropy_loss         | -2.25       |
|    explained_variance   | 0.512       |
|    learning_rate        | 0.0003      |
|    loss                 | 2.71        |
|    n_updates            | 2750        |
|    policy_gradient_loss | -0.0026     |
|    std                  | 0.744       |
|    value_loss           | 36.9        |
-----------------------------------------
------------------------------------------
| rollout/                |              |
|    ep_len_mean          | 1.49e+03     |
|    ep_rew_mean          | 71.2         |
| time/                   |              |
|    fps                  | 1122         |
|    iterations           | 52           |
|    time_elapsed         | 94           |
|    total_timesteps      | 1130496      |
| train/                  |              |
|    approx_kl            | 0.0065111825 |
|    clip_fraction        | 0.0494       |
|    clip_range           | 0.2          |
|    entropy_loss         | -2.24        |
|    explained_variance   | 0.701        |
|    learning_rate        | 0.0003       |
|    loss                 | 1.02         |
|    n_updates            | 2755         |
|    policy_gradient_loss | -0.0019      |
|    std                  | 0.742        |
|    value_loss           | 45.8         |
------------------------------------------
----------------------------------------
| rollout/                |            |
|    ep_len_mean          | 1.48e+03   |
|    ep_rew_mean          | 71.2       |
| time/                   |            |
|    fps                  | 1128       |
|    iterations           | 53         |
|    time_elapsed         | 96         |
|    total_timesteps      | 1132544    |
| train/                  |            |
|    approx_kl            | 0.01169722 |
|    clip_fraction        | 0.187      |
|    clip_range           | 0.2        |
|    entropy_loss         | -2.24      |
|    explained_variance   | 0.652      |
|    learning_rate        | 0.0003     |
|    loss                 | 3.08       |
|    n_updates            | 2760       |
|    policy_gradient_loss | 0.00261    |
|    std                  | 0.74       |
|    value_loss           | 12.6       |
----------------------------------------
-----------------------------------------
| rollout/                |             |
|    ep_len_mean          | 1.49e+03    |
|    ep_rew_mean          | 69.8        |
| time/                   |             |
|    fps                  | 1134        |
|    iterations           | 54          |
|    time_elapsed         | 97          |
|    total_timesteps      | 1134592     |
| train/                  |             |
|    approx_kl            | 0.017164562 |
|    clip_fraction        | 0.124       |
|    clip_range           | 0.2         |
|    entropy_loss         | -2.23       |
|    explained_variance   | 0.603       |
|    learning_rate        | 0.0003      |
|    loss                 | 6.22        |
|    n_updates            | 2765        |
|    policy_gradient_loss | 0.0054      |
|    std                  | 0.74        |
|    value_loss           | 50.1        |
-----------------------------------------
-----------------------------------------
| rollout/                |             |
|    ep_len_mean          | 1.49e+03    |
|    ep_rew_mean          | 69.8        |
| time/                   |             |
|    fps                  | 1139        |
|    iterations           | 55          |
|    time_elapsed         | 98          |
|    total_timesteps      | 1136640     |
| train/                  |             |
|    approx_kl            | 0.010104034 |
|    clip_fraction        | 0.0732      |
|    clip_range           | 0.2         |
|    entropy_loss         | -2.23       |
|    explained_variance   | 0.528       |
|    learning_rate        | 0.0003      |
|    loss                 | 5.39        |
|    n_updates            | 2770        |
|    policy_gradient_loss | 0.00168     |
|    std                  | 0.74        |
|    value_loss           | 13.6        |
-----------------------------------------
----------------------------------------
| rollout/                |            |
|    ep_len_mean          | 1.49e+03   |
|    ep_rew_mean          | 69.8       |
| time/                   |            |
|    fps                  | 1145       |
|    iterations           | 56         |
|    time_elapsed         | 100        |
|    total_timesteps      | 1138688    |
| train/                  |            |
|    approx_kl            | 0.03319874 |
|    clip_fraction        | 0.176      |
|    clip_range           | 0.2        |
|    entropy_loss         | -2.24      |
|    explained_variance   | 0.491      |
|    learning_rate        | 0.0003     |
|    loss                 | 1.73       |
|    n_updates            | 2775       |
|    policy_gradient_loss | 0.00712    |
|    std                  | 0.74       |
|    value_loss           | 32.5       |
----------------------------------------
----------------------------------------
| rollout/                |            |
|    ep_len_mean          | 1.49e+03   |
|    ep_rew_mean          | 69.8       |
| time/                   |            |
|    fps                  | 1150       |
|    iterations           | 57         |
|    time_elapsed         | 101        |
|    total_timesteps      | 1140736    |
| train/                  |            |
|    approx_kl            | 0.03321548 |
|    clip_fraction        | 0.233      |
|    clip_range           | 0.2        |
|    entropy_loss         | -2.24      |
|    explained_variance   | 0.383      |
|    learning_rate        | 0.0003     |
|    loss                 | 26.1       |
|    n_updates            | 2780       |
|    policy_gradient_loss | 0.0072     |
|    std                  | 0.74       |
|    value_loss           | 85.4       |
----------------------------------------
-----------------------------------------
| rollout/                |             |
|    ep_len_mean          | 1.45e+03    |
|    ep_rew_mean          | 74          |
| time/                   |             |
|    fps                  | 1155        |
|    iterations           | 58          |
|    time_elapsed         | 102         |
|    total_timesteps      | 1142784     |
| train/                  |             |
|    approx_kl            | 0.018569339 |
|    clip_fraction        | 0.111       |
|    clip_range           | 0.2         |
|    entropy_loss         | -2.23       |
|    explained_variance   | 0.514       |
|    learning_rate        | 0.0003      |
|    loss                 | 2.04        |
|    n_updates            | 2785        |
|    policy_gradient_loss | -0.000818   |
|    std                  | 0.738       |
|    value_loss           | 27.1        |
-----------------------------------------
-----------------------------------------
| rollout/                |             |
|    ep_len_mean          | 1.45e+03    |
|    ep_rew_mean          | 74.1        |
| time/                   |             |
|    fps                  | 1158        |
|    iterations           | 59          |
|    time_elapsed         | 104         |
|    total_timesteps      | 1144832     |
| train/                  |             |
|    approx_kl            | 0.014289778 |
|    clip_fraction        | 0.103       |
|    clip_range           | 0.2         |
|    entropy_loss         | -2.23       |
|    explained_variance   | 0.571       |
|    learning_rate        | 0.0003      |
|    loss                 | 2.5         |
|    n_updates            | 2790        |
|    policy_gradient_loss | -0.00162    |
|    std                  | 0.738       |
|    value_loss           | 71.1        |
-----------------------------------------
-----------------------------------------
| rollout/                |             |
|    ep_len_mean          | 1.45e+03    |
|    ep_rew_mean          | 74.1        |
| time/                   |             |
|    fps                  | 1163        |
|    iterations           | 60          |
|    time_elapsed         | 105         |
|    total_timesteps      | 1146880     |
| train/                  |             |
|    approx_kl            | 0.005113843 |
|    clip_fraction        | 0.101       |
|    clip_range           | 0.2         |
|    entropy_loss         | -2.23       |
|    explained_variance   | 0.564       |
|    learning_rate        | 0.0003      |
|    loss                 | 0.952       |
|    n_updates            | 2795        |
|    policy_gradient_loss | -0.000771   |
|    std                  | 0.736       |
|    value_loss           | 52.4        |
-----------------------------------------
----------------------------------------
| rollout/                |            |
|    ep_len_mean          | 1.45e+03   |
|    ep_rew_mean          | 74.1       |
| time/                   |            |
|    fps                  | 1169       |
|    iterations           | 61         |
|    time_elapsed         | 106        |
|    total_timesteps      | 1148928    |
| train/                  |            |
|    approx_kl            | 0.02370228 |
|    clip_fraction        | 0.164      |
|    clip_range           | 0.2        |
|    entropy_loss         | -2.22      |
|    explained_variance   | 0.8        |
|    learning_rate        | 0.0003     |
|    loss                 | 0.447      |
|    n_updates            | 2800       |
|    policy_gradient_loss | 0.0043     |
|    std                  | 0.737      |
|    value_loss           | 26.2       |
----------------------------------------
-----------------------------------------
| rollout/                |             |
|    ep_len_mean          | 1.47e+03    |
|    ep_rew_mean          | 72.5        |
| time/                   |             |
|    fps                  | 1174        |
|    iterations           | 62          |
|    time_elapsed         | 108         |
|    total_timesteps      | 1150976     |
| train/                  |             |
|    approx_kl            | 0.012274523 |
|    clip_fraction        | 0.118       |
|    clip_range           | 0.2         |
|    entropy_loss         | -2.23       |
|    explained_variance   | 0.705       |
|    learning_rate        | 0.0003      |
|    loss                 | 0.4         |
|    n_updates            | 2805        |
|    policy_gradient_loss | -0.0054     |
|    std                  | 0.737       |
|    value_loss           | 7.18        |
-----------------------------------------
-----------------------------------------
| rollout/                |             |
|    ep_len_mean          | 1.47e+03    |
|    ep_rew_mean          | 72.5        |
| time/                   |             |
|    fps                  | 1177        |
|    iterations           | 63          |
|    time_elapsed         | 109         |
|    total_timesteps      | 1153024     |
| train/                  |             |
|    approx_kl            | 0.009981485 |
|    clip_fraction        | 0.0814      |
|    clip_range           | 0.2         |
|    entropy_loss         | -2.23       |
|    explained_variance   | 0.53        |
|    learning_rate        | 0.0003      |
|    loss                 | 116         |
|    n_updates            | 2810        |
|    policy_gradient_loss | -0.00447    |
|    std                  | 0.737       |
|    value_loss           | 54          |
-----------------------------------------
-----------------------------------------
| rollout/                |             |
|    ep_len_mean          | 1.47e+03    |
|    ep_rew_mean          | 72.2        |
| time/                   |             |
|    fps                  | 1182        |
|    iterations           | 64          |
|    time_elapsed         | 110         |
|    total_timesteps      | 1155072     |
| train/                  |             |
|    approx_kl            | 0.013656421 |
|    clip_fraction        | 0.159       |
|    clip_range           | 0.2         |
|    entropy_loss         | -2.22       |
|    explained_variance   | 0.83        |
|    learning_rate        | 0.0003      |
|    loss                 | 3.01        |
|    n_updates            | 2815        |
|    policy_gradient_loss | -0.00329    |
|    std                  | 0.736       |
|    value_loss           | 5.83        |
-----------------------------------------
-----------------------------------------
| rollout/                |             |
|    ep_len_mean          | 1.47e+03    |
|    ep_rew_mean          | 72.2        |
| time/                   |             |
|    fps                  | 1186        |
|    iterations           | 65          |
|    time_elapsed         | 112         |
|    total_timesteps      | 1157120     |
| train/                  |             |
|    approx_kl            | 0.010831319 |
|    clip_fraction        | 0.101       |
|    clip_range           | 0.2         |
|    entropy_loss         | -2.22       |
|    explained_variance   | 0.545       |
|    learning_rate        | 0.0003      |
|    loss                 | 0.514       |
|    n_updates            | 2820        |
|    policy_gradient_loss | -0.00204    |
|    std                  | 0.735       |
|    value_loss           | 58.8        |
-----------------------------------------
----------------------------------------
| rollout/                |            |
|    ep_len_mean          | 1.47e+03   |
|    ep_rew_mean          | 72.1       |
| time/                   |            |
|    fps                  | 1191       |
|    iterations           | 66         |
|    time_elapsed         | 113        |
|    total_timesteps      | 1159168    |
| train/                  |            |
|    approx_kl            | 0.03765141 |
|    clip_fraction        | 0.265      |
|    clip_range           | 0.2        |
|    entropy_loss         | -2.22      |
|    explained_variance   | 0.696      |
|    learning_rate        | 0.0003     |
|    loss                 | 3.17       |
|    n_updates            | 2825       |
|    policy_gradient_loss | 0.0183     |
|    std                  | 0.734      |
|    value_loss           | 5.34       |
----------------------------------------
------------------------------------------
| rollout/                |              |
|    ep_len_mean          | 1.5e+03      |
|    ep_rew_mean          | 69.6         |
| time/                   |              |
|    fps                  | 1196         |
|    iterations           | 67           |
|    time_elapsed         | 114          |
|    total_timesteps      | 1161216      |
| train/                  |              |
|    approx_kl            | 0.0044776923 |
|    clip_fraction        | 0.0964       |
|    clip_range           | 0.2          |
|    entropy_loss         | -2.22        |
|    explained_variance   | 0.693        |
|    learning_rate        | 0.0003       |
|    loss                 | 2.48         |
|    n_updates            | 2830         |
|    policy_gradient_loss | 0.0047       |
|    std                  | 0.733        |
|    value_loss           | 35.5         |
------------------------------------------
-----------------------------------------
| rollout/                |             |
|    ep_len_mean          | 1.49e+03    |
|    ep_rew_mean          | 71.1        |
| time/                   |             |
|    fps                  | 1200        |
|    iterations           | 68          |
|    time_elapsed         | 115         |
|    total_timesteps      | 1163264     |
| train/                  |             |
|    approx_kl            | 0.015823865 |
|    clip_fraction        | 0.156       |
|    clip_range           | 0.2         |
|    entropy_loss         | -2.21       |
|    explained_variance   | 0.642       |
|    learning_rate        | 0.0003      |
|    loss                 | 1.78        |
|    n_updates            | 2835        |
|    policy_gradient_loss | 0.00664     |
|    std                  | 0.731       |
|    value_loss           | 19.5        |
-----------------------------------------
-----------------------------------------
| rollout/                |             |
|    ep_len_mean          | 1.48e+03    |
|    ep_rew_mean          | 71.5        |
| time/                   |             |
|    fps                  | 1203        |
|    iterations           | 69          |
|    time_elapsed         | 117         |
|    total_timesteps      | 1165312     |
| train/                  |             |
|    approx_kl            | 0.029364508 |
|    clip_fraction        | 0.154       |
|    clip_range           | 0.2         |
|    entropy_loss         | -2.2        |
|    explained_variance   | 0.263       |
|    learning_rate        | 0.0003      |
|    loss                 | 0.828       |
|    n_updates            | 2840        |
|    policy_gradient_loss | 0.00339     |
|    std                  | 0.727       |
|    value_loss           | 38.3        |
-----------------------------------------
-----------------------------------------
| rollout/                |             |
|    ep_len_mean          | 1.48e+03    |
|    ep_rew_mean          | 71.5        |
| time/                   |             |
|    fps                  | 1207        |
|    iterations           | 70          |
|    time_elapsed         | 118         |
|    total_timesteps      | 1167360     |
| train/                  |             |
|    approx_kl            | 0.020863261 |
|    clip_fraction        | 0.272       |
|    clip_range           | 0.2         |
|    entropy_loss         | -2.2        |
|    explained_variance   | 0.362       |
|    learning_rate        | 0.0003      |
|    loss                 | 138         |
|    n_updates            | 2845        |
|    policy_gradient_loss | 0.0108      |
|    std                  | 0.726       |
|    value_loss           | 78.9        |
-----------------------------------------
-----------------------------------------
| rollout/                |             |
|    ep_len_mean          | 1.48e+03    |
|    ep_rew_mean          | 72.4        |
| time/                   |             |
|    fps                  | 1211        |
|    iterations           | 71          |
|    time_elapsed         | 120         |
|    total_timesteps      | 1169408     |
| train/                  |             |
|    approx_kl            | 0.015211329 |
|    clip_fraction        | 0.168       |
|    clip_range           | 0.2         |
|    entropy_loss         | -2.2        |
|    explained_variance   | 0.712       |
|    learning_rate        | 0.0003      |
|    loss                 | 1.44        |
|    n_updates            | 2850        |
|    policy_gradient_loss | 0.00105     |
|    std                  | 0.726       |
|    value_loss           | 18.3        |
-----------------------------------------
-----------------------------------------
| rollout/                |             |
|    ep_len_mean          | 1.48e+03    |
|    ep_rew_mean          | 72.4        |
| time/                   |             |
|    fps                  | 1213        |
|    iterations           | 72          |
|    time_elapsed         | 121         |
|    total_timesteps      | 1171456     |
| train/                  |             |
|    approx_kl            | 0.005564552 |
|    clip_fraction        | 0.0503      |
|    clip_range           | 0.2         |
|    entropy_loss         | -2.19       |
|    explained_variance   | 0.0236      |
|    learning_rate        | 0.0003      |
|    loss                 | 1.19        |
|    n_updates            | 2855        |
|    policy_gradient_loss | -0.00124    |
|    std                  | 0.725       |
|    value_loss           | 52.6        |
-----------------------------------------
----------------------------------------
| rollout/                |            |
|    ep_len_mean          | 1.47e+03   |
|    ep_rew_mean          | 72.1       |
| time/                   |            |
|    fps                  | 1218       |
|    iterations           | 73         |
|    time_elapsed         | 122        |
|    total_timesteps      | 1173504    |
| train/                  |            |
|    approx_kl            | 0.00534112 |
|    clip_fraction        | 0.0572     |
|    clip_range           | 0.2        |
|    entropy_loss         | -2.19      |
|    explained_variance   | 0.927      |
|    learning_rate        | 0.0003     |
|    loss                 | 0.99       |
|    n_updates            | 2860       |
|    policy_gradient_loss | -0.00189   |
|    std                  | 0.724      |
|    value_loss           | 4.04       |
----------------------------------------
-----------------------------------------
| rollout/                |             |
|    ep_len_mean          | 1.46e+03    |
|    ep_rew_mean          | 73.4        |
| time/                   |             |
|    fps                  | 1220        |
|    iterations           | 74          |
|    time_elapsed         | 124         |
|    total_timesteps      | 1175552     |
| train/                  |             |
|    approx_kl            | 0.006585677 |
|    clip_fraction        | 0.0614      |
|    clip_range           | 0.2         |
|    entropy_loss         | -2.19       |
|    explained_variance   | 0.518       |
|    learning_rate        | 0.0003      |
|    loss                 | 125         |
|    n_updates            | 2865        |
|    policy_gradient_loss | -0.00298    |
|    std                  | 0.724       |
|    value_loss           | 46.4        |
-----------------------------------------
------------------------------------------
| rollout/                |              |
|    ep_len_mean          | 1.46e+03     |
|    ep_rew_mean          | 73.4         |
| time/                   |              |
|    fps                  | 1224         |
|    iterations           | 75           |
|    time_elapsed         | 125          |
|    total_timesteps      | 1177600      |
| train/                  |              |
|    approx_kl            | 0.0076696007 |
|    clip_fraction        | 0.0795       |
|    clip_range           | 0.2          |
|    entropy_loss         | -2.19        |
|    explained_variance   | 0.282        |
|    learning_rate        | 0.0003       |
|    loss                 | 129          |
|    n_updates            | 2870         |
|    policy_gradient_loss | -0.00547     |
|    std                  | 0.723        |
|    value_loss           | 66.9         |
------------------------------------------
------------------------------------------
| rollout/                |              |
|    ep_len_mean          | 1.44e+03     |
|    ep_rew_mean          | 76.2         |
| time/                   |              |
|    fps                  | 1228         |
|    iterations           | 76           |
|    time_elapsed         | 126          |
|    total_timesteps      | 1179648      |
| train/                  |              |
|    approx_kl            | 0.0054186564 |
|    clip_fraction        | 0.0458       |
|    clip_range           | 0.2          |
|    entropy_loss         | -2.19        |
|    explained_variance   | 0.689        |
|    learning_rate        | 0.0003       |
|    loss                 | 3.84         |
|    n_updates            | 2875         |
|    policy_gradient_loss | -0.00154     |
|    std                  | 0.722        |
|    value_loss           | 16.5         |
------------------------------------------
------------------------------------------
| rollout/                |              |
|    ep_len_mean          | 1.46e+03     |
|    ep_rew_mean          | 74.8         |
| time/                   |              |
|    fps                  | 1231         |
|    iterations           | 77           |
|    time_elapsed         | 128          |
|    total_timesteps      | 1181696      |
| train/                  |              |
|    approx_kl            | 0.0060102614 |
|    clip_fraction        | 0.0382       |
|    clip_range           | 0.2          |
|    entropy_loss         | -2.19        |
|    explained_variance   | 0.31         |
|    learning_rate        | 0.0003       |
|    loss                 | 106          |
|    n_updates            | 2880         |
|    policy_gradient_loss | -0.00126     |
|    std                  | 0.722        |
|    value_loss           | 63.9         |
------------------------------------------
----------------------------------------
| rollout/                |            |
|    ep_len_mean          | 1.46e+03   |
|    ep_rew_mean          | 74.8       |
| time/                   |            |
|    fps                  | 1235       |
|    iterations           | 78         |
|    time_elapsed         | 129        |
|    total_timesteps      | 1183744    |
| train/                  |            |
|    approx_kl            | 0.01707872 |
|    clip_fraction        | 0.063      |
|    clip_range           | 0.2        |
|    entropy_loss         | -2.18      |
|    explained_variance   | 0.741      |
|    learning_rate        | 0.0003     |
|    loss                 | 0.527      |
|    n_updates            | 2885       |
|    policy_gradient_loss | 6.19e-05   |
|    std                  | 0.72       |
|    value_loss           | 9.56       |
----------------------------------------
-----------------------------------------
| rollout/                |             |
|    ep_len_mean          | 1.46e+03    |
|    ep_rew_mean          | 74.8        |
| time/                   |             |
|    fps                  | 1237        |
|    iterations           | 79          |
|    time_elapsed         | 130         |
|    total_timesteps      | 1185792     |
| train/                  |             |
|    approx_kl            | 0.006487172 |
|    clip_fraction        | 0.0653      |
|    clip_range           | 0.2         |
|    entropy_loss         | -2.18       |
|    explained_variance   | 0.521       |
|    learning_rate        | 0.0003      |
|    loss                 | 0.565       |
|    n_updates            | 2890        |
|    policy_gradient_loss | -0.00225    |
|    std                  | 0.719       |
|    value_loss           | 52          |
-----------------------------------------
-----------------------------------------
| rollout/                |             |
|    ep_len_mean          | 1.47e+03    |
|    ep_rew_mean          | 74.8        |
| time/                   |             |
|    fps                  | 1241        |
|    iterations           | 80          |
|    time_elapsed         | 131         |
|    total_timesteps      | 1187840     |
| train/                  |             |
|    approx_kl            | 0.008776505 |
|    clip_fraction        | 0.0886      |
|    clip_range           | 0.2         |
|    entropy_loss         | -2.17       |
|    explained_variance   | 0.581       |
|    learning_rate        | 0.0003      |
|    loss                 | 2.31        |
|    n_updates            | 2895        |
|    policy_gradient_loss | -0.00524    |
|    std                  | 0.717       |
|    value_loss           | 11.4        |
-----------------------------------------
-----------------------------------------
| rollout/                |             |
|    ep_len_mean          | 1.48e+03    |
|    ep_rew_mean          | 72.2        |
| time/                   |             |
|    fps                  | 1244        |
|    iterations           | 81          |
|    time_elapsed         | 133         |
|    total_timesteps      | 1189888     |
| train/                  |             |
|    approx_kl            | 0.011092924 |
|    clip_fraction        | 0.171       |
|    clip_range           | 0.2         |
|    entropy_loss         | -2.17       |
|    explained_variance   | 0.674       |
|    learning_rate        | 0.0003      |
|    loss                 | 1.16        |
|    n_updates            | 2900        |
|    policy_gradient_loss | 0.00311     |
|    std                  | 0.718       |
|    value_loss           | 17.7        |
-----------------------------------------
-----------------------------------------
| rollout/                |             |
|    ep_len_mean          | 1.48e+03    |
|    ep_rew_mean          | 72.2        |
| time/                   |             |
|    fps                  | 1247        |
|    iterations           | 82          |
|    time_elapsed         | 134         |
|    total_timesteps      | 1191936     |
| train/                  |             |
|    approx_kl            | 0.007907871 |
|    clip_fraction        | 0.0705      |
|    clip_range           | 0.2         |
|    entropy_loss         | -2.18       |
|    explained_variance   | 0.527       |
|    learning_rate        | 0.0003      |
|    loss                 | 3.72        |
|    n_updates            | 2905        |
|    policy_gradient_loss | -0.00237    |
|    std                  | 0.719       |
|    value_loss           | 6.07        |
-----------------------------------------
------------------------------------------
| rollout/                |              |
|    ep_len_mean          | 1.48e+03     |
|    ep_rew_mean          | 72.5         |
| time/                   |              |
|    fps                  | 1250         |
|    iterations           | 83           |
|    time_elapsed         | 135          |
|    total_timesteps      | 1193984      |
| train/                  |              |
|    approx_kl            | 0.0052497075 |
|    clip_fraction        | 0.0408       |
|    clip_range           | 0.2          |
|    entropy_loss         | -2.18        |
|    explained_variance   | 0.209        |
|    learning_rate        | 0.0003       |
|    loss                 | 0.347        |
|    n_updates            | 2910         |
|    policy_gradient_loss | 0.000639     |
|    std                  | 0.72         |
|    value_loss           | 67           |
------------------------------------------
-----------------------------------------
| rollout/                |             |
|    ep_len_mean          | 1.48e+03    |
|    ep_rew_mean          | 72.5        |
| time/                   |             |
|    fps                  | 1252        |
|    iterations           | 84          |
|    time_elapsed         | 137         |
|    total_timesteps      | 1196032     |
| train/                  |             |
|    approx_kl            | 0.018640185 |
|    clip_fraction        | 0.0872      |
|    clip_range           | 0.2         |
|    entropy_loss         | -2.18       |
|    explained_variance   | 0.469       |
|    learning_rate        | 0.0003      |
|    loss                 | 5.17        |
|    n_updates            | 2915        |
|    policy_gradient_loss | 0.000311    |
|    std                  | 0.722       |
|    value_loss           | 50.8        |
-----------------------------------------
-----------------------------------------
| rollout/                |             |
|    ep_len_mean          | 1.48e+03    |
|    ep_rew_mean          | 72.4        |
| time/                   |             |
|    fps                  | 1256        |
|    iterations           | 85          |
|    time_elapsed         | 138         |
|    total_timesteps      | 1198080     |
| train/                  |             |
|    approx_kl            | 0.007543846 |
|    clip_fraction        | 0.0518      |
|    clip_range           | 0.2         |
|    entropy_loss         | -2.18       |
|    explained_variance   | 0.68        |
|    learning_rate        | 0.0003      |
|    loss                 | 0.198       |
|    n_updates            | 2920        |
|    policy_gradient_loss | -0.00129    |
|    std                  | 0.721       |
|    value_loss           | 18.6        |
-----------------------------------------
------------------------------------------
| rollout/                |              |
|    ep_len_mean          | 1.48e+03     |
|    ep_rew_mean          | 72.4         |
| time/                   |              |
|    fps                  | 1259         |
|    iterations           | 86           |
|    time_elapsed         | 139          |
|    total_timesteps      | 1200128      |
| train/                  |              |
|    approx_kl            | 0.0031752805 |
|    clip_fraction        | 0.0259       |
|    clip_range           | 0.2          |
|    entropy_loss         | -2.18        |
|    explained_variance   | 0.708        |
|    learning_rate        | 0.0003       |
|    loss                 | 0.52         |
|    n_updates            | 2925         |
|    policy_gradient_loss | -0.00276     |
|    std                  | 0.721        |
|    value_loss           | 15.9         |
------------------------------------------
-----------------------------------------
| rollout/                |             |
|    ep_len_mean          | 1.49e+03    |
|    ep_rew_mean          | 72.2        |
| time/                   |             |
|    fps                  | 1263        |
|    iterations           | 87          |
|    time_elapsed         | 141         |
|    total_timesteps      | 1202176     |
| train/                  |             |
|    approx_kl            | 0.013989411 |
|    clip_fraction        | 0.137       |
|    clip_range           | 0.2         |
|    entropy_loss         | -2.18       |
|    explained_variance   | 0.831       |
|    learning_rate        | 0.0003      |
|    loss                 | 0.106       |
|    n_updates            | 2930        |
|    policy_gradient_loss | -0.00269    |
|    std                  | 0.723       |
|    value_loss           | 2.56        |
-----------------------------------------
----------------------------------------
| rollout/                |            |
|    ep_len_mean          | 1.49e+03   |
|    ep_rew_mean          | 72.2       |
| time/                   |            |
|    fps                  | 1264       |
|    iterations           | 88         |
|    time_elapsed         | 142        |
|    total_timesteps      | 1204224    |
| train/                  |            |
|    approx_kl            | 0.03213594 |
|    clip_fraction        | 0.256      |
|    clip_range           | 0.2        |
|    entropy_loss         | -2.19      |
|    explained_variance   | 0.374      |
|    learning_rate        | 0.0003     |
|    loss                 | 27.6       |
|    n_updates            | 2935       |
|    policy_gradient_loss | 0.00638    |
|    std                  | 0.725      |
|    value_loss           | 55.8       |
----------------------------------------
-----------------------------------------
| rollout/                |             |
|    ep_len_mean          | 1.48e+03    |
|    ep_rew_mean          | 73.5        |
| time/                   |             |
|    fps                  | 1266        |
|    iterations           | 89          |
|    time_elapsed         | 143         |
|    total_timesteps      | 1206272     |
| train/                  |             |
|    approx_kl            | 0.011243448 |
|    clip_fraction        | 0.0802      |
|    clip_range           | 0.2         |
|    entropy_loss         | -2.19       |
|    explained_variance   | 0.108       |
|    learning_rate        | 0.0003      |
|    loss                 | 1.45        |
|    n_updates            | 2940        |
|    policy_gradient_loss | -0.00225    |
|    std                  | 0.723       |
|    value_loss           | 49.8        |
-----------------------------------------
----------------------------------------
| rollout/                |            |
|    ep_len_mean          | 1.48e+03   |
|    ep_rew_mean          | 73.6       |
| time/                   |            |
|    fps                  | 1267       |
|    iterations           | 90         |
|    time_elapsed         | 145        |
|    total_timesteps      | 1208320    |
| train/                  |            |
|    approx_kl            | 0.04377526 |
|    clip_fraction        | 0.298      |
|    clip_range           | 0.2        |
|    entropy_loss         | -2.19      |
|    explained_variance   | 0.0466     |
|    learning_rate        | 0.0003     |
|    loss                 | 155        |
|    n_updates            | 2945       |
|    policy_gradient_loss | 0.0167     |
|    std                  | 0.722      |
|    value_loss           | 79.6       |
----------------------------------------
-----------------------------------------
| rollout/                |             |
|    ep_len_mean          | 1.47e+03    |
|    ep_rew_mean          | 75          |
| time/                   |             |
|    fps                  | 1268        |
|    iterations           | 91          |
|    time_elapsed         | 146         |
|    total_timesteps      | 1210368     |
| train/                  |             |
|    approx_kl            | 0.008390676 |
|    clip_fraction        | 0.115       |
|    clip_range           | 0.2         |
|    entropy_loss         | -2.19       |
|    explained_variance   | 0.503       |
|    learning_rate        | 0.0003      |
|    loss                 | 16.9        |
|    n_updates            | 2950        |
|    policy_gradient_loss | 0.00194     |
|    std                  | 0.723       |
|    value_loss           | 58          |
-----------------------------------------
-----------------------------------------
| rollout/                |             |
|    ep_len_mean          | 1.46e+03    |
|    ep_rew_mean          | 74.9        |
| time/                   |             |
|    fps                  | 1256        |
|    iterations           | 92          |
|    time_elapsed         | 149         |
|    total_timesteps      | 1212416     |
| train/                  |             |
|    approx_kl            | 0.021259233 |
|    clip_fraction        | 0.152       |
|    clip_range           | 0.2         |
|    entropy_loss         | -2.19       |
|    explained_variance   | 0.552       |
|    learning_rate        | 0.0003      |
|    loss                 | 0.535       |
|    n_updates            | 2955        |
|    policy_gradient_loss | -0.00114    |
|    std                  | 0.724       |
|    value_loss           | 41.3        |
-----------------------------------------
----------------------------------------
| rollout/                |            |
|    ep_len_mean          | 1.47e+03   |
|    ep_rew_mean          | 73.7       |
| time/                   |            |
|    fps                  | 1242       |
|    iterations           | 93         |
|    time_elapsed         | 153        |
|    total_timesteps      | 1214464    |
| train/                  |            |
|    approx_kl            | 0.04602515 |
|    clip_fraction        | 0.149      |
|    clip_range           | 0.2        |
|    entropy_loss         | -2.19      |
|    explained_variance   | 0.966      |
|    learning_rate        | 0.0003     |
|    loss                 | 2.41       |
|    n_updates            | 2960       |
|    policy_gradient_loss | 0.00595    |
|    std                  | 0.724      |
|    value_loss           | 6.65       |
----------------------------------------
----------------------------------------
| rollout/                |            |
|    ep_len_mean          | 1.49e+03   |
|    ep_rew_mean          | 72.1       |
| time/                   |            |
|    fps                  | 1228       |
|    iterations           | 94         |
|    time_elapsed         | 156        |
|    total_timesteps      | 1216512    |
| train/                  |            |
|    approx_kl            | 0.00692981 |
|    clip_fraction        | 0.0641     |
|    clip_range           | 0.2        |
|    entropy_loss         | -2.19      |
|    explained_variance   | 0.466      |
|    learning_rate        | 0.0003     |
|    loss                 | 3.47       |
|    n_updates            | 2965       |
|    policy_gradient_loss | 0.00138    |
|    std                  | 0.722      |
|    value_loss           | 47.6       |
----------------------------------------
-----------------------------------------
| rollout/                |             |
|    ep_len_mean          | 1.48e+03    |
|    ep_rew_mean          | 72.2        |
| time/                   |             |
|    fps                  | 1215        |
|    iterations           | 95          |
|    time_elapsed         | 160         |
|    total_timesteps      | 1218560     |
| train/                  |             |
|    approx_kl            | 0.018622423 |
|    clip_fraction        | 0.117       |
|    clip_range           | 0.2         |
|    entropy_loss         | -2.18       |
|    explained_variance   | 0.662       |
|    learning_rate        | 0.0003      |
|    loss                 | 1.56        |
|    n_updates            | 2970        |
|    policy_gradient_loss | -0.00192    |
|    std                  | 0.72        |
|    value_loss           | 17.8        |
-----------------------------------------
---------------------------------------
| rollout/                |           |
|    ep_len_mean          | 1.47e+03  |
|    ep_rew_mean          | 73.3      |
| time/                   |           |
|    fps                  | 1214      |
|    iterations           | 96        |
|    time_elapsed         | 161       |
|    total_timesteps      | 1220608   |
| train/                  |           |
|    approx_kl            | 0.0512814 |
|    clip_fraction        | 0.21      |
|    clip_range           | 0.2       |
|    entropy_loss         | -2.18     |
|    explained_variance   | 0.307     |
|    learning_rate        | 0.0003    |
|    loss                 | 0.295     |
|    n_updates            | 2975      |
|    policy_gradient_loss | 0.00708   |
|    std                  | 0.718     |
|    value_loss           | 72.1      |
---------------------------------------
------------------------------------------
| rollout/                |              |
|    ep_len_mean          | 1.47e+03     |
|    ep_rew_mean          | 73.2         |
| time/                   |              |
|    fps                  | 1217         |
|    iterations           | 97           |
|    time_elapsed         | 163          |
|    total_timesteps      | 1222656      |
| train/                  |              |
|    approx_kl            | 0.0015479429 |
|    clip_fraction        | 0.159        |
|    clip_range           | 0.2          |
|    entropy_loss         | -2.17        |
|    explained_variance   | 0.425        |
|    learning_rate        | 0.0003       |
|    loss                 | 3.03         |
|    n_updates            | 2980         |
|    policy_gradient_loss | -0.00216     |
|    std                  | 0.718        |
|    value_loss           | 46.4         |
------------------------------------------
------------------------------------------
| rollout/                |              |
|    ep_len_mean          | 1.47e+03     |
|    ep_rew_mean          | 73.2         |
| time/                   |              |
|    fps                  | 1219         |
|    iterations           | 98           |
|    time_elapsed         | 164          |
|    total_timesteps      | 1224704      |
| train/                  |              |
|    approx_kl            | 0.0056698085 |
|    clip_fraction        | 0.0817       |
|    clip_range           | 0.2          |
|    entropy_loss         | -2.17        |
|    explained_variance   | 0.604        |
|    learning_rate        | 0.0003       |
|    loss                 | 1.24         |
|    n_updates            | 2985         |
|    policy_gradient_loss | -0.00262     |
|    std                  | 0.715        |
|    value_loss           | 44.4         |
------------------------------------------
----------------------------------------
| rollout/                |            |
|    ep_len_mean          | 1.46e+03   |
|    ep_rew_mean          | 74.5       |
| time/                   |            |
|    fps                  | 1223       |
|    iterations           | 99         |
|    time_elapsed         | 165        |
|    total_timesteps      | 1226752    |
| train/                  |            |
|    approx_kl            | 0.01408549 |
|    clip_fraction        | 0.0904     |
|    clip_range           | 0.2        |
|    entropy_loss         | -2.17      |
|    explained_variance   | 0.695      |
|    learning_rate        | 0.0003     |
|    loss                 | 0.129      |
|    n_updates            | 2990       |
|    policy_gradient_loss | -0.00643   |
|    std                  | 0.714      |
|    value_loss           | 4.58       |
----------------------------------------
----------------------------------------
| rollout/                |            |
|    ep_len_mean          | 1.46e+03   |
|    ep_rew_mean          | 74.4       |
| time/                   |            |
|    fps                  | 1225       |
|    iterations           | 100        |
|    time_elapsed         | 167        |
|    total_timesteps      | 1228800    |
| train/                  |            |
|    approx_kl            | 0.01605478 |
|    clip_fraction        | 0.0933     |
|    clip_range           | 0.2        |
|    entropy_loss         | -2.16      |
|    explained_variance   | 0.373      |
|    learning_rate        | 0.0003     |
|    loss                 | 2.31       |
|    n_updates            | 2995       |
|    policy_gradient_loss | 0.00486    |
|    std                  | 0.714      |
|    value_loss           | 57.3       |
----------------------------------------

CP6 held-out: 34/50 hits (68.0%), mean miss 4.9 m, mean reward 81.10
STOP CONDITION: no joint improvement -- review gate before continuing.
