
==== babysit CP1 2026-09-16 13:43:49 ====
CP1: evasive lineage | max_time=45s t_go_max=10s | tracking=True | obs=12-D | miss_tanh_scale=3000m shaping_gamma=1 effort_weight=5 precision_weight=0 -> out=/Users/vincenzo/Desktop/Projects/Physics Sim Project/missile_guidance_sim/outputs/evasive_zemtgo10_seed14
Using cpu device
-----------------------------
| time/              |      |
|    fps             | 4210 |
|    iterations      | 1    |
|    time_elapsed    | 0    |
|    total_timesteps | 2048 |
-----------------------------
-----------------------------------------
| time/                   |             |
|    fps                  | 1632        |
|    iterations           | 2           |
|    time_elapsed         | 2           |
|    total_timesteps      | 4096        |
| train/                  |             |
|    approx_kl            | 0.012263568 |
|    clip_fraction        | 0.0565      |
|    clip_range           | 0.2         |
|    entropy_loss         | -2.83       |
|    explained_variance   | 0.00471     |
|    learning_rate        | 0.0003      |
|    loss                 | 0.0388      |
|    n_updates            | 5           |
|    policy_gradient_loss | -0.0101     |
|    std                  | 0.997       |
|    value_loss           | 0.629       |
-----------------------------------------
------------------------------------------
| time/                   |              |
|    fps                  | 1600         |
|    iterations           | 3            |
|    time_elapsed         | 3            |
|    total_timesteps      | 6144         |
| train/                  |              |
|    approx_kl            | 0.0014402384 |
|    clip_fraction        | 0.000293     |
|    clip_range           | 0.2          |
|    entropy_loss         | -2.83        |
|    explained_variance   | -0.0638      |
|    learning_rate        | 0.0003       |
|    loss                 | 0.0124       |
|    n_updates            | 10           |
|    policy_gradient_loss | -0.00117     |
|    std                  | 0.997        |
|    value_loss           | 0.174        |
------------------------------------------
-----------------------------------------
| time/                   |             |
|    fps                  | 1594        |
|    iterations           | 4           |
|    time_elapsed         | 5           |
|    total_timesteps      | 8192        |
| train/                  |             |
|    approx_kl            | 0.004258205 |
|    clip_fraction        | 0.0101      |
|    clip_range           | 0.2         |
|    entropy_loss         | -2.83       |
|    explained_variance   | -0.000368   |
|    learning_rate        | 0.0003      |
|    loss                 | -0.0172     |
|    n_updates            | 15          |
|    policy_gradient_loss | -0.00463    |
|    std                  | 0.998       |
|    value_loss           | 0.00592     |
-----------------------------------------
-----------------------------------------
| rollout/                |             |
|    ep_len_mean          | 2.25e+03    |
|    ep_rew_mean          | -16.8       |
| time/                   |             |
|    fps                  | 1602        |
|    iterations           | 5           |
|    time_elapsed         | 6           |
|    total_timesteps      | 10240       |
| train/                  |             |
|    approx_kl            | 0.005790125 |
|    clip_fraction        | 0.0275      |
|    clip_range           | 0.2         |
|    entropy_loss         | -2.83       |
|    explained_variance   | 0.0152      |
|    learning_rate        | 0.0003      |
|    loss                 | -0.022      |
|    n_updates            | 20          |
|    policy_gradient_loss | -0.00351    |
|    std                  | 0.999       |
|    value_loss           | 0.00259     |
-----------------------------------------
-----------------------------------------
| rollout/                |             |
|    ep_len_mean          | 2.25e+03    |
|    ep_rew_mean          | -16.8       |
| time/                   |             |
|    fps                  | 1542        |
|    iterations           | 6           |
|    time_elapsed         | 7           |
|    total_timesteps      | 12288       |
| train/                  |             |
|    approx_kl            | 0.007037136 |
|    clip_fraction        | 0.0449      |
|    clip_range           | 0.2         |
|    entropy_loss         | -2.84       |
|    explained_variance   | -0.0112     |
|    learning_rate        | 0.0003      |
|    loss                 | 4.72        |
|    n_updates            | 25          |
|    policy_gradient_loss | -0.00212    |
|    std                  | 1           |
|    value_loss           | 3.69        |
-----------------------------------------
------------------------------------------
| rollout/                |              |
|    ep_len_mean          | 2.25e+03     |
|    ep_rew_mean          | -16.8        |
| time/                   |              |
|    fps                  | 1540         |
|    iterations           | 7            |
|    time_elapsed         | 9            |
|    total_timesteps      | 14336        |
| train/                  |              |
|    approx_kl            | 0.0062859696 |
|    clip_fraction        | 0.0741       |
|    clip_range           | 0.2          |
|    entropy_loss         | -2.85        |
|    explained_variance   | 0.666        |
|    learning_rate        | 0.0003       |
|    loss                 | 0.000574     |
|    n_updates            | 30           |
|    policy_gradient_loss | -0.00462     |
|    std                  | 1.01         |
|    value_loss           | 0.0103       |
------------------------------------------
------------------------------------------
| rollout/                |              |
|    ep_len_mean          | 2.25e+03     |
|    ep_rew_mean          | -16.8        |
| time/                   |              |
|    fps                  | 1540         |
|    iterations           | 8            |
|    time_elapsed         | 10           |
|    total_timesteps      | 16384        |
| train/                  |              |
|    approx_kl            | 0.0037109484 |
|    clip_fraction        | 0.00557      |
|    clip_range           | 0.2          |
|    entropy_loss         | -2.85        |
|    explained_variance   | 0.93         |
|    learning_rate        | 0.0003       |
|    loss                 | -0.00318     |
|    n_updates            | 35           |
|    policy_gradient_loss | -0.000722    |
|    std                  | 1            |
|    value_loss           | 0.000655     |
------------------------------------------
------------------------------------------
| rollout/                |              |
|    ep_len_mean          | 2.25e+03     |
|    ep_rew_mean          | -36.5        |
| time/                   |              |
|    fps                  | 1555         |
|    iterations           | 9            |
|    time_elapsed         | 11           |
|    total_timesteps      | 18432        |
| train/                  |              |
|    approx_kl            | 0.0040151235 |
|    clip_fraction        | 0.0356       |
|    clip_range           | 0.2          |
|    entropy_loss         | -2.84        |
|    explained_variance   | 0.943        |
|    learning_rate        | 0.0003       |
|    loss                 | -0.00227     |
|    n_updates            | 40           |
|    policy_gradient_loss | -0.00286     |
|    std                  | 1            |
|    value_loss           | 0.000339     |
------------------------------------------
------------------------------------------
| rollout/                |              |
|    ep_len_mean          | 2.25e+03     |
|    ep_rew_mean          | -36.5        |
| time/                   |              |
|    fps                  | 1531         |
|    iterations           | 10           |
|    time_elapsed         | 13           |
|    total_timesteps      | 20480        |
| train/                  |              |
|    approx_kl            | 0.0013541825 |
|    clip_fraction        | 0            |
|    clip_range           | 0.2          |
|    entropy_loss         | -2.84        |
|    explained_variance   | -0.0178      |
|    learning_rate        | 0.0003       |
|    loss                 | 0.193        |
|    n_updates            | 45           |
|    policy_gradient_loss | -0.000809    |
|    std                  | 1            |
|    value_loss           | 28.1         |
------------------------------------------
-----------------------------------------
| rollout/                |             |
|    ep_len_mean          | 2.25e+03    |
|    ep_rew_mean          | -36.5       |
| time/                   |             |
|    fps                  | 1530        |
|    iterations           | 11          |
|    time_elapsed         | 14          |
|    total_timesteps      | 22528       |
| train/                  |             |
|    approx_kl            | 0.010226234 |
|    clip_fraction        | 0.0934      |
|    clip_range           | 0.2         |
|    entropy_loss         | -2.84       |
|    explained_variance   | 0.0125      |
|    learning_rate        | 0.0003      |
|    loss                 | 0.197       |
|    n_updates            | 50          |
|    policy_gradient_loss | -0.00862    |
|    std                  | 1           |
|    value_loss           | 0.485       |
-----------------------------------------
-----------------------------------------
| rollout/                |             |
|    ep_len_mean          | 2.25e+03    |
|    ep_rew_mean          | -36.5       |
| time/                   |             |
|    fps                  | 1538        |
|    iterations           | 12          |
|    time_elapsed         | 15          |
|    total_timesteps      | 24576       |
| train/                  |             |
|    approx_kl            | 0.004901329 |
|    clip_fraction        | 0.037       |
|    clip_range           | 0.2         |
|    entropy_loss         | -2.84       |
|    explained_variance   | 0.452       |
|    learning_rate        | 0.0003      |
|    loss                 | -0.00603    |
|    n_updates            | 55          |
|    policy_gradient_loss | -0.00317    |
|    std                  | 0.999       |
|    value_loss           | 0.0755      |
-----------------------------------------
-----------------------------------------
| rollout/                |             |
|    ep_len_mean          | 2.18e+03    |
|    ep_rew_mean          | -33.2       |
| time/                   |             |
|    fps                  | 1540        |
|    iterations           | 13          |
|    time_elapsed         | 17          |
|    total_timesteps      | 26624       |
| train/                  |             |
|    approx_kl            | 0.004850421 |
|    clip_fraction        | 0.017       |
|    clip_range           | 0.2         |
|    entropy_loss         | -2.83       |
|    explained_variance   | 0.311       |
|    learning_rate        | 0.0003      |
|    loss                 | 0.0107      |
|    n_updates            | 60          |
|    policy_gradient_loss | -0.00277    |
|    std                  | 0.997       |
|    value_loss           | 0.0565      |
-----------------------------------------
------------------------------------------
| rollout/                |              |
|    ep_len_mean          | 2.19e+03     |
|    ep_rew_mean          | -31.3        |
| time/                   |              |
|    fps                  | 1546         |
|    iterations           | 14           |
|    time_elapsed         | 18           |
|    total_timesteps      | 28672        |
| train/                  |              |
|    approx_kl            | 0.0050508543 |
|    clip_fraction        | 0.0345       |
|    clip_range           | 0.2          |
|    entropy_loss         | -2.83        |
|    explained_variance   | 0.0141       |
|    learning_rate        | 0.0003       |
|    loss                 | 0.000198     |
|    n_updates            | 65           |
|    policy_gradient_loss | -0.00216     |
|    std                  | 0.995        |
|    value_loss           | 2.37         |
------------------------------------------
-----------------------------------------
| rollout/                |             |
|    ep_len_mean          | 2.19e+03    |
|    ep_rew_mean          | -31.3       |
| time/                   |             |
|    fps                  | 1552        |
|    iterations           | 15          |
|    time_elapsed         | 19          |
|    total_timesteps      | 30720       |
| train/                  |             |
|    approx_kl            | 0.005003987 |
|    clip_fraction        | 0.0603      |
|    clip_range           | 0.2         |
|    entropy_loss         | -2.83       |
|    explained_variance   | -0.0519     |
|    learning_rate        | 0.0003      |
|    loss                 | 0.0218      |
|    n_updates            | 70          |
|    policy_gradient_loss | -0.00514    |
|    std                  | 0.994       |
|    value_loss           | 0.876       |
-----------------------------------------
------------------------------------------
| rollout/                |              |
|    ep_len_mean          | 2.13e+03     |
|    ep_rew_mean          | -31.7        |
| time/                   |              |
|    fps                  | 1562         |
|    iterations           | 16           |
|    time_elapsed         | 20           |
|    total_timesteps      | 32768        |
| train/                  |              |
|    approx_kl            | 0.0066479556 |
|    clip_fraction        | 0.0273       |
|    clip_range           | 0.2          |
|    entropy_loss         | -2.83        |
|    explained_variance   | 0.0205       |
|    learning_rate        | 0.0003       |
|    loss                 | 0.0027       |
|    n_updates            | 75           |
|    policy_gradient_loss | -0.00298     |
|    std                  | 0.995        |
|    value_loss           | 2.49         |
------------------------------------------
------------------------------------------
| rollout/                |              |
|    ep_len_mean          | 2.13e+03     |
|    ep_rew_mean          | -30.1        |
| time/                   |              |
|    fps                  | 1567         |
|    iterations           | 17           |
|    time_elapsed         | 22           |
|    total_timesteps      | 34816        |
| train/                  |              |
|    approx_kl            | 0.0021718647 |
|    clip_fraction        | 0.0043       |
|    clip_range           | 0.2          |
|    entropy_loss         | -2.83        |
|    explained_variance   | 0.0994       |
|    learning_rate        | 0.0003       |
|    loss                 | 10.2         |
|    n_updates            | 80           |
|    policy_gradient_loss | -0.0011      |
|    std                  | 0.997        |
|    value_loss           | 2.89         |
------------------------------------------
-----------------------------------------
| rollout/                |             |
|    ep_len_mean          | 2.14e+03    |
|    ep_rew_mean          | -26.9       |
| time/                   |             |
|    fps                  | 1570        |
|    iterations           | 18          |
|    time_elapsed         | 23          |
|    total_timesteps      | 36864       |
| train/                  |             |
|    approx_kl            | 0.009041181 |
|    clip_fraction        | 0.0801      |
|    clip_range           | 0.2         |
|    entropy_loss         | -2.83       |
|    explained_variance   | 0.696       |
|    learning_rate        | 0.0003      |
|    loss                 | -0.00676    |
|    n_updates            | 85          |
|    policy_gradient_loss | -0.00718    |
|    std                  | 0.993       |
|    value_loss           | 0.281       |
-----------------------------------------
----------------------------------------
| rollout/                |            |
|    ep_len_mean          | 2.14e+03   |
|    ep_rew_mean          | -26.9      |
| time/                   |            |
|    fps                  | 1568       |
|    iterations           | 19         |
|    time_elapsed         | 24         |
|    total_timesteps      | 38912      |
| train/                  |            |
|    approx_kl            | 0.00828898 |
|    clip_fraction        | 0.0857     |
|    clip_range           | 0.2        |
|    entropy_loss         | -2.82      |
|    explained_variance   | 0.117      |
|    learning_rate        | 0.0003     |
|    loss                 | 3.16       |
|    n_updates            | 90         |
|    policy_gradient_loss | -0.00639   |
|    std                  | 0.991      |
|    value_loss           | 5.15       |
----------------------------------------
-----------------------------------------
| rollout/                |             |
|    ep_len_mean          | 2.14e+03    |
|    ep_rew_mean          | -26.7       |
| time/                   |             |
|    fps                  | 1577        |
|    iterations           | 20          |
|    time_elapsed         | 25          |
|    total_timesteps      | 40960       |
| train/                  |             |
|    approx_kl            | 0.004779542 |
|    clip_fraction        | 0.0126      |
|    clip_range           | 0.2         |
|    entropy_loss         | -2.82       |
|    explained_variance   | 0.327       |
|    learning_rate        | 0.0003      |
|    loss                 | 0.0309      |
|    n_updates            | 95          |
|    policy_gradient_loss | -0.00365    |
|    std                  | 0.99        |
|    value_loss           | 1.93        |
-----------------------------------------
------------------------------------------
| rollout/                |              |
|    ep_len_mean          | 2.14e+03     |
|    ep_rew_mean          | -26.7        |
| time/                   |              |
|    fps                  | 1574         |
|    iterations           | 21           |
|    time_elapsed         | 27           |
|    total_timesteps      | 43008        |
| train/                  |              |
|    approx_kl            | 0.0075356094 |
|    clip_fraction        | 0.036        |
|    clip_range           | 0.2          |
|    entropy_loss         | -2.82        |
|    explained_variance   | 0.625        |
|    learning_rate        | 0.0003       |
|    loss                 | 0.0354       |
|    n_updates            | 100          |
|    policy_gradient_loss | -0.00435     |
|    std                  | 0.989        |
|    value_loss           | 0.245        |
------------------------------------------
-----------------------------------------
| rollout/                |             |
|    ep_len_mean          | 2.13e+03    |
|    ep_rew_mean          | -23.3       |
| time/                   |             |
|    fps                  | 1569        |
|    iterations           | 22          |
|    time_elapsed         | 28          |
|    total_timesteps      | 45056       |
| train/                  |             |
|    approx_kl            | 0.009361001 |
|    clip_fraction        | 0.0781      |
|    clip_range           | 0.2         |
|    entropy_loss         | -2.81       |
|    explained_variance   | 0.195       |
|    learning_rate        | 0.0003      |
|    loss                 | -1.22e-05   |
|    n_updates            | 105         |
|    policy_gradient_loss | -0.00693    |
|    std                  | 0.988       |
|    value_loss           | 0.324       |
-----------------------------------------
-----------------------------------------
| rollout/                |             |
|    ep_len_mean          | 2.13e+03    |
|    ep_rew_mean          | -23.3       |
| time/                   |             |
|    fps                  | 1563        |
|    iterations           | 23          |
|    time_elapsed         | 30          |
|    total_timesteps      | 47104       |
| train/                  |             |
|    approx_kl            | 0.004657348 |
|    clip_fraction        | 0.0233      |
|    clip_range           | 0.2         |
|    entropy_loss         | -2.81       |
|    explained_variance   | 0.0294      |
|    learning_rate        | 0.0003      |
|    loss                 | 1.06        |
|    n_updates            | 110         |
|    policy_gradient_loss | -0.00163    |
|    std                  | 0.987       |
|    value_loss           | 8.55        |
-----------------------------------------
------------------------------------------
| rollout/                |              |
|    ep_len_mean          | 2.12e+03     |
|    ep_rew_mean          | -21.2        |
| time/                   |              |
|    fps                  | 1563         |
|    iterations           | 24           |
|    time_elapsed         | 31           |
|    total_timesteps      | 49152        |
| train/                  |              |
|    approx_kl            | 0.0043103145 |
|    clip_fraction        | 0.0258       |
|    clip_range           | 0.2          |
|    entropy_loss         | -2.81        |
|    explained_variance   | -0.00289     |
|    learning_rate        | 0.0003       |
|    loss                 | 1.6          |
|    n_updates            | 115          |
|    policy_gradient_loss | -0.00293     |
|    std                  | 0.986        |
|    value_loss           | 3.66         |
------------------------------------------
------------------------------------------
| rollout/                |              |
|    ep_len_mean          | 2.07e+03     |
|    ep_rew_mean          | -14.1        |
| time/                   |              |
|    fps                  | 1557         |
|    iterations           | 25           |
|    time_elapsed         | 32           |
|    total_timesteps      | 51200        |
| train/                  |              |
|    approx_kl            | 0.0018351346 |
|    clip_fraction        | 0.00127      |
|    clip_range           | 0.2          |
|    entropy_loss         | -2.81        |
|    explained_variance   | 0.0281       |
|    learning_rate        | 0.0003       |
|    loss                 | 5.47         |
|    n_updates            | 120          |
|    policy_gradient_loss | -0.000542    |
|    std                  | 0.985        |
|    value_loss           | 13.8         |
------------------------------------------
-----------------------------------------
| rollout/                |             |
|    ep_len_mean          | 2.08e+03    |
|    ep_rew_mean          | -11         |
| time/                   |             |
|    fps                  | 1552        |
|    iterations           | 26          |
|    time_elapsed         | 34          |
|    total_timesteps      | 53248       |
| train/                  |             |
|    approx_kl            | 0.005898499 |
|    clip_fraction        | 0.0508      |
|    clip_range           | 0.2         |
|    entropy_loss         | -2.81       |
|    explained_variance   | 0.00534     |
|    learning_rate        | 0.0003      |
|    loss                 | 0.306       |
|    n_updates            | 125         |
|    policy_gradient_loss | -0.00494    |
|    std                  | 0.984       |
|    value_loss           | 48.8        |
-----------------------------------------
-----------------------------------------
| rollout/                |             |
|    ep_len_mean          | 2.09e+03    |
|    ep_rew_mean          | -10.4       |
| time/                   |             |
|    fps                  | 1549        |
|    iterations           | 27          |
|    time_elapsed         | 35          |
|    total_timesteps      | 55296       |
| train/                  |             |
|    approx_kl            | 0.007012061 |
|    clip_fraction        | 0.0253      |
|    clip_range           | 0.2         |
|    entropy_loss         | -2.8        |
|    explained_variance   | 0.0134      |
|    learning_rate        | 0.0003      |
|    loss                 | 0.114       |
|    n_updates            | 130         |
|    policy_gradient_loss | -0.00448    |
|    std                  | 0.983       |
|    value_loss           | 11.2        |
-----------------------------------------
-----------------------------------------
| rollout/                |             |
|    ep_len_mean          | 2.09e+03    |
|    ep_rew_mean          | -10.4       |
| time/                   |             |
|    fps                  | 1552        |
|    iterations           | 28          |
|    time_elapsed         | 36          |
|    total_timesteps      | 57344       |
| train/                  |             |
|    approx_kl            | 0.004927448 |
|    clip_fraction        | 0.0384      |
|    clip_range           | 0.2         |
|    entropy_loss         | -2.8        |
|    explained_variance   | 0.0335      |
|    learning_rate        | 0.0003      |
|    loss                 | 1.94        |
|    n_updates            | 135         |
|    policy_gradient_loss | -0.00289    |
|    std                  | 0.982       |
|    value_loss           | 9.23        |
-----------------------------------------
-----------------------------------------
| rollout/                |             |
|    ep_len_mean          | 2.07e+03    |
|    ep_rew_mean          | -8.62       |
| time/                   |             |
|    fps                  | 1555        |
|    iterations           | 29          |
|    time_elapsed         | 38          |
|    total_timesteps      | 59392       |
| train/                  |             |
|    approx_kl            | 0.006158622 |
|    clip_fraction        | 0.0735      |
|    clip_range           | 0.2         |
|    entropy_loss         | -2.8        |
|    explained_variance   | 0.232       |
|    learning_rate        | 0.0003      |
|    loss                 | 0.0793      |
|    n_updates            | 140         |
|    policy_gradient_loss | -0.0032     |
|    std                  | 0.981       |
|    value_loss           | 5.01        |
-----------------------------------------
-----------------------------------------
| rollout/                |             |
|    ep_len_mean          | 2.07e+03    |
|    ep_rew_mean          | -8.62       |
| time/                   |             |
|    fps                  | 1551        |
|    iterations           | 30          |
|    time_elapsed         | 39          |
|    total_timesteps      | 61440       |
| train/                  |             |
|    approx_kl            | 0.009049883 |
|    clip_fraction        | 0.0826      |
|    clip_range           | 0.2         |
|    entropy_loss         | -2.8        |
|    explained_variance   | 0.102       |
|    learning_rate        | 0.0003      |
|    loss                 | 0.757       |
|    n_updates            | 145         |
|    policy_gradient_loss | -0.00567    |
|    std                  | 0.98        |
|    value_loss           | 14.3        |
-----------------------------------------
------------------------------------------
| rollout/                |              |
|    ep_len_mean          | 2.09e+03     |
|    ep_rew_mean          | -6.56        |
| time/                   |              |
|    fps                  | 1553         |
|    iterations           | 31           |
|    time_elapsed         | 40           |
|    total_timesteps      | 63488        |
| train/                  |              |
|    approx_kl            | 0.0039552934 |
|    clip_fraction        | 0.0177       |
|    clip_range           | 0.2          |
|    entropy_loss         | -2.8         |
|    explained_variance   | -0.0946      |
|    learning_rate        | 0.0003       |
|    loss                 | 1.53         |
|    n_updates            | 150          |
|    policy_gradient_loss | -0.00253     |
|    std                  | 0.98         |
|    value_loss           | 5.92         |
------------------------------------------
-----------------------------------------
| rollout/                |             |
|    ep_len_mean          | 2.05e+03    |
|    ep_rew_mean          | -2.48       |
| time/                   |             |
|    fps                  | 1555        |
|    iterations           | 32          |
|    time_elapsed         | 42          |
|    total_timesteps      | 65536       |
| train/                  |             |
|    approx_kl            | 0.009721901 |
|    clip_fraction        | 0.0419      |
|    clip_range           | 0.2         |
|    entropy_loss         | -2.8        |
|    explained_variance   | 0.0308      |
|    learning_rate        | 0.0003      |
|    loss                 | 0.423       |
|    n_updates            | 155         |
|    policy_gradient_loss | -0.00385    |
|    std                  | 0.979       |
|    value_loss           | 16.2        |
-----------------------------------------
------------------------------------------
| rollout/                |              |
|    ep_len_mean          | 2.04e+03     |
|    ep_rew_mean          | -1.46        |
| time/                   |              |
|    fps                  | 1557         |
|    iterations           | 33           |
|    time_elapsed         | 43           |
|    total_timesteps      | 67584        |
| train/                  |              |
|    approx_kl            | 0.0047512096 |
|    clip_fraction        | 0.0257       |
|    clip_range           | 0.2          |
|    entropy_loss         | -2.8         |
|    explained_variance   | 0.0557       |
|    learning_rate        | 0.0003       |
|    loss                 | 0.243        |
|    n_updates            | 160          |
|    policy_gradient_loss | -0.00132     |
|    std                  | 0.981        |
|    value_loss           | 47.1         |
------------------------------------------
----------------------------------------
| rollout/                |            |
|    ep_len_mean          | 2.04e+03   |
|    ep_rew_mean          | -0.864     |
| time/                   |            |
|    fps                  | 1559       |
|    iterations           | 34         |
|    time_elapsed         | 44         |
|    total_timesteps      | 69632      |
| train/                  |            |
|    approx_kl            | 0.01563181 |
|    clip_fraction        | 0.111      |
|    clip_range           | 0.2        |
|    entropy_loss         | -2.8       |
|    explained_variance   | 0.225      |
|    learning_rate        | 0.0003     |
|    loss                 | 2.7        |
|    n_updates            | 165        |
|    policy_gradient_loss | -0.00514   |
|    std                  | 0.98       |
|    value_loss           | 8.98       |
----------------------------------------
------------------------------------------
| rollout/                |              |
|    ep_len_mean          | 2.05e+03     |
|    ep_rew_mean          | -0.151       |
| time/                   |              |
|    fps                  | 1562         |
|    iterations           | 35           |
|    time_elapsed         | 45           |
|    total_timesteps      | 71680        |
| train/                  |              |
|    approx_kl            | 0.0031529006 |
|    clip_fraction        | 0.11         |
|    clip_range           | 0.2          |
|    entropy_loss         | -2.8         |
|    explained_variance   | 0.341        |
|    learning_rate        | 0.0003       |
|    loss                 | 7.51         |
|    n_updates            | 170          |
|    policy_gradient_loss | -0.00234     |
|    std                  | 0.98         |
|    value_loss           | 7.38         |
------------------------------------------
------------------------------------------
| rollout/                |              |
|    ep_len_mean          | 2.04e+03     |
|    ep_rew_mean          | 0.66         |
| time/                   |              |
|    fps                  | 1562         |
|    iterations           | 36           |
|    time_elapsed         | 47           |
|    total_timesteps      | 73728        |
| train/                  |              |
|    approx_kl            | 0.0012727446 |
|    clip_fraction        | 0.000488     |
|    clip_range           | 0.2          |
|    entropy_loss         | -2.8         |
|    explained_variance   | 0.0222       |
|    learning_rate        | 0.0003       |
|    loss                 | 24.5         |
|    n_updates            | 175          |
|    policy_gradient_loss | -0.000808    |
|    std                  | 0.98         |
|    value_loss           | 13.7         |
------------------------------------------
------------------------------------------
| rollout/                |              |
|    ep_len_mean          | 2.04e+03     |
|    ep_rew_mean          | 1.21         |
| time/                   |              |
|    fps                  | 1566         |
|    iterations           | 37           |
|    time_elapsed         | 48           |
|    total_timesteps      | 75776        |
| train/                  |              |
|    approx_kl            | 0.0018921398 |
|    clip_fraction        | 0.0196       |
|    clip_range           | 0.2          |
|    entropy_loss         | -2.8         |
|    explained_variance   | 0.242        |
|    learning_rate        | 0.0003       |
|    loss                 | 4.14         |
|    n_updates            | 180          |
|    policy_gradient_loss | -0.00115     |
|    std                  | 0.98         |
|    value_loss           | 9.04         |
------------------------------------------
-----------------------------------------
| rollout/                |             |
|    ep_len_mean          | 2.05e+03    |
|    ep_rew_mean          | 1.49        |
| time/                   |             |
|    fps                  | 1568        |
|    iterations           | 38          |
|    time_elapsed         | 49          |
|    total_timesteps      | 77824       |
| train/                  |             |
|    approx_kl            | 0.007324084 |
|    clip_fraction        | 0.0187      |
|    clip_range           | 0.2         |
|    entropy_loss         | -2.8        |
|    explained_variance   | 0.326       |
|    learning_rate        | 0.0003      |
|    loss                 | 3.75        |
|    n_updates            | 185         |
|    policy_gradient_loss | -0.000236   |
|    std                  | 0.979       |
|    value_loss           | 9.94        |
-----------------------------------------
-----------------------------------------
| rollout/                |             |
|    ep_len_mean          | 2.05e+03    |
|    ep_rew_mean          | 1.49        |
| time/                   |             |
|    fps                  | 1571        |
|    iterations           | 39          |
|    time_elapsed         | 50          |
|    total_timesteps      | 79872       |
| train/                  |             |
|    approx_kl            | 0.009954818 |
|    clip_fraction        | 0.0846      |
|    clip_range           | 0.2         |
|    entropy_loss         | -2.79       |
|    explained_variance   | 0.0578      |
|    learning_rate        | 0.0003      |
|    loss                 | 26.2        |
|    n_updates            | 190         |
|    policy_gradient_loss | -0.004      |
|    std                  | 0.977       |
|    value_loss           | 8.63        |
-----------------------------------------
------------------------------------------
| rollout/                |              |
|    ep_len_mean          | 2.06e+03     |
|    ep_rew_mean          | 2.32         |
| time/                   |              |
|    fps                  | 1575         |
|    iterations           | 40           |
|    time_elapsed         | 51           |
|    total_timesteps      | 81920        |
| train/                  |              |
|    approx_kl            | 0.0028773858 |
|    clip_fraction        | 0.03         |
|    clip_range           | 0.2          |
|    entropy_loss         | -2.79        |
|    explained_variance   | 0.165        |
|    learning_rate        | 0.0003       |
|    loss                 | 2.51         |
|    n_updates            | 195          |
|    policy_gradient_loss | -0.00152     |
|    std                  | 0.977        |
|    value_loss           | 8.22         |
------------------------------------------
------------------------------------------
| rollout/                |              |
|    ep_len_mean          | 2.06e+03     |
|    ep_rew_mean          | 2.81         |
| time/                   |              |
|    fps                  | 1574         |
|    iterations           | 41           |
|    time_elapsed         | 53           |
|    total_timesteps      | 83968        |
| train/                  |              |
|    approx_kl            | 0.0018708566 |
|    clip_fraction        | 0.00469      |
|    clip_range           | 0.2          |
|    entropy_loss         | -2.79        |
|    explained_variance   | 0.478        |
|    learning_rate        | 0.0003       |
|    loss                 | 3.84         |
|    n_updates            | 200          |
|    policy_gradient_loss | -0.00136     |
|    std                  | 0.976        |
|    value_loss           | 13.6         |
------------------------------------------
------------------------------------------
| rollout/                |              |
|    ep_len_mean          | 2.02e+03     |
|    ep_rew_mean          | 6.07         |
| time/                   |              |
|    fps                  | 1576         |
|    iterations           | 42           |
|    time_elapsed         | 54           |
|    total_timesteps      | 86016        |
| train/                  |              |
|    approx_kl            | 0.0036616153 |
|    clip_fraction        | 0.0613       |
|    clip_range           | 0.2          |
|    entropy_loss         | -2.79        |
|    explained_variance   | 0.142        |
|    learning_rate        | 0.0003       |
|    loss                 | 2.49         |
|    n_updates            | 205          |
|    policy_gradient_loss | -0.00238     |
|    std                  | 0.976        |
|    value_loss           | 10.3         |
------------------------------------------
----------------------------------------
| rollout/                |            |
|    ep_len_mean          | 2.02e+03   |
|    ep_rew_mean          | 6.07       |
| time/                   |            |
|    fps                  | 1577       |
|    iterations           | 43         |
|    time_elapsed         | 55         |
|    total_timesteps      | 88064      |
| train/                  |            |
|    approx_kl            | 0.00445935 |
|    clip_fraction        | 0.0256     |
|    clip_range           | 0.2        |
|    entropy_loss         | -2.79      |
|    explained_variance   | 0.106      |
|    learning_rate        | 0.0003     |
|    loss                 | 171        |
|    n_updates            | 210        |
|    policy_gradient_loss | -0.00296   |
|    std                  | 0.975      |
|    value_loss           | 52.9       |
----------------------------------------
------------------------------------------
| rollout/                |              |
|    ep_len_mean          | 2.03e+03     |
|    ep_rew_mean          | 6.43         |
| time/                   |              |
|    fps                  | 1581         |
|    iterations           | 44           |
|    time_elapsed         | 56           |
|    total_timesteps      | 90112        |
| train/                  |              |
|    approx_kl            | 0.0024192294 |
|    clip_fraction        | 0.00859      |
|    clip_range           | 0.2          |
|    entropy_loss         | -2.79        |
|    explained_variance   | 0.344        |
|    learning_rate        | 0.0003       |
|    loss                 | 0.545        |
|    n_updates            | 215          |
|    policy_gradient_loss | -0.00154     |
|    std                  | 0.974        |
|    value_loss           | 3.81         |
------------------------------------------
-----------------------------------------
| rollout/                |             |
|    ep_len_mean          | 2.03e+03    |
|    ep_rew_mean          | 6.69        |
| time/                   |             |
|    fps                  | 1582        |
|    iterations           | 45          |
|    time_elapsed         | 58          |
|    total_timesteps      | 92160       |
| train/                  |             |
|    approx_kl            | 0.007858595 |
|    clip_fraction        | 0.0739      |
|    clip_range           | 0.2         |
|    entropy_loss         | -2.78       |
|    explained_variance   | 0.288       |
|    learning_rate        | 0.0003      |
|    loss                 | 1.14        |
|    n_updates            | 220         |
|    policy_gradient_loss | -0.00102    |
|    std                  | 0.973       |
|    value_loss           | 15.2        |
-----------------------------------------
-----------------------------------------
| rollout/                |             |
|    ep_len_mean          | 2.04e+03    |
|    ep_rew_mean          | 7.07        |
| time/                   |             |
|    fps                  | 1581        |
|    iterations           | 46          |
|    time_elapsed         | 59          |
|    total_timesteps      | 94208       |
| train/                  |             |
|    approx_kl            | 0.003784862 |
|    clip_fraction        | 0.0609      |
|    clip_range           | 0.2         |
|    entropy_loss         | -2.78       |
|    explained_variance   | 0.331       |
|    learning_rate        | 0.0003      |
|    loss                 | 0.0648      |
|    n_updates            | 225         |
|    policy_gradient_loss | -0.00309    |
|    std                  | 0.974       |
|    value_loss           | 10.1        |
-----------------------------------------
------------------------------------------
| rollout/                |              |
|    ep_len_mean          | 2.04e+03     |
|    ep_rew_mean          | 7.07         |
| time/                   |              |
|    fps                  | 1578         |
|    iterations           | 47           |
|    time_elapsed         | 60           |
|    total_timesteps      | 96256        |
| train/                  |              |
|    approx_kl            | 0.0027499865 |
|    clip_fraction        | 0.0711       |
|    clip_range           | 0.2          |
|    entropy_loss         | -2.78        |
|    explained_variance   | 0.248        |
|    learning_rate        | 0.0003       |
|    loss                 | 0.0954       |
|    n_updates            | 230          |
|    policy_gradient_loss | -0.00155     |
|    std                  | 0.973        |
|    value_loss           | 16.3         |
------------------------------------------
-----------------------------------------
| rollout/                |             |
|    ep_len_mean          | 2.04e+03    |
|    ep_rew_mean          | 7.07        |
| time/                   |             |
|    fps                  | 1583        |
|    iterations           | 48          |
|    time_elapsed         | 62          |
|    total_timesteps      | 98304       |
| train/                  |             |
|    approx_kl            | 0.006538921 |
|    clip_fraction        | 0.0313      |
|    clip_range           | 0.2         |
|    entropy_loss         | -2.78       |
|    explained_variance   | 0.377       |
|    learning_rate        | 0.0003      |
|    loss                 | 1.01        |
|    n_updates            | 235         |
|    policy_gradient_loss | -0.00456    |
|    std                  | 0.973       |
|    value_loss           | 6.47        |
-----------------------------------------
------------------------------------------
| rollout/                |              |
|    ep_len_mean          | 2.04e+03     |
|    ep_rew_mean          | 10.1         |
| time/                   |              |
|    fps                  | 1586         |
|    iterations           | 49           |
|    time_elapsed         | 63           |
|    total_timesteps      | 100352       |
| train/                  |              |
|    approx_kl            | 0.0028313524 |
|    clip_fraction        | 0.0042       |
|    clip_range           | 0.2          |
|    entropy_loss         | -2.78        |
|    explained_variance   | 0.573        |
|    learning_rate        | 0.0003       |
|    loss                 | 0.164        |
|    n_updates            | 240          |
|    policy_gradient_loss | -0.00225     |
|    std                  | 0.974        |
|    value_loss           | 8.71         |
------------------------------------------
------------------------------------------
| rollout/                |              |
|    ep_len_mean          | 2.01e+03     |
|    ep_rew_mean          | 12.4         |
| time/                   |              |
|    fps                  | 1586         |
|    iterations           | 50           |
|    time_elapsed         | 64           |
|    total_timesteps      | 102400       |
| train/                  |              |
|    approx_kl            | 0.0066187554 |
|    clip_fraction        | 0.0771       |
|    clip_range           | 0.2          |
|    entropy_loss         | -2.78        |
|    explained_variance   | 0.0564       |
|    learning_rate        | 0.0003       |
|    loss                 | 31           |
|    n_updates            | 245          |
|    policy_gradient_loss | -0.00175     |
|    std                  | 0.973        |
|    value_loss           | 53           |
------------------------------------------
------------------------------------------
| rollout/                |              |
|    ep_len_mean          | 2.02e+03     |
|    ep_rew_mean          | 12.3         |
| time/                   |              |
|    fps                  | 1586         |
|    iterations           | 51           |
|    time_elapsed         | 65           |
|    total_timesteps      | 104448       |
| train/                  |              |
|    approx_kl            | 0.0077434946 |
|    clip_fraction        | 0.142        |
|    clip_range           | 0.2          |
|    entropy_loss         | -2.78        |
|    explained_variance   | 0.229        |
|    learning_rate        | 0.0003       |
|    loss                 | 168          |
|    n_updates            | 250          |
|    policy_gradient_loss | -0.00221     |
|    std                  | 0.973        |
|    value_loss           | 47           |
------------------------------------------
------------------------------------------
| rollout/                |              |
|    ep_len_mean          | 2.01e+03     |
|    ep_rew_mean          | 14.6         |
| time/                   |              |
|    fps                  | 1589         |
|    iterations           | 52           |
|    time_elapsed         | 67           |
|    total_timesteps      | 106496       |
| train/                  |              |
|    approx_kl            | 0.0043466766 |
|    clip_fraction        | 0.055        |
|    clip_range           | 0.2          |
|    entropy_loss         | -2.78        |
|    explained_variance   | 0.297        |
|    learning_rate        | 0.0003       |
|    loss                 | 3.72         |
|    n_updates            | 255          |
|    policy_gradient_loss | -0.00545     |
|    std                  | 0.972        |
|    value_loss           | 13.8         |
------------------------------------------
------------------------------------------
| rollout/                |              |
|    ep_len_mean          | 2.01e+03     |
|    ep_rew_mean          | 14.5         |
| time/                   |              |
|    fps                  | 1592         |
|    iterations           | 53           |
|    time_elapsed         | 68           |
|    total_timesteps      | 108544       |
| train/                  |              |
|    approx_kl            | 0.0023702756 |
|    clip_fraction        | 0.0469       |
|    clip_range           | 0.2          |
|    entropy_loss         | -2.78        |
|    explained_variance   | 0.106        |
|    learning_rate        | 0.0003       |
|    loss                 | 0.0489       |
|    n_updates            | 260          |
|    policy_gradient_loss | -0.00256     |
|    std                  | 0.973        |
|    value_loss           | 46.4         |
------------------------------------------
-----------------------------------------
| rollout/                |             |
|    ep_len_mean          | 2.01e+03    |
|    ep_rew_mean          | 14.5        |
| time/                   |             |
|    fps                  | 1594        |
|    iterations           | 54          |
|    time_elapsed         | 69          |
|    total_timesteps      | 110592      |
| train/                  |             |
|    approx_kl            | 0.003499445 |
|    clip_fraction        | 0.0379      |
|    clip_range           | 0.2         |
|    entropy_loss         | -2.78       |
|    explained_variance   | 0.334       |
|    learning_rate        | 0.0003      |
|    loss                 | 25.6        |
|    n_updates            | 265         |
|    policy_gradient_loss | -0.00147    |
|    std                  | 0.973       |
|    value_loss           | 15.8        |
-----------------------------------------
------------------------------------------
| rollout/                |              |
|    ep_len_mean          | 2.02e+03     |
|    ep_rew_mean          | 14.4         |
| time/                   |              |
|    fps                  | 1598         |
|    iterations           | 55           |
|    time_elapsed         | 70           |
|    total_timesteps      | 112640       |
| train/                  |              |
|    approx_kl            | 0.0071122004 |
|    clip_fraction        | 0.0494       |
|    clip_range           | 0.2          |
|    entropy_loss         | -2.78        |
|    explained_variance   | 0.664        |
|    learning_rate        | 0.0003       |
|    loss                 | 0.7          |
|    n_updates            | 270          |
|    policy_gradient_loss | 0.000304     |
|    std                  | 0.973        |
|    value_loss           | 6.7          |
------------------------------------------
-----------------------------------------
| rollout/                |             |
|    ep_len_mean          | 2.02e+03    |
|    ep_rew_mean          | 14.4        |
| time/                   |             |
|    fps                  | 1600        |
|    iterations           | 56          |
|    time_elapsed         | 71          |
|    total_timesteps      | 114688      |
| train/                  |             |
|    approx_kl            | 0.013422764 |
|    clip_fraction        | 0.144       |
|    clip_range           | 0.2         |
|    entropy_loss         | -2.78       |
|    explained_variance   | -0.0396     |
|    learning_rate        | 0.0003      |
|    loss                 | 1.28        |
|    n_updates            | 275         |
|    policy_gradient_loss | -0.00384    |
|    std                  | 0.973       |
|    value_loss           | 16.5        |
-----------------------------------------
-----------------------------------------
| rollout/                |             |
|    ep_len_mean          | 2.03e+03    |
|    ep_rew_mean          | 14.1        |
| time/                   |             |
|    fps                  | 1603        |
|    iterations           | 57          |
|    time_elapsed         | 72          |
|    total_timesteps      | 116736      |
| train/                  |             |
|    approx_kl            | 0.010038515 |
|    clip_fraction        | 0.112       |
|    clip_range           | 0.2         |
|    entropy_loss         | -2.78       |
|    explained_variance   | 0.615       |
|    learning_rate        | 0.0003      |
|    loss                 | 3.08        |
|    n_updates            | 280         |
|    policy_gradient_loss | -0.00813    |
|    std                  | 0.973       |
|    value_loss           | 7.39        |
-----------------------------------------
-----------------------------------------
| rollout/                |             |
|    ep_len_mean          | 2.03e+03    |
|    ep_rew_mean          | 14.1        |
| time/                   |             |
|    fps                  | 1602        |
|    iterations           | 58          |
|    time_elapsed         | 74          |
|    total_timesteps      | 118784      |
| train/                  |             |
|    approx_kl            | 0.005216169 |
|    clip_fraction        | 0.0251      |
|    clip_range           | 0.2         |
|    entropy_loss         | -2.78       |
|    explained_variance   | 0.47        |
|    learning_rate        | 0.0003      |
|    loss                 | 19.7        |
|    n_updates            | 285         |
|    policy_gradient_loss | -0.00187    |
|    std                  | 0.973       |
|    value_loss           | 16.3        |
-----------------------------------------
------------------------------------------
| rollout/                |              |
|    ep_len_mean          | 2.03e+03     |
|    ep_rew_mean          | 13.8         |
| time/                   |              |
|    fps                  | 1605         |
|    iterations           | 59           |
|    time_elapsed         | 75           |
|    total_timesteps      | 120832       |
| train/                  |              |
|    approx_kl            | 0.0059075356 |
|    clip_fraction        | 0.089        |
|    clip_range           | 0.2          |
|    entropy_loss         | -2.78        |
|    explained_variance   | 0.686        |
|    learning_rate        | 0.0003       |
|    loss                 | 3.27         |
|    n_updates            | 290          |
|    policy_gradient_loss | -0.00274     |
|    std                  | 0.974        |
|    value_loss           | 9.62         |
------------------------------------------
-----------------------------------------
| rollout/                |             |
|    ep_len_mean          | 2.04e+03    |
|    ep_rew_mean          | 13.9        |
| time/                   |             |
|    fps                  | 1608        |
|    iterations           | 60          |
|    time_elapsed         | 76          |
|    total_timesteps      | 122880      |
| train/                  |             |
|    approx_kl            | 0.005381235 |
|    clip_fraction        | 0.0228      |
|    clip_range           | 0.2         |
|    entropy_loss         | -2.79       |
|    explained_variance   | 0.666       |
|    learning_rate        | 0.0003      |
|    loss                 | 1.58        |
|    n_updates            | 295         |
|    policy_gradient_loss | -0.00213    |
|    std                  | 0.974       |
|    value_loss           | 7.64        |
-----------------------------------------
-----------------------------------------
| rollout/                |             |
|    ep_len_mean          | 2.04e+03    |
|    ep_rew_mean          | 14          |
| time/                   |             |
|    fps                  | 1609        |
|    iterations           | 61          |
|    time_elapsed         | 77          |
|    total_timesteps      | 124928      |
| train/                  |             |
|    approx_kl            | 0.004208109 |
|    clip_fraction        | 0.0732      |
|    clip_range           | 0.2         |
|    entropy_loss         | -2.78       |
|    explained_variance   | 0.545       |
|    learning_rate        | 0.0003      |
|    loss                 | 0.212       |
|    n_updates            | 300         |
|    policy_gradient_loss | 0.00201     |
|    std                  | 0.973       |
|    value_loss           | 13.1        |
-----------------------------------------
-----------------------------------------
| rollout/                |             |
|    ep_len_mean          | 2.03e+03    |
|    ep_rew_mean          | 15.7        |
| time/                   |             |
|    fps                  | 1611        |
|    iterations           | 62          |
|    time_elapsed         | 78          |
|    total_timesteps      | 126976      |
| train/                  |             |
|    approx_kl            | 0.007452002 |
|    clip_fraction        | 0.0304      |
|    clip_range           | 0.2         |
|    entropy_loss         | -2.78       |
|    explained_variance   | 0.276       |
|    learning_rate        | 0.0003      |
|    loss                 | 0.87        |
|    n_updates            | 305         |
|    policy_gradient_loss | -0.002      |
|    std                  | 0.973       |
|    value_loss           | 10.1        |
-----------------------------------------
------------------------------------------
| rollout/                |              |
|    ep_len_mean          | 2.03e+03     |
|    ep_rew_mean          | 15.7         |
| time/                   |              |
|    fps                  | 1612         |
|    iterations           | 63           |
|    time_elapsed         | 80           |
|    total_timesteps      | 129024       |
| train/                  |              |
|    approx_kl            | 0.0032064277 |
|    clip_fraction        | 0.00742      |
|    clip_range           | 0.2          |
|    entropy_loss         | -2.78        |
|    explained_variance   | 0.212        |
|    learning_rate        | 0.0003       |
|    loss                 | 169          |
|    n_updates            | 310          |
|    policy_gradient_loss | -0.00185     |
|    std                  | 0.973        |
|    value_loss           | 54.3         |
------------------------------------------
------------------------------------------
| rollout/                |              |
|    ep_len_mean          | 2.03e+03     |
|    ep_rew_mean          | 15.7         |
| time/                   |              |
|    fps                  | 1614         |
|    iterations           | 64           |
|    time_elapsed         | 81           |
|    total_timesteps      | 131072       |
| train/                  |              |
|    approx_kl            | 0.0074481834 |
|    clip_fraction        | 0.0855       |
|    clip_range           | 0.2          |
|    entropy_loss         | -2.78        |
|    explained_variance   | 0.644        |
|    learning_rate        | 0.0003       |
|    loss                 | 0.123        |
|    n_updates            | 315          |
|    policy_gradient_loss | -0.00526     |
|    std                  | 0.971        |
|    value_loss           | 9.39         |
------------------------------------------
-----------------------------------------
| rollout/                |             |
|    ep_len_mean          | 2.03e+03    |
|    ep_rew_mean          | 15.2        |
| time/                   |             |
|    fps                  | 1616        |
|    iterations           | 65          |
|    time_elapsed         | 82          |
|    total_timesteps      | 133120      |
| train/                  |             |
|    approx_kl            | 0.001973708 |
|    clip_fraction        | 0.0194      |
|    clip_range           | 0.2         |
|    entropy_loss         | -2.78       |
|    explained_variance   | 0.814       |
|    learning_rate        | 0.0003      |
|    loss                 | 5.28        |
|    n_updates            | 320         |
|    policy_gradient_loss | -0.000237   |
|    std                  | 0.97        |
|    value_loss           | 3.97        |
-----------------------------------------
------------------------------------------
| rollout/                |              |
|    ep_len_mean          | 2.04e+03     |
|    ep_rew_mean          | 15.3         |
| time/                   |              |
|    fps                  | 1619         |
|    iterations           | 66           |
|    time_elapsed         | 83           |
|    total_timesteps      | 135168       |
| train/                  |              |
|    approx_kl            | 0.0029566935 |
|    clip_fraction        | 0.0041       |
|    clip_range           | 0.2          |
|    entropy_loss         | -2.78        |
|    explained_variance   | 0.569        |
|    learning_rate        | 0.0003       |
|    loss                 | 13           |
|    n_updates            | 325          |
|    policy_gradient_loss | -0.0016      |
|    std                  | 0.971        |
|    value_loss           | 12.3         |
------------------------------------------
------------------------------------------
| rollout/                |              |
|    ep_len_mean          | 2.04e+03     |
|    ep_rew_mean          | 15.1         |
| time/                   |              |
|    fps                  | 1620         |
|    iterations           | 67           |
|    time_elapsed         | 84           |
|    total_timesteps      | 137216       |
| train/                  |              |
|    approx_kl            | 0.0070931856 |
|    clip_fraction        | 0.0378       |
|    clip_range           | 0.2          |
|    entropy_loss         | -2.78        |
|    explained_variance   | 0.737        |
|    learning_rate        | 0.0003       |
|    loss                 | 0.583        |
|    n_updates            | 330          |
|    policy_gradient_loss | -0.00263     |
|    std                  | 0.971        |
|    value_loss           | 9.74         |
------------------------------------------
-----------------------------------------
| rollout/                |             |
|    ep_len_mean          | 2.04e+03    |
|    ep_rew_mean          | 15.1        |
| time/                   |             |
|    fps                  | 1620        |
|    iterations           | 68          |
|    time_elapsed         | 85          |
|    total_timesteps      | 139264      |
| train/                  |             |
|    approx_kl            | 0.004046014 |
|    clip_fraction        | 0.0283      |
|    clip_range           | 0.2         |
|    entropy_loss         | -2.78       |
|    explained_variance   | 0.48        |
|    learning_rate        | 0.0003      |
|    loss                 | 3.45        |
|    n_updates            | 335         |
|    policy_gradient_loss | -0.000236   |
|    std                  | 0.972       |
|    value_loss           | 17.5        |
-----------------------------------------
-----------------------------------------
| rollout/                |             |
|    ep_len_mean          | 2.04e+03    |
|    ep_rew_mean          | 16.8        |
| time/                   |             |
|    fps                  | 1622        |
|    iterations           | 69          |
|    time_elapsed         | 87          |
|    total_timesteps      | 141312      |
| train/                  |             |
|    approx_kl            | 0.007019984 |
|    clip_fraction        | 0.0758      |
|    clip_range           | 0.2         |
|    entropy_loss         | -2.78       |
|    explained_variance   | 0.385       |
|    learning_rate        | 0.0003      |
|    loss                 | 4.95        |
|    n_updates            | 340         |
|    policy_gradient_loss | -0.00234    |
|    std                  | 0.972       |
|    value_loss           | 9.46        |
-----------------------------------------
-----------------------------------------
| rollout/                |             |
|    ep_len_mean          | 2.04e+03    |
|    ep_rew_mean          | 16.8        |
| time/                   |             |
|    fps                  | 1623        |
|    iterations           | 70          |
|    time_elapsed         | 88          |
|    total_timesteps      | 143360      |
| train/                  |             |
|    approx_kl            | 0.004174865 |
|    clip_fraction        | 0.0212      |
|    clip_range           | 0.2         |
|    entropy_loss         | -2.78       |
|    explained_variance   | 0.151       |
|    learning_rate        | 0.0003      |
|    loss                 | 0.415       |
|    n_updates            | 345         |
|    policy_gradient_loss | -0.00244    |
|    std                  | 0.972       |
|    value_loss           | 47.9        |
-----------------------------------------
------------------------------------------
| rollout/                |              |
|    ep_len_mean          | 2.04e+03     |
|    ep_rew_mean          | 16.7         |
| time/                   |              |
|    fps                  | 1624         |
|    iterations           | 71           |
|    time_elapsed         | 89           |
|    total_timesteps      | 145408       |
| train/                  |              |
|    approx_kl            | 0.0049077207 |
|    clip_fraction        | 0.0712       |
|    clip_range           | 0.2          |
|    entropy_loss         | -2.78        |
|    explained_variance   | 0.358        |
|    learning_rate        | 0.0003       |
|    loss                 | 0.325        |
|    n_updates            | 350          |
|    policy_gradient_loss | -0.00496     |
|    std                  | 0.972        |
|    value_loss           | 8.12         |
------------------------------------------
-----------------------------------------
| rollout/                |             |
|    ep_len_mean          | 2.04e+03    |
|    ep_rew_mean          | 16.7        |
| time/                   |             |
|    fps                  | 1624        |
|    iterations           | 72          |
|    time_elapsed         | 90          |
|    total_timesteps      | 147456      |
| train/                  |             |
|    approx_kl            | 0.002238547 |
|    clip_fraction        | 0.0425      |
|    clip_range           | 0.2         |
|    entropy_loss         | -2.78       |
|    explained_variance   | 0.199       |
|    learning_rate        | 0.0003      |
|    loss                 | 0.0302      |
|    n_updates            | 355         |
|    policy_gradient_loss | -0.00237    |
|    std                  | 0.972       |
|    value_loss           | 12.2        |
-----------------------------------------
-----------------------------------------
| rollout/                |             |
|    ep_len_mean          | 2.05e+03    |
|    ep_rew_mean          | 16.6        |
| time/                   |             |
|    fps                  | 1625        |
|    iterations           | 73          |
|    time_elapsed         | 91          |
|    total_timesteps      | 149504      |
| train/                  |             |
|    approx_kl            | 0.002133938 |
|    clip_fraction        | 0.00459     |
|    clip_range           | 0.2         |
|    entropy_loss         | -2.78       |
|    explained_variance   | 0.574       |
|    learning_rate        | 0.0003      |
|    loss                 | 7.91        |
|    n_updates            | 360         |
|    policy_gradient_loss | -0.00139    |
|    std                  | 0.971       |
|    value_loss           | 15.7        |
-----------------------------------------
------------------------------------------
| rollout/                |              |
|    ep_len_mean          | 2.05e+03     |
|    ep_rew_mean          | 16.5         |
| time/                   |              |
|    fps                  | 1626         |
|    iterations           | 74           |
|    time_elapsed         | 93           |
|    total_timesteps      | 151552       |
| train/                  |              |
|    approx_kl            | 0.0035554413 |
|    clip_fraction        | 0.0515       |
|    clip_range           | 0.2          |
|    entropy_loss         | -2.78        |
|    explained_variance   | 0.34         |
|    learning_rate        | 0.0003       |
|    loss                 | 5.28         |
|    n_updates            | 365          |
|    policy_gradient_loss | -0.000531    |
|    std                  | 0.972        |
|    value_loss           | 14.1         |
------------------------------------------
-----------------------------------------
| rollout/                |             |
|    ep_len_mean          | 2.04e+03    |
|    ep_rew_mean          | 16.6        |
| time/                   |             |
|    fps                  | 1627        |
|    iterations           | 75          |
|    time_elapsed         | 94          |
|    total_timesteps      | 153600      |
| train/                  |             |
|    approx_kl            | 0.009224326 |
|    clip_fraction        | 0.0415      |
|    clip_range           | 0.2         |
|    entropy_loss         | -2.78       |
|    explained_variance   | 0.565       |
|    learning_rate        | 0.0003      |
|    loss                 | 22.9        |
|    n_updates            | 370         |
|    policy_gradient_loss | -0.00345    |
|    std                  | 0.972       |
|    value_loss           | 10.2        |
-----------------------------------------
-----------------------------------------
| rollout/                |             |
|    ep_len_mean          | 2.05e+03    |
|    ep_rew_mean          | 16.6        |
| time/                   |             |
|    fps                  | 1629        |
|    iterations           | 76          |
|    time_elapsed         | 95          |
|    total_timesteps      | 155648      |
| train/                  |             |
|    approx_kl            | 0.006331152 |
|    clip_fraction        | 0.0764      |
|    clip_range           | 0.2         |
|    entropy_loss         | -2.78       |
|    explained_variance   | 0.479       |
|    learning_rate        | 0.0003      |
|    loss                 | 5.62        |
|    n_updates            | 375         |
|    policy_gradient_loss | -0.00284    |
|    std                  | 0.972       |
|    value_loss           | 11.3        |
-----------------------------------------
------------------------------------------
| rollout/                |              |
|    ep_len_mean          | 2.05e+03     |
|    ep_rew_mean          | 16.6         |
| time/                   |              |
|    fps                  | 1629         |
|    iterations           | 77           |
|    time_elapsed         | 96           |
|    total_timesteps      | 157696       |
| train/                  |              |
|    approx_kl            | 0.0062555773 |
|    clip_fraction        | 0.0278       |
|    clip_range           | 0.2          |
|    entropy_loss         | -2.78        |
|    explained_variance   | 0.477        |
|    learning_rate        | 0.0003       |
|    loss                 | 12.5         |
|    n_updates            | 380          |
|    policy_gradient_loss | -0.00342     |
|    std                  | 0.972        |
|    value_loss           | 10.1         |
------------------------------------------
------------------------------------------
| rollout/                |              |
|    ep_len_mean          | 2.05e+03     |
|    ep_rew_mean          | 16.3         |
| time/                   |              |
|    fps                  | 1631         |
|    iterations           | 78           |
|    time_elapsed         | 97           |
|    total_timesteps      | 159744       |
| train/                  |              |
|    approx_kl            | 0.0034978809 |
|    clip_fraction        | 0.0102       |
|    clip_range           | 0.2          |
|    entropy_loss         | -2.78        |
|    explained_variance   | 0.667        |
|    learning_rate        | 0.0003       |
|    loss                 | 1.58         |
|    n_updates            | 385          |
|    policy_gradient_loss | -0.00277     |
|    std                  | 0.972        |
|    value_loss           | 7.37         |
------------------------------------------
----------------------------------------
| rollout/                |            |
|    ep_len_mean          | 2.05e+03   |
|    ep_rew_mean          | 16.2       |
| time/                   |            |
|    fps                  | 1631       |
|    iterations           | 79         |
|    time_elapsed         | 99         |
|    total_timesteps      | 161792     |
| train/                  |            |
|    approx_kl            | 0.00701233 |
|    clip_fraction        | 0.0289     |
|    clip_range           | 0.2        |
|    entropy_loss         | -2.78      |
|    explained_variance   | 0.515      |
|    learning_rate        | 0.0003     |
|    loss                 | 0.127      |
|    n_updates            | 390        |
|    policy_gradient_loss | -0.00296   |
|    std                  | 0.971      |
|    value_loss           | 15.2       |
----------------------------------------
------------------------------------------
| rollout/                |              |
|    ep_len_mean          | 2.06e+03     |
|    ep_rew_mean          | 16.1         |
| time/                   |              |
|    fps                  | 1632         |
|    iterations           | 80           |
|    time_elapsed         | 100          |
|    total_timesteps      | 163840       |
| train/                  |              |
|    approx_kl            | 0.0046742787 |
|    clip_fraction        | 0.0972       |
|    clip_range           | 0.2          |
|    entropy_loss         | -2.78        |
|    explained_variance   | 0.215        |
|    learning_rate        | 0.0003       |
|    loss                 | 0.0562       |
|    n_updates            | 395          |
|    policy_gradient_loss | -0.00622     |
|    std                  | 0.97         |
|    value_loss           | 9.92         |
------------------------------------------
------------------------------------------
| rollout/                |              |
|    ep_len_mean          | 2.05e+03     |
|    ep_rew_mean          | 16           |
| time/                   |              |
|    fps                  | 1633         |
|    iterations           | 81           |
|    time_elapsed         | 101          |
|    total_timesteps      | 165888       |
| train/                  |              |
|    approx_kl            | 0.0052420916 |
|    clip_fraction        | 0.0542       |
|    clip_range           | 0.2          |
|    entropy_loss         | -2.78        |
|    explained_variance   | 0.5          |
|    learning_rate        | 0.0003       |
|    loss                 | 2.94         |
|    n_updates            | 400          |
|    policy_gradient_loss | -0.00309     |
|    std                  | 0.969        |
|    value_loss           | 13.8         |
------------------------------------------
-----------------------------------------
| rollout/                |             |
|    ep_len_mean          | 2.05e+03    |
|    ep_rew_mean          | 16          |
| time/                   |             |
|    fps                  | 1634        |
|    iterations           | 82          |
|    time_elapsed         | 102         |
|    total_timesteps      | 167936      |
| train/                  |             |
|    approx_kl            | 0.003068412 |
|    clip_fraction        | 0.0128      |
|    clip_range           | 0.2         |
|    entropy_loss         | -2.77       |
|    explained_variance   | 0.47        |
|    learning_rate        | 0.0003      |
|    loss                 | 3.73        |
|    n_updates            | 405         |
|    policy_gradient_loss | -0.000723   |
|    std                  | 0.968       |
|    value_loss           | 12.7        |
-----------------------------------------
-----------------------------------------
| rollout/                |             |
|    ep_len_mean          | 2.06e+03    |
|    ep_rew_mean          | 15.9        |
| time/                   |             |
|    fps                  | 1635        |
|    iterations           | 83          |
|    time_elapsed         | 103         |
|    total_timesteps      | 169984      |
| train/                  |             |
|    approx_kl            | 0.003234961 |
|    clip_fraction        | 0.0331      |
|    clip_range           | 0.2         |
|    entropy_loss         | -2.77       |
|    explained_variance   | 0.646       |
|    learning_rate        | 0.0003      |
|    loss                 | 7.6         |
|    n_updates            | 410         |
|    policy_gradient_loss | -0.00255    |
|    std                  | 0.968       |
|    value_loss           | 6.73        |
-----------------------------------------
-----------------------------------------
| rollout/                |             |
|    ep_len_mean          | 2.06e+03    |
|    ep_rew_mean          | 15.7        |
| time/                   |             |
|    fps                  | 1635        |
|    iterations           | 84          |
|    time_elapsed         | 105         |
|    total_timesteps      | 172032      |
| train/                  |             |
|    approx_kl            | 0.022311913 |
|    clip_fraction        | 0.0936      |
|    clip_range           | 0.2         |
|    entropy_loss         | -2.77       |
|    explained_variance   | 0.562       |
|    learning_rate        | 0.0003      |
|    loss                 | 0.0965      |
|    n_updates            | 415         |
|    policy_gradient_loss | -0.00123    |
|    std                  | 0.968       |
|    value_loss           | 12.3        |
-----------------------------------------
-----------------------------------------
| rollout/                |             |
|    ep_len_mean          | 2.05e+03    |
|    ep_rew_mean          | 15.5        |
| time/                   |             |
|    fps                  | 1636        |
|    iterations           | 85          |
|    time_elapsed         | 106         |
|    total_timesteps      | 174080      |
| train/                  |             |
|    approx_kl            | 0.008563672 |
|    clip_fraction        | 0.0945      |
|    clip_range           | 0.2         |
|    entropy_loss         | -2.77       |
|    explained_variance   | 0.615       |
|    learning_rate        | 0.0003      |
|    loss                 | 6.3         |
|    n_updates            | 420         |
|    policy_gradient_loss | -0.000518   |
|    std                  | 0.968       |
|    value_loss           | 8.97        |
-----------------------------------------
------------------------------------------
| rollout/                |              |
|    ep_len_mean          | 2.05e+03     |
|    ep_rew_mean          | 15.5         |
| time/                   |              |
|    fps                  | 1637         |
|    iterations           | 86           |
|    time_elapsed         | 107          |
|    total_timesteps      | 176128       |
| train/                  |              |
|    approx_kl            | 0.0010050705 |
|    clip_fraction        | 0.00117      |
|    clip_range           | 0.2          |
|    entropy_loss         | -2.77        |
|    explained_variance   | 0.662        |
|    learning_rate        | 0.0003       |
|    loss                 | 3.17         |
|    n_updates            | 425          |
|    policy_gradient_loss | -0.000411    |
|    std                  | 0.967        |
|    value_loss           | 17.2         |
------------------------------------------
----------------------------------------
| rollout/                |            |
|    ep_len_mean          | 2.06e+03   |
|    ep_rew_mean          | 15.5       |
| time/                   |            |
|    fps                  | 1639       |
|    iterations           | 87         |
|    time_elapsed         | 108        |
|    total_timesteps      | 178176     |
| train/                  |            |
|    approx_kl            | 0.00943177 |
|    clip_fraction        | 0.039      |
|    clip_range           | 0.2        |
|    entropy_loss         | -2.77      |
|    explained_variance   | 0.641      |
|    learning_rate        | 0.0003     |
|    loss                 | 1.35       |
|    n_updates            | 430        |
|    policy_gradient_loss | -0.000924  |
|    std                  | 0.967      |
|    value_loss           | 10.6       |
----------------------------------------
------------------------------------------
| rollout/                |              |
|    ep_len_mean          | 2.06e+03     |
|    ep_rew_mean          | 15           |
| time/                   |              |
|    fps                  | 1639         |
|    iterations           | 88           |
|    time_elapsed         | 109          |
|    total_timesteps      | 180224       |
| train/                  |              |
|    approx_kl            | 0.0015701163 |
|    clip_fraction        | 0.00264      |
|    clip_range           | 0.2          |
|    entropy_loss         | -2.77        |
|    explained_variance   | 0.707        |
|    learning_rate        | 0.0003       |
|    loss                 | 17.4         |
|    n_updates            | 435          |
|    policy_gradient_loss | -0.000861    |
|    std                  | 0.967        |
|    value_loss           | 12.2         |
------------------------------------------
------------------------------------------
| rollout/                |              |
|    ep_len_mean          | 2.06e+03     |
|    ep_rew_mean          | 15           |
| time/                   |              |
|    fps                  | 1639         |
|    iterations           | 89           |
|    time_elapsed         | 111          |
|    total_timesteps      | 182272       |
| train/                  |              |
|    approx_kl            | 0.0021196376 |
|    clip_fraction        | 0.0676       |
|    clip_range           | 0.2          |
|    entropy_loss         | -2.77        |
|    explained_variance   | 0.688        |
|    learning_rate        | 0.0003       |
|    loss                 | 22           |
|    n_updates            | 440          |
|    policy_gradient_loss | -0.000843    |
|    std                  | 0.967        |
|    value_loss           | 17.4         |
------------------------------------------
-----------------------------------------
| rollout/                |             |
|    ep_len_mean          | 2.06e+03    |
|    ep_rew_mean          | 15          |
| time/                   |             |
|    fps                  | 1640        |
|    iterations           | 90          |
|    time_elapsed         | 112         |
|    total_timesteps      | 184320      |
| train/                  |             |
|    approx_kl            | 0.002603381 |
|    clip_fraction        | 0.0164      |
|    clip_range           | 0.2         |
|    entropy_loss         | -2.77       |
|    explained_variance   | 0.663       |
|    learning_rate        | 0.0003      |
|    loss                 | 4.6         |
|    n_updates            | 445         |
|    policy_gradient_loss | -0.000739   |
|    std                  | 0.967       |
|    value_loss           | 13.1        |
-----------------------------------------
------------------------------------------
| rollout/                |              |
|    ep_len_mean          | 2.06e+03     |
|    ep_rew_mean          | 15           |
| time/                   |              |
|    fps                  | 1641         |
|    iterations           | 91           |
|    time_elapsed         | 113          |
|    total_timesteps      | 186368       |
| train/                  |              |
|    approx_kl            | 0.0039700046 |
|    clip_fraction        | 0.0257       |
|    clip_range           | 0.2          |
|    entropy_loss         | -2.77        |
|    explained_variance   | 0.649        |
|    learning_rate        | 0.0003       |
|    loss                 | 6.59         |
|    n_updates            | 450          |
|    policy_gradient_loss | -0.00162     |
|    std                  | 0.967        |
|    value_loss           | 9.31         |
------------------------------------------
------------------------------------------
| rollout/                |              |
|    ep_len_mean          | 2.07e+03     |
|    ep_rew_mean          | 14.8         |
| time/                   |              |
|    fps                  | 1642         |
|    iterations           | 92           |
|    time_elapsed         | 114          |
|    total_timesteps      | 188416       |
| train/                  |              |
|    approx_kl            | 0.0035158624 |
|    clip_fraction        | 0.0152       |
|    clip_range           | 0.2          |
|    entropy_loss         | -2.77        |
|    explained_variance   | 0.765        |
|    learning_rate        | 0.0003       |
|    loss                 | 2.76         |
|    n_updates            | 455          |
|    policy_gradient_loss | -0.00168     |
|    std                  | 0.967        |
|    value_loss           | 4.03         |
------------------------------------------
-----------------------------------------
| rollout/                |             |
|    ep_len_mean          | 2.05e+03    |
|    ep_rew_mean          | 15.9        |
| time/                   |             |
|    fps                  | 1642        |
|    iterations           | 93          |
|    time_elapsed         | 115         |
|    total_timesteps      | 190464      |
| train/                  |             |
|    approx_kl            | 0.015034026 |
|    clip_fraction        | 0.0946      |
|    clip_range           | 0.2         |
|    entropy_loss         | -2.77       |
|    explained_variance   | 0.845       |
|    learning_rate        | 0.0003      |
|    loss                 | 8.58        |
|    n_updates            | 460         |
|    policy_gradient_loss | -0.0022     |
|    std                  | 0.967       |
|    value_loss           | 5.68        |
-----------------------------------------
-----------------------------------------
| rollout/                |             |
|    ep_len_mean          | 2.06e+03    |
|    ep_rew_mean          | 15.8        |
| time/                   |             |
|    fps                  | 1642        |
|    iterations           | 94          |
|    time_elapsed         | 117         |
|    total_timesteps      | 192512      |
| train/                  |             |
|    approx_kl            | 0.001125197 |
|    clip_fraction        | 0.0623      |
|    clip_range           | 0.2         |
|    entropy_loss         | -2.77       |
|    explained_variance   | 0.122       |
|    learning_rate        | 0.0003      |
|    loss                 | 2.75        |
|    n_updates            | 465         |
|    policy_gradient_loss | -0.00159    |
|    std                  | 0.967       |
|    value_loss           | 59.5        |
-----------------------------------------
-----------------------------------------
| rollout/                |             |
|    ep_len_mean          | 2.06e+03    |
|    ep_rew_mean          | 15.8        |
| time/                   |             |
|    fps                  | 1642        |
|    iterations           | 95          |
|    time_elapsed         | 118         |
|    total_timesteps      | 194560      |
| train/                  |             |
|    approx_kl            | 0.004596293 |
|    clip_fraction        | 0.0285      |
|    clip_range           | 0.2         |
|    entropy_loss         | -2.77       |
|    explained_variance   | 0.63        |
|    learning_rate        | 0.0003      |
|    loss                 | 2.38        |
|    n_updates            | 470         |
|    policy_gradient_loss | -0.004      |
|    std                  | 0.966       |
|    value_loss           | 8.95        |
-----------------------------------------
------------------------------------------
| rollout/                |              |
|    ep_len_mean          | 2.06e+03     |
|    ep_rew_mean          | 15.7         |
| time/                   |              |
|    fps                  | 1644         |
|    iterations           | 96           |
|    time_elapsed         | 119          |
|    total_timesteps      | 196608       |
| train/                  |              |
|    approx_kl            | 0.0016875502 |
|    clip_fraction        | 0.0176       |
|    clip_range           | 0.2          |
|    entropy_loss         | -2.77        |
|    explained_variance   | 0.622        |
|    learning_rate        | 0.0003       |
|    loss                 | 2.3          |
|    n_updates            | 475          |
|    policy_gradient_loss | -0.00295     |
|    std                  | 0.966        |
|    value_loss           | 8.59         |
------------------------------------------
------------------------------------------
| rollout/                |              |
|    ep_len_mean          | 2.06e+03     |
|    ep_rew_mean          | 16.5         |
| time/                   |              |
|    fps                  | 1644         |
|    iterations           | 97           |
|    time_elapsed         | 120          |
|    total_timesteps      | 198656       |
| train/                  |              |
|    approx_kl            | 0.0040521855 |
|    clip_fraction        | 0.0124       |
|    clip_range           | 0.2          |
|    entropy_loss         | -2.77        |
|    explained_variance   | 0.669        |
|    learning_rate        | 0.0003       |
|    loss                 | 10.3         |
|    n_updates            | 480          |
|    policy_gradient_loss | -0.00292     |
|    std                  | 0.967        |
|    value_loss           | 12.3         |
------------------------------------------
-----------------------------------------
| rollout/                |             |
|    ep_len_mean          | 2.06e+03    |
|    ep_rew_mean          | 16.5        |
| time/                   |             |
|    fps                  | 1643        |
|    iterations           | 98          |
|    time_elapsed         | 122         |
|    total_timesteps      | 200704      |
| train/                  |             |
|    approx_kl            | 0.007433368 |
|    clip_fraction        | 0.0516      |
|    clip_range           | 0.2         |
|    entropy_loss         | -2.77       |
|    explained_variance   | 0.0139      |
|    learning_rate        | 0.0003      |
|    loss                 | 4.34        |
|    n_updates            | 485         |
|    policy_gradient_loss | -0.00273    |
|    std                  | 0.966       |
|    value_loss           | 60.5        |
-----------------------------------------
------------------------------------------
| rollout/                |              |
|    ep_len_mean          | 2.06e+03     |
|    ep_rew_mean          | 16.5         |
| time/                   |              |
|    fps                  | 1644         |
|    iterations           | 99           |
|    time_elapsed         | 123          |
|    total_timesteps      | 202752       |
| train/                  |              |
|    approx_kl            | 0.0031380332 |
|    clip_fraction        | 0.114        |
|    clip_range           | 0.2          |
|    entropy_loss         | -2.77        |
|    explained_variance   | 0.759        |
|    learning_rate        | 0.0003       |
|    loss                 | 1.63         |
|    n_updates            | 490          |
|    policy_gradient_loss | 0.00449      |
|    std                  | 0.966        |
|    value_loss           | 6.43         |
------------------------------------------
------------------------------------------
| rollout/                |              |
|    ep_len_mean          | 2.06e+03     |
|    ep_rew_mean          | 16.5         |
| time/                   |              |
|    fps                  | 1645         |
|    iterations           | 100          |
|    time_elapsed         | 124          |
|    total_timesteps      | 204800       |
| train/                  |              |
|    approx_kl            | 0.0019494859 |
|    clip_fraction        | 0.0239       |
|    clip_range           | 0.2          |
|    entropy_loss         | -2.77        |
|    explained_variance   | 0.706        |
|    learning_rate        | 0.0003       |
|    loss                 | 5.1          |
|    n_updates            | 495          |
|    policy_gradient_loss | -9.37e-05    |
|    std                  | 0.966        |
|    value_loss           | 11.6         |
------------------------------------------

CP1 held-out: 9/50 hits (18.0%), mean miss 10.6 m, mean reward 12.40

==== babysit CP2 2026-09-16 13:54:54 ====
CP2: evasive lineage | max_time=45s t_go_max=10s | tracking=True | obs=12-D | miss_tanh_scale=3000m shaping_gamma=1 effort_weight=5 precision_weight=0 -> out=/Users/vincenzo/Desktop/Projects/Physics Sim Project/missile_guidance_sim/outputs/evasive_zemtgo10_seed14
---------------------------------
| rollout/           |          |
|    ep_len_mean     | 2.06e+03 |
|    ep_rew_mean     | 16.5     |
| time/              |          |
|    fps             | 4172     |
|    iterations      | 1        |
|    time_elapsed    | 0        |
|    total_timesteps | 206848   |
---------------------------------
------------------------------------------
| rollout/                |              |
|    ep_len_mean          | 2.06e+03     |
|    ep_rew_mean          | 16.5         |
| time/                   |              |
|    fps                  | 1189         |
|    iterations           | 2            |
|    time_elapsed         | 3            |
|    total_timesteps      | 208896       |
| train/                  |              |
|    approx_kl            | 0.0044780234 |
|    clip_fraction        | 0.0284       |
|    clip_range           | 0.2          |
|    entropy_loss         | -2.77        |
|    explained_variance   | 0.488        |
|    learning_rate        | 0.0003       |
|    loss                 | 2.94         |
|    n_updates            | 505          |
|    policy_gradient_loss | -0.00365     |
|    std                  | 0.966        |
|    value_loss           | 5.58         |
------------------------------------------
------------------------------------------
| rollout/                |              |
|    ep_len_mean          | 2.06e+03     |
|    ep_rew_mean          | 16.5         |
| time/                   |              |
|    fps                  | 1030         |
|    iterations           | 3            |
|    time_elapsed         | 5            |
|    total_timesteps      | 210944       |
| train/                  |              |
|    approx_kl            | 0.0035152358 |
|    clip_fraction        | 0.022        |
|    clip_range           | 0.2          |
|    entropy_loss         | -2.77        |
|    explained_variance   | 0.664        |
|    learning_rate        | 0.0003       |
|    loss                 | 1.06         |
|    n_updates            | 510          |
|    policy_gradient_loss | -0.00296     |
|    std                  | 0.966        |
|    value_loss           | 8.87         |
------------------------------------------
----------------------------------------
| rollout/                |            |
|    ep_len_mean          | 2.06e+03   |
|    ep_rew_mean          | 16.5       |
| time/                   |            |
|    fps                  | 943        |
|    iterations           | 4          |
|    time_elapsed         | 8          |
|    total_timesteps      | 212992     |
| train/                  |            |
|    approx_kl            | 0.00353431 |
|    clip_fraction        | 0.0172     |
|    clip_range           | 0.2        |
|    entropy_loss         | -2.77      |
|    explained_variance   | 0.864      |
|    learning_rate        | 0.0003     |
|    loss                 | 0.959      |
|    n_updates            | 515        |
|    policy_gradient_loss | -0.00189   |
|    std                  | 0.966      |
|    value_loss           | 2.45       |
----------------------------------------
-----------------------------------------
| rollout/                |             |
|    ep_len_mean          | 2.06e+03    |
|    ep_rew_mean          | 17          |
| time/                   |             |
|    fps                  | 937         |
|    iterations           | 5           |
|    time_elapsed         | 10          |
|    total_timesteps      | 215040      |
| train/                  |             |
|    approx_kl            | 0.006713628 |
|    clip_fraction        | 0.0307      |
|    clip_range           | 0.2         |
|    entropy_loss         | -2.77       |
|    explained_variance   | 0.881       |
|    learning_rate        | 0.0003      |
|    loss                 | 1.11        |
|    n_updates            | 520         |
|    policy_gradient_loss | -0.00212    |
|    std                  | 0.967       |
|    value_loss           | 3.06        |
-----------------------------------------
-----------------------------------------
| rollout/                |             |
|    ep_len_mean          | 2.06e+03    |
|    ep_rew_mean          | 17          |
| time/                   |             |
|    fps                  | 65          |
|    iterations           | 6           |
|    time_elapsed         | 188         |
|    total_timesteps      | 217088      |
| train/                  |             |
|    approx_kl            | 0.008571686 |
|    clip_fraction        | 0.0364      |
|    clip_range           | 0.2         |
|    entropy_loss         | -2.77       |
|    explained_variance   | -0.203      |
|    learning_rate        | 0.0003      |
|    loss                 | 197         |
|    n_updates            | 525         |
|    policy_gradient_loss | -0.000447   |
|    std                  | 0.968       |
|    value_loss           | 71.9        |
-----------------------------------------
------------------------------------------
| rollout/                |              |
|    ep_len_mean          | 2.05e+03     |
|    ep_rew_mean          | 18.4         |
| time/                   |              |
|    fps                  | 75           |
|    iterations           | 7            |
|    time_elapsed         | 189          |
|    total_timesteps      | 219136       |
| train/                  |              |
|    approx_kl            | 0.0041687107 |
|    clip_fraction        | 0.0355       |
|    clip_range           | 0.2          |
|    entropy_loss         | -2.77        |
|    explained_variance   | 0.384        |
|    learning_rate        | 0.0003       |
|    loss                 | 1.63         |
|    n_updates            | 530          |
|    policy_gradient_loss | -0.00311     |
|    std                  | 0.967        |
|    value_loss           | 12.7         |
------------------------------------------
------------------------------------------
| rollout/                |              |
|    ep_len_mean          | 2.05e+03     |
|    ep_rew_mean          | 18.8         |
| time/                   |              |
|    fps                  | 85           |
|    iterations           | 8            |
|    time_elapsed         | 190          |
|    total_timesteps      | 221184       |
| train/                  |              |
|    approx_kl            | 0.0015496796 |
|    clip_fraction        | 0.0175       |
|    clip_range           | 0.2          |
|    entropy_loss         | -2.77        |
|    explained_variance   | 0.163        |
|    learning_rate        | 0.0003       |
|    loss                 | 1.24         |
|    n_updates            | 535          |
|    policy_gradient_loss | -0.00142     |
|    std                  | 0.966        |
|    value_loss           | 56.9         |
------------------------------------------
------------------------------------------
| rollout/                |              |
|    ep_len_mean          | 2.05e+03     |
|    ep_rew_mean          | 19.1         |
| time/                   |              |
|    fps                  | 95           |
|    iterations           | 9            |
|    time_elapsed         | 192          |
|    total_timesteps      | 223232       |
| train/                  |              |
|    approx_kl            | 0.0026629993 |
|    clip_fraction        | 0.0084       |
|    clip_range           | 0.2          |
|    entropy_loss         | -2.77        |
|    explained_variance   | 0.735        |
|    learning_rate        | 0.0003       |
|    loss                 | 0.762        |
|    n_updates            | 540          |
|    policy_gradient_loss | -0.00133     |
|    std                  | 0.966        |
|    value_loss           | 11           |
------------------------------------------
------------------------------------------
| rollout/                |              |
|    ep_len_mean          | 2.05e+03     |
|    ep_rew_mean          | 19.1         |
| time/                   |              |
|    fps                  | 105          |
|    iterations           | 10           |
|    time_elapsed         | 193          |
|    total_timesteps      | 225280       |
| train/                  |              |
|    approx_kl            | 0.0034919803 |
|    clip_fraction        | 0.016        |
|    clip_range           | 0.2          |
|    entropy_loss         | -2.77        |
|    explained_variance   | 0.637        |
|    learning_rate        | 0.0003       |
|    loss                 | 7.1          |
|    n_updates            | 545          |
|    policy_gradient_loss | -0.00133     |
|    std                  | 0.966        |
|    value_loss           | 10.6         |
------------------------------------------
------------------------------------------
| rollout/                |              |
|    ep_len_mean          | 2.05e+03     |
|    ep_rew_mean          | 19.8         |
| time/                   |              |
|    fps                  | 115          |
|    iterations           | 11           |
|    time_elapsed         | 194          |
|    total_timesteps      | 227328       |
| train/                  |              |
|    approx_kl            | 0.0023810195 |
|    clip_fraction        | 0.0116       |
|    clip_range           | 0.2          |
|    entropy_loss         | -2.77        |
|    explained_variance   | 0.656        |
|    learning_rate        | 0.0003       |
|    loss                 | 4.53         |
|    n_updates            | 550          |
|    policy_gradient_loss | -0.000382    |
|    std                  | 0.966        |
|    value_loss           | 8.23         |
------------------------------------------
------------------------------------------
| rollout/                |              |
|    ep_len_mean          | 2.05e+03     |
|    ep_rew_mean          | 19.8         |
| time/                   |              |
|    fps                  | 125          |
|    iterations           | 12           |
|    time_elapsed         | 196          |
|    total_timesteps      | 229376       |
| train/                  |              |
|    approx_kl            | 0.0038010553 |
|    clip_fraction        | 0.0156       |
|    clip_range           | 0.2          |
|    entropy_loss         | -2.77        |
|    explained_variance   | 0.716        |
|    learning_rate        | 0.0003       |
|    loss                 | 0.473        |
|    n_updates            | 555          |
|    policy_gradient_loss | -0.00156     |
|    std                  | 0.966        |
|    value_loss           | 8.71         |
------------------------------------------
-----------------------------------------
| rollout/                |             |
|    ep_len_mean          | 2.05e+03    |
|    ep_rew_mean          | 20.9        |
| time/                   |             |
|    fps                  | 134         |
|    iterations           | 13          |
|    time_elapsed         | 197         |
|    total_timesteps      | 231424      |
| train/                  |             |
|    approx_kl            | 0.002859805 |
|    clip_fraction        | 0.0543      |
|    clip_range           | 0.2         |
|    entropy_loss         | -2.77       |
|    explained_variance   | 0.628       |
|    learning_rate        | 0.0003      |
|    loss                 | 3.64        |
|    n_updates            | 560         |
|    policy_gradient_loss | 0.000389    |
|    std                  | 0.966       |
|    value_loss           | 9.34        |
-----------------------------------------
-----------------------------------------
| rollout/                |             |
|    ep_len_mean          | 2.05e+03    |
|    ep_rew_mean          | 21.4        |
| time/                   |             |
|    fps                  | 144         |
|    iterations           | 14          |
|    time_elapsed         | 198         |
|    total_timesteps      | 233472      |
| train/                  |             |
|    approx_kl            | 0.002753339 |
|    clip_fraction        | 0.014       |
|    clip_range           | 0.2         |
|    entropy_loss         | -2.77       |
|    explained_variance   | 0.713       |
|    learning_rate        | 0.0003      |
|    loss                 | 4.43        |
|    n_updates            | 565         |
|    policy_gradient_loss | -0.00138    |
|    std                  | 0.965       |
|    value_loss           | 9.35        |
-----------------------------------------
------------------------------------------
| rollout/                |              |
|    ep_len_mean          | 2.05e+03     |
|    ep_rew_mean          | 21.6         |
| time/                   |              |
|    fps                  | 153          |
|    iterations           | 15           |
|    time_elapsed         | 200          |
|    total_timesteps      | 235520       |
| train/                  |              |
|    approx_kl            | 0.0035654919 |
|    clip_fraction        | 0.121        |
|    clip_range           | 0.2          |
|    entropy_loss         | -2.77        |
|    explained_variance   | 0.546        |
|    learning_rate        | 0.0003       |
|    loss                 | 1.46         |
|    n_updates            | 570          |
|    policy_gradient_loss | 0.00623      |
|    std                  | 0.965        |
|    value_loss           | 9.57         |
------------------------------------------
------------------------------------------
| rollout/                |              |
|    ep_len_mean          | 2.05e+03     |
|    ep_rew_mean          | 21.6         |
| time/                   |              |
|    fps                  | 162          |
|    iterations           | 16           |
|    time_elapsed         | 201          |
|    total_timesteps      | 237568       |
| train/                  |              |
|    approx_kl            | 0.0100700995 |
|    clip_fraction        | 0.0843       |
|    clip_range           | 0.2          |
|    entropy_loss         | -2.77        |
|    explained_variance   | 0.777        |
|    learning_rate        | 0.0003       |
|    loss                 | 7.13         |
|    n_updates            | 575          |
|    policy_gradient_loss | -0.00477     |
|    std                  | 0.965        |
|    value_loss           | 8.25         |
------------------------------------------
------------------------------------------
| rollout/                |              |
|    ep_len_mean          | 2.05e+03     |
|    ep_rew_mean          | 21.9         |
| time/                   |              |
|    fps                  | 171          |
|    iterations           | 17           |
|    time_elapsed         | 202          |
|    total_timesteps      | 239616       |
| train/                  |              |
|    approx_kl            | 0.0051721977 |
|    clip_fraction        | 0.0414       |
|    clip_range           | 0.2          |
|    entropy_loss         | -2.77        |
|    explained_variance   | 0.847        |
|    learning_rate        | 0.0003       |
|    loss                 | 2.83         |
|    n_updates            | 580          |
|    policy_gradient_loss | -0.00396     |
|    std                  | 0.965        |
|    value_loss           | 5.38         |
------------------------------------------
------------------------------------------
| rollout/                |              |
|    ep_len_mean          | 2.05e+03     |
|    ep_rew_mean          | 22.1         |
| time/                   |              |
|    fps                  | 180          |
|    iterations           | 18           |
|    time_elapsed         | 204          |
|    total_timesteps      | 241664       |
| train/                  |              |
|    approx_kl            | 0.0030708527 |
|    clip_fraction        | 0.00791      |
|    clip_range           | 0.2          |
|    entropy_loss         | -2.77        |
|    explained_variance   | 0.749        |
|    learning_rate        | 0.0003       |
|    loss                 | 0.472        |
|    n_updates            | 585          |
|    policy_gradient_loss | -0.00253     |
|    std                  | 0.965        |
|    value_loss           | 13.3         |
------------------------------------------
-----------------------------------------
| rollout/                |             |
|    ep_len_mean          | 2.06e+03    |
|    ep_rew_mean          | 22.3        |
| time/                   |             |
|    fps                  | 189         |
|    iterations           | 19          |
|    time_elapsed         | 205         |
|    total_timesteps      | 243712      |
| train/                  |             |
|    approx_kl            | 0.005164682 |
|    clip_fraction        | 0.0267      |
|    clip_range           | 0.2         |
|    entropy_loss         | -2.77       |
|    explained_variance   | 0.615       |
|    learning_rate        | 0.0003      |
|    loss                 | 1.79        |
|    n_updates            | 590         |
|    policy_gradient_loss | -0.00252    |
|    std                  | 0.965       |
|    value_loss           | 17.3        |
-----------------------------------------
------------------------------------------
| rollout/                |              |
|    ep_len_mean          | 2.06e+03     |
|    ep_rew_mean          | 22.3         |
| time/                   |              |
|    fps                  | 197          |
|    iterations           | 20           |
|    time_elapsed         | 207          |
|    total_timesteps      | 245760       |
| train/                  |              |
|    approx_kl            | 0.0037712697 |
|    clip_fraction        | 0.00918      |
|    clip_range           | 0.2          |
|    entropy_loss         | -2.77        |
|    explained_variance   | 0.626        |
|    learning_rate        | 0.0003       |
|    loss                 | 1.03         |
|    n_updates            | 595          |
|    policy_gradient_loss | -0.00161     |
|    std                  | 0.964        |
|    value_loss           | 10.7         |
------------------------------------------
------------------------------------------
| rollout/                |              |
|    ep_len_mean          | 2.06e+03     |
|    ep_rew_mean          | 22.3         |
| time/                   |              |
|    fps                  | 206          |
|    iterations           | 21           |
|    time_elapsed         | 208          |
|    total_timesteps      | 247808       |
| train/                  |              |
|    approx_kl            | 0.0045047374 |
|    clip_fraction        | 0.0339       |
|    clip_range           | 0.2          |
|    entropy_loss         | -2.76        |
|    explained_variance   | 0.797        |
|    learning_rate        | 0.0003       |
|    loss                 | 5.04         |
|    n_updates            | 600          |
|    policy_gradient_loss | -0.00191     |
|    std                  | 0.963        |
|    value_loss           | 6.68         |
------------------------------------------
------------------------------------------
| rollout/                |              |
|    ep_len_mean          | 2.06e+03     |
|    ep_rew_mean          | 22.5         |
| time/                   |              |
|    fps                  | 214          |
|    iterations           | 22           |
|    time_elapsed         | 209          |
|    total_timesteps      | 249856       |
| train/                  |              |
|    approx_kl            | 0.0030501669 |
|    clip_fraction        | 0.00479      |
|    clip_range           | 0.2          |
|    entropy_loss         | -2.76        |
|    explained_variance   | 0.865        |
|    learning_rate        | 0.0003       |
|    loss                 | 2.13         |
|    n_updates            | 605          |
|    policy_gradient_loss | -0.00146     |
|    std                  | 0.963        |
|    value_loss           | 6.93         |
------------------------------------------
-----------------------------------------
| rollout/                |             |
|    ep_len_mean          | 2.06e+03    |
|    ep_rew_mean          | 22.7        |
| time/                   |             |
|    fps                  | 222         |
|    iterations           | 23          |
|    time_elapsed         | 211         |
|    total_timesteps      | 251904      |
| train/                  |             |
|    approx_kl            | 0.004435389 |
|    clip_fraction        | 0.0207      |
|    clip_range           | 0.2         |
|    entropy_loss         | -2.76       |
|    explained_variance   | 0.525       |
|    learning_rate        | 0.0003      |
|    loss                 | 23.1        |
|    n_updates            | 610         |
|    policy_gradient_loss | -0.000611   |
|    std                  | 0.963       |
|    value_loss           | 16.6        |
-----------------------------------------
------------------------------------------
| rollout/                |              |
|    ep_len_mean          | 2.06e+03     |
|    ep_rew_mean          | 22.7         |
| time/                   |              |
|    fps                  | 231          |
|    iterations           | 24           |
|    time_elapsed         | 212          |
|    total_timesteps      | 253952       |
| train/                  |              |
|    approx_kl            | 0.0048011686 |
|    clip_fraction        | 0.0132       |
|    clip_range           | 0.2          |
|    entropy_loss         | -2.76        |
|    explained_variance   | 0.608        |
|    learning_rate        | 0.0003       |
|    loss                 | 3.81         |
|    n_updates            | 615          |
|    policy_gradient_loss | -0.000681    |
|    std                  | 0.963        |
|    value_loss           | 12.3         |
------------------------------------------
------------------------------------------
| rollout/                |              |
|    ep_len_mean          | 2.06e+03     |
|    ep_rew_mean          | 22.7         |
| time/                   |              |
|    fps                  | 239          |
|    iterations           | 25           |
|    time_elapsed         | 213          |
|    total_timesteps      | 256000       |
| train/                  |              |
|    approx_kl            | 0.0036050258 |
|    clip_fraction        | 0.0179       |
|    clip_range           | 0.2          |
|    entropy_loss         | -2.76        |
|    explained_variance   | 0.878        |
|    learning_rate        | 0.0003       |
|    loss                 | 3.47         |
|    n_updates            | 620          |
|    policy_gradient_loss | -0.00357     |
|    std                  | 0.963        |
|    value_loss           | 6.69         |
------------------------------------------
-----------------------------------------
| rollout/                |             |
|    ep_len_mean          | 2.06e+03    |
|    ep_rew_mean          | 23.1        |
| time/                   |             |
|    fps                  | 247         |
|    iterations           | 26          |
|    time_elapsed         | 215         |
|    total_timesteps      | 258048      |
| train/                  |             |
|    approx_kl            | 0.004134873 |
|    clip_fraction        | 0.037       |
|    clip_range           | 0.2         |
|    entropy_loss         | -2.76       |
|    explained_variance   | 0.946       |
|    learning_rate        | 0.0003      |
|    loss                 | 2.49        |
|    n_updates            | 625         |
|    policy_gradient_loss | 0.00035     |
|    std                  | 0.962       |
|    value_loss           | 3.37        |
-----------------------------------------
------------------------------------------
| rollout/                |              |
|    ep_len_mean          | 2.06e+03     |
|    ep_rew_mean          | 23.2         |
| time/                   |              |
|    fps                  | 255          |
|    iterations           | 27           |
|    time_elapsed         | 216          |
|    total_timesteps      | 260096       |
| train/                  |              |
|    approx_kl            | 0.0065832487 |
|    clip_fraction        | 0.0405       |
|    clip_range           | 0.2          |
|    entropy_loss         | -2.76        |
|    explained_variance   | 0.786        |
|    learning_rate        | 0.0003       |
|    loss                 | 0.0682       |
|    n_updates            | 630          |
|    policy_gradient_loss | 0.000126     |
|    std                  | 0.961        |
|    value_loss           | 10.2         |
------------------------------------------
------------------------------------------
| rollout/                |              |
|    ep_len_mean          | 2.07e+03     |
|    ep_rew_mean          | 22.9         |
| time/                   |              |
|    fps                  | 263          |
|    iterations           | 28           |
|    time_elapsed         | 217          |
|    total_timesteps      | 262144       |
| train/                  |              |
|    approx_kl            | 0.0035060805 |
|    clip_fraction        | 0.0388       |
|    clip_range           | 0.2          |
|    entropy_loss         | -2.76        |
|    explained_variance   | 0.649        |
|    learning_rate        | 0.0003       |
|    loss                 | 0.695        |
|    n_updates            | 635          |
|    policy_gradient_loss | -0.00129     |
|    std                  | 0.961        |
|    value_loss           | 12.9         |
------------------------------------------
------------------------------------------
| rollout/                |              |
|    ep_len_mean          | 2.07e+03     |
|    ep_rew_mean          | 22.8         |
| time/                   |              |
|    fps                  | 271          |
|    iterations           | 29           |
|    time_elapsed         | 219          |
|    total_timesteps      | 264192       |
| train/                  |              |
|    approx_kl            | 0.0045501655 |
|    clip_fraction        | 0.0236       |
|    clip_range           | 0.2          |
|    entropy_loss         | -2.76        |
|    explained_variance   | 0.668        |
|    learning_rate        | 0.0003       |
|    loss                 | 4.04         |
|    n_updates            | 640          |
|    policy_gradient_loss | 0.000391     |
|    std                  | 0.96         |
|    value_loss           | 16.5         |
------------------------------------------
------------------------------------------
| rollout/                |              |
|    ep_len_mean          | 2.07e+03     |
|    ep_rew_mean          | 22.4         |
| time/                   |              |
|    fps                  | 278          |
|    iterations           | 30           |
|    time_elapsed         | 220          |
|    total_timesteps      | 266240       |
| train/                  |              |
|    approx_kl            | 0.0038568096 |
|    clip_fraction        | 0.022        |
|    clip_range           | 0.2          |
|    entropy_loss         | -2.76        |
|    explained_variance   | 0.0684       |
|    learning_rate        | 0.0003       |
|    loss                 | 5.56         |
|    n_updates            | 645          |
|    policy_gradient_loss | -0.00084     |
|    std                  | 0.961        |
|    value_loss           | 59.9         |
------------------------------------------
------------------------------------------
| rollout/                |              |
|    ep_len_mean          | 2.07e+03     |
|    ep_rew_mean          | 22.3         |
| time/                   |              |
|    fps                  | 286          |
|    iterations           | 31           |
|    time_elapsed         | 221          |
|    total_timesteps      | 268288       |
| train/                  |              |
|    approx_kl            | 0.0037408902 |
|    clip_fraction        | 0.0168       |
|    clip_range           | 0.2          |
|    entropy_loss         | -2.76        |
|    explained_variance   | 0.739        |
|    learning_rate        | 0.0003       |
|    loss                 | 3.04         |
|    n_updates            | 650          |
|    policy_gradient_loss | -0.00213     |
|    std                  | 0.959        |
|    value_loss           | 9.17         |
------------------------------------------
------------------------------------------
| rollout/                |              |
|    ep_len_mean          | 2.06e+03     |
|    ep_rew_mean          | 23.4         |
| time/                   |              |
|    fps                  | 293          |
|    iterations           | 32           |
|    time_elapsed         | 223          |
|    total_timesteps      | 270336       |
| train/                  |              |
|    approx_kl            | 0.0027154319 |
|    clip_fraction        | 0.00439      |
|    clip_range           | 0.2          |
|    entropy_loss         | -2.75        |
|    explained_variance   | 0.618        |
|    learning_rate        | 0.0003       |
|    loss                 | 17.1         |
|    n_updates            | 655          |
|    policy_gradient_loss | -0.000712    |
|    std                  | 0.959        |
|    value_loss           | 15.5         |
------------------------------------------
-----------------------------------------
| rollout/                |             |
|    ep_len_mean          | 2.06e+03    |
|    ep_rew_mean          | 23.4        |
| time/                   |             |
|    fps                  | 300         |
|    iterations           | 33          |
|    time_elapsed         | 224         |
|    total_timesteps      | 272384      |
| train/                  |             |
|    approx_kl            | 0.005308478 |
|    clip_fraction        | 0.0508      |
|    clip_range           | 0.2         |
|    entropy_loss         | -2.75       |
|    explained_variance   | 0.277       |
|    learning_rate        | 0.0003      |
|    loss                 | 98.5        |
|    n_updates            | 660         |
|    policy_gradient_loss | -0.00336    |
|    std                  | 0.959       |
|    value_loss           | 35.3        |
-----------------------------------------
------------------------------------------
| rollout/                |              |
|    ep_len_mean          | 2.06e+03     |
|    ep_rew_mean          | 23.3         |
| time/                   |              |
|    fps                  | 307          |
|    iterations           | 34           |
|    time_elapsed         | 226          |
|    total_timesteps      | 274432       |
| train/                  |              |
|    approx_kl            | 0.0018413515 |
|    clip_fraction        | 0.0178       |
|    clip_range           | 0.2          |
|    entropy_loss         | -2.75        |
|    explained_variance   | 0.349        |
|    learning_rate        | 0.0003       |
|    loss                 | 0.994        |
|    n_updates            | 665          |
|    policy_gradient_loss | -8.91e-05    |
|    std                  | 0.958        |
|    value_loss           | 8.73         |
------------------------------------------
------------------------------------------
| rollout/                |              |
|    ep_len_mean          | 2.06e+03     |
|    ep_rew_mean          | 23           |
| time/                   |              |
|    fps                  | 314          |
|    iterations           | 35           |
|    time_elapsed         | 227          |
|    total_timesteps      | 276480       |
| train/                  |              |
|    approx_kl            | 0.0052725584 |
|    clip_fraction        | 0.0572       |
|    clip_range           | 0.2          |
|    entropy_loss         | -2.75        |
|    explained_variance   | 0.547        |
|    learning_rate        | 0.0003       |
|    loss                 | 0.478        |
|    n_updates            | 670          |
|    policy_gradient_loss | -0.00616     |
|    std                  | 0.958        |
|    value_loss           | 9.38         |
------------------------------------------
-----------------------------------------
| rollout/                |             |
|    ep_len_mean          | 2.07e+03    |
|    ep_rew_mean          | 21.8        |
| time/                   |             |
|    fps                  | 322         |
|    iterations           | 36          |
|    time_elapsed         | 228         |
|    total_timesteps      | 278528      |
| train/                  |             |
|    approx_kl            | 0.005177555 |
|    clip_fraction        | 0.0376      |
|    clip_range           | 0.2         |
|    entropy_loss         | -2.75       |
|    explained_variance   | 0.701       |
|    learning_rate        | 0.0003      |
|    loss                 | 23.4        |
|    n_updates            | 675         |
|    policy_gradient_loss | -0.00405    |
|    std                  | 0.958       |
|    value_loss           | 11.4        |
-----------------------------------------
------------------------------------------
| rollout/                |              |
|    ep_len_mean          | 2.06e+03     |
|    ep_rew_mean          | 22.8         |
| time/                   |              |
|    fps                  | 328          |
|    iterations           | 37           |
|    time_elapsed         | 230          |
|    total_timesteps      | 280576       |
| train/                  |              |
|    approx_kl            | 0.0051210476 |
|    clip_fraction        | 0.048        |
|    clip_range           | 0.2          |
|    entropy_loss         | -2.75        |
|    explained_variance   | 0.418        |
|    learning_rate        | 0.0003       |
|    loss                 | 1.29         |
|    n_updates            | 680          |
|    policy_gradient_loss | -0.00292     |
|    std                  | 0.957        |
|    value_loss           | 16.9         |
------------------------------------------
-----------------------------------------
| rollout/                |             |
|    ep_len_mean          | 2.06e+03    |
|    ep_rew_mean          | 22.5        |
| time/                   |             |
|    fps                  | 335         |
|    iterations           | 38          |
|    time_elapsed         | 231         |
|    total_timesteps      | 282624      |
| train/                  |             |
|    approx_kl            | 0.007455063 |
|    clip_fraction        | 0.0475      |
|    clip_range           | 0.2         |
|    entropy_loss         | -2.75       |
|    explained_variance   | 0.134       |
|    learning_rate        | 0.0003      |
|    loss                 | 0.411       |
|    n_updates            | 685         |
|    policy_gradient_loss | -0.0025     |
|    std                  | 0.957       |
|    value_loss           | 58.7        |
-----------------------------------------
------------------------------------------
| rollout/                |              |
|    ep_len_mean          | 2.06e+03     |
|    ep_rew_mean          | 22.5         |
| time/                   |              |
|    fps                  | 342          |
|    iterations           | 39           |
|    time_elapsed         | 233          |
|    total_timesteps      | 284672       |
| train/                  |              |
|    approx_kl            | 0.0037770984 |
|    clip_fraction        | 0.0539       |
|    clip_range           | 0.2          |
|    entropy_loss         | -2.75        |
|    explained_variance   | 0.593        |
|    learning_rate        | 0.0003       |
|    loss                 | 1.6          |
|    n_updates            | 690          |
|    policy_gradient_loss | -0.00277     |
|    std                  | 0.958        |
|    value_loss           | 8.4          |
------------------------------------------
----------------------------------------
| rollout/                |            |
|    ep_len_mean          | 2.06e+03   |
|    ep_rew_mean          | 21.8       |
| time/                   |            |
|    fps                  | 349        |
|    iterations           | 40         |
|    time_elapsed         | 234        |
|    total_timesteps      | 286720     |
| train/                  |            |
|    approx_kl            | 0.00634263 |
|    clip_fraction        | 0.0604     |
|    clip_range           | 0.2        |
|    entropy_loss         | -2.75      |
|    explained_variance   | 0.651      |
|    learning_rate        | 0.0003     |
|    loss                 | 3.39       |
|    n_updates            | 695        |
|    policy_gradient_loss | 0.000522   |
|    std                  | 0.958      |
|    value_loss           | 7.24       |
----------------------------------------
-----------------------------------------
| rollout/                |             |
|    ep_len_mean          | 2.06e+03    |
|    ep_rew_mean          | 21.8        |
| time/                   |             |
|    fps                  | 355         |
|    iterations           | 41          |
|    time_elapsed         | 236         |
|    total_timesteps      | 288768      |
| train/                  |             |
|    approx_kl            | 0.010429499 |
|    clip_fraction        | 0.0875      |
|    clip_range           | 0.2         |
|    entropy_loss         | -2.75       |
|    explained_variance   | 0.557       |
|    learning_rate        | 0.0003      |
|    loss                 | 1.12        |
|    n_updates            | 700         |
|    policy_gradient_loss | -0.00102    |
|    std                  | 0.959       |
|    value_loss           | 14.7        |
-----------------------------------------
------------------------------------------
| rollout/                |              |
|    ep_len_mean          | 2.06e+03     |
|    ep_rew_mean          | 21.8         |
| time/                   |              |
|    fps                  | 362          |
|    iterations           | 42           |
|    time_elapsed         | 237          |
|    total_timesteps      | 290816       |
| train/                  |              |
|    approx_kl            | 0.0024627843 |
|    clip_fraction        | 0.0438       |
|    clip_range           | 0.2          |
|    entropy_loss         | -2.75        |
|    explained_variance   | 0.827        |
|    learning_rate        | 0.0003       |
|    loss                 | 5.35         |
|    n_updates            | 705          |
|    policy_gradient_loss | -0.00231     |
|    std                  | 0.959        |
|    value_loss           | 5.92         |
------------------------------------------
------------------------------------------
| rollout/                |              |
|    ep_len_mean          | 2.06e+03     |
|    ep_rew_mean          | 21.8         |
| time/                   |              |
|    fps                  | 368          |
|    iterations           | 43           |
|    time_elapsed         | 238          |
|    total_timesteps      | 292864       |
| train/                  |              |
|    approx_kl            | 0.0037505503 |
|    clip_fraction        | 0.0219       |
|    clip_range           | 0.2          |
|    entropy_loss         | -2.75        |
|    explained_variance   | 0.749        |
|    learning_rate        | 0.0003       |
|    loss                 | 0.962        |
|    n_updates            | 710          |
|    policy_gradient_loss | -0.00127     |
|    std                  | 0.959        |
|    value_loss           | 6.08         |
------------------------------------------
-----------------------------------------
| rollout/                |             |
|    ep_len_mean          | 2.05e+03    |
|    ep_rew_mean          | 23.5        |
| time/                   |             |
|    fps                  | 375         |
|    iterations           | 44          |
|    time_elapsed         | 240         |
|    total_timesteps      | 294912      |
| train/                  |             |
|    approx_kl            | 0.005898963 |
|    clip_fraction        | 0.0522      |
|    clip_range           | 0.2         |
|    entropy_loss         | -2.75       |
|    explained_variance   | 0.817       |
|    learning_rate        | 0.0003      |
|    loss                 | 3.13        |
|    n_updates            | 715         |
|    policy_gradient_loss | -0.00416    |
|    std                  | 0.958       |
|    value_loss           | 8.83        |
-----------------------------------------
------------------------------------------
| rollout/                |              |
|    ep_len_mean          | 2.06e+03     |
|    ep_rew_mean          | 22.3         |
| time/                   |              |
|    fps                  | 381          |
|    iterations           | 45           |
|    time_elapsed         | 241          |
|    total_timesteps      | 296960       |
| train/                  |              |
|    approx_kl            | 0.0055422424 |
|    clip_fraction        | 0.037        |
|    clip_range           | 0.2          |
|    entropy_loss         | -2.75        |
|    explained_variance   | -0.051       |
|    learning_rate        | 0.0003       |
|    loss                 | 1.56         |
|    n_updates            | 720          |
|    policy_gradient_loss | -0.00319     |
|    std                  | 0.958        |
|    value_loss           | 116          |
------------------------------------------
------------------------------------------
| rollout/                |              |
|    ep_len_mean          | 2.06e+03     |
|    ep_rew_mean          | 22.3         |
| time/                   |              |
|    fps                  | 387          |
|    iterations           | 46           |
|    time_elapsed         | 243          |
|    total_timesteps      | 299008       |
| train/                  |              |
|    approx_kl            | 0.0037183226 |
|    clip_fraction        | 0.0806       |
|    clip_range           | 0.2          |
|    entropy_loss         | -2.75        |
|    explained_variance   | 0.62         |
|    learning_rate        | 0.0003       |
|    loss                 | 6.16         |
|    n_updates            | 725          |
|    policy_gradient_loss | -0.00038     |
|    std                  | 0.956        |
|    value_loss           | 9.13         |
------------------------------------------
------------------------------------------
| rollout/                |              |
|    ep_len_mean          | 2.06e+03     |
|    ep_rew_mean          | 22.3         |
| time/                   |              |
|    fps                  | 393          |
|    iterations           | 47           |
|    time_elapsed         | 244          |
|    total_timesteps      | 301056       |
| train/                  |              |
|    approx_kl            | 0.0029483056 |
|    clip_fraction        | 0.00615      |
|    clip_range           | 0.2          |
|    entropy_loss         | -2.75        |
|    explained_variance   | 0.767        |
|    learning_rate        | 0.0003       |
|    loss                 | 1.9          |
|    n_updates            | 730          |
|    policy_gradient_loss | -0.00135     |
|    std                  | 0.956        |
|    value_loss           | 9.78         |
------------------------------------------
------------------------------------------
| rollout/                |              |
|    ep_len_mean          | 2.06e+03     |
|    ep_rew_mean          | 22           |
| time/                   |              |
|    fps                  | 400          |
|    iterations           | 48           |
|    time_elapsed         | 245          |
|    total_timesteps      | 303104       |
| train/                  |              |
|    approx_kl            | 0.0019467212 |
|    clip_fraction        | 0.00273      |
|    clip_range           | 0.2          |
|    entropy_loss         | -2.75        |
|    explained_variance   | 0.9          |
|    learning_rate        | 0.0003       |
|    loss                 | 0.45         |
|    n_updates            | 735          |
|    policy_gradient_loss | -0.000661    |
|    std                  | 0.955        |
|    value_loss           | 1.56         |
------------------------------------------
------------------------------------------
| rollout/                |              |
|    ep_len_mean          | 2.06e+03     |
|    ep_rew_mean          | 21.7         |
| time/                   |              |
|    fps                  | 405          |
|    iterations           | 49           |
|    time_elapsed         | 247          |
|    total_timesteps      | 305152       |
| train/                  |              |
|    approx_kl            | 0.0044742906 |
|    clip_fraction        | 0.0171       |
|    clip_range           | 0.2          |
|    entropy_loss         | -2.74        |
|    explained_variance   | 0.494        |
|    learning_rate        | 0.0003       |
|    loss                 | 2.09         |
|    n_updates            | 740          |
|    policy_gradient_loss | -0.00193     |
|    std                  | 0.954        |
|    value_loss           | 11.4         |
------------------------------------------
-----------------------------------------
| rollout/                |             |
|    ep_len_mean          | 2.06e+03    |
|    ep_rew_mean          | 21.7        |
| time/                   |             |
|    fps                  | 411         |
|    iterations           | 50          |
|    time_elapsed         | 248         |
|    total_timesteps      | 307200      |
| train/                  |             |
|    approx_kl            | 0.004805412 |
|    clip_fraction        | 0.0519      |
|    clip_range           | 0.2         |
|    entropy_loss         | -2.74       |
|    explained_variance   | 0.436       |
|    learning_rate        | 0.0003      |
|    loss                 | 3.3         |
|    n_updates            | 745         |
|    policy_gradient_loss | -0.0024     |
|    std                  | 0.954       |
|    value_loss           | 15.7        |
-----------------------------------------
------------------------------------------
| rollout/                |              |
|    ep_len_mean          | 2.06e+03     |
|    ep_rew_mean          | 21.7         |
| time/                   |              |
|    fps                  | 417          |
|    iterations           | 51           |
|    time_elapsed         | 250          |
|    total_timesteps      | 309248       |
| train/                  |              |
|    approx_kl            | 0.0018822335 |
|    clip_fraction        | 0.0527       |
|    clip_range           | 0.2          |
|    entropy_loss         | -2.74        |
|    explained_variance   | 0.731        |
|    learning_rate        | 0.0003       |
|    loss                 | 4.5          |
|    n_updates            | 750          |
|    policy_gradient_loss | 0.000155     |
|    std                  | 0.953        |
|    value_loss           | 8.18         |
------------------------------------------
------------------------------------------
| rollout/                |              |
|    ep_len_mean          | 2.06e+03     |
|    ep_rew_mean          | 21.6         |
| time/                   |              |
|    fps                  | 423          |
|    iterations           | 52           |
|    time_elapsed         | 251          |
|    total_timesteps      | 311296       |
| train/                  |              |
|    approx_kl            | 0.0029820069 |
|    clip_fraction        | 0.00576      |
|    clip_range           | 0.2          |
|    entropy_loss         | -2.74        |
|    explained_variance   | 0.859        |
|    learning_rate        | 0.0003       |
|    loss                 | 1.2          |
|    n_updates            | 755          |
|    policy_gradient_loss | -0.00137     |
|    std                  | 0.953        |
|    value_loss           | 7.05         |
------------------------------------------
-----------------------------------------
| rollout/                |             |
|    ep_len_mean          | 2.07e+03    |
|    ep_rew_mean          | 20.1        |
| time/                   |             |
|    fps                  | 429         |
|    iterations           | 53          |
|    time_elapsed         | 252         |
|    total_timesteps      | 313344      |
| train/                  |             |
|    approx_kl            | 0.003962944 |
|    clip_fraction        | 0.0115      |
|    clip_range           | 0.2         |
|    entropy_loss         | -2.74       |
|    explained_variance   | 0.781       |
|    learning_rate        | 0.0003      |
|    loss                 | 0.434       |
|    n_updates            | 760         |
|    policy_gradient_loss | -0.00142    |
|    std                  | 0.953       |
|    value_loss           | 8.09        |
-----------------------------------------
------------------------------------------
| rollout/                |              |
|    ep_len_mean          | 2.07e+03     |
|    ep_rew_mean          | 20.1         |
| time/                   |              |
|    fps                  | 434          |
|    iterations           | 54           |
|    time_elapsed         | 254          |
|    total_timesteps      | 315392       |
| train/                  |              |
|    approx_kl            | 0.0038787923 |
|    clip_fraction        | 0.0111       |
|    clip_range           | 0.2          |
|    entropy_loss         | -2.74        |
|    explained_variance   | 0.663        |
|    learning_rate        | 0.0003       |
|    loss                 | 3.83         |
|    n_updates            | 765          |
|    policy_gradient_loss | -0.00226     |
|    std                  | 0.953        |
|    value_loss           | 25.9         |
------------------------------------------
------------------------------------------
| rollout/                |              |
|    ep_len_mean          | 2.07e+03     |
|    ep_rew_mean          | 20.1         |
| time/                   |              |
|    fps                  | 439          |
|    iterations           | 55           |
|    time_elapsed         | 256          |
|    total_timesteps      | 317440       |
| train/                  |              |
|    approx_kl            | 0.0018106574 |
|    clip_fraction        | 0.0243       |
|    clip_range           | 0.2          |
|    entropy_loss         | -2.74        |
|    explained_variance   | 0.83         |
|    learning_rate        | 0.0003       |
|    loss                 | 1.12         |
|    n_updates            | 770          |
|    policy_gradient_loss | -0.00257     |
|    std                  | 0.953        |
|    value_loss           | 8.05         |
------------------------------------------
------------------------------------------
| rollout/                |              |
|    ep_len_mean          | 2.08e+03     |
|    ep_rew_mean          | 18.8         |
| time/                   |              |
|    fps                  | 445          |
|    iterations           | 56           |
|    time_elapsed         | 257          |
|    total_timesteps      | 319488       |
| train/                  |              |
|    approx_kl            | 0.0030553835 |
|    clip_fraction        | 0.00762      |
|    clip_range           | 0.2          |
|    entropy_loss         | -2.74        |
|    explained_variance   | 0.903        |
|    learning_rate        | 0.0003       |
|    loss                 | 5.56         |
|    n_updates            | 775          |
|    policy_gradient_loss | -0.00109     |
|    std                  | 0.953        |
|    value_loss           | 6.18         |
------------------------------------------
------------------------------------------
| rollout/                |              |
|    ep_len_mean          | 2.09e+03     |
|    ep_rew_mean          | 17.3         |
| time/                   |              |
|    fps                  | 451          |
|    iterations           | 57           |
|    time_elapsed         | 258          |
|    total_timesteps      | 321536       |
| train/                  |              |
|    approx_kl            | 0.0051253135 |
|    clip_fraction        | 0.0321       |
|    clip_range           | 0.2          |
|    entropy_loss         | -2.74        |
|    explained_variance   | 0.84         |
|    learning_rate        | 0.0003       |
|    loss                 | 0.977        |
|    n_updates            | 780          |
|    policy_gradient_loss | -0.00171     |
|    std                  | 0.953        |
|    value_loss           | 12.7         |
------------------------------------------
----------------------------------------
| rollout/                |            |
|    ep_len_mean          | 2.09e+03   |
|    ep_rew_mean          | 17.3       |
| time/                   |            |
|    fps                  | 456        |
|    iterations           | 58         |
|    time_elapsed         | 260        |
|    total_timesteps      | 323584     |
| train/                  |            |
|    approx_kl            | 0.10379184 |
|    clip_fraction        | 0.26       |
|    clip_range           | 0.2        |
|    entropy_loss         | -2.74      |
|    explained_variance   | 0.789      |
|    learning_rate        | 0.0003     |
|    loss                 | 3.44       |
|    n_updates            | 785        |
|    policy_gradient_loss | 0.0223     |
|    std                  | 0.95       |
|    value_loss           | 12.8       |
----------------------------------------
------------------------------------------
| rollout/                |              |
|    ep_len_mean          | 2.09e+03     |
|    ep_rew_mean          | 17.3         |
| time/                   |              |
|    fps                  | 461          |
|    iterations           | 59           |
|    time_elapsed         | 261          |
|    total_timesteps      | 325632       |
| train/                  |              |
|    approx_kl            | 0.0054691113 |
|    clip_fraction        | 0.0458       |
|    clip_range           | 0.2          |
|    entropy_loss         | -2.73        |
|    explained_variance   | 0.813        |
|    learning_rate        | 0.0003       |
|    loss                 | 2.97         |
|    n_updates            | 790          |
|    policy_gradient_loss | -0.00254     |
|    std                  | 0.949        |
|    value_loss           | 12.3         |
------------------------------------------
-----------------------------------------
| rollout/                |             |
|    ep_len_mean          | 2.08e+03    |
|    ep_rew_mean          | 18.3        |
| time/                   |             |
|    fps                  | 467         |
|    iterations           | 60          |
|    time_elapsed         | 263         |
|    total_timesteps      | 327680      |
| train/                  |             |
|    approx_kl            | 0.006078897 |
|    clip_fraction        | 0.0692      |
|    clip_range           | 0.2         |
|    entropy_loss         | -2.73       |
|    explained_variance   | 0.784       |
|    learning_rate        | 0.0003      |
|    loss                 | 4.79        |
|    n_updates            | 795         |
|    policy_gradient_loss | -0.00535    |
|    std                  | 0.948       |
|    value_loss           | 6.68        |
-----------------------------------------
------------------------------------------
| rollout/                |              |
|    ep_len_mean          | 2.08e+03     |
|    ep_rew_mean          | 18.3         |
| time/                   |              |
|    fps                  | 472          |
|    iterations           | 61           |
|    time_elapsed         | 264          |
|    total_timesteps      | 329728       |
| train/                  |              |
|    approx_kl            | 0.0007413357 |
|    clip_fraction        | 0.000195     |
|    clip_range           | 0.2          |
|    entropy_loss         | -2.73        |
|    explained_variance   | 0.33         |
|    learning_rate        | 0.0003       |
|    loss                 | 1.68         |
|    n_updates            | 800          |
|    policy_gradient_loss | -0.000182    |
|    std                  | 0.948        |
|    value_loss           | 75.2         |
------------------------------------------
------------------------------------------
| rollout/                |              |
|    ep_len_mean          | 2.06e+03     |
|    ep_rew_mean          | 19.6         |
| time/                   |              |
|    fps                  | 477          |
|    iterations           | 62           |
|    time_elapsed         | 265          |
|    total_timesteps      | 331776       |
| train/                  |              |
|    approx_kl            | 0.0069015184 |
|    clip_fraction        | 0.0852       |
|    clip_range           | 0.2          |
|    entropy_loss         | -2.73        |
|    explained_variance   | 0.86         |
|    learning_rate        | 0.0003       |
|    loss                 | 5.09         |
|    n_updates            | 805          |
|    policy_gradient_loss | -0.00289     |
|    std                  | 0.947        |
|    value_loss           | 6.02         |
------------------------------------------
------------------------------------------
| rollout/                |              |
|    ep_len_mean          | 2.05e+03     |
|    ep_rew_mean          | 20.6         |
| time/                   |              |
|    fps                  | 482          |
|    iterations           | 63           |
|    time_elapsed         | 267          |
|    total_timesteps      | 333824       |
| train/                  |              |
|    approx_kl            | 0.0051273806 |
|    clip_fraction        | 0.0208       |
|    clip_range           | 0.2          |
|    entropy_loss         | -2.73        |
|    explained_variance   | 0.213        |
|    learning_rate        | 0.0003       |
|    loss                 | 17           |
|    n_updates            | 810          |
|    policy_gradient_loss | -0.00187     |
|    std                  | 0.947        |
|    value_loss           | 71.5         |
------------------------------------------
----------------------------------------
| rollout/                |            |
|    ep_len_mean          | 2.05e+03   |
|    ep_rew_mean          | 20.4       |
| time/                   |            |
|    fps                  | 487        |
|    iterations           | 64         |
|    time_elapsed         | 268        |
|    total_timesteps      | 335872     |
| train/                  |            |
|    approx_kl            | 0.00941468 |
|    clip_fraction        | 0.0603     |
|    clip_range           | 0.2        |
|    entropy_loss         | -2.73      |
|    explained_variance   | 0.268      |
|    learning_rate        | 0.0003     |
|    loss                 | 0.154      |
|    n_updates            | 815        |
|    policy_gradient_loss | -0.00287   |
|    std                  | 0.948      |
|    value_loss           | 56.7       |
----------------------------------------
------------------------------------------
| rollout/                |              |
|    ep_len_mean          | 2.05e+03     |
|    ep_rew_mean          | 20.4         |
| time/                   |              |
|    fps                  | 492          |
|    iterations           | 65           |
|    time_elapsed         | 270          |
|    total_timesteps      | 337920       |
| train/                  |              |
|    approx_kl            | 0.0044497806 |
|    clip_fraction        | 0.0963       |
|    clip_range           | 0.2          |
|    entropy_loss         | -2.73        |
|    explained_variance   | 0.789        |
|    learning_rate        | 0.0003       |
|    loss                 | 29.3         |
|    n_updates            | 820          |
|    policy_gradient_loss | 0.00105      |
|    std                  | 0.948        |
|    value_loss           | 14.2         |
------------------------------------------
-----------------------------------------
| rollout/                |             |
|    ep_len_mean          | 2.06e+03    |
|    ep_rew_mean          | 19.1        |
| time/                   |             |
|    fps                  | 497         |
|    iterations           | 66          |
|    time_elapsed         | 271         |
|    total_timesteps      | 339968      |
| train/                  |             |
|    approx_kl            | 0.005609019 |
|    clip_fraction        | 0.0217      |
|    clip_range           | 0.2         |
|    entropy_loss         | -2.73       |
|    explained_variance   | 0.862       |
|    learning_rate        | 0.0003      |
|    loss                 | 4.66        |
|    n_updates            | 825         |
|    policy_gradient_loss | -0.00286    |
|    std                  | 0.949       |
|    value_loss           | 4.47        |
-----------------------------------------
------------------------------------------
| rollout/                |              |
|    ep_len_mean          | 2.06e+03     |
|    ep_rew_mean          | 19.1         |
| time/                   |              |
|    fps                  | 502          |
|    iterations           | 67           |
|    time_elapsed         | 273          |
|    total_timesteps      | 342016       |
| train/                  |              |
|    approx_kl            | 0.0018098268 |
|    clip_fraction        | 0.00449      |
|    clip_range           | 0.2          |
|    entropy_loss         | -2.73        |
|    explained_variance   | 0.689        |
|    learning_rate        | 0.0003       |
|    loss                 | 26.1         |
|    n_updates            | 830          |
|    policy_gradient_loss | -0.000906    |
|    std                  | 0.949        |
|    value_loss           | 23           |
------------------------------------------
-----------------------------------------
| rollout/                |             |
|    ep_len_mean          | 2.06e+03    |
|    ep_rew_mean          | 18.7        |
| time/                   |             |
|    fps                  | 507         |
|    iterations           | 68          |
|    time_elapsed         | 274         |
|    total_timesteps      | 344064      |
| train/                  |             |
|    approx_kl            | 0.019170715 |
|    clip_fraction        | 0.102       |
|    clip_range           | 0.2         |
|    entropy_loss         | -2.73       |
|    explained_variance   | 0.67        |
|    learning_rate        | 0.0003      |
|    loss                 | 1.37        |
|    n_updates            | 835         |
|    policy_gradient_loss | 0.000992    |
|    std                  | 0.946       |
|    value_loss           | 7.55        |
-----------------------------------------
-----------------------------------------
| rollout/                |             |
|    ep_len_mean          | 2.06e+03    |
|    ep_rew_mean          | 18.5        |
| time/                   |             |
|    fps                  | 512         |
|    iterations           | 69          |
|    time_elapsed         | 275         |
|    total_timesteps      | 346112      |
| train/                  |             |
|    approx_kl            | 0.002835409 |
|    clip_fraction        | 0.00537     |
|    clip_range           | 0.2         |
|    entropy_loss         | -2.73       |
|    explained_variance   | 0.865       |
|    learning_rate        | 0.0003      |
|    loss                 | 2.06        |
|    n_updates            | 840         |
|    policy_gradient_loss | -0.00165    |
|    std                  | 0.945       |
|    value_loss           | 7.63        |
-----------------------------------------
----------------------------------------
| rollout/                |            |
|    ep_len_mean          | 2.06e+03   |
|    ep_rew_mean          | 18.3       |
| time/                   |            |
|    fps                  | 517        |
|    iterations           | 70         |
|    time_elapsed         | 277        |
|    total_timesteps      | 348160     |
| train/                  |            |
|    approx_kl            | 0.04271527 |
|    clip_fraction        | 0.112      |
|    clip_range           | 0.2        |
|    entropy_loss         | -2.73      |
|    explained_variance   | 0.894      |
|    learning_rate        | 0.0003     |
|    loss                 | 0.972      |
|    n_updates            | 845        |
|    policy_gradient_loss | 0.00879    |
|    std                  | 0.948      |
|    value_loss           | 6.74       |
----------------------------------------
------------------------------------------
| rollout/                |              |
|    ep_len_mean          | 2.06e+03     |
|    ep_rew_mean          | 18.2         |
| time/                   |              |
|    fps                  | 521          |
|    iterations           | 71           |
|    time_elapsed         | 278          |
|    total_timesteps      | 350208       |
| train/                  |              |
|    approx_kl            | 0.0066910693 |
|    clip_fraction        | 0.0679       |
|    clip_range           | 0.2          |
|    entropy_loss         | -2.73        |
|    explained_variance   | 0.833        |
|    learning_rate        | 0.0003       |
|    loss                 | 6.86         |
|    n_updates            | 850          |
|    policy_gradient_loss | -0.000989    |
|    std                  | 0.949        |
|    value_loss           | 9.98         |
------------------------------------------
------------------------------------------
| rollout/                |              |
|    ep_len_mean          | 2.06e+03     |
|    ep_rew_mean          | 17.9         |
| time/                   |              |
|    fps                  | 526          |
|    iterations           | 72           |
|    time_elapsed         | 280          |
|    total_timesteps      | 352256       |
| train/                  |              |
|    approx_kl            | 0.0074303006 |
|    clip_fraction        | 0.0863       |
|    clip_range           | 0.2          |
|    entropy_loss         | -2.73        |
|    explained_variance   | 0.571        |
|    learning_rate        | 0.0003       |
|    loss                 | 5            |
|    n_updates            | 855          |
|    policy_gradient_loss | -0.000558    |
|    std                  | 0.949        |
|    value_loss           | 18.3         |
------------------------------------------
------------------------------------------
| rollout/                |              |
|    ep_len_mean          | 2.06e+03     |
|    ep_rew_mean          | 16.5         |
| time/                   |              |
|    fps                  | 531          |
|    iterations           | 73           |
|    time_elapsed         | 281          |
|    total_timesteps      | 354304       |
| train/                  |              |
|    approx_kl            | 0.0024738407 |
|    clip_fraction        | 0.0138       |
|    clip_range           | 0.2          |
|    entropy_loss         | -2.73        |
|    explained_variance   | 0.701        |
|    learning_rate        | 0.0003       |
|    loss                 | 4.9          |
|    n_updates            | 860          |
|    policy_gradient_loss | -0.00172     |
|    std                  | 0.95         |
|    value_loss           | 16.2         |
------------------------------------------
-----------------------------------------
| rollout/                |             |
|    ep_len_mean          | 2.06e+03    |
|    ep_rew_mean          | 16.5        |
| time/                   |             |
|    fps                  | 535         |
|    iterations           | 74          |
|    time_elapsed         | 282         |
|    total_timesteps      | 356352      |
| train/                  |             |
|    approx_kl            | 0.007955107 |
|    clip_fraction        | 0.0798      |
|    clip_range           | 0.2         |
|    entropy_loss         | -2.73       |
|    explained_variance   | 0.707       |
|    learning_rate        | 0.0003      |
|    loss                 | 7.02        |
|    n_updates            | 865         |
|    policy_gradient_loss | -0.00634    |
|    std                  | 0.949       |
|    value_loss           | 7.24        |
-----------------------------------------
-----------------------------------------
| rollout/                |             |
|    ep_len_mean          | 2.04e+03    |
|    ep_rew_mean          | 18.5        |
| time/                   |             |
|    fps                  | 540         |
|    iterations           | 75          |
|    time_elapsed         | 284         |
|    total_timesteps      | 358400      |
| train/                  |             |
|    approx_kl            | 0.005508062 |
|    clip_fraction        | 0.073       |
|    clip_range           | 0.2         |
|    entropy_loss         | -2.73       |
|    explained_variance   | 0.886       |
|    learning_rate        | 0.0003      |
|    loss                 | 5.79        |
|    n_updates            | 870         |
|    policy_gradient_loss | -0.000708   |
|    std                  | 0.944       |
|    value_loss           | 5.67        |
-----------------------------------------
------------------------------------------
| rollout/                |              |
|    ep_len_mean          | 2.03e+03     |
|    ep_rew_mean          | 19.6         |
| time/                   |              |
|    fps                  | 544          |
|    iterations           | 76           |
|    time_elapsed         | 285          |
|    total_timesteps      | 360448       |
| train/                  |              |
|    approx_kl            | 0.0047114734 |
|    clip_fraction        | 0.0512       |
|    clip_range           | 0.2          |
|    entropy_loss         | -2.72        |
|    explained_variance   | -0.05        |
|    learning_rate        | 0.0003       |
|    loss                 | 203          |
|    n_updates            | 875          |
|    policy_gradient_loss | -0.00174     |
|    std                  | 0.943        |
|    value_loss           | 117          |
------------------------------------------
------------------------------------------
| rollout/                |              |
|    ep_len_mean          | 2.03e+03     |
|    ep_rew_mean          | 19.6         |
| time/                   |              |
|    fps                  | 548          |
|    iterations           | 77           |
|    time_elapsed         | 287          |
|    total_timesteps      | 362496       |
| train/                  |              |
|    approx_kl            | 0.0052398085 |
|    clip_fraction        | 0.0796       |
|    clip_range           | 0.2          |
|    entropy_loss         | -2.72        |
|    explained_variance   | 0.232        |
|    learning_rate        | 0.0003       |
|    loss                 | 2.28         |
|    n_updates            | 880          |
|    policy_gradient_loss | -0.00143     |
|    std                  | 0.942        |
|    value_loss           | 64           |
------------------------------------------
------------------------------------------
| rollout/                |              |
|    ep_len_mean          | 2.03e+03     |
|    ep_rew_mean          | 19.6         |
| time/                   |              |
|    fps                  | 553          |
|    iterations           | 78           |
|    time_elapsed         | 288          |
|    total_timesteps      | 364544       |
| train/                  |              |
|    approx_kl            | 0.0052864486 |
|    clip_fraction        | 0.0507       |
|    clip_range           | 0.2          |
|    entropy_loss         | -2.72        |
|    explained_variance   | 0.775        |
|    learning_rate        | 0.0003       |
|    loss                 | 1.91         |
|    n_updates            | 885          |
|    policy_gradient_loss | -0.00321     |
|    std                  | 0.942        |
|    value_loss           | 10.2         |
------------------------------------------
-----------------------------------------
| rollout/                |             |
|    ep_len_mean          | 2.03e+03    |
|    ep_rew_mean          | 20.4        |
| time/                   |             |
|    fps                  | 558         |
|    iterations           | 79          |
|    time_elapsed         | 289         |
|    total_timesteps      | 366592      |
| train/                  |             |
|    approx_kl            | 0.008563619 |
|    clip_fraction        | 0.0614      |
|    clip_range           | 0.2         |
|    entropy_loss         | -2.72       |
|    explained_variance   | 0.907       |
|    learning_rate        | 0.0003      |
|    loss                 | 1.46        |
|    n_updates            | 890         |
|    policy_gradient_loss | -0.00197    |
|    std                  | 0.944       |
|    value_loss           | 4.34        |
-----------------------------------------
------------------------------------------
| rollout/                |              |
|    ep_len_mean          | 2.03e+03     |
|    ep_rew_mean          | 20.4         |
| time/                   |              |
|    fps                  | 562          |
|    iterations           | 80           |
|    time_elapsed         | 291          |
|    total_timesteps      | 368640       |
| train/                  |              |
|    approx_kl            | 0.0077787265 |
|    clip_fraction        | 0.0347       |
|    clip_range           | 0.2          |
|    entropy_loss         | -2.72        |
|    explained_variance   | 0.283        |
|    learning_rate        | 0.0003       |
|    loss                 | 21           |
|    n_updates            | 895          |
|    policy_gradient_loss | 0.00251      |
|    std                  | 0.944        |
|    value_loss           | 70.4         |
------------------------------------------
----------------------------------------
| rollout/                |            |
|    ep_len_mean          | 2e+03      |
|    ep_rew_mean          | 22.7       |
| time/                   |            |
|    fps                  | 566        |
|    iterations           | 81         |
|    time_elapsed         | 292        |
|    total_timesteps      | 370688     |
| train/                  |            |
|    approx_kl            | 0.08120625 |
|    clip_fraction        | 0.166      |
|    clip_range           | 0.2        |
|    entropy_loss         | -2.72      |
|    explained_variance   | 0.514      |
|    learning_rate        | 0.0003     |
|    loss                 | 3.34       |
|    n_updates            | 900        |
|    policy_gradient_loss | 0.0111     |
|    std                  | 0.943      |
|    value_loss           | 6.56       |
----------------------------------------
-----------------------------------------
| rollout/                |             |
|    ep_len_mean          | 2e+03       |
|    ep_rew_mean          | 22.7        |
| time/                   |             |
|    fps                  | 570         |
|    iterations           | 82          |
|    time_elapsed         | 294         |
|    total_timesteps      | 372736      |
| train/                  |             |
|    approx_kl            | 0.025062352 |
|    clip_fraction        | 0.313       |
|    clip_range           | 0.2         |
|    entropy_loss         | -2.72       |
|    explained_variance   | 0.139       |
|    learning_rate        | 0.0003      |
|    loss                 | 2.29        |
|    n_updates            | 905         |
|    policy_gradient_loss | 0.0247      |
|    std                  | 0.943       |
|    value_loss           | 108         |
-----------------------------------------
----------------------------------------
| rollout/                |            |
|    ep_len_mean          | 2e+03      |
|    ep_rew_mean          | 22.6       |
| time/                   |            |
|    fps                  | 575        |
|    iterations           | 83         |
|    time_elapsed         | 295        |
|    total_timesteps      | 374784     |
| train/                  |            |
|    approx_kl            | 0.01250192 |
|    clip_fraction        | 0.076      |
|    clip_range           | 0.2        |
|    entropy_loss         | -2.72      |
|    explained_variance   | 0.818      |
|    learning_rate        | 0.0003     |
|    loss                 | 1.86       |
|    n_updates            | 910        |
|    policy_gradient_loss | -0.00188   |
|    std                  | 0.945      |
|    value_loss           | 4.83       |
----------------------------------------
-----------------------------------------
| rollout/                |             |
|    ep_len_mean          | 2e+03       |
|    ep_rew_mean          | 22.6        |
| time/                   |             |
|    fps                  | 579         |
|    iterations           | 84          |
|    time_elapsed         | 296         |
|    total_timesteps      | 376832      |
| train/                  |             |
|    approx_kl            | 0.006207385 |
|    clip_fraction        | 0.0783      |
|    clip_range           | 0.2         |
|    entropy_loss         | -2.72       |
|    explained_variance   | 0.618       |
|    learning_rate        | 0.0003      |
|    loss                 | 3.06        |
|    n_updates            | 915         |
|    policy_gradient_loss | -0.00217    |
|    std                  | 0.945       |
|    value_loss           | 10.1        |
-----------------------------------------
------------------------------------------
| rollout/                |              |
|    ep_len_mean          | 2.01e+03     |
|    ep_rew_mean          | 22.7         |
| time/                   |              |
|    fps                  | 583          |
|    iterations           | 85           |
|    time_elapsed         | 298          |
|    total_timesteps      | 378880       |
| train/                  |              |
|    approx_kl            | 0.0056714034 |
|    clip_fraction        | 0.0207       |
|    clip_range           | 0.2          |
|    entropy_loss         | -2.72        |
|    explained_variance   | 0.85         |
|    learning_rate        | 0.0003       |
|    loss                 | 0.771        |
|    n_updates            | 920          |
|    policy_gradient_loss | -0.00147     |
|    std                  | 0.944        |
|    value_loss           | 5.41         |
------------------------------------------
------------------------------------------
| rollout/                |              |
|    ep_len_mean          | 2e+03        |
|    ep_rew_mean          | 23.9         |
| time/                   |              |
|    fps                  | 587          |
|    iterations           | 86           |
|    time_elapsed         | 299          |
|    total_timesteps      | 380928       |
| train/                  |              |
|    approx_kl            | 0.0036025222 |
|    clip_fraction        | 0.0101       |
|    clip_range           | 0.2          |
|    entropy_loss         | -2.72        |
|    explained_variance   | 0.667        |
|    learning_rate        | 0.0003       |
|    loss                 | 0.968        |
|    n_updates            | 925          |
|    policy_gradient_loss | -0.00113     |
|    std                  | 0.944        |
|    value_loss           | 8.44         |
------------------------------------------
------------------------------------------
| rollout/                |              |
|    ep_len_mean          | 2e+03        |
|    ep_rew_mean          | 23.9         |
| time/                   |              |
|    fps                  | 591          |
|    iterations           | 87           |
|    time_elapsed         | 301          |
|    total_timesteps      | 382976       |
| train/                  |              |
|    approx_kl            | 0.0044903583 |
|    clip_fraction        | 0.0528       |
|    clip_range           | 0.2          |
|    entropy_loss         | -2.72        |
|    explained_variance   | 0.131        |
|    learning_rate        | 0.0003       |
|    loss                 | 2.88         |
|    n_updates            | 930          |
|    policy_gradient_loss | 0.000195     |
|    std                  | 0.943        |
|    value_loss           | 62.4         |
------------------------------------------
------------------------------------------
| rollout/                |              |
|    ep_len_mean          | 2e+03        |
|    ep_rew_mean          | 23.7         |
| time/                   |              |
|    fps                  | 595          |
|    iterations           | 88           |
|    time_elapsed         | 302          |
|    total_timesteps      | 385024       |
| train/                  |              |
|    approx_kl            | 0.0040532597 |
|    clip_fraction        | 0.0331       |
|    clip_range           | 0.2          |
|    entropy_loss         | -2.72        |
|    explained_variance   | 0.752        |
|    learning_rate        | 0.0003       |
|    loss                 | 5.01         |
|    n_updates            | 935          |
|    policy_gradient_loss | -0.00215     |
|    std                  | 0.943        |
|    value_loss           | 7.66         |
------------------------------------------
-----------------------------------------
| rollout/                |             |
|    ep_len_mean          | 1.99e+03    |
|    ep_rew_mean          | 24.8        |
| time/                   |             |
|    fps                  | 599         |
|    iterations           | 89          |
|    time_elapsed         | 303         |
|    total_timesteps      | 387072      |
| train/                  |             |
|    approx_kl            | 0.004094497 |
|    clip_fraction        | 0.0424      |
|    clip_range           | 0.2         |
|    entropy_loss         | -2.72       |
|    explained_variance   | 0.687       |
|    learning_rate        | 0.0003      |
|    loss                 | 3.09        |
|    n_updates            | 940         |
|    policy_gradient_loss | -0.00203    |
|    std                  | 0.944       |
|    value_loss           | 11.5        |
-----------------------------------------
-----------------------------------------
| rollout/                |             |
|    ep_len_mean          | 1.98e+03    |
|    ep_rew_mean          | 26          |
| time/                   |             |
|    fps                  | 603         |
|    iterations           | 90          |
|    time_elapsed         | 305         |
|    total_timesteps      | 389120      |
| train/                  |             |
|    approx_kl            | 0.004490738 |
|    clip_fraction        | 0.0149      |
|    clip_range           | 0.2         |
|    entropy_loss         | -2.72       |
|    explained_variance   | 0.124       |
|    learning_rate        | 0.0003      |
|    loss                 | 5.62        |
|    n_updates            | 945         |
|    policy_gradient_loss | -0.002      |
|    std                  | 0.945       |
|    value_loss           | 56.1        |
-----------------------------------------
-----------------------------------------
| rollout/                |             |
|    ep_len_mean          | 1.95e+03    |
|    ep_rew_mean          | 28.6        |
| time/                   |             |
|    fps                  | 607         |
|    iterations           | 91          |
|    time_elapsed         | 306         |
|    total_timesteps      | 391168      |
| train/                  |             |
|    approx_kl            | 0.021538414 |
|    clip_fraction        | 0.101       |
|    clip_range           | 0.2         |
|    entropy_loss         | -2.72       |
|    explained_variance   | 0.05        |
|    learning_rate        | 0.0003      |
|    loss                 | 1.07        |
|    n_updates            | 950         |
|    policy_gradient_loss | 0.00251     |
|    std                  | 0.945       |
|    value_loss           | 50.9        |
-----------------------------------------
----------------------------------------
| rollout/                |            |
|    ep_len_mean          | 1.95e+03   |
|    ep_rew_mean          | 28.6       |
| time/                   |            |
|    fps                  | 611        |
|    iterations           | 92         |
|    time_elapsed         | 308        |
|    total_timesteps      | 393216     |
| train/                  |            |
|    approx_kl            | 0.03311201 |
|    clip_fraction        | 0.116      |
|    clip_range           | 0.2        |
|    entropy_loss         | -2.72      |
|    explained_variance   | 0.0959     |
|    learning_rate        | 0.0003     |
|    loss                 | 9.83       |
|    n_updates            | 955        |
|    policy_gradient_loss | 0.00536    |
|    std                  | 0.945      |
|    value_loss           | 106        |
----------------------------------------
-----------------------------------------
| rollout/                |             |
|    ep_len_mean          | 1.95e+03    |
|    ep_rew_mean          | 28.6        |
| time/                   |             |
|    fps                  | 615         |
|    iterations           | 93          |
|    time_elapsed         | 309         |
|    total_timesteps      | 395264      |
| train/                  |             |
|    approx_kl            | 0.007269588 |
|    clip_fraction        | 0.159       |
|    clip_range           | 0.2         |
|    entropy_loss         | -2.72       |
|    explained_variance   | 0.839       |
|    learning_rate        | 0.0003      |
|    loss                 | 1.17        |
|    n_updates            | 960         |
|    policy_gradient_loss | 0.0107      |
|    std                  | 0.945       |
|    value_loss           | 7.62        |
-----------------------------------------
------------------------------------------
| rollout/                |              |
|    ep_len_mean          | 1.96e+03     |
|    ep_rew_mean          | 27.1         |
| time/                   |              |
|    fps                  | 619          |
|    iterations           | 94           |
|    time_elapsed         | 310          |
|    total_timesteps      | 397312       |
| train/                  |              |
|    approx_kl            | 0.0065953406 |
|    clip_fraction        | 0.0544       |
|    clip_range           | 0.2          |
|    entropy_loss         | -2.73        |
|    explained_variance   | 0.902        |
|    learning_rate        | 0.0003       |
|    loss                 | 0.234        |
|    n_updates            | 965          |
|    policy_gradient_loss | -0.00406     |
|    std                  | 0.946        |
|    value_loss           | 3.63         |
------------------------------------------
------------------------------------------
| rollout/                |              |
|    ep_len_mean          | 1.96e+03     |
|    ep_rew_mean          | 27.1         |
| time/                   |              |
|    fps                  | 623          |
|    iterations           | 95           |
|    time_elapsed         | 312          |
|    total_timesteps      | 399360       |
| train/                  |              |
|    approx_kl            | 0.0033735898 |
|    clip_fraction        | 0.00928      |
|    clip_range           | 0.2          |
|    entropy_loss         | -2.73        |
|    explained_variance   | 0.788        |
|    learning_rate        | 0.0003       |
|    loss                 | 2.84         |
|    n_updates            | 970          |
|    policy_gradient_loss | -0.0014      |
|    std                  | 0.946        |
|    value_loss           | 15.6         |
------------------------------------------
-----------------------------------------
| rollout/                |             |
|    ep_len_mean          | 1.96e+03    |
|    ep_rew_mean          | 26          |
| time/                   |             |
|    fps                  | 627         |
|    iterations           | 96          |
|    time_elapsed         | 313         |
|    total_timesteps      | 401408      |
| train/                  |             |
|    approx_kl            | 0.008983185 |
|    clip_fraction        | 0.0926      |
|    clip_range           | 0.2         |
|    entropy_loss         | -2.73       |
|    explained_variance   | 0.724       |
|    learning_rate        | 0.0003      |
|    loss                 | 2.17        |
|    n_updates            | 975         |
|    policy_gradient_loss | -0.00228    |
|    std                  | 0.944       |
|    value_loss           | 5.61        |
-----------------------------------------
-----------------------------------------
| rollout/                |             |
|    ep_len_mean          | 1.96e+03    |
|    ep_rew_mean          | 27.2        |
| time/                   |             |
|    fps                  | 630         |
|    iterations           | 97          |
|    time_elapsed         | 314         |
|    total_timesteps      | 403456      |
| train/                  |             |
|    approx_kl            | 0.004696777 |
|    clip_fraction        | 0.0299      |
|    clip_range           | 0.2         |
|    entropy_loss         | -2.72       |
|    explained_variance   | 0.785       |
|    learning_rate        | 0.0003      |
|    loss                 | 1.73        |
|    n_updates            | 980         |
|    policy_gradient_loss | -0.00151    |
|    std                  | 0.942       |
|    value_loss           | 8.61        |
-----------------------------------------
------------------------------------------
| rollout/                |              |
|    ep_len_mean          | 1.96e+03     |
|    ep_rew_mean          | 27.3         |
| time/                   |              |
|    fps                  | 634          |
|    iterations           | 98           |
|    time_elapsed         | 316          |
|    total_timesteps      | 405504       |
| train/                  |              |
|    approx_kl            | 0.0086077945 |
|    clip_fraction        | 0.0442       |
|    clip_range           | 0.2          |
|    entropy_loss         | -2.72        |
|    explained_variance   | 0.364        |
|    learning_rate        | 0.0003       |
|    loss                 | 10.1         |
|    n_updates            | 985          |
|    policy_gradient_loss | -0.00205     |
|    std                  | 0.942        |
|    value_loss           | 60.9         |
------------------------------------------
------------------------------------------
| rollout/                |              |
|    ep_len_mean          | 1.95e+03     |
|    ep_rew_mean          | 27.4         |
| time/                   |              |
|    fps                  | 638          |
|    iterations           | 99           |
|    time_elapsed         | 317          |
|    total_timesteps      | 407552       |
| train/                  |              |
|    approx_kl            | 0.0081904195 |
|    clip_fraction        | 0.107        |
|    clip_range           | 0.2          |
|    entropy_loss         | -2.72        |
|    explained_variance   | 0.705        |
|    learning_rate        | 0.0003       |
|    loss                 | 0.132        |
|    n_updates            | 990          |
|    policy_gradient_loss | -0.000305    |
|    std                  | 0.942        |
|    value_loss           | 9.56         |
------------------------------------------
-----------------------------------------
| rollout/                |             |
|    ep_len_mean          | 1.95e+03    |
|    ep_rew_mean          | 27.2        |
| time/                   |             |
|    fps                  | 641         |
|    iterations           | 100         |
|    time_elapsed         | 319         |
|    total_timesteps      | 409600      |
| train/                  |             |
|    approx_kl            | 0.006491678 |
|    clip_fraction        | 0.0747      |
|    clip_range           | 0.2         |
|    entropy_loss         | -2.72       |
|    explained_variance   | -0.0772     |
|    learning_rate        | 0.0003      |
|    loss                 | 208         |
|    n_updates            | 995         |
|    policy_gradient_loss | -0.000402   |
|    std                  | 0.941       |
|    value_loss           | 67.5        |
-----------------------------------------

CP2 held-out: 12/50 hits (24.0%), mean miss 8.3 m, mean reward 17.17
STOP CONDITION: no joint improvement -- review gate before continuing.

==== babysit CP3 2026-09-16 14:00:44 ====
CP3: evasive lineage | max_time=45s t_go_max=10s | tracking=True | obs=12-D | miss_tanh_scale=3000m shaping_gamma=1 effort_weight=5 precision_weight=0 -> out=/Users/vincenzo/Desktop/Projects/Physics Sim Project/missile_guidance_sim/outputs/evasive_zemtgo10_seed14
---------------------------------
| rollout/           |          |
|    ep_len_mean     | 1.95e+03 |
|    ep_rew_mean     | 27.2     |
| time/              |          |
|    fps             | 4751     |
|    iterations      | 1        |
|    time_elapsed    | 0        |
|    total_timesteps | 411648   |
---------------------------------
------------------------------------------
| rollout/                |              |
|    ep_len_mean          | 1.93e+03     |
|    ep_rew_mean          | 28.4         |
| time/                   |              |
|    fps                  | 2001         |
|    iterations           | 2            |
|    time_elapsed         | 2            |
|    total_timesteps      | 413696       |
| train/                  |              |
|    approx_kl            | 0.0023737645 |
|    clip_fraction        | 0.0882       |
|    clip_range           | 0.2          |
|    entropy_loss         | -2.71        |
|    explained_variance   | 0.671        |
|    learning_rate        | 0.0003       |
|    loss                 | 3.92         |
|    n_updates            | 1005         |
|    policy_gradient_loss | 0.00123      |
|    std                  | 0.939        |
|    value_loss           | 6.89         |
------------------------------------------
------------------------------------------
| rollout/                |              |
|    ep_len_mean          | 1.93e+03     |
|    ep_rew_mean          | 29.4         |
| time/                   |              |
|    fps                  | 1728         |
|    iterations           | 3            |
|    time_elapsed         | 3            |
|    total_timesteps      | 415744       |
| train/                  |              |
|    approx_kl            | 0.0017626759 |
|    clip_fraction        | 0.0193       |
|    clip_range           | 0.2          |
|    entropy_loss         | -2.71        |
|    explained_variance   | -0.0799      |
|    learning_rate        | 0.0003       |
|    loss                 | 111          |
|    n_updates            | 1010         |
|    policy_gradient_loss | -0.00138     |
|    std                  | 0.938        |
|    value_loss           | 112          |
------------------------------------------
------------------------------------------
| rollout/                |              |
|    ep_len_mean          | 1.93e+03     |
|    ep_rew_mean          | 29.4         |
| time/                   |              |
|    fps                  | 1644         |
|    iterations           | 4            |
|    time_elapsed         | 4            |
|    total_timesteps      | 417792       |
| train/                  |              |
|    approx_kl            | 0.0042289044 |
|    clip_fraction        | 0.0648       |
|    clip_range           | 0.2          |
|    entropy_loss         | -2.71        |
|    explained_variance   | 0.371        |
|    learning_rate        | 0.0003       |
|    loss                 | 1.6          |
|    n_updates            | 1015         |
|    policy_gradient_loss | -0.00196     |
|    std                  | 0.938        |
|    value_loss           | 58.5         |
------------------------------------------
-----------------------------------------
| rollout/                |             |
|    ep_len_mean          | 1.93e+03    |
|    ep_rew_mean          | 29.4        |
| time/                   |             |
|    fps                  | 1654        |
|    iterations           | 5           |
|    time_elapsed         | 6           |
|    total_timesteps      | 419840      |
| train/                  |             |
|    approx_kl            | 0.005863736 |
|    clip_fraction        | 0.0466      |
|    clip_range           | 0.2         |
|    entropy_loss         | -2.71       |
|    explained_variance   | 0.705       |
|    learning_rate        | 0.0003      |
|    loss                 | 10.6        |
|    n_updates            | 1020        |
|    policy_gradient_loss | -0.00257    |
|    std                  | 0.938       |
|    value_loss           | 14.9        |
-----------------------------------------
-----------------------------------------
| rollout/                |             |
|    ep_len_mean          | 1.93e+03    |
|    ep_rew_mean          | 29.1        |
| time/                   |             |
|    fps                  | 1621        |
|    iterations           | 6           |
|    time_elapsed         | 7           |
|    total_timesteps      | 421888      |
| train/                  |             |
|    approx_kl            | 0.008355177 |
|    clip_fraction        | 0.0971      |
|    clip_range           | 0.2         |
|    entropy_loss         | -2.71       |
|    explained_variance   | 0.718       |
|    learning_rate        | 0.0003      |
|    loss                 | 2.3         |
|    n_updates            | 1025        |
|    policy_gradient_loss | -0.000689   |
|    std                  | 0.938       |
|    value_loss           | 14.4        |
-----------------------------------------
-----------------------------------------
| rollout/                |             |
|    ep_len_mean          | 1.93e+03    |
|    ep_rew_mean          | 29.2        |
| time/                   |             |
|    fps                  | 1607        |
|    iterations           | 7           |
|    time_elapsed         | 8           |
|    total_timesteps      | 423936      |
| train/                  |             |
|    approx_kl            | 0.018793803 |
|    clip_fraction        | 0.0845      |
|    clip_range           | 0.2         |
|    entropy_loss         | -2.71       |
|    explained_variance   | 0.535       |
|    learning_rate        | 0.0003      |
|    loss                 | 1.21        |
|    n_updates            | 1030        |
|    policy_gradient_loss | 0.00144     |
|    std                  | 0.938       |
|    value_loss           | 12          |
-----------------------------------------
------------------------------------------
| rollout/                |              |
|    ep_len_mean          | 1.93e+03     |
|    ep_rew_mean          | 29.2         |
| time/                   |              |
|    fps                  | 1602         |
|    iterations           | 8            |
|    time_elapsed         | 10           |
|    total_timesteps      | 425984       |
| train/                  |              |
|    approx_kl            | 0.0023675957 |
|    clip_fraction        | 0.0213       |
|    clip_range           | 0.2          |
|    entropy_loss         | -2.71        |
|    explained_variance   | 0.761        |
|    learning_rate        | 0.0003       |
|    loss                 | 36           |
|    n_updates            | 1035         |
|    policy_gradient_loss | -0.00173     |
|    std                  | 0.937        |
|    value_loss           | 14.1         |
------------------------------------------
-----------------------------------------
| rollout/                |             |
|    ep_len_mean          | 1.93e+03    |
|    ep_rew_mean          | 29          |
| time/                   |             |
|    fps                  | 1608        |
|    iterations           | 9           |
|    time_elapsed         | 11          |
|    total_timesteps      | 428032      |
| train/                  |             |
|    approx_kl            | 0.010288741 |
|    clip_fraction        | 0.0558      |
|    clip_range           | 0.2         |
|    entropy_loss         | -2.71       |
|    explained_variance   | 0.759       |
|    learning_rate        | 0.0003      |
|    loss                 | 4.19        |
|    n_updates            | 1040        |
|    policy_gradient_loss | 0.000104    |
|    std                  | 0.937       |
|    value_loss           | 7.66        |
-----------------------------------------
-----------------------------------------
| rollout/                |             |
|    ep_len_mean          | 1.93e+03    |
|    ep_rew_mean          | 29          |
| time/                   |             |
|    fps                  | 1610        |
|    iterations           | 10          |
|    time_elapsed         | 12          |
|    total_timesteps      | 430080      |
| train/                  |             |
|    approx_kl            | 0.013354715 |
|    clip_fraction        | 0.0776      |
|    clip_range           | 0.2         |
|    entropy_loss         | -2.71       |
|    explained_variance   | 0.61        |
|    learning_rate        | 0.0003      |
|    loss                 | 6.09        |
|    n_updates            | 1045        |
|    policy_gradient_loss | 0.00328     |
|    std                  | 0.938       |
|    value_loss           | 12.7        |
-----------------------------------------
-----------------------------------------
| rollout/                |             |
|    ep_len_mean          | 1.93e+03    |
|    ep_rew_mean          | 28.4        |
| time/                   |             |
|    fps                  | 1621        |
|    iterations           | 11          |
|    time_elapsed         | 13          |
|    total_timesteps      | 432128      |
| train/                  |             |
|    approx_kl            | 0.003473028 |
|    clip_fraction        | 0.0129      |
|    clip_range           | 0.2         |
|    entropy_loss         | -2.71       |
|    explained_variance   | 0.668       |
|    learning_rate        | 0.0003      |
|    loss                 | 5.22        |
|    n_updates            | 1050        |
|    policy_gradient_loss | -0.00175    |
|    std                  | 0.937       |
|    value_loss           | 11.9        |
-----------------------------------------
-----------------------------------------
| rollout/                |             |
|    ep_len_mean          | 1.93e+03    |
|    ep_rew_mean          | 28.4        |
| time/                   |             |
|    fps                  | 1610        |
|    iterations           | 12          |
|    time_elapsed         | 15          |
|    total_timesteps      | 434176      |
| train/                  |             |
|    approx_kl            | 0.004951677 |
|    clip_fraction        | 0.0376      |
|    clip_range           | 0.2         |
|    entropy_loss         | -2.71       |
|    explained_variance   | 0.746       |
|    learning_rate        | 0.0003      |
|    loss                 | 8.92        |
|    n_updates            | 1055        |
|    policy_gradient_loss | -0.0033     |
|    std                  | 0.937       |
|    value_loss           | 16          |
-----------------------------------------
------------------------------------------
| rollout/                |              |
|    ep_len_mean          | 1.93e+03     |
|    ep_rew_mean          | 28.4         |
| time/                   |              |
|    fps                  | 1623         |
|    iterations           | 13           |
|    time_elapsed         | 16           |
|    total_timesteps      | 436224       |
| train/                  |              |
|    approx_kl            | 0.0028341245 |
|    clip_fraction        | 0.0382       |
|    clip_range           | 0.2          |
|    entropy_loss         | -2.71        |
|    explained_variance   | 0.601        |
|    learning_rate        | 0.0003       |
|    loss                 | 3.9          |
|    n_updates            | 1060         |
|    policy_gradient_loss | -0.000848    |
|    std                  | 0.937        |
|    value_loss           | 10.5         |
------------------------------------------
------------------------------------------
| rollout/                |              |
|    ep_len_mean          | 1.93e+03     |
|    ep_rew_mean          | 28.3         |
| time/                   |              |
|    fps                  | 1629         |
|    iterations           | 14           |
|    time_elapsed         | 17           |
|    total_timesteps      | 438272       |
| train/                  |              |
|    approx_kl            | 0.0032241526 |
|    clip_fraction        | 0.0203       |
|    clip_range           | 0.2          |
|    entropy_loss         | -2.71        |
|    explained_variance   | 0.694        |
|    learning_rate        | 0.0003       |
|    loss                 | 15.3         |
|    n_updates            | 1065         |
|    policy_gradient_loss | -0.0012      |
|    std                  | 0.937        |
|    value_loss           | 11.8         |
------------------------------------------
----------------------------------------
| rollout/                |            |
|    ep_len_mean          | 1.93e+03   |
|    ep_rew_mean          | 28.1       |
| time/                   |            |
|    fps                  | 1633       |
|    iterations           | 15         |
|    time_elapsed         | 18         |
|    total_timesteps      | 440320     |
| train/                  |            |
|    approx_kl            | 0.00457242 |
|    clip_fraction        | 0.0226     |
|    clip_range           | 0.2        |
|    entropy_loss         | -2.71      |
|    explained_variance   | 0.544      |
|    learning_rate        | 0.0003     |
|    loss                 | 15.5       |
|    n_updates            | 1070       |
|    policy_gradient_loss | -0.00395   |
|    std                  | 0.937      |
|    value_loss           | 21.6       |
----------------------------------------
-----------------------------------------
| rollout/                |             |
|    ep_len_mean          | 1.93e+03    |
|    ep_rew_mean          | 28.1        |
| time/                   |             |
|    fps                  | 1611        |
|    iterations           | 16          |
|    time_elapsed         | 20          |
|    total_timesteps      | 442368      |
| train/                  |             |
|    approx_kl            | 0.010760113 |
|    clip_fraction        | 0.118       |
|    clip_range           | 0.2         |
|    entropy_loss         | -2.71       |
|    explained_variance   | 0.699       |
|    learning_rate        | 0.0003      |
|    loss                 | 3.73        |
|    n_updates            | 1075        |
|    policy_gradient_loss | -0.00144    |
|    std                  | 0.938       |
|    value_loss           | 20.7        |
-----------------------------------------
-----------------------------------------
| rollout/                |             |
|    ep_len_mean          | 1.93e+03    |
|    ep_rew_mean          | 28.1        |
| time/                   |             |
|    fps                  | 1615        |
|    iterations           | 17          |
|    time_elapsed         | 21          |
|    total_timesteps      | 444416      |
| train/                  |             |
|    approx_kl            | 0.010630883 |
|    clip_fraction        | 0.138       |
|    clip_range           | 0.2         |
|    entropy_loss         | -2.71       |
|    explained_variance   | 0.848       |
|    learning_rate        | 0.0003      |
|    loss                 | 1.8         |
|    n_updates            | 1080        |
|    policy_gradient_loss | 0.00582     |
|    std                  | 0.937       |
|    value_loss           | 5.15        |
-----------------------------------------
------------------------------------------
| rollout/                |              |
|    ep_len_mean          | 1.92e+03     |
|    ep_rew_mean          | 29.2         |
| time/                   |              |
|    fps                  | 1622         |
|    iterations           | 18           |
|    time_elapsed         | 22           |
|    total_timesteps      | 446464       |
| train/                  |              |
|    approx_kl            | 0.0056013847 |
|    clip_fraction        | 0.0956       |
|    clip_range           | 0.2          |
|    entropy_loss         | -2.71        |
|    explained_variance   | 0.76         |
|    learning_rate        | 0.0003       |
|    loss                 | 3.09         |
|    n_updates            | 1085         |
|    policy_gradient_loss | -0.00117     |
|    std                  | 0.937        |
|    value_loss           | 5.37         |
------------------------------------------
------------------------------------------
| rollout/                |              |
|    ep_len_mean          | 1.92e+03     |
|    ep_rew_mean          | 29.2         |
| time/                   |              |
|    fps                  | 1616         |
|    iterations           | 19           |
|    time_elapsed         | 24           |
|    total_timesteps      | 448512       |
| train/                  |              |
|    approx_kl            | 0.0044965544 |
|    clip_fraction        | 0.0353       |
|    clip_range           | 0.2          |
|    entropy_loss         | -2.71        |
|    explained_variance   | 0.36         |
|    learning_rate        | 0.0003       |
|    loss                 | 0.294        |
|    n_updates            | 1090         |
|    policy_gradient_loss | -0.00126     |
|    std                  | 0.937        |
|    value_loss           | 63.9         |
------------------------------------------
------------------------------------------
| rollout/                |              |
|    ep_len_mean          | 1.92e+03     |
|    ep_rew_mean          | 29.2         |
| time/                   |              |
|    fps                  | 1621         |
|    iterations           | 20           |
|    time_elapsed         | 25           |
|    total_timesteps      | 450560       |
| train/                  |              |
|    approx_kl            | 0.0052912207 |
|    clip_fraction        | 0.0808       |
|    clip_range           | 0.2          |
|    entropy_loss         | -2.71        |
|    explained_variance   | 0.728        |
|    learning_rate        | 0.0003       |
|    loss                 | 9.64         |
|    n_updates            | 1095         |
|    policy_gradient_loss | -0.00216     |
|    std                  | 0.938        |
|    value_loss           | 6.61         |
------------------------------------------
-----------------------------------------
| rollout/                |             |
|    ep_len_mean          | 1.91e+03    |
|    ep_rew_mean          | 30.3        |
| time/                   |             |
|    fps                  | 1608        |
|    iterations           | 21          |
|    time_elapsed         | 26          |
|    total_timesteps      | 452608      |
| train/                  |             |
|    approx_kl            | 0.003995618 |
|    clip_fraction        | 0.154       |
|    clip_range           | 0.2         |
|    entropy_loss         | -2.71       |
|    explained_variance   | 0.655       |
|    learning_rate        | 0.0003      |
|    loss                 | 3.96        |
|    n_updates            | 1100        |
|    policy_gradient_loss | 0.00429     |
|    std                  | 0.937       |
|    value_loss           | 12.4        |
-----------------------------------------
-----------------------------------------
| rollout/                |             |
|    ep_len_mean          | 1.9e+03     |
|    ep_rew_mean          | 30.3        |
| time/                   |             |
|    fps                  | 1604        |
|    iterations           | 22          |
|    time_elapsed         | 28          |
|    total_timesteps      | 454656      |
| train/                  |             |
|    approx_kl            | 0.010568768 |
|    clip_fraction        | 0.0632      |
|    clip_range           | 0.2         |
|    entropy_loss         | -2.71       |
|    explained_variance   | -0.161      |
|    learning_rate        | 0.0003      |
|    loss                 | 214         |
|    n_updates            | 1105        |
|    policy_gradient_loss | -0.00104    |
|    std                  | 0.938       |
|    value_loss           | 64.9        |
-----------------------------------------
-----------------------------------------
| rollout/                |             |
|    ep_len_mean          | 1.9e+03     |
|    ep_rew_mean          | 30.3        |
| time/                   |             |
|    fps                  | 1593        |
|    iterations           | 23          |
|    time_elapsed         | 29          |
|    total_timesteps      | 456704      |
| train/                  |             |
|    approx_kl            | 0.009312253 |
|    clip_fraction        | 0.0908      |
|    clip_range           | 0.2         |
|    entropy_loss         | -2.71       |
|    explained_variance   | 0.131       |
|    learning_rate        | 0.0003      |
|    loss                 | 1.03        |
|    n_updates            | 1110        |
|    policy_gradient_loss | 0.00152     |
|    std                  | 0.937       |
|    value_loss           | 65.8        |
-----------------------------------------
------------------------------------------
| rollout/                |              |
|    ep_len_mean          | 1.9e+03      |
|    ep_rew_mean          | 30.3         |
| time/                   |              |
|    fps                  | 1598         |
|    iterations           | 24           |
|    time_elapsed         | 30           |
|    total_timesteps      | 458752       |
| train/                  |              |
|    approx_kl            | 0.0053458577 |
|    clip_fraction        | 0.0635       |
|    clip_range           | 0.2          |
|    entropy_loss         | -2.71        |
|    explained_variance   | 0.758        |
|    learning_rate        | 0.0003       |
|    loss                 | 2.78         |
|    n_updates            | 1115         |
|    policy_gradient_loss | -0.00497     |
|    std                  | 0.937        |
|    value_loss           | 9.86         |
------------------------------------------
-----------------------------------------
| rollout/                |             |
|    ep_len_mean          | 1.9e+03     |
|    ep_rew_mean          | 30.3        |
| time/                   |             |
|    fps                  | 1597        |
|    iterations           | 25          |
|    time_elapsed         | 32          |
|    total_timesteps      | 460800      |
| train/                  |             |
|    approx_kl            | 0.005116366 |
|    clip_fraction        | 0.0847      |
|    clip_range           | 0.2         |
|    entropy_loss         | -2.71       |
|    explained_variance   | 0.674       |
|    learning_rate        | 0.0003      |
|    loss                 | 1.62        |
|    n_updates            | 1120        |
|    policy_gradient_loss | -0.0038     |
|    std                  | 0.935       |
|    value_loss           | 12.7        |
-----------------------------------------
-----------------------------------------
| rollout/                |             |
|    ep_len_mean          | 1.9e+03     |
|    ep_rew_mean          | 30.2        |
| time/                   |             |
|    fps                  | 1602        |
|    iterations           | 26          |
|    time_elapsed         | 33          |
|    total_timesteps      | 462848      |
| train/                  |             |
|    approx_kl            | 0.008241222 |
|    clip_fraction        | 0.0443      |
|    clip_range           | 0.2         |
|    entropy_loss         | -2.7        |
|    explained_variance   | 0.796       |
|    learning_rate        | 0.0003      |
|    loss                 | 3.51        |
|    n_updates            | 1125        |
|    policy_gradient_loss | -0.00135    |
|    std                  | 0.935       |
|    value_loss           | 5.34        |
-----------------------------------------
------------------------------------------
| rollout/                |              |
|    ep_len_mean          | 1.91e+03     |
|    ep_rew_mean          | 28.4         |
| time/                   |              |
|    fps                  | 1601         |
|    iterations           | 27           |
|    time_elapsed         | 34           |
|    total_timesteps      | 464896       |
| train/                  |              |
|    approx_kl            | 0.0031627666 |
|    clip_fraction        | 0.0216       |
|    clip_range           | 0.2          |
|    entropy_loss         | -2.7         |
|    explained_variance   | 0.581        |
|    learning_rate        | 0.0003       |
|    loss                 | 3.49         |
|    n_updates            | 1130         |
|    policy_gradient_loss | -0.000129    |
|    std                  | 0.934        |
|    value_loss           | 17.7         |
------------------------------------------
------------------------------------------
| rollout/                |              |
|    ep_len_mean          | 1.9e+03      |
|    ep_rew_mean          | 29.6         |
| time/                   |              |
|    fps                  | 1601         |
|    iterations           | 28           |
|    time_elapsed         | 35           |
|    total_timesteps      | 466944       |
| train/                  |              |
|    approx_kl            | 0.0053813676 |
|    clip_fraction        | 0.0867       |
|    clip_range           | 0.2          |
|    entropy_loss         | -2.7         |
|    explained_variance   | 0.638        |
|    learning_rate        | 0.0003       |
|    loss                 | 2.71         |
|    n_updates            | 1135         |
|    policy_gradient_loss | -0.00155     |
|    std                  | 0.934        |
|    value_loss           | 19.6         |
------------------------------------------
------------------------------------------
| rollout/                |              |
|    ep_len_mean          | 1.9e+03      |
|    ep_rew_mean          | 29.5         |
| time/                   |              |
|    fps                  | 1602         |
|    iterations           | 29           |
|    time_elapsed         | 37           |
|    total_timesteps      | 468992       |
| train/                  |              |
|    approx_kl            | 0.0055456213 |
|    clip_fraction        | 0.202        |
|    clip_range           | 0.2          |
|    entropy_loss         | -2.7         |
|    explained_variance   | 0.153        |
|    learning_rate        | 0.0003       |
|    loss                 | 1.7          |
|    n_updates            | 1140         |
|    policy_gradient_loss | -0.00012     |
|    std                  | 0.934        |
|    value_loss           | 58.2         |
------------------------------------------
-----------------------------------------
| rollout/                |             |
|    ep_len_mean          | 1.9e+03     |
|    ep_rew_mean          | 29.3        |
| time/                   |             |
|    fps                  | 1601        |
|    iterations           | 30          |
|    time_elapsed         | 38          |
|    total_timesteps      | 471040      |
| train/                  |             |
|    approx_kl            | 0.007172456 |
|    clip_fraction        | 0.0721      |
|    clip_range           | 0.2         |
|    entropy_loss         | -2.7        |
|    explained_variance   | 0.584       |
|    learning_rate        | 0.0003      |
|    loss                 | 2.5         |
|    n_updates            | 1145        |
|    policy_gradient_loss | -0.00661    |
|    std                  | 0.933       |
|    value_loss           | 9.28        |
-----------------------------------------
------------------------------------------
| rollout/                |              |
|    ep_len_mean          | 1.9e+03      |
|    ep_rew_mean          | 29.4         |
| time/                   |              |
|    fps                  | 1597         |
|    iterations           | 31           |
|    time_elapsed         | 39           |
|    total_timesteps      | 473088       |
| train/                  |              |
|    approx_kl            | 0.0057114502 |
|    clip_fraction        | 0.0545       |
|    clip_range           | 0.2          |
|    entropy_loss         | -2.7         |
|    explained_variance   | 0.814        |
|    learning_rate        | 0.0003       |
|    loss                 | 6.71         |
|    n_updates            | 1150         |
|    policy_gradient_loss | -0.00279     |
|    std                  | 0.933        |
|    value_loss           | 9.76         |
------------------------------------------
------------------------------------------
| rollout/                |              |
|    ep_len_mean          | 1.91e+03     |
|    ep_rew_mean          | 27.9         |
| time/                   |              |
|    fps                  | 1597         |
|    iterations           | 32           |
|    time_elapsed         | 41           |
|    total_timesteps      | 475136       |
| train/                  |              |
|    approx_kl            | 0.0015183237 |
|    clip_fraction        | 0.0414       |
|    clip_range           | 0.2          |
|    entropy_loss         | -2.7         |
|    explained_variance   | 0.694        |
|    learning_rate        | 0.0003       |
|    loss                 | 24.3         |
|    n_updates            | 1155         |
|    policy_gradient_loss | -0.000445    |
|    std                  | 0.934        |
|    value_loss           | 10.6         |
------------------------------------------
-----------------------------------------
| rollout/                |             |
|    ep_len_mean          | 1.91e+03    |
|    ep_rew_mean          | 27.8        |
| time/                   |             |
|    fps                  | 1601        |
|    iterations           | 33          |
|    time_elapsed         | 42          |
|    total_timesteps      | 477184      |
| train/                  |             |
|    approx_kl            | 0.018814867 |
|    clip_fraction        | 0.0998      |
|    clip_range           | 0.2         |
|    entropy_loss         | -2.7        |
|    explained_variance   | 0.684       |
|    learning_rate        | 0.0003      |
|    loss                 | 1.45        |
|    n_updates            | 1160        |
|    policy_gradient_loss | 0.00214     |
|    std                  | 0.935       |
|    value_loss           | 9.84        |
-----------------------------------------
------------------------------------------
| rollout/                |              |
|    ep_len_mean          | 1.91e+03     |
|    ep_rew_mean          | 27.9         |
| time/                   |              |
|    fps                  | 1601         |
|    iterations           | 34           |
|    time_elapsed         | 43           |
|    total_timesteps      | 479232       |
| train/                  |              |
|    approx_kl            | 0.0038462048 |
|    clip_fraction        | 0.0579       |
|    clip_range           | 0.2          |
|    entropy_loss         | -2.7         |
|    explained_variance   | 0.787        |
|    learning_rate        | 0.0003       |
|    loss                 | 6.63         |
|    n_updates            | 1165         |
|    policy_gradient_loss | -0.00224     |
|    std                  | 0.935        |
|    value_loss           | 14.2         |
------------------------------------------
------------------------------------------
| rollout/                |              |
|    ep_len_mean          | 1.91e+03     |
|    ep_rew_mean          | 27.9         |
| time/                   |              |
|    fps                  | 1600         |
|    iterations           | 35           |
|    time_elapsed         | 44           |
|    total_timesteps      | 481280       |
| train/                  |              |
|    approx_kl            | 0.0035843465 |
|    clip_fraction        | 0.0295       |
|    clip_range           | 0.2          |
|    entropy_loss         | -2.7         |
|    explained_variance   | 0.869        |
|    learning_rate        | 0.0003       |
|    loss                 | 3            |
|    n_updates            | 1170         |
|    policy_gradient_loss | -0.00189     |
|    std                  | 0.934        |
|    value_loss           | 11.4         |
------------------------------------------
----------------------------------------
| rollout/                |            |
|    ep_len_mean          | 1.9e+03    |
|    ep_rew_mean          | 28.7       |
| time/                   |            |
|    fps                  | 1605       |
|    iterations           | 36         |
|    time_elapsed         | 45         |
|    total_timesteps      | 483328     |
| train/                  |            |
|    approx_kl            | 0.00876244 |
|    clip_fraction        | 0.0364     |
|    clip_range           | 0.2        |
|    entropy_loss         | -2.7       |
|    explained_variance   | 0.76       |
|    learning_rate        | 0.0003     |
|    loss                 | 2.49       |
|    n_updates            | 1175       |
|    policy_gradient_loss | -0.00258   |
|    std                  | 0.934      |
|    value_loss           | 7.94       |
----------------------------------------
-----------------------------------------
| rollout/                |             |
|    ep_len_mean          | 1.92e+03    |
|    ep_rew_mean          | 27.2        |
| time/                   |             |
|    fps                  | 1603        |
|    iterations           | 37          |
|    time_elapsed         | 47          |
|    total_timesteps      | 485376      |
| train/                  |             |
|    approx_kl            | 0.008330923 |
|    clip_fraction        | 0.0461      |
|    clip_range           | 0.2         |
|    entropy_loss         | -2.7        |
|    explained_variance   | 0.366       |
|    learning_rate        | 0.0003      |
|    loss                 | 3.51        |
|    n_updates            | 1180        |
|    policy_gradient_loss | -0.00211    |
|    std                  | 0.934       |
|    value_loss           | 71.4        |
-----------------------------------------
------------------------------------------
| rollout/                |              |
|    ep_len_mean          | 1.92e+03     |
|    ep_rew_mean          | 27.2         |
| time/                   |              |
|    fps                  | 1600         |
|    iterations           | 38           |
|    time_elapsed         | 48           |
|    total_timesteps      | 487424       |
| train/                  |              |
|    approx_kl            | 0.0031627628 |
|    clip_fraction        | 0.0729       |
|    clip_range           | 0.2          |
|    entropy_loss         | -2.7         |
|    explained_variance   | 0.842        |
|    learning_rate        | 0.0003       |
|    loss                 | 3.77         |
|    n_updates            | 1185         |
|    policy_gradient_loss | -0.00269     |
|    std                  | 0.934        |
|    value_loss           | 13.4         |
------------------------------------------
-----------------------------------------
| rollout/                |             |
|    ep_len_mean          | 1.9e+03     |
|    ep_rew_mean          | 28.5        |
| time/                   |             |
|    fps                  | 1600        |
|    iterations           | 39          |
|    time_elapsed         | 49          |
|    total_timesteps      | 489472      |
| train/                  |             |
|    approx_kl            | 0.009244386 |
|    clip_fraction        | 0.168       |
|    clip_range           | 0.2         |
|    entropy_loss         | -2.7        |
|    explained_variance   | 0.844       |
|    learning_rate        | 0.0003      |
|    loss                 | 1.98        |
|    n_updates            | 1190        |
|    policy_gradient_loss | 0.00197     |
|    std                  | 0.933       |
|    value_loss           | 3.27        |
-----------------------------------------
-----------------------------------------
| rollout/                |             |
|    ep_len_mean          | 1.9e+03     |
|    ep_rew_mean          | 27.1        |
| time/                   |             |
|    fps                  | 1600        |
|    iterations           | 40          |
|    time_elapsed         | 51          |
|    total_timesteps      | 491520      |
| train/                  |             |
|    approx_kl            | 0.017922945 |
|    clip_fraction        | 0.126       |
|    clip_range           | 0.2         |
|    entropy_loss         | -2.7        |
|    explained_variance   | 0.186       |
|    learning_rate        | 0.0003      |
|    loss                 | 3.75        |
|    n_updates            | 1195        |
|    policy_gradient_loss | -0.000111   |
|    std                  | 0.932       |
|    value_loss           | 60.8        |
-----------------------------------------
-----------------------------------------
| rollout/                |             |
|    ep_len_mean          | 1.91e+03    |
|    ep_rew_mean          | 27.3        |
| time/                   |             |
|    fps                  | 1594        |
|    iterations           | 41          |
|    time_elapsed         | 52          |
|    total_timesteps      | 493568      |
| train/                  |             |
|    approx_kl            | 0.009095889 |
|    clip_fraction        | 0.0735      |
|    clip_range           | 0.2         |
|    entropy_loss         | -2.7        |
|    explained_variance   | 0.817       |
|    learning_rate        | 0.0003      |
|    loss                 | 10.5        |
|    n_updates            | 1200        |
|    policy_gradient_loss | -0.0034     |
|    std                  | 0.932       |
|    value_loss           | 16.2        |
-----------------------------------------
-----------------------------------------
| rollout/                |             |
|    ep_len_mean          | 1.9e+03     |
|    ep_rew_mean          | 28.7        |
| time/                   |             |
|    fps                  | 1596        |
|    iterations           | 42          |
|    time_elapsed         | 53          |
|    total_timesteps      | 495616      |
| train/                  |             |
|    approx_kl            | 0.005721029 |
|    clip_fraction        | 0.0358      |
|    clip_range           | 0.2         |
|    entropy_loss         | -2.7        |
|    explained_variance   | 0.58        |
|    learning_rate        | 0.0003      |
|    loss                 | 1.45        |
|    n_updates            | 1205        |
|    policy_gradient_loss | -0.000266   |
|    std                  | 0.932       |
|    value_loss           | 10.8        |
-----------------------------------------
-----------------------------------------
| rollout/                |             |
|    ep_len_mean          | 1.9e+03     |
|    ep_rew_mean          | 28.5        |
| time/                   |             |
|    fps                  | 1598        |
|    iterations           | 43          |
|    time_elapsed         | 55          |
|    total_timesteps      | 497664      |
| train/                  |             |
|    approx_kl            | 0.010280123 |
|    clip_fraction        | 0.0855      |
|    clip_range           | 0.2         |
|    entropy_loss         | -2.7        |
|    explained_variance   | 0.503       |
|    learning_rate        | 0.0003      |
|    loss                 | 5.83        |
|    n_updates            | 1210        |
|    policy_gradient_loss | -0.00185    |
|    std                  | 0.932       |
|    value_loss           | 56.4        |
-----------------------------------------
-----------------------------------------
| rollout/                |             |
|    ep_len_mean          | 1.9e+03     |
|    ep_rew_mean          | 28.4        |
| time/                   |             |
|    fps                  | 1600        |
|    iterations           | 44          |
|    time_elapsed         | 56          |
|    total_timesteps      | 499712      |
| train/                  |             |
|    approx_kl            | 0.003334914 |
|    clip_fraction        | 0.0387      |
|    clip_range           | 0.2         |
|    entropy_loss         | -2.7        |
|    explained_variance   | 0.812       |
|    learning_rate        | 0.0003      |
|    loss                 | 1.69        |
|    n_updates            | 1215        |
|    policy_gradient_loss | -0.00299    |
|    std                  | 0.931       |
|    value_loss           | 12.4        |
-----------------------------------------
------------------------------------------
| rollout/                |              |
|    ep_len_mean          | 1.9e+03      |
|    ep_rew_mean          | 28.2         |
| time/                   |              |
|    fps                  | 1600         |
|    iterations           | 45           |
|    time_elapsed         | 57           |
|    total_timesteps      | 501760       |
| train/                  |              |
|    approx_kl            | 0.0056894203 |
|    clip_fraction        | 0.0584       |
|    clip_range           | 0.2          |
|    entropy_loss         | -2.69        |
|    explained_variance   | 0.88         |
|    learning_rate        | 0.0003       |
|    loss                 | 2.04         |
|    n_updates            | 1220         |
|    policy_gradient_loss | -0.00495     |
|    std                  | 0.929        |
|    value_loss           | 9.21         |
------------------------------------------
-----------------------------------------
| rollout/                |             |
|    ep_len_mean          | 1.9e+03     |
|    ep_rew_mean          | 28.2        |
| time/                   |             |
|    fps                  | 1601        |
|    iterations           | 46          |
|    time_elapsed         | 58          |
|    total_timesteps      | 503808      |
| train/                  |             |
|    approx_kl            | 0.011410934 |
|    clip_fraction        | 0.0869      |
|    clip_range           | 0.2         |
|    entropy_loss         | -2.69       |
|    explained_variance   | 0.714       |
|    learning_rate        | 0.0003      |
|    loss                 | 0.0534      |
|    n_updates            | 1225        |
|    policy_gradient_loss | -0.00564    |
|    std                  | 0.927       |
|    value_loss           | 8.56        |
-----------------------------------------
-----------------------------------------
| rollout/                |             |
|    ep_len_mean          | 1.88e+03    |
|    ep_rew_mean          | 29.6        |
| time/                   |             |
|    fps                  | 1604        |
|    iterations           | 47          |
|    time_elapsed         | 59          |
|    total_timesteps      | 505856      |
| train/                  |             |
|    approx_kl            | 0.002816485 |
|    clip_fraction        | 0.0118      |
|    clip_range           | 0.2         |
|    entropy_loss         | -2.68       |
|    explained_variance   | 0.709       |
|    learning_rate        | 0.0003      |
|    loss                 | 1.18        |
|    n_updates            | 1230        |
|    policy_gradient_loss | -0.00127    |
|    std                  | 0.926       |
|    value_loss           | 6.86        |
-----------------------------------------
----------------------------------------
| rollout/                |            |
|    ep_len_mean          | 1.87e+03   |
|    ep_rew_mean          | 30.9       |
| time/                   |            |
|    fps                  | 1602       |
|    iterations           | 48         |
|    time_elapsed         | 61         |
|    total_timesteps      | 507904     |
| train/                  |            |
|    approx_kl            | 0.01609774 |
|    clip_fraction        | 0.137      |
|    clip_range           | 0.2        |
|    entropy_loss         | -2.68      |
|    explained_variance   | 0.212      |
|    learning_rate        | 0.0003     |
|    loss                 | 5.01       |
|    n_updates            | 1235       |
|    policy_gradient_loss | 0.00382    |
|    std                  | 0.926      |
|    value_loss           | 63         |
----------------------------------------
------------------------------------------
| rollout/                |              |
|    ep_len_mean          | 1.85e+03     |
|    ep_rew_mean          | 32.1         |
| time/                   |              |
|    fps                  | 1601         |
|    iterations           | 49           |
|    time_elapsed         | 62           |
|    total_timesteps      | 509952       |
| train/                  |              |
|    approx_kl            | 0.0024325193 |
|    clip_fraction        | 0.0156       |
|    clip_range           | 0.2          |
|    entropy_loss         | -2.68        |
|    explained_variance   | -8.89e-05    |
|    learning_rate        | 0.0003       |
|    loss                 | 220          |
|    n_updates            | 1240         |
|    policy_gradient_loss | -0.00122     |
|    std                  | 0.925        |
|    value_loss           | 61.4         |
------------------------------------------
------------------------------------------
| rollout/                |              |
|    ep_len_mean          | 1.85e+03     |
|    ep_rew_mean          | 32.1         |
| time/                   |              |
|    fps                  | 1601         |
|    iterations           | 50           |
|    time_elapsed         | 63           |
|    total_timesteps      | 512000       |
| train/                  |              |
|    approx_kl            | 0.0058667073 |
|    clip_fraction        | 0.106        |
|    clip_range           | 0.2          |
|    entropy_loss         | -2.68        |
|    explained_variance   | 0.381        |
|    learning_rate        | 0.0003       |
|    loss                 | 4.35         |
|    n_updates            | 1245         |
|    policy_gradient_loss | 0.00302      |
|    std                  | 0.922        |
|    value_loss           | 66.8         |
------------------------------------------
------------------------------------------
| rollout/                |              |
|    ep_len_mean          | 1.85e+03     |
|    ep_rew_mean          | 31.9         |
| time/                   |              |
|    fps                  | 1601         |
|    iterations           | 51           |
|    time_elapsed         | 65           |
|    total_timesteps      | 514048       |
| train/                  |              |
|    approx_kl            | 0.0035011354 |
|    clip_fraction        | 0.0346       |
|    clip_range           | 0.2          |
|    entropy_loss         | -2.67        |
|    explained_variance   | 0.802        |
|    learning_rate        | 0.0003       |
|    loss                 | 2.81         |
|    n_updates            | 1250         |
|    policy_gradient_loss | -0.00146     |
|    std                  | 0.92         |
|    value_loss           | 5.73         |
------------------------------------------
------------------------------------------
| rollout/                |              |
|    ep_len_mean          | 1.85e+03     |
|    ep_rew_mean          | 31.8         |
| time/                   |              |
|    fps                  | 1600         |
|    iterations           | 52           |
|    time_elapsed         | 66           |
|    total_timesteps      | 516096       |
| train/                  |              |
|    approx_kl            | 0.0063468968 |
|    clip_fraction        | 0.0327       |
|    clip_range           | 0.2          |
|    entropy_loss         | -2.67        |
|    explained_variance   | 0.285        |
|    learning_rate        | 0.0003       |
|    loss                 | 5.56         |
|    n_updates            | 1255         |
|    policy_gradient_loss | -0.00305     |
|    std                  | 0.92         |
|    value_loss           | 63.1         |
------------------------------------------
------------------------------------------
| rollout/                |              |
|    ep_len_mean          | 1.85e+03     |
|    ep_rew_mean          | 31.4         |
| time/                   |              |
|    fps                  | 1600         |
|    iterations           | 53           |
|    time_elapsed         | 67           |
|    total_timesteps      | 518144       |
| train/                  |              |
|    approx_kl            | 0.0059528705 |
|    clip_fraction        | 0.0481       |
|    clip_range           | 0.2          |
|    entropy_loss         | -2.67        |
|    explained_variance   | 0.843        |
|    learning_rate        | 0.0003       |
|    loss                 | 6.99         |
|    n_updates            | 1260         |
|    policy_gradient_loss | -0.00211     |
|    std                  | 0.92         |
|    value_loss           | 12.6         |
------------------------------------------
-----------------------------------------
| rollout/                |             |
|    ep_len_mean          | 1.85e+03    |
|    ep_rew_mean          | 31.4        |
| time/                   |             |
|    fps                  | 1599        |
|    iterations           | 54          |
|    time_elapsed         | 69          |
|    total_timesteps      | 520192      |
| train/                  |             |
|    approx_kl            | 0.003275443 |
|    clip_fraction        | 0.0479      |
|    clip_range           | 0.2         |
|    entropy_loss         | -2.67       |
|    explained_variance   | 0.861       |
|    learning_rate        | 0.0003      |
|    loss                 | 2.82        |
|    n_updates            | 1265        |
|    policy_gradient_loss | -0.00299    |
|    std                  | 0.918       |
|    value_loss           | 13          |
-----------------------------------------
------------------------------------------
| rollout/                |              |
|    ep_len_mean          | 1.85e+03     |
|    ep_rew_mean          | 31.3         |
| time/                   |              |
|    fps                  | 1599         |
|    iterations           | 55           |
|    time_elapsed         | 70           |
|    total_timesteps      | 522240       |
| train/                  |              |
|    approx_kl            | 0.0082892105 |
|    clip_fraction        | 0.103        |
|    clip_range           | 0.2          |
|    entropy_loss         | -2.67        |
|    explained_variance   | 0.877        |
|    learning_rate        | 0.0003       |
|    loss                 | 0.259        |
|    n_updates            | 1270         |
|    policy_gradient_loss | -0.00536     |
|    std                  | 0.918        |
|    value_loss           | 7.67         |
------------------------------------------
------------------------------------------
| rollout/                |              |
|    ep_len_mean          | 1.87e+03     |
|    ep_rew_mean          | 29.9         |
| time/                   |              |
|    fps                  | 1596         |
|    iterations           | 56           |
|    time_elapsed         | 71           |
|    total_timesteps      | 524288       |
| train/                  |              |
|    approx_kl            | 0.0056814617 |
|    clip_fraction        | 0.0569       |
|    clip_range           | 0.2          |
|    entropy_loss         | -2.67        |
|    explained_variance   | 0.384        |
|    learning_rate        | 0.0003       |
|    loss                 | 0.86         |
|    n_updates            | 1275         |
|    policy_gradient_loss | -0.00388     |
|    std                  | 0.918        |
|    value_loss           | 63.8         |
------------------------------------------
------------------------------------------
| rollout/                |              |
|    ep_len_mean          | 1.84e+03     |
|    ep_rew_mean          | 32.1         |
| time/                   |              |
|    fps                  | 1595         |
|    iterations           | 57           |
|    time_elapsed         | 73           |
|    total_timesteps      | 526336       |
| train/                  |              |
|    approx_kl            | 0.0046930807 |
|    clip_fraction        | 0.0403       |
|    clip_range           | 0.2          |
|    entropy_loss         | -2.66        |
|    explained_variance   | 0.647        |
|    learning_rate        | 0.0003       |
|    loss                 | 3.22         |
|    n_updates            | 1280         |
|    policy_gradient_loss | -0.00152     |
|    std                  | 0.917        |
|    value_loss           | 11.8         |
------------------------------------------
------------------------------------------
| rollout/                |              |
|    ep_len_mean          | 1.83e+03     |
|    ep_rew_mean          | 33.6         |
| time/                   |              |
|    fps                  | 1591         |
|    iterations           | 58           |
|    time_elapsed         | 74           |
|    total_timesteps      | 528384       |
| train/                  |              |
|    approx_kl            | 0.0066635665 |
|    clip_fraction        | 0.0699       |
|    clip_range           | 0.2          |
|    entropy_loss         | -2.66        |
|    explained_variance   | 0.217        |
|    learning_rate        | 0.0003       |
|    loss                 | 204          |
|    n_updates            | 1285         |
|    policy_gradient_loss | 0.00196      |
|    std                  | 0.918        |
|    value_loss           | 108          |
------------------------------------------
----------------------------------------
| rollout/                |            |
|    ep_len_mean          | 1.83e+03   |
|    ep_rew_mean          | 34.8       |
| time/                   |            |
|    fps                  | 1590       |
|    iterations           | 59         |
|    time_elapsed         | 75         |
|    total_timesteps      | 530432     |
| train/                  |            |
|    approx_kl            | 0.00806468 |
|    clip_fraction        | 0.0767     |
|    clip_range           | 0.2        |
|    entropy_loss         | -2.67      |
|    explained_variance   | 0.278      |
|    learning_rate        | 0.0003     |
|    loss                 | 0.235      |
|    n_updates            | 1290       |
|    policy_gradient_loss | -0.000276  |
|    std                  | 0.918      |
|    value_loss           | 55         |
----------------------------------------
----------------------------------------
| rollout/                |            |
|    ep_len_mean          | 1.82e+03   |
|    ep_rew_mean          | 36.1       |
| time/                   |            |
|    fps                  | 1589       |
|    iterations           | 60         |
|    time_elapsed         | 77         |
|    total_timesteps      | 532480     |
| train/                  |            |
|    approx_kl            | 0.02078414 |
|    clip_fraction        | 0.195      |
|    clip_range           | 0.2        |
|    entropy_loss         | -2.67      |
|    explained_variance   | 0.316      |
|    learning_rate        | 0.0003     |
|    loss                 | 1.68       |
|    n_updates            | 1295       |
|    policy_gradient_loss | 0.00682    |
|    std                  | 0.919      |
|    value_loss           | 60.1       |
----------------------------------------
----------------------------------------
| rollout/                |            |
|    ep_len_mean          | 1.8e+03    |
|    ep_rew_mean          | 37.4       |
| time/                   |            |
|    fps                  | 1588       |
|    iterations           | 61         |
|    time_elapsed         | 78         |
|    total_timesteps      | 534528     |
| train/                  |            |
|    approx_kl            | 0.03321174 |
|    clip_fraction        | 0.207      |
|    clip_range           | 0.2        |
|    entropy_loss         | -2.67      |
|    explained_variance   | 0.32       |
|    learning_rate        | 0.0003     |
|    loss                 | 184        |
|    n_updates            | 1300       |
|    policy_gradient_loss | 0.0105     |
|    std                  | 0.919      |
|    value_loss           | 54.1       |
----------------------------------------
-----------------------------------------
| rollout/                |             |
|    ep_len_mean          | 1.8e+03     |
|    ep_rew_mean          | 37.3        |
| time/                   |             |
|    fps                  | 1586        |
|    iterations           | 62          |
|    time_elapsed         | 80          |
|    total_timesteps      | 536576      |
| train/                  |             |
|    approx_kl            | 0.029291485 |
|    clip_fraction        | 0.273       |
|    clip_range           | 0.2         |
|    entropy_loss         | -2.67       |
|    explained_variance   | 0.318       |
|    learning_rate        | 0.0003      |
|    loss                 | 16.9        |
|    n_updates            | 1305        |
|    policy_gradient_loss | 0.0188      |
|    std                  | 0.92        |
|    value_loss           | 60.9        |
-----------------------------------------
-----------------------------------------
| rollout/                |             |
|    ep_len_mean          | 1.77e+03    |
|    ep_rew_mean          | 40.1        |
| time/                   |             |
|    fps                  | 1584        |
|    iterations           | 63          |
|    time_elapsed         | 81          |
|    total_timesteps      | 538624      |
| train/                  |             |
|    approx_kl            | 0.018295467 |
|    clip_fraction        | 0.134       |
|    clip_range           | 0.2         |
|    entropy_loss         | -2.67       |
|    explained_variance   | 0.367       |
|    learning_rate        | 0.0003      |
|    loss                 | 3.12        |
|    n_updates            | 1310        |
|    policy_gradient_loss | 0.00419     |
|    std                  | 0.915       |
|    value_loss           | 57.4        |
-----------------------------------------
----------------------------------------
| rollout/                |            |
|    ep_len_mean          | 1.77e+03   |
|    ep_rew_mean          | 40.1       |
| time/                   |            |
|    fps                  | 1581       |
|    iterations           | 64         |
|    time_elapsed         | 82         |
|    total_timesteps      | 540672     |
| train/                  |            |
|    approx_kl            | 0.02296504 |
|    clip_fraction        | 0.119      |
|    clip_range           | 0.2        |
|    entropy_loss         | -2.66      |
|    explained_variance   | 0.204      |
|    learning_rate        | 0.0003     |
|    loss                 | 1.52       |
|    n_updates            | 1315       |
|    policy_gradient_loss | 0.00218    |
|    std                  | 0.915      |
|    value_loss           | 105        |
----------------------------------------
-----------------------------------------
| rollout/                |             |
|    ep_len_mean          | 1.78e+03    |
|    ep_rew_mean          | 38.6        |
| time/                   |             |
|    fps                  | 1580        |
|    iterations           | 65          |
|    time_elapsed         | 84          |
|    total_timesteps      | 542720      |
| train/                  |             |
|    approx_kl            | 0.008331758 |
|    clip_fraction        | 0.124       |
|    clip_range           | 0.2         |
|    entropy_loss         | -2.66       |
|    explained_variance   | 0.141       |
|    learning_rate        | 0.0003      |
|    loss                 | 0.623       |
|    n_updates            | 1320        |
|    policy_gradient_loss | -0.00402    |
|    std                  | 0.917       |
|    value_loss           | 54.1        |
-----------------------------------------
------------------------------------------
| rollout/                |              |
|    ep_len_mean          | 1.78e+03     |
|    ep_rew_mean          | 38.6         |
| time/                   |              |
|    fps                  | 1578         |
|    iterations           | 66           |
|    time_elapsed         | 85           |
|    total_timesteps      | 544768       |
| train/                  |              |
|    approx_kl            | 0.0027888643 |
|    clip_fraction        | 0.0142       |
|    clip_range           | 0.2          |
|    entropy_loss         | -2.66        |
|    explained_variance   | 0.474        |
|    learning_rate        | 0.0003       |
|    loss                 | 0.989        |
|    n_updates            | 1325         |
|    policy_gradient_loss | -0.00171     |
|    std                  | 0.917        |
|    value_loss           | 50           |
------------------------------------------
------------------------------------------
| rollout/                |              |
|    ep_len_mean          | 1.76e+03     |
|    ep_rew_mean          | 41.1         |
| time/                   |              |
|    fps                  | 1578         |
|    iterations           | 67           |
|    time_elapsed         | 86           |
|    total_timesteps      | 546816       |
| train/                  |              |
|    approx_kl            | 0.0047190962 |
|    clip_fraction        | 0.0881       |
|    clip_range           | 0.2          |
|    entropy_loss         | -2.66        |
|    explained_variance   | 0.738        |
|    learning_rate        | 0.0003       |
|    loss                 | 6.03         |
|    n_updates            | 1330         |
|    policy_gradient_loss | 0.00143      |
|    std                  | 0.916        |
|    value_loss           | 11.6         |
------------------------------------------
-----------------------------------------
| rollout/                |             |
|    ep_len_mean          | 1.77e+03    |
|    ep_rew_mean          | 39.9        |
| time/                   |             |
|    fps                  | 1575        |
|    iterations           | 68          |
|    time_elapsed         | 88          |
|    total_timesteps      | 548864      |
| train/                  |             |
|    approx_kl            | 0.005504182 |
|    clip_fraction        | 0.0408      |
|    clip_range           | 0.2         |
|    entropy_loss         | -2.66       |
|    explained_variance   | 0.0279      |
|    learning_rate        | 0.0003      |
|    loss                 | 0.354       |
|    n_updates            | 1335        |
|    policy_gradient_loss | -0.00278    |
|    std                  | 0.916       |
|    value_loss           | 106         |
-----------------------------------------
-----------------------------------------
| rollout/                |             |
|    ep_len_mean          | 1.77e+03    |
|    ep_rew_mean          | 39.9        |
| time/                   |             |
|    fps                  | 1574        |
|    iterations           | 69          |
|    time_elapsed         | 89          |
|    total_timesteps      | 550912      |
| train/                  |             |
|    approx_kl            | 0.006227008 |
|    clip_fraction        | 0.0877      |
|    clip_range           | 0.2         |
|    entropy_loss         | -2.66       |
|    explained_variance   | 0.632       |
|    learning_rate        | 0.0003      |
|    loss                 | 2.06        |
|    n_updates            | 1340        |
|    policy_gradient_loss | -0.00251    |
|    std                  | 0.916       |
|    value_loss           | 20.6        |
-----------------------------------------
-----------------------------------------
| rollout/                |             |
|    ep_len_mean          | 1.77e+03    |
|    ep_rew_mean          | 39.9        |
| time/                   |             |
|    fps                  | 1573        |
|    iterations           | 70          |
|    time_elapsed         | 91          |
|    total_timesteps      | 552960      |
| train/                  |             |
|    approx_kl            | 0.004684102 |
|    clip_fraction        | 0.0711      |
|    clip_range           | 0.2         |
|    entropy_loss         | -2.66       |
|    explained_variance   | 0.867       |
|    learning_rate        | 0.0003      |
|    loss                 | 1.44        |
|    n_updates            | 1345        |
|    policy_gradient_loss | -0.00227    |
|    std                  | 0.913       |
|    value_loss           | 6.27        |
-----------------------------------------
-----------------------------------------
| rollout/                |             |
|    ep_len_mean          | 1.77e+03    |
|    ep_rew_mean          | 40          |
| time/                   |             |
|    fps                  | 1573        |
|    iterations           | 71          |
|    time_elapsed         | 92          |
|    total_timesteps      | 555008      |
| train/                  |             |
|    approx_kl            | 0.007971067 |
|    clip_fraction        | 0.0534      |
|    clip_range           | 0.2         |
|    entropy_loss         | -2.65       |
|    explained_variance   | 0.802       |
|    learning_rate        | 0.0003      |
|    loss                 | 2.01        |
|    n_updates            | 1350        |
|    policy_gradient_loss | -0.00411    |
|    std                  | 0.912       |
|    value_loss           | 2.71        |
-----------------------------------------
------------------------------------------
| rollout/                |              |
|    ep_len_mean          | 1.77e+03     |
|    ep_rew_mean          | 39.3         |
| time/                   |              |
|    fps                  | 1571         |
|    iterations           | 72           |
|    time_elapsed         | 93           |
|    total_timesteps      | 557056       |
| train/                  |              |
|    approx_kl            | 0.0032359147 |
|    clip_fraction        | 0.0137       |
|    clip_range           | 0.2          |
|    entropy_loss         | -2.65        |
|    explained_variance   | 0.203        |
|    learning_rate        | 0.0003       |
|    loss                 | 9.15         |
|    n_updates            | 1355         |
|    policy_gradient_loss | -0.00239     |
|    std                  | 0.912        |
|    value_loss           | 56.9         |
------------------------------------------
------------------------------------------
| rollout/                |              |
|    ep_len_mean          | 1.75e+03     |
|    ep_rew_mean          | 40.6         |
| time/                   |              |
|    fps                  | 1570         |
|    iterations           | 73           |
|    time_elapsed         | 95           |
|    total_timesteps      | 559104       |
| train/                  |              |
|    approx_kl            | 0.0034466241 |
|    clip_fraction        | 0.0319       |
|    clip_range           | 0.2          |
|    entropy_loss         | -2.65        |
|    explained_variance   | 0.837        |
|    learning_rate        | 0.0003       |
|    loss                 | 1.15         |
|    n_updates            | 1360         |
|    policy_gradient_loss | -0.00246     |
|    std                  | 0.911        |
|    value_loss           | 9.41         |
------------------------------------------
-----------------------------------------
| rollout/                |             |
|    ep_len_mean          | 1.75e+03    |
|    ep_rew_mean          | 40.6        |
| time/                   |             |
|    fps                  | 1571        |
|    iterations           | 74          |
|    time_elapsed         | 96          |
|    total_timesteps      | 561152      |
| train/                  |             |
|    approx_kl            | 0.008285475 |
|    clip_fraction        | 0.043       |
|    clip_range           | 0.2         |
|    entropy_loss         | -2.65       |
|    explained_variance   | 0.136       |
|    learning_rate        | 0.0003      |
|    loss                 | 202         |
|    n_updates            | 1365        |
|    policy_gradient_loss | -0.00233    |
|    std                  | 0.91        |
|    value_loss           | 110         |
-----------------------------------------
-----------------------------------------
| rollout/                |             |
|    ep_len_mean          | 1.74e+03    |
|    ep_rew_mean          | 40.7        |
| time/                   |             |
|    fps                  | 1572        |
|    iterations           | 75          |
|    time_elapsed         | 97          |
|    total_timesteps      | 563200      |
| train/                  |             |
|    approx_kl            | 0.004561781 |
|    clip_fraction        | 0.0119      |
|    clip_range           | 0.2         |
|    entropy_loss         | -2.65       |
|    explained_variance   | 0.89        |
|    learning_rate        | 0.0003      |
|    loss                 | 1.48        |
|    n_updates            | 1370        |
|    policy_gradient_loss | -0.00243    |
|    std                  | 0.909       |
|    value_loss           | 6.06        |
-----------------------------------------
------------------------------------------
| rollout/                |              |
|    ep_len_mean          | 1.74e+03     |
|    ep_rew_mean          | 40.6         |
| time/                   |              |
|    fps                  | 1571         |
|    iterations           | 76           |
|    time_elapsed         | 99           |
|    total_timesteps      | 565248       |
| train/                  |              |
|    approx_kl            | 0.0077182623 |
|    clip_fraction        | 0.048        |
|    clip_range           | 0.2          |
|    entropy_loss         | -2.65        |
|    explained_variance   | 0.392        |
|    learning_rate        | 0.0003       |
|    loss                 | 1.61         |
|    n_updates            | 1375         |
|    policy_gradient_loss | -0.0043      |
|    std                  | 0.909        |
|    value_loss           | 64.2         |
------------------------------------------
----------------------------------------
| rollout/                |            |
|    ep_len_mean          | 1.74e+03   |
|    ep_rew_mean          | 39.9       |
| time/                   |            |
|    fps                  | 1570       |
|    iterations           | 77         |
|    time_elapsed         | 100        |
|    total_timesteps      | 567296     |
| train/                  |            |
|    approx_kl            | 0.02140506 |
|    clip_fraction        | 0.106      |
|    clip_range           | 0.2        |
|    entropy_loss         | -2.65      |
|    explained_variance   | 0.751      |
|    learning_rate        | 0.0003     |
|    loss                 | 8.36       |
|    n_updates            | 1380       |
|    policy_gradient_loss | -0.000246  |
|    std                  | 0.909      |
|    value_loss           | 11.3       |
----------------------------------------
-----------------------------------------
| rollout/                |             |
|    ep_len_mean          | 1.74e+03    |
|    ep_rew_mean          | 39.8        |
| time/                   |             |
|    fps                  | 1571        |
|    iterations           | 78          |
|    time_elapsed         | 101         |
|    total_timesteps      | 569344      |
| train/                  |             |
|    approx_kl            | 0.006430778 |
|    clip_fraction        | 0.121       |
|    clip_range           | 0.2         |
|    entropy_loss         | -2.64       |
|    explained_variance   | 0.413       |
|    learning_rate        | 0.0003      |
|    loss                 | 2.2         |
|    n_updates            | 1385        |
|    policy_gradient_loss | -0.000838   |
|    std                  | 0.905       |
|    value_loss           | 65.2        |
-----------------------------------------
------------------------------------------
| rollout/                |              |
|    ep_len_mean          | 1.75e+03     |
|    ep_rew_mean          | 38.4         |
| time/                   |              |
|    fps                  | 1572         |
|    iterations           | 79           |
|    time_elapsed         | 102          |
|    total_timesteps      | 571392       |
| train/                  |              |
|    approx_kl            | 0.0050068107 |
|    clip_fraction        | 0.0245       |
|    clip_range           | 0.2          |
|    entropy_loss         | -2.64        |
|    explained_variance   | 0.276        |
|    learning_rate        | 0.0003       |
|    loss                 | 206          |
|    n_updates            | 1390         |
|    policy_gradient_loss | -0.00235     |
|    std                  | 0.903        |
|    value_loss           | 59.3         |
------------------------------------------
-----------------------------------------
| rollout/                |             |
|    ep_len_mean          | 1.75e+03    |
|    ep_rew_mean          | 38          |
| time/                   |             |
|    fps                  | 1574        |
|    iterations           | 80          |
|    time_elapsed         | 104         |
|    total_timesteps      | 573440      |
| train/                  |             |
|    approx_kl            | 0.004790049 |
|    clip_fraction        | 0.0331      |
|    clip_range           | 0.2         |
|    entropy_loss         | -2.63       |
|    explained_variance   | 0.669       |
|    learning_rate        | 0.0003      |
|    loss                 | 2.1         |
|    n_updates            | 1395        |
|    policy_gradient_loss | -0.00316    |
|    std                  | 0.902       |
|    value_loss           | 11.6        |
-----------------------------------------
------------------------------------------
| rollout/                |              |
|    ep_len_mean          | 1.75e+03     |
|    ep_rew_mean          | 38           |
| time/                   |              |
|    fps                  | 1572         |
|    iterations           | 81           |
|    time_elapsed         | 105          |
|    total_timesteps      | 575488       |
| train/                  |              |
|    approx_kl            | 0.0068670595 |
|    clip_fraction        | 0.0403       |
|    clip_range           | 0.2          |
|    entropy_loss         | -2.63        |
|    explained_variance   | 0.8          |
|    learning_rate        | 0.0003       |
|    loss                 | 3.5          |
|    n_updates            | 1400         |
|    policy_gradient_loss | 1.74e-05     |
|    std                  | 0.901        |
|    value_loss           | 14.7         |
------------------------------------------
-----------------------------------------
| rollout/                |             |
|    ep_len_mean          | 1.75e+03    |
|    ep_rew_mean          | 38          |
| time/                   |             |
|    fps                  | 1574        |
|    iterations           | 82          |
|    time_elapsed         | 106         |
|    total_timesteps      | 577536      |
| train/                  |             |
|    approx_kl            | 0.003913337 |
|    clip_fraction        | 0.0603      |
|    clip_range           | 0.2         |
|    entropy_loss         | -2.63       |
|    explained_variance   | 0.746       |
|    learning_rate        | 0.0003      |
|    loss                 | 13.9        |
|    n_updates            | 1405        |
|    policy_gradient_loss | -0.00181    |
|    std                  | 0.899       |
|    value_loss           | 13.2        |
-----------------------------------------
-----------------------------------------
| rollout/                |             |
|    ep_len_mean          | 1.75e+03    |
|    ep_rew_mean          | 37.8        |
| time/                   |             |
|    fps                  | 1576        |
|    iterations           | 83          |
|    time_elapsed         | 107         |
|    total_timesteps      | 579584      |
| train/                  |             |
|    approx_kl            | 0.005107589 |
|    clip_fraction        | 0.123       |
|    clip_range           | 0.2         |
|    entropy_loss         | -2.62       |
|    explained_variance   | 0.873       |
|    learning_rate        | 0.0003      |
|    loss                 | 4.35        |
|    n_updates            | 1410        |
|    policy_gradient_loss | -0.00151    |
|    std                  | 0.9         |
|    value_loss           | 4.6         |
-----------------------------------------
-----------------------------------------
| rollout/                |             |
|    ep_len_mean          | 1.73e+03    |
|    ep_rew_mean          | 39.1        |
| time/                   |             |
|    fps                  | 1575        |
|    iterations           | 84          |
|    time_elapsed         | 109         |
|    total_timesteps      | 581632      |
| train/                  |             |
|    approx_kl            | 0.009367265 |
|    clip_fraction        | 0.133       |
|    clip_range           | 0.2         |
|    entropy_loss         | -2.62       |
|    explained_variance   | 0.101       |
|    learning_rate        | 0.0003      |
|    loss                 | 3.28        |
|    n_updates            | 1415        |
|    policy_gradient_loss | 0.00149     |
|    std                  | 0.898       |
|    value_loss           | 59.1        |
-----------------------------------------
-----------------------------------------
| rollout/                |             |
|    ep_len_mean          | 1.73e+03    |
|    ep_rew_mean          | 39.1        |
| time/                   |             |
|    fps                  | 1575        |
|    iterations           | 85          |
|    time_elapsed         | 110         |
|    total_timesteps      | 583680      |
| train/                  |             |
|    approx_kl            | 0.037379593 |
|    clip_fraction        | 0.172       |
|    clip_range           | 0.2         |
|    entropy_loss         | -2.62       |
|    explained_variance   | -0.00331    |
|    learning_rate        | 0.0003      |
|    loss                 | 3.84        |
|    n_updates            | 1420        |
|    policy_gradient_loss | 0.00728     |
|    std                  | 0.896       |
|    value_loss           | 61.3        |
-----------------------------------------
------------------------------------------
| rollout/                |              |
|    ep_len_mean          | 1.73e+03     |
|    ep_rew_mean          | 39.1         |
| time/                   |              |
|    fps                  | 1575         |
|    iterations           | 86           |
|    time_elapsed         | 111          |
|    total_timesteps      | 585728       |
| train/                  |              |
|    approx_kl            | 0.0033640743 |
|    clip_fraction        | 0.0865       |
|    clip_range           | 0.2          |
|    entropy_loss         | -2.62        |
|    explained_variance   | 0.887        |
|    learning_rate        | 0.0003       |
|    loss                 | 0.659        |
|    n_updates            | 1425         |
|    policy_gradient_loss | 0.0024       |
|    std                  | 0.896        |
|    value_loss           | 8.31         |
------------------------------------------
-----------------------------------------
| rollout/                |             |
|    ep_len_mean          | 1.75e+03    |
|    ep_rew_mean          | 37.8        |
| time/                   |             |
|    fps                  | 1577        |
|    iterations           | 87          |
|    time_elapsed         | 112         |
|    total_timesteps      | 587776      |
| train/                  |             |
|    approx_kl            | 0.006374052 |
|    clip_fraction        | 0.0659      |
|    clip_range           | 0.2         |
|    entropy_loss         | -2.62       |
|    explained_variance   | 0.13        |
|    learning_rate        | 0.0003      |
|    loss                 | 211         |
|    n_updates            | 1430        |
|    policy_gradient_loss | -0.00499    |
|    std                  | 0.896       |
|    value_loss           | 58.6        |
-----------------------------------------
-----------------------------------------
| rollout/                |             |
|    ep_len_mean          | 1.76e+03    |
|    ep_rew_mean          | 36.4        |
| time/                   |             |
|    fps                  | 1574        |
|    iterations           | 88          |
|    time_elapsed         | 114         |
|    total_timesteps      | 589824      |
| train/                  |             |
|    approx_kl            | 0.007363179 |
|    clip_fraction        | 0.0837      |
|    clip_range           | 0.2         |
|    entropy_loss         | -2.62       |
|    explained_variance   | 0.771       |
|    learning_rate        | 0.0003      |
|    loss                 | 7.35        |
|    n_updates            | 1435        |
|    policy_gradient_loss | -0.00539    |
|    std                  | 0.896       |
|    value_loss           | 14          |
-----------------------------------------
------------------------------------------
| rollout/                |              |
|    ep_len_mean          | 1.74e+03     |
|    ep_rew_mean          | 37.8         |
| time/                   |              |
|    fps                  | 1572         |
|    iterations           | 89           |
|    time_elapsed         | 115          |
|    total_timesteps      | 591872       |
| train/                  |              |
|    approx_kl            | 0.0043528364 |
|    clip_fraction        | 0.0426       |
|    clip_range           | 0.2          |
|    entropy_loss         | -2.62        |
|    explained_variance   | 0.07         |
|    learning_rate        | 0.0003       |
|    loss                 | 3.67         |
|    n_updates            | 1440         |
|    policy_gradient_loss | -0.0021      |
|    std                  | 0.895        |
|    value_loss           | 61.1         |
------------------------------------------
------------------------------------------
| rollout/                |              |
|    ep_len_mean          | 1.74e+03     |
|    ep_rew_mean          | 37.8         |
| time/                   |              |
|    fps                  | 1572         |
|    iterations           | 90           |
|    time_elapsed         | 117          |
|    total_timesteps      | 593920       |
| train/                  |              |
|    approx_kl            | 0.0047006086 |
|    clip_fraction        | 0.0308       |
|    clip_range           | 0.2          |
|    entropy_loss         | -2.61        |
|    explained_variance   | 0.24         |
|    learning_rate        | 0.0003       |
|    loss                 | 3.26         |
|    n_updates            | 1445         |
|    policy_gradient_loss | -0.00081     |
|    std                  | 0.893        |
|    value_loss           | 56           |
------------------------------------------
------------------------------------------
| rollout/                |              |
|    ep_len_mean          | 1.74e+03     |
|    ep_rew_mean          | 37.8         |
| time/                   |              |
|    fps                  | 1573         |
|    iterations           | 91           |
|    time_elapsed         | 118          |
|    total_timesteps      | 595968       |
| train/                  |              |
|    approx_kl            | 0.0062067574 |
|    clip_fraction        | 0.0687       |
|    clip_range           | 0.2          |
|    entropy_loss         | -2.61        |
|    explained_variance   | 0.833        |
|    learning_rate        | 0.0003       |
|    loss                 | 3.38         |
|    n_updates            | 1450         |
|    policy_gradient_loss | -0.000724    |
|    std                  | 0.892        |
|    value_loss           | 6.72         |
------------------------------------------
------------------------------------------
| rollout/                |              |
|    ep_len_mean          | 1.74e+03     |
|    ep_rew_mean          | 37.3         |
| time/                   |              |
|    fps                  | 1574         |
|    iterations           | 92           |
|    time_elapsed         | 119          |
|    total_timesteps      | 598016       |
| train/                  |              |
|    approx_kl            | 0.0043814303 |
|    clip_fraction        | 0.0517       |
|    clip_range           | 0.2          |
|    entropy_loss         | -2.61        |
|    explained_variance   | 0.805        |
|    learning_rate        | 0.0003       |
|    loss                 | 2.89         |
|    n_updates            | 1455         |
|    policy_gradient_loss | -0.00181     |
|    std                  | 0.891        |
|    value_loss           | 7.66         |
------------------------------------------
----------------------------------------
| rollout/                |            |
|    ep_len_mean          | 1.74e+03   |
|    ep_rew_mean          | 37.2       |
| time/                   |            |
|    fps                  | 1570       |
|    iterations           | 93         |
|    time_elapsed         | 121        |
|    total_timesteps      | 600064     |
| train/                  |            |
|    approx_kl            | 0.01001502 |
|    clip_fraction        | 0.088      |
|    clip_range           | 0.2        |
|    entropy_loss         | -2.61      |
|    explained_variance   | 0.736      |
|    learning_rate        | 0.0003     |
|    loss                 | 7.33       |
|    n_updates            | 1460       |
|    policy_gradient_loss | -0.00475   |
|    std                  | 0.89       |
|    value_loss           | 23.8       |
----------------------------------------
-----------------------------------------
| rollout/                |             |
|    ep_len_mean          | 1.72e+03    |
|    ep_rew_mean          | 38.7        |
| time/                   |             |
|    fps                  | 1571        |
|    iterations           | 94          |
|    time_elapsed         | 122         |
|    total_timesteps      | 602112      |
| train/                  |             |
|    approx_kl            | 0.007987631 |
|    clip_fraction        | 0.237       |
|    clip_range           | 0.2         |
|    entropy_loss         | -2.6        |
|    explained_variance   | 0.827       |
|    learning_rate        | 0.0003      |
|    loss                 | 5.03        |
|    n_updates            | 1465        |
|    policy_gradient_loss | 0.00764     |
|    std                  | 0.89        |
|    value_loss           | 14.4        |
-----------------------------------------
-----------------------------------------
| rollout/                |             |
|    ep_len_mean          | 1.72e+03    |
|    ep_rew_mean          | 38.7        |
| time/                   |             |
|    fps                  | 1571        |
|    iterations           | 95          |
|    time_elapsed         | 123         |
|    total_timesteps      | 604160      |
| train/                  |             |
|    approx_kl            | 0.005792199 |
|    clip_fraction        | 0.0757      |
|    clip_range           | 0.2         |
|    entropy_loss         | -2.6        |
|    explained_variance   | 0.298       |
|    learning_rate        | 0.0003      |
|    loss                 | 3.28        |
|    n_updates            | 1470        |
|    policy_gradient_loss | -0.00321    |
|    std                  | 0.89        |
|    value_loss           | 61.7        |
-----------------------------------------
-----------------------------------------
| rollout/                |             |
|    ep_len_mean          | 1.73e+03    |
|    ep_rew_mean          | 38.6        |
| time/                   |             |
|    fps                  | 1572        |
|    iterations           | 96          |
|    time_elapsed         | 125         |
|    total_timesteps      | 606208      |
| train/                  |             |
|    approx_kl            | 0.048671927 |
|    clip_fraction        | 0.12        |
|    clip_range           | 0.2         |
|    entropy_loss         | -2.6        |
|    explained_variance   | 0.975       |
|    learning_rate        | 0.0003      |
|    loss                 | 0.661       |
|    n_updates            | 1475        |
|    policy_gradient_loss | 0.00747     |
|    std                  | 0.89        |
|    value_loss           | 1.13        |
-----------------------------------------
-----------------------------------------
| rollout/                |             |
|    ep_len_mean          | 1.73e+03    |
|    ep_rew_mean          | 38.7        |
| time/                   |             |
|    fps                  | 1571        |
|    iterations           | 97          |
|    time_elapsed         | 126         |
|    total_timesteps      | 608256      |
| train/                  |             |
|    approx_kl            | 0.005339992 |
|    clip_fraction        | 0.117       |
|    clip_range           | 0.2         |
|    entropy_loss         | -2.6        |
|    explained_variance   | 0.67        |
|    learning_rate        | 0.0003      |
|    loss                 | 1.12        |
|    n_updates            | 1480        |
|    policy_gradient_loss | -0.00252    |
|    std                  | 0.891       |
|    value_loss           | 15.7        |
-----------------------------------------
-----------------------------------------
| rollout/                |             |
|    ep_len_mean          | 1.7e+03     |
|    ep_rew_mean          | 43.2        |
| time/                   |             |
|    fps                  | 1571        |
|    iterations           | 98          |
|    time_elapsed         | 127         |
|    total_timesteps      | 610304      |
| train/                  |             |
|    approx_kl            | 0.033783235 |
|    clip_fraction        | 0.193       |
|    clip_range           | 0.2         |
|    entropy_loss         | -2.61       |
|    explained_variance   | 0.811       |
|    learning_rate        | 0.0003      |
|    loss                 | 1.7         |
|    n_updates            | 1485        |
|    policy_gradient_loss | 0.000524    |
|    std                  | 0.89        |
|    value_loss           | 6.61        |
-----------------------------------------
----------------------------------------
| rollout/                |            |
|    ep_len_mean          | 1.69e+03   |
|    ep_rew_mean          | 43.3       |
| time/                   |            |
|    fps                  | 1568       |
|    iterations           | 99         |
|    time_elapsed         | 129        |
|    total_timesteps      | 612352     |
| train/                  |            |
|    approx_kl            | 0.00658676 |
|    clip_fraction        | 0.0708     |
|    clip_range           | 0.2        |
|    entropy_loss         | -2.6       |
|    explained_variance   | 0.0979     |
|    learning_rate        | 0.0003     |
|    loss                 | 199        |
|    n_updates            | 1490       |
|    policy_gradient_loss | -0.00262   |
|    std                  | 0.89       |
|    value_loss           | 147        |
----------------------------------------
------------------------------------------
| rollout/                |              |
|    ep_len_mean          | 1.69e+03     |
|    ep_rew_mean          | 43.1         |
| time/                   |              |
|    fps                  | 1567         |
|    iterations           | 100          |
|    time_elapsed         | 130          |
|    total_timesteps      | 614400       |
| train/                  |              |
|    approx_kl            | 0.0023601903 |
|    clip_fraction        | 0.0371       |
|    clip_range           | 0.2          |
|    entropy_loss         | -2.6         |
|    explained_variance   | 0.144        |
|    learning_rate        | 0.0003       |
|    loss                 | 1.11         |
|    n_updates            | 1495         |
|    policy_gradient_loss | -0.00175     |
|    std                  | 0.886        |
|    value_loss           | 58.8         |
------------------------------------------

CP3 held-out: 30/50 hits (60.0%), mean miss 5.4 m, mean reward 67.87
STOP CONDITION: no joint improvement -- review gate before continuing.

==== babysit CP4 2026-09-16 14:03:18 ====
CP4: evasive lineage | max_time=45s t_go_max=10s | tracking=True | obs=12-D | miss_tanh_scale=3000m shaping_gamma=1 effort_weight=5 precision_weight=0 -> out=/Users/vincenzo/Desktop/Projects/Physics Sim Project/missile_guidance_sim/outputs/evasive_zemtgo10_seed14
---------------------------------
| rollout/           |          |
|    ep_len_mean     | 1.69e+03 |
|    ep_rew_mean     | 43.1     |
| time/              |          |
|    fps             | 4770     |
|    iterations      | 1        |
|    time_elapsed    | 0        |
|    total_timesteps | 616448   |
---------------------------------
------------------------------------------
| rollout/                |              |
|    ep_len_mean          | 1.66e+03     |
|    ep_rew_mean          | 45.6         |
| time/                   |              |
|    fps                  | 1921         |
|    iterations           | 2            |
|    time_elapsed         | 2            |
|    total_timesteps      | 618496       |
| train/                  |              |
|    approx_kl            | 0.0033567352 |
|    clip_fraction        | 0.0784       |
|    clip_range           | 0.2          |
|    entropy_loss         | -2.59        |
|    explained_variance   | 0.723        |
|    learning_rate        | 0.0003       |
|    loss                 | 5.2          |
|    n_updates            | 1505         |
|    policy_gradient_loss | -0.000819    |
|    std                  | 0.885        |
|    value_loss           | 7.21         |
------------------------------------------
------------------------------------------
| rollout/                |              |
|    ep_len_mean          | 1.66e+03     |
|    ep_rew_mean          | 45.6         |
| time/                   |              |
|    fps                  | 1744         |
|    iterations           | 3            |
|    time_elapsed         | 3            |
|    total_timesteps      | 620544       |
| train/                  |              |
|    approx_kl            | 0.0035932555 |
|    clip_fraction        | 0.0564       |
|    clip_range           | 0.2          |
|    entropy_loss         | -2.59        |
|    explained_variance   | 0.226        |
|    learning_rate        | 0.0003       |
|    loss                 | 21.1         |
|    n_updates            | 1510         |
|    policy_gradient_loss | -0.00292     |
|    std                  | 0.886        |
|    value_loss           | 109          |
------------------------------------------
-----------------------------------------
| rollout/                |             |
|    ep_len_mean          | 1.66e+03    |
|    ep_rew_mean          | 45.6        |
| time/                   |             |
|    fps                  | 1676        |
|    iterations           | 4           |
|    time_elapsed         | 4           |
|    total_timesteps      | 622592      |
| train/                  |             |
|    approx_kl            | 0.013780846 |
|    clip_fraction        | 0.0799      |
|    clip_range           | 0.2         |
|    entropy_loss         | -2.59       |
|    explained_variance   | 0.00604     |
|    learning_rate        | 0.0003      |
|    loss                 | 2.37        |
|    n_updates            | 1515        |
|    policy_gradient_loss | -0.00326    |
|    std                  | 0.885       |
|    value_loss           | 53.2        |
-----------------------------------------
-----------------------------------------
| rollout/                |             |
|    ep_len_mean          | 1.67e+03    |
|    ep_rew_mean          | 45.2        |
| time/                   |             |
|    fps                  | 1639        |
|    iterations           | 5           |
|    time_elapsed         | 6           |
|    total_timesteps      | 624640      |
| train/                  |             |
|    approx_kl            | 0.011265036 |
|    clip_fraction        | 0.0935      |
|    clip_range           | 0.2         |
|    entropy_loss         | -2.59       |
|    explained_variance   | 0.902       |
|    learning_rate        | 0.0003      |
|    loss                 | 5.32        |
|    n_updates            | 1520        |
|    policy_gradient_loss | -0.00329    |
|    std                  | 0.886       |
|    value_loss           | 9.79        |
-----------------------------------------
----------------------------------------
| rollout/                |            |
|    ep_len_mean          | 1.68e+03   |
|    ep_rew_mean          | 43.9       |
| time/                   |            |
|    fps                  | 1600       |
|    iterations           | 6          |
|    time_elapsed         | 7          |
|    total_timesteps      | 626688     |
| train/                  |            |
|    approx_kl            | 0.00742287 |
|    clip_fraction        | 0.0453     |
|    clip_range           | 0.2        |
|    entropy_loss         | -2.6       |
|    explained_variance   | 0.864      |
|    learning_rate        | 0.0003     |
|    loss                 | 0.502      |
|    n_updates            | 1525       |
|    policy_gradient_loss | -0.00306   |
|    std                  | 0.886      |
|    value_loss           | 10.4       |
----------------------------------------
------------------------------------------
| rollout/                |              |
|    ep_len_mean          | 1.68e+03     |
|    ep_rew_mean          | 43.7         |
| time/                   |              |
|    fps                  | 1569         |
|    iterations           | 7            |
|    time_elapsed         | 9            |
|    total_timesteps      | 628736       |
| train/                  |              |
|    approx_kl            | 0.0058659893 |
|    clip_fraction        | 0.0792       |
|    clip_range           | 0.2          |
|    entropy_loss         | -2.59        |
|    explained_variance   | 0.912        |
|    learning_rate        | 0.0003       |
|    loss                 | 8.18         |
|    n_updates            | 1530         |
|    policy_gradient_loss | -0.00207     |
|    std                  | 0.883        |
|    value_loss           | 9.26         |
------------------------------------------
-----------------------------------------
| rollout/                |             |
|    ep_len_mean          | 1.66e+03    |
|    ep_rew_mean          | 45          |
| time/                   |             |
|    fps                  | 1551        |
|    iterations           | 8           |
|    time_elapsed         | 10          |
|    total_timesteps      | 630784      |
| train/                  |             |
|    approx_kl            | 0.009238699 |
|    clip_fraction        | 0.0856      |
|    clip_range           | 0.2         |
|    entropy_loss         | -2.59       |
|    explained_variance   | 0.763       |
|    learning_rate        | 0.0003      |
|    loss                 | 4.26        |
|    n_updates            | 1535        |
|    policy_gradient_loss | -0.00511    |
|    std                  | 0.882       |
|    value_loss           | 15.3        |
-----------------------------------------
------------------------------------------
| rollout/                |              |
|    ep_len_mean          | 1.66e+03     |
|    ep_rew_mean          | 45.3         |
| time/                   |              |
|    fps                  | 1553         |
|    iterations           | 9            |
|    time_elapsed         | 11           |
|    total_timesteps      | 632832       |
| train/                  |              |
|    approx_kl            | 0.0061001712 |
|    clip_fraction        | 0.0329       |
|    clip_range           | 0.2          |
|    entropy_loss         | -2.59        |
|    explained_variance   | 0.487        |
|    learning_rate        | 0.0003       |
|    loss                 | 7.29         |
|    n_updates            | 1540         |
|    policy_gradient_loss | -0.000711    |
|    std                  | 0.882        |
|    value_loss           | 62           |
------------------------------------------
-----------------------------------------
| rollout/                |             |
|    ep_len_mean          | 1.65e+03    |
|    ep_rew_mean          | 46.8        |
| time/                   |             |
|    fps                  | 1565        |
|    iterations           | 10          |
|    time_elapsed         | 13          |
|    total_timesteps      | 634880      |
| train/                  |             |
|    approx_kl            | 0.004994574 |
|    clip_fraction        | 0.0637      |
|    clip_range           | 0.2         |
|    entropy_loss         | -2.59       |
|    explained_variance   | 0.869       |
|    learning_rate        | 0.0003      |
|    loss                 | 16.9        |
|    n_updates            | 1545        |
|    policy_gradient_loss | -0.00215    |
|    std                  | 0.882       |
|    value_loss           | 8.5         |
-----------------------------------------
------------------------------------------
| rollout/                |              |
|    ep_len_mean          | 1.66e+03     |
|    ep_rew_mean          | 46.3         |
| time/                   |              |
|    fps                  | 1567         |
|    iterations           | 11           |
|    time_elapsed         | 14           |
|    total_timesteps      | 636928       |
| train/                  |              |
|    approx_kl            | 0.0065561123 |
|    clip_fraction        | 0.0554       |
|    clip_range           | 0.2          |
|    entropy_loss         | -2.58        |
|    explained_variance   | 0.441        |
|    learning_rate        | 0.0003       |
|    loss                 | 7.59         |
|    n_updates            | 1550         |
|    policy_gradient_loss | -0.00194     |
|    std                  | 0.881        |
|    value_loss           | 40.4         |
------------------------------------------
-----------------------------------------
| rollout/                |             |
|    ep_len_mean          | 1.66e+03    |
|    ep_rew_mean          | 46.3        |
| time/                   |             |
|    fps                  | 1554        |
|    iterations           | 12          |
|    time_elapsed         | 15          |
|    total_timesteps      | 638976      |
| train/                  |             |
|    approx_kl            | 0.018659621 |
|    clip_fraction        | 0.102       |
|    clip_range           | 0.2         |
|    entropy_loss         | -2.58       |
|    explained_variance   | 0.111       |
|    learning_rate        | 0.0003      |
|    loss                 | 1.74        |
|    n_updates            | 1555        |
|    policy_gradient_loss | -0.000612   |
|    std                  | 0.879       |
|    value_loss           | 67          |
-----------------------------------------
-----------------------------------------
| rollout/                |             |
|    ep_len_mean          | 1.62e+03    |
|    ep_rew_mean          | 50.4        |
| time/                   |             |
|    fps                  | 1568        |
|    iterations           | 13          |
|    time_elapsed         | 16          |
|    total_timesteps      | 641024      |
| train/                  |             |
|    approx_kl            | 0.009138791 |
|    clip_fraction        | 0.179       |
|    clip_range           | 0.2         |
|    entropy_loss         | -2.58       |
|    explained_variance   | 0.871       |
|    learning_rate        | 0.0003      |
|    loss                 | 2.51        |
|    n_updates            | 1560        |
|    policy_gradient_loss | 0.00545     |
|    std                  | 0.876       |
|    value_loss           | 5.43        |
-----------------------------------------
------------------------------------------
| rollout/                |              |
|    ep_len_mean          | 1.62e+03     |
|    ep_rew_mean          | 50.7         |
| time/                   |              |
|    fps                  | 1550         |
|    iterations           | 14           |
|    time_elapsed         | 18           |
|    total_timesteps      | 643072       |
| train/                  |              |
|    approx_kl            | 0.0051586404 |
|    clip_fraction        | 0.0236       |
|    clip_range           | 0.2          |
|    entropy_loss         | -2.57        |
|    explained_variance   | -0.0247      |
|    learning_rate        | 0.0003       |
|    loss                 | 2.5          |
|    n_updates            | 1565         |
|    policy_gradient_loss | -0.00248     |
|    std                  | 0.876        |
|    value_loss           | 149          |
------------------------------------------
-----------------------------------------
| rollout/                |             |
|    ep_len_mean          | 1.61e+03    |
|    ep_rew_mean          | 51.9        |
| time/                   |             |
|    fps                  | 1557        |
|    iterations           | 15          |
|    time_elapsed         | 19          |
|    total_timesteps      | 645120      |
| train/                  |             |
|    approx_kl            | 0.042196166 |
|    clip_fraction        | 0.227       |
|    clip_range           | 0.2         |
|    entropy_loss         | -2.57       |
|    explained_variance   | 0.553       |
|    learning_rate        | 0.0003      |
|    loss                 | 2.04        |
|    n_updates            | 1570        |
|    policy_gradient_loss | 0.0101      |
|    std                  | 0.871       |
|    value_loss           | 11.4        |
-----------------------------------------
----------------------------------------
| rollout/                |            |
|    ep_len_mean          | 1.61e+03   |
|    ep_rew_mean          | 51.9       |
| time/                   |            |
|    fps                  | 1562       |
|    iterations           | 16         |
|    time_elapsed         | 20         |
|    total_timesteps      | 647168     |
| train/                  |            |
|    approx_kl            | 0.01429338 |
|    clip_fraction        | 0.11       |
|    clip_range           | 0.2        |
|    entropy_loss         | -2.56      |
|    explained_variance   | 0.401      |
|    learning_rate        | 0.0003     |
|    loss                 | 186        |
|    n_updates            | 1575       |
|    policy_gradient_loss | 0.00242    |
|    std                  | 0.871      |
|    value_loss           | 57.2       |
----------------------------------------
-----------------------------------------
| rollout/                |             |
|    ep_len_mean          | 1.62e+03    |
|    ep_rew_mean          | 50.1        |
| time/                   |             |
|    fps                  | 1567        |
|    iterations           | 17          |
|    time_elapsed         | 22          |
|    total_timesteps      | 649216      |
| train/                  |             |
|    approx_kl            | 0.017591354 |
|    clip_fraction        | 0.104       |
|    clip_range           | 0.2         |
|    entropy_loss         | -2.56       |
|    explained_variance   | 0.657       |
|    learning_rate        | 0.0003      |
|    loss                 | 1.85        |
|    n_updates            | 1580        |
|    policy_gradient_loss | -0.00137    |
|    std                  | 0.871       |
|    value_loss           | 8.41        |
-----------------------------------------
-----------------------------------------
| rollout/                |             |
|    ep_len_mean          | 1.63e+03    |
|    ep_rew_mean          | 49.8        |
| time/                   |             |
|    fps                  | 1563        |
|    iterations           | 18          |
|    time_elapsed         | 23          |
|    total_timesteps      | 651264      |
| train/                  |             |
|    approx_kl            | 0.005174917 |
|    clip_fraction        | 0.0246      |
|    clip_range           | 0.2         |
|    entropy_loss         | -2.56       |
|    explained_variance   | 0.533       |
|    learning_rate        | 0.0003      |
|    loss                 | 0.214       |
|    n_updates            | 1585        |
|    policy_gradient_loss | -0.00178    |
|    std                  | 0.87        |
|    value_loss           | 16.7        |
-----------------------------------------
-----------------------------------------
| rollout/                |             |
|    ep_len_mean          | 1.61e+03    |
|    ep_rew_mean          | 51.2        |
| time/                   |             |
|    fps                  | 1560        |
|    iterations           | 19          |
|    time_elapsed         | 24          |
|    total_timesteps      | 653312      |
| train/                  |             |
|    approx_kl            | 0.010871623 |
|    clip_fraction        | 0.0555      |
|    clip_range           | 0.2         |
|    entropy_loss         | -2.56       |
|    explained_variance   | 0.15        |
|    learning_rate        | 0.0003      |
|    loss                 | 2.01        |
|    n_updates            | 1590        |
|    policy_gradient_loss | -0.00213    |
|    std                  | 0.868       |
|    value_loss           | 60          |
-----------------------------------------
------------------------------------------
| rollout/                |              |
|    ep_len_mean          | 1.6e+03      |
|    ep_rew_mean          | 52.6         |
| time/                   |              |
|    fps                  | 1567         |
|    iterations           | 20           |
|    time_elapsed         | 26           |
|    total_timesteps      | 655360       |
| train/                  |              |
|    approx_kl            | 0.0049467287 |
|    clip_fraction        | 0.0521       |
|    clip_range           | 0.2          |
|    entropy_loss         | -2.55        |
|    explained_variance   | 0.127        |
|    learning_rate        | 0.0003       |
|    loss                 | 6.97         |
|    n_updates            | 1595         |
|    policy_gradient_loss | -0.00283     |
|    std                  | 0.865        |
|    value_loss           | 56.2         |
------------------------------------------
-----------------------------------------
| rollout/                |             |
|    ep_len_mean          | 1.6e+03     |
|    ep_rew_mean          | 52.4        |
| time/                   |             |
|    fps                  | 1571        |
|    iterations           | 21          |
|    time_elapsed         | 27          |
|    total_timesteps      | 657408      |
| train/                  |             |
|    approx_kl            | 0.012751069 |
|    clip_fraction        | 0.0582      |
|    clip_range           | 0.2         |
|    entropy_loss         | -2.55       |
|    explained_variance   | 0.0909      |
|    learning_rate        | 0.0003      |
|    loss                 | 4.47        |
|    n_updates            | 1600        |
|    policy_gradient_loss | 0.00157     |
|    std                  | 0.864       |
|    value_loss           | 56.9        |
-----------------------------------------
------------------------------------------
| rollout/                |              |
|    ep_len_mean          | 1.61e+03     |
|    ep_rew_mean          | 51           |
| time/                   |              |
|    fps                  | 1574         |
|    iterations           | 22           |
|    time_elapsed         | 28           |
|    total_timesteps      | 659456       |
| train/                  |              |
|    approx_kl            | 0.0054834494 |
|    clip_fraction        | 0.0743       |
|    clip_range           | 0.2          |
|    entropy_loss         | -2.54        |
|    explained_variance   | 0.696        |
|    learning_rate        | 0.0003       |
|    loss                 | 1.2          |
|    n_updates            | 1605         |
|    policy_gradient_loss | -0.000856    |
|    std                  | 0.863        |
|    value_loss           | 13.4         |
------------------------------------------
------------------------------------------
| rollout/                |              |
|    ep_len_mean          | 1.61e+03     |
|    ep_rew_mean          | 50.9         |
| time/                   |              |
|    fps                  | 1576         |
|    iterations           | 23           |
|    time_elapsed         | 29           |
|    total_timesteps      | 661504       |
| train/                  |              |
|    approx_kl            | 0.0121994885 |
|    clip_fraction        | 0.16         |
|    clip_range           | 0.2          |
|    entropy_loss         | -2.54        |
|    explained_variance   | 0.672        |
|    learning_rate        | 0.0003       |
|    loss                 | 1.05         |
|    n_updates            | 1610         |
|    policy_gradient_loss | 0.00297      |
|    std                  | 0.86         |
|    value_loss           | 6.32         |
------------------------------------------
------------------------------------------
| rollout/                |              |
|    ep_len_mean          | 1.61e+03     |
|    ep_rew_mean          | 50.9         |
| time/                   |              |
|    fps                  | 1579         |
|    iterations           | 24           |
|    time_elapsed         | 31           |
|    total_timesteps      | 663552       |
| train/                  |              |
|    approx_kl            | 0.0049381573 |
|    clip_fraction        | 0.131        |
|    clip_range           | 0.2          |
|    entropy_loss         | -2.54        |
|    explained_variance   | 0.871        |
|    learning_rate        | 0.0003       |
|    loss                 | 2.68         |
|    n_updates            | 1615         |
|    policy_gradient_loss | 0.00631      |
|    std                  | 0.86         |
|    value_loss           | 10.2         |
------------------------------------------
-----------------------------------------
| rollout/                |             |
|    ep_len_mean          | 1.59e+03    |
|    ep_rew_mean          | 53          |
| time/                   |             |
|    fps                  | 1582        |
|    iterations           | 25          |
|    time_elapsed         | 32          |
|    total_timesteps      | 665600      |
| train/                  |             |
|    approx_kl            | 0.007850762 |
|    clip_fraction        | 0.104       |
|    clip_range           | 0.2         |
|    entropy_loss         | -2.53       |
|    explained_variance   | 0.746       |
|    learning_rate        | 0.0003      |
|    loss                 | 2.71        |
|    n_updates            | 1620        |
|    policy_gradient_loss | 0.000117    |
|    std                  | 0.859       |
|    value_loss           | 4.94        |
-----------------------------------------
------------------------------------------
| rollout/                |              |
|    ep_len_mean          | 1.59e+03     |
|    ep_rew_mean          | 53           |
| time/                   |              |
|    fps                  | 1575         |
|    iterations           | 26           |
|    time_elapsed         | 33           |
|    total_timesteps      | 667648       |
| train/                  |              |
|    approx_kl            | 0.0063606086 |
|    clip_fraction        | 0.102        |
|    clip_range           | 0.2          |
|    entropy_loss         | -2.53        |
|    explained_variance   | 0.139        |
|    learning_rate        | 0.0003       |
|    loss                 | 6.72         |
|    n_updates            | 1625         |
|    policy_gradient_loss | -0.00247     |
|    std                  | 0.859        |
|    value_loss           | 106          |
------------------------------------------
-----------------------------------------
| rollout/                |             |
|    ep_len_mean          | 1.6e+03     |
|    ep_rew_mean          | 53.1        |
| time/                   |             |
|    fps                  | 1572        |
|    iterations           | 27          |
|    time_elapsed         | 35          |
|    total_timesteps      | 669696      |
| train/                  |             |
|    approx_kl            | 0.008981233 |
|    clip_fraction        | 0.103       |
|    clip_range           | 0.2         |
|    entropy_loss         | -2.53       |
|    explained_variance   | 0.501       |
|    learning_rate        | 0.0003      |
|    loss                 | 1.14        |
|    n_updates            | 1630        |
|    policy_gradient_loss | -0.00147    |
|    std                  | 0.855       |
|    value_loss           | 5.25        |
-----------------------------------------
-----------------------------------------
| rollout/                |             |
|    ep_len_mean          | 1.6e+03     |
|    ep_rew_mean          | 53.2        |
| time/                   |             |
|    fps                  | 1563        |
|    iterations           | 28          |
|    time_elapsed         | 36          |
|    total_timesteps      | 671744      |
| train/                  |             |
|    approx_kl            | 0.022137322 |
|    clip_fraction        | 0.323       |
|    clip_range           | 0.2         |
|    entropy_loss         | -2.52       |
|    explained_variance   | 0.266       |
|    learning_rate        | 0.0003      |
|    loss                 | 175         |
|    n_updates            | 1635        |
|    policy_gradient_loss | 0.0185      |
|    std                  | 0.856       |
|    value_loss           | 100         |
-----------------------------------------
-----------------------------------------
| rollout/                |             |
|    ep_len_mean          | 1.61e+03    |
|    ep_rew_mean          | 52.1        |
| time/                   |             |
|    fps                  | 1561        |
|    iterations           | 29          |
|    time_elapsed         | 38          |
|    total_timesteps      | 673792      |
| train/                  |             |
|    approx_kl            | 0.006811709 |
|    clip_fraction        | 0.0576      |
|    clip_range           | 0.2         |
|    entropy_loss         | -2.53       |
|    explained_variance   | 0.338       |
|    learning_rate        | 0.0003      |
|    loss                 | 9.52        |
|    n_updates            | 1640        |
|    policy_gradient_loss | -0.00338    |
|    std                  | 0.856       |
|    value_loss           | 55.9        |
-----------------------------------------
-----------------------------------------
| rollout/                |             |
|    ep_len_mean          | 1.6e+03     |
|    ep_rew_mean          | 53.5        |
| time/                   |             |
|    fps                  | 1560        |
|    iterations           | 30          |
|    time_elapsed         | 39          |
|    total_timesteps      | 675840      |
| train/                  |             |
|    approx_kl            | 0.005114409 |
|    clip_fraction        | 0.0575      |
|    clip_range           | 0.2         |
|    entropy_loss         | -2.52       |
|    explained_variance   | 0.496       |
|    learning_rate        | 0.0003      |
|    loss                 | 1.24        |
|    n_updates            | 1645        |
|    policy_gradient_loss | -0.00325    |
|    std                  | 0.855       |
|    value_loss           | 6.27        |
-----------------------------------------
-----------------------------------------
| rollout/                |             |
|    ep_len_mean          | 1.59e+03    |
|    ep_rew_mean          | 54.9        |
| time/                   |             |
|    fps                  | 1558        |
|    iterations           | 31          |
|    time_elapsed         | 40          |
|    total_timesteps      | 677888      |
| train/                  |             |
|    approx_kl            | 0.007783912 |
|    clip_fraction        | 0.0823      |
|    clip_range           | 0.2         |
|    entropy_loss         | -2.52       |
|    explained_variance   | 0.303       |
|    learning_rate        | 0.0003      |
|    loss                 | 0.849       |
|    n_updates            | 1650        |
|    policy_gradient_loss | -0.00388    |
|    std                  | 0.853       |
|    value_loss           | 56.7        |
-----------------------------------------
-----------------------------------------
| rollout/                |             |
|    ep_len_mean          | 1.58e+03    |
|    ep_rew_mean          | 56.4        |
| time/                   |             |
|    fps                  | 1562        |
|    iterations           | 32          |
|    time_elapsed         | 41          |
|    total_timesteps      | 679936      |
| train/                  |             |
|    approx_kl            | 0.044482343 |
|    clip_fraction        | 0.132       |
|    clip_range           | 0.2         |
|    entropy_loss         | -2.51       |
|    explained_variance   | 0.432       |
|    learning_rate        | 0.0003      |
|    loss                 | 1.05        |
|    n_updates            | 1655        |
|    policy_gradient_loss | 0.00484     |
|    std                  | 0.846       |
|    value_loss           | 47.6        |
-----------------------------------------
------------------------------------------
| rollout/                |              |
|    ep_len_mean          | 1.58e+03     |
|    ep_rew_mean          | 56.4         |
| time/                   |              |
|    fps                  | 1566         |
|    iterations           | 33           |
|    time_elapsed         | 43           |
|    total_timesteps      | 681984       |
| train/                  |              |
|    approx_kl            | 0.0065892804 |
|    clip_fraction        | 0.149        |
|    clip_range           | 0.2          |
|    entropy_loss         | -2.5         |
|    explained_variance   | 0.363        |
|    learning_rate        | 0.0003       |
|    loss                 | 6.15         |
|    n_updates            | 1660         |
|    policy_gradient_loss | 0.00437      |
|    std                  | 0.845        |
|    value_loss           | 56.5         |
------------------------------------------
-----------------------------------------
| rollout/                |             |
|    ep_len_mean          | 1.57e+03    |
|    ep_rew_mean          | 57.8        |
| time/                   |             |
|    fps                  | 1569        |
|    iterations           | 34          |
|    time_elapsed         | 44          |
|    total_timesteps      | 684032      |
| train/                  |             |
|    approx_kl            | 0.005433515 |
|    clip_fraction        | 0.0993      |
|    clip_range           | 0.2         |
|    entropy_loss         | -2.5        |
|    explained_variance   | 0.525       |
|    learning_rate        | 0.0003      |
|    loss                 | 1.83        |
|    n_updates            | 1665        |
|    policy_gradient_loss | -0.0023     |
|    std                  | 0.844       |
|    value_loss           | 14.8        |
-----------------------------------------
-----------------------------------------
| rollout/                |             |
|    ep_len_mean          | 1.58e+03    |
|    ep_rew_mean          | 56.2        |
| time/                   |             |
|    fps                  | 1571        |
|    iterations           | 35          |
|    time_elapsed         | 45          |
|    total_timesteps      | 686080      |
| train/                  |             |
|    approx_kl            | 0.011126373 |
|    clip_fraction        | 0.168       |
|    clip_range           | 0.2         |
|    entropy_loss         | -2.5        |
|    explained_variance   | 0.0805      |
|    learning_rate        | 0.0003      |
|    loss                 | 4.92        |
|    n_updates            | 1670        |
|    policy_gradient_loss | -0.000679   |
|    std                  | 0.843       |
|    value_loss           | 89.7        |
-----------------------------------------
------------------------------------------
| rollout/                |              |
|    ep_len_mean          | 1.58e+03     |
|    ep_rew_mean          | 56.5         |
| time/                   |              |
|    fps                  | 1569         |
|    iterations           | 36           |
|    time_elapsed         | 46           |
|    total_timesteps      | 688128       |
| train/                  |              |
|    approx_kl            | 0.0053156773 |
|    clip_fraction        | 0.0314       |
|    clip_range           | 0.2          |
|    entropy_loss         | -2.5         |
|    explained_variance   | 0.537        |
|    learning_rate        | 0.0003       |
|    loss                 | 1.81         |
|    n_updates            | 1675         |
|    policy_gradient_loss | -0.0027      |
|    std                  | 0.842        |
|    value_loss           | 16.7         |
------------------------------------------
-----------------------------------------
| rollout/                |             |
|    ep_len_mean          | 1.59e+03    |
|    ep_rew_mean          | 56.5        |
| time/                   |             |
|    fps                  | 1569        |
|    iterations           | 37          |
|    time_elapsed         | 48          |
|    total_timesteps      | 690176      |
| train/                  |             |
|    approx_kl            | 0.011752403 |
|    clip_fraction        | 0.269       |
|    clip_range           | 0.2         |
|    entropy_loss         | -2.49       |
|    explained_variance   | 0.65        |
|    learning_rate        | 0.0003      |
|    loss                 | 17          |
|    n_updates            | 1680        |
|    policy_gradient_loss | 0.0132      |
|    std                  | 0.839       |
|    value_loss           | 11.7        |
-----------------------------------------
-----------------------------------------
| rollout/                |             |
|    ep_len_mean          | 1.58e+03    |
|    ep_rew_mean          | 57          |
| time/                   |             |
|    fps                  | 1567        |
|    iterations           | 38          |
|    time_elapsed         | 49          |
|    total_timesteps      | 692224      |
| train/                  |             |
|    approx_kl            | 0.047445603 |
|    clip_fraction        | 0.21        |
|    clip_range           | 0.2         |
|    entropy_loss         | -2.48       |
|    explained_variance   | 0.0776      |
|    learning_rate        | 0.0003      |
|    loss                 | 148         |
|    n_updates            | 1685        |
|    policy_gradient_loss | 0.0121      |
|    std                  | 0.838       |
|    value_loss           | 85.2        |
-----------------------------------------
-----------------------------------------
| rollout/                |             |
|    ep_len_mean          | 1.6e+03     |
|    ep_rew_mean          | 55.2        |
| time/                   |             |
|    fps                  | 1568        |
|    iterations           | 39          |
|    time_elapsed         | 50          |
|    total_timesteps      | 694272      |
| train/                  |             |
|    approx_kl            | 0.005268694 |
|    clip_fraction        | 0.122       |
|    clip_range           | 0.2         |
|    entropy_loss         | -2.48       |
|    explained_variance   | 0.07        |
|    learning_rate        | 0.0003      |
|    loss                 | 2.88        |
|    n_updates            | 1690        |
|    policy_gradient_loss | -0.00426    |
|    std                  | 0.834       |
|    value_loss           | 47.6        |
-----------------------------------------
-----------------------------------------
| rollout/                |             |
|    ep_len_mean          | 1.59e+03    |
|    ep_rew_mean          | 55.5        |
| time/                   |             |
|    fps                  | 1568        |
|    iterations           | 40          |
|    time_elapsed         | 52          |
|    total_timesteps      | 696320      |
| train/                  |             |
|    approx_kl            | 0.014329874 |
|    clip_fraction        | 0.114       |
|    clip_range           | 0.2         |
|    entropy_loss         | -2.47       |
|    explained_variance   | 0.0652      |
|    learning_rate        | 0.0003      |
|    loss                 | 147         |
|    n_updates            | 1695        |
|    policy_gradient_loss | -0.000675   |
|    std                  | 0.829       |
|    value_loss           | 45.7        |
-----------------------------------------
-----------------------------------------
| rollout/                |             |
|    ep_len_mean          | 1.59e+03    |
|    ep_rew_mean          | 55.6        |
| time/                   |             |
|    fps                  | 1564        |
|    iterations           | 41          |
|    time_elapsed         | 53          |
|    total_timesteps      | 698368      |
| train/                  |             |
|    approx_kl            | 0.008126482 |
|    clip_fraction        | 0.0668      |
|    clip_range           | 0.2         |
|    entropy_loss         | -2.46       |
|    explained_variance   | 0.203       |
|    learning_rate        | 0.0003      |
|    loss                 | 3.24        |
|    n_updates            | 1700        |
|    policy_gradient_loss | -0.000527   |
|    std                  | 0.826       |
|    value_loss           | 9.19        |
-----------------------------------------
-----------------------------------------
| rollout/                |             |
|    ep_len_mean          | 1.59e+03    |
|    ep_rew_mean          | 55.6        |
| time/                   |             |
|    fps                  | 1566        |
|    iterations           | 42          |
|    time_elapsed         | 54          |
|    total_timesteps      | 700416      |
| train/                  |             |
|    approx_kl            | 0.025413588 |
|    clip_fraction        | 0.155       |
|    clip_range           | 0.2         |
|    entropy_loss         | -2.45       |
|    explained_variance   | 0.268       |
|    learning_rate        | 0.0003      |
|    loss                 | 25          |
|    n_updates            | 1705        |
|    policy_gradient_loss | 0.00283     |
|    std                  | 0.825       |
|    value_loss           | 50.1        |
-----------------------------------------
-----------------------------------------
| rollout/                |             |
|    ep_len_mean          | 1.59e+03    |
|    ep_rew_mean          | 55.7        |
| time/                   |             |
|    fps                  | 1567        |
|    iterations           | 43          |
|    time_elapsed         | 56          |
|    total_timesteps      | 702464      |
| train/                  |             |
|    approx_kl            | 0.002673419 |
|    clip_fraction        | 0.0163      |
|    clip_range           | 0.2         |
|    entropy_loss         | -2.45       |
|    explained_variance   | 0.725       |
|    learning_rate        | 0.0003      |
|    loss                 | 13.6        |
|    n_updates            | 1710        |
|    policy_gradient_loss | -0.000835   |
|    std                  | 0.824       |
|    value_loss           | 16.8        |
-----------------------------------------
------------------------------------------
| rollout/                |              |
|    ep_len_mean          | 1.62e+03     |
|    ep_rew_mean          | 52.1         |
| time/                   |              |
|    fps                  | 1569         |
|    iterations           | 44           |
|    time_elapsed         | 57           |
|    total_timesteps      | 704512       |
| train/                  |              |
|    approx_kl            | 0.0027958741 |
|    clip_fraction        | 0.0455       |
|    clip_range           | 0.2          |
|    entropy_loss         | -2.45        |
|    explained_variance   | 0.909        |
|    learning_rate        | 0.0003       |
|    loss                 | 0.449        |
|    n_updates            | 1715         |
|    policy_gradient_loss | -0.0018      |
|    std                  | 0.824        |
|    value_loss           | 3.32         |
------------------------------------------
------------------------------------------
| rollout/                |              |
|    ep_len_mean          | 1.63e+03     |
|    ep_rew_mean          | 50.3         |
| time/                   |              |
|    fps                  | 1565         |
|    iterations           | 45           |
|    time_elapsed         | 58           |
|    total_timesteps      | 706560       |
| train/                  |              |
|    approx_kl            | 0.0069543896 |
|    clip_fraction        | 0.0695       |
|    clip_range           | 0.2          |
|    entropy_loss         | -2.45        |
|    explained_variance   | 0.525        |
|    learning_rate        | 0.0003       |
|    loss                 | 2.19         |
|    n_updates            | 1720         |
|    policy_gradient_loss | -0.00302     |
|    std                  | 0.824        |
|    value_loss           | 15.6         |
------------------------------------------
------------------------------------------
| rollout/                |              |
|    ep_len_mean          | 1.64e+03     |
|    ep_rew_mean          | 50.2         |
| time/                   |              |
|    fps                  | 1567         |
|    iterations           | 46           |
|    time_elapsed         | 60           |
|    total_timesteps      | 708608       |
| train/                  |              |
|    approx_kl            | 0.0053241486 |
|    clip_fraction        | 0.0372       |
|    clip_range           | 0.2          |
|    entropy_loss         | -2.45        |
|    explained_variance   | 0.821        |
|    learning_rate        | 0.0003       |
|    loss                 | 15.5         |
|    n_updates            | 1725         |
|    policy_gradient_loss | -0.00125     |
|    std                  | 0.822        |
|    value_loss           | 9.27         |
------------------------------------------
-----------------------------------------
| rollout/                |             |
|    ep_len_mean          | 1.64e+03    |
|    ep_rew_mean          | 50.5        |
| time/                   |             |
|    fps                  | 1566        |
|    iterations           | 47          |
|    time_elapsed         | 61          |
|    total_timesteps      | 710656      |
| train/                  |             |
|    approx_kl            | 0.010046683 |
|    clip_fraction        | 0.161       |
|    clip_range           | 0.2         |
|    entropy_loss         | -2.45       |
|    explained_variance   | 0.453       |
|    learning_rate        | 0.0003      |
|    loss                 | 0.453       |
|    n_updates            | 1730        |
|    policy_gradient_loss | 0.00193     |
|    std                  | 0.821       |
|    value_loss           | 47.8        |
-----------------------------------------
-----------------------------------------
| rollout/                |             |
|    ep_len_mean          | 1.64e+03    |
|    ep_rew_mean          | 50.6        |
| time/                   |             |
|    fps                  | 1564        |
|    iterations           | 48          |
|    time_elapsed         | 62          |
|    total_timesteps      | 712704      |
| train/                  |             |
|    approx_kl            | 0.007990622 |
|    clip_fraction        | 0.0604      |
|    clip_range           | 0.2         |
|    entropy_loss         | -2.44       |
|    explained_variance   | 0.816       |
|    learning_rate        | 0.0003      |
|    loss                 | 4.17        |
|    n_updates            | 1735        |
|    policy_gradient_loss | -0.00225    |
|    std                  | 0.822       |
|    value_loss           | 8.73        |
-----------------------------------------
-----------------------------------------
| rollout/                |             |
|    ep_len_mean          | 1.63e+03    |
|    ep_rew_mean          | 51.7        |
| time/                   |             |
|    fps                  | 1561        |
|    iterations           | 49          |
|    time_elapsed         | 64          |
|    total_timesteps      | 714752      |
| train/                  |             |
|    approx_kl            | 0.034012377 |
|    clip_fraction        | 0.111       |
|    clip_range           | 0.2         |
|    entropy_loss         | -2.44       |
|    explained_variance   | -0.0338     |
|    learning_rate        | 0.0003      |
|    loss                 | 3.27        |
|    n_updates            | 1740        |
|    policy_gradient_loss | 0.00192     |
|    std                  | 0.821       |
|    value_loss           | 50.7        |
-----------------------------------------
-----------------------------------------
| rollout/                |             |
|    ep_len_mean          | 1.61e+03    |
|    ep_rew_mean          | 52.8        |
| time/                   |             |
|    fps                  | 1558        |
|    iterations           | 50          |
|    time_elapsed         | 65          |
|    total_timesteps      | 716800      |
| train/                  |             |
|    approx_kl            | 0.039245453 |
|    clip_fraction        | 0.215       |
|    clip_range           | 0.2         |
|    entropy_loss         | -2.45       |
|    explained_variance   | -0.0121     |
|    learning_rate        | 0.0003      |
|    loss                 | 166         |
|    n_updates            | 1745        |
|    policy_gradient_loss | 0.0104      |
|    std                  | 0.822       |
|    value_loss           | 75.2        |
-----------------------------------------
----------------------------------------
| rollout/                |            |
|    ep_len_mean          | 1.6e+03    |
|    ep_rew_mean          | 54.4       |
| time/                   |            |
|    fps                  | 1556       |
|    iterations           | 51         |
|    time_elapsed         | 67         |
|    total_timesteps      | 718848     |
| train/                  |            |
|    approx_kl            | 0.02808944 |
|    clip_fraction        | 0.202      |
|    clip_range           | 0.2        |
|    entropy_loss         | -2.45      |
|    explained_variance   | 0.367      |
|    learning_rate        | 0.0003     |
|    loss                 | 0.218      |
|    n_updates            | 1750       |
|    policy_gradient_loss | 0.0112     |
|    std                  | 0.821      |
|    value_loss           | 93.8       |
----------------------------------------
-----------------------------------------
| rollout/                |             |
|    ep_len_mean          | 1.6e+03     |
|    ep_rew_mean          | 54.4        |
| time/                   |             |
|    fps                  | 1556        |
|    iterations           | 52          |
|    time_elapsed         | 68          |
|    total_timesteps      | 720896      |
| train/                  |             |
|    approx_kl            | 0.020250723 |
|    clip_fraction        | 0.154       |
|    clip_range           | 0.2         |
|    entropy_loss         | -2.45       |
|    explained_variance   | -0.114      |
|    learning_rate        | 0.0003      |
|    loss                 | 6.7         |
|    n_updates            | 1755        |
|    policy_gradient_loss | 0.00386     |
|    std                  | 0.822       |
|    value_loss           | 53.2        |
-----------------------------------------
-----------------------------------------
| rollout/                |             |
|    ep_len_mean          | 1.61e+03    |
|    ep_rew_mean          | 54.2        |
| time/                   |             |
|    fps                  | 1558        |
|    iterations           | 53          |
|    time_elapsed         | 69          |
|    total_timesteps      | 722944      |
| train/                  |             |
|    approx_kl            | 0.024428995 |
|    clip_fraction        | 0.159       |
|    clip_range           | 0.2         |
|    entropy_loss         | -2.44       |
|    explained_variance   | 0.612       |
|    learning_rate        | 0.0003      |
|    loss                 | 0.826       |
|    n_updates            | 1760        |
|    policy_gradient_loss | 0.00648     |
|    std                  | 0.82        |
|    value_loss           | 3.74        |
-----------------------------------------
-----------------------------------------
| rollout/                |             |
|    ep_len_mean          | 1.61e+03    |
|    ep_rew_mean          | 54.2        |
| time/                   |             |
|    fps                  | 1554        |
|    iterations           | 54          |
|    time_elapsed         | 71          |
|    total_timesteps      | 724992      |
| train/                  |             |
|    approx_kl            | 0.007574809 |
|    clip_fraction        | 0.122       |
|    clip_range           | 0.2         |
|    entropy_loss         | -2.44       |
|    explained_variance   | 0.213       |
|    learning_rate        | 0.0003      |
|    loss                 | 148         |
|    n_updates            | 1765        |
|    policy_gradient_loss | -0.00107    |
|    std                  | 0.82        |
|    value_loss           | 95.5        |
-----------------------------------------
------------------------------------------
| rollout/                |              |
|    ep_len_mean          | 1.61e+03     |
|    ep_rew_mean          | 54.2         |
| time/                   |              |
|    fps                  | 1556         |
|    iterations           | 55           |
|    time_elapsed         | 72           |
|    total_timesteps      | 727040       |
| train/                  |              |
|    approx_kl            | 0.0058678677 |
|    clip_fraction        | 0.0999       |
|    clip_range           | 0.2          |
|    entropy_loss         | -2.44        |
|    explained_variance   | 0.854        |
|    learning_rate        | 0.0003       |
|    loss                 | 2.01         |
|    n_updates            | 1770         |
|    policy_gradient_loss | -0.00417     |
|    std                  | 0.817        |
|    value_loss           | 3.75         |
------------------------------------------
-----------------------------------------
| rollout/                |             |
|    ep_len_mean          | 1.63e+03    |
|    ep_rew_mean          | 52.8        |
| time/                   |             |
|    fps                  | 1558        |
|    iterations           | 56          |
|    time_elapsed         | 73          |
|    total_timesteps      | 729088      |
| train/                  |             |
|    approx_kl            | 0.005288988 |
|    clip_fraction        | 0.0515      |
|    clip_range           | 0.2         |
|    entropy_loss         | -2.43       |
|    explained_variance   | 0.477       |
|    learning_rate        | 0.0003      |
|    loss                 | 1.25        |
|    n_updates            | 1775        |
|    policy_gradient_loss | -0.00107    |
|    std                  | 0.816       |
|    value_loss           | 5.97        |
-----------------------------------------
------------------------------------------
| rollout/                |              |
|    ep_len_mean          | 1.63e+03     |
|    ep_rew_mean          | 52.8         |
| time/                   |              |
|    fps                  | 1554         |
|    iterations           | 57           |
|    time_elapsed         | 75           |
|    total_timesteps      | 731136       |
| train/                  |              |
|    approx_kl            | 0.0055918186 |
|    clip_fraction        | 0.0267       |
|    clip_range           | 0.2          |
|    entropy_loss         | -2.43        |
|    explained_variance   | 0.349        |
|    learning_rate        | 0.0003       |
|    loss                 | 0.171        |
|    n_updates            | 1780         |
|    policy_gradient_loss | -0.00179     |
|    std                  | 0.815        |
|    value_loss           | 60           |
------------------------------------------
-----------------------------------------
| rollout/                |             |
|    ep_len_mean          | 1.63e+03    |
|    ep_rew_mean          | 52.8        |
| time/                   |             |
|    fps                  | 1555        |
|    iterations           | 58          |
|    time_elapsed         | 76          |
|    total_timesteps      | 733184      |
| train/                  |             |
|    approx_kl            | 0.014008693 |
|    clip_fraction        | 0.126       |
|    clip_range           | 0.2         |
|    entropy_loss         | -2.43       |
|    explained_variance   | 0.457       |
|    learning_rate        | 0.0003      |
|    loss                 | 0.502       |
|    n_updates            | 1785        |
|    policy_gradient_loss | 0.000118    |
|    std                  | 0.814       |
|    value_loss           | 7.27        |
-----------------------------------------
-----------------------------------------
| rollout/                |             |
|    ep_len_mean          | 1.62e+03    |
|    ep_rew_mean          | 53.5        |
| time/                   |             |
|    fps                  | 1554        |
|    iterations           | 59          |
|    time_elapsed         | 77          |
|    total_timesteps      | 735232      |
| train/                  |             |
|    approx_kl            | 0.010348421 |
|    clip_fraction        | 0.188       |
|    clip_range           | 0.2         |
|    entropy_loss         | -2.42       |
|    explained_variance   | 0.798       |
|    learning_rate        | 0.0003      |
|    loss                 | 1.44        |
|    n_updates            | 1790        |
|    policy_gradient_loss | 0.000789    |
|    std                  | 0.812       |
|    value_loss           | 12.2        |
-----------------------------------------
-----------------------------------------
| rollout/                |             |
|    ep_len_mean          | 1.62e+03    |
|    ep_rew_mean          | 53.6        |
| time/                   |             |
|    fps                  | 1554        |
|    iterations           | 60          |
|    time_elapsed         | 79          |
|    total_timesteps      | 737280      |
| train/                  |             |
|    approx_kl            | 0.004761934 |
|    clip_fraction        | 0.0333      |
|    clip_range           | 0.2         |
|    entropy_loss         | -2.42       |
|    explained_variance   | 0.749       |
|    learning_rate        | 0.0003      |
|    loss                 | 4.96        |
|    n_updates            | 1795        |
|    policy_gradient_loss | -0.00214    |
|    std                  | 0.812       |
|    value_loss           | 12.9        |
-----------------------------------------
------------------------------------------
| rollout/                |              |
|    ep_len_mean          | 1.63e+03     |
|    ep_rew_mean          | 53.5         |
| time/                   |              |
|    fps                  | 1552         |
|    iterations           | 61           |
|    time_elapsed         | 80           |
|    total_timesteps      | 739328       |
| train/                  |              |
|    approx_kl            | 0.0061590443 |
|    clip_fraction        | 0.0372       |
|    clip_range           | 0.2          |
|    entropy_loss         | -2.42        |
|    explained_variance   | 0.567        |
|    learning_rate        | 0.0003       |
|    loss                 | 11.5         |
|    n_updates            | 1800         |
|    policy_gradient_loss | -0.00337     |
|    std                  | 0.811        |
|    value_loss           | 60.6         |
------------------------------------------
-----------------------------------------
| rollout/                |             |
|    ep_len_mean          | 1.6e+03     |
|    ep_rew_mean          | 56.3        |
| time/                   |             |
|    fps                  | 1553        |
|    iterations           | 62          |
|    time_elapsed         | 81          |
|    total_timesteps      | 741376      |
| train/                  |             |
|    approx_kl            | 0.005824178 |
|    clip_fraction        | 0.189       |
|    clip_range           | 0.2         |
|    entropy_loss         | -2.42       |
|    explained_variance   | 0.539       |
|    learning_rate        | 0.0003      |
|    loss                 | 5.98        |
|    n_updates            | 1805        |
|    policy_gradient_loss | 0.00426     |
|    std                  | 0.811       |
|    value_loss           | 7.62        |
-----------------------------------------
------------------------------------------
| rollout/                |              |
|    ep_len_mean          | 1.6e+03      |
|    ep_rew_mean          | 56.3         |
| time/                   |              |
|    fps                  | 1551         |
|    iterations           | 63           |
|    time_elapsed         | 83           |
|    total_timesteps      | 743424       |
| train/                  |              |
|    approx_kl            | 0.0062459055 |
|    clip_fraction        | 0.0792       |
|    clip_range           | 0.2          |
|    entropy_loss         | -2.42        |
|    explained_variance   | 0.389        |
|    learning_rate        | 0.0003       |
|    loss                 | 0.562        |
|    n_updates            | 1810         |
|    policy_gradient_loss | -0.000981    |
|    std                  | 0.81         |
|    value_loss           | 91.5         |
------------------------------------------
-----------------------------------------
| rollout/                |             |
|    ep_len_mean          | 1.58e+03    |
|    ep_rew_mean          | 57.7        |
| time/                   |             |
|    fps                  | 1552        |
|    iterations           | 64          |
|    time_elapsed         | 84          |
|    total_timesteps      | 745472      |
| train/                  |             |
|    approx_kl            | 0.005438151 |
|    clip_fraction        | 0.17        |
|    clip_range           | 0.2         |
|    entropy_loss         | -2.42       |
|    explained_variance   | 0.583       |
|    learning_rate        | 0.0003      |
|    loss                 | 0.248       |
|    n_updates            | 1815        |
|    policy_gradient_loss | 0.00379     |
|    std                  | 0.811       |
|    value_loss           | 43.2        |
-----------------------------------------
-----------------------------------------
| rollout/                |             |
|    ep_len_mean          | 1.58e+03    |
|    ep_rew_mean          | 57.7        |
| time/                   |             |
|    fps                  | 1551        |
|    iterations           | 65          |
|    time_elapsed         | 85          |
|    total_timesteps      | 747520      |
| train/                  |             |
|    approx_kl            | 0.005085814 |
|    clip_fraction        | 0.124       |
|    clip_range           | 0.2         |
|    entropy_loss         | -2.42       |
|    explained_variance   | 0.373       |
|    learning_rate        | 0.0003      |
|    loss                 | 2.35        |
|    n_updates            | 1820        |
|    policy_gradient_loss | 0.00523     |
|    std                  | 0.81        |
|    value_loss           | 43.2        |
-----------------------------------------
------------------------------------------
| rollout/                |              |
|    ep_len_mean          | 1.58e+03     |
|    ep_rew_mean          | 57.7         |
| time/                   |              |
|    fps                  | 1548         |
|    iterations           | 66           |
|    time_elapsed         | 87           |
|    total_timesteps      | 749568       |
| train/                  |              |
|    approx_kl            | 0.0043187537 |
|    clip_fraction        | 0.0586       |
|    clip_range           | 0.2          |
|    entropy_loss         | -2.42        |
|    explained_variance   | 0.0288       |
|    learning_rate        | 0.0003       |
|    loss                 | 4.83         |
|    n_updates            | 1825         |
|    policy_gradient_loss | -0.00181     |
|    std                  | 0.81         |
|    value_loss           | 90.8         |
------------------------------------------
-----------------------------------------
| rollout/                |             |
|    ep_len_mean          | 1.58e+03    |
|    ep_rew_mean          | 57.7        |
| time/                   |             |
|    fps                  | 1549        |
|    iterations           | 67          |
|    time_elapsed         | 88          |
|    total_timesteps      | 751616      |
| train/                  |             |
|    approx_kl            | 0.006881459 |
|    clip_fraction        | 0.0598      |
|    clip_range           | 0.2         |
|    entropy_loss         | -2.42       |
|    explained_variance   | 0.457       |
|    learning_rate        | 0.0003      |
|    loss                 | 2.81        |
|    n_updates            | 1830        |
|    policy_gradient_loss | -7e-05      |
|    std                  | 0.81        |
|    value_loss           | 4.06        |
-----------------------------------------
------------------------------------------
| rollout/                |              |
|    ep_len_mean          | 1.58e+03     |
|    ep_rew_mean          | 57.7         |
| time/                   |              |
|    fps                  | 1551         |
|    iterations           | 68           |
|    time_elapsed         | 89           |
|    total_timesteps      | 753664       |
| train/                  |              |
|    approx_kl            | 0.0029525645 |
|    clip_fraction        | 0.0265       |
|    clip_range           | 0.2          |
|    entropy_loss         | -2.41        |
|    explained_variance   | 0.752        |
|    learning_rate        | 0.0003       |
|    loss                 | 22.3         |
|    n_updates            | 1835         |
|    policy_gradient_loss | -0.00271     |
|    std                  | 0.809        |
|    value_loss           | 19.7         |
------------------------------------------
------------------------------------------
| rollout/                |              |
|    ep_len_mean          | 1.61e+03     |
|    ep_rew_mean          | 54.6         |
| time/                   |              |
|    fps                  | 1553         |
|    iterations           | 69           |
|    time_elapsed         | 90           |
|    total_timesteps      | 755712       |
| train/                  |              |
|    approx_kl            | 0.0038247933 |
|    clip_fraction        | 0.0376       |
|    clip_range           | 0.2          |
|    entropy_loss         | -2.41        |
|    explained_variance   | 0.872        |
|    learning_rate        | 0.0003       |
|    loss                 | 0.984        |
|    n_updates            | 1840         |
|    policy_gradient_loss | -0.00441     |
|    std                  | 0.809        |
|    value_loss           | 6.37         |
------------------------------------------
-----------------------------------------
| rollout/                |             |
|    ep_len_mean          | 1.61e+03    |
|    ep_rew_mean          | 54.1        |
| time/                   |             |
|    fps                  | 1550        |
|    iterations           | 70          |
|    time_elapsed         | 92          |
|    total_timesteps      | 757760      |
| train/                  |             |
|    approx_kl            | 0.005541431 |
|    clip_fraction        | 0.0859      |
|    clip_range           | 0.2         |
|    entropy_loss         | -2.41       |
|    explained_variance   | 0.717       |
|    learning_rate        | 0.0003      |
|    loss                 | 30.7        |
|    n_updates            | 1845        |
|    policy_gradient_loss | -0.00334    |
|    std                  | 0.81        |
|    value_loss           | 22.2        |
-----------------------------------------
------------------------------------------
| rollout/                |              |
|    ep_len_mean          | 1.6e+03      |
|    ep_rew_mean          | 55.7         |
| time/                   |              |
|    fps                  | 1552         |
|    iterations           | 71           |
|    time_elapsed         | 93           |
|    total_timesteps      | 759808       |
| train/                  |              |
|    approx_kl            | 0.0067537595 |
|    clip_fraction        | 0.0576       |
|    clip_range           | 0.2          |
|    entropy_loss         | -2.41        |
|    explained_variance   | 0.26         |
|    learning_rate        | 0.0003       |
|    loss                 | 4.31         |
|    n_updates            | 1850         |
|    policy_gradient_loss | -0.000134    |
|    std                  | 0.807        |
|    value_loss           | 10.6         |
------------------------------------------
-----------------------------------------
| rollout/                |             |
|    ep_len_mean          | 1.6e+03     |
|    ep_rew_mean          | 57.3        |
| time/                   |             |
|    fps                  | 1552        |
|    iterations           | 72          |
|    time_elapsed         | 94          |
|    total_timesteps      | 761856      |
| train/                  |             |
|    approx_kl            | 0.017935745 |
|    clip_fraction        | 0.0932      |
|    clip_range           | 0.2         |
|    entropy_loss         | -2.41       |
|    explained_variance   | 0.45        |
|    learning_rate        | 0.0003      |
|    loss                 | 1.47        |
|    n_updates            | 1855        |
|    policy_gradient_loss | 0.00183     |
|    std                  | 0.805       |
|    value_loss           | 53.5        |
-----------------------------------------
------------------------------------------
| rollout/                |              |
|    ep_len_mean          | 1.6e+03      |
|    ep_rew_mean          | 57.3         |
| time/                   |              |
|    fps                  | 1552         |
|    iterations           | 73           |
|    time_elapsed         | 96           |
|    total_timesteps      | 763904       |
| train/                  |              |
|    approx_kl            | 0.0080266185 |
|    clip_fraction        | 0.16         |
|    clip_range           | 0.2          |
|    entropy_loss         | -2.41        |
|    explained_variance   | 0.367        |
|    learning_rate        | 0.0003       |
|    loss                 | 3.75         |
|    n_updates            | 1860         |
|    policy_gradient_loss | -0.000127    |
|    std                  | 0.807        |
|    value_loss           | 48.5         |
------------------------------------------
-----------------------------------------
| rollout/                |             |
|    ep_len_mean          | 1.6e+03     |
|    ep_rew_mean          | 57.3        |
| time/                   |             |
|    fps                  | 1554        |
|    iterations           | 74          |
|    time_elapsed         | 97          |
|    total_timesteps      | 765952      |
| train/                  |             |
|    approx_kl            | 0.023075119 |
|    clip_fraction        | 0.0774      |
|    clip_range           | 0.2         |
|    entropy_loss         | -2.41       |
|    explained_variance   | 0.9         |
|    learning_rate        | 0.0003      |
|    loss                 | 0.629       |
|    n_updates            | 1865        |
|    policy_gradient_loss | -0.000212   |
|    std                  | 0.806       |
|    value_loss           | 6.71        |
-----------------------------------------
-----------------------------------------
| rollout/                |             |
|    ep_len_mean          | 1.6e+03     |
|    ep_rew_mean          | 57.5        |
| time/                   |             |
|    fps                  | 1552        |
|    iterations           | 75          |
|    time_elapsed         | 98          |
|    total_timesteps      | 768000      |
| train/                  |             |
|    approx_kl            | 0.010135811 |
|    clip_fraction        | 0.121       |
|    clip_range           | 0.2         |
|    entropy_loss         | -2.4        |
|    explained_variance   | 0.618       |
|    learning_rate        | 0.0003      |
|    loss                 | 4.9         |
|    n_updates            | 1870        |
|    policy_gradient_loss | -0.000585   |
|    std                  | 0.805       |
|    value_loss           | 48          |
-----------------------------------------
----------------------------------------
| rollout/                |            |
|    ep_len_mean          | 1.58e+03   |
|    ep_rew_mean          | 59         |
| time/                   |            |
|    fps                  | 1552       |
|    iterations           | 76         |
|    time_elapsed         | 100        |
|    total_timesteps      | 770048     |
| train/                  |            |
|    approx_kl            | 0.02071977 |
|    clip_fraction        | 0.253      |
|    clip_range           | 0.2        |
|    entropy_loss         | -2.4       |
|    explained_variance   | 0.647      |
|    learning_rate        | 0.0003     |
|    loss                 | 0.776      |
|    n_updates            | 1875       |
|    policy_gradient_loss | 0.00385    |
|    std                  | 0.805      |
|    value_loss           | 11.7       |
----------------------------------------
----------------------------------------
| rollout/                |            |
|    ep_len_mean          | 1.58e+03   |
|    ep_rew_mean          | 59         |
| time/                   |            |
|    fps                  | 1552       |
|    iterations           | 77         |
|    time_elapsed         | 101        |
|    total_timesteps      | 772096     |
| train/                  |            |
|    approx_kl            | 0.02134953 |
|    clip_fraction        | 0.157      |
|    clip_range           | 0.2        |
|    entropy_loss         | -2.4       |
|    explained_variance   | 0.424      |
|    learning_rate        | 0.0003     |
|    loss                 | 0.913      |
|    n_updates            | 1880       |
|    policy_gradient_loss | -0.000547  |
|    std                  | 0.804      |
|    value_loss           | 51.3       |
----------------------------------------
------------------------------------------
| rollout/                |              |
|    ep_len_mean          | 1.6e+03      |
|    ep_rew_mean          | 57.5         |
| time/                   |              |
|    fps                  | 1549         |
|    iterations           | 78           |
|    time_elapsed         | 103          |
|    total_timesteps      | 774144       |
| train/                  |              |
|    approx_kl            | 0.0027477192 |
|    clip_fraction        | 0.128        |
|    clip_range           | 0.2          |
|    entropy_loss         | -2.4         |
|    explained_variance   | 0.506        |
|    learning_rate        | 0.0003       |
|    loss                 | 2.65         |
|    n_updates            | 1885         |
|    policy_gradient_loss | 0.00373      |
|    std                  | 0.805        |
|    value_loss           | 19.7         |
------------------------------------------
------------------------------------------
| rollout/                |              |
|    ep_len_mean          | 1.6e+03      |
|    ep_rew_mean          | 57.5         |
| time/                   |              |
|    fps                  | 1544         |
|    iterations           | 79           |
|    time_elapsed         | 104          |
|    total_timesteps      | 776192       |
| train/                  |              |
|    approx_kl            | 0.0038625244 |
|    clip_fraction        | 0.0552       |
|    clip_range           | 0.2          |
|    entropy_loss         | -2.4         |
|    explained_variance   | 0.133        |
|    learning_rate        | 0.0003       |
|    loss                 | 5.27         |
|    n_updates            | 1890         |
|    policy_gradient_loss | -0.00157     |
|    std                  | 0.804        |
|    value_loss           | 93.9         |
------------------------------------------
-----------------------------------------
| rollout/                |             |
|    ep_len_mean          | 1.6e+03     |
|    ep_rew_mean          | 57.6        |
| time/                   |             |
|    fps                  | 1545        |
|    iterations           | 80          |
|    time_elapsed         | 106         |
|    total_timesteps      | 778240      |
| train/                  |             |
|    approx_kl            | 0.008495582 |
|    clip_fraction        | 0.0678      |
|    clip_range           | 0.2         |
|    entropy_loss         | -2.4        |
|    explained_variance   | 0.783       |
|    learning_rate        | 0.0003      |
|    loss                 | 2.43        |
|    n_updates            | 1895        |
|    policy_gradient_loss | -0.00328    |
|    std                  | 0.8         |
|    value_loss           | 9.57        |
-----------------------------------------
------------------------------------------
| rollout/                |              |
|    ep_len_mean          | 1.59e+03     |
|    ep_rew_mean          | 57.6         |
| time/                   |              |
|    fps                  | 1543         |
|    iterations           | 81           |
|    time_elapsed         | 107          |
|    total_timesteps      | 780288       |
| train/                  |              |
|    approx_kl            | 0.0042511933 |
|    clip_fraction        | 0.0271       |
|    clip_range           | 0.2          |
|    entropy_loss         | -2.39        |
|    explained_variance   | 0.401        |
|    learning_rate        | 0.0003       |
|    loss                 | 3.73         |
|    n_updates            | 1900         |
|    policy_gradient_loss | -0.0024      |
|    std                  | 0.8          |
|    value_loss           | 50.3         |
------------------------------------------
-----------------------------------------
| rollout/                |             |
|    ep_len_mean          | 1.6e+03     |
|    ep_rew_mean          | 57.3        |
| time/                   |             |
|    fps                  | 1542        |
|    iterations           | 82          |
|    time_elapsed         | 108         |
|    total_timesteps      | 782336      |
| train/                  |             |
|    approx_kl            | 0.010188216 |
|    clip_fraction        | 0.196       |
|    clip_range           | 0.2         |
|    entropy_loss         | -2.39       |
|    explained_variance   | 0.389       |
|    learning_rate        | 0.0003      |
|    loss                 | 1.21        |
|    n_updates            | 1905        |
|    policy_gradient_loss | 0.00306     |
|    std                  | 0.796       |
|    value_loss           | 78.2        |
-----------------------------------------
-----------------------------------------
| rollout/                |             |
|    ep_len_mean          | 1.57e+03    |
|    ep_rew_mean          | 60.3        |
| time/                   |             |
|    fps                  | 1538        |
|    iterations           | 83          |
|    time_elapsed         | 110         |
|    total_timesteps      | 784384      |
| train/                  |             |
|    approx_kl            | 0.011868825 |
|    clip_fraction        | 0.153       |
|    clip_range           | 0.2         |
|    entropy_loss         | -2.38       |
|    explained_variance   | 0.839       |
|    learning_rate        | 0.0003      |
|    loss                 | 29.5        |
|    n_updates            | 1910        |
|    policy_gradient_loss | 0.00155     |
|    std                  | 0.795       |
|    value_loss           | 15.6        |
-----------------------------------------
-----------------------------------------
| rollout/                |             |
|    ep_len_mean          | 1.57e+03    |
|    ep_rew_mean          | 60.3        |
| time/                   |             |
|    fps                  | 1538        |
|    iterations           | 84          |
|    time_elapsed         | 111         |
|    total_timesteps      | 786432      |
| train/                  |             |
|    approx_kl            | 0.011510769 |
|    clip_fraction        | 0.0951      |
|    clip_range           | 0.2         |
|    entropy_loss         | -2.38       |
|    explained_variance   | 0.104       |
|    learning_rate        | 0.0003      |
|    loss                 | 7.84        |
|    n_updates            | 1915        |
|    policy_gradient_loss | -0.000888   |
|    std                  | 0.794       |
|    value_loss           | 89.6        |
-----------------------------------------
------------------------------------------
| rollout/                |              |
|    ep_len_mean          | 1.57e+03     |
|    ep_rew_mean          | 60.3         |
| time/                   |              |
|    fps                  | 1539         |
|    iterations           | 85           |
|    time_elapsed         | 113          |
|    total_timesteps      | 788480       |
| train/                  |              |
|    approx_kl            | 0.0032401949 |
|    clip_fraction        | 0.0268       |
|    clip_range           | 0.2          |
|    entropy_loss         | -2.37        |
|    explained_variance   | 0.693        |
|    learning_rate        | 0.0003       |
|    loss                 | 2.81         |
|    n_updates            | 1920         |
|    policy_gradient_loss | -0.00152     |
|    std                  | 0.793        |
|    value_loss           | 19.9         |
------------------------------------------
-----------------------------------------
| rollout/                |             |
|    ep_len_mean          | 1.57e+03    |
|    ep_rew_mean          | 60.3        |
| time/                   |             |
|    fps                  | 1540        |
|    iterations           | 86          |
|    time_elapsed         | 114         |
|    total_timesteps      | 790528      |
| train/                  |             |
|    approx_kl            | 0.008253433 |
|    clip_fraction        | 0.0541      |
|    clip_range           | 0.2         |
|    entropy_loss         | -2.37       |
|    explained_variance   | 0.455       |
|    learning_rate        | 0.0003      |
|    loss                 | 3.56        |
|    n_updates            | 1925        |
|    policy_gradient_loss | -0.00267    |
|    std                  | 0.792       |
|    value_loss           | 47.5        |
-----------------------------------------
-----------------------------------------
| rollout/                |             |
|    ep_len_mean          | 1.58e+03    |
|    ep_rew_mean          | 58.5        |
| time/                   |             |
|    fps                  | 1542        |
|    iterations           | 87          |
|    time_elapsed         | 115         |
|    total_timesteps      | 792576      |
| train/                  |             |
|    approx_kl            | 0.008999925 |
|    clip_fraction        | 0.0534      |
|    clip_range           | 0.2         |
|    entropy_loss         | -2.37       |
|    explained_variance   | 0.737       |
|    learning_rate        | 0.0003      |
|    loss                 | 0.717       |
|    n_updates            | 1930        |
|    policy_gradient_loss | -0.00286    |
|    std                  | 0.792       |
|    value_loss           | 11.8        |
-----------------------------------------
------------------------------------------
| rollout/                |              |
|    ep_len_mean          | 1.57e+03     |
|    ep_rew_mean          | 60.3         |
| time/                   |              |
|    fps                  | 1542         |
|    iterations           | 88           |
|    time_elapsed         | 116          |
|    total_timesteps      | 794624       |
| train/                  |              |
|    approx_kl            | 0.0063679107 |
|    clip_fraction        | 0.107        |
|    clip_range           | 0.2          |
|    entropy_loss         | -2.37        |
|    explained_variance   | 0.451        |
|    learning_rate        | 0.0003       |
|    loss                 | 3.29         |
|    n_updates            | 1935         |
|    policy_gradient_loss | -0.00333     |
|    std                  | 0.792        |
|    value_loss           | 54.2         |
------------------------------------------
-----------------------------------------
| rollout/                |             |
|    ep_len_mean          | 1.57e+03    |
|    ep_rew_mean          | 60.3        |
| time/                   |             |
|    fps                  | 1544        |
|    iterations           | 89          |
|    time_elapsed         | 118         |
|    total_timesteps      | 796672      |
| train/                  |             |
|    approx_kl            | 0.020455284 |
|    clip_fraction        | 0.123       |
|    clip_range           | 0.2         |
|    entropy_loss         | -2.37       |
|    explained_variance   | 0.226       |
|    learning_rate        | 0.0003      |
|    loss                 | 0.183       |
|    n_updates            | 1940        |
|    policy_gradient_loss | 0.00378     |
|    std                  | 0.792       |
|    value_loss           | 42.1        |
-----------------------------------------
------------------------------------------
| rollout/                |              |
|    ep_len_mean          | 1.57e+03     |
|    ep_rew_mean          | 60.2         |
| time/                   |              |
|    fps                  | 1544         |
|    iterations           | 90           |
|    time_elapsed         | 119          |
|    total_timesteps      | 798720       |
| train/                  |              |
|    approx_kl            | 0.0073967315 |
|    clip_fraction        | 0.164        |
|    clip_range           | 0.2          |
|    entropy_loss         | -2.37        |
|    explained_variance   | 0.518        |
|    learning_rate        | 0.0003       |
|    loss                 | 4.92         |
|    n_updates            | 1945         |
|    policy_gradient_loss | 0.00128      |
|    std                  | 0.79         |
|    value_loss           | 38.1         |
------------------------------------------
------------------------------------------
| rollout/                |              |
|    ep_len_mean          | 1.58e+03     |
|    ep_rew_mean          | 60.3         |
| time/                   |              |
|    fps                  | 1544         |
|    iterations           | 91           |
|    time_elapsed         | 120          |
|    total_timesteps      | 800768       |
| train/                  |              |
|    approx_kl            | 0.0050176233 |
|    clip_fraction        | 0.126        |
|    clip_range           | 0.2          |
|    entropy_loss         | -2.37        |
|    explained_variance   | 0.257        |
|    learning_rate        | 0.0003       |
|    loss                 | 0.812        |
|    n_updates            | 1950         |
|    policy_gradient_loss | 0.00141      |
|    std                  | 0.789        |
|    value_loss           | 42           |
------------------------------------------
----------------------------------------
| rollout/                |            |
|    ep_len_mean          | 1.58e+03   |
|    ep_rew_mean          | 60         |
| time/                   |            |
|    fps                  | 1545       |
|    iterations           | 92         |
|    time_elapsed         | 121        |
|    total_timesteps      | 802816     |
| train/                  |            |
|    approx_kl            | 0.18918893 |
|    clip_fraction        | 0.147      |
|    clip_range           | 0.2        |
|    entropy_loss         | -2.36      |
|    explained_variance   | 0.518      |
|    learning_rate        | 0.0003     |
|    loss                 | 19.8       |
|    n_updates            | 1955       |
|    policy_gradient_loss | 0.0147     |
|    std                  | 0.79       |
|    value_loss           | 51.8       |
----------------------------------------
------------------------------------------
| rollout/                |              |
|    ep_len_mean          | 1.57e+03     |
|    ep_rew_mean          | 61.5         |
| time/                   |              |
|    fps                  | 1546         |
|    iterations           | 93           |
|    time_elapsed         | 123          |
|    total_timesteps      | 804864       |
| train/                  |              |
|    approx_kl            | 0.0028565486 |
|    clip_fraction        | 0.0301       |
|    clip_range           | 0.2          |
|    entropy_loss         | -2.37        |
|    explained_variance   | 0.499        |
|    learning_rate        | 0.0003       |
|    loss                 | 1.29         |
|    n_updates            | 1960         |
|    policy_gradient_loss | -0.00142     |
|    std                  | 0.79         |
|    value_loss           | 48.9         |
------------------------------------------
-----------------------------------------
| rollout/                |             |
|    ep_len_mean          | 1.57e+03    |
|    ep_rew_mean          | 61.8        |
| time/                   |             |
|    fps                  | 1548        |
|    iterations           | 94          |
|    time_elapsed         | 124         |
|    total_timesteps      | 806912      |
| train/                  |             |
|    approx_kl            | 0.014560558 |
|    clip_fraction        | 0.119       |
|    clip_range           | 0.2         |
|    entropy_loss         | -2.37       |
|    explained_variance   | 0.484       |
|    learning_rate        | 0.0003      |
|    loss                 | 24          |
|    n_updates            | 1965        |
|    policy_gradient_loss | 0.000708    |
|    std                  | 0.791       |
|    value_loss           | 49.3        |
-----------------------------------------
------------------------------------------
| rollout/                |              |
|    ep_len_mean          | 1.57e+03     |
|    ep_rew_mean          | 61.6         |
| time/                   |              |
|    fps                  | 1548         |
|    iterations           | 95           |
|    time_elapsed         | 125          |
|    total_timesteps      | 808960       |
| train/                  |              |
|    approx_kl            | 0.0062333853 |
|    clip_fraction        | 0.0967       |
|    clip_range           | 0.2          |
|    entropy_loss         | -2.37        |
|    explained_variance   | 0.864        |
|    learning_rate        | 0.0003       |
|    loss                 | 0.117        |
|    n_updates            | 1970         |
|    policy_gradient_loss | 0.00152      |
|    std                  | 0.791        |
|    value_loss           | 13.1         |
------------------------------------------
-----------------------------------------
| rollout/                |             |
|    ep_len_mean          | 1.58e+03    |
|    ep_rew_mean          | 61.6        |
| time/                   |             |
|    fps                  | 1548        |
|    iterations           | 96          |
|    time_elapsed         | 126         |
|    total_timesteps      | 811008      |
| train/                  |             |
|    approx_kl            | 0.022112224 |
|    clip_fraction        | 0.231       |
|    clip_range           | 0.2         |
|    entropy_loss         | -2.37       |
|    explained_variance   | 0.172       |
|    learning_rate        | 0.0003      |
|    loss                 | 120         |
|    n_updates            | 1975        |
|    policy_gradient_loss | 0.0121      |
|    std                  | 0.79        |
|    value_loss           | 66.1        |
-----------------------------------------
-----------------------------------------
| rollout/                |             |
|    ep_len_mean          | 1.58e+03    |
|    ep_rew_mean          | 61.6        |
| time/                   |             |
|    fps                  | 1549        |
|    iterations           | 97          |
|    time_elapsed         | 128         |
|    total_timesteps      | 813056      |
| train/                  |             |
|    approx_kl            | 0.024409525 |
|    clip_fraction        | 0.111       |
|    clip_range           | 0.2         |
|    entropy_loss         | -2.36       |
|    explained_variance   | 0.216       |
|    learning_rate        | 0.0003      |
|    loss                 | 5.98        |
|    n_updates            | 1980        |
|    policy_gradient_loss | 0.00216     |
|    std                  | 0.789       |
|    value_loss           | 87.2        |
-----------------------------------------
----------------------------------------
| rollout/                |            |
|    ep_len_mean          | 1.57e+03   |
|    ep_rew_mean          | 62.9       |
| time/                   |            |
|    fps                  | 1550       |
|    iterations           | 98         |
|    time_elapsed         | 129        |
|    total_timesteps      | 815104     |
| train/                  |            |
|    approx_kl            | 0.09844654 |
|    clip_fraction        | 0.178      |
|    clip_range           | 0.2        |
|    entropy_loss         | -2.36      |
|    explained_variance   | 0.86       |
|    learning_rate        | 0.0003     |
|    loss                 | 9.09       |
|    n_updates            | 1985       |
|    policy_gradient_loss | 0.0103     |
|    std                  | 0.787      |
|    value_loss           | 9.39       |
----------------------------------------
-----------------------------------------
| rollout/                |             |
|    ep_len_mean          | 1.57e+03    |
|    ep_rew_mean          | 62.9        |
| time/                   |             |
|    fps                  | 1552        |
|    iterations           | 99          |
|    time_elapsed         | 130         |
|    total_timesteps      | 817152      |
| train/                  |             |
|    approx_kl            | 0.037530046 |
|    clip_fraction        | 0.178       |
|    clip_range           | 0.2         |
|    entropy_loss         | -2.36       |
|    explained_variance   | 0.585       |
|    learning_rate        | 0.0003      |
|    loss                 | 6.33        |
|    n_updates            | 1990        |
|    policy_gradient_loss | 0.0105      |
|    std                  | 0.788       |
|    value_loss           | 41.8        |
-----------------------------------------
-----------------------------------------
| rollout/                |             |
|    ep_len_mean          | 1.57e+03    |
|    ep_rew_mean          | 62.7        |
| time/                   |             |
|    fps                  | 1553        |
|    iterations           | 100         |
|    time_elapsed         | 131         |
|    total_timesteps      | 819200      |
| train/                  |             |
|    approx_kl            | 0.017998334 |
|    clip_fraction        | 0.148       |
|    clip_range           | 0.2         |
|    entropy_loss         | -2.36       |
|    explained_variance   | 0.921       |
|    learning_rate        | 0.0003      |
|    loss                 | 0.258       |
|    n_updates            | 1995        |
|    policy_gradient_loss | 0.00135     |
|    std                  | 0.789       |
|    value_loss           | 7.84        |
-----------------------------------------

CP4 held-out: 39/50 hits (78.0%), mean miss 4.4 m, mean reward 95.40
STOP CONDITION: no joint improvement -- review gate before continuing.

==== babysit CP5 2026-09-16 14:05:51 ====
CP5: evasive lineage | max_time=45s t_go_max=10s | tracking=True | obs=12-D | miss_tanh_scale=3000m shaping_gamma=1 effort_weight=5 precision_weight=0 -> out=/Users/vincenzo/Desktop/Projects/Physics Sim Project/missile_guidance_sim/outputs/evasive_zemtgo10_seed14
---------------------------------
| rollout/           |          |
|    ep_len_mean     | 1.57e+03 |
|    ep_rew_mean     | 62.7     |
| time/              |          |
|    fps             | 4811     |
|    iterations      | 1        |
|    time_elapsed    | 0        |
|    total_timesteps | 821248   |
---------------------------------
----------------------------------------
| rollout/                |            |
|    ep_len_mean          | 1.57e+03   |
|    ep_rew_mean          | 62.7       |
| time/                   |            |
|    fps                  | 1984       |
|    iterations           | 2          |
|    time_elapsed         | 2          |
|    total_timesteps      | 823296     |
| train/                  |            |
|    approx_kl            | 0.00993516 |
|    clip_fraction        | 0.081      |
|    clip_range           | 0.2        |
|    entropy_loss         | -2.36      |
|    explained_variance   | 0.702      |
|    learning_rate        | 0.0003     |
|    loss                 | 4.66       |
|    n_updates            | 2005       |
|    policy_gradient_loss | -0.00446   |
|    std                  | 0.788      |
|    value_loss           | 3.54       |
----------------------------------------
-----------------------------------------
| rollout/                |             |
|    ep_len_mean          | 1.57e+03    |
|    ep_rew_mean          | 62.7        |
| time/                   |             |
|    fps                  | 1842        |
|    iterations           | 3           |
|    time_elapsed         | 3           |
|    total_timesteps      | 825344      |
| train/                  |             |
|    approx_kl            | 0.014802847 |
|    clip_fraction        | 0.218       |
|    clip_range           | 0.2         |
|    entropy_loss         | -2.36       |
|    explained_variance   | 0.059       |
|    learning_rate        | 0.0003      |
|    loss                 | 1.43        |
|    n_updates            | 2010        |
|    policy_gradient_loss | 0.0076      |
|    std                  | 0.787       |
|    value_loss           | 43.1        |
-----------------------------------------
-----------------------------------------
| rollout/                |             |
|    ep_len_mean          | 1.57e+03    |
|    ep_rew_mean          | 62.7        |
| time/                   |             |
|    fps                  | 1828        |
|    iterations           | 4           |
|    time_elapsed         | 4           |
|    total_timesteps      | 827392      |
| train/                  |             |
|    approx_kl            | 0.006330643 |
|    clip_fraction        | 0.105       |
|    clip_range           | 0.2         |
|    entropy_loss         | -2.36       |
|    explained_variance   | 0.804       |
|    learning_rate        | 0.0003      |
|    loss                 | 7.24        |
|    n_updates            | 2015        |
|    policy_gradient_loss | 3.36e-06    |
|    std                  | 0.786       |
|    value_loss           | 10.5        |
-----------------------------------------
------------------------------------------
| rollout/                |              |
|    ep_len_mean          | 1.59e+03     |
|    ep_rew_mean          | 59.8         |
| time/                   |              |
|    fps                  | 1817         |
|    iterations           | 5            |
|    time_elapsed         | 5            |
|    total_timesteps      | 829440       |
| train/                  |              |
|    approx_kl            | 0.0029754369 |
|    clip_fraction        | 0.00889      |
|    clip_range           | 0.2          |
|    entropy_loss         | -2.35        |
|    explained_variance   | 0.855        |
|    learning_rate        | 0.0003       |
|    loss                 | 2.96         |
|    n_updates            | 2020         |
|    policy_gradient_loss | -0.000963    |
|    std                  | 0.785        |
|    value_loss           | 7.01         |
------------------------------------------
-----------------------------------------
| rollout/                |             |
|    ep_len_mean          | 1.6e+03     |
|    ep_rew_mean          | 58.2        |
| time/                   |             |
|    fps                  | 1748        |
|    iterations           | 6           |
|    time_elapsed         | 7           |
|    total_timesteps      | 831488      |
| train/                  |             |
|    approx_kl            | 0.007938644 |
|    clip_fraction        | 0.0598      |
|    clip_range           | 0.2         |
|    entropy_loss         | -2.35       |
|    explained_variance   | 0.661       |
|    learning_rate        | 0.0003      |
|    loss                 | 11.7        |
|    n_updates            | 2025        |
|    policy_gradient_loss | -0.00383    |
|    std                  | 0.785       |
|    value_loss           | 24.4        |
-----------------------------------------
-----------------------------------------
| rollout/                |             |
|    ep_len_mean          | 1.59e+03    |
|    ep_rew_mean          | 59.6        |
| time/                   |             |
|    fps                  | 1730        |
|    iterations           | 7           |
|    time_elapsed         | 8           |
|    total_timesteps      | 833536      |
| train/                  |             |
|    approx_kl            | 0.009213919 |
|    clip_fraction        | 0.0769      |
|    clip_range           | 0.2         |
|    entropy_loss         | -2.35       |
|    explained_variance   | 0.00513     |
|    learning_rate        | 0.0003      |
|    loss                 | 3.1         |
|    n_updates            | 2030        |
|    policy_gradient_loss | -0.00271    |
|    std                  | 0.782       |
|    value_loss           | 48.8        |
-----------------------------------------
-----------------------------------------
| rollout/                |             |
|    ep_len_mean          | 1.57e+03    |
|    ep_rew_mean          | 61          |
| time/                   |             |
|    fps                  | 1713        |
|    iterations           | 8           |
|    time_elapsed         | 9           |
|    total_timesteps      | 835584      |
| train/                  |             |
|    approx_kl            | 0.009690857 |
|    clip_fraction        | 0.0749      |
|    clip_range           | 0.2         |
|    entropy_loss         | -2.34       |
|    explained_variance   | 0.467       |
|    learning_rate        | 0.0003      |
|    loss                 | 4.12        |
|    n_updates            | 2035        |
|    policy_gradient_loss | -0.00331    |
|    std                  | 0.78        |
|    value_loss           | 50.9        |
-----------------------------------------
-----------------------------------------
| rollout/                |             |
|    ep_len_mean          | 1.58e+03    |
|    ep_rew_mean          | 59.5        |
| time/                   |             |
|    fps                  | 1684        |
|    iterations           | 9           |
|    time_elapsed         | 10          |
|    total_timesteps      | 837632      |
| train/                  |             |
|    approx_kl            | 0.014112116 |
|    clip_fraction        | 0.16        |
|    clip_range           | 0.2         |
|    entropy_loss         | -2.34       |
|    explained_variance   | 0.0806      |
|    learning_rate        | 0.0003      |
|    loss                 | 159         |
|    n_updates            | 2040        |
|    policy_gradient_loss | -0.00357    |
|    std                  | 0.779       |
|    value_loss           | 85.5        |
-----------------------------------------
-----------------------------------------
| rollout/                |             |
|    ep_len_mean          | 1.58e+03    |
|    ep_rew_mean          | 59.5        |
| time/                   |             |
|    fps                  | 1672        |
|    iterations           | 10          |
|    time_elapsed         | 12          |
|    total_timesteps      | 839680      |
| train/                  |             |
|    approx_kl            | 0.012407318 |
|    clip_fraction        | 0.108       |
|    clip_range           | 0.2         |
|    entropy_loss         | -2.34       |
|    explained_variance   | 0.874       |
|    learning_rate        | 0.0003      |
|    loss                 | 2.79        |
|    n_updates            | 2045        |
|    policy_gradient_loss | 0.000463    |
|    std                  | 0.778       |
|    value_loss           | 8.72        |
-----------------------------------------
-----------------------------------------
| rollout/                |             |
|    ep_len_mean          | 1.58e+03    |
|    ep_rew_mean          | 59.5        |
| time/                   |             |
|    fps                  | 1676        |
|    iterations           | 11          |
|    time_elapsed         | 13          |
|    total_timesteps      | 841728      |
| train/                  |             |
|    approx_kl            | 0.027843736 |
|    clip_fraction        | 0.104       |
|    clip_range           | 0.2         |
|    entropy_loss         | -2.33       |
|    explained_variance   | 0.799       |
|    learning_rate        | 0.0003      |
|    loss                 | 1.35        |
|    n_updates            | 2050        |
|    policy_gradient_loss | 0.00271     |
|    std                  | 0.776       |
|    value_loss           | 11.1        |
-----------------------------------------
-----------------------------------------
| rollout/                |             |
|    ep_len_mean          | 1.59e+03    |
|    ep_rew_mean          | 58.1        |
| time/                   |             |
|    fps                  | 1658        |
|    iterations           | 12          |
|    time_elapsed         | 14          |
|    total_timesteps      | 843776      |
| train/                  |             |
|    approx_kl            | 0.008195513 |
|    clip_fraction        | 0.113       |
|    clip_range           | 0.2         |
|    entropy_loss         | -2.33       |
|    explained_variance   | 0.332       |
|    learning_rate        | 0.0003      |
|    loss                 | 0.426       |
|    n_updates            | 2055        |
|    policy_gradient_loss | 0.00275     |
|    std                  | 0.777       |
|    value_loss           | 79.1        |
-----------------------------------------
----------------------------------------
| rollout/                |            |
|    ep_len_mean          | 1.56e+03   |
|    ep_rew_mean          | 61.2       |
| time/                   |            |
|    fps                  | 1654       |
|    iterations           | 13         |
|    time_elapsed         | 16         |
|    total_timesteps      | 845824     |
| train/                  |            |
|    approx_kl            | 0.08798556 |
|    clip_fraction        | 0.265      |
|    clip_range           | 0.2        |
|    entropy_loss         | -2.33      |
|    explained_variance   | 0.518      |
|    learning_rate        | 0.0003     |
|    loss                 | 2.58       |
|    n_updates            | 2060       |
|    policy_gradient_loss | 0.0198     |
|    std                  | 0.776      |
|    value_loss           | 9.22       |
----------------------------------------
------------------------------------------
| rollout/                |              |
|    ep_len_mean          | 1.56e+03     |
|    ep_rew_mean          | 60.9         |
| time/                   |              |
|    fps                  | 1656         |
|    iterations           | 14           |
|    time_elapsed         | 17           |
|    total_timesteps      | 847872       |
| train/                  |              |
|    approx_kl            | 0.0062116296 |
|    clip_fraction        | 0.1          |
|    clip_range           | 0.2          |
|    entropy_loss         | -2.33        |
|    explained_variance   | 0.467        |
|    learning_rate        | 0.0003       |
|    loss                 | 2.51         |
|    n_updates            | 2065         |
|    policy_gradient_loss | 0.000717     |
|    std                  | 0.776        |
|    value_loss           | 86.3         |
------------------------------------------
-----------------------------------------
| rollout/                |             |
|    ep_len_mean          | 1.56e+03    |
|    ep_rew_mean          | 60.9        |
| time/                   |             |
|    fps                  | 1662        |
|    iterations           | 15          |
|    time_elapsed         | 18          |
|    total_timesteps      | 849920      |
| train/                  |             |
|    approx_kl            | 0.009993001 |
|    clip_fraction        | 0.117       |
|    clip_range           | 0.2         |
|    entropy_loss         | -2.33       |
|    explained_variance   | 0.386       |
|    learning_rate        | 0.0003      |
|    loss                 | 143         |
|    n_updates            | 2070        |
|    policy_gradient_loss | -0.00302    |
|    std                  | 0.775       |
|    value_loss           | 56.9        |
-----------------------------------------
-----------------------------------------
| rollout/                |             |
|    ep_len_mean          | 1.57e+03    |
|    ep_rew_mean          | 59.2        |
| time/                   |             |
|    fps                  | 1667        |
|    iterations           | 16          |
|    time_elapsed         | 19          |
|    total_timesteps      | 851968      |
| train/                  |             |
|    approx_kl            | 0.014063924 |
|    clip_fraction        | 0.122       |
|    clip_range           | 0.2         |
|    entropy_loss         | -2.33       |
|    explained_variance   | 0.886       |
|    learning_rate        | 0.0003      |
|    loss                 | 2.96        |
|    n_updates            | 2075        |
|    policy_gradient_loss | -0.00596    |
|    std                  | 0.774       |
|    value_loss           | 5.8         |
-----------------------------------------
-----------------------------------------
| rollout/                |             |
|    ep_len_mean          | 1.58e+03    |
|    ep_rew_mean          | 58.1        |
| time/                   |             |
|    fps                  | 1666        |
|    iterations           | 17          |
|    time_elapsed         | 20          |
|    total_timesteps      | 854016      |
| train/                  |             |
|    approx_kl            | 0.005367097 |
|    clip_fraction        | 0.0385      |
|    clip_range           | 0.2         |
|    entropy_loss         | -2.32       |
|    explained_variance   | 0.526       |
|    learning_rate        | 0.0003      |
|    loss                 | 22.4        |
|    n_updates            | 2080        |
|    policy_gradient_loss | -0.00343    |
|    std                  | 0.773       |
|    value_loss           | 46.3        |
-----------------------------------------
----------------------------------------
| rollout/                |            |
|    ep_len_mean          | 1.57e+03   |
|    ep_rew_mean          | 59.2       |
| time/                   |            |
|    fps                  | 1659       |
|    iterations           | 18         |
|    time_elapsed         | 22         |
|    total_timesteps      | 856064     |
| train/                  |            |
|    approx_kl            | 0.10406567 |
|    clip_fraction        | 0.237      |
|    clip_range           | 0.2        |
|    entropy_loss         | -2.32      |
|    explained_variance   | 0.375      |
|    learning_rate        | 0.0003     |
|    loss                 | 23.7       |
|    n_updates            | 2085       |
|    policy_gradient_loss | 0.0194     |
|    std                  | 0.772      |
|    value_loss           | 16.5       |
----------------------------------------
------------------------------------------
| rollout/                |              |
|    ep_len_mean          | 1.56e+03     |
|    ep_rew_mean          | 60.5         |
| time/                   |              |
|    fps                  | 1654         |
|    iterations           | 19           |
|    time_elapsed         | 23           |
|    total_timesteps      | 858112       |
| train/                  |              |
|    approx_kl            | 0.0081182085 |
|    clip_fraction        | 0.117        |
|    clip_range           | 0.2          |
|    entropy_loss         | -2.32        |
|    explained_variance   | 0.467        |
|    learning_rate        | 0.0003       |
|    loss                 | 2.7          |
|    n_updates            | 2090         |
|    policy_gradient_loss | 0.00151      |
|    std                  | 0.773        |
|    value_loss           | 48.4         |
------------------------------------------
-----------------------------------------
| rollout/                |             |
|    ep_len_mean          | 1.56e+03    |
|    ep_rew_mean          | 60.5        |
| time/                   |             |
|    fps                  | 1650        |
|    iterations           | 20          |
|    time_elapsed         | 24          |
|    total_timesteps      | 860160      |
| train/                  |             |
|    approx_kl            | 0.005623101 |
|    clip_fraction        | 0.08        |
|    clip_range           | 0.2         |
|    entropy_loss         | -2.32       |
|    explained_variance   | 0.359       |
|    learning_rate        | 0.0003      |
|    loss                 | 3.6         |
|    n_updates            | 2095        |
|    policy_gradient_loss | -0.00109    |
|    std                  | 0.774       |
|    value_loss           | 81.7        |
-----------------------------------------
-----------------------------------------
| rollout/                |             |
|    ep_len_mean          | 1.56e+03    |
|    ep_rew_mean          | 60.7        |
| time/                   |             |
|    fps                  | 1656        |
|    iterations           | 21          |
|    time_elapsed         | 25          |
|    total_timesteps      | 862208      |
| train/                  |             |
|    approx_kl            | 0.010065104 |
|    clip_fraction        | 0.0822      |
|    clip_range           | 0.2         |
|    entropy_loss         | -2.32       |
|    explained_variance   | 0.753       |
|    learning_rate        | 0.0003      |
|    loss                 | 0.585       |
|    n_updates            | 2100        |
|    policy_gradient_loss | 0.000457    |
|    std                  | 0.774       |
|    value_loss           | 3.82        |
-----------------------------------------
----------------------------------------
| rollout/                |            |
|    ep_len_mean          | 1.55e+03   |
|    ep_rew_mean          | 62.6       |
| time/                   |            |
|    fps                  | 1644       |
|    iterations           | 22         |
|    time_elapsed         | 27         |
|    total_timesteps      | 864256     |
| train/                  |            |
|    approx_kl            | 0.20880495 |
|    clip_fraction        | 0.262      |
|    clip_range           | 0.2        |
|    entropy_loss         | -2.33      |
|    explained_variance   | 0.574      |
|    learning_rate        | 0.0003     |
|    loss                 | 7.73       |
|    n_updates            | 2105       |
|    policy_gradient_loss | 0.0346     |
|    std                  | 0.773      |
|    value_loss           | 18.7       |
----------------------------------------
-----------------------------------------
| rollout/                |             |
|    ep_len_mean          | 1.54e+03    |
|    ep_rew_mean          | 62.4        |
| time/                   |             |
|    fps                  | 1638        |
|    iterations           | 23          |
|    time_elapsed         | 28          |
|    total_timesteps      | 866304      |
| train/                  |             |
|    approx_kl            | 0.018403746 |
|    clip_fraction        | 0.225       |
|    clip_range           | 0.2         |
|    entropy_loss         | -2.32       |
|    explained_variance   | 0.55        |
|    learning_rate        | 0.0003      |
|    loss                 | 4.01        |
|    n_updates            | 2110        |
|    policy_gradient_loss | 0.0109      |
|    std                  | 0.774       |
|    value_loss           | 54          |
-----------------------------------------
-----------------------------------------
| rollout/                |             |
|    ep_len_mean          | 1.54e+03    |
|    ep_rew_mean          | 62.4        |
| time/                   |             |
|    fps                  | 1625        |
|    iterations           | 24          |
|    time_elapsed         | 30          |
|    total_timesteps      | 868352      |
| train/                  |             |
|    approx_kl            | 0.012318728 |
|    clip_fraction        | 0.106       |
|    clip_range           | 0.2         |
|    entropy_loss         | -2.32       |
|    explained_variance   | 0.0906      |
|    learning_rate        | 0.0003      |
|    loss                 | 122         |
|    n_updates            | 2115        |
|    policy_gradient_loss | -0.000276   |
|    std                  | 0.774       |
|    value_loss           | 80.5        |
-----------------------------------------
-----------------------------------------
| rollout/                |             |
|    ep_len_mean          | 1.53e+03    |
|    ep_rew_mean          | 62.4        |
| time/                   |             |
|    fps                  | 1630        |
|    iterations           | 25          |
|    time_elapsed         | 31          |
|    total_timesteps      | 870400      |
| train/                  |             |
|    approx_kl            | 0.003960508 |
|    clip_fraction        | 0.0832      |
|    clip_range           | 0.2         |
|    entropy_loss         | -2.32       |
|    explained_variance   | 0.458       |
|    learning_rate        | 0.0003      |
|    loss                 | 0.832       |
|    n_updates            | 2120        |
|    policy_gradient_loss | 0.000921    |
|    std                  | 0.771       |
|    value_loss           | 4.51        |
-----------------------------------------
-----------------------------------------
| rollout/                |             |
|    ep_len_mean          | 1.53e+03    |
|    ep_rew_mean          | 62.4        |
| time/                   |             |
|    fps                  | 1619        |
|    iterations           | 26          |
|    time_elapsed         | 32          |
|    total_timesteps      | 872448      |
| train/                  |             |
|    approx_kl            | 0.021386767 |
|    clip_fraction        | 0.0724      |
|    clip_range           | 0.2         |
|    entropy_loss         | -2.32       |
|    explained_variance   | 0.532       |
|    learning_rate        | 0.0003      |
|    loss                 | 0.666       |
|    n_updates            | 2125        |
|    policy_gradient_loss | -0.00128    |
|    std                  | 0.77        |
|    value_loss           | 52.5        |
-----------------------------------------
------------------------------------------
| rollout/                |              |
|    ep_len_mean          | 1.54e+03     |
|    ep_rew_mean          | 60.7         |
| time/                   |              |
|    fps                  | 1613         |
|    iterations           | 27           |
|    time_elapsed         | 34           |
|    total_timesteps      | 874496       |
| train/                  |              |
|    approx_kl            | 0.0076395143 |
|    clip_fraction        | 0.0708       |
|    clip_range           | 0.2          |
|    entropy_loss         | -2.32        |
|    explained_variance   | 0.649        |
|    learning_rate        | 0.0003       |
|    loss                 | 1.68         |
|    n_updates            | 2130         |
|    policy_gradient_loss | -0.00278     |
|    std                  | 0.771        |
|    value_loss           | 47.6         |
------------------------------------------
-----------------------------------------
| rollout/                |             |
|    ep_len_mean          | 1.55e+03    |
|    ep_rew_mean          | 59          |
| time/                   |             |
|    fps                  | 1611        |
|    iterations           | 28          |
|    time_elapsed         | 35          |
|    total_timesteps      | 876544      |
| train/                  |             |
|    approx_kl            | 0.006735722 |
|    clip_fraction        | 0.0886      |
|    clip_range           | 0.2         |
|    entropy_loss         | -2.32       |
|    explained_variance   | 0.606       |
|    learning_rate        | 0.0003      |
|    loss                 | 1.56        |
|    n_updates            | 2135        |
|    policy_gradient_loss | 0.00147     |
|    std                  | 0.771       |
|    value_loss           | 17.9        |
-----------------------------------------
----------------------------------------
| rollout/                |            |
|    ep_len_mean          | 1.55e+03   |
|    ep_rew_mean          | 58.9       |
| time/                   |            |
|    fps                  | 1607       |
|    iterations           | 29         |
|    time_elapsed         | 36         |
|    total_timesteps      | 878592     |
| train/                  |            |
|    approx_kl            | 0.00881626 |
|    clip_fraction        | 0.0424     |
|    clip_range           | 0.2        |
|    entropy_loss         | -2.32      |
|    explained_variance   | 0.525      |
|    learning_rate        | 0.0003     |
|    loss                 | 25.3       |
|    n_updates            | 2140       |
|    policy_gradient_loss | -0.00166   |
|    std                  | 0.773      |
|    value_loss           | 46.3       |
----------------------------------------
-----------------------------------------
| rollout/                |             |
|    ep_len_mean          | 1.55e+03    |
|    ep_rew_mean          | 58.9        |
| time/                   |             |
|    fps                  | 1605        |
|    iterations           | 30          |
|    time_elapsed         | 38          |
|    total_timesteps      | 880640      |
| train/                  |             |
|    approx_kl            | 0.009836091 |
|    clip_fraction        | 0.15        |
|    clip_range           | 0.2         |
|    entropy_loss         | -2.32       |
|    explained_variance   | 0.453       |
|    learning_rate        | 0.0003      |
|    loss                 | 2.44        |
|    n_updates            | 2145        |
|    policy_gradient_loss | 0.00231     |
|    std                  | 0.771       |
|    value_loss           | 23.9        |
-----------------------------------------
----------------------------------------
| rollout/                |            |
|    ep_len_mean          | 1.53e+03   |
|    ep_rew_mean          | 60.7       |
| time/                   |            |
|    fps                  | 1610       |
|    iterations           | 31         |
|    time_elapsed         | 39         |
|    total_timesteps      | 882688     |
| train/                  |            |
|    approx_kl            | 0.08348316 |
|    clip_fraction        | 0.289      |
|    clip_range           | 0.2        |
|    entropy_loss         | -2.32      |
|    explained_variance   | -0.0602    |
|    learning_rate        | 0.0003     |
|    loss                 | 169        |
|    n_updates            | 2150       |
|    policy_gradient_loss | 0.0269     |
|    std                  | 0.775      |
|    value_loss           | 47.1       |
----------------------------------------
-----------------------------------------
| rollout/                |             |
|    ep_len_mean          | 1.53e+03    |
|    ep_rew_mean          | 61.4        |
| time/                   |             |
|    fps                  | 1609        |
|    iterations           | 32          |
|    time_elapsed         | 40          |
|    total_timesteps      | 884736      |
| train/                  |             |
|    approx_kl            | 0.039312333 |
|    clip_fraction        | 0.212       |
|    clip_range           | 0.2         |
|    entropy_loss         | -2.33       |
|    explained_variance   | 0.446       |
|    learning_rate        | 0.0003      |
|    loss                 | 8.68        |
|    n_updates            | 2155        |
|    policy_gradient_loss | 0.0114      |
|    std                  | 0.775       |
|    value_loss           | 87.1        |
-----------------------------------------
-----------------------------------------
| rollout/                |             |
|    ep_len_mean          | 1.52e+03    |
|    ep_rew_mean          | 62.6        |
| time/                   |             |
|    fps                  | 1605        |
|    iterations           | 33          |
|    time_elapsed         | 42          |
|    total_timesteps      | 886784      |
| train/                  |             |
|    approx_kl            | 0.005234666 |
|    clip_fraction        | 0.0746      |
|    clip_range           | 0.2         |
|    entropy_loss         | -2.33       |
|    explained_variance   | 0.533       |
|    learning_rate        | 0.0003      |
|    loss                 | 5.48        |
|    n_updates            | 2160        |
|    policy_gradient_loss | -0.00049    |
|    std                  | 0.775       |
|    value_loss           | 44.2        |
-----------------------------------------
-----------------------------------------
| rollout/                |             |
|    ep_len_mean          | 1.52e+03    |
|    ep_rew_mean          | 62.6        |
| time/                   |             |
|    fps                  | 1605        |
|    iterations           | 34          |
|    time_elapsed         | 43          |
|    total_timesteps      | 888832      |
| train/                  |             |
|    approx_kl            | 0.009138546 |
|    clip_fraction        | 0.0674      |
|    clip_range           | 0.2         |
|    entropy_loss         | -2.32       |
|    explained_variance   | 0.242       |
|    learning_rate        | 0.0003      |
|    loss                 | 2.73        |
|    n_updates            | 2165        |
|    policy_gradient_loss | -0.00159    |
|    std                  | 0.773       |
|    value_loss           | 44.3        |
-----------------------------------------
------------------------------------------
| rollout/                |              |
|    ep_len_mean          | 1.52e+03     |
|    ep_rew_mean          | 62.6         |
| time/                   |              |
|    fps                  | 1608         |
|    iterations           | 35           |
|    time_elapsed         | 44           |
|    total_timesteps      | 890880       |
| train/                  |              |
|    approx_kl            | 0.0068829246 |
|    clip_fraction        | 0.0602       |
|    clip_range           | 0.2          |
|    entropy_loss         | -2.32        |
|    explained_variance   | 0.798        |
|    learning_rate        | 0.0003       |
|    loss                 | 2.77         |
|    n_updates            | 2170         |
|    policy_gradient_loss | -0.00183     |
|    std                  | 0.772        |
|    value_loss           | 10.6         |
------------------------------------------
------------------------------------------
| rollout/                |              |
|    ep_len_mean          | 1.54e+03     |
|    ep_rew_mean          | 61.8         |
| time/                   |              |
|    fps                  | 1607         |
|    iterations           | 36           |
|    time_elapsed         | 45           |
|    total_timesteps      | 892928       |
| train/                  |              |
|    approx_kl            | 0.0050202673 |
|    clip_fraction        | 0.147        |
|    clip_range           | 0.2          |
|    entropy_loss         | -2.32        |
|    explained_variance   | 0.815        |
|    learning_rate        | 0.0003       |
|    loss                 | 21.7         |
|    n_updates            | 2175         |
|    policy_gradient_loss | 0.00716      |
|    std                  | 0.771        |
|    value_loss           | 13.1         |
------------------------------------------
------------------------------------------
| rollout/                |              |
|    ep_len_mean          | 1.54e+03     |
|    ep_rew_mean          | 61.7         |
| time/                   |              |
|    fps                  | 1606         |
|    iterations           | 37           |
|    time_elapsed         | 47           |
|    total_timesteps      | 894976       |
| train/                  |              |
|    approx_kl            | 0.0117101185 |
|    clip_fraction        | 0.0834       |
|    clip_range           | 0.2          |
|    entropy_loss         | -2.32        |
|    explained_variance   | 0.848        |
|    learning_rate        | 0.0003       |
|    loss                 | 20.3         |
|    n_updates            | 2180         |
|    policy_gradient_loss | -0.000529    |
|    std                  | 0.771        |
|    value_loss           | 14.4         |
------------------------------------------
------------------------------------------
| rollout/                |              |
|    ep_len_mean          | 1.54e+03     |
|    ep_rew_mean          | 61.6         |
| time/                   |              |
|    fps                  | 1606         |
|    iterations           | 38           |
|    time_elapsed         | 48           |
|    total_timesteps      | 897024       |
| train/                  |              |
|    approx_kl            | 0.0077247433 |
|    clip_fraction        | 0.116        |
|    clip_range           | 0.2          |
|    entropy_loss         | -2.32        |
|    explained_variance   | 0.386        |
|    learning_rate        | 0.0003       |
|    loss                 | 2.28         |
|    n_updates            | 2185         |
|    policy_gradient_loss | 0.00357      |
|    std                  | 0.771        |
|    value_loss           | 50.8         |
------------------------------------------
-----------------------------------------
| rollout/                |             |
|    ep_len_mean          | 1.54e+03    |
|    ep_rew_mean          | 61.7        |
| time/                   |             |
|    fps                  | 1608        |
|    iterations           | 39          |
|    time_elapsed         | 49          |
|    total_timesteps      | 899072      |
| train/                  |             |
|    approx_kl            | 0.009457475 |
|    clip_fraction        | 0.0645      |
|    clip_range           | 0.2         |
|    entropy_loss         | -2.32       |
|    explained_variance   | 0.116       |
|    learning_rate        | 0.0003      |
|    loss                 | 2.71        |
|    n_updates            | 2190        |
|    policy_gradient_loss | 3.04e-05    |
|    std                  | 0.77        |
|    value_loss           | 51.5        |
-----------------------------------------
-----------------------------------------
| rollout/                |             |
|    ep_len_mean          | 1.55e+03    |
|    ep_rew_mean          | 61.7        |
| time/                   |             |
|    fps                  | 1610        |
|    iterations           | 40          |
|    time_elapsed         | 50          |
|    total_timesteps      | 901120      |
| train/                  |             |
|    approx_kl            | 0.005446458 |
|    clip_fraction        | 0.0313      |
|    clip_range           | 0.2         |
|    entropy_loss         | -2.32       |
|    explained_variance   | 0.588       |
|    learning_rate        | 0.0003      |
|    loss                 | 7.28        |
|    n_updates            | 2195        |
|    policy_gradient_loss | -0.0015     |
|    std                  | 0.77        |
|    value_loss           | 41.3        |
-----------------------------------------
-----------------------------------------
| rollout/                |             |
|    ep_len_mean          | 1.54e+03    |
|    ep_rew_mean          | 63          |
| time/                   |             |
|    fps                  | 1611        |
|    iterations           | 41          |
|    time_elapsed         | 52          |
|    total_timesteps      | 903168      |
| train/                  |             |
|    approx_kl            | 0.009121827 |
|    clip_fraction        | 0.0847      |
|    clip_range           | 0.2         |
|    entropy_loss         | -2.32       |
|    explained_variance   | 0.425       |
|    learning_rate        | 0.0003      |
|    loss                 | 0.78        |
|    n_updates            | 2200        |
|    policy_gradient_loss | 0.00134     |
|    std                  | 0.77        |
|    value_loss           | 42.5        |
-----------------------------------------
-----------------------------------------
| rollout/                |             |
|    ep_len_mean          | 1.54e+03    |
|    ep_rew_mean          | 62.8        |
| time/                   |             |
|    fps                  | 1609        |
|    iterations           | 42          |
|    time_elapsed         | 53          |
|    total_timesteps      | 905216      |
| train/                  |             |
|    approx_kl            | 0.013013256 |
|    clip_fraction        | 0.188       |
|    clip_range           | 0.2         |
|    entropy_loss         | -2.31       |
|    explained_variance   | 0.512       |
|    learning_rate        | 0.0003      |
|    loss                 | 5.89        |
|    n_updates            | 2205        |
|    policy_gradient_loss | 0.00838     |
|    std                  | 0.769       |
|    value_loss           | 54.1        |
-----------------------------------------
-----------------------------------------
| rollout/                |             |
|    ep_len_mean          | 1.54e+03    |
|    ep_rew_mean          | 62.8        |
| time/                   |             |
|    fps                  | 1611        |
|    iterations           | 43          |
|    time_elapsed         | 54          |
|    total_timesteps      | 907264      |
| train/                  |             |
|    approx_kl            | 0.027224168 |
|    clip_fraction        | 0.286       |
|    clip_range           | 0.2         |
|    entropy_loss         | -2.31       |
|    explained_variance   | 0.285       |
|    learning_rate        | 0.0003      |
|    loss                 | 27.8        |
|    n_updates            | 2210        |
|    policy_gradient_loss | 0.0237      |
|    std                  | 0.765       |
|    value_loss           | 86.7        |
-----------------------------------------
------------------------------------------
| rollout/                |              |
|    ep_len_mean          | 1.54e+03     |
|    ep_rew_mean          | 62.6         |
| time/                   |              |
|    fps                  | 1614         |
|    iterations           | 44           |
|    time_elapsed         | 55           |
|    total_timesteps      | 909312       |
| train/                  |              |
|    approx_kl            | 0.0065416787 |
|    clip_fraction        | 0.068        |
|    clip_range           | 0.2          |
|    entropy_loss         | -2.3         |
|    explained_variance   | 0.872        |
|    learning_rate        | 0.0003       |
|    loss                 | 1.54         |
|    n_updates            | 2215         |
|    policy_gradient_loss | 0.000529     |
|    std                  | 0.764        |
|    value_loss           | 6.05         |
------------------------------------------
------------------------------------------
| rollout/                |              |
|    ep_len_mean          | 1.53e+03     |
|    ep_rew_mean          | 64.2         |
| time/                   |              |
|    fps                  | 1612         |
|    iterations           | 45           |
|    time_elapsed         | 57           |
|    total_timesteps      | 911360       |
| train/                  |              |
|    approx_kl            | 0.0058291676 |
|    clip_fraction        | 0.0773       |
|    clip_range           | 0.2          |
|    entropy_loss         | -2.3         |
|    explained_variance   | 0.881        |
|    learning_rate        | 0.0003       |
|    loss                 | 2.37         |
|    n_updates            | 2220         |
|    policy_gradient_loss | -0.000702    |
|    std                  | 0.761        |
|    value_loss           | 9.24         |
------------------------------------------
-----------------------------------------
| rollout/                |             |
|    ep_len_mean          | 1.53e+03    |
|    ep_rew_mean          | 64.2        |
| time/                   |             |
|    fps                  | 1607        |
|    iterations           | 46          |
|    time_elapsed         | 58          |
|    total_timesteps      | 913408      |
| train/                  |             |
|    approx_kl            | 0.006745419 |
|    clip_fraction        | 0.0903      |
|    clip_range           | 0.2         |
|    entropy_loss         | -2.29       |
|    explained_variance   | 0.597       |
|    learning_rate        | 0.0003      |
|    loss                 | 16.1        |
|    n_updates            | 2225        |
|    policy_gradient_loss | -0.0017     |
|    std                  | 0.76        |
|    value_loss           | 55.1        |
-----------------------------------------
----------------------------------------
| rollout/                |            |
|    ep_len_mean          | 1.53e+03   |
|    ep_rew_mean          | 64.7       |
| time/                   |            |
|    fps                  | 1609       |
|    iterations           | 47         |
|    time_elapsed         | 59         |
|    total_timesteps      | 915456     |
| train/                  |            |
|    approx_kl            | 0.05020486 |
|    clip_fraction        | 0.211      |
|    clip_range           | 0.2        |
|    entropy_loss         | -2.29      |
|    explained_variance   | 0.878      |
|    learning_rate        | 0.0003     |
|    loss                 | 5.22       |
|    n_updates            | 2230       |
|    policy_gradient_loss | 0.0072     |
|    std                  | 0.758      |
|    value_loss           | 5.37       |
----------------------------------------
-----------------------------------------
| rollout/                |             |
|    ep_len_mean          | 1.51e+03    |
|    ep_rew_mean          | 66.5        |
| time/                   |             |
|    fps                  | 1604        |
|    iterations           | 48          |
|    time_elapsed         | 61          |
|    total_timesteps      | 917504      |
| train/                  |             |
|    approx_kl            | 0.011509123 |
|    clip_fraction        | 0.18        |
|    clip_range           | 0.2         |
|    entropy_loss         | -2.28       |
|    explained_variance   | 0.435       |
|    learning_rate        | 0.0003      |
|    loss                 | 2.07        |
|    n_updates            | 2235        |
|    policy_gradient_loss | -0.00302    |
|    std                  | 0.759       |
|    value_loss           | 82.4        |
-----------------------------------------
-----------------------------------------
| rollout/                |             |
|    ep_len_mean          | 1.51e+03    |
|    ep_rew_mean          | 66.5        |
| time/                   |             |
|    fps                  | 1601        |
|    iterations           | 49          |
|    time_elapsed         | 62          |
|    total_timesteps      | 919552      |
| train/                  |             |
|    approx_kl            | 0.007187888 |
|    clip_fraction        | 0.0835      |
|    clip_range           | 0.2         |
|    entropy_loss         | -2.28       |
|    explained_variance   | 0.304       |
|    learning_rate        | 0.0003      |
|    loss                 | 2.88        |
|    n_updates            | 2240        |
|    policy_gradient_loss | -0.00346    |
|    std                  | 0.757       |
|    value_loss           | 76.6        |
-----------------------------------------
-----------------------------------------
| rollout/                |             |
|    ep_len_mean          | 1.5e+03     |
|    ep_rew_mean          | 67.8        |
| time/                   |             |
|    fps                  | 1602        |
|    iterations           | 50          |
|    time_elapsed         | 63          |
|    total_timesteps      | 921600      |
| train/                  |             |
|    approx_kl            | 0.004062514 |
|    clip_fraction        | 0.0983      |
|    clip_range           | 0.2         |
|    entropy_loss         | -2.28       |
|    explained_variance   | 0.631       |
|    learning_rate        | 0.0003      |
|    loss                 | 19.2        |
|    n_updates            | 2245        |
|    policy_gradient_loss | 0.00188     |
|    std                  | 0.756       |
|    value_loss           | 16.5        |
-----------------------------------------
-----------------------------------------
| rollout/                |             |
|    ep_len_mean          | 1.5e+03     |
|    ep_rew_mean          | 67.8        |
| time/                   |             |
|    fps                  | 1603        |
|    iterations           | 51          |
|    time_elapsed         | 65          |
|    total_timesteps      | 923648      |
| train/                  |             |
|    approx_kl            | 0.006424276 |
|    clip_fraction        | 0.0444      |
|    clip_range           | 0.2         |
|    entropy_loss         | -2.28       |
|    explained_variance   | 0.481       |
|    learning_rate        | 0.0003      |
|    loss                 | 1.76        |
|    n_updates            | 2250        |
|    policy_gradient_loss | -0.00116    |
|    std                  | 0.756       |
|    value_loss           | 43.8        |
-----------------------------------------
------------------------------------------
| rollout/                |              |
|    ep_len_mean          | 1.54e+03     |
|    ep_rew_mean          | 62.8         |
| time/                   |              |
|    fps                  | 1606         |
|    iterations           | 52           |
|    time_elapsed         | 66           |
|    total_timesteps      | 925696       |
| train/                  |              |
|    approx_kl            | 0.0063996245 |
|    clip_fraction        | 0.0604       |
|    clip_range           | 0.2          |
|    entropy_loss         | -2.28        |
|    explained_variance   | 0.838        |
|    learning_rate        | 0.0003       |
|    loss                 | 1.37         |
|    n_updates            | 2255         |
|    policy_gradient_loss | -0.00164     |
|    std                  | 0.757        |
|    value_loss           | 7.34         |
------------------------------------------
-----------------------------------------
| rollout/                |             |
|    ep_len_mean          | 1.54e+03    |
|    ep_rew_mean          | 62.8        |
| time/                   |             |
|    fps                  | 1604        |
|    iterations           | 53          |
|    time_elapsed         | 67          |
|    total_timesteps      | 927744      |
| train/                  |             |
|    approx_kl            | 0.009300856 |
|    clip_fraction        | 0.109       |
|    clip_range           | 0.2         |
|    entropy_loss         | -2.28       |
|    explained_variance   | 0.511       |
|    learning_rate        | 0.0003      |
|    loss                 | 5.18        |
|    n_updates            | 2260        |
|    policy_gradient_loss | 1.87e-05    |
|    std                  | 0.758       |
|    value_loss           | 17.4        |
-----------------------------------------
-----------------------------------------
| rollout/                |             |
|    ep_len_mean          | 1.54e+03    |
|    ep_rew_mean          | 62.8        |
| time/                   |             |
|    fps                  | 1605        |
|    iterations           | 54          |
|    time_elapsed         | 68          |
|    total_timesteps      | 929792      |
| train/                  |             |
|    approx_kl            | 0.012324172 |
|    clip_fraction        | 0.103       |
|    clip_range           | 0.2         |
|    entropy_loss         | -2.28       |
|    explained_variance   | 0.767       |
|    learning_rate        | 0.0003      |
|    loss                 | 0.247       |
|    n_updates            | 2265        |
|    policy_gradient_loss | -0.00231    |
|    std                  | 0.756       |
|    value_loss           | 7.2         |
-----------------------------------------
----------------------------------------
| rollout/                |            |
|    ep_len_mean          | 1.54e+03   |
|    ep_rew_mean          | 62.2       |
| time/                   |            |
|    fps                  | 1608       |
|    iterations           | 55         |
|    time_elapsed         | 70         |
|    total_timesteps      | 931840     |
| train/                  |            |
|    approx_kl            | 0.01967961 |
|    clip_fraction        | 0.151      |
|    clip_range           | 0.2        |
|    entropy_loss         | -2.27      |
|    explained_variance   | 0.777      |
|    learning_rate        | 0.0003     |
|    loss                 | 0.584      |
|    n_updates            | 2270       |
|    policy_gradient_loss | 0.00856    |
|    std                  | 0.754      |
|    value_loss           | 18.4       |
----------------------------------------
-----------------------------------------
| rollout/                |             |
|    ep_len_mean          | 1.55e+03    |
|    ep_rew_mean          | 61          |
| time/                   |             |
|    fps                  | 1607        |
|    iterations           | 56          |
|    time_elapsed         | 71          |
|    total_timesteps      | 933888      |
| train/                  |             |
|    approx_kl            | 0.017566761 |
|    clip_fraction        | 0.134       |
|    clip_range           | 0.2         |
|    entropy_loss         | -2.27       |
|    explained_variance   | 0.631       |
|    learning_rate        | 0.0003      |
|    loss                 | 3.13        |
|    n_updates            | 2275        |
|    policy_gradient_loss | 0.00126     |
|    std                  | 0.753       |
|    value_loss           | 47.6        |
-----------------------------------------
-----------------------------------------
| rollout/                |             |
|    ep_len_mean          | 1.55e+03    |
|    ep_rew_mean          | 61          |
| time/                   |             |
|    fps                  | 1606        |
|    iterations           | 57          |
|    time_elapsed         | 72          |
|    total_timesteps      | 935936      |
| train/                  |             |
|    approx_kl            | 0.009957902 |
|    clip_fraction        | 0.0887      |
|    clip_range           | 0.2         |
|    entropy_loss         | -2.27       |
|    explained_variance   | 0.61        |
|    learning_rate        | 0.0003      |
|    loss                 | 0.497       |
|    n_updates            | 2280        |
|    policy_gradient_loss | 0.000862    |
|    std                  | 0.752       |
|    value_loss           | 16.3        |
-----------------------------------------
-----------------------------------------
| rollout/                |             |
|    ep_len_mean          | 1.54e+03    |
|    ep_rew_mean          | 62.6        |
| time/                   |             |
|    fps                  | 1607        |
|    iterations           | 58          |
|    time_elapsed         | 73          |
|    total_timesteps      | 937984      |
| train/                  |             |
|    approx_kl            | 0.012373883 |
|    clip_fraction        | 0.146       |
|    clip_range           | 0.2         |
|    entropy_loss         | -2.27       |
|    explained_variance   | 0.715       |
|    learning_rate        | 0.0003      |
|    loss                 | 1.79        |
|    n_updates            | 2285        |
|    policy_gradient_loss | -0.00154    |
|    std                  | 0.75        |
|    value_loss           | 4.27        |
-----------------------------------------
-----------------------------------------
| rollout/                |             |
|    ep_len_mean          | 1.54e+03    |
|    ep_rew_mean          | 63.1        |
| time/                   |             |
|    fps                  | 1603        |
|    iterations           | 59          |
|    time_elapsed         | 75          |
|    total_timesteps      | 940032      |
| train/                  |             |
|    approx_kl            | 0.004281858 |
|    clip_fraction        | 0.104       |
|    clip_range           | 0.2         |
|    entropy_loss         | -2.26       |
|    explained_variance   | 0.196       |
|    learning_rate        | 0.0003      |
|    loss                 | 2.31        |
|    n_updates            | 2290        |
|    policy_gradient_loss | -0.000114   |
|    std                  | 0.75        |
|    value_loss           | 122         |
-----------------------------------------
-----------------------------------------
| rollout/                |             |
|    ep_len_mean          | 1.54e+03    |
|    ep_rew_mean          | 63.1        |
| time/                   |             |
|    fps                  | 1600        |
|    iterations           | 60          |
|    time_elapsed         | 76          |
|    total_timesteps      | 942080      |
| train/                  |             |
|    approx_kl            | 0.010960504 |
|    clip_fraction        | 0.0608      |
|    clip_range           | 0.2         |
|    entropy_loss         | -2.26       |
|    explained_variance   | 0.203       |
|    learning_rate        | 0.0003      |
|    loss                 | 161         |
|    n_updates            | 2295        |
|    policy_gradient_loss | -7.86e-05   |
|    std                  | 0.75        |
|    value_loss           | 52.6        |
-----------------------------------------
-----------------------------------------
| rollout/                |             |
|    ep_len_mean          | 1.54e+03    |
|    ep_rew_mean          | 63          |
| time/                   |             |
|    fps                  | 1601        |
|    iterations           | 61          |
|    time_elapsed         | 78          |
|    total_timesteps      | 944128      |
| train/                  |             |
|    approx_kl            | 0.038940772 |
|    clip_fraction        | 0.244       |
|    clip_range           | 0.2         |
|    entropy_loss         | -2.27       |
|    explained_variance   | 0.392       |
|    learning_rate        | 0.0003      |
|    loss                 | 30          |
|    n_updates            | 2300        |
|    policy_gradient_loss | 0.00778     |
|    std                  | 0.752       |
|    value_loss           | 11.3        |
-----------------------------------------
-----------------------------------------
| rollout/                |             |
|    ep_len_mean          | 1.54e+03    |
|    ep_rew_mean          | 62.9        |
| time/                   |             |
|    fps                  | 1600        |
|    iterations           | 62          |
|    time_elapsed         | 79          |
|    total_timesteps      | 946176      |
| train/                  |             |
|    approx_kl            | 0.009657167 |
|    clip_fraction        | 0.136       |
|    clip_range           | 0.2         |
|    entropy_loss         | -2.27       |
|    explained_variance   | 0.381       |
|    learning_rate        | 0.0003      |
|    loss                 | 4.18        |
|    n_updates            | 2305        |
|    policy_gradient_loss | -0.00129    |
|    std                  | 0.752       |
|    value_loss           | 90          |
-----------------------------------------
-----------------------------------------
| rollout/                |             |
|    ep_len_mean          | 1.53e+03    |
|    ep_rew_mean          | 64.3        |
| time/                   |             |
|    fps                  | 1597        |
|    iterations           | 63          |
|    time_elapsed         | 80          |
|    total_timesteps      | 948224      |
| train/                  |             |
|    approx_kl            | 0.009123641 |
|    clip_fraction        | 0.07        |
|    clip_range           | 0.2         |
|    entropy_loss         | -2.26       |
|    explained_variance   | 0.314       |
|    learning_rate        | 0.0003      |
|    loss                 | 18.7        |
|    n_updates            | 2310        |
|    policy_gradient_loss | -0.00342    |
|    std                  | 0.748       |
|    value_loss           | 61.6        |
-----------------------------------------
-----------------------------------------
| rollout/                |             |
|    ep_len_mean          | 1.54e+03    |
|    ep_rew_mean          | 62.5        |
| time/                   |             |
|    fps                  | 1597        |
|    iterations           | 64          |
|    time_elapsed         | 82          |
|    total_timesteps      | 950272      |
| train/                  |             |
|    approx_kl            | 0.013239985 |
|    clip_fraction        | 0.143       |
|    clip_range           | 0.2         |
|    entropy_loss         | -2.25       |
|    explained_variance   | 0.565       |
|    learning_rate        | 0.0003      |
|    loss                 | 1.83        |
|    n_updates            | 2315        |
|    policy_gradient_loss | 0.00648     |
|    std                  | 0.746       |
|    value_loss           | 41          |
-----------------------------------------
------------------------------------------
| rollout/                |              |
|    ep_len_mean          | 1.52e+03     |
|    ep_rew_mean          | 63.8         |
| time/                   |              |
|    fps                  | 1593         |
|    iterations           | 65           |
|    time_elapsed         | 83           |
|    total_timesteps      | 952320       |
| train/                  |              |
|    approx_kl            | 0.0054413774 |
|    clip_fraction        | 0.0813       |
|    clip_range           | 0.2          |
|    entropy_loss         | -2.25        |
|    explained_variance   | 0.216        |
|    learning_rate        | 0.0003       |
|    loss                 | 30.5         |
|    n_updates            | 2320         |
|    policy_gradient_loss | -6.99e-05    |
|    std                  | 0.746        |
|    value_loss           | 51.6         |
------------------------------------------
-----------------------------------------
| rollout/                |             |
|    ep_len_mean          | 1.5e+03     |
|    ep_rew_mean          | 64.4        |
| time/                   |             |
|    fps                  | 1591        |
|    iterations           | 66          |
|    time_elapsed         | 84          |
|    total_timesteps      | 954368      |
| train/                  |             |
|    approx_kl            | 0.024808187 |
|    clip_fraction        | 0.257       |
|    clip_range           | 0.2         |
|    entropy_loss         | -2.25       |
|    explained_variance   | 0.0504      |
|    learning_rate        | 0.0003      |
|    loss                 | 1.77        |
|    n_updates            | 2325        |
|    policy_gradient_loss | 0.0119      |
|    std                  | 0.745       |
|    value_loss           | 84.9        |
-----------------------------------------
-----------------------------------------
| rollout/                |             |
|    ep_len_mean          | 1.49e+03    |
|    ep_rew_mean          | 65.7        |
| time/                   |             |
|    fps                  | 1591        |
|    iterations           | 67          |
|    time_elapsed         | 86          |
|    total_timesteps      | 956416      |
| train/                  |             |
|    approx_kl            | 0.054452077 |
|    clip_fraction        | 0.246       |
|    clip_range           | 0.2         |
|    entropy_loss         | -2.25       |
|    explained_variance   | 0.335       |
|    learning_rate        | 0.0003      |
|    loss                 | 4.5         |
|    n_updates            | 2330        |
|    policy_gradient_loss | 0.0115      |
|    std                  | 0.745       |
|    value_loss           | 85.1        |
-----------------------------------------
------------------------------------------
| rollout/                |              |
|    ep_len_mean          | 1.48e+03     |
|    ep_rew_mean          | 67.4         |
| time/                   |              |
|    fps                  | 1589         |
|    iterations           | 68           |
|    time_elapsed         | 87           |
|    total_timesteps      | 958464       |
| train/                  |              |
|    approx_kl            | 0.0043157423 |
|    clip_fraction        | 0.0313       |
|    clip_range           | 0.2          |
|    entropy_loss         | -2.25        |
|    explained_variance   | 0.537        |
|    learning_rate        | 0.0003       |
|    loss                 | 130          |
|    n_updates            | 2335         |
|    policy_gradient_loss | -0.00185     |
|    std                  | 0.746        |
|    value_loss           | 71.7         |
------------------------------------------
-----------------------------------------
| rollout/                |             |
|    ep_len_mean          | 1.47e+03    |
|    ep_rew_mean          | 66          |
| time/                   |             |
|    fps                  | 1587        |
|    iterations           | 69          |
|    time_elapsed         | 89          |
|    total_timesteps      | 960512      |
| train/                  |             |
|    approx_kl            | 0.005171416 |
|    clip_fraction        | 0.0354      |
|    clip_range           | 0.2         |
|    entropy_loss         | -2.26       |
|    explained_variance   | 0.59        |
|    learning_rate        | 0.0003      |
|    loss                 | 3.76        |
|    n_updates            | 2340        |
|    policy_gradient_loss | -0.00286    |
|    std                  | 0.749       |
|    value_loss           | 41.1        |
-----------------------------------------
-----------------------------------------
| rollout/                |             |
|    ep_len_mean          | 1.43e+03    |
|    ep_rew_mean          | 70.9        |
| time/                   |             |
|    fps                  | 1580        |
|    iterations           | 70          |
|    time_elapsed         | 90          |
|    total_timesteps      | 962560      |
| train/                  |             |
|    approx_kl            | 0.009954785 |
|    clip_fraction        | 0.163       |
|    clip_range           | 0.2         |
|    entropy_loss         | -2.26       |
|    explained_variance   | 0.269       |
|    learning_rate        | 0.0003      |
|    loss                 | 1.86        |
|    n_updates            | 2345        |
|    policy_gradient_loss | 0.00335     |
|    std                  | 0.749       |
|    value_loss           | 99.2        |
-----------------------------------------
------------------------------------------
| rollout/                |              |
|    ep_len_mean          | 1.43e+03     |
|    ep_rew_mean          | 70.9         |
| time/                   |              |
|    fps                  | 1574         |
|    iterations           | 71           |
|    time_elapsed         | 92           |
|    total_timesteps      | 964608       |
| train/                  |              |
|    approx_kl            | 0.0072244015 |
|    clip_fraction        | 0.128        |
|    clip_range           | 0.2          |
|    entropy_loss         | -2.26        |
|    explained_variance   | 0.301        |
|    learning_rate        | 0.0003       |
|    loss                 | 6.47         |
|    n_updates            | 2350         |
|    policy_gradient_loss | 0.000876     |
|    std                  | 0.75         |
|    value_loss           | 91.8         |
------------------------------------------
------------------------------------------
| rollout/                |              |
|    ep_len_mean          | 1.41e+03     |
|    ep_rew_mean          | 72.7         |
| time/                   |              |
|    fps                  | 1573         |
|    iterations           | 72           |
|    time_elapsed         | 93           |
|    total_timesteps      | 966656       |
| train/                  |              |
|    approx_kl            | 0.0036560071 |
|    clip_fraction        | 0.0336       |
|    clip_range           | 0.2          |
|    entropy_loss         | -2.26        |
|    explained_variance   | 0.653        |
|    learning_rate        | 0.0003       |
|    loss                 | 3.78         |
|    n_updates            | 2355         |
|    policy_gradient_loss | 0.000655     |
|    std                  | 0.749        |
|    value_loss           | 18.3         |
------------------------------------------
-----------------------------------------
| rollout/                |             |
|    ep_len_mean          | 1.4e+03     |
|    ep_rew_mean          | 73.9        |
| time/                   |             |
|    fps                  | 1572        |
|    iterations           | 73          |
|    time_elapsed         | 95          |
|    total_timesteps      | 968704      |
| train/                  |             |
|    approx_kl            | 0.004041655 |
|    clip_fraction        | 0.0303      |
|    clip_range           | 0.2         |
|    entropy_loss         | -2.26       |
|    explained_variance   | 0.648       |
|    learning_rate        | 0.0003      |
|    loss                 | 102         |
|    n_updates            | 2360        |
|    policy_gradient_loss | -0.00347    |
|    std                  | 0.748       |
|    value_loss           | 56.1        |
-----------------------------------------
-----------------------------------------
| rollout/                |             |
|    ep_len_mean          | 1.39e+03    |
|    ep_rew_mean          | 75.2        |
| time/                   |             |
|    fps                  | 1571        |
|    iterations           | 74          |
|    time_elapsed         | 96          |
|    total_timesteps      | 970752      |
| train/                  |             |
|    approx_kl            | 0.007511972 |
|    clip_fraction        | 0.0485      |
|    clip_range           | 0.2         |
|    entropy_loss         | -2.26       |
|    explained_variance   | 0.659       |
|    learning_rate        | 0.0003      |
|    loss                 | 2.67        |
|    n_updates            | 2365        |
|    policy_gradient_loss | -0.00194    |
|    std                  | 0.749       |
|    value_loss           | 30.2        |
-----------------------------------------
-----------------------------------------
| rollout/                |             |
|    ep_len_mean          | 1.39e+03    |
|    ep_rew_mean          | 75.1        |
| time/                   |             |
|    fps                  | 1566        |
|    iterations           | 75          |
|    time_elapsed         | 98          |
|    total_timesteps      | 972800      |
| train/                  |             |
|    approx_kl            | 0.008867925 |
|    clip_fraction        | 0.225       |
|    clip_range           | 0.2         |
|    entropy_loss         | -2.26       |
|    explained_variance   | 0.388       |
|    learning_rate        | 0.0003      |
|    loss                 | 91.1        |
|    n_updates            | 2370        |
|    policy_gradient_loss | 0.00912     |
|    std                  | 0.75        |
|    value_loss           | 80.4        |
-----------------------------------------
----------------------------------------
| rollout/                |            |
|    ep_len_mean          | 1.38e+03   |
|    ep_rew_mean          | 76.8       |
| time/                   |            |
|    fps                  | 1565       |
|    iterations           | 76         |
|    time_elapsed         | 99         |
|    total_timesteps      | 974848     |
| train/                  |            |
|    approx_kl            | 0.01590249 |
|    clip_fraction        | 0.229      |
|    clip_range           | 0.2        |
|    entropy_loss         | -2.26      |
|    explained_variance   | 0.525      |
|    learning_rate        | 0.0003     |
|    loss                 | 97.1       |
|    n_updates            | 2375       |
|    policy_gradient_loss | 0.000561   |
|    std                  | 0.749      |
|    value_loss           | 51.2       |
----------------------------------------
-----------------------------------------
| rollout/                |             |
|    ep_len_mean          | 1.38e+03    |
|    ep_rew_mean          | 76.8        |
| time/                   |             |
|    fps                  | 1564        |
|    iterations           | 77          |
|    time_elapsed         | 100         |
|    total_timesteps      | 976896      |
| train/                  |             |
|    approx_kl            | 0.008027295 |
|    clip_fraction        | 0.0544      |
|    clip_range           | 0.2         |
|    entropy_loss         | -2.26       |
|    explained_variance   | 0.665       |
|    learning_rate        | 0.0003      |
|    loss                 | 3.5         |
|    n_updates            | 2380        |
|    policy_gradient_loss | -0.00141    |
|    std                  | 0.75        |
|    value_loss           | 27.4        |
-----------------------------------------
------------------------------------------
| rollout/                |              |
|    ep_len_mean          | 1.35e+03     |
|    ep_rew_mean          | 79.6         |
| time/                   |              |
|    fps                  | 1564         |
|    iterations           | 78           |
|    time_elapsed         | 102          |
|    total_timesteps      | 978944       |
| train/                  |              |
|    approx_kl            | 0.0042241733 |
|    clip_fraction        | 0.0838       |
|    clip_range           | 0.2          |
|    entropy_loss         | -2.26        |
|    explained_variance   | 0.681        |
|    learning_rate        | 0.0003       |
|    loss                 | 95.8         |
|    n_updates            | 2385         |
|    policy_gradient_loss | -0.00255     |
|    std                  | 0.749        |
|    value_loss           | 67.3         |
------------------------------------------
-----------------------------------------
| rollout/                |             |
|    ep_len_mean          | 1.36e+03    |
|    ep_rew_mean          | 78.1        |
| time/                   |             |
|    fps                  | 1562        |
|    iterations           | 79          |
|    time_elapsed         | 103         |
|    total_timesteps      | 980992      |
| train/                  |             |
|    approx_kl            | 0.005222952 |
|    clip_fraction        | 0.0479      |
|    clip_range           | 0.2         |
|    entropy_loss         | -2.26       |
|    explained_variance   | 0.669       |
|    learning_rate        | 0.0003      |
|    loss                 | 92.2        |
|    n_updates            | 2390        |
|    policy_gradient_loss | -0.00286    |
|    std                  | 0.749       |
|    value_loss           | 54.9        |
-----------------------------------------
------------------------------------------
| rollout/                |              |
|    ep_len_mean          | 1.36e+03     |
|    ep_rew_mean          | 78.4         |
| time/                   |              |
|    fps                  | 1560         |
|    iterations           | 80           |
|    time_elapsed         | 104          |
|    total_timesteps      | 983040       |
| train/                  |              |
|    approx_kl            | 0.0055575557 |
|    clip_fraction        | 0.0668       |
|    clip_range           | 0.2          |
|    entropy_loss         | -2.26        |
|    explained_variance   | 0.75         |
|    learning_rate        | 0.0003       |
|    loss                 | 1.43         |
|    n_updates            | 2395         |
|    policy_gradient_loss | -0.00162     |
|    std                  | 0.747        |
|    value_loss           | 29.3         |
------------------------------------------
-----------------------------------------
| rollout/                |             |
|    ep_len_mean          | 1.33e+03    |
|    ep_rew_mean          | 81.5        |
| time/                   |             |
|    fps                  | 1559        |
|    iterations           | 81          |
|    time_elapsed         | 106         |
|    total_timesteps      | 985088      |
| train/                  |             |
|    approx_kl            | 0.003706776 |
|    clip_fraction        | 0.042       |
|    clip_range           | 0.2         |
|    entropy_loss         | -2.25       |
|    explained_variance   | 0.657       |
|    learning_rate        | 0.0003      |
|    loss                 | 4.05        |
|    n_updates            | 2400        |
|    policy_gradient_loss | -0.00344    |
|    std                  | 0.747       |
|    value_loss           | 49.8        |
-----------------------------------------
------------------------------------------
| rollout/                |              |
|    ep_len_mean          | 1.32e+03     |
|    ep_rew_mean          | 82.9         |
| time/                   |              |
|    fps                  | 1560         |
|    iterations           | 82           |
|    time_elapsed         | 107          |
|    total_timesteps      | 987136       |
| train/                  |              |
|    approx_kl            | 0.0054499563 |
|    clip_fraction        | 0.162        |
|    clip_range           | 0.2          |
|    entropy_loss         | -2.25        |
|    explained_variance   | 0.671        |
|    learning_rate        | 0.0003       |
|    loss                 | 4.4          |
|    n_updates            | 2405         |
|    policy_gradient_loss | 0.00332      |
|    std                  | 0.747        |
|    value_loss           | 48           |
------------------------------------------
------------------------------------------
| rollout/                |              |
|    ep_len_mean          | 1.33e+03     |
|    ep_rew_mean          | 83           |
| time/                   |              |
|    fps                  | 1562         |
|    iterations           | 83           |
|    time_elapsed         | 108          |
|    total_timesteps      | 989184       |
| train/                  |              |
|    approx_kl            | 0.0038478894 |
|    clip_fraction        | 0.074        |
|    clip_range           | 0.2          |
|    entropy_loss         | -2.25        |
|    explained_variance   | 0.504        |
|    learning_rate        | 0.0003       |
|    loss                 | 1.17         |
|    n_updates            | 2410         |
|    policy_gradient_loss | 0.00111      |
|    std                  | 0.746        |
|    value_loss           | 35.9         |
------------------------------------------
------------------------------------------
| rollout/                |              |
|    ep_len_mean          | 1.33e+03     |
|    ep_rew_mean          | 83           |
| time/                   |              |
|    fps                  | 1558         |
|    iterations           | 84           |
|    time_elapsed         | 110          |
|    total_timesteps      | 991232       |
| train/                  |              |
|    approx_kl            | 0.0043387385 |
|    clip_fraction        | 0.0158       |
|    clip_range           | 0.2          |
|    entropy_loss         | -2.25        |
|    explained_variance   | 0.75         |
|    learning_rate        | 0.0003       |
|    loss                 | 4.66         |
|    n_updates            | 2415         |
|    policy_gradient_loss | -0.00237     |
|    std                  | 0.745        |
|    value_loss           | 75.2         |
------------------------------------------
------------------------------------------
| rollout/                |              |
|    ep_len_mean          | 1.33e+03     |
|    ep_rew_mean          | 83           |
| time/                   |              |
|    fps                  | 1559         |
|    iterations           | 85           |
|    time_elapsed         | 111          |
|    total_timesteps      | 993280       |
| train/                  |              |
|    approx_kl            | 0.0048449263 |
|    clip_fraction        | 0.102        |
|    clip_range           | 0.2          |
|    entropy_loss         | -2.25        |
|    explained_variance   | 0.699        |
|    learning_rate        | 0.0003       |
|    loss                 | 3.02         |
|    n_updates            | 2420         |
|    policy_gradient_loss | 0.00121      |
|    std                  | 0.745        |
|    value_loss           | 34.5         |
------------------------------------------
------------------------------------------
| rollout/                |              |
|    ep_len_mean          | 1.33e+03     |
|    ep_rew_mean          | 83.2         |
| time/                   |              |
|    fps                  | 1560         |
|    iterations           | 86           |
|    time_elapsed         | 112          |
|    total_timesteps      | 995328       |
| train/                  |              |
|    approx_kl            | 0.0044956375 |
|    clip_fraction        | 0.0886       |
|    clip_range           | 0.2          |
|    entropy_loss         | -2.25        |
|    explained_variance   | 0.776        |
|    learning_rate        | 0.0003       |
|    loss                 | 3.46         |
|    n_updates            | 2425         |
|    policy_gradient_loss | -0.00347     |
|    std                  | 0.745        |
|    value_loss           | 22.9         |
------------------------------------------
-----------------------------------------
| rollout/                |             |
|    ep_len_mean          | 1.33e+03    |
|    ep_rew_mean          | 81.8        |
| time/                   |             |
|    fps                  | 1558        |
|    iterations           | 87          |
|    time_elapsed         | 114         |
|    total_timesteps      | 997376      |
| train/                  |             |
|    approx_kl            | 0.006760437 |
|    clip_fraction        | 0.0369      |
|    clip_range           | 0.2         |
|    entropy_loss         | -2.25       |
|    explained_variance   | 0.743       |
|    learning_rate        | 0.0003      |
|    loss                 | 11.5        |
|    n_updates            | 2430        |
|    policy_gradient_loss | -0.00248    |
|    std                  | 0.745       |
|    value_loss           | 35.4        |
-----------------------------------------
-----------------------------------------
| rollout/                |             |
|    ep_len_mean          | 1.33e+03    |
|    ep_rew_mean          | 81.8        |
| time/                   |             |
|    fps                  | 1558        |
|    iterations           | 88          |
|    time_elapsed         | 115         |
|    total_timesteps      | 999424      |
| train/                  |             |
|    approx_kl            | 0.007917113 |
|    clip_fraction        | 0.0594      |
|    clip_range           | 0.2         |
|    entropy_loss         | -2.25       |
|    explained_variance   | 0.799       |
|    learning_rate        | 0.0003      |
|    loss                 | 1.35        |
|    n_updates            | 2435        |
|    policy_gradient_loss | -0.00231    |
|    std                  | 0.745       |
|    value_loss           | 22.2        |
-----------------------------------------
-----------------------------------------
| rollout/                |             |
|    ep_len_mean          | 1.35e+03    |
|    ep_rew_mean          | 80.2        |
| time/                   |             |
|    fps                  | 1559        |
|    iterations           | 89          |
|    time_elapsed         | 116         |
|    total_timesteps      | 1001472     |
| train/                  |             |
|    approx_kl            | 0.002959471 |
|    clip_fraction        | 0.0254      |
|    clip_range           | 0.2         |
|    entropy_loss         | -2.25       |
|    explained_variance   | 0.805       |
|    learning_rate        | 0.0003      |
|    loss                 | 4.48        |
|    n_updates            | 2440        |
|    policy_gradient_loss | -0.000224   |
|    std                  | 0.747       |
|    value_loss           | 32.5        |
-----------------------------------------
------------------------------------------
| rollout/                |              |
|    ep_len_mean          | 1.33e+03     |
|    ep_rew_mean          | 81.8         |
| time/                   |              |
|    fps                  | 1556         |
|    iterations           | 90           |
|    time_elapsed         | 118          |
|    total_timesteps      | 1003520      |
| train/                  |              |
|    approx_kl            | 0.0045896345 |
|    clip_fraction        | 0.0774       |
|    clip_range           | 0.2          |
|    entropy_loss         | -2.25        |
|    explained_variance   | 0.876        |
|    learning_rate        | 0.0003       |
|    loss                 | 2.57         |
|    n_updates            | 2445         |
|    policy_gradient_loss | -0.00373     |
|    std                  | 0.747        |
|    value_loss           | 8.64         |
------------------------------------------
------------------------------------------
| rollout/                |              |
|    ep_len_mean          | 1.33e+03     |
|    ep_rew_mean          | 82           |
| time/                   |              |
|    fps                  | 1554         |
|    iterations           | 91           |
|    time_elapsed         | 119          |
|    total_timesteps      | 1005568      |
| train/                  |              |
|    approx_kl            | 0.0101660825 |
|    clip_fraction        | 0.0582       |
|    clip_range           | 0.2          |
|    entropy_loss         | -2.25        |
|    explained_variance   | -0.161       |
|    learning_rate        | 0.0003       |
|    loss                 | 1.21         |
|    n_updates            | 2450         |
|    policy_gradient_loss | -0.000189    |
|    std                  | 0.747        |
|    value_loss           | 109          |
------------------------------------------
-----------------------------------------
| rollout/                |             |
|    ep_len_mean          | 1.32e+03    |
|    ep_rew_mean          | 83.8        |
| time/                   |             |
|    fps                  | 1553        |
|    iterations           | 92          |
|    time_elapsed         | 121         |
|    total_timesteps      | 1007616     |
| train/                  |             |
|    approx_kl            | 0.036938988 |
|    clip_fraction        | 0.295       |
|    clip_range           | 0.2         |
|    entropy_loss         | -2.26       |
|    explained_variance   | 0.4         |
|    learning_rate        | 0.0003      |
|    loss                 | 1.55        |
|    n_updates            | 2455        |
|    policy_gradient_loss | 0.0159      |
|    std                  | 0.749       |
|    value_loss           | 38.6        |
-----------------------------------------
-----------------------------------------
| rollout/                |             |
|    ep_len_mean          | 1.32e+03    |
|    ep_rew_mean          | 83.7        |
| time/                   |             |
|    fps                  | 1551        |
|    iterations           | 93          |
|    time_elapsed         | 122         |
|    total_timesteps      | 1009664     |
| train/                  |             |
|    approx_kl            | 0.008567182 |
|    clip_fraction        | 0.0927      |
|    clip_range           | 0.2         |
|    entropy_loss         | -2.26       |
|    explained_variance   | 0.681       |
|    learning_rate        | 0.0003      |
|    loss                 | 3.13        |
|    n_updates            | 2460        |
|    policy_gradient_loss | 5.03e-05    |
|    std                  | 0.749       |
|    value_loss           | 42.9        |
-----------------------------------------
------------------------------------------
| rollout/                |              |
|    ep_len_mean          | 1.33e+03     |
|    ep_rew_mean          | 84           |
| time/                   |              |
|    fps                  | 1549         |
|    iterations           | 94           |
|    time_elapsed         | 124          |
|    total_timesteps      | 1011712      |
| train/                  |              |
|    approx_kl            | 0.0074390355 |
|    clip_fraction        | 0.106        |
|    clip_range           | 0.2          |
|    entropy_loss         | -2.26        |
|    explained_variance   | 0.625        |
|    learning_rate        | 0.0003       |
|    loss                 | 0.68         |
|    n_updates            | 2465         |
|    policy_gradient_loss | 0.00138      |
|    std                  | 0.749        |
|    value_loss           | 29.5         |
------------------------------------------
----------------------------------------
| rollout/                |            |
|    ep_len_mean          | 1.33e+03   |
|    ep_rew_mean          | 84         |
| time/                   |            |
|    fps                  | 1549       |
|    iterations           | 95         |
|    time_elapsed         | 125        |
|    total_timesteps      | 1013760    |
| train/                  |            |
|    approx_kl            | 0.00526095 |
|    clip_fraction        | 0.0472     |
|    clip_range           | 0.2        |
|    entropy_loss         | -2.26      |
|    explained_variance   | 0.498      |
|    learning_rate        | 0.0003     |
|    loss                 | 3.14       |
|    n_updates            | 2470       |
|    policy_gradient_loss | -0.00156   |
|    std                  | 0.749      |
|    value_loss           | 51.7       |
----------------------------------------
-----------------------------------------
| rollout/                |             |
|    ep_len_mean          | 1.32e+03    |
|    ep_rew_mean          | 84.3        |
| time/                   |             |
|    fps                  | 1549        |
|    iterations           | 96          |
|    time_elapsed         | 126         |
|    total_timesteps      | 1015808     |
| train/                  |             |
|    approx_kl            | 0.031039892 |
|    clip_fraction        | 0.164       |
|    clip_range           | 0.2         |
|    entropy_loss         | -2.26       |
|    explained_variance   | 0.776       |
|    learning_rate        | 0.0003      |
|    loss                 | 1.33        |
|    n_updates            | 2475        |
|    policy_gradient_loss | 0.00111     |
|    std                  | 0.748       |
|    value_loss           | 39.3        |
-----------------------------------------
-----------------------------------------
| rollout/                |             |
|    ep_len_mean          | 1.32e+03    |
|    ep_rew_mean          | 84.5        |
| time/                   |             |
|    fps                  | 1551        |
|    iterations           | 97          |
|    time_elapsed         | 128         |
|    total_timesteps      | 1017856     |
| train/                  |             |
|    approx_kl            | 0.023238536 |
|    clip_fraction        | 0.242       |
|    clip_range           | 0.2         |
|    entropy_loss         | -2.26       |
|    explained_variance   | 0.644       |
|    learning_rate        | 0.0003      |
|    loss                 | 6.14        |
|    n_updates            | 2480        |
|    policy_gradient_loss | 0.00797     |
|    std                  | 0.748       |
|    value_loss           | 61.9        |
-----------------------------------------
----------------------------------------
| rollout/                |            |
|    ep_len_mean          | 1.3e+03    |
|    ep_rew_mean          | 85.6       |
| time/                   |            |
|    fps                  | 1551       |
|    iterations           | 98         |
|    time_elapsed         | 129        |
|    total_timesteps      | 1019904    |
| train/                  |            |
|    approx_kl            | 0.10129073 |
|    clip_fraction        | 0.166      |
|    clip_range           | 0.2        |
|    entropy_loss         | -2.25      |
|    explained_variance   | 0.491      |
|    learning_rate        | 0.0003     |
|    loss                 | 1.22       |
|    n_updates            | 2485       |
|    policy_gradient_loss | 0.00272    |
|    std                  | 0.746      |
|    value_loss           | 31.4       |
----------------------------------------
------------------------------------------
| rollout/                |              |
|    ep_len_mean          | 1.28e+03     |
|    ep_rew_mean          | 88.7         |
| time/                   |              |
|    fps                  | 1549         |
|    iterations           | 99           |
|    time_elapsed         | 130          |
|    total_timesteps      | 1021952      |
| train/                  |              |
|    approx_kl            | 0.0032157316 |
|    clip_fraction        | 0.02         |
|    clip_range           | 0.2          |
|    entropy_loss         | -2.25        |
|    explained_variance   | 0.328        |
|    learning_rate        | 0.0003       |
|    loss                 | 2.26         |
|    n_updates            | 2490         |
|    policy_gradient_loss | -0.00281     |
|    std                  | 0.746        |
|    value_loss           | 66.9         |
------------------------------------------
------------------------------------------
| rollout/                |              |
|    ep_len_mean          | 1.27e+03     |
|    ep_rew_mean          | 88.7         |
| time/                   |              |
|    fps                  | 1549         |
|    iterations           | 100          |
|    time_elapsed         | 132          |
|    total_timesteps      | 1024000      |
| train/                  |              |
|    approx_kl            | 0.0061866627 |
|    clip_fraction        | 0.0868       |
|    clip_range           | 0.2          |
|    entropy_loss         | -2.25        |
|    explained_variance   | 0.513        |
|    learning_rate        | 0.0003       |
|    loss                 | 1.95         |
|    n_updates            | 2495         |
|    policy_gradient_loss | -0.00231     |
|    std                  | 0.746        |
|    value_loss           | 71.1         |
------------------------------------------

CP5 held-out: 46/50 hits (92.0%), mean miss 3.9 m, mean reward 118.28
STOP CONDITION: no joint improvement -- review gate before continuing.

==== babysit CP6 2026-09-16 14:08:20 ====
CP6: evasive lineage | max_time=45s t_go_max=10s | tracking=True | obs=12-D | miss_tanh_scale=3000m shaping_gamma=1 effort_weight=5 precision_weight=0 -> out=/Users/vincenzo/Desktop/Projects/Physics Sim Project/missile_guidance_sim/outputs/evasive_zemtgo10_seed14
---------------------------------
| rollout/           |          |
|    ep_len_mean     | 1.27e+03 |
|    ep_rew_mean     | 88.7     |
| time/              |          |
|    fps             | 4751     |
|    iterations      | 1        |
|    time_elapsed    | 0        |
|    total_timesteps | 1026048  |
---------------------------------
------------------------------------------
| rollout/                |              |
|    ep_len_mean          | 1.26e+03     |
|    ep_rew_mean          | 88.6         |
| time/                   |              |
|    fps                  | 2187         |
|    iterations           | 2            |
|    time_elapsed         | 1            |
|    total_timesteps      | 1028096      |
| train/                  |              |
|    approx_kl            | 0.0059862062 |
|    clip_fraction        | 0.132        |
|    clip_range           | 0.2          |
|    entropy_loss         | -2.24        |
|    explained_variance   | 0.805        |
|    learning_rate        | 0.0003       |
|    loss                 | 6.58         |
|    n_updates            | 2505         |
|    policy_gradient_loss | 0.00354      |
|    std                  | 0.742        |
|    value_loss           | 5.27         |
------------------------------------------
-----------------------------------------
| rollout/                |             |
|    ep_len_mean          | 1.27e+03    |
|    ep_rew_mean          | 88.6        |
| time/                   |             |
|    fps                  | 1989        |
|    iterations           | 3           |
|    time_elapsed         | 3           |
|    total_timesteps      | 1030144     |
| train/                  |             |
|    approx_kl            | 0.007415488 |
|    clip_fraction        | 0.0655      |
|    clip_range           | 0.2         |
|    entropy_loss         | -2.24       |
|    explained_variance   | 0.57        |
|    learning_rate        | 0.0003      |
|    loss                 | 104         |
|    n_updates            | 2510        |
|    policy_gradient_loss | -0.00206    |
|    std                  | 0.742       |
|    value_loss           | 62.4        |
-----------------------------------------
-----------------------------------------
| rollout/                |             |
|    ep_len_mean          | 1.25e+03    |
|    ep_rew_mean          | 90.2        |
| time/                   |             |
|    fps                  | 1887        |
|    iterations           | 4           |
|    time_elapsed         | 4           |
|    total_timesteps      | 1032192     |
| train/                  |             |
|    approx_kl            | 0.006467259 |
|    clip_fraction        | 0.0855      |
|    clip_range           | 0.2         |
|    entropy_loss         | -2.24       |
|    explained_variance   | 0.793       |
|    learning_rate        | 0.0003      |
|    loss                 | 1.3         |
|    n_updates            | 2515        |
|    policy_gradient_loss | -0.00172    |
|    std                  | 0.741       |
|    value_loss           | 26.5        |
-----------------------------------------
------------------------------------------
| rollout/                |              |
|    ep_len_mean          | 1.25e+03     |
|    ep_rew_mean          | 90.1         |
| time/                   |              |
|    fps                  | 1752         |
|    iterations           | 5            |
|    time_elapsed         | 5            |
|    total_timesteps      | 1034240      |
| train/                  |              |
|    approx_kl            | 0.0044444012 |
|    clip_fraction        | 0.0458       |
|    clip_range           | 0.2          |
|    entropy_loss         | -2.24        |
|    explained_variance   | 0.697        |
|    learning_rate        | 0.0003       |
|    loss                 | 21.6         |
|    n_updates            | 2520         |
|    policy_gradient_loss | -0.00121     |
|    std                  | 0.74         |
|    value_loss           | 45.6         |
------------------------------------------
-----------------------------------------
| rollout/                |             |
|    ep_len_mean          | 1.25e+03    |
|    ep_rew_mean          | 90.1        |
| time/                   |             |
|    fps                  | 1656        |
|    iterations           | 6           |
|    time_elapsed         | 7           |
|    total_timesteps      | 1036288     |
| train/                  |             |
|    approx_kl            | 0.015863378 |
|    clip_fraction        | 0.0601      |
|    clip_range           | 0.2         |
|    entropy_loss         | -2.24       |
|    explained_variance   | 0.553       |
|    learning_rate        | 0.0003      |
|    loss                 | 2.19        |
|    n_updates            | 2525        |
|    policy_gradient_loss | 0.00125     |
|    std                  | 0.74        |
|    value_loss           | 54.8        |
-----------------------------------------
----------------------------------------
| rollout/                |            |
|    ep_len_mean          | 1.24e+03   |
|    ep_rew_mean          | 91.8       |
| time/                   |            |
|    fps                  | 1646       |
|    iterations           | 7          |
|    time_elapsed         | 8          |
|    total_timesteps      | 1038336    |
| train/                  |            |
|    approx_kl            | 0.11830137 |
|    clip_fraction        | 0.198      |
|    clip_range           | 0.2        |
|    entropy_loss         | -2.24      |
|    explained_variance   | 0.697      |
|    learning_rate        | 0.0003     |
|    loss                 | 1.56       |
|    n_updates            | 2530       |
|    policy_gradient_loss | 0.0392     |
|    std                  | 0.742      |
|    value_loss           | 28.4       |
----------------------------------------
-----------------------------------------
| rollout/                |             |
|    ep_len_mean          | 1.23e+03    |
|    ep_rew_mean          | 91.7        |
| time/                   |             |
|    fps                  | 1629        |
|    iterations           | 8           |
|    time_elapsed         | 10          |
|    total_timesteps      | 1040384     |
| train/                  |             |
|    approx_kl            | 0.013679187 |
|    clip_fraction        | 0.111       |
|    clip_range           | 0.2         |
|    entropy_loss         | -2.24       |
|    explained_variance   | 0.726       |
|    learning_rate        | 0.0003      |
|    loss                 | 1.65        |
|    n_updates            | 2535        |
|    policy_gradient_loss | 0.000609    |
|    std                  | 0.742       |
|    value_loss           | 45.9        |
-----------------------------------------
-----------------------------------------
| rollout/                |             |
|    ep_len_mean          | 1.22e+03    |
|    ep_rew_mean          | 92.8        |
| time/                   |             |
|    fps                  | 1613        |
|    iterations           | 9           |
|    time_elapsed         | 11          |
|    total_timesteps      | 1042432     |
| train/                  |             |
|    approx_kl            | 0.006757199 |
|    clip_fraction        | 0.0777      |
|    clip_range           | 0.2         |
|    entropy_loss         | -2.24       |
|    explained_variance   | 0.718       |
|    learning_rate        | 0.0003      |
|    loss                 | 0.761       |
|    n_updates            | 2540        |
|    policy_gradient_loss | -0.00414    |
|    std                  | 0.74        |
|    value_loss           | 39.7        |
-----------------------------------------
-----------------------------------------
| rollout/                |             |
|    ep_len_mean          | 1.23e+03    |
|    ep_rew_mean          | 91.6        |
| time/                   |             |
|    fps                  | 1593        |
|    iterations           | 10          |
|    time_elapsed         | 12          |
|    total_timesteps      | 1044480     |
| train/                  |             |
|    approx_kl            | 0.038762603 |
|    clip_fraction        | 0.18        |
|    clip_range           | 0.2         |
|    entropy_loss         | -2.23       |
|    explained_variance   | 0.699       |
|    learning_rate        | 0.0003      |
|    loss                 | 2.37        |
|    n_updates            | 2545        |
|    policy_gradient_loss | 0.00462     |
|    std                  | 0.738       |
|    value_loss           | 37          |
-----------------------------------------
----------------------------------------
| rollout/                |            |
|    ep_len_mean          | 1.23e+03   |
|    ep_rew_mean          | 91.7       |
| time/                   |            |
|    fps                  | 1594       |
|    iterations           | 11         |
|    time_elapsed         | 14         |
|    total_timesteps      | 1046528    |
| train/                  |            |
|    approx_kl            | 0.01812334 |
|    clip_fraction        | 0.0862     |
|    clip_range           | 0.2        |
|    entropy_loss         | -2.23      |
|    explained_variance   | 0.741      |
|    learning_rate        | 0.0003     |
|    loss                 | 19         |
|    n_updates            | 2550       |
|    policy_gradient_loss | 0.00515    |
|    std                  | 0.737      |
|    value_loss           | 20.2       |
----------------------------------------
------------------------------------------
| rollout/                |              |
|    ep_len_mean          | 1.23e+03     |
|    ep_rew_mean          | 92           |
| time/                   |              |
|    fps                  | 1586         |
|    iterations           | 12           |
|    time_elapsed         | 15           |
|    total_timesteps      | 1048576      |
| train/                  |              |
|    approx_kl            | 0.0112480875 |
|    clip_fraction        | 0.105        |
|    clip_range           | 0.2          |
|    entropy_loss         | -2.23        |
|    explained_variance   | 0.496        |
|    learning_rate        | 0.0003       |
|    loss                 | 89.4         |
|    n_updates            | 2555         |
|    policy_gradient_loss | -0.00142     |
|    std                  | 0.737        |
|    value_loss           | 53.1         |
------------------------------------------
----------------------------------------
| rollout/                |            |
|    ep_len_mean          | 1.2e+03    |
|    ep_rew_mean          | 95.8       |
| time/                   |            |
|    fps                  | 1588       |
|    iterations           | 13         |
|    time_elapsed         | 16         |
|    total_timesteps      | 1050624    |
| train/                  |            |
|    approx_kl            | 0.01816918 |
|    clip_fraction        | 0.308      |
|    clip_range           | 0.2        |
|    entropy_loss         | -2.23      |
|    explained_variance   | 0.926      |
|    learning_rate        | 0.0003     |
|    loss                 | 0.988      |
|    n_updates            | 2560       |
|    policy_gradient_loss | 0.0261     |
|    std                  | 0.738      |
|    value_loss           | 4.25       |
----------------------------------------
-----------------------------------------
| rollout/                |             |
|    ep_len_mean          | 1.2e+03     |
|    ep_rew_mean          | 95.8        |
| time/                   |             |
|    fps                  | 1579        |
|    iterations           | 14          |
|    time_elapsed         | 18          |
|    total_timesteps      | 1052672     |
| train/                  |             |
|    approx_kl            | 0.010681918 |
|    clip_fraction        | 0.0951      |
|    clip_range           | 0.2         |
|    entropy_loss         | -2.23       |
|    explained_variance   | 0.722       |
|    learning_rate        | 0.0003      |
|    loss                 | 84.7        |
|    n_updates            | 2565        |
|    policy_gradient_loss | -5.48e-05   |
|    std                  | 0.738       |
|    value_loss           | 63.3        |
-----------------------------------------
-----------------------------------------
| rollout/                |             |
|    ep_len_mean          | 1.19e+03    |
|    ep_rew_mean          | 97.2        |
| time/                   |             |
|    fps                  | 1586        |
|    iterations           | 15          |
|    time_elapsed         | 19          |
|    total_timesteps      | 1054720     |
| train/                  |             |
|    approx_kl            | 0.016765099 |
|    clip_fraction        | 0.0688      |
|    clip_range           | 0.2         |
|    entropy_loss         | -2.23       |
|    explained_variance   | 0.883       |
|    learning_rate        | 0.0003      |
|    loss                 | 4.62        |
|    n_updates            | 2570        |
|    policy_gradient_loss | 8.63e-06    |
|    std                  | 0.737       |
|    value_loss           | 9.1         |
-----------------------------------------
-----------------------------------------
| rollout/                |             |
|    ep_len_mean          | 1.19e+03    |
|    ep_rew_mean          | 97.2        |
| time/                   |             |
|    fps                  | 1556        |
|    iterations           | 16          |
|    time_elapsed         | 21          |
|    total_timesteps      | 1056768     |
| train/                  |             |
|    approx_kl            | 0.015104668 |
|    clip_fraction        | 0.0958      |
|    clip_range           | 0.2         |
|    entropy_loss         | -2.23       |
|    explained_variance   | 0.543       |
|    learning_rate        | 0.0003      |
|    loss                 | 104         |
|    n_updates            | 2575        |
|    policy_gradient_loss | 0.00435     |
|    std                  | 0.736       |
|    value_loss           | 79.2        |
-----------------------------------------
-----------------------------------------
| rollout/                |             |
|    ep_len_mean          | 1.19e+03    |
|    ep_rew_mean          | 97.1        |
| time/                   |             |
|    fps                  | 1564        |
|    iterations           | 17          |
|    time_elapsed         | 22          |
|    total_timesteps      | 1058816     |
| train/                  |             |
|    approx_kl            | 0.004281903 |
|    clip_fraction        | 0.103       |
|    clip_range           | 0.2         |
|    entropy_loss         | -2.22       |
|    explained_variance   | 0.852       |
|    learning_rate        | 0.0003      |
|    loss                 | 2.13        |
|    n_updates            | 2580        |
|    policy_gradient_loss | -0.00112    |
|    std                  | 0.736       |
|    value_loss           | 4.41        |
-----------------------------------------
-----------------------------------------
| rollout/                |             |
|    ep_len_mean          | 1.19e+03    |
|    ep_rew_mean          | 97.1        |
| time/                   |             |
|    fps                  | 1564        |
|    iterations           | 18          |
|    time_elapsed         | 23          |
|    total_timesteps      | 1060864     |
| train/                  |             |
|    approx_kl            | 0.033788398 |
|    clip_fraction        | 0.225       |
|    clip_range           | 0.2         |
|    entropy_loss         | -2.22       |
|    explained_variance   | 0.678       |
|    learning_rate        | 0.0003      |
|    loss                 | 3.96        |
|    n_updates            | 2585        |
|    policy_gradient_loss | 0.0145      |
|    std                  | 0.734       |
|    value_loss           | 61.6        |
-----------------------------------------
------------------------------------------
| rollout/                |              |
|    ep_len_mean          | 1.18e+03     |
|    ep_rew_mean          | 98.3         |
| time/                   |              |
|    fps                  | 1568         |
|    iterations           | 19           |
|    time_elapsed         | 24           |
|    total_timesteps      | 1062912      |
| train/                  |              |
|    approx_kl            | 0.0039811013 |
|    clip_fraction        | 0.0771       |
|    clip_range           | 0.2          |
|    entropy_loss         | -2.22        |
|    explained_variance   | 0.715        |
|    learning_rate        | 0.0003       |
|    loss                 | 51.9         |
|    n_updates            | 2590         |
|    policy_gradient_loss | 0.00146      |
|    std                  | 0.734        |
|    value_loss           | 26.9         |
------------------------------------------
------------------------------------------
| rollout/                |              |
|    ep_len_mean          | 1.19e+03     |
|    ep_rew_mean          | 97.1         |
| time/                   |              |
|    fps                  | 1569         |
|    iterations           | 20           |
|    time_elapsed         | 26           |
|    total_timesteps      | 1064960      |
| train/                  |              |
|    approx_kl            | 0.0040532937 |
|    clip_fraction        | 0.0836       |
|    clip_range           | 0.2          |
|    entropy_loss         | -2.22        |
|    explained_variance   | 0.793        |
|    learning_rate        | 0.0003       |
|    loss                 | 55.1         |
|    n_updates            | 2595         |
|    policy_gradient_loss | 0.000728     |
|    std                  | 0.733        |
|    value_loss           | 38.3         |
------------------------------------------
-----------------------------------------
| rollout/                |             |
|    ep_len_mean          | 1.19e+03    |
|    ep_rew_mean          | 97.2        |
| time/                   |             |
|    fps                  | 1574        |
|    iterations           | 21          |
|    time_elapsed         | 27          |
|    total_timesteps      | 1067008     |
| train/                  |             |
|    approx_kl            | 0.009718203 |
|    clip_fraction        | 0.0761      |
|    clip_range           | 0.2         |
|    entropy_loss         | -2.21       |
|    explained_variance   | 0.825       |
|    learning_rate        | 0.0003      |
|    loss                 | 0.661       |
|    n_updates            | 2600        |
|    policy_gradient_loss | -0.00161    |
|    std                  | 0.732       |
|    value_loss           | 20.1        |
-----------------------------------------
-----------------------------------------
| rollout/                |             |
|    ep_len_mean          | 1.19e+03    |
|    ep_rew_mean          | 97.2        |
| time/                   |             |
|    fps                  | 1568        |
|    iterations           | 22          |
|    time_elapsed         | 28          |
|    total_timesteps      | 1069056     |
| train/                  |             |
|    approx_kl            | 0.009086165 |
|    clip_fraction        | 0.124       |
|    clip_range           | 0.2         |
|    entropy_loss         | -2.21       |
|    explained_variance   | 0.836       |
|    learning_rate        | 0.0003      |
|    loss                 | 2.24        |
|    n_updates            | 2605        |
|    policy_gradient_loss | -0.00658    |
|    std                  | 0.733       |
|    value_loss           | 30.2        |
-----------------------------------------
------------------------------------------
| rollout/                |              |
|    ep_len_mean          | 1.19e+03     |
|    ep_rew_mean          | 97.5         |
| time/                   |              |
|    fps                  | 1569         |
|    iterations           | 23           |
|    time_elapsed         | 30           |
|    total_timesteps      | 1071104      |
| train/                  |              |
|    approx_kl            | 0.0075005805 |
|    clip_fraction        | 0.097        |
|    clip_range           | 0.2          |
|    entropy_loss         | -2.21        |
|    explained_variance   | 0.719        |
|    learning_rate        | 0.0003       |
|    loss                 | 2.1          |
|    n_updates            | 2610         |
|    policy_gradient_loss | -0.000887    |
|    std                  | 0.733        |
|    value_loss           | 35.8         |
------------------------------------------
------------------------------------------
| rollout/                |              |
|    ep_len_mean          | 1.19e+03     |
|    ep_rew_mean          | 97.2         |
| time/                   |              |
|    fps                  | 1567         |
|    iterations           | 24           |
|    time_elapsed         | 31           |
|    total_timesteps      | 1073152      |
| train/                  |              |
|    approx_kl            | 0.0065753823 |
|    clip_fraction        | 0.0591       |
|    clip_range           | 0.2          |
|    entropy_loss         | -2.21        |
|    explained_variance   | 0.765        |
|    learning_rate        | 0.0003       |
|    loss                 | 4.5          |
|    n_updates            | 2615         |
|    policy_gradient_loss | -0.00277     |
|    std                  | 0.733        |
|    value_loss           | 32.2         |
------------------------------------------
-----------------------------------------
| rollout/                |             |
|    ep_len_mean          | 1.19e+03    |
|    ep_rew_mean          | 97.1        |
| time/                   |             |
|    fps                  | 1563        |
|    iterations           | 25          |
|    time_elapsed         | 32          |
|    total_timesteps      | 1075200     |
| train/                  |             |
|    approx_kl            | 0.010455415 |
|    clip_fraction        | 0.0803      |
|    clip_range           | 0.2         |
|    entropy_loss         | -2.21       |
|    explained_variance   | 0.644       |
|    learning_rate        | 0.0003      |
|    loss                 | 78.3        |
|    n_updates            | 2620        |
|    policy_gradient_loss | 0.00135     |
|    std                  | 0.733       |
|    value_loss           | 48.3        |
-----------------------------------------
-----------------------------------------
| rollout/                |             |
|    ep_len_mean          | 1.19e+03    |
|    ep_rew_mean          | 97.2        |
| time/                   |             |
|    fps                  | 1562        |
|    iterations           | 26          |
|    time_elapsed         | 34          |
|    total_timesteps      | 1077248     |
| train/                  |             |
|    approx_kl            | 0.012960998 |
|    clip_fraction        | 0.191       |
|    clip_range           | 0.2         |
|    entropy_loss         | -2.21       |
|    explained_variance   | 0.726       |
|    learning_rate        | 0.0003      |
|    loss                 | 1.74        |
|    n_updates            | 2625        |
|    policy_gradient_loss | 0.00775     |
|    std                  | 0.732       |
|    value_loss           | 26.6        |
-----------------------------------------
----------------------------------------
| rollout/                |            |
|    ep_len_mean          | 1.2e+03    |
|    ep_rew_mean          | 97.2       |
| time/                   |            |
|    fps                  | 1562       |
|    iterations           | 27         |
|    time_elapsed         | 35         |
|    total_timesteps      | 1079296    |
| train/                  |            |
|    approx_kl            | 0.00826682 |
|    clip_fraction        | 0.0659     |
|    clip_range           | 0.2        |
|    entropy_loss         | -2.21      |
|    explained_variance   | 0.543      |
|    learning_rate        | 0.0003     |
|    loss                 | 1.46       |
|    n_updates            | 2630       |
|    policy_gradient_loss | -0.00382   |
|    std                  | 0.732      |
|    value_loss           | 61.1       |
----------------------------------------
-----------------------------------------
| rollout/                |             |
|    ep_len_mean          | 1.19e+03    |
|    ep_rew_mean          | 98.8        |
| time/                   |             |
|    fps                  | 1564        |
|    iterations           | 28          |
|    time_elapsed         | 36          |
|    total_timesteps      | 1081344     |
| train/                  |             |
|    approx_kl            | 0.012953326 |
|    clip_fraction        | 0.0769      |
|    clip_range           | 0.2         |
|    entropy_loss         | -2.21       |
|    explained_variance   | 0.613       |
|    learning_rate        | 0.0003      |
|    loss                 | 0.966       |
|    n_updates            | 2635        |
|    policy_gradient_loss | -0.00177    |
|    std                  | 0.731       |
|    value_loss           | 60.6        |
-----------------------------------------
-----------------------------------------
| rollout/                |             |
|    ep_len_mean          | 1.19e+03    |
|    ep_rew_mean          | 98.8        |
| time/                   |             |
|    fps                  | 1562        |
|    iterations           | 29          |
|    time_elapsed         | 38          |
|    total_timesteps      | 1083392     |
| train/                  |             |
|    approx_kl            | 0.024421489 |
|    clip_fraction        | 0.295       |
|    clip_range           | 0.2         |
|    entropy_loss         | -2.21       |
|    explained_variance   | 0.619       |
|    learning_rate        | 0.0003      |
|    loss                 | 0.587       |
|    n_updates            | 2640        |
|    policy_gradient_loss | 0.0156      |
|    std                  | 0.73        |
|    value_loss           | 48.3        |
-----------------------------------------
-----------------------------------------
| rollout/                |             |
|    ep_len_mean          | 1.21e+03    |
|    ep_rew_mean          | 97.2        |
| time/                   |             |
|    fps                  | 1566        |
|    iterations           | 30          |
|    time_elapsed         | 39          |
|    total_timesteps      | 1085440     |
| train/                  |             |
|    approx_kl            | 0.010798002 |
|    clip_fraction        | 0.148       |
|    clip_range           | 0.2         |
|    entropy_loss         | -2.2        |
|    explained_variance   | 0.896       |
|    learning_rate        | 0.0003      |
|    loss                 | 6.16        |
|    n_updates            | 2645        |
|    policy_gradient_loss | 0.00568     |
|    std                  | 0.728       |
|    value_loss           | 14.4        |
-----------------------------------------
-----------------------------------------
| rollout/                |             |
|    ep_len_mean          | 1.22e+03    |
|    ep_rew_mean          | 95.9        |
| time/                   |             |
|    fps                  | 1562        |
|    iterations           | 31          |
|    time_elapsed         | 40          |
|    total_timesteps      | 1087488     |
| train/                  |             |
|    approx_kl            | 0.039666392 |
|    clip_fraction        | 0.167       |
|    clip_range           | 0.2         |
|    entropy_loss         | -2.2        |
|    explained_variance   | 0.731       |
|    learning_rate        | 0.0003      |
|    loss                 | 24.2        |
|    n_updates            | 2650        |
|    policy_gradient_loss | 0.00988     |
|    std                  | 0.728       |
|    value_loss           | 58.6        |
-----------------------------------------
----------------------------------------
| rollout/                |            |
|    ep_len_mean          | 1.22e+03   |
|    ep_rew_mean          | 95.8       |
| time/                   |            |
|    fps                  | 1563       |
|    iterations           | 32         |
|    time_elapsed         | 41         |
|    total_timesteps      | 1089536    |
| train/                  |            |
|    approx_kl            | 0.16843942 |
|    clip_fraction        | 0.509      |
|    clip_range           | 0.2        |
|    entropy_loss         | -2.2       |
|    explained_variance   | 0.944      |
|    learning_rate        | 0.0003     |
|    loss                 | 2.04       |
|    n_updates            | 2655       |
|    policy_gradient_loss | 0.0515     |
|    std                  | 0.727      |
|    value_loss           | 6.57       |
----------------------------------------
-----------------------------------------
| rollout/                |             |
|    ep_len_mean          | 1.23e+03    |
|    ep_rew_mean          | 95.7        |
| time/                   |             |
|    fps                  | 1562        |
|    iterations           | 33          |
|    time_elapsed         | 43          |
|    total_timesteps      | 1091584     |
| train/                  |             |
|    approx_kl            | 0.011389814 |
|    clip_fraction        | 0.119       |
|    clip_range           | 0.2         |
|    entropy_loss         | -2.2        |
|    explained_variance   | 0.697       |
|    learning_rate        | 0.0003      |
|    loss                 | 76.4        |
|    n_updates            | 2660        |
|    policy_gradient_loss | -0.00118    |
|    std                  | 0.726       |
|    value_loss           | 48.1        |
-----------------------------------------
-----------------------------------------
| rollout/                |             |
|    ep_len_mean          | 1.22e+03    |
|    ep_rew_mean          | 95.9        |
| time/                   |             |
|    fps                  | 1559        |
|    iterations           | 34          |
|    time_elapsed         | 44          |
|    total_timesteps      | 1093632     |
| train/                  |             |
|    approx_kl            | 0.015905056 |
|    clip_fraction        | 0.238       |
|    clip_range           | 0.2         |
|    entropy_loss         | -2.19       |
|    explained_variance   | 0.894       |
|    learning_rate        | 0.0003      |
|    loss                 | 2.78        |
|    n_updates            | 2665        |
|    policy_gradient_loss | 0.0101      |
|    std                  | 0.723       |
|    value_loss           | 21.6        |
-----------------------------------------
-----------------------------------------
| rollout/                |             |
|    ep_len_mean          | 1.22e+03    |
|    ep_rew_mean          | 95.9        |
| time/                   |             |
|    fps                  | 1551        |
|    iterations           | 35          |
|    time_elapsed         | 46          |
|    total_timesteps      | 1095680     |
| train/                  |             |
|    approx_kl            | 0.047107384 |
|    clip_fraction        | 0.18        |
|    clip_range           | 0.2         |
|    entropy_loss         | -2.19       |
|    explained_variance   | 0.676       |
|    learning_rate        | 0.0003      |
|    loss                 | 5.28        |
|    n_updates            | 2670        |
|    policy_gradient_loss | 0.00573     |
|    std                  | 0.722       |
|    value_loss           | 57.5        |
-----------------------------------------
-----------------------------------------
| rollout/                |             |
|    ep_len_mean          | 1.23e+03    |
|    ep_rew_mean          | 94.1        |
| time/                   |             |
|    fps                  | 1550        |
|    iterations           | 36          |
|    time_elapsed         | 47          |
|    total_timesteps      | 1097728     |
| train/                  |             |
|    approx_kl            | 0.095200844 |
|    clip_fraction        | 0.168       |
|    clip_range           | 0.2         |
|    entropy_loss         | -2.19       |
|    explained_variance   | 0.856       |
|    learning_rate        | 0.0003      |
|    loss                 | 87          |
|    n_updates            | 2675        |
|    policy_gradient_loss | 0.0137      |
|    std                  | 0.724       |
|    value_loss           | 27.9        |
-----------------------------------------
-----------------------------------------
| rollout/                |             |
|    ep_len_mean          | 1.23e+03    |
|    ep_rew_mean          | 94.1        |
| time/                   |             |
|    fps                  | 1547        |
|    iterations           | 37          |
|    time_elapsed         | 48          |
|    total_timesteps      | 1099776     |
| train/                  |             |
|    approx_kl            | 0.018959766 |
|    clip_fraction        | 0.27        |
|    clip_range           | 0.2         |
|    entropy_loss         | -2.19       |
|    explained_variance   | 0.631       |
|    learning_rate        | 0.0003      |
|    loss                 | 1.73        |
|    n_updates            | 2680        |
|    policy_gradient_loss | 0.01        |
|    std                  | 0.726       |
|    value_loss           | 68.7        |
-----------------------------------------
-----------------------------------------
| rollout/                |             |
|    ep_len_mean          | 1.23e+03    |
|    ep_rew_mean          | 94.1        |
| time/                   |             |
|    fps                  | 1552        |
|    iterations           | 38          |
|    time_elapsed         | 50          |
|    total_timesteps      | 1101824     |
| train/                  |             |
|    approx_kl            | 0.016235316 |
|    clip_fraction        | 0.255       |
|    clip_range           | 0.2         |
|    entropy_loss         | -2.2        |
|    explained_variance   | 0.794       |
|    learning_rate        | 0.0003      |
|    loss                 | 3.74        |
|    n_updates            | 2685        |
|    policy_gradient_loss | 0.00926     |
|    std                  | 0.726       |
|    value_loss           | 21.9        |
-----------------------------------------
-----------------------------------------
| rollout/                |             |
|    ep_len_mean          | 1.23e+03    |
|    ep_rew_mean          | 94.1        |
| time/                   |             |
|    fps                  | 1554        |
|    iterations           | 39          |
|    time_elapsed         | 51          |
|    total_timesteps      | 1103872     |
| train/                  |             |
|    approx_kl            | 0.012523161 |
|    clip_fraction        | 0.137       |
|    clip_range           | 0.2         |
|    entropy_loss         | -2.2        |
|    explained_variance   | 0.785       |
|    learning_rate        | 0.0003      |
|    loss                 | 1.68        |
|    n_updates            | 2690        |
|    policy_gradient_loss | 0.000712    |
|    std                  | 0.726       |
|    value_loss           | 55.1        |
-----------------------------------------
-----------------------------------------
| rollout/                |             |
|    ep_len_mean          | 1.23e+03    |
|    ep_rew_mean          | 93.9        |
| time/                   |             |
|    fps                  | 1557        |
|    iterations           | 40          |
|    time_elapsed         | 52          |
|    total_timesteps      | 1105920     |
| train/                  |             |
|    approx_kl            | 0.009237887 |
|    clip_fraction        | 0.0862      |
|    clip_range           | 0.2         |
|    entropy_loss         | -2.2        |
|    explained_variance   | 0.608       |
|    learning_rate        | 0.0003      |
|    loss                 | 3.47        |
|    n_updates            | 2695        |
|    policy_gradient_loss | -0.00166    |
|    std                  | 0.726       |
|    value_loss           | 27.1        |
-----------------------------------------
------------------------------------------
| rollout/                |              |
|    ep_len_mean          | 1.23e+03     |
|    ep_rew_mean          | 93.9         |
| time/                   |              |
|    fps                  | 1553         |
|    iterations           | 41           |
|    time_elapsed         | 54           |
|    total_timesteps      | 1107968      |
| train/                  |              |
|    approx_kl            | 0.0062814066 |
|    clip_fraction        | 0.0534       |
|    clip_range           | 0.2          |
|    entropy_loss         | -2.19        |
|    explained_variance   | 0.825        |
|    learning_rate        | 0.0003       |
|    loss                 | 1.5          |
|    n_updates            | 2700         |
|    policy_gradient_loss | -0.00321     |
|    std                  | 0.725        |
|    value_loss           | 62.3         |
------------------------------------------
-----------------------------------------
| rollout/                |             |
|    ep_len_mean          | 1.23e+03    |
|    ep_rew_mean          | 93.8        |
| time/                   |             |
|    fps                  | 1558        |
|    iterations           | 42          |
|    time_elapsed         | 55          |
|    total_timesteps      | 1110016     |
| train/                  |             |
|    approx_kl            | 0.011972559 |
|    clip_fraction        | 0.189       |
|    clip_range           | 0.2         |
|    entropy_loss         | -2.19       |
|    explained_variance   | 0.83        |
|    learning_rate        | 0.0003      |
|    loss                 | 5.78        |
|    n_updates            | 2705        |
|    policy_gradient_loss | 0.00301     |
|    std                  | 0.725       |
|    value_loss           | 6.35        |
-----------------------------------------
-----------------------------------------
| rollout/                |             |
|    ep_len_mean          | 1.23e+03    |
|    ep_rew_mean          | 93.6        |
| time/                   |             |
|    fps                  | 1559        |
|    iterations           | 43          |
|    time_elapsed         | 56          |
|    total_timesteps      | 1112064     |
| train/                  |             |
|    approx_kl            | 0.012552708 |
|    clip_fraction        | 0.172       |
|    clip_range           | 0.2         |
|    entropy_loss         | -2.19       |
|    explained_variance   | 0.576       |
|    learning_rate        | 0.0003      |
|    loss                 | 75.3        |
|    n_updates            | 2710        |
|    policy_gradient_loss | 0.00411     |
|    std                  | 0.724       |
|    value_loss           | 75.1        |
-----------------------------------------
-----------------------------------------
| rollout/                |             |
|    ep_len_mean          | 1.23e+03    |
|    ep_rew_mean          | 93.6        |
| time/                   |             |
|    fps                  | 1562        |
|    iterations           | 44          |
|    time_elapsed         | 57          |
|    total_timesteps      | 1114112     |
| train/                  |             |
|    approx_kl            | 0.065700255 |
|    clip_fraction        | 0.35        |
|    clip_range           | 0.2         |
|    entropy_loss         | -2.19       |
|    explained_variance   | 0.822       |
|    learning_rate        | 0.0003      |
|    loss                 | 3           |
|    n_updates            | 2715        |
|    policy_gradient_loss | 0.0284      |
|    std                  | 0.722       |
|    value_loss           | 22.3        |
-----------------------------------------
-----------------------------------------
| rollout/                |             |
|    ep_len_mean          | 1.23e+03    |
|    ep_rew_mean          | 93.5        |
| time/                   |             |
|    fps                  | 1565        |
|    iterations           | 45          |
|    time_elapsed         | 58          |
|    total_timesteps      | 1116160     |
| train/                  |             |
|    approx_kl            | 0.010697475 |
|    clip_fraction        | 0.157       |
|    clip_range           | 0.2         |
|    entropy_loss         | -2.19       |
|    explained_variance   | 0.732       |
|    learning_rate        | 0.0003      |
|    loss                 | 2.07        |
|    n_updates            | 2720        |
|    policy_gradient_loss | 0.0032      |
|    std                  | 0.723       |
|    value_loss           | 58.2        |
-----------------------------------------
-----------------------------------------
| rollout/                |             |
|    ep_len_mean          | 1.24e+03    |
|    ep_rew_mean          | 93.6        |
| time/                   |             |
|    fps                  | 1569        |
|    iterations           | 46          |
|    time_elapsed         | 60          |
|    total_timesteps      | 1118208     |
| train/                  |             |
|    approx_kl            | 0.009779111 |
|    clip_fraction        | 0.0864      |
|    clip_range           | 0.2         |
|    entropy_loss         | -2.19       |
|    explained_variance   | 0.706       |
|    learning_rate        | 0.0003      |
|    loss                 | 0.505       |
|    n_updates            | 2725        |
|    policy_gradient_loss | 0.000544    |
|    std                  | 0.723       |
|    value_loss           | 22.8        |
-----------------------------------------
-----------------------------------------
| rollout/                |             |
|    ep_len_mean          | 1.23e+03    |
|    ep_rew_mean          | 95          |
| time/                   |             |
|    fps                  | 1570        |
|    iterations           | 47          |
|    time_elapsed         | 61          |
|    total_timesteps      | 1120256     |
| train/                  |             |
|    approx_kl            | 0.015017362 |
|    clip_fraction        | 0.14        |
|    clip_range           | 0.2         |
|    entropy_loss         | -2.19       |
|    explained_variance   | 0.807       |
|    learning_rate        | 0.0003      |
|    loss                 | 1.32        |
|    n_updates            | 2730        |
|    policy_gradient_loss | 0.00195     |
|    std                  | 0.723       |
|    value_loss           | 24.2        |
-----------------------------------------
-----------------------------------------
| rollout/                |             |
|    ep_len_mean          | 1.21e+03    |
|    ep_rew_mean          | 96.4        |
| time/                   |             |
|    fps                  | 1569        |
|    iterations           | 48          |
|    time_elapsed         | 62          |
|    total_timesteps      | 1122304     |
| train/                  |             |
|    approx_kl            | 0.007970359 |
|    clip_fraction        | 0.106       |
|    clip_range           | 0.2         |
|    entropy_loss         | -2.18       |
|    explained_variance   | 0.71        |
|    learning_rate        | 0.0003      |
|    loss                 | 2.59        |
|    n_updates            | 2735        |
|    policy_gradient_loss | -0.000923   |
|    std                  | 0.721       |
|    value_loss           | 32.9        |
-----------------------------------------
-----------------------------------------
| rollout/                |             |
|    ep_len_mean          | 1.19e+03    |
|    ep_rew_mean          | 98          |
| time/                   |             |
|    fps                  | 1567        |
|    iterations           | 49          |
|    time_elapsed         | 64          |
|    total_timesteps      | 1124352     |
| train/                  |             |
|    approx_kl            | 0.010473838 |
|    clip_fraction        | 0.197       |
|    clip_range           | 0.2         |
|    entropy_loss         | -2.18       |
|    explained_variance   | 0.692       |
|    learning_rate        | 0.0003      |
|    loss                 | 3.12        |
|    n_updates            | 2740        |
|    policy_gradient_loss | 0.00649     |
|    std                  | 0.721       |
|    value_loss           | 75          |
-----------------------------------------
-----------------------------------------
| rollout/                |             |
|    ep_len_mean          | 1.18e+03    |
|    ep_rew_mean          | 99.4        |
| time/                   |             |
|    fps                  | 1569        |
|    iterations           | 50          |
|    time_elapsed         | 65          |
|    total_timesteps      | 1126400     |
| train/                  |             |
|    approx_kl            | 0.039430205 |
|    clip_fraction        | 0.263       |
|    clip_range           | 0.2         |
|    entropy_loss         | -2.18       |
|    explained_variance   | 0.75        |
|    learning_rate        | 0.0003      |
|    loss                 | 2.68        |
|    n_updates            | 2745        |
|    policy_gradient_loss | 0.0149      |
|    std                  | 0.72        |
|    value_loss           | 23.1        |
-----------------------------------------
----------------------------------------
| rollout/                |            |
|    ep_len_mean          | 1.18e+03   |
|    ep_rew_mean          | 99.4       |
| time/                   |            |
|    fps                  | 1569       |
|    iterations           | 51         |
|    time_elapsed         | 66         |
|    total_timesteps      | 1128448    |
| train/                  |            |
|    approx_kl            | 0.06776357 |
|    clip_fraction        | 0.219      |
|    clip_range           | 0.2        |
|    entropy_loss         | -2.18      |
|    explained_variance   | 0.717      |
|    learning_rate        | 0.0003     |
|    loss                 | 74.4       |
|    n_updates            | 2750       |
|    policy_gradient_loss | 0.0118     |
|    std                  | 0.719      |
|    value_loss           | 53.5       |
----------------------------------------
-----------------------------------------
| rollout/                |             |
|    ep_len_mean          | 1.19e+03    |
|    ep_rew_mean          | 97.8        |
| time/                   |             |
|    fps                  | 1569        |
|    iterations           | 52          |
|    time_elapsed         | 67          |
|    total_timesteps      | 1130496     |
| train/                  |             |
|    approx_kl            | 0.019609153 |
|    clip_fraction        | 0.141       |
|    clip_range           | 0.2         |
|    entropy_loss         | -2.18       |
|    explained_variance   | 0.807       |
|    learning_rate        | 0.0003      |
|    loss                 | 1.77        |
|    n_updates            | 2755        |
|    policy_gradient_loss | 0.00543     |
|    std                  | 0.719       |
|    value_loss           | 37.8        |
-----------------------------------------
-----------------------------------------
| rollout/                |             |
|    ep_len_mean          | 1.18e+03    |
|    ep_rew_mean          | 99.3        |
| time/                   |             |
|    fps                  | 1572        |
|    iterations           | 53          |
|    time_elapsed         | 69          |
|    total_timesteps      | 1132544     |
| train/                  |             |
|    approx_kl            | 0.005159973 |
|    clip_fraction        | 0.0678      |
|    clip_range           | 0.2         |
|    entropy_loss         | -2.17       |
|    explained_variance   | 0.726       |
|    learning_rate        | 0.0003      |
|    loss                 | 1.36        |
|    n_updates            | 2760        |
|    policy_gradient_loss | -0.000418   |
|    std                  | 0.719       |
|    value_loss           | 26.7        |
-----------------------------------------
-----------------------------------------
| rollout/                |             |
|    ep_len_mean          | 1.19e+03    |
|    ep_rew_mean          | 97.8        |
| time/                   |             |
|    fps                  | 1574        |
|    iterations           | 54          |
|    time_elapsed         | 70          |
|    total_timesteps      | 1134592     |
| train/                  |             |
|    approx_kl            | 0.012028044 |
|    clip_fraction        | 0.0845      |
|    clip_range           | 0.2         |
|    entropy_loss         | -2.18       |
|    explained_variance   | 0.927       |
|    learning_rate        | 0.0003      |
|    loss                 | 1.33        |
|    n_updates            | 2765        |
|    policy_gradient_loss | -0.00295    |
|    std                  | 0.72        |
|    value_loss           | 25          |
-----------------------------------------
----------------------------------------
| rollout/                |            |
|    ep_len_mean          | 1.18e+03   |
|    ep_rew_mean          | 99.2       |
| time/                   |            |
|    fps                  | 1568       |
|    iterations           | 55         |
|    time_elapsed         | 71         |
|    total_timesteps      | 1136640    |
| train/                  |            |
|    approx_kl            | 0.00971524 |
|    clip_fraction        | 0.116      |
|    clip_range           | 0.2        |
|    entropy_loss         | -2.18      |
|    explained_variance   | 0.726      |
|    learning_rate        | 0.0003     |
|    loss                 | 67.5       |
|    n_updates            | 2770       |
|    policy_gradient_loss | -0.00374   |
|    std                  | 0.718      |
|    value_loss           | 43.3       |
----------------------------------------
-----------------------------------------
| rollout/                |             |
|    ep_len_mean          | 1.17e+03    |
|    ep_rew_mean          | 100         |
| time/                   |             |
|    fps                  | 1571        |
|    iterations           | 56          |
|    time_elapsed         | 72          |
|    total_timesteps      | 1138688     |
| train/                  |             |
|    approx_kl            | 0.018108457 |
|    clip_fraction        | 0.248       |
|    clip_range           | 0.2         |
|    entropy_loss         | -2.17       |
|    explained_variance   | 0.871       |
|    learning_rate        | 0.0003      |
|    loss                 | 4.46        |
|    n_updates            | 2775        |
|    policy_gradient_loss | 0.012       |
|    std                  | 0.719       |
|    value_loss           | 23          |
-----------------------------------------
-----------------------------------------
| rollout/                |             |
|    ep_len_mean          | 1.17e+03    |
|    ep_rew_mean          | 100         |
| time/                   |             |
|    fps                  | 1570        |
|    iterations           | 57          |
|    time_elapsed         | 74          |
|    total_timesteps      | 1140736     |
| train/                  |             |
|    approx_kl            | 0.007496119 |
|    clip_fraction        | 0.0443      |
|    clip_range           | 0.2         |
|    entropy_loss         | -2.17       |
|    explained_variance   | 0.711       |
|    learning_rate        | 0.0003      |
|    loss                 | 11.9        |
|    n_updates            | 2780        |
|    policy_gradient_loss | -0.00242    |
|    std                  | 0.718       |
|    value_loss           | 62.1        |
-----------------------------------------
-----------------------------------------
| rollout/                |             |
|    ep_len_mean          | 1.17e+03    |
|    ep_rew_mean          | 100         |
| time/                   |             |
|    fps                  | 1571        |
|    iterations           | 58          |
|    time_elapsed         | 75          |
|    total_timesteps      | 1142784     |
| train/                  |             |
|    approx_kl            | 0.005665702 |
|    clip_fraction        | 0.0454      |
|    clip_range           | 0.2         |
|    entropy_loss         | -2.17       |
|    explained_variance   | 0.828       |
|    learning_rate        | 0.0003      |
|    loss                 | 0.975       |
|    n_updates            | 2785        |
|    policy_gradient_loss | -0.00354    |
|    std                  | 0.718       |
|    value_loss           | 42.6        |
-----------------------------------------
------------------------------------------
| rollout/                |              |
|    ep_len_mean          | 1.21e+03     |
|    ep_rew_mean          | 96.2         |
| time/                   |              |
|    fps                  | 1574         |
|    iterations           | 59           |
|    time_elapsed         | 76           |
|    total_timesteps      | 1144832      |
| train/                  |              |
|    approx_kl            | 0.0035951938 |
|    clip_fraction        | 0.0463       |
|    clip_range           | 0.2          |
|    entropy_loss         | -2.17        |
|    explained_variance   | 0.927        |
|    learning_rate        | 0.0003       |
|    loss                 | 0.217        |
|    n_updates            | 2790         |
|    policy_gradient_loss | -0.00172     |
|    std                  | 0.717        |
|    value_loss           | 10.4         |
------------------------------------------
------------------------------------------
| rollout/                |              |
|    ep_len_mean          | 1.22e+03     |
|    ep_rew_mean          | 94.6         |
| time/                   |              |
|    fps                  | 1574         |
|    iterations           | 60           |
|    time_elapsed         | 78           |
|    total_timesteps      | 1146880      |
| train/                  |              |
|    approx_kl            | 0.0056912294 |
|    clip_fraction        | 0.0446       |
|    clip_range           | 0.2          |
|    entropy_loss         | -2.17        |
|    explained_variance   | 0.892        |
|    learning_rate        | 0.0003       |
|    loss                 | 33.5         |
|    n_updates            | 2795         |
|    policy_gradient_loss | 5.59e-05     |
|    std                  | 0.716        |
|    value_loss           | 26.7         |
------------------------------------------
-----------------------------------------
| rollout/                |             |
|    ep_len_mean          | 1.22e+03    |
|    ep_rew_mean          | 94.6        |
| time/                   |             |
|    fps                  | 1576        |
|    iterations           | 61          |
|    time_elapsed         | 79          |
|    total_timesteps      | 1148928     |
| train/                  |             |
|    approx_kl            | 0.024999216 |
|    clip_fraction        | 0.149       |
|    clip_range           | 0.2         |
|    entropy_loss         | -2.16       |
|    explained_variance   | 0.715       |
|    learning_rate        | 0.0003      |
|    loss                 | 3.94        |
|    n_updates            | 2800        |
|    policy_gradient_loss | 0.00109     |
|    std                  | 0.714       |
|    value_loss           | 27.2        |
-----------------------------------------
-----------------------------------------
| rollout/                |             |
|    ep_len_mean          | 1.22e+03    |
|    ep_rew_mean          | 94.6        |
| time/                   |             |
|    fps                  | 1577        |
|    iterations           | 62          |
|    time_elapsed         | 80          |
|    total_timesteps      | 1150976     |
| train/                  |             |
|    approx_kl            | 0.009930384 |
|    clip_fraction        | 0.12        |
|    clip_range           | 0.2         |
|    entropy_loss         | -2.15       |
|    explained_variance   | 0.699       |
|    learning_rate        | 0.0003      |
|    loss                 | 1.63        |
|    n_updates            | 2805        |
|    policy_gradient_loss | -0.00183    |
|    std                  | 0.71        |
|    value_loss           | 36.4        |
-----------------------------------------
-----------------------------------------
| rollout/                |             |
|    ep_len_mean          | 1.22e+03    |
|    ep_rew_mean          | 94.6        |
| time/                   |             |
|    fps                  | 1577        |
|    iterations           | 63          |
|    time_elapsed         | 81          |
|    total_timesteps      | 1153024     |
| train/                  |             |
|    approx_kl            | 0.007811849 |
|    clip_fraction        | 0.134       |
|    clip_range           | 0.2         |
|    entropy_loss         | -2.15       |
|    explained_variance   | 0.722       |
|    learning_rate        | 0.0003      |
|    loss                 | 27          |
|    n_updates            | 2810        |
|    policy_gradient_loss | 0.00272     |
|    std                  | 0.71        |
|    value_loss           | 53.6        |
-----------------------------------------
-----------------------------------------
| rollout/                |             |
|    ep_len_mean          | 1.21e+03    |
|    ep_rew_mean          | 96.3        |
| time/                   |             |
|    fps                  | 1580        |
|    iterations           | 64          |
|    time_elapsed         | 82          |
|    total_timesteps      | 1155072     |
| train/                  |             |
|    approx_kl            | 0.005750627 |
|    clip_fraction        | 0.0632      |
|    clip_range           | 0.2         |
|    entropy_loss         | -2.15       |
|    explained_variance   | 0.644       |
|    learning_rate        | 0.0003      |
|    loss                 | 2.35        |
|    n_updates            | 2815        |
|    policy_gradient_loss | -0.00335    |
|    std                  | 0.709       |
|    value_loss           | 19.2        |
-----------------------------------------
----------------------------------------
| rollout/                |            |
|    ep_len_mean          | 1.21e+03   |
|    ep_rew_mean          | 96.3       |
| time/                   |            |
|    fps                  | 1579       |
|    iterations           | 65         |
|    time_elapsed         | 84         |
|    total_timesteps      | 1157120    |
| train/                  |            |
|    approx_kl            | 0.01564737 |
|    clip_fraction        | 0.0659     |
|    clip_range           | 0.2        |
|    entropy_loss         | -2.15      |
|    explained_variance   | 0.542      |
|    learning_rate        | 0.0003     |
|    loss                 | 1.64       |
|    n_updates            | 2820       |
|    policy_gradient_loss | -0.00182   |
|    std                  | 0.709      |
|    value_loss           | 69.1       |
----------------------------------------
------------------------------------------
| rollout/                |              |
|    ep_len_mean          | 1.22e+03     |
|    ep_rew_mean          | 94.6         |
| time/                   |              |
|    fps                  | 1581         |
|    iterations           | 66           |
|    time_elapsed         | 85           |
|    total_timesteps      | 1159168      |
| train/                  |              |
|    approx_kl            | 0.0034411284 |
|    clip_fraction        | 0.031        |
|    clip_range           | 0.2          |
|    entropy_loss         | -2.15        |
|    explained_variance   | 0.701        |
|    learning_rate        | 0.0003       |
|    loss                 | 4.5          |
|    n_updates            | 2825         |
|    policy_gradient_loss | -0.00268     |
|    std                  | 0.709        |
|    value_loss           | 26.9         |
------------------------------------------
-----------------------------------------
| rollout/                |             |
|    ep_len_mean          | 1.21e+03    |
|    ep_rew_mean          | 96.1        |
| time/                   |             |
|    fps                  | 1582        |
|    iterations           | 67          |
|    time_elapsed         | 86          |
|    total_timesteps      | 1161216     |
| train/                  |             |
|    approx_kl            | 0.016747626 |
|    clip_fraction        | 0.0691      |
|    clip_range           | 0.2         |
|    entropy_loss         | -2.15       |
|    explained_variance   | 0.828       |
|    learning_rate        | 0.0003      |
|    loss                 | 2.97        |
|    n_updates            | 2830        |
|    policy_gradient_loss | -0.0016     |
|    std                  | 0.709       |
|    value_loss           | 26.6        |
-----------------------------------------
-----------------------------------------
| rollout/                |             |
|    ep_len_mean          | 1.21e+03    |
|    ep_rew_mean          | 96.1        |
| time/                   |             |
|    fps                  | 1580        |
|    iterations           | 68          |
|    time_elapsed         | 88          |
|    total_timesteps      | 1163264     |
| train/                  |             |
|    approx_kl            | 0.005295521 |
|    clip_fraction        | 0.0917      |
|    clip_range           | 0.2         |
|    entropy_loss         | -2.15       |
|    explained_variance   | 0.819       |
|    learning_rate        | 0.0003      |
|    loss                 | 1.81        |
|    n_updates            | 2835        |
|    policy_gradient_loss | 0.000183    |
|    std                  | 0.709       |
|    value_loss           | 52.5        |
-----------------------------------------
----------------------------------------
| rollout/                |            |
|    ep_len_mean          | 1.21e+03   |
|    ep_rew_mean          | 96.1       |
| time/                   |            |
|    fps                  | 1582       |
|    iterations           | 69         |
|    time_elapsed         | 89         |
|    total_timesteps      | 1165312    |
| train/                  |            |
|    approx_kl            | 0.04115209 |
|    clip_fraction        | 0.18       |
|    clip_range           | 0.2        |
|    entropy_loss         | -2.15      |
|    explained_variance   | 0.699      |
|    learning_rate        | 0.0003     |
|    loss                 | 2.24       |
|    n_updates            | 2840       |
|    policy_gradient_loss | -0.00011   |
|    std                  | 0.71       |
|    value_loss           | 28.6       |
----------------------------------------
------------------------------------------
| rollout/                |              |
|    ep_len_mean          | 1.21e+03     |
|    ep_rew_mean          | 95.7         |
| time/                   |              |
|    fps                  | 1585         |
|    iterations           | 70           |
|    time_elapsed         | 90           |
|    total_timesteps      | 1167360      |
| train/                  |              |
|    approx_kl            | 0.0060610715 |
|    clip_fraction        | 0.0712       |
|    clip_range           | 0.2          |
|    entropy_loss         | -2.15        |
|    explained_variance   | 0.817        |
|    learning_rate        | 0.0003       |
|    loss                 | 0.536        |
|    n_updates            | 2845         |
|    policy_gradient_loss | -0.000813    |
|    std                  | 0.711        |
|    value_loss           | 45.9         |
------------------------------------------
-----------------------------------------
| rollout/                |             |
|    ep_len_mean          | 1.23e+03    |
|    ep_rew_mean          | 94.3        |
| time/                   |             |
|    fps                  | 1586        |
|    iterations           | 71          |
|    time_elapsed         | 91          |
|    total_timesteps      | 1169408     |
| train/                  |             |
|    approx_kl            | 0.006452931 |
|    clip_fraction        | 0.102       |
|    clip_range           | 0.2         |
|    entropy_loss         | -2.15       |
|    explained_variance   | 0.927       |
|    learning_rate        | 0.0003      |
|    loss                 | 44.3        |
|    n_updates            | 2850        |
|    policy_gradient_loss | -0.00529    |
|    std                  | 0.711       |
|    value_loss           | 16.7        |
-----------------------------------------
-----------------------------------------
| rollout/                |             |
|    ep_len_mean          | 1.23e+03    |
|    ep_rew_mean          | 94.2        |
| time/                   |             |
|    fps                  | 1587        |
|    iterations           | 72          |
|    time_elapsed         | 92          |
|    total_timesteps      | 1171456     |
| train/                  |             |
|    approx_kl            | 0.028220467 |
|    clip_fraction        | 0.219       |
|    clip_range           | 0.2         |
|    entropy_loss         | -2.15       |
|    explained_variance   | 0.891       |
|    learning_rate        | 0.0003      |
|    loss                 | 0.276       |
|    n_updates            | 2855        |
|    policy_gradient_loss | 0.0133      |
|    std                  | 0.711       |
|    value_loss           | 10.7        |
-----------------------------------------
---------------------------------------
| rollout/                |           |
|    ep_len_mean          | 1.22e+03  |
|    ep_rew_mean          | 95.6      |
| time/                   |           |
|    fps                  | 1587      |
|    iterations           | 73        |
|    time_elapsed         | 94        |
|    total_timesteps      | 1173504   |
| train/                  |           |
|    approx_kl            | 0.0073277 |
|    clip_fraction        | 0.0771    |
|    clip_range           | 0.2       |
|    entropy_loss         | -2.15     |
|    explained_variance   | 0.694     |
|    learning_rate        | 0.0003    |
|    loss                 | 1.27      |
|    n_updates            | 2860      |
|    policy_gradient_loss | -0.00493  |
|    std                  | 0.711     |
|    value_loss           | 39.2      |
---------------------------------------
-----------------------------------------
| rollout/                |             |
|    ep_len_mean          | 1.2e+03     |
|    ep_rew_mean          | 97.1        |
| time/                   |             |
|    fps                  | 1586        |
|    iterations           | 74          |
|    time_elapsed         | 95          |
|    total_timesteps      | 1175552     |
| train/                  |             |
|    approx_kl            | 0.016176825 |
|    clip_fraction        | 0.115       |
|    clip_range           | 0.2         |
|    entropy_loss         | -2.15       |
|    explained_variance   | 0.613       |
|    learning_rate        | 0.0003      |
|    loss                 | 2.7         |
|    n_updates            | 2865        |
|    policy_gradient_loss | -0.0025     |
|    std                  | 0.709       |
|    value_loss           | 47.7        |
-----------------------------------------
-----------------------------------------
| rollout/                |             |
|    ep_len_mean          | 1.2e+03     |
|    ep_rew_mean          | 97.1        |
| time/                   |             |
|    fps                  | 1586        |
|    iterations           | 75          |
|    time_elapsed         | 96          |
|    total_timesteps      | 1177600     |
| train/                  |             |
|    approx_kl            | 0.007508233 |
|    clip_fraction        | 0.125       |
|    clip_range           | 0.2         |
|    entropy_loss         | -2.14       |
|    explained_variance   | 0.733       |
|    learning_rate        | 0.0003      |
|    loss                 | 1.68        |
|    n_updates            | 2870        |
|    policy_gradient_loss | 0.00318     |
|    std                  | 0.707       |
|    value_loss           | 48.7        |
-----------------------------------------
-----------------------------------------
| rollout/                |             |
|    ep_len_mean          | 1.2e+03     |
|    ep_rew_mean          | 97.1        |
| time/                   |             |
|    fps                  | 1589        |
|    iterations           | 76          |
|    time_elapsed         | 97          |
|    total_timesteps      | 1179648     |
| train/                  |             |
|    approx_kl            | 0.020141257 |
|    clip_fraction        | 0.218       |
|    clip_range           | 0.2         |
|    entropy_loss         | -2.14       |
|    explained_variance   | 0.753       |
|    learning_rate        | 0.0003      |
|    loss                 | 2.09        |
|    n_updates            | 2875        |
|    policy_gradient_loss | 0.00573     |
|    std                  | 0.706       |
|    value_loss           | 24.4        |
-----------------------------------------
------------------------------------------
| rollout/                |              |
|    ep_len_mean          | 1.2e+03      |
|    ep_rew_mean          | 97.1         |
| time/                   |              |
|    fps                  | 1590         |
|    iterations           | 77           |
|    time_elapsed         | 99           |
|    total_timesteps      | 1181696      |
| train/                  |              |
|    approx_kl            | 0.0072784885 |
|    clip_fraction        | 0.0901       |
|    clip_range           | 0.2          |
|    entropy_loss         | -2.14        |
|    explained_variance   | 0.827        |
|    learning_rate        | 0.0003       |
|    loss                 | 3.39         |
|    n_updates            | 2880         |
|    policy_gradient_loss | 0.00121      |
|    std                  | 0.706        |
|    value_loss           | 35.4         |
------------------------------------------
------------------------------------------
| rollout/                |              |
|    ep_len_mean          | 1.22e+03     |
|    ep_rew_mean          | 95.5         |
| time/                   |              |
|    fps                  | 1592         |
|    iterations           | 78           |
|    time_elapsed         | 100          |
|    total_timesteps      | 1183744      |
| train/                  |              |
|    approx_kl            | 0.0059399996 |
|    clip_fraction        | 0.0453       |
|    clip_range           | 0.2          |
|    entropy_loss         | -2.13        |
|    explained_variance   | 0.786        |
|    learning_rate        | 0.0003       |
|    loss                 | 33.3         |
|    n_updates            | 2885         |
|    policy_gradient_loss | -0.0013      |
|    std                  | 0.705        |
|    value_loss           | 17.6         |
------------------------------------------
-----------------------------------------
| rollout/                |             |
|    ep_len_mean          | 1.22e+03    |
|    ep_rew_mean          | 95.2        |
| time/                   |             |
|    fps                  | 1589        |
|    iterations           | 79          |
|    time_elapsed         | 101         |
|    total_timesteps      | 1185792     |
| train/                  |             |
|    approx_kl            | 0.008985083 |
|    clip_fraction        | 0.0839      |
|    clip_range           | 0.2         |
|    entropy_loss         | -2.13       |
|    explained_variance   | 0.801       |
|    learning_rate        | 0.0003      |
|    loss                 | 0.525       |
|    n_updates            | 2890        |
|    policy_gradient_loss | 0.000751    |
|    std                  | 0.705       |
|    value_loss           | 40.8        |
-----------------------------------------
----------------------------------------
| rollout/                |            |
|    ep_len_mean          | 1.2e+03    |
|    ep_rew_mean          | 96.6       |
| time/                   |            |
|    fps                  | 1588       |
|    iterations           | 80         |
|    time_elapsed         | 103        |
|    total_timesteps      | 1187840    |
| train/                  |            |
|    approx_kl            | 0.05351328 |
|    clip_fraction        | 0.376      |
|    clip_range           | 0.2        |
|    entropy_loss         | -2.13      |
|    explained_variance   | 0.786      |
|    learning_rate        | 0.0003     |
|    loss                 | 1.27       |
|    n_updates            | 2895       |
|    policy_gradient_loss | 0.0275     |
|    std                  | 0.704      |
|    value_loss           | 21.4       |
----------------------------------------
-----------------------------------------
| rollout/                |             |
|    ep_len_mean          | 1.21e+03    |
|    ep_rew_mean          | 96.5        |
| time/                   |             |
|    fps                  | 1586        |
|    iterations           | 81          |
|    time_elapsed         | 104         |
|    total_timesteps      | 1189888     |
| train/                  |             |
|    approx_kl            | 0.014786892 |
|    clip_fraction        | 0.162       |
|    clip_range           | 0.2         |
|    entropy_loss         | -2.13       |
|    explained_variance   | 0.874       |
|    learning_rate        | 0.0003      |
|    loss                 | 6.49        |
|    n_updates            | 2900        |
|    policy_gradient_loss | 0.00298     |
|    std                  | 0.703       |
|    value_loss           | 20.4        |
-----------------------------------------
-----------------------------------------
| rollout/                |             |
|    ep_len_mean          | 1.18e+03    |
|    ep_rew_mean          | 99.8        |
| time/                   |             |
|    fps                  | 1584        |
|    iterations           | 82          |
|    time_elapsed         | 106         |
|    total_timesteps      | 1191936     |
| train/                  |             |
|    approx_kl            | 0.030167889 |
|    clip_fraction        | 0.135       |
|    clip_range           | 0.2         |
|    entropy_loss         | -2.13       |
|    explained_variance   | 0.803       |
|    learning_rate        | 0.0003      |
|    loss                 | 42.5        |
|    n_updates            | 2905        |
|    policy_gradient_loss | 0.00198     |
|    std                  | 0.704       |
|    value_loss           | 30.3        |
-----------------------------------------
------------------------------------------
| rollout/                |              |
|    ep_len_mean          | 1.2e+03      |
|    ep_rew_mean          | 98.2         |
| time/                   |              |
|    fps                  | 1582         |
|    iterations           | 83           |
|    time_elapsed         | 107          |
|    total_timesteps      | 1193984      |
| train/                  |              |
|    approx_kl            | 0.0023636469 |
|    clip_fraction        | 0.0743       |
|    clip_range           | 0.2          |
|    entropy_loss         | -2.13        |
|    explained_variance   | 0.775        |
|    learning_rate        | 0.0003       |
|    loss                 | 2.92         |
|    n_updates            | 2910         |
|    policy_gradient_loss | -0.000325    |
|    std                  | 0.704        |
|    value_loss           | 70.8         |
------------------------------------------
-----------------------------------------
| rollout/                |             |
|    ep_len_mean          | 1.2e+03     |
|    ep_rew_mean          | 98.2        |
| time/                   |             |
|    fps                  | 1581        |
|    iterations           | 84          |
|    time_elapsed         | 108         |
|    total_timesteps      | 1196032     |
| train/                  |             |
|    approx_kl            | 0.007507981 |
|    clip_fraction        | 0.0685      |
|    clip_range           | 0.2         |
|    entropy_loss         | -2.13       |
|    explained_variance   | 0.879       |
|    learning_rate        | 0.0003      |
|    loss                 | 2.72        |
|    n_updates            | 2915        |
|    policy_gradient_loss | -0.00166    |
|    std                  | 0.706       |
|    value_loss           | 23.1        |
-----------------------------------------
------------------------------------------
| rollout/                |              |
|    ep_len_mean          | 1.19e+03     |
|    ep_rew_mean          | 98.2         |
| time/                   |              |
|    fps                  | 1580         |
|    iterations           | 85           |
|    time_elapsed         | 110          |
|    total_timesteps      | 1198080      |
| train/                  |              |
|    approx_kl            | 0.0055712964 |
|    clip_fraction        | 0.0646       |
|    clip_range           | 0.2          |
|    entropy_loss         | -2.14        |
|    explained_variance   | 0.865        |
|    learning_rate        | 0.0003       |
|    loss                 | 3.73         |
|    n_updates            | 2920         |
|    policy_gradient_loss | -0.000238    |
|    std                  | 0.706        |
|    value_loss           | 34           |
------------------------------------------
------------------------------------------
| rollout/                |              |
|    ep_len_mean          | 1.19e+03     |
|    ep_rew_mean          | 98.2         |
| time/                   |              |
|    fps                  | 1578         |
|    iterations           | 86           |
|    time_elapsed         | 111          |
|    total_timesteps      | 1200128      |
| train/                  |              |
|    approx_kl            | 0.0069556045 |
|    clip_fraction        | 0.0899       |
|    clip_range           | 0.2          |
|    entropy_loss         | -2.14        |
|    explained_variance   | 0.652        |
|    learning_rate        | 0.0003       |
|    loss                 | 15.5         |
|    n_updates            | 2925         |
|    policy_gradient_loss | 0.00146      |
|    std                  | 0.706        |
|    value_loss           | 39.1         |
------------------------------------------
-----------------------------------------
| rollout/                |             |
|    ep_len_mean          | 1.2e+03     |
|    ep_rew_mean          | 98.1        |
| time/                   |             |
|    fps                  | 1576        |
|    iterations           | 87          |
|    time_elapsed         | 113         |
|    total_timesteps      | 1202176     |
| train/                  |             |
|    approx_kl            | 0.008272337 |
|    clip_fraction        | 0.0681      |
|    clip_range           | 0.2         |
|    entropy_loss         | -2.14       |
|    explained_variance   | 0.849       |
|    learning_rate        | 0.0003      |
|    loss                 | 5.75        |
|    n_updates            | 2930        |
|    policy_gradient_loss | -0.00148    |
|    std                  | 0.706       |
|    value_loss           | 37.4        |
-----------------------------------------
-----------------------------------------
| rollout/                |             |
|    ep_len_mean          | 1.21e+03    |
|    ep_rew_mean          | 96.5        |
| time/                   |             |
|    fps                  | 1576        |
|    iterations           | 88          |
|    time_elapsed         | 114         |
|    total_timesteps      | 1204224     |
| train/                  |             |
|    approx_kl            | 0.013073492 |
|    clip_fraction        | 0.16        |
|    clip_range           | 0.2         |
|    entropy_loss         | -2.13       |
|    explained_variance   | 0.924       |
|    learning_rate        | 0.0003      |
|    loss                 | 0.293       |
|    n_updates            | 2935        |
|    policy_gradient_loss | 0.000411    |
|    std                  | 0.705       |
|    value_loss           | 19.4        |
-----------------------------------------
------------------------------------------
| rollout/                |              |
|    ep_len_mean          | 1.19e+03     |
|    ep_rew_mean          | 99.5         |
| time/                   |              |
|    fps                  | 1575         |
|    iterations           | 89           |
|    time_elapsed         | 115          |
|    total_timesteps      | 1206272      |
| train/                  |              |
|    approx_kl            | 0.0068230014 |
|    clip_fraction        | 0.0563       |
|    clip_range           | 0.2          |
|    entropy_loss         | -2.13        |
|    explained_variance   | 0.844        |
|    learning_rate        | 0.0003       |
|    loss                 | 57.5         |
|    n_updates            | 2940         |
|    policy_gradient_loss | -0.000906    |
|    std                  | 0.704        |
|    value_loss           | 22.9         |
------------------------------------------
-----------------------------------------
| rollout/                |             |
|    ep_len_mean          | 1.18e+03    |
|    ep_rew_mean          | 99.6        |
| time/                   |             |
|    fps                  | 1574        |
|    iterations           | 90          |
|    time_elapsed         | 117         |
|    total_timesteps      | 1208320     |
| train/                  |             |
|    approx_kl            | 0.030274268 |
|    clip_fraction        | 0.316       |
|    clip_range           | 0.2         |
|    entropy_loss         | -2.13       |
|    explained_variance   | 0.827       |
|    learning_rate        | 0.0003      |
|    loss                 | 1.33        |
|    n_updates            | 2945        |
|    policy_gradient_loss | 0.0119      |
|    std                  | 0.703       |
|    value_loss           | 47.2        |
-----------------------------------------
-----------------------------------------
| rollout/                |             |
|    ep_len_mean          | 1.18e+03    |
|    ep_rew_mean          | 99.6        |
| time/                   |             |
|    fps                  | 1572        |
|    iterations           | 91          |
|    time_elapsed         | 118         |
|    total_timesteps      | 1210368     |
| train/                  |             |
|    approx_kl            | 0.015541684 |
|    clip_fraction        | 0.0744      |
|    clip_range           | 0.2         |
|    entropy_loss         | -2.13       |
|    explained_variance   | 0.839       |
|    learning_rate        | 0.0003      |
|    loss                 | 3.92        |
|    n_updates            | 2950        |
|    policy_gradient_loss | -0.00201    |
|    std                  | 0.701       |
|    value_loss           | 35          |
-----------------------------------------
----------------------------------------
| rollout/                |            |
|    ep_len_mean          | 1.17e+03   |
|    ep_rew_mean          | 101        |
| time/                   |            |
|    fps                  | 1572       |
|    iterations           | 92         |
|    time_elapsed         | 119        |
|    total_timesteps      | 1212416    |
| train/                  |            |
|    approx_kl            | 0.04594199 |
|    clip_fraction        | 0.279      |
|    clip_range           | 0.2        |
|    entropy_loss         | -2.12      |
|    explained_variance   | 0.806      |
|    learning_rate        | 0.0003     |
|    loss                 | 1.65       |
|    n_updates            | 2955       |
|    policy_gradient_loss | 0.0126     |
|    std                  | 0.702      |
|    value_loss           | 36.4       |
----------------------------------------
-----------------------------------------
| rollout/                |             |
|    ep_len_mean          | 1.18e+03    |
|    ep_rew_mean          | 101         |
| time/                   |             |
|    fps                  | 1571        |
|    iterations           | 93          |
|    time_elapsed         | 121         |
|    total_timesteps      | 1214464     |
| train/                  |             |
|    approx_kl            | 0.021774305 |
|    clip_fraction        | 0.109       |
|    clip_range           | 0.2         |
|    entropy_loss         | -2.13       |
|    explained_variance   | 0.854       |
|    learning_rate        | 0.0003      |
|    loss                 | 2.34        |
|    n_updates            | 2960        |
|    policy_gradient_loss | 0.000476    |
|    std                  | 0.702       |
|    value_loss           | 19.5        |
-----------------------------------------
-----------------------------------------
| rollout/                |             |
|    ep_len_mean          | 1.19e+03    |
|    ep_rew_mean          | 99.4        |
| time/                   |             |
|    fps                  | 1569        |
|    iterations           | 94          |
|    time_elapsed         | 122         |
|    total_timesteps      | 1216512     |
| train/                  |             |
|    approx_kl            | 0.020768762 |
|    clip_fraction        | 0.106       |
|    clip_range           | 0.2         |
|    entropy_loss         | -2.13       |
|    explained_variance   | 0.785       |
|    learning_rate        | 0.0003      |
|    loss                 | 44.8        |
|    n_updates            | 2965        |
|    policy_gradient_loss | -0.00187    |
|    std                  | 0.702       |
|    value_loss           | 44.6        |
-----------------------------------------
------------------------------------------
| rollout/                |              |
|    ep_len_mean          | 1.18e+03     |
|    ep_rew_mean          | 101          |
| time/                   |              |
|    fps                  | 1566         |
|    iterations           | 95           |
|    time_elapsed         | 124          |
|    total_timesteps      | 1218560      |
| train/                  |              |
|    approx_kl            | 0.0038569132 |
|    clip_fraction        | 0.0553       |
|    clip_range           | 0.2          |
|    entropy_loss         | -2.12        |
|    explained_variance   | 0.893        |
|    learning_rate        | 0.0003       |
|    loss                 | 1.95         |
|    n_updates            | 2970         |
|    policy_gradient_loss | -0.000817    |
|    std                  | 0.702        |
|    value_loss           | 11.8         |
------------------------------------------
-----------------------------------------
| rollout/                |             |
|    ep_len_mean          | 1.18e+03    |
|    ep_rew_mean          | 101         |
| time/                   |             |
|    fps                  | 1563        |
|    iterations           | 96          |
|    time_elapsed         | 125         |
|    total_timesteps      | 1220608     |
| train/                  |             |
|    approx_kl            | 0.017442517 |
|    clip_fraction        | 0.134       |
|    clip_range           | 0.2         |
|    entropy_loss         | -2.12       |
|    explained_variance   | 0.84        |
|    learning_rate        | 0.0003      |
|    loss                 | 1.54        |
|    n_updates            | 2975        |
|    policy_gradient_loss | -0.000894   |
|    std                  | 0.701       |
|    value_loss           | 45          |
-----------------------------------------
------------------------------------------
| rollout/                |              |
|    ep_len_mean          | 1.18e+03     |
|    ep_rew_mean          | 101          |
| time/                   |              |
|    fps                  | 1560         |
|    iterations           | 97           |
|    time_elapsed         | 127          |
|    total_timesteps      | 1222656      |
| train/                  |              |
|    approx_kl            | 0.0061174147 |
|    clip_fraction        | 0.0396       |
|    clip_range           | 0.2          |
|    entropy_loss         | -2.12        |
|    explained_variance   | 0.768        |
|    learning_rate        | 0.0003       |
|    loss                 | 59.1         |
|    n_updates            | 2980         |
|    policy_gradient_loss | -0.00262     |
|    std                  | 0.699        |
|    value_loss           | 49.6         |
------------------------------------------
---------------------------------------
| rollout/                |           |
|    ep_len_mean          | 1.19e+03  |
|    ep_rew_mean          | 101       |
| time/                   |           |
|    fps                  | 1559      |
|    iterations           | 98        |
|    time_elapsed         | 128       |
|    total_timesteps      | 1224704   |
| train/                  |           |
|    approx_kl            | 0.1763896 |
|    clip_fraction        | 0.341     |
|    clip_range           | 0.2       |
|    entropy_loss         | -2.12     |
|    explained_variance   | 0.946     |
|    learning_rate        | 0.0003    |
|    loss                 | 0.71      |
|    n_updates            | 2985      |
|    policy_gradient_loss | 0.0506    |
|    std                  | 0.699     |
|    value_loss           | 6.38      |
---------------------------------------
-----------------------------------------
| rollout/                |             |
|    ep_len_mean          | 1.19e+03    |
|    ep_rew_mean          | 101         |
| time/                   |             |
|    fps                  | 1558        |
|    iterations           | 99          |
|    time_elapsed         | 130         |
|    total_timesteps      | 1226752     |
| train/                  |             |
|    approx_kl            | 0.025284393 |
|    clip_fraction        | 0.284       |
|    clip_range           | 0.2         |
|    entropy_loss         | -2.12       |
|    explained_variance   | 0.828       |
|    learning_rate        | 0.0003      |
|    loss                 | 2.34        |
|    n_updates            | 2990        |
|    policy_gradient_loss | 0.0113      |
|    std                  | 0.698       |
|    value_loss           | 60          |
-----------------------------------------
------------------------------------------
| rollout/                |              |
|    ep_len_mean          | 1.2e+03      |
|    ep_rew_mean          | 99.2         |
| time/                   |              |
|    fps                  | 1556         |
|    iterations           | 100          |
|    time_elapsed         | 131          |
|    total_timesteps      | 1228800      |
| train/                  |              |
|    approx_kl            | 0.0039933035 |
|    clip_fraction        | 0.0169       |
|    clip_range           | 0.2          |
|    entropy_loss         | -2.12        |
|    explained_variance   | 0.842        |
|    learning_rate        | 0.0003       |
|    loss                 | 10.3         |
|    n_updates            | 2995         |
|    policy_gradient_loss | -0.0023      |
|    std                  | 0.699        |
|    value_loss           | 43.2         |
------------------------------------------

CP6 held-out: 42/50 hits (84.0%), mean miss 3.9 m, mean reward 106.53
STOP CONDITION: no joint improvement -- review gate before continuing.

==== babysit CP7 2026-09-16 14:10:52 ====
CP7: evasive lineage | max_time=45s t_go_max=10s | tracking=True | obs=12-D | miss_tanh_scale=3000m shaping_gamma=1 effort_weight=5 precision_weight=50 -> out=/Users/vincenzo/Desktop/Projects/Physics Sim Project/missile_guidance_sim/outputs/evasive_zemtgo10_seed14
---------------------------------
| rollout/           |          |
|    ep_len_mean     | 1.2e+03  |
|    ep_rew_mean     | 99.2     |
| time/              |          |
|    fps             | 4862     |
|    iterations      | 1        |
|    time_elapsed    | 0        |
|    total_timesteps | 1230848  |
---------------------------------
-----------------------------------------
| rollout/                |             |
|    ep_len_mean          | 1.19e+03    |
|    ep_rew_mean          | 100         |
| time/                   |             |
|    fps                  | 1961        |
|    iterations           | 2           |
|    time_elapsed         | 2           |
|    total_timesteps      | 1232896     |
| train/                  |             |
|    approx_kl            | 0.017961796 |
|    clip_fraction        | 0.208       |
|    clip_range           | 0.2         |
|    entropy_loss         | 1.16        |
|    explained_variance   | 0.909       |
|    learning_rate        | 5e-05       |
|    loss                 | 1           |
|    n_updates            | 3005        |
|    policy_gradient_loss | 0.00559     |
|    std                  | 0.135       |
|    value_loss           | 1.5         |
-----------------------------------------
-----------------------------------------
| rollout/                |             |
|    ep_len_mean          | 1.19e+03    |
|    ep_rew_mean          | 100         |
| time/                   |             |
|    fps                  | 1726        |
|    iterations           | 3           |
|    time_elapsed         | 3           |
|    total_timesteps      | 1234944     |
| train/                  |             |
|    approx_kl            | 0.018001627 |
|    clip_fraction        | 0.143       |
|    clip_range           | 0.2         |
|    entropy_loss         | 1.16        |
|    explained_variance   | 0.603       |
|    learning_rate        | 5e-05       |
|    loss                 | 2.18        |
|    n_updates            | 3010        |
|    policy_gradient_loss | 7.63e-05    |
|    std                  | 0.135       |
|    value_loss           | 126         |
-----------------------------------------
-----------------------------------------
| rollout/                |             |
|    ep_len_mean          | 1.18e+03    |
|    ep_rew_mean          | 101         |
| time/                   |             |
|    fps                  | 1704        |
|    iterations           | 4           |
|    time_elapsed         | 4           |
|    total_timesteps      | 1236992     |
| train/                  |             |
|    approx_kl            | 0.029271035 |
|    clip_fraction        | 0.184       |
|    clip_range           | 0.2         |
|    entropy_loss         | 1.16        |
|    explained_variance   | 0.953       |
|    learning_rate        | 5e-05       |
|    loss                 | 0.445       |
|    n_updates            | 3015        |
|    policy_gradient_loss | 0.0143      |
|    std                  | 0.135       |
|    value_loss           | 2.8         |
-----------------------------------------
-----------------------------------------
| rollout/                |             |
|    ep_len_mean          | 1.18e+03    |
|    ep_rew_mean          | 101         |
| time/                   |             |
|    fps                  | 1658        |
|    iterations           | 5           |
|    time_elapsed         | 6           |
|    total_timesteps      | 1239040     |
| train/                  |             |
|    approx_kl            | 0.023256082 |
|    clip_fraction        | 0.264       |
|    clip_range           | 0.2         |
|    entropy_loss         | 1.16        |
|    explained_variance   | 0.734       |
|    learning_rate        | 5e-05       |
|    loss                 | 3.35        |
|    n_updates            | 3020        |
|    policy_gradient_loss | 0.0125      |
|    std                  | 0.135       |
|    value_loss           | 96.2        |
-----------------------------------------
-----------------------------------------
| rollout/                |             |
|    ep_len_mean          | 1.17e+03    |
|    ep_rew_mean          | 103         |
| time/                   |             |
|    fps                  | 1633        |
|    iterations           | 6           |
|    time_elapsed         | 7           |
|    total_timesteps      | 1241088     |
| train/                  |             |
|    approx_kl            | 0.047445744 |
|    clip_fraction        | 0.22        |
|    clip_range           | 0.2         |
|    entropy_loss         | 1.16        |
|    explained_variance   | 0.906       |
|    learning_rate        | 5e-05       |
|    loss                 | 1.71        |
|    n_updates            | 3025        |
|    policy_gradient_loss | 0.0129      |
|    std                  | 0.135       |
|    value_loss           | 13.6        |
-----------------------------------------
-----------------------------------------
| rollout/                |             |
|    ep_len_mean          | 1.18e+03    |
|    ep_rew_mean          | 102         |
| time/                   |             |
|    fps                  | 1609        |
|    iterations           | 7           |
|    time_elapsed         | 8           |
|    total_timesteps      | 1243136     |
| train/                  |             |
|    approx_kl            | 0.010610966 |
|    clip_fraction        | 0.122       |
|    clip_range           | 0.2         |
|    entropy_loss         | 1.16        |
|    explained_variance   | 0.608       |
|    learning_rate        | 5e-05       |
|    loss                 | 5.27        |
|    n_updates            | 3030        |
|    policy_gradient_loss | 0.0053      |
|    std                  | 0.135       |
|    value_loss           | 65.7        |
-----------------------------------------
-----------------------------------------
| rollout/                |             |
|    ep_len_mean          | 1.2e+03     |
|    ep_rew_mean          | 101         |
| time/                   |             |
|    fps                  | 1578        |
|    iterations           | 8           |
|    time_elapsed         | 10          |
|    total_timesteps      | 1245184     |
| train/                  |             |
|    approx_kl            | 0.026156781 |
|    clip_fraction        | 0.169       |
|    clip_range           | 0.2         |
|    entropy_loss         | 1.16        |
|    explained_variance   | 0.784       |
|    learning_rate        | 5e-05       |
|    loss                 | 0.312       |
|    n_updates            | 3035        |
|    policy_gradient_loss | 0.00259     |
|    std                  | 0.135       |
|    value_loss           | 52.3        |
-----------------------------------------
-----------------------------------------
| rollout/                |             |
|    ep_len_mean          | 1.2e+03     |
|    ep_rew_mean          | 101         |
| time/                   |             |
|    fps                  | 1559        |
|    iterations           | 9           |
|    time_elapsed         | 11          |
|    total_timesteps      | 1247232     |
| train/                  |             |
|    approx_kl            | 0.010581111 |
|    clip_fraction        | 0.108       |
|    clip_range           | 0.2         |
|    entropy_loss         | 1.16        |
|    explained_variance   | 0.629       |
|    learning_rate        | 5e-05       |
|    loss                 | 159         |
|    n_updates            | 3040        |
|    policy_gradient_loss | -0.00113    |
|    std                  | 0.135       |
|    value_loss           | 94.9        |
-----------------------------------------
-----------------------------------------
| rollout/                |             |
|    ep_len_mean          | 1.21e+03    |
|    ep_rew_mean          | 102         |
| time/                   |             |
|    fps                  | 1560        |
|    iterations           | 10          |
|    time_elapsed         | 13          |
|    total_timesteps      | 1249280     |
| train/                  |             |
|    approx_kl            | 0.023065656 |
|    clip_fraction        | 0.18        |
|    clip_range           | 0.2         |
|    entropy_loss         | 1.16        |
|    explained_variance   | 0.713       |
|    learning_rate        | 5e-05       |
|    loss                 | 0.567       |
|    n_updates            | 3045        |
|    policy_gradient_loss | 0.00726     |
|    std                  | 0.135       |
|    value_loss           | 26          |
-----------------------------------------
-----------------------------------------
| rollout/                |             |
|    ep_len_mean          | 1.22e+03    |
|    ep_rew_mean          | 102         |
| time/                   |             |
|    fps                  | 1550        |
|    iterations           | 11          |
|    time_elapsed         | 14          |
|    total_timesteps      | 1251328     |
| train/                  |             |
|    approx_kl            | 0.013556991 |
|    clip_fraction        | 0.346       |
|    clip_range           | 0.2         |
|    entropy_loss         | 1.16        |
|    explained_variance   | 0.599       |
|    learning_rate        | 5e-05       |
|    loss                 | 180         |
|    n_updates            | 3050        |
|    policy_gradient_loss | 0.0323      |
|    std                  | 0.135       |
|    value_loss           | 77.3        |
-----------------------------------------
-----------------------------------------
| rollout/                |             |
|    ep_len_mean          | 1.23e+03    |
|    ep_rew_mean          | 101         |
| time/                   |             |
|    fps                  | 1553        |
|    iterations           | 12          |
|    time_elapsed         | 15          |
|    total_timesteps      | 1253376     |
| train/                  |             |
|    approx_kl            | 0.014428607 |
|    clip_fraction        | 0.113       |
|    clip_range           | 0.2         |
|    entropy_loss         | 1.16        |
|    explained_variance   | 0.732       |
|    learning_rate        | 5e-05       |
|    loss                 | 4.07        |
|    n_updates            | 3055        |
|    policy_gradient_loss | 0.00463     |
|    std                  | 0.135       |
|    value_loss           | 44.9        |
-----------------------------------------
-----------------------------------------
| rollout/                |             |
|    ep_len_mean          | 1.22e+03    |
|    ep_rew_mean          | 104         |
| time/                   |             |
|    fps                  | 1547        |
|    iterations           | 13          |
|    time_elapsed         | 17          |
|    total_timesteps      | 1255424     |
| train/                  |             |
|    approx_kl            | 0.015007861 |
|    clip_fraction        | 0.0995      |
|    clip_range           | 0.2         |
|    entropy_loss         | 1.17        |
|    explained_variance   | 0.766       |
|    learning_rate        | 5e-05       |
|    loss                 | 0.524       |
|    n_updates            | 3060        |
|    policy_gradient_loss | 0.00386     |
|    std                  | 0.135       |
|    value_loss           | 37.6        |
-----------------------------------------
------------------------------------------
| rollout/                |              |
|    ep_len_mean          | 1.2e+03      |
|    ep_rew_mean          | 106          |
| time/                   |              |
|    fps                  | 1540         |
|    iterations           | 14           |
|    time_elapsed         | 18           |
|    total_timesteps      | 1257472      |
| train/                  |              |
|    approx_kl            | 0.0091211125 |
|    clip_fraction        | 0.118        |
|    clip_range           | 0.2          |
|    entropy_loss         | 1.17         |
|    explained_variance   | 0.599        |
|    learning_rate        | 5e-05        |
|    loss                 | 1.49         |
|    n_updates            | 3065         |
|    policy_gradient_loss | -0.000729    |
|    std                  | 0.135        |
|    value_loss           | 134          |
------------------------------------------
-----------------------------------------
| rollout/                |             |
|    ep_len_mean          | 1.19e+03    |
|    ep_rew_mean          | 108         |
| time/                   |             |
|    fps                  | 1537        |
|    iterations           | 15          |
|    time_elapsed         | 19          |
|    total_timesteps      | 1259520     |
| train/                  |             |
|    approx_kl            | 0.013307085 |
|    clip_fraction        | 0.226       |
|    clip_range           | 0.2         |
|    entropy_loss         | 1.17        |
|    explained_variance   | 0.71        |
|    learning_rate        | 5e-05       |
|    loss                 | 1.19        |
|    n_updates            | 3070        |
|    policy_gradient_loss | 0.00354     |
|    std                  | 0.135       |
|    value_loss           | 82.1        |
-----------------------------------------
-----------------------------------------
| rollout/                |             |
|    ep_len_mean          | 1.17e+03    |
|    ep_rew_mean          | 110         |
| time/                   |             |
|    fps                  | 1519        |
|    iterations           | 16          |
|    time_elapsed         | 21          |
|    total_timesteps      | 1261568     |
| train/                  |             |
|    approx_kl            | 0.007981636 |
|    clip_fraction        | 0.114       |
|    clip_range           | 0.2         |
|    entropy_loss         | 1.17        |
|    explained_variance   | 0.599       |
|    learning_rate        | 5e-05       |
|    loss                 | 128         |
|    n_updates            | 3075        |
|    policy_gradient_loss | -0.000442   |
|    std                  | 0.135       |
|    value_loss           | 149         |
-----------------------------------------
-----------------------------------------
| rollout/                |             |
|    ep_len_mean          | 1.15e+03    |
|    ep_rew_mean          | 114         |
| time/                   |             |
|    fps                  | 1513        |
|    iterations           | 17          |
|    time_elapsed         | 23          |
|    total_timesteps      | 1263616     |
| train/                  |             |
|    approx_kl            | 0.016254291 |
|    clip_fraction        | 0.131       |
|    clip_range           | 0.2         |
|    entropy_loss         | 1.17        |
|    explained_variance   | 0.709       |
|    learning_rate        | 5e-05       |
|    loss                 | 5.14        |
|    n_updates            | 3080        |
|    policy_gradient_loss | 0.00206     |
|    std                  | 0.135       |
|    value_loss           | 42.1        |
-----------------------------------------
-----------------------------------------
| rollout/                |             |
|    ep_len_mean          | 1.16e+03    |
|    ep_rew_mean          | 115         |
| time/                   |             |
|    fps                  | 1514        |
|    iterations           | 18          |
|    time_elapsed         | 24          |
|    total_timesteps      | 1265664     |
| train/                  |             |
|    approx_kl            | 0.005948945 |
|    clip_fraction        | 0.105       |
|    clip_range           | 0.2         |
|    entropy_loss         | 1.17        |
|    explained_variance   | 0.675       |
|    learning_rate        | 5e-05       |
|    loss                 | 1.12        |
|    n_updates            | 3085        |
|    policy_gradient_loss | 0.00128     |
|    std                  | 0.135       |
|    value_loss           | 113         |
-----------------------------------------
-----------------------------------------
| rollout/                |             |
|    ep_len_mean          | 1.16e+03    |
|    ep_rew_mean          | 116         |
| time/                   |             |
|    fps                  | 1524        |
|    iterations           | 19          |
|    time_elapsed         | 25          |
|    total_timesteps      | 1267712     |
| train/                  |             |
|    approx_kl            | 0.019580642 |
|    clip_fraction        | 0.181       |
|    clip_range           | 0.2         |
|    entropy_loss         | 1.17        |
|    explained_variance   | 0.767       |
|    learning_rate        | 5e-05       |
|    loss                 | 0.693       |
|    n_updates            | 3090        |
|    policy_gradient_loss | 0.00688     |
|    std                  | 0.135       |
|    value_loss           | 34.7        |
-----------------------------------------
-----------------------------------------
| rollout/                |             |
|    ep_len_mean          | 1.16e+03    |
|    ep_rew_mean          | 116         |
| time/                   |             |
|    fps                  | 1525        |
|    iterations           | 20          |
|    time_elapsed         | 26          |
|    total_timesteps      | 1269760     |
| train/                  |             |
|    approx_kl            | 0.010828521 |
|    clip_fraction        | 0.0988      |
|    clip_range           | 0.2         |
|    entropy_loss         | 1.16        |
|    explained_variance   | 0.716       |
|    learning_rate        | 5e-05       |
|    loss                 | 137         |
|    n_updates            | 3095        |
|    policy_gradient_loss | -0.00413    |
|    std                  | 0.135       |
|    value_loss           | 106         |
-----------------------------------------
-----------------------------------------
| rollout/                |             |
|    ep_len_mean          | 1.17e+03    |
|    ep_rew_mean          | 116         |
| time/                   |             |
|    fps                  | 1538        |
|    iterations           | 21          |
|    time_elapsed         | 27          |
|    total_timesteps      | 1271808     |
| train/                  |             |
|    approx_kl            | 0.018226152 |
|    clip_fraction        | 0.113       |
|    clip_range           | 0.2         |
|    entropy_loss         | 1.16        |
|    explained_variance   | 0.564       |
|    learning_rate        | 5e-05       |
|    loss                 | 111         |
|    n_updates            | 3100        |
|    policy_gradient_loss | 0.0026      |
|    std                  | 0.135       |
|    value_loss           | 31.9        |
-----------------------------------------
-----------------------------------------
| rollout/                |             |
|    ep_len_mean          | 1.17e+03    |
|    ep_rew_mean          | 116         |
| time/                   |             |
|    fps                  | 1542        |
|    iterations           | 22          |
|    time_elapsed         | 29          |
|    total_timesteps      | 1273856     |
| train/                  |             |
|    approx_kl            | 0.010855849 |
|    clip_fraction        | 0.13        |
|    clip_range           | 0.2         |
|    entropy_loss         | 1.16        |
|    explained_variance   | 0.839       |
|    learning_rate        | 5e-05       |
|    loss                 | 1.64        |
|    n_updates            | 3105        |
|    policy_gradient_loss | -0.00109    |
|    std                  | 0.135       |
|    value_loss           | 92.1        |
-----------------------------------------
-----------------------------------------
| rollout/                |             |
|    ep_len_mean          | 1.16e+03    |
|    ep_rew_mean          | 117         |
| time/                   |             |
|    fps                  | 1552        |
|    iterations           | 23          |
|    time_elapsed         | 30          |
|    total_timesteps      | 1275904     |
| train/                  |             |
|    approx_kl            | 0.096771196 |
|    clip_fraction        | 0.218       |
|    clip_range           | 0.2         |
|    entropy_loss         | 1.16        |
|    explained_variance   | 0.984       |
|    learning_rate        | 5e-05       |
|    loss                 | 0.191       |
|    n_updates            | 3110        |
|    policy_gradient_loss | 0.0165      |
|    std                  | 0.135       |
|    value_loss           | 1.35        |
-----------------------------------------
----------------------------------------
| rollout/                |            |
|    ep_len_mean          | 1.18e+03   |
|    ep_rew_mean          | 116        |
| time/                   |            |
|    fps                  | 1554       |
|    iterations           | 24         |
|    time_elapsed         | 31         |
|    total_timesteps      | 1277952    |
| train/                  |            |
|    approx_kl            | 0.01515363 |
|    clip_fraction        | 0.17       |
|    clip_range           | 0.2        |
|    entropy_loss         | 1.16       |
|    explained_variance   | 0.773      |
|    learning_rate        | 5e-05      |
|    loss                 | 4.68       |
|    n_updates            | 3115       |
|    policy_gradient_loss | 0.00462    |
|    std                  | 0.135      |
|    value_loss           | 58.2       |
----------------------------------------
-----------------------------------------
| rollout/                |             |
|    ep_len_mean          | 1.18e+03    |
|    ep_rew_mean          | 116         |
| time/                   |             |
|    fps                  | 1552        |
|    iterations           | 25          |
|    time_elapsed         | 32          |
|    total_timesteps      | 1280000     |
| train/                  |             |
|    approx_kl            | 0.011007925 |
|    clip_fraction        | 0.154       |
|    clip_range           | 0.2         |
|    entropy_loss         | 1.16        |
|    explained_variance   | 0.643       |
|    learning_rate        | 5e-05       |
|    loss                 | 44.8        |
|    n_updates            | 3120        |
|    policy_gradient_loss | 0.0037      |
|    std                  | 0.135       |
|    value_loss           | 71.6        |
-----------------------------------------
-----------------------------------------
| rollout/                |             |
|    ep_len_mean          | 1.18e+03    |
|    ep_rew_mean          | 116         |
| time/                   |             |
|    fps                  | 1558        |
|    iterations           | 26          |
|    time_elapsed         | 34          |
|    total_timesteps      | 1282048     |
| train/                  |             |
|    approx_kl            | 0.008994591 |
|    clip_fraction        | 0.0778      |
|    clip_range           | 0.2         |
|    entropy_loss         | 1.17        |
|    explained_variance   | 0.645       |
|    learning_rate        | 5e-05       |
|    loss                 | 118         |
|    n_updates            | 3125        |
|    policy_gradient_loss | -0.00173    |
|    std                  | 0.135       |
|    value_loss           | 71.4        |
-----------------------------------------
-----------------------------------------
| rollout/                |             |
|    ep_len_mean          | 1.19e+03    |
|    ep_rew_mean          | 115         |
| time/                   |             |
|    fps                  | 1568        |
|    iterations           | 27          |
|    time_elapsed         | 35          |
|    total_timesteps      | 1284096     |
| train/                  |             |
|    approx_kl            | 0.045014713 |
|    clip_fraction        | 0.187       |
|    clip_range           | 0.2         |
|    entropy_loss         | 1.16        |
|    explained_variance   | 0.976       |
|    learning_rate        | 5e-05       |
|    loss                 | 1.47        |
|    n_updates            | 3130        |
|    policy_gradient_loss | 0.00647     |
|    std                  | 0.135       |
|    value_loss           | 2.01        |
-----------------------------------------
--------------------------------------
| rollout/                |          |
|    ep_len_mean          | 1.2e+03  |
|    ep_rew_mean          | 114      |
| time/                   |          |
|    fps                  | 1568     |
|    iterations           | 28       |
|    time_elapsed         | 36       |
|    total_timesteps      | 1286144  |
| train/                  |          |
|    approx_kl            | 0.054985 |
|    clip_fraction        | 0.18     |
|    clip_range           | 0.2      |
|    entropy_loss         | 1.16     |
|    explained_variance   | 0.76     |
|    learning_rate        | 5e-05    |
|    loss                 | 47.9     |
|    n_updates            | 3135     |
|    policy_gradient_loss | 0.0135   |
|    std                  | 0.135    |
|    value_loss           | 50.8     |
--------------------------------------
-----------------------------------------
| rollout/                |             |
|    ep_len_mean          | 1.18e+03    |
|    ep_rew_mean          | 115         |
| time/                   |             |
|    fps                  | 1564        |
|    iterations           | 29          |
|    time_elapsed         | 37          |
|    total_timesteps      | 1288192     |
| train/                  |             |
|    approx_kl            | 0.021446379 |
|    clip_fraction        | 0.136       |
|    clip_range           | 0.2         |
|    entropy_loss         | 1.16        |
|    explained_variance   | 0.728       |
|    learning_rate        | 5e-05       |
|    loss                 | 0.729       |
|    n_updates            | 3140        |
|    policy_gradient_loss | 0.00134     |
|    std                  | 0.135       |
|    value_loss           | 68.1        |
-----------------------------------------
-----------------------------------------
| rollout/                |             |
|    ep_len_mean          | 1.17e+03    |
|    ep_rew_mean          | 117         |
| time/                   |             |
|    fps                  | 1569        |
|    iterations           | 30          |
|    time_elapsed         | 39          |
|    total_timesteps      | 1290240     |
| train/                  |             |
|    approx_kl            | 0.010637852 |
|    clip_fraction        | 0.0872      |
|    clip_range           | 0.2         |
|    entropy_loss         | 1.16        |
|    explained_variance   | 0.742       |
|    learning_rate        | 5e-05       |
|    loss                 | 0.377       |
|    n_updates            | 3145        |
|    policy_gradient_loss | -0.000115   |
|    std                  | 0.135       |
|    value_loss           | 44          |
-----------------------------------------
-----------------------------------------
| rollout/                |             |
|    ep_len_mean          | 1.17e+03    |
|    ep_rew_mean          | 117         |
| time/                   |             |
|    fps                  | 1575        |
|    iterations           | 31          |
|    time_elapsed         | 40          |
|    total_timesteps      | 1292288     |
| train/                  |             |
|    approx_kl            | 0.012474141 |
|    clip_fraction        | 0.12        |
|    clip_range           | 0.2         |
|    entropy_loss         | 1.16        |
|    explained_variance   | 0.837       |
|    learning_rate        | 5e-05       |
|    loss                 | 183         |
|    n_updates            | 3150        |
|    policy_gradient_loss | 0.00168     |
|    std                  | 0.135       |
|    value_loss           | 61.7        |
-----------------------------------------
-----------------------------------------
| rollout/                |             |
|    ep_len_mean          | 1.18e+03    |
|    ep_rew_mean          | 116         |
| time/                   |             |
|    fps                  | 1579        |
|    iterations           | 32          |
|    time_elapsed         | 41          |
|    total_timesteps      | 1294336     |
| train/                  |             |
|    approx_kl            | 0.011264228 |
|    clip_fraction        | 0.0956      |
|    clip_range           | 0.2         |
|    entropy_loss         | 1.16        |
|    explained_variance   | 0.946       |
|    learning_rate        | 5e-05       |
|    loss                 | 0.696       |
|    n_updates            | 3155        |
|    policy_gradient_loss | 0.000465    |
|    std                  | 0.135       |
|    value_loss           | 7.58        |
-----------------------------------------
-----------------------------------------
| rollout/                |             |
|    ep_len_mean          | 1.19e+03    |
|    ep_rew_mean          | 115         |
| time/                   |             |
|    fps                  | 1576        |
|    iterations           | 33          |
|    time_elapsed         | 42          |
|    total_timesteps      | 1296384     |
| train/                  |             |
|    approx_kl            | 0.007947282 |
|    clip_fraction        | 0.0412      |
|    clip_range           | 0.2         |
|    entropy_loss         | 1.16        |
|    explained_variance   | 0.665       |
|    learning_rate        | 5e-05       |
|    loss                 | 119         |
|    n_updates            | 3160        |
|    policy_gradient_loss | -0.000527   |
|    std                  | 0.135       |
|    value_loss           | 76          |
-----------------------------------------
----------------------------------------
| rollout/                |            |
|    ep_len_mean          | 1.2e+03    |
|    ep_rew_mean          | 116        |
| time/                   |            |
|    fps                  | 1577       |
|    iterations           | 34         |
|    time_elapsed         | 44         |
|    total_timesteps      | 1298432    |
| train/                  |            |
|    approx_kl            | 0.04370478 |
|    clip_fraction        | 0.203      |
|    clip_range           | 0.2        |
|    entropy_loss         | 1.16       |
|    explained_variance   | 0.722      |
|    learning_rate        | 5e-05      |
|    loss                 | 4.23       |
|    n_updates            | 3165       |
|    policy_gradient_loss | 0.00732    |
|    std                  | 0.135      |
|    value_loss           | 44         |
----------------------------------------
----------------------------------------
| rollout/                |            |
|    ep_len_mean          | 1.2e+03    |
|    ep_rew_mean          | 116        |
| time/                   |            |
|    fps                  | 1579       |
|    iterations           | 35         |
|    time_elapsed         | 45         |
|    total_timesteps      | 1300480    |
| train/                  |            |
|    approx_kl            | 0.04457106 |
|    clip_fraction        | 0.195      |
|    clip_range           | 0.2        |
|    entropy_loss         | 1.16       |
|    explained_variance   | 0.685      |
|    learning_rate        | 5e-05      |
|    loss                 | 0.446      |
|    n_updates            | 3170       |
|    policy_gradient_loss | 0.00369    |
|    std                  | 0.135      |
|    value_loss           | 92.9       |
----------------------------------------
-----------------------------------------
| rollout/                |             |
|    ep_len_mean          | 1.2e+03     |
|    ep_rew_mean          | 118         |
| time/                   |             |
|    fps                  | 1581        |
|    iterations           | 36          |
|    time_elapsed         | 46          |
|    total_timesteps      | 1302528     |
| train/                  |             |
|    approx_kl            | 0.011567499 |
|    clip_fraction        | 0.106       |
|    clip_range           | 0.2         |
|    entropy_loss         | 1.16        |
|    explained_variance   | 0.849       |
|    learning_rate        | 5e-05       |
|    loss                 | 0.468       |
|    n_updates            | 3175        |
|    policy_gradient_loss | -1.59e-05   |
|    std                  | 0.135       |
|    value_loss           | 35.3        |
-----------------------------------------
-----------------------------------------
| rollout/                |             |
|    ep_len_mean          | 1.18e+03    |
|    ep_rew_mean          | 121         |
| time/                   |             |
|    fps                  | 1583        |
|    iterations           | 37          |
|    time_elapsed         | 47          |
|    total_timesteps      | 1304576     |
| train/                  |             |
|    approx_kl            | 0.011598013 |
|    clip_fraction        | 0.0908      |
|    clip_range           | 0.2         |
|    entropy_loss         | 1.16        |
|    explained_variance   | 0.422       |
|    learning_rate        | 5e-05       |
|    loss                 | 0.222       |
|    n_updates            | 3180        |
|    policy_gradient_loss | 0.00192     |
|    std                  | 0.135       |
|    value_loss           | 110         |
-----------------------------------------
-----------------------------------------
| rollout/                |             |
|    ep_len_mean          | 1.18e+03    |
|    ep_rew_mean          | 121         |
| time/                   |             |
|    fps                  | 1583        |
|    iterations           | 38          |
|    time_elapsed         | 49          |
|    total_timesteps      | 1306624     |
| train/                  |             |
|    approx_kl            | 0.010836131 |
|    clip_fraction        | 0.0955      |
|    clip_range           | 0.2         |
|    entropy_loss         | 1.16        |
|    explained_variance   | 0.653       |
|    learning_rate        | 5e-05       |
|    loss                 | 1.33        |
|    n_updates            | 3185        |
|    policy_gradient_loss | 0.000625    |
|    std                  | 0.135       |
|    value_loss           | 116         |
-----------------------------------------
-----------------------------------------
| rollout/                |             |
|    ep_len_mean          | 1.18e+03    |
|    ep_rew_mean          | 121         |
| time/                   |             |
|    fps                  | 1586        |
|    iterations           | 39          |
|    time_elapsed         | 50          |
|    total_timesteps      | 1308672     |
| train/                  |             |
|    approx_kl            | 0.037229635 |
|    clip_fraction        | 0.133       |
|    clip_range           | 0.2         |
|    entropy_loss         | 1.16        |
|    explained_variance   | 0.845       |
|    learning_rate        | 5e-05       |
|    loss                 | 40          |
|    n_updates            | 3190        |
|    policy_gradient_loss | 0.00584     |
|    std                  | 0.135       |
|    value_loss           | 41.4        |
-----------------------------------------
------------------------------------------
| rollout/                |              |
|    ep_len_mean          | 1.18e+03     |
|    ep_rew_mean          | 122          |
| time/                   |              |
|    fps                  | 1588         |
|    iterations           | 40           |
|    time_elapsed         | 51           |
|    total_timesteps      | 1310720      |
| train/                  |              |
|    approx_kl            | 0.0077172397 |
|    clip_fraction        | 0.126        |
|    clip_range           | 0.2          |
|    entropy_loss         | 1.16         |
|    explained_variance   | 0.886        |
|    learning_rate        | 5e-05        |
|    loss                 | 1.35         |
|    n_updates            | 3195         |
|    policy_gradient_loss | 0.00172      |
|    std                  | 0.135        |
|    value_loss           | 23.3         |
------------------------------------------
-----------------------------------------
| rollout/                |             |
|    ep_len_mean          | 1.2e+03     |
|    ep_rew_mean          | 121         |
| time/                   |             |
|    fps                  | 1589        |
|    iterations           | 41          |
|    time_elapsed         | 52          |
|    total_timesteps      | 1312768     |
| train/                  |             |
|    approx_kl            | 0.010402378 |
|    clip_fraction        | 0.105       |
|    clip_range           | 0.2         |
|    entropy_loss         | 1.17        |
|    explained_variance   | 0.767       |
|    learning_rate        | 5e-05       |
|    loss                 | 4.66        |
|    n_updates            | 3200        |
|    policy_gradient_loss | -0.0035     |
|    std                  | 0.135       |
|    value_loss           | 74.2        |
-----------------------------------------
-----------------------------------------
| rollout/                |             |
|    ep_len_mean          | 1.18e+03    |
|    ep_rew_mean          | 124         |
| time/                   |             |
|    fps                  | 1589        |
|    iterations           | 42          |
|    time_elapsed         | 54          |
|    total_timesteps      | 1314816     |
| train/                  |             |
|    approx_kl            | 0.014280815 |
|    clip_fraction        | 0.106       |
|    clip_range           | 0.2         |
|    entropy_loss         | 1.17        |
|    explained_variance   | 0.728       |
|    learning_rate        | 5e-05       |
|    loss                 | 191         |
|    n_updates            | 3205        |
|    policy_gradient_loss | -0.00167    |
|    std                  | 0.135       |
|    value_loss           | 83.3        |
-----------------------------------------
-----------------------------------------
| rollout/                |             |
|    ep_len_mean          | 1.18e+03    |
|    ep_rew_mean          | 124         |
| time/                   |             |
|    fps                  | 1590        |
|    iterations           | 43          |
|    time_elapsed         | 55          |
|    total_timesteps      | 1316864     |
| train/                  |             |
|    approx_kl            | 0.014419628 |
|    clip_fraction        | 0.1         |
|    clip_range           | 0.2         |
|    entropy_loss         | 1.17        |
|    explained_variance   | 0.736       |
|    learning_rate        | 5e-05       |
|    loss                 | 124         |
|    n_updates            | 3210        |
|    policy_gradient_loss | 0.00057     |
|    std                  | 0.135       |
|    value_loss           | 110         |
-----------------------------------------
-----------------------------------------
| rollout/                |             |
|    ep_len_mean          | 1.19e+03    |
|    ep_rew_mean          | 123         |
| time/                   |             |
|    fps                  | 1591        |
|    iterations           | 44          |
|    time_elapsed         | 56          |
|    total_timesteps      | 1318912     |
| train/                  |             |
|    approx_kl            | 0.011145904 |
|    clip_fraction        | 0.098       |
|    clip_range           | 0.2         |
|    entropy_loss         | 1.17        |
|    explained_variance   | 0.749       |
|    learning_rate        | 5e-05       |
|    loss                 | 0.283       |
|    n_updates            | 3215        |
|    policy_gradient_loss | -0.0013     |
|    std                  | 0.135       |
|    value_loss           | 70.5        |
-----------------------------------------
-----------------------------------------
| rollout/                |             |
|    ep_len_mean          | 1.19e+03    |
|    ep_rew_mean          | 123         |
| time/                   |             |
|    fps                  | 1590        |
|    iterations           | 45          |
|    time_elapsed         | 57          |
|    total_timesteps      | 1320960     |
| train/                  |             |
|    approx_kl            | 0.007911462 |
|    clip_fraction        | 0.169       |
|    clip_range           | 0.2         |
|    entropy_loss         | 1.17        |
|    explained_variance   | 0.704       |
|    learning_rate        | 5e-05       |
|    loss                 | 1.56        |
|    n_updates            | 3220        |
|    policy_gradient_loss | 0.00154     |
|    std                  | 0.135       |
|    value_loss           | 34.5        |
-----------------------------------------
-----------------------------------------
| rollout/                |             |
|    ep_len_mean          | 1.19e+03    |
|    ep_rew_mean          | 124         |
| time/                   |             |
|    fps                  | 1594        |
|    iterations           | 46          |
|    time_elapsed         | 59          |
|    total_timesteps      | 1323008     |
| train/                  |             |
|    approx_kl            | 0.013365425 |
|    clip_fraction        | 0.0848      |
|    clip_range           | 0.2         |
|    entropy_loss         | 1.17        |
|    explained_variance   | 0.75        |
|    learning_rate        | 5e-05       |
|    loss                 | 4.32        |
|    n_updates            | 3225        |
|    policy_gradient_loss | 0.000424    |
|    std                  | 0.135       |
|    value_loss           | 75.6        |
-----------------------------------------
------------------------------------------
| rollout/                |              |
|    ep_len_mean          | 1.19e+03     |
|    ep_rew_mean          | 125          |
| time/                   |              |
|    fps                  | 1593         |
|    iterations           | 47           |
|    time_elapsed         | 60           |
|    total_timesteps      | 1325056      |
| train/                  |              |
|    approx_kl            | 0.0063890433 |
|    clip_fraction        | 0.0339       |
|    clip_range           | 0.2          |
|    entropy_loss         | 1.17         |
|    explained_variance   | 0.821        |
|    learning_rate        | 5e-05        |
|    loss                 | 1.47         |
|    n_updates            | 3230         |
|    policy_gradient_loss | -0.00173     |
|    std                  | 0.135        |
|    value_loss           | 83.3         |
------------------------------------------
-----------------------------------------
| rollout/                |             |
|    ep_len_mean          | 1.2e+03     |
|    ep_rew_mean          | 124         |
| time/                   |             |
|    fps                  | 1595        |
|    iterations           | 48          |
|    time_elapsed         | 61          |
|    total_timesteps      | 1327104     |
| train/                  |             |
|    approx_kl            | 0.022340154 |
|    clip_fraction        | 0.0914      |
|    clip_range           | 0.2         |
|    entropy_loss         | 1.17        |
|    explained_variance   | 0.488       |
|    learning_rate        | 5e-05       |
|    loss                 | 1.92        |
|    n_updates            | 3235        |
|    policy_gradient_loss | 0.00266     |
|    std                  | 0.135       |
|    value_loss           | 13.3        |
-----------------------------------------
-----------------------------------------
| rollout/                |             |
|    ep_len_mean          | 1.2e+03     |
|    ep_rew_mean          | 124         |
| time/                   |             |
|    fps                  | 1593        |
|    iterations           | 49          |
|    time_elapsed         | 62          |
|    total_timesteps      | 1329152     |
| train/                  |             |
|    approx_kl            | 0.010648471 |
|    clip_fraction        | 0.0882      |
|    clip_range           | 0.2         |
|    entropy_loss         | 1.17        |
|    explained_variance   | 0.701       |
|    learning_rate        | 5e-05       |
|    loss                 | 0.596       |
|    n_updates            | 3240        |
|    policy_gradient_loss | -0.000932   |
|    std                  | 0.135       |
|    value_loss           | 74.7        |
-----------------------------------------
-----------------------------------------
| rollout/                |             |
|    ep_len_mean          | 1.21e+03    |
|    ep_rew_mean          | 125         |
| time/                   |             |
|    fps                  | 1595        |
|    iterations           | 50          |
|    time_elapsed         | 64          |
|    total_timesteps      | 1331200     |
| train/                  |             |
|    approx_kl            | 0.009303688 |
|    clip_fraction        | 0.138       |
|    clip_range           | 0.2         |
|    entropy_loss         | 1.17        |
|    explained_variance   | 0.763       |
|    learning_rate        | 5e-05       |
|    loss                 | 1.08        |
|    n_updates            | 3245        |
|    policy_gradient_loss | -0.000331   |
|    std                  | 0.135       |
|    value_loss           | 39.5        |
-----------------------------------------
-----------------------------------------
| rollout/                |             |
|    ep_len_mean          | 1.2e+03     |
|    ep_rew_mean          | 125         |
| time/                   |             |
|    fps                  | 1595        |
|    iterations           | 51          |
|    time_elapsed         | 65          |
|    total_timesteps      | 1333248     |
| train/                  |             |
|    approx_kl            | 0.018718747 |
|    clip_fraction        | 0.132       |
|    clip_range           | 0.2         |
|    entropy_loss         | 1.17        |
|    explained_variance   | 0.7         |
|    learning_rate        | 5e-05       |
|    loss                 | 0.404       |
|    n_updates            | 3250        |
|    policy_gradient_loss | 0.000257    |
|    std                  | 0.135       |
|    value_loss           | 73.5        |
-----------------------------------------
-----------------------------------------
| rollout/                |             |
|    ep_len_mean          | 1.2e+03     |
|    ep_rew_mean          | 126         |
| time/                   |             |
|    fps                  | 1592        |
|    iterations           | 52          |
|    time_elapsed         | 66          |
|    total_timesteps      | 1335296     |
| train/                  |             |
|    approx_kl            | 0.008111142 |
|    clip_fraction        | 0.0658      |
|    clip_range           | 0.2         |
|    entropy_loss         | 1.17        |
|    explained_variance   | 0.77        |
|    learning_rate        | 5e-05       |
|    loss                 | 4.75        |
|    n_updates            | 3255        |
|    policy_gradient_loss | -0.00198    |
|    std                  | 0.135       |
|    value_loss           | 108         |
-----------------------------------------
-----------------------------------------
| rollout/                |             |
|    ep_len_mean          | 1.2e+03     |
|    ep_rew_mean          | 127         |
| time/                   |             |
|    fps                  | 1595        |
|    iterations           | 53          |
|    time_elapsed         | 68          |
|    total_timesteps      | 1337344     |
| train/                  |             |
|    approx_kl            | 0.041335292 |
|    clip_fraction        | 0.233       |
|    clip_range           | 0.2         |
|    entropy_loss         | 1.17        |
|    explained_variance   | 0.725       |
|    learning_rate        | 5e-05       |
|    loss                 | 0.966       |
|    n_updates            | 3260        |
|    policy_gradient_loss | 0.0204      |
|    std                  | 0.135       |
|    value_loss           | 45.3        |
-----------------------------------------
-----------------------------------------
| rollout/                |             |
|    ep_len_mean          | 1.21e+03    |
|    ep_rew_mean          | 127         |
| time/                   |             |
|    fps                  | 1595        |
|    iterations           | 54          |
|    time_elapsed         | 69          |
|    total_timesteps      | 1339392     |
| train/                  |             |
|    approx_kl            | 0.013699152 |
|    clip_fraction        | 0.186       |
|    clip_range           | 0.2         |
|    entropy_loss         | 1.17        |
|    explained_variance   | 0.671       |
|    learning_rate        | 5e-05       |
|    loss                 | 162         |
|    n_updates            | 3265        |
|    policy_gradient_loss | 0.0114      |
|    std                  | 0.135       |
|    value_loss           | 95.1        |
-----------------------------------------
-----------------------------------------
| rollout/                |             |
|    ep_len_mean          | 1.21e+03    |
|    ep_rew_mean          | 127         |
| time/                   |             |
|    fps                  | 1596        |
|    iterations           | 55          |
|    time_elapsed         | 70          |
|    total_timesteps      | 1341440     |
| train/                  |             |
|    approx_kl            | 0.011648288 |
|    clip_fraction        | 0.069       |
|    clip_range           | 0.2         |
|    entropy_loss         | 1.17        |
|    explained_variance   | 0.601       |
|    learning_rate        | 5e-05       |
|    loss                 | 2.85        |
|    n_updates            | 3270        |
|    policy_gradient_loss | -0.00113    |
|    std                  | 0.135       |
|    value_loss           | 76.4        |
-----------------------------------------
-----------------------------------------
| rollout/                |             |
|    ep_len_mean          | 1.21e+03    |
|    ep_rew_mean          | 128         |
| time/                   |             |
|    fps                  | 1598        |
|    iterations           | 56          |
|    time_elapsed         | 71          |
|    total_timesteps      | 1343488     |
| train/                  |             |
|    approx_kl            | 0.013127562 |
|    clip_fraction        | 0.0979      |
|    clip_range           | 0.2         |
|    entropy_loss         | 1.17        |
|    explained_variance   | 0.832       |
|    learning_rate        | 5e-05       |
|    loss                 | 1.66        |
|    n_updates            | 3275        |
|    policy_gradient_loss | -0.00202    |
|    std                  | 0.135       |
|    value_loss           | 38.7        |
-----------------------------------------
-----------------------------------------
| rollout/                |             |
|    ep_len_mean          | 1.23e+03    |
|    ep_rew_mean          | 127         |
| time/                   |             |
|    fps                  | 1597        |
|    iterations           | 57          |
|    time_elapsed         | 73          |
|    total_timesteps      | 1345536     |
| train/                  |             |
|    approx_kl            | 0.011743221 |
|    clip_fraction        | 0.0618      |
|    clip_range           | 0.2         |
|    entropy_loss         | 1.17        |
|    explained_variance   | 0.707       |
|    learning_rate        | 5e-05       |
|    loss                 | 154         |
|    n_updates            | 3280        |
|    policy_gradient_loss | -0.00235    |
|    std                  | 0.135       |
|    value_loss           | 102         |
-----------------------------------------
-----------------------------------------
| rollout/                |             |
|    ep_len_mean          | 1.22e+03    |
|    ep_rew_mean          | 127         |
| time/                   |             |
|    fps                  | 1600        |
|    iterations           | 58          |
|    time_elapsed         | 74          |
|    total_timesteps      | 1347584     |
| train/                  |             |
|    approx_kl            | 0.026709901 |
|    clip_fraction        | 0.171       |
|    clip_range           | 0.2         |
|    entropy_loss         | 1.17        |
|    explained_variance   | 0.81        |
|    learning_rate        | 5e-05       |
|    loss                 | 1.26        |
|    n_updates            | 3285        |
|    policy_gradient_loss | 0.00844     |
|    std                  | 0.135       |
|    value_loss           | 42.3        |
-----------------------------------------
-----------------------------------------
| rollout/                |             |
|    ep_len_mean          | 1.22e+03    |
|    ep_rew_mean          | 127         |
| time/                   |             |
|    fps                  | 1599        |
|    iterations           | 59          |
|    time_elapsed         | 75          |
|    total_timesteps      | 1349632     |
| train/                  |             |
|    approx_kl            | 0.016133428 |
|    clip_fraction        | 0.107       |
|    clip_range           | 0.2         |
|    entropy_loss         | 1.17        |
|    explained_variance   | 0.763       |
|    learning_rate        | 5e-05       |
|    loss                 | 0.428       |
|    n_updates            | 3290        |
|    policy_gradient_loss | 0.00118     |
|    std                  | 0.135       |
|    value_loss           | 21.3        |
-----------------------------------------
----------------------------------------
| rollout/                |            |
|    ep_len_mean          | 1.24e+03   |
|    ep_rew_mean          | 126        |
| time/                   |            |
|    fps                  | 1601       |
|    iterations           | 60         |
|    time_elapsed         | 76         |
|    total_timesteps      | 1351680    |
| train/                  |            |
|    approx_kl            | 0.01664846 |
|    clip_fraction        | 0.151      |
|    clip_range           | 0.2        |
|    entropy_loss         | 1.17       |
|    explained_variance   | 0.723      |
|    learning_rate        | 5e-05      |
|    loss                 | 0.659      |
|    n_updates            | 3295       |
|    policy_gradient_loss | 0.00591    |
|    std                  | 0.135      |
|    value_loss           | 33.7       |
----------------------------------------
-----------------------------------------
| rollout/                |             |
|    ep_len_mean          | 1.22e+03    |
|    ep_rew_mean          | 128         |
| time/                   |             |
|    fps                  | 1600        |
|    iterations           | 61          |
|    time_elapsed         | 78          |
|    total_timesteps      | 1353728     |
| train/                  |             |
|    approx_kl            | 0.011412591 |
|    clip_fraction        | 0.117       |
|    clip_range           | 0.2         |
|    entropy_loss         | 1.17        |
|    explained_variance   | 0.636       |
|    learning_rate        | 5e-05       |
|    loss                 | 58.2        |
|    n_updates            | 3300        |
|    policy_gradient_loss | -0.000286   |
|    std                  | 0.135       |
|    value_loss           | 64.5        |
-----------------------------------------
-----------------------------------------
| rollout/                |             |
|    ep_len_mean          | 1.22e+03    |
|    ep_rew_mean          | 128         |
| time/                   |             |
|    fps                  | 1599        |
|    iterations           | 62          |
|    time_elapsed         | 79          |
|    total_timesteps      | 1355776     |
| train/                  |             |
|    approx_kl            | 0.011409133 |
|    clip_fraction        | 0.129       |
|    clip_range           | 0.2         |
|    entropy_loss         | 1.17        |
|    explained_variance   | 0.767       |
|    learning_rate        | 5e-05       |
|    loss                 | 0.288       |
|    n_updates            | 3305        |
|    policy_gradient_loss | -0.000581   |
|    std                  | 0.135       |
|    value_loss           | 61.6        |
-----------------------------------------
-----------------------------------------
| rollout/                |             |
|    ep_len_mean          | 1.22e+03    |
|    ep_rew_mean          | 128         |
| time/                   |             |
|    fps                  | 1598        |
|    iterations           | 63          |
|    time_elapsed         | 80          |
|    total_timesteps      | 1357824     |
| train/                  |             |
|    approx_kl            | 0.012004031 |
|    clip_fraction        | 0.0926      |
|    clip_range           | 0.2         |
|    entropy_loss         | 1.17        |
|    explained_variance   | 0.668       |
|    learning_rate        | 5e-05       |
|    loss                 | 5.87        |
|    n_updates            | 3310        |
|    policy_gradient_loss | -0.00211    |
|    std                  | 0.135       |
|    value_loss           | 105         |
-----------------------------------------
-----------------------------------------
| rollout/                |             |
|    ep_len_mean          | 1.21e+03    |
|    ep_rew_mean          | 130         |
| time/                   |             |
|    fps                  | 1600        |
|    iterations           | 64          |
|    time_elapsed         | 81          |
|    total_timesteps      | 1359872     |
| train/                  |             |
|    approx_kl            | 0.008289999 |
|    clip_fraction        | 0.108       |
|    clip_range           | 0.2         |
|    entropy_loss         | 1.17        |
|    explained_variance   | 0.948       |
|    learning_rate        | 5e-05       |
|    loss                 | 0.454       |
|    n_updates            | 3315        |
|    policy_gradient_loss | 0.0022      |
|    std                  | 0.135       |
|    value_loss           | 2.42        |
-----------------------------------------
-----------------------------------------
| rollout/                |             |
|    ep_len_mean          | 1.21e+03    |
|    ep_rew_mean          | 130         |
| time/                   |             |
|    fps                  | 1600        |
|    iterations           | 65          |
|    time_elapsed         | 83          |
|    total_timesteps      | 1361920     |
| train/                  |             |
|    approx_kl            | 0.004605104 |
|    clip_fraction        | 0.0539      |
|    clip_range           | 0.2         |
|    entropy_loss         | 1.17        |
|    explained_variance   | 0.66        |
|    learning_rate        | 5e-05       |
|    loss                 | 1.5         |
|    n_updates            | 3320        |
|    policy_gradient_loss | 0.000453    |
|    std                  | 0.135       |
|    value_loss           | 124         |
-----------------------------------------
----------------------------------------
| rollout/                |            |
|    ep_len_mean          | 1.21e+03   |
|    ep_rew_mean          | 130        |
| time/                   |            |
|    fps                  | 1602       |
|    iterations           | 66         |
|    time_elapsed         | 84         |
|    total_timesteps      | 1363968    |
| train/                  |            |
|    approx_kl            | 0.06587532 |
|    clip_fraction        | 0.123      |
|    clip_range           | 0.2        |
|    entropy_loss         | 1.17       |
|    explained_variance   | 0.836      |
|    learning_rate        | 5e-05      |
|    loss                 | 0.468      |
|    n_updates            | 3325       |
|    policy_gradient_loss | 0.021      |
|    std                  | 0.135      |
|    value_loss           | 54.3       |
----------------------------------------
-----------------------------------------
| rollout/                |             |
|    ep_len_mean          | 1.2e+03     |
|    ep_rew_mean          | 130         |
| time/                   |             |
|    fps                  | 1603        |
|    iterations           | 67          |
|    time_elapsed         | 85          |
|    total_timesteps      | 1366016     |
| train/                  |             |
|    approx_kl            | 0.013929695 |
|    clip_fraction        | 0.156       |
|    clip_range           | 0.2         |
|    entropy_loss         | 1.17        |
|    explained_variance   | 0.618       |
|    learning_rate        | 5e-05       |
|    loss                 | 0.379       |
|    n_updates            | 3330        |
|    policy_gradient_loss | 0.0113      |
|    std                  | 0.135       |
|    value_loss           | 57.1        |
-----------------------------------------
---------------------------------------
| rollout/                |           |
|    ep_len_mean          | 1.2e+03   |
|    ep_rew_mean          | 130       |
| time/                   |           |
|    fps                  | 1603      |
|    iterations           | 68        |
|    time_elapsed         | 86        |
|    total_timesteps      | 1368064   |
| train/                  |           |
|    approx_kl            | 0.0079586 |
|    clip_fraction        | 0.0616    |
|    clip_range           | 0.2       |
|    entropy_loss         | 1.17      |
|    explained_variance   | 0.715     |
|    learning_rate        | 5e-05     |
|    loss                 | 0.543     |
|    n_updates            | 3335      |
|    policy_gradient_loss | 0.000444  |
|    std                  | 0.135     |
|    value_loss           | 81.4      |
---------------------------------------
------------------------------------------
| rollout/                |              |
|    ep_len_mean          | 1.2e+03      |
|    ep_rew_mean          | 130          |
| time/                   |              |
|    fps                  | 1605         |
|    iterations           | 69           |
|    time_elapsed         | 88           |
|    total_timesteps      | 1370112      |
| train/                  |              |
|    approx_kl            | 0.0068173767 |
|    clip_fraction        | 0.0767       |
|    clip_range           | 0.2          |
|    entropy_loss         | 1.17         |
|    explained_variance   | 0.75         |
|    learning_rate        | 5e-05        |
|    loss                 | 0.856        |
|    n_updates            | 3340         |
|    policy_gradient_loss | -0.000338    |
|    std                  | 0.135        |
|    value_loss           | 32.2         |
------------------------------------------
-----------------------------------------
| rollout/                |             |
|    ep_len_mean          | 1.22e+03    |
|    ep_rew_mean          | 129         |
| time/                   |             |
|    fps                  | 1606        |
|    iterations           | 70          |
|    time_elapsed         | 89          |
|    total_timesteps      | 1372160     |
| train/                  |             |
|    approx_kl            | 0.010999411 |
|    clip_fraction        | 0.0765      |
|    clip_range           | 0.2         |
|    entropy_loss         | 1.17        |
|    explained_variance   | 0.781       |
|    learning_rate        | 5e-05       |
|    loss                 | 0.523       |
|    n_updates            | 3345        |
|    policy_gradient_loss | -0.00138    |
|    std                  | 0.134       |
|    value_loss           | 34.1        |
-----------------------------------------
-----------------------------------------
| rollout/                |             |
|    ep_len_mean          | 1.22e+03    |
|    ep_rew_mean          | 129         |
| time/                   |             |
|    fps                  | 1604        |
|    iterations           | 71          |
|    time_elapsed         | 90          |
|    total_timesteps      | 1374208     |
| train/                  |             |
|    approx_kl            | 0.010803739 |
|    clip_fraction        | 0.0729      |
|    clip_range           | 0.2         |
|    entropy_loss         | 1.18        |
|    explained_variance   | 0.612       |
|    learning_rate        | 5e-05       |
|    loss                 | 101         |
|    n_updates            | 3350        |
|    policy_gradient_loss | 0.000388    |
|    std                  | 0.134       |
|    value_loss           | 105         |
-----------------------------------------
-----------------------------------------
| rollout/                |             |
|    ep_len_mean          | 1.21e+03    |
|    ep_rew_mean          | 131         |
| time/                   |             |
|    fps                  | 1607        |
|    iterations           | 72          |
|    time_elapsed         | 91          |
|    total_timesteps      | 1376256     |
| train/                  |             |
|    approx_kl            | 0.014251946 |
|    clip_fraction        | 0.112       |
|    clip_range           | 0.2         |
|    entropy_loss         | 1.18        |
|    explained_variance   | 0.937       |
|    learning_rate        | 5e-05       |
|    loss                 | 0.479       |
|    n_updates            | 3355        |
|    policy_gradient_loss | 0.000959    |
|    std                  | 0.134       |
|    value_loss           | 2.27        |
-----------------------------------------
-----------------------------------------
| rollout/                |             |
|    ep_len_mean          | 1.22e+03    |
|    ep_rew_mean          | 128         |
| time/                   |             |
|    fps                  | 1606        |
|    iterations           | 73          |
|    time_elapsed         | 93          |
|    total_timesteps      | 1378304     |
| train/                  |             |
|    approx_kl            | 0.021337757 |
|    clip_fraction        | 0.128       |
|    clip_range           | 0.2         |
|    entropy_loss         | 1.18        |
|    explained_variance   | 0.568       |
|    learning_rate        | 5e-05       |
|    loss                 | 118         |
|    n_updates            | 3360        |
|    policy_gradient_loss | 0.00172     |
|    std                  | 0.134       |
|    value_loss           | 117         |
-----------------------------------------
-----------------------------------------
| rollout/                |             |
|    ep_len_mean          | 1.22e+03    |
|    ep_rew_mean          | 129         |
| time/                   |             |
|    fps                  | 1607        |
|    iterations           | 74          |
|    time_elapsed         | 94          |
|    total_timesteps      | 1380352     |
| train/                  |             |
|    approx_kl            | 0.012748546 |
|    clip_fraction        | 0.0833      |
|    clip_range           | 0.2         |
|    entropy_loss         | 1.18        |
|    explained_variance   | 0.679       |
|    learning_rate        | 5e-05       |
|    loss                 | 68.8        |
|    n_updates            | 3365        |
|    policy_gradient_loss | -0.000661   |
|    std                  | 0.134       |
|    value_loss           | 20.3        |
-----------------------------------------
-----------------------------------------
| rollout/                |             |
|    ep_len_mean          | 1.22e+03    |
|    ep_rew_mean          | 129         |
| time/                   |             |
|    fps                  | 1605        |
|    iterations           | 75          |
|    time_elapsed         | 95          |
|    total_timesteps      | 1382400     |
| train/                  |             |
|    approx_kl            | 0.003069883 |
|    clip_fraction        | 0.0311      |
|    clip_range           | 0.2         |
|    entropy_loss         | 1.18        |
|    explained_variance   | 0.632       |
|    learning_rate        | 5e-05       |
|    loss                 | 4.83        |
|    n_updates            | 3370        |
|    policy_gradient_loss | -0.00215    |
|    std                  | 0.134       |
|    value_loss           | 137         |
-----------------------------------------
-----------------------------------------
| rollout/                |             |
|    ep_len_mean          | 1.22e+03    |
|    ep_rew_mean          | 129         |
| time/                   |             |
|    fps                  | 1605        |
|    iterations           | 76          |
|    time_elapsed         | 96          |
|    total_timesteps      | 1384448     |
| train/                  |             |
|    approx_kl            | 0.011060741 |
|    clip_fraction        | 0.073       |
|    clip_range           | 0.2         |
|    entropy_loss         | 1.18        |
|    explained_variance   | 0.839       |
|    learning_rate        | 5e-05       |
|    loss                 | 33.5        |
|    n_updates            | 3375        |
|    policy_gradient_loss | -0.000707   |
|    std                  | 0.134       |
|    value_loss           | 45.9        |
-----------------------------------------
-----------------------------------------
| rollout/                |             |
|    ep_len_mean          | 1.24e+03    |
|    ep_rew_mean          | 127         |
| time/                   |             |
|    fps                  | 1604        |
|    iterations           | 77          |
|    time_elapsed         | 98          |
|    total_timesteps      | 1386496     |
| train/                  |             |
|    approx_kl            | 0.009276545 |
|    clip_fraction        | 0.139       |
|    clip_range           | 0.2         |
|    entropy_loss         | 1.18        |
|    explained_variance   | 0.815       |
|    learning_rate        | 5e-05       |
|    loss                 | 99.4        |
|    n_updates            | 3380        |
|    policy_gradient_loss | 0.000534    |
|    std                  | 0.134       |
|    value_loss           | 48.8        |
-----------------------------------------
------------------------------------------
| rollout/                |              |
|    ep_len_mean          | 1.24e+03     |
|    ep_rew_mean          | 127          |
| time/                   |              |
|    fps                  | 1605         |
|    iterations           | 78           |
|    time_elapsed         | 99           |
|    total_timesteps      | 1388544      |
| train/                  |              |
|    approx_kl            | 0.0044978787 |
|    clip_fraction        | 0.0814       |
|    clip_range           | 0.2          |
|    entropy_loss         | 1.18         |
|    explained_variance   | 0.709        |
|    learning_rate        | 5e-05        |
|    loss                 | 45.7         |
|    n_updates            | 3385         |
|    policy_gradient_loss | -0.00165     |
|    std                  | 0.134        |
|    value_loss           | 104          |
------------------------------------------
-----------------------------------------
| rollout/                |             |
|    ep_len_mean          | 1.24e+03    |
|    ep_rew_mean          | 127         |
| time/                   |             |
|    fps                  | 1607        |
|    iterations           | 79          |
|    time_elapsed         | 100         |
|    total_timesteps      | 1390592     |
| train/                  |             |
|    approx_kl            | 0.025751498 |
|    clip_fraction        | 0.152       |
|    clip_range           | 0.2         |
|    entropy_loss         | 1.18        |
|    explained_variance   | 0.787       |
|    learning_rate        | 5e-05       |
|    loss                 | 1.9         |
|    n_updates            | 3390        |
|    policy_gradient_loss | 0.00711     |
|    std                  | 0.134       |
|    value_loss           | 36.7        |
-----------------------------------------
----------------------------------------
| rollout/                |            |
|    ep_len_mean          | 1.27e+03   |
|    ep_rew_mean          | 121        |
| time/                   |            |
|    fps                  | 1609       |
|    iterations           | 80         |
|    time_elapsed         | 101        |
|    total_timesteps      | 1392640    |
| train/                  |            |
|    approx_kl            | 0.03648974 |
|    clip_fraction        | 0.187      |
|    clip_range           | 0.2        |
|    entropy_loss         | 1.18       |
|    explained_variance   | 0.862      |
|    learning_rate        | 5e-05      |
|    loss                 | 1.44       |
|    n_updates            | 3395       |
|    policy_gradient_loss | 0.0101     |
|    std                  | 0.134      |
|    value_loss           | 15.2       |
----------------------------------------
-----------------------------------------
| rollout/                |             |
|    ep_len_mean          | 1.28e+03    |
|    ep_rew_mean          | 119         |
| time/                   |             |
|    fps                  | 1607        |
|    iterations           | 81          |
|    time_elapsed         | 103         |
|    total_timesteps      | 1394688     |
| train/                  |             |
|    approx_kl            | 0.017090127 |
|    clip_fraction        | 0.0995      |
|    clip_range           | 0.2         |
|    entropy_loss         | 1.18        |
|    explained_variance   | 0.706       |
|    learning_rate        | 5e-05       |
|    loss                 | 40.2        |
|    n_updates            | 3400        |
|    policy_gradient_loss | 0.00083     |
|    std                  | 0.134       |
|    value_loss           | 44.9        |
-----------------------------------------
------------------------------------------
| rollout/                |              |
|    ep_len_mean          | 1.28e+03     |
|    ep_rew_mean          | 119          |
| time/                   |              |
|    fps                  | 1607         |
|    iterations           | 82           |
|    time_elapsed         | 104          |
|    total_timesteps      | 1396736      |
| train/                  |              |
|    approx_kl            | 0.0021458904 |
|    clip_fraction        | 0.0669       |
|    clip_range           | 0.2          |
|    entropy_loss         | 1.18         |
|    explained_variance   | 0.704        |
|    learning_rate        | 5e-05        |
|    loss                 | 2.4          |
|    n_updates            | 3405         |
|    policy_gradient_loss | -0.00177     |
|    std                  | 0.134        |
|    value_loss           | 22.7         |
------------------------------------------
-----------------------------------------
| rollout/                |             |
|    ep_len_mean          | 1.29e+03    |
|    ep_rew_mean          | 119         |
| time/                   |             |
|    fps                  | 1609        |
|    iterations           | 83          |
|    time_elapsed         | 105         |
|    total_timesteps      | 1398784     |
| train/                  |             |
|    approx_kl            | 0.005468499 |
|    clip_fraction        | 0.0512      |
|    clip_range           | 0.2         |
|    entropy_loss         | 1.18        |
|    explained_variance   | 0.838       |
|    learning_rate        | 5e-05       |
|    loss                 | 3.62        |
|    n_updates            | 3410        |
|    policy_gradient_loss | -0.002      |
|    std                  | 0.134       |
|    value_loss           | 32.5        |
-----------------------------------------
-----------------------------------------
| rollout/                |             |
|    ep_len_mean          | 1.31e+03    |
|    ep_rew_mean          | 115         |
| time/                   |             |
|    fps                  | 1609        |
|    iterations           | 84          |
|    time_elapsed         | 106         |
|    total_timesteps      | 1400832     |
| train/                  |             |
|    approx_kl            | 0.026140925 |
|    clip_fraction        | 0.112       |
|    clip_range           | 0.2         |
|    entropy_loss         | 1.18        |
|    explained_variance   | 0.513       |
|    learning_rate        | 5e-05       |
|    loss                 | 243         |
|    n_updates            | 3415        |
|    policy_gradient_loss | 0.00464     |
|    std                  | 0.134       |
|    value_loss           | 125         |
-----------------------------------------
-----------------------------------------
| rollout/                |             |
|    ep_len_mean          | 1.31e+03    |
|    ep_rew_mean          | 115         |
| time/                   |             |
|    fps                  | 1609        |
|    iterations           | 85          |
|    time_elapsed         | 108         |
|    total_timesteps      | 1402880     |
| train/                  |             |
|    approx_kl            | 0.009168858 |
|    clip_fraction        | 0.0924      |
|    clip_range           | 0.2         |
|    entropy_loss         | 1.18        |
|    explained_variance   | 0.781       |
|    learning_rate        | 5e-05       |
|    loss                 | 1.11        |
|    n_updates            | 3420        |
|    policy_gradient_loss | 6.26e-05    |
|    std                  | 0.134       |
|    value_loss           | 12.2        |
-----------------------------------------
-----------------------------------------
| rollout/                |             |
|    ep_len_mean          | 1.29e+03    |
|    ep_rew_mean          | 117         |
| time/                   |             |
|    fps                  | 1609        |
|    iterations           | 86          |
|    time_elapsed         | 109         |
|    total_timesteps      | 1404928     |
| train/                  |             |
|    approx_kl            | 0.015248147 |
|    clip_fraction        | 0.12        |
|    clip_range           | 0.2         |
|    entropy_loss         | 1.18        |
|    explained_variance   | 0.629       |
|    learning_rate        | 5e-05       |
|    loss                 | 131         |
|    n_updates            | 3425        |
|    policy_gradient_loss | -0.00236    |
|    std                  | 0.134       |
|    value_loss           | 110         |
-----------------------------------------
----------------------------------------
| rollout/                |            |
|    ep_len_mean          | 1.28e+03   |
|    ep_rew_mean          | 119        |
| time/                   |            |
|    fps                  | 1609       |
|    iterations           | 87         |
|    time_elapsed         | 110        |
|    total_timesteps      | 1406976    |
| train/                  |            |
|    approx_kl            | 0.01421476 |
|    clip_fraction        | 0.122      |
|    clip_range           | 0.2        |
|    entropy_loss         | 1.18       |
|    explained_variance   | 0.802      |
|    learning_rate        | 5e-05      |
|    loss                 | 0.849      |
|    n_updates            | 3430       |
|    policy_gradient_loss | 0.000588   |
|    std                  | 0.134      |
|    value_loss           | 41         |
----------------------------------------
------------------------------------------
| rollout/                |              |
|    ep_len_mean          | 1.27e+03     |
|    ep_rew_mean          | 119          |
| time/                   |              |
|    fps                  | 1609         |
|    iterations           | 88           |
|    time_elapsed         | 111          |
|    total_timesteps      | 1409024      |
| train/                  |              |
|    approx_kl            | 0.0064903963 |
|    clip_fraction        | 0.0571       |
|    clip_range           | 0.2          |
|    entropy_loss         | 1.18         |
|    explained_variance   | 0.727        |
|    learning_rate        | 5e-05        |
|    loss                 | 0.795        |
|    n_updates            | 3435         |
|    policy_gradient_loss | -0.000805    |
|    std                  | 0.134        |
|    value_loss           | 120          |
------------------------------------------
-----------------------------------------
| rollout/                |             |
|    ep_len_mean          | 1.27e+03    |
|    ep_rew_mean          | 119         |
| time/                   |             |
|    fps                  | 1611        |
|    iterations           | 89          |
|    time_elapsed         | 113         |
|    total_timesteps      | 1411072     |
| train/                  |             |
|    approx_kl            | 0.019498121 |
|    clip_fraction        | 0.189       |
|    clip_range           | 0.2         |
|    entropy_loss         | 1.18        |
|    explained_variance   | 0.891       |
|    learning_rate        | 5e-05       |
|    loss                 | 90.6        |
|    n_updates            | 3440        |
|    policy_gradient_loss | 0.0115      |
|    std                  | 0.134       |
|    value_loss           | 24.9        |
-----------------------------------------
-----------------------------------------
| rollout/                |             |
|    ep_len_mean          | 1.25e+03    |
|    ep_rew_mean          | 121         |
| time/                   |             |
|    fps                  | 1611        |
|    iterations           | 90          |
|    time_elapsed         | 114         |
|    total_timesteps      | 1413120     |
| train/                  |             |
|    approx_kl            | 0.021687154 |
|    clip_fraction        | 0.161       |
|    clip_range           | 0.2         |
|    entropy_loss         | 1.18        |
|    explained_variance   | 0.594       |
|    learning_rate        | 5e-05       |
|    loss                 | 95.3        |
|    n_updates            | 3445        |
|    policy_gradient_loss | 0.0156      |
|    std                  | 0.134       |
|    value_loss           | 52.4        |
-----------------------------------------
------------------------------------------
| rollout/                |              |
|    ep_len_mean          | 1.26e+03     |
|    ep_rew_mean          | 121          |
| time/                   |              |
|    fps                  | 1611         |
|    iterations           | 91           |
|    time_elapsed         | 115          |
|    total_timesteps      | 1415168      |
| train/                  |              |
|    approx_kl            | 0.0073553845 |
|    clip_fraction        | 0.112        |
|    clip_range           | 0.2          |
|    entropy_loss         | 1.18         |
|    explained_variance   | 0.816        |
|    learning_rate        | 5e-05        |
|    loss                 | 0.72         |
|    n_updates            | 3450         |
|    policy_gradient_loss | 0.00192      |
|    std                  | 0.134        |
|    value_loss           | 42.7         |
------------------------------------------
-----------------------------------------
| rollout/                |             |
|    ep_len_mean          | 1.26e+03    |
|    ep_rew_mean          | 121         |
| time/                   |             |
|    fps                  | 1610        |
|    iterations           | 92          |
|    time_elapsed         | 116         |
|    total_timesteps      | 1417216     |
| train/                  |             |
|    approx_kl            | 0.010258065 |
|    clip_fraction        | 0.108       |
|    clip_range           | 0.2         |
|    entropy_loss         | 1.18        |
|    explained_variance   | 0.752       |
|    learning_rate        | 5e-05       |
|    loss                 | 0.255       |
|    n_updates            | 3455        |
|    policy_gradient_loss | -0.000144   |
|    std                  | 0.134       |
|    value_loss           | 70.4        |
-----------------------------------------
-----------------------------------------
| rollout/                |             |
|    ep_len_mean          | 1.25e+03    |
|    ep_rew_mean          | 121         |
| time/                   |             |
|    fps                  | 1609        |
|    iterations           | 93          |
|    time_elapsed         | 118         |
|    total_timesteps      | 1419264     |
| train/                  |             |
|    approx_kl            | 0.012321244 |
|    clip_fraction        | 0.0897      |
|    clip_range           | 0.2         |
|    entropy_loss         | 1.18        |
|    explained_variance   | 0.728       |
|    learning_rate        | 5e-05       |
|    loss                 | 44.1        |
|    n_updates            | 3460        |
|    policy_gradient_loss | -0.00133    |
|    std                  | 0.134       |
|    value_loss           | 72.7        |
-----------------------------------------
-----------------------------------------
| rollout/                |             |
|    ep_len_mean          | 1.24e+03    |
|    ep_rew_mean          | 122         |
| time/                   |             |
|    fps                  | 1607        |
|    iterations           | 94          |
|    time_elapsed         | 119         |
|    total_timesteps      | 1421312     |
| train/                  |             |
|    approx_kl            | 0.010536112 |
|    clip_fraction        | 0.14        |
|    clip_range           | 0.2         |
|    entropy_loss         | 1.18        |
|    explained_variance   | 0.868       |
|    learning_rate        | 5e-05       |
|    loss                 | 0.285       |
|    n_updates            | 3465        |
|    policy_gradient_loss | 0.00287     |
|    std                  | 0.134       |
|    value_loss           | 25          |
-----------------------------------------
------------------------------------------
| rollout/                |              |
|    ep_len_mean          | 1.24e+03     |
|    ep_rew_mean          | 122          |
| time/                   |              |
|    fps                  | 1603         |
|    iterations           | 95           |
|    time_elapsed         | 121          |
|    total_timesteps      | 1423360      |
| train/                  |              |
|    approx_kl            | 0.0039839465 |
|    clip_fraction        | 0.0746       |
|    clip_range           | 0.2          |
|    entropy_loss         | 1.18         |
|    explained_variance   | 0.643        |
|    learning_rate        | 5e-05        |
|    loss                 | 0.662        |
|    n_updates            | 3470         |
|    policy_gradient_loss | -0.00165     |
|    std                  | 0.134        |
|    value_loss           | 114          |
------------------------------------------
----------------------------------------
| rollout/                |            |
|    ep_len_mean          | 1.23e+03   |
|    ep_rew_mean          | 122        |
| time/                   |            |
|    fps                  | 1602       |
|    iterations           | 96         |
|    time_elapsed         | 122        |
|    total_timesteps      | 1425408    |
| train/                  |            |
|    approx_kl            | 0.00677997 |
|    clip_fraction        | 0.105      |
|    clip_range           | 0.2        |
|    entropy_loss         | 1.18       |
|    explained_variance   | 0.835      |
|    learning_rate        | 5e-05      |
|    loss                 | 8.72       |
|    n_updates            | 3475       |
|    policy_gradient_loss | 0.00183    |
|    std                  | 0.134      |
|    value_loss           | 38.8       |
----------------------------------------
-----------------------------------------
| rollout/                |             |
|    ep_len_mean          | 1.24e+03    |
|    ep_rew_mean          | 120         |
| time/                   |             |
|    fps                  | 1601        |
|    iterations           | 97          |
|    time_elapsed         | 124         |
|    total_timesteps      | 1427456     |
| train/                  |             |
|    approx_kl            | 0.013992643 |
|    clip_fraction        | 0.125       |
|    clip_range           | 0.2         |
|    entropy_loss         | 1.18        |
|    explained_variance   | 0.699       |
|    learning_rate        | 5e-05       |
|    loss                 | 15.2        |
|    n_updates            | 3480        |
|    policy_gradient_loss | 0.0013      |
|    std                  | 0.134       |
|    value_loss           | 87.8        |
-----------------------------------------
-----------------------------------------
| rollout/                |             |
|    ep_len_mean          | 1.24e+03    |
|    ep_rew_mean          | 120         |
| time/                   |             |
|    fps                  | 1599        |
|    iterations           | 98          |
|    time_elapsed         | 125         |
|    total_timesteps      | 1429504     |
| train/                  |             |
|    approx_kl            | 0.004792031 |
|    clip_fraction        | 0.0439      |
|    clip_range           | 0.2         |
|    entropy_loss         | 1.18        |
|    explained_variance   | 0.737       |
|    learning_rate        | 5e-05       |
|    loss                 | 0.197       |
|    n_updates            | 3485        |
|    policy_gradient_loss | -0.00182    |
|    std                  | 0.134       |
|    value_loss           | 57.2        |
-----------------------------------------
----------------------------------------
| rollout/                |            |
|    ep_len_mean          | 1.25e+03   |
|    ep_rew_mean          | 120        |
| time/                   |            |
|    fps                  | 1599       |
|    iterations           | 99         |
|    time_elapsed         | 126        |
|    total_timesteps      | 1431552    |
| train/                  |            |
|    approx_kl            | 0.00864132 |
|    clip_fraction        | 0.056      |
|    clip_range           | 0.2        |
|    entropy_loss         | 1.18       |
|    explained_variance   | 0.816      |
|    learning_rate        | 5e-05      |
|    loss                 | 119        |
|    n_updates            | 3490       |
|    policy_gradient_loss | -0.00139   |
|    std                  | 0.134      |
|    value_loss           | 35.3       |
----------------------------------------
-----------------------------------------
| rollout/                |             |
|    ep_len_mean          | 1.27e+03    |
|    ep_rew_mean          | 119         |
| time/                   |             |
|    fps                  | 1596        |
|    iterations           | 100         |
|    time_elapsed         | 128         |
|    total_timesteps      | 1433600     |
| train/                  |             |
|    approx_kl            | 0.012727104 |
|    clip_fraction        | 0.103       |
|    clip_range           | 0.2         |
|    entropy_loss         | 1.18        |
|    explained_variance   | 0.625       |
|    learning_rate        | 5e-05       |
|    loss                 | 115         |
|    n_updates            | 3495        |
|    policy_gradient_loss | 0.000829    |
|    std                  | 0.134       |
|    value_loss           | 74.6        |
-----------------------------------------

CP7 held-out: 44/50 hits (88.0%), mean miss 4.2 m, mean reward 141.28
STOP CONDITION: no joint improvement -- review gate before continuing.

==== babysit CP8 2026-09-16 14:15:05 ====
CP8: evasive lineage | max_time=45s t_go_max=10s | tracking=True | obs=12-D | miss_tanh_scale=3000m shaping_gamma=1 effort_weight=5 precision_weight=50 -> out=/Users/vincenzo/Desktop/Projects/Physics Sim Project/missile_guidance_sim/outputs/evasive_zemtgo10_seed14
---------------------------------
| rollout/           |          |
|    ep_len_mean     | 1.27e+03 |
|    ep_rew_mean     | 119      |
| time/              |          |
|    fps             | 4771     |
|    iterations      | 1        |
|    time_elapsed    | 0        |
|    total_timesteps | 1435648  |
---------------------------------
------------------------------------------
| rollout/                |              |
|    ep_len_mean          | 1.26e+03     |
|    ep_rew_mean          | 119          |
| time/                   |              |
|    fps                  | 2024         |
|    iterations           | 2            |
|    time_elapsed         | 2            |
|    total_timesteps      | 1437696      |
| train/                  |              |
|    approx_kl            | 0.0063800374 |
|    clip_fraction        | 0.0899       |
|    clip_range           | 0.2          |
|    entropy_loss         | 1.16         |
|    explained_variance   | 0.863        |
|    learning_rate        | 5e-05        |
|    loss                 | 6.27         |
|    n_updates            | 3505         |
|    policy_gradient_loss | -7.03e-05    |
|    std                  | 0.135        |
|    value_loss           | 4.51         |
------------------------------------------
-----------------------------------------
| rollout/                |             |
|    ep_len_mean          | 1.26e+03    |
|    ep_rew_mean          | 119         |
| time/                   |             |
|    fps                  | 1870        |
|    iterations           | 3           |
|    time_elapsed         | 3           |
|    total_timesteps      | 1439744     |
| train/                  |             |
|    approx_kl            | 0.010940932 |
|    clip_fraction        | 0.108       |
|    clip_range           | 0.2         |
|    entropy_loss         | 1.16        |
|    explained_variance   | 0.713       |
|    learning_rate        | 5e-05       |
|    loss                 | 0.984       |
|    n_updates            | 3510        |
|    policy_gradient_loss | 0.00119     |
|    std                  | 0.135       |
|    value_loss           | 85.6        |
-----------------------------------------
-----------------------------------------
| rollout/                |             |
|    ep_len_mean          | 1.27e+03    |
|    ep_rew_mean          | 119         |
| time/                   |             |
|    fps                  | 1806        |
|    iterations           | 4           |
|    time_elapsed         | 4           |
|    total_timesteps      | 1441792     |
| train/                  |             |
|    approx_kl            | 0.012289202 |
|    clip_fraction        | 0.104       |
|    clip_range           | 0.2         |
|    entropy_loss         | 1.16        |
|    explained_variance   | 0.959       |
|    learning_rate        | 5e-05       |
|    loss                 | 6.04        |
|    n_updates            | 3515        |
|    policy_gradient_loss | 0.000916    |
|    std                  | 0.135       |
|    value_loss           | 4.14        |
-----------------------------------------
------------------------------------------
| rollout/                |              |
|    ep_len_mean          | 1.29e+03     |
|    ep_rew_mean          | 117          |
| time/                   |              |
|    fps                  | 1770         |
|    iterations           | 5            |
|    time_elapsed         | 5            |
|    total_timesteps      | 1443840      |
| train/                  |              |
|    approx_kl            | 0.0066410126 |
|    clip_fraction        | 0.0791       |
|    clip_range           | 0.2          |
|    entropy_loss         | 1.16         |
|    explained_variance   | 0.793        |
|    learning_rate        | 5e-05        |
|    loss                 | 0.523        |
|    n_updates            | 3520         |
|    policy_gradient_loss | -0.0048      |
|    std                  | 0.135        |
|    value_loss           | 45.2         |
------------------------------------------
------------------------------------------
| rollout/                |              |
|    ep_len_mean          | 1.29e+03     |
|    ep_rew_mean          | 117          |
| time/                   |              |
|    fps                  | 1729         |
|    iterations           | 6            |
|    time_elapsed         | 7            |
|    total_timesteps      | 1445888      |
| train/                  |              |
|    approx_kl            | 0.0031138356 |
|    clip_fraction        | 0.0137       |
|    clip_range           | 0.2          |
|    entropy_loss         | 1.16         |
|    explained_variance   | 0.733        |
|    learning_rate        | 5e-05        |
|    loss                 | 29.3         |
|    n_updates            | 3525         |
|    policy_gradient_loss | 0.000393     |
|    std                  | 0.135        |
|    value_loss           | 63.7         |
------------------------------------------
------------------------------------------
| rollout/                |              |
|    ep_len_mean          | 1.3e+03      |
|    ep_rew_mean          | 116          |
| time/                   |              |
|    fps                  | 1722         |
|    iterations           | 7            |
|    time_elapsed         | 8            |
|    total_timesteps      | 1447936      |
| train/                  |              |
|    approx_kl            | 0.0026792954 |
|    clip_fraction        | 0.0428       |
|    clip_range           | 0.2          |
|    entropy_loss         | 1.16         |
|    explained_variance   | 0.804        |
|    learning_rate        | 5e-05        |
|    loss                 | 44.2         |
|    n_updates            | 3530         |
|    policy_gradient_loss | -0.00122     |
|    std                  | 0.135        |
|    value_loss           | 76.4         |
------------------------------------------
-----------------------------------------
| rollout/                |             |
|    ep_len_mean          | 1.3e+03     |
|    ep_rew_mean          | 116         |
| time/                   |             |
|    fps                  | 1700        |
|    iterations           | 8           |
|    time_elapsed         | 9           |
|    total_timesteps      | 1449984     |
| train/                  |             |
|    approx_kl            | 0.009999627 |
|    clip_fraction        | 0.0656      |
|    clip_range           | 0.2         |
|    entropy_loss         | 1.17        |
|    explained_variance   | 0.533       |
|    learning_rate        | 5e-05       |
|    loss                 | 1.12        |
|    n_updates            | 3535        |
|    policy_gradient_loss | -0.00111    |
|    std                  | 0.135       |
|    value_loss           | 130         |
-----------------------------------------
-----------------------------------------
| rollout/                |             |
|    ep_len_mean          | 1.32e+03    |
|    ep_rew_mean          | 114         |
| time/                   |             |
|    fps                  | 1710        |
|    iterations           | 9           |
|    time_elapsed         | 10          |
|    total_timesteps      | 1452032     |
| train/                  |             |
|    approx_kl            | 0.021433333 |
|    clip_fraction        | 0.191       |
|    clip_range           | 0.2         |
|    entropy_loss         | 1.17        |
|    explained_variance   | 0.966       |
|    learning_rate        | 5e-05       |
|    loss                 | 1.75        |
|    n_updates            | 3540        |
|    policy_gradient_loss | 0.00661     |
|    std                  | 0.135       |
|    value_loss           | 1.99        |
-----------------------------------------
----------------------------------------
| rollout/                |            |
|    ep_len_mean          | 1.32e+03   |
|    ep_rew_mean          | 114        |
| time/                   |            |
|    fps                  | 1687       |
|    iterations           | 10         |
|    time_elapsed         | 12         |
|    total_timesteps      | 1454080    |
| train/                  |            |
|    approx_kl            | 0.05965438 |
|    clip_fraction        | 0.202      |
|    clip_range           | 0.2        |
|    entropy_loss         | 1.17       |
|    explained_variance   | 0.684      |
|    learning_rate        | 5e-05      |
|    loss                 | 0.116      |
|    n_updates            | 3545       |
|    policy_gradient_loss | 0.0153     |
|    std                  | 0.135      |
|    value_loss           | 79.5       |
----------------------------------------
-----------------------------------------
| rollout/                |             |
|    ep_len_mean          | 1.32e+03    |
|    ep_rew_mean          | 113         |
| time/                   |             |
|    fps                  | 1697        |
|    iterations           | 11          |
|    time_elapsed         | 13          |
|    total_timesteps      | 1456128     |
| train/                  |             |
|    approx_kl            | 0.023842826 |
|    clip_fraction        | 0.197       |
|    clip_range           | 0.2         |
|    entropy_loss         | 1.17        |
|    explained_variance   | 0.976       |
|    learning_rate        | 5e-05       |
|    loss                 | 0.743       |
|    n_updates            | 3550        |
|    policy_gradient_loss | 0.0226      |
|    std                  | 0.135       |
|    value_loss           | 2.17        |
-----------------------------------------
-----------------------------------------
| rollout/                |             |
|    ep_len_mean          | 1.32e+03    |
|    ep_rew_mean          | 113         |
| time/                   |             |
|    fps                  | 1694        |
|    iterations           | 12          |
|    time_elapsed         | 14          |
|    total_timesteps      | 1458176     |
| train/                  |             |
|    approx_kl            | 0.016053928 |
|    clip_fraction        | 0.0926      |
|    clip_range           | 0.2         |
|    entropy_loss         | 1.17        |
|    explained_variance   | 0.558       |
|    learning_rate        | 5e-05       |
|    loss                 | 0.844       |
|    n_updates            | 3555        |
|    policy_gradient_loss | 0.000659    |
|    std                  | 0.135       |
|    value_loss           | 79.7        |
-----------------------------------------
------------------------------------------
| rollout/                |              |
|    ep_len_mean          | 1.3e+03      |
|    ep_rew_mean          | 115          |
| time/                   |              |
|    fps                  | 1681         |
|    iterations           | 13           |
|    time_elapsed         | 15           |
|    total_timesteps      | 1460224      |
| train/                  |              |
|    approx_kl            | 0.0060784062 |
|    clip_fraction        | 0.117        |
|    clip_range           | 0.2          |
|    entropy_loss         | 1.17         |
|    explained_variance   | 0.659        |
|    learning_rate        | 5e-05        |
|    loss                 | 2.69         |
|    n_updates            | 3560         |
|    policy_gradient_loss | 6.77e-05     |
|    std                  | 0.135        |
|    value_loss           | 96.2         |
------------------------------------------
------------------------------------------
| rollout/                |              |
|    ep_len_mean          | 1.3e+03      |
|    ep_rew_mean          | 115          |
| time/                   |              |
|    fps                  | 1669         |
|    iterations           | 14           |
|    time_elapsed         | 17           |
|    total_timesteps      | 1462272      |
| train/                  |              |
|    approx_kl            | 0.0071096206 |
|    clip_fraction        | 0.151        |
|    clip_range           | 0.2          |
|    entropy_loss         | 1.17         |
|    explained_variance   | 0.734        |
|    learning_rate        | 5e-05        |
|    loss                 | 0.674        |
|    n_updates            | 3565         |
|    policy_gradient_loss | 0.00251      |
|    std                  | 0.135        |
|    value_loss           | 92.4         |
------------------------------------------
-----------------------------------------
| rollout/                |             |
|    ep_len_mean          | 1.3e+03     |
|    ep_rew_mean          | 115         |
| time/                   |             |
|    fps                  | 1661        |
|    iterations           | 15          |
|    time_elapsed         | 18          |
|    total_timesteps      | 1464320     |
| train/                  |             |
|    approx_kl            | 0.007539279 |
|    clip_fraction        | 0.0869      |
|    clip_range           | 0.2         |
|    entropy_loss         | 1.17        |
|    explained_variance   | 0.619       |
|    learning_rate        | 5e-05       |
|    loss                 | 2.18        |
|    n_updates            | 3570        |
|    policy_gradient_loss | -0.00172    |
|    std                  | 0.135       |
|    value_loss           | 38.7        |
-----------------------------------------
-----------------------------------------
| rollout/                |             |
|    ep_len_mean          | 1.31e+03    |
|    ep_rew_mean          | 115         |
| time/                   |             |
|    fps                  | 1638        |
|    iterations           | 16          |
|    time_elapsed         | 19          |
|    total_timesteps      | 1466368     |
| train/                  |             |
|    approx_kl            | 0.055937435 |
|    clip_fraction        | 0.333       |
|    clip_range           | 0.2         |
|    entropy_loss         | 1.17        |
|    explained_variance   | 0.726       |
|    learning_rate        | 5e-05       |
|    loss                 | 0.367       |
|    n_updates            | 3575        |
|    policy_gradient_loss | 0.0161      |
|    std                  | 0.135       |
|    value_loss           | 87.9        |
-----------------------------------------
-----------------------------------------
| rollout/                |             |
|    ep_len_mean          | 1.3e+03     |
|    ep_rew_mean          | 114         |
| time/                   |             |
|    fps                  | 1628        |
|    iterations           | 17          |
|    time_elapsed         | 21          |
|    total_timesteps      | 1468416     |
| train/                  |             |
|    approx_kl            | 0.014846822 |
|    clip_fraction        | 0.127       |
|    clip_range           | 0.2         |
|    entropy_loss         | 1.17        |
|    explained_variance   | 0.789       |
|    learning_rate        | 5e-05       |
|    loss                 | 5.34        |
|    n_updates            | 3580        |
|    policy_gradient_loss | 0.000356    |
|    std                  | 0.135       |
|    value_loss           | 37.3        |
-----------------------------------------
-----------------------------------------
| rollout/                |             |
|    ep_len_mean          | 1.32e+03    |
|    ep_rew_mean          | 113         |
| time/                   |             |
|    fps                  | 1623        |
|    iterations           | 18          |
|    time_elapsed         | 22          |
|    total_timesteps      | 1470464     |
| train/                  |             |
|    approx_kl            | 0.006271095 |
|    clip_fraction        | 0.0698      |
|    clip_range           | 0.2         |
|    entropy_loss         | 1.17        |
|    explained_variance   | 0.775       |
|    learning_rate        | 5e-05       |
|    loss                 | 1.19        |
|    n_updates            | 3585        |
|    policy_gradient_loss | 0.00181     |
|    std                  | 0.135       |
|    value_loss           | 32          |
-----------------------------------------
-----------------------------------------
| rollout/                |             |
|    ep_len_mean          | 1.31e+03    |
|    ep_rew_mean          | 113         |
| time/                   |             |
|    fps                  | 1612        |
|    iterations           | 19          |
|    time_elapsed         | 24          |
|    total_timesteps      | 1472512     |
| train/                  |             |
|    approx_kl            | 0.012909908 |
|    clip_fraction        | 0.105       |
|    clip_range           | 0.2         |
|    entropy_loss         | 1.17        |
|    explained_variance   | 0.813       |
|    learning_rate        | 5e-05       |
|    loss                 | 138         |
|    n_updates            | 3590        |
|    policy_gradient_loss | 0.00428     |
|    std                  | 0.135       |
|    value_loss           | 62.4        |
-----------------------------------------
-----------------------------------------
| rollout/                |             |
|    ep_len_mean          | 1.31e+03    |
|    ep_rew_mean          | 113         |
| time/                   |             |
|    fps                  | 1593        |
|    iterations           | 20          |
|    time_elapsed         | 25          |
|    total_timesteps      | 1474560     |
| train/                  |             |
|    approx_kl            | 0.005669304 |
|    clip_fraction        | 0.0629      |
|    clip_range           | 0.2         |
|    entropy_loss         | 1.17        |
|    explained_variance   | 0.725       |
|    learning_rate        | 5e-05       |
|    loss                 | 47.9        |
|    n_updates            | 3595        |
|    policy_gradient_loss | -0.000368   |
|    std                  | 0.135       |
|    value_loss           | 108         |
-----------------------------------------
------------------------------------------
| rollout/                |              |
|    ep_len_mean          | 1.3e+03      |
|    ep_rew_mean          | 112          |
| time/                   |              |
|    fps                  | 1588         |
|    iterations           | 21           |
|    time_elapsed         | 27           |
|    total_timesteps      | 1476608      |
| train/                  |              |
|    approx_kl            | 0.0124034695 |
|    clip_fraction        | 0.0766       |
|    clip_range           | 0.2          |
|    entropy_loss         | 1.17         |
|    explained_variance   | 0.937        |
|    learning_rate        | 5e-05        |
|    loss                 | 0.382        |
|    n_updates            | 3600         |
|    policy_gradient_loss | -0.000404    |
|    std                  | 0.135        |
|    value_loss           | 4.01         |
------------------------------------------
----------------------------------------
| rollout/                |            |
|    ep_len_mean          | 1.31e+03   |
|    ep_rew_mean          | 112        |
| time/                   |            |
|    fps                  | 1572       |
|    iterations           | 22         |
|    time_elapsed         | 28         |
|    total_timesteps      | 1478656    |
| train/                  |            |
|    approx_kl            | 0.01407766 |
|    clip_fraction        | 0.156      |
|    clip_range           | 0.2        |
|    entropy_loss         | 1.17       |
|    explained_variance   | 0.772      |
|    learning_rate        | 5e-05      |
|    loss                 | 0.367      |
|    n_updates            | 3605       |
|    policy_gradient_loss | 0.00352    |
|    std                  | 0.135      |
|    value_loss           | 63.7       |
----------------------------------------
-----------------------------------------
| rollout/                |             |
|    ep_len_mean          | 1.31e+03    |
|    ep_rew_mean          | 113         |
| time/                   |             |
|    fps                  | 1565        |
|    iterations           | 23          |
|    time_elapsed         | 30          |
|    total_timesteps      | 1480704     |
| train/                  |             |
|    approx_kl            | 0.025987338 |
|    clip_fraction        | 0.275       |
|    clip_range           | 0.2         |
|    entropy_loss         | 1.17        |
|    explained_variance   | 0.66        |
|    learning_rate        | 5e-05       |
|    loss                 | 142         |
|    n_updates            | 3610        |
|    policy_gradient_loss | 0.0217      |
|    std                  | 0.135       |
|    value_loss           | 88.1        |
-----------------------------------------
------------------------------------------
| rollout/                |              |
|    ep_len_mean          | 1.29e+03     |
|    ep_rew_mean          | 115          |
| time/                   |              |
|    fps                  | 1565         |
|    iterations           | 24           |
|    time_elapsed         | 31           |
|    total_timesteps      | 1482752      |
| train/                  |              |
|    approx_kl            | 0.0075810663 |
|    clip_fraction        | 0.0842       |
|    clip_range           | 0.2          |
|    entropy_loss         | 1.17         |
|    explained_variance   | 0.813        |
|    learning_rate        | 5e-05        |
|    loss                 | 2.11         |
|    n_updates            | 3615         |
|    policy_gradient_loss | -0.00118     |
|    std                  | 0.135        |
|    value_loss           | 38.8         |
------------------------------------------
-----------------------------------------
| rollout/                |             |
|    ep_len_mean          | 1.29e+03    |
|    ep_rew_mean          | 115         |
| time/                   |             |
|    fps                  | 1561        |
|    iterations           | 25          |
|    time_elapsed         | 32          |
|    total_timesteps      | 1484800     |
| train/                  |             |
|    approx_kl            | 0.033796113 |
|    clip_fraction        | 0.11        |
|    clip_range           | 0.2         |
|    entropy_loss         | 1.17        |
|    explained_variance   | 0.799       |
|    learning_rate        | 5e-05       |
|    loss                 | 1.52        |
|    n_updates            | 3620        |
|    policy_gradient_loss | 0.00181     |
|    std                  | 0.135       |
|    value_loss           | 52.8        |
-----------------------------------------
-----------------------------------------
| rollout/                |             |
|    ep_len_mean          | 1.29e+03    |
|    ep_rew_mean          | 115         |
| time/                   |             |
|    fps                  | 1560        |
|    iterations           | 26          |
|    time_elapsed         | 34          |
|    total_timesteps      | 1486848     |
| train/                  |             |
|    approx_kl            | 0.014698521 |
|    clip_fraction        | 0.134       |
|    clip_range           | 0.2         |
|    entropy_loss         | 1.17        |
|    explained_variance   | 0.817       |
|    learning_rate        | 5e-05       |
|    loss                 | 150         |
|    n_updates            | 3625        |
|    policy_gradient_loss | 0.0038      |
|    std                  | 0.135       |
|    value_loss           | 42.2        |
-----------------------------------------
-----------------------------------------
| rollout/                |             |
|    ep_len_mean          | 1.31e+03    |
|    ep_rew_mean          | 113         |
| time/                   |             |
|    fps                  | 1558        |
|    iterations           | 27          |
|    time_elapsed         | 35          |
|    total_timesteps      | 1488896     |
| train/                  |             |
|    approx_kl            | 0.005730265 |
|    clip_fraction        | 0.117       |
|    clip_range           | 0.2         |
|    entropy_loss         | 1.17        |
|    explained_variance   | 0.726       |
|    learning_rate        | 5e-05       |
|    loss                 | 0.313       |
|    n_updates            | 3630        |
|    policy_gradient_loss | -0.0044     |
|    std                  | 0.135       |
|    value_loss           | 41.2        |
-----------------------------------------
-----------------------------------------
| rollout/                |             |
|    ep_len_mean          | 1.31e+03    |
|    ep_rew_mean          | 113         |
| time/                   |             |
|    fps                  | 1554        |
|    iterations           | 28          |
|    time_elapsed         | 36          |
|    total_timesteps      | 1490944     |
| train/                  |             |
|    approx_kl            | 0.008714218 |
|    clip_fraction        | 0.0737      |
|    clip_range           | 0.2         |
|    entropy_loss         | 1.17        |
|    explained_variance   | 0.295       |
|    learning_rate        | 5e-05       |
|    loss                 | 2           |
|    n_updates            | 3635        |
|    policy_gradient_loss | 0.00228     |
|    std                  | 0.135       |
|    value_loss           | 82.2        |
-----------------------------------------
-----------------------------------------
| rollout/                |             |
|    ep_len_mean          | 1.31e+03    |
|    ep_rew_mean          | 113         |
| time/                   |             |
|    fps                  | 1554        |
|    iterations           | 29          |
|    time_elapsed         | 38          |
|    total_timesteps      | 1492992     |
| train/                  |             |
|    approx_kl            | 0.007589963 |
|    clip_fraction        | 0.0688      |
|    clip_range           | 0.2         |
|    entropy_loss         | 1.17        |
|    explained_variance   | 0.665       |
|    learning_rate        | 5e-05       |
|    loss                 | 2.81        |
|    n_updates            | 3640        |
|    policy_gradient_loss | -0.000844   |
|    std                  | 0.135       |
|    value_loss           | 63.6        |
-----------------------------------------
------------------------------------------
| rollout/                |              |
|    ep_len_mean          | 1.34e+03     |
|    ep_rew_mean          | 111          |
| time/                   |              |
|    fps                  | 1555         |
|    iterations           | 30           |
|    time_elapsed         | 39           |
|    total_timesteps      | 1495040      |
| train/                  |              |
|    approx_kl            | 0.0068992074 |
|    clip_fraction        | 0.0801       |
|    clip_range           | 0.2          |
|    entropy_loss         | 1.17         |
|    explained_variance   | 0.882        |
|    learning_rate        | 5e-05        |
|    loss                 | 2.05         |
|    n_updates            | 3645         |
|    policy_gradient_loss | 0.0014       |
|    std                  | 0.135        |
|    value_loss           | 18.6         |
------------------------------------------
-----------------------------------------
| rollout/                |             |
|    ep_len_mean          | 1.34e+03    |
|    ep_rew_mean          | 109         |
| time/                   |             |
|    fps                  | 1553        |
|    iterations           | 31          |
|    time_elapsed         | 40          |
|    total_timesteps      | 1497088     |
| train/                  |             |
|    approx_kl            | 0.006140062 |
|    clip_fraction        | 0.0379      |
|    clip_range           | 0.2         |
|    entropy_loss         | 1.17        |
|    explained_variance   | 0.777       |
|    learning_rate        | 5e-05       |
|    loss                 | 0.421       |
|    n_updates            | 3650        |
|    policy_gradient_loss | -0.00257    |
|    std                  | 0.135       |
|    value_loss           | 82.7        |
-----------------------------------------
------------------------------------------
| rollout/                |              |
|    ep_len_mean          | 1.34e+03     |
|    ep_rew_mean          | 109          |
| time/                   |              |
|    fps                  | 1552         |
|    iterations           | 32           |
|    time_elapsed         | 42           |
|    total_timesteps      | 1499136      |
| train/                  |              |
|    approx_kl            | 0.0038987072 |
|    clip_fraction        | 0.0966       |
|    clip_range           | 0.2          |
|    entropy_loss         | 1.17         |
|    explained_variance   | 0.79         |
|    learning_rate        | 5e-05        |
|    loss                 | 0.701        |
|    n_updates            | 3655         |
|    policy_gradient_loss | 0.00131      |
|    std                  | 0.135        |
|    value_loss           | 85.5         |
------------------------------------------
------------------------------------------
| rollout/                |              |
|    ep_len_mean          | 1.33e+03     |
|    ep_rew_mean          | 111          |
| time/                   |              |
|    fps                  | 1554         |
|    iterations           | 33           |
|    time_elapsed         | 43           |
|    total_timesteps      | 1501184      |
| train/                  |              |
|    approx_kl            | 0.0052844794 |
|    clip_fraction        | 0.111        |
|    clip_range           | 0.2          |
|    entropy_loss         | 1.17         |
|    explained_variance   | 0.873        |
|    learning_rate        | 5e-05        |
|    loss                 | 0.572        |
|    n_updates            | 3660         |
|    policy_gradient_loss | 0.000889     |
|    std                  | 0.135        |
|    value_loss           | 12.7         |
------------------------------------------
----------------------------------------
| rollout/                |            |
|    ep_len_mean          | 1.34e+03   |
|    ep_rew_mean          | 111        |
| time/                   |            |
|    fps                  | 1547       |
|    iterations           | 34         |
|    time_elapsed         | 45         |
|    total_timesteps      | 1503232    |
| train/                  |            |
|    approx_kl            | 0.01034121 |
|    clip_fraction        | 0.0895     |
|    clip_range           | 0.2        |
|    entropy_loss         | 1.17       |
|    explained_variance   | 0.779      |
|    learning_rate        | 5e-05      |
|    loss                 | 0.6        |
|    n_updates            | 3665       |
|    policy_gradient_loss | 0.000253   |
|    std                  | 0.135      |
|    value_loss           | 59.1       |
----------------------------------------
------------------------------------------
| rollout/                |              |
|    ep_len_mean          | 1.34e+03     |
|    ep_rew_mean          | 111          |
| time/                   |              |
|    fps                  | 1546         |
|    iterations           | 35           |
|    time_elapsed         | 46           |
|    total_timesteps      | 1505280      |
| train/                  |              |
|    approx_kl            | 0.0072987396 |
|    clip_fraction        | 0.162        |
|    clip_range           | 0.2          |
|    entropy_loss         | 1.17         |
|    explained_variance   | 0.565        |
|    learning_rate        | 5e-05        |
|    loss                 | 0.824        |
|    n_updates            | 3670         |
|    policy_gradient_loss | 0.00501      |
|    std                  | 0.135        |
|    value_loss           | 50.5         |
------------------------------------------
------------------------------------------
| rollout/                |              |
|    ep_len_mean          | 1.32e+03     |
|    ep_rew_mean          | 111          |
| time/                   |              |
|    fps                  | 1547         |
|    iterations           | 36           |
|    time_elapsed         | 47           |
|    total_timesteps      | 1507328      |
| train/                  |              |
|    approx_kl            | 0.0044988263 |
|    clip_fraction        | 0.0682       |
|    clip_range           | 0.2          |
|    entropy_loss         | 1.17         |
|    explained_variance   | 0.617        |
|    learning_rate        | 5e-05        |
|    loss                 | 38.5         |
|    n_updates            | 3675         |
|    policy_gradient_loss | 0.00101      |
|    std                  | 0.135        |
|    value_loss           | 70.9         |
------------------------------------------
------------------------------------------
| rollout/                |              |
|    ep_len_mean          | 1.34e+03     |
|    ep_rew_mean          | 109          |
| time/                   |              |
|    fps                  | 1547         |
|    iterations           | 37           |
|    time_elapsed         | 48           |
|    total_timesteps      | 1509376      |
| train/                  |              |
|    approx_kl            | 0.0058933897 |
|    clip_fraction        | 0.0517       |
|    clip_range           | 0.2          |
|    entropy_loss         | 1.17         |
|    explained_variance   | 0.733        |
|    learning_rate        | 5e-05        |
|    loss                 | 260          |
|    n_updates            | 3680         |
|    policy_gradient_loss | -0.00242     |
|    std                  | 0.135        |
|    value_loss           | 120          |
------------------------------------------
-----------------------------------------
| rollout/                |             |
|    ep_len_mean          | 1.33e+03    |
|    ep_rew_mean          | 109         |
| time/                   |             |
|    fps                  | 1545        |
|    iterations           | 38          |
|    time_elapsed         | 50          |
|    total_timesteps      | 1511424     |
| train/                  |             |
|    approx_kl            | 0.011903822 |
|    clip_fraction        | 0.137       |
|    clip_range           | 0.2         |
|    entropy_loss         | 1.17        |
|    explained_variance   | 0.899       |
|    learning_rate        | 5e-05       |
|    loss                 | 1.92        |
|    n_updates            | 3685        |
|    policy_gradient_loss | 0.00445     |
|    std                  | 0.135       |
|    value_loss           | 13.1        |
-----------------------------------------
-----------------------------------------
| rollout/                |             |
|    ep_len_mean          | 1.32e+03    |
|    ep_rew_mean          | 111         |
| time/                   |             |
|    fps                  | 1538        |
|    iterations           | 39          |
|    time_elapsed         | 51          |
|    total_timesteps      | 1513472     |
| train/                  |             |
|    approx_kl            | 0.021490792 |
|    clip_fraction        | 0.103       |
|    clip_range           | 0.2         |
|    entropy_loss         | 1.17        |
|    explained_variance   | 0.615       |
|    learning_rate        | 5e-05       |
|    loss                 | 107         |
|    n_updates            | 3690        |
|    policy_gradient_loss | 0.00134     |
|    std                  | 0.135       |
|    value_loss           | 117         |
-----------------------------------------
------------------------------------------
| rollout/                |              |
|    ep_len_mean          | 1.32e+03     |
|    ep_rew_mean          | 111          |
| time/                   |              |
|    fps                  | 1530         |
|    iterations           | 40           |
|    time_elapsed         | 53           |
|    total_timesteps      | 1515520      |
| train/                  |              |
|    approx_kl            | 0.0038515402 |
|    clip_fraction        | 0.0583       |
|    clip_range           | 0.2          |
|    entropy_loss         | 1.17         |
|    explained_variance   | 0.699        |
|    learning_rate        | 5e-05        |
|    loss                 | 0.33         |
|    n_updates            | 3695         |
|    policy_gradient_loss | -5.86e-05    |
|    std                  | 0.135        |
|    value_loss           | 124          |
------------------------------------------
-----------------------------------------
| rollout/                |             |
|    ep_len_mean          | 1.33e+03    |
|    ep_rew_mean          | 108         |
| time/                   |             |
|    fps                  | 1528        |
|    iterations           | 41          |
|    time_elapsed         | 54          |
|    total_timesteps      | 1517568     |
| train/                  |             |
|    approx_kl            | 0.011222307 |
|    clip_fraction        | 0.0818      |
|    clip_range           | 0.2         |
|    entropy_loss         | 1.17        |
|    explained_variance   | 0.974       |
|    learning_rate        | 5e-05       |
|    loss                 | 5.21        |
|    n_updates            | 3700        |
|    policy_gradient_loss | -0.00331    |
|    std                  | 0.135       |
|    value_loss           | 3.45        |
-----------------------------------------
-----------------------------------------
| rollout/                |             |
|    ep_len_mean          | 1.35e+03    |
|    ep_rew_mean          | 106         |
| time/                   |             |
|    fps                  | 1522        |
|    iterations           | 42          |
|    time_elapsed         | 56          |
|    total_timesteps      | 1519616     |
| train/                  |             |
|    approx_kl            | 0.017349945 |
|    clip_fraction        | 0.126       |
|    clip_range           | 0.2         |
|    entropy_loss         | 1.17        |
|    explained_variance   | 0.67        |
|    learning_rate        | 5e-05       |
|    loss                 | 0.964       |
|    n_updates            | 3705        |
|    policy_gradient_loss | 0.0032      |
|    std                  | 0.135       |
|    value_loss           | 49.6        |
-----------------------------------------
-----------------------------------------
| rollout/                |             |
|    ep_len_mean          | 1.33e+03    |
|    ep_rew_mean          | 110         |
| time/                   |             |
|    fps                  | 1516        |
|    iterations           | 43          |
|    time_elapsed         | 58          |
|    total_timesteps      | 1521664     |
| train/                  |             |
|    approx_kl            | 0.016809981 |
|    clip_fraction        | 0.142       |
|    clip_range           | 0.2         |
|    entropy_loss         | 1.17        |
|    explained_variance   | 0.677       |
|    learning_rate        | 5e-05       |
|    loss                 | 1.27        |
|    n_updates            | 3710        |
|    policy_gradient_loss | 0.00152     |
|    std                  | 0.135       |
|    value_loss           | 56.2        |
-----------------------------------------
-----------------------------------------
| rollout/                |             |
|    ep_len_mean          | 1.33e+03    |
|    ep_rew_mean          | 110         |
| time/                   |             |
|    fps                  | 1509        |
|    iterations           | 44          |
|    time_elapsed         | 59          |
|    total_timesteps      | 1523712     |
| train/                  |             |
|    approx_kl            | 0.012118799 |
|    clip_fraction        | 0.0983      |
|    clip_range           | 0.2         |
|    entropy_loss         | 1.17        |
|    explained_variance   | 0.701       |
|    learning_rate        | 5e-05       |
|    loss                 | 173         |
|    n_updates            | 3715        |
|    policy_gradient_loss | -3.84e-05   |
|    std                  | 0.135       |
|    value_loss           | 107         |
-----------------------------------------
-----------------------------------------
| rollout/                |             |
|    ep_len_mean          | 1.31e+03    |
|    ep_rew_mean          | 114         |
| time/                   |             |
|    fps                  | 1509        |
|    iterations           | 45          |
|    time_elapsed         | 61          |
|    total_timesteps      | 1525760     |
| train/                  |             |
|    approx_kl            | 0.016718136 |
|    clip_fraction        | 0.087       |
|    clip_range           | 0.2         |
|    entropy_loss         | 1.17        |
|    explained_variance   | 0.784       |
|    learning_rate        | 5e-05       |
|    loss                 | 1.32        |
|    n_updates            | 3720        |
|    policy_gradient_loss | 0.00114     |
|    std                  | 0.135       |
|    value_loss           | 22.3        |
-----------------------------------------
-----------------------------------------
| rollout/                |             |
|    ep_len_mean          | 1.31e+03    |
|    ep_rew_mean          | 114         |
| time/                   |             |
|    fps                  | 1507        |
|    iterations           | 46          |
|    time_elapsed         | 62          |
|    total_timesteps      | 1527808     |
| train/                  |             |
|    approx_kl            | 0.018684164 |
|    clip_fraction        | 0.142       |
|    clip_range           | 0.2         |
|    entropy_loss         | 1.17        |
|    explained_variance   | 0.781       |
|    learning_rate        | 5e-05       |
|    loss                 | 0.377       |
|    n_updates            | 3725        |
|    policy_gradient_loss | 0.00568     |
|    std                  | 0.135       |
|    value_loss           | 99.3        |
-----------------------------------------
------------------------------------------
| rollout/                |              |
|    ep_len_mean          | 1.31e+03     |
|    ep_rew_mean          | 114          |
| time/                   |              |
|    fps                  | 1508         |
|    iterations           | 47           |
|    time_elapsed         | 63           |
|    total_timesteps      | 1529856      |
| train/                  |              |
|    approx_kl            | 0.0055692466 |
|    clip_fraction        | 0.0701       |
|    clip_range           | 0.2          |
|    entropy_loss         | 1.17         |
|    explained_variance   | 0.835        |
|    learning_rate        | 5e-05        |
|    loss                 | 1.49         |
|    n_updates            | 3730         |
|    policy_gradient_loss | -1.04e-05    |
|    std                  | 0.135        |
|    value_loss           | 13.6         |
------------------------------------------
----------------------------------------
| rollout/                |            |
|    ep_len_mean          | 1.32e+03   |
|    ep_rew_mean          | 113        |
| time/                   |            |
|    fps                  | 1509       |
|    iterations           | 48         |
|    time_elapsed         | 65         |
|    total_timesteps      | 1531904    |
| train/                  |            |
|    approx_kl            | 0.01680632 |
|    clip_fraction        | 0.124      |
|    clip_range           | 0.2        |
|    entropy_loss         | 1.17       |
|    explained_variance   | 0.872      |
|    learning_rate        | 5e-05      |
|    loss                 | 1.4        |
|    n_updates            | 3735       |
|    policy_gradient_loss | 0.000292   |
|    std                  | 0.134      |
|    value_loss           | 3.6        |
----------------------------------------
------------------------------------------
| rollout/                |              |
|    ep_len_mean          | 1.3e+03      |
|    ep_rew_mean          | 115          |
| time/                   |              |
|    fps                  | 1505         |
|    iterations           | 49           |
|    time_elapsed         | 66           |
|    total_timesteps      | 1533952      |
| train/                  |              |
|    approx_kl            | 0.0067488793 |
|    clip_fraction        | 0.0638       |
|    clip_range           | 0.2          |
|    entropy_loss         | 1.17         |
|    explained_variance   | 0.658        |
|    learning_rate        | 5e-05        |
|    loss                 | 0.418        |
|    n_updates            | 3740         |
|    policy_gradient_loss | -0.00298     |
|    std                  | 0.134        |
|    value_loss           | 117          |
------------------------------------------
-----------------------------------------
| rollout/                |             |
|    ep_len_mean          | 1.31e+03    |
|    ep_rew_mean          | 115         |
| time/                   |             |
|    fps                  | 1504        |
|    iterations           | 50          |
|    time_elapsed         | 68          |
|    total_timesteps      | 1536000     |
| train/                  |             |
|    approx_kl            | 0.030171134 |
|    clip_fraction        | 0.0781      |
|    clip_range           | 0.2         |
|    entropy_loss         | 1.17        |
|    explained_variance   | 0.867       |
|    learning_rate        | 5e-05       |
|    loss                 | 0.839       |
|    n_updates            | 3745        |
|    policy_gradient_loss | 0.0015      |
|    std                  | 0.134       |
|    value_loss           | 30.9        |
-----------------------------------------
----------------------------------------
| rollout/                |            |
|    ep_len_mean          | 1.32e+03   |
|    ep_rew_mean          | 113        |
| time/                   |            |
|    fps                  | 1502       |
|    iterations           | 51         |
|    time_elapsed         | 69         |
|    total_timesteps      | 1538048    |
| train/                  |            |
|    approx_kl            | 0.00672655 |
|    clip_fraction        | 0.0648     |
|    clip_range           | 0.2        |
|    entropy_loss         | 1.18       |
|    explained_variance   | 0.532      |
|    learning_rate        | 5e-05      |
|    loss                 | 6.51       |
|    n_updates            | 3750       |
|    policy_gradient_loss | -0.00051   |
|    std                  | 0.134      |
|    value_loss           | 58.7       |
----------------------------------------
-----------------------------------------
| rollout/                |             |
|    ep_len_mean          | 1.33e+03    |
|    ep_rew_mean          | 113         |
| time/                   |             |
|    fps                  | 1501        |
|    iterations           | 52          |
|    time_elapsed         | 70          |
|    total_timesteps      | 1540096     |
| train/                  |             |
|    approx_kl            | 0.004829592 |
|    clip_fraction        | 0.0358      |
|    clip_range           | 0.2         |
|    entropy_loss         | 1.18        |
|    explained_variance   | 0.721       |
|    learning_rate        | 5e-05       |
|    loss                 | 4.97        |
|    n_updates            | 3755        |
|    policy_gradient_loss | -0.00191    |
|    std                  | 0.134       |
|    value_loss           | 20.4        |
-----------------------------------------
-----------------------------------------
| rollout/                |             |
|    ep_len_mean          | 1.33e+03    |
|    ep_rew_mean          | 113         |
| time/                   |             |
|    fps                  | 1496        |
|    iterations           | 53          |
|    time_elapsed         | 72          |
|    total_timesteps      | 1542144     |
| train/                  |             |
|    approx_kl            | 0.018739253 |
|    clip_fraction        | 0.201       |
|    clip_range           | 0.2         |
|    entropy_loss         | 1.18        |
|    explained_variance   | 0.719       |
|    learning_rate        | 5e-05       |
|    loss                 | 119         |
|    n_updates            | 3760        |
|    policy_gradient_loss | 0.00503     |
|    std                  | 0.134       |
|    value_loss           | 129         |
-----------------------------------------
------------------------------------------
| rollout/                |              |
|    ep_len_mean          | 1.31e+03     |
|    ep_rew_mean          | 117          |
| time/                   |              |
|    fps                  | 1494         |
|    iterations           | 54           |
|    time_elapsed         | 73           |
|    total_timesteps      | 1544192      |
| train/                  |              |
|    approx_kl            | 0.0071728663 |
|    clip_fraction        | 0.102        |
|    clip_range           | 0.2          |
|    entropy_loss         | 1.18         |
|    explained_variance   | 0.7          |
|    learning_rate        | 5e-05        |
|    loss                 | 1.01         |
|    n_updates            | 3765         |
|    policy_gradient_loss | 0.00494      |
|    std                  | 0.134        |
|    value_loss           | 69.5         |
------------------------------------------
-----------------------------------------
| rollout/                |             |
|    ep_len_mean          | 1.31e+03    |
|    ep_rew_mean          | 117         |
| time/                   |             |
|    fps                  | 1489        |
|    iterations           | 55          |
|    time_elapsed         | 75          |
|    total_timesteps      | 1546240     |
| train/                  |             |
|    approx_kl            | 0.015990794 |
|    clip_fraction        | 0.175       |
|    clip_range           | 0.2         |
|    entropy_loss         | 1.17        |
|    explained_variance   | 0.854       |
|    learning_rate        | 5e-05       |
|    loss                 | 0.923       |
|    n_updates            | 3770        |
|    policy_gradient_loss | -0.00181    |
|    std                  | 0.135       |
|    value_loss           | 62.5        |
-----------------------------------------
-----------------------------------------
| rollout/                |             |
|    ep_len_mean          | 1.32e+03    |
|    ep_rew_mean          | 115         |
| time/                   |             |
|    fps                  | 1487        |
|    iterations           | 56          |
|    time_elapsed         | 77          |
|    total_timesteps      | 1548288     |
| train/                  |             |
|    approx_kl            | 0.022465516 |
|    clip_fraction        | 0.0985      |
|    clip_range           | 0.2         |
|    entropy_loss         | 1.17        |
|    explained_variance   | 0.848       |
|    learning_rate        | 5e-05       |
|    loss                 | 2.87        |
|    n_updates            | 3775        |
|    policy_gradient_loss | -0.00285    |
|    std                  | 0.135       |
|    value_loss           | 39.6        |
-----------------------------------------
----------------------------------------
| rollout/                |            |
|    ep_len_mean          | 1.31e+03   |
|    ep_rew_mean          | 117        |
| time/                   |            |
|    fps                  | 1481       |
|    iterations           | 57         |
|    time_elapsed         | 78         |
|    total_timesteps      | 1550336    |
| train/                  |            |
|    approx_kl            | 0.01122862 |
|    clip_fraction        | 0.0745     |
|    clip_range           | 0.2        |
|    entropy_loss         | 1.17       |
|    explained_variance   | 0.676      |
|    learning_rate        | 5e-05      |
|    loss                 | 1.6        |
|    n_updates            | 3780       |
|    policy_gradient_loss | -0.00292   |
|    std                  | 0.135      |
|    value_loss           | 50.2       |
----------------------------------------
-----------------------------------------
| rollout/                |             |
|    ep_len_mean          | 1.32e+03    |
|    ep_rew_mean          | 115         |
| time/                   |             |
|    fps                  | 1477        |
|    iterations           | 58          |
|    time_elapsed         | 80          |
|    total_timesteps      | 1552384     |
| train/                  |             |
|    approx_kl            | 0.039589953 |
|    clip_fraction        | 0.258       |
|    clip_range           | 0.2         |
|    entropy_loss         | 1.17        |
|    explained_variance   | 0.792       |
|    learning_rate        | 5e-05       |
|    loss                 | 0.731       |
|    n_updates            | 3785        |
|    policy_gradient_loss | 0.014       |
|    std                  | 0.134       |
|    value_loss           | 70.4        |
-----------------------------------------
-----------------------------------------
| rollout/                |             |
|    ep_len_mean          | 1.32e+03    |
|    ep_rew_mean          | 115         |
| time/                   |             |
|    fps                  | 1476        |
|    iterations           | 59          |
|    time_elapsed         | 81          |
|    total_timesteps      | 1554432     |
| train/                  |             |
|    approx_kl            | 0.018294834 |
|    clip_fraction        | 0.0978      |
|    clip_range           | 0.2         |
|    entropy_loss         | 1.18        |
|    explained_variance   | 0.769       |
|    learning_rate        | 5e-05       |
|    loss                 | 0.364       |
|    n_updates            | 3790        |
|    policy_gradient_loss | 0.00329     |
|    std                  | 0.134       |
|    value_loss           | 37.7        |
-----------------------------------------
------------------------------------------
| rollout/                |              |
|    ep_len_mean          | 1.31e+03     |
|    ep_rew_mean          | 115          |
| time/                   |              |
|    fps                  | 1474         |
|    iterations           | 60           |
|    time_elapsed         | 83           |
|    total_timesteps      | 1556480      |
| train/                  |              |
|    approx_kl            | 0.0028107183 |
|    clip_fraction        | 0.0405       |
|    clip_range           | 0.2          |
|    entropy_loss         | 1.18         |
|    explained_variance   | 0.788        |
|    learning_rate        | 5e-05        |
|    loss                 | 0.311        |
|    n_updates            | 3795         |
|    policy_gradient_loss | 0.000437     |
|    std                  | 0.134        |
|    value_loss           | 74.2         |
------------------------------------------
-----------------------------------------
| rollout/                |             |
|    ep_len_mean          | 1.31e+03    |
|    ep_rew_mean          | 115         |
| time/                   |             |
|    fps                  | 1472        |
|    iterations           | 61          |
|    time_elapsed         | 84          |
|    total_timesteps      | 1558528     |
| train/                  |             |
|    approx_kl            | 0.009558037 |
|    clip_fraction        | 0.127       |
|    clip_range           | 0.2         |
|    entropy_loss         | 1.18        |
|    explained_variance   | 0.765       |
|    learning_rate        | 5e-05       |
|    loss                 | 0.0748      |
|    n_updates            | 3800        |
|    policy_gradient_loss | 0.000222    |
|    std                  | 0.134       |
|    value_loss           | 103         |
-----------------------------------------
-----------------------------------------
| rollout/                |             |
|    ep_len_mean          | 1.3e+03     |
|    ep_rew_mean          | 117         |
| time/                   |             |
|    fps                  | 1474        |
|    iterations           | 62          |
|    time_elapsed         | 86          |
|    total_timesteps      | 1560576     |
| train/                  |             |
|    approx_kl            | 0.015210697 |
|    clip_fraction        | 0.187       |
|    clip_range           | 0.2         |
|    entropy_loss         | 1.18        |
|    explained_variance   | 0.825       |
|    learning_rate        | 5e-05       |
|    loss                 | 0.554       |
|    n_updates            | 3805        |
|    policy_gradient_loss | 0.00513     |
|    std                  | 0.134       |
|    value_loss           | 41          |
-----------------------------------------
------------------------------------------
| rollout/                |              |
|    ep_len_mean          | 1.3e+03      |
|    ep_rew_mean          | 117          |
| time/                   |              |
|    fps                  | 1470         |
|    iterations           | 63           |
|    time_elapsed         | 87           |
|    total_timesteps      | 1562624      |
| train/                  |              |
|    approx_kl            | 0.0056535937 |
|    clip_fraction        | 0.0563       |
|    clip_range           | 0.2          |
|    entropy_loss         | 1.18         |
|    explained_variance   | 0.708        |
|    learning_rate        | 5e-05        |
|    loss                 | 101          |
|    n_updates            | 3810         |
|    policy_gradient_loss | -0.000418    |
|    std                  | 0.134        |
|    value_loss           | 111          |
------------------------------------------
-----------------------------------------
| rollout/                |             |
|    ep_len_mean          | 1.3e+03     |
|    ep_rew_mean          | 116         |
| time/                   |             |
|    fps                  | 1469        |
|    iterations           | 64          |
|    time_elapsed         | 89          |
|    total_timesteps      | 1564672     |
| train/                  |             |
|    approx_kl            | 0.045067694 |
|    clip_fraction        | 0.161       |
|    clip_range           | 0.2         |
|    entropy_loss         | 1.18        |
|    explained_variance   | 0.825       |
|    learning_rate        | 5e-05       |
|    loss                 | 0.0746      |
|    n_updates            | 3815        |
|    policy_gradient_loss | 0.00212     |
|    std                  | 0.134       |
|    value_loss           | 54.9        |
-----------------------------------------
-----------------------------------------
| rollout/                |             |
|    ep_len_mean          | 1.29e+03    |
|    ep_rew_mean          | 117         |
| time/                   |             |
|    fps                  | 1468        |
|    iterations           | 65          |
|    time_elapsed         | 90          |
|    total_timesteps      | 1566720     |
| train/                  |             |
|    approx_kl            | 0.007213154 |
|    clip_fraction        | 0.121       |
|    clip_range           | 0.2         |
|    entropy_loss         | 1.18        |
|    explained_variance   | 0.74        |
|    learning_rate        | 5e-05       |
|    loss                 | 1.12        |
|    n_updates            | 3820        |
|    policy_gradient_loss | 0.00252     |
|    std                  | 0.134       |
|    value_loss           | 16.3        |
-----------------------------------------
------------------------------------------
| rollout/                |              |
|    ep_len_mean          | 1.29e+03     |
|    ep_rew_mean          | 117          |
| time/                   |              |
|    fps                  | 1464         |
|    iterations           | 66           |
|    time_elapsed         | 92           |
|    total_timesteps      | 1568768      |
| train/                  |              |
|    approx_kl            | 0.0058806106 |
|    clip_fraction        | 0.05         |
|    clip_range           | 0.2          |
|    entropy_loss         | 1.18         |
|    explained_variance   | 0.611        |
|    learning_rate        | 5e-05        |
|    loss                 | 2.29         |
|    n_updates            | 3825         |
|    policy_gradient_loss | 0.000383     |
|    std                  | 0.134        |
|    value_loss           | 139          |
------------------------------------------
------------------------------------------
| rollout/                |              |
|    ep_len_mean          | 1.26e+03     |
|    ep_rew_mean          | 121          |
| time/                   |              |
|    fps                  | 1463         |
|    iterations           | 67           |
|    time_elapsed         | 93           |
|    total_timesteps      | 1570816      |
| train/                  |              |
|    approx_kl            | 0.0143617075 |
|    clip_fraction        | 0.125        |
|    clip_range           | 0.2          |
|    entropy_loss         | 1.18         |
|    explained_variance   | 0.892        |
|    learning_rate        | 5e-05        |
|    loss                 | 1.24         |
|    n_updates            | 3830         |
|    policy_gradient_loss | 0.00152      |
|    std                  | 0.134        |
|    value_loss           | 21.6         |
------------------------------------------
-----------------------------------------
| rollout/                |             |
|    ep_len_mean          | 1.27e+03    |
|    ep_rew_mean          | 119         |
| time/                   |             |
|    fps                  | 1459        |
|    iterations           | 68          |
|    time_elapsed         | 95          |
|    total_timesteps      | 1572864     |
| train/                  |             |
|    approx_kl            | 0.009606011 |
|    clip_fraction        | 0.0889      |
|    clip_range           | 0.2         |
|    entropy_loss         | 1.18        |
|    explained_variance   | 0.811       |
|    learning_rate        | 5e-05       |
|    loss                 | 19.9        |
|    n_updates            | 3835        |
|    policy_gradient_loss | -0.00123    |
|    std                  | 0.134       |
|    value_loss           | 74.2        |
-----------------------------------------
-----------------------------------------
| rollout/                |             |
|    ep_len_mean          | 1.26e+03    |
|    ep_rew_mean          | 120         |
| time/                   |             |
|    fps                  | 1458        |
|    iterations           | 69          |
|    time_elapsed         | 96          |
|    total_timesteps      | 1574912     |
| train/                  |             |
|    approx_kl            | 0.006288688 |
|    clip_fraction        | 0.0627      |
|    clip_range           | 0.2         |
|    entropy_loss         | 1.18        |
|    explained_variance   | 0.866       |
|    learning_rate        | 5e-05       |
|    loss                 | 0.66        |
|    n_updates            | 3840        |
|    policy_gradient_loss | -0.00125    |
|    std                  | 0.134       |
|    value_loss           | 11.3        |
-----------------------------------------
------------------------------------------
| rollout/                |              |
|    ep_len_mean          | 1.24e+03     |
|    ep_rew_mean          | 122          |
| time/                   |              |
|    fps                  | 1455         |
|    iterations           | 70           |
|    time_elapsed         | 98           |
|    total_timesteps      | 1576960      |
| train/                  |              |
|    approx_kl            | 0.0066937287 |
|    clip_fraction        | 0.0635       |
|    clip_range           | 0.2          |
|    entropy_loss         | 1.18         |
|    explained_variance   | 0.64         |
|    learning_rate        | 5e-05        |
|    loss                 | 207          |
|    n_updates            | 3845         |
|    policy_gradient_loss | -0.00258     |
|    std                  | 0.134        |
|    value_loss           | 102          |
------------------------------------------
-----------------------------------------
| rollout/                |             |
|    ep_len_mean          | 1.24e+03    |
|    ep_rew_mean          | 122         |
| time/                   |             |
|    fps                  | 1453        |
|    iterations           | 71          |
|    time_elapsed         | 100         |
|    total_timesteps      | 1579008     |
| train/                  |             |
|    approx_kl            | 0.009065987 |
|    clip_fraction        | 0.0704      |
|    clip_range           | 0.2         |
|    entropy_loss         | 1.18        |
|    explained_variance   | 0.812       |
|    learning_rate        | 5e-05       |
|    loss                 | 2.63        |
|    n_updates            | 3850        |
|    policy_gradient_loss | -0.00159    |
|    std                  | 0.134       |
|    value_loss           | 30.2        |
-----------------------------------------
-----------------------------------------
| rollout/                |             |
|    ep_len_mean          | 1.24e+03    |
|    ep_rew_mean          | 122         |
| time/                   |             |
|    fps                  | 1449        |
|    iterations           | 72          |
|    time_elapsed         | 101         |
|    total_timesteps      | 1581056     |
| train/                  |             |
|    approx_kl            | 0.007649406 |
|    clip_fraction        | 0.105       |
|    clip_range           | 0.2         |
|    entropy_loss         | 1.18        |
|    explained_variance   | 0.643       |
|    learning_rate        | 5e-05       |
|    loss                 | 1.01        |
|    n_updates            | 3855        |
|    policy_gradient_loss | -0.00018    |
|    std                  | 0.134       |
|    value_loss           | 131         |
-----------------------------------------
-----------------------------------------
| rollout/                |             |
|    ep_len_mean          | 1.24e+03    |
|    ep_rew_mean          | 123         |
| time/                   |             |
|    fps                  | 1449        |
|    iterations           | 73          |
|    time_elapsed         | 103         |
|    total_timesteps      | 1583104     |
| train/                  |             |
|    approx_kl            | 0.013465364 |
|    clip_fraction        | 0.118       |
|    clip_range           | 0.2         |
|    entropy_loss         | 1.18        |
|    explained_variance   | 0.949       |
|    learning_rate        | 5e-05       |
|    loss                 | 4.87        |
|    n_updates            | 3860        |
|    policy_gradient_loss | 0.012       |
|    std                  | 0.134       |
|    value_loss           | 3.07        |
-----------------------------------------
-----------------------------------------
| rollout/                |             |
|    ep_len_mean          | 1.24e+03    |
|    ep_rew_mean          | 123         |
| time/                   |             |
|    fps                  | 1446        |
|    iterations           | 74          |
|    time_elapsed         | 104         |
|    total_timesteps      | 1585152     |
| train/                  |             |
|    approx_kl            | 0.008304007 |
|    clip_fraction        | 0.0752      |
|    clip_range           | 0.2         |
|    entropy_loss         | 1.18        |
|    explained_variance   | 0.791       |
|    learning_rate        | 5e-05       |
|    loss                 | 2.84        |
|    n_updates            | 3865        |
|    policy_gradient_loss | -0.000307   |
|    std                  | 0.134       |
|    value_loss           | 99.8        |
-----------------------------------------
-----------------------------------------
| rollout/                |             |
|    ep_len_mean          | 1.24e+03    |
|    ep_rew_mean          | 123         |
| time/                   |             |
|    fps                  | 1446        |
|    iterations           | 75          |
|    time_elapsed         | 106         |
|    total_timesteps      | 1587200     |
| train/                  |             |
|    approx_kl            | 0.014545526 |
|    clip_fraction        | 0.133       |
|    clip_range           | 0.2         |
|    entropy_loss         | 1.18        |
|    explained_variance   | 0.975       |
|    learning_rate        | 5e-05       |
|    loss                 | 0.518       |
|    n_updates            | 3870        |
|    policy_gradient_loss | -0.000814   |
|    std                  | 0.134       |
|    value_loss           | 1.98        |
-----------------------------------------
-----------------------------------------
| rollout/                |             |
|    ep_len_mean          | 1.26e+03    |
|    ep_rew_mean          | 121         |
| time/                   |             |
|    fps                  | 1444        |
|    iterations           | 76          |
|    time_elapsed         | 107         |
|    total_timesteps      | 1589248     |
| train/                  |             |
|    approx_kl            | 0.033004448 |
|    clip_fraction        | 0.202       |
|    clip_range           | 0.2         |
|    entropy_loss         | 1.18        |
|    explained_variance   | 0.705       |
|    learning_rate        | 5e-05       |
|    loss                 | 0.173       |
|    n_updates            | 3875        |
|    policy_gradient_loss | 0.00205     |
|    std                  | 0.134       |
|    value_loss           | 87.1        |
-----------------------------------------
-----------------------------------------
| rollout/                |             |
|    ep_len_mean          | 1.27e+03    |
|    ep_rew_mean          | 120         |
| time/                   |             |
|    fps                  | 1442        |
|    iterations           | 77          |
|    time_elapsed         | 109         |
|    total_timesteps      | 1591296     |
| train/                  |             |
|    approx_kl            | 0.012185318 |
|    clip_fraction        | 0.178       |
|    clip_range           | 0.2         |
|    entropy_loss         | 1.18        |
|    explained_variance   | 0.9         |
|    learning_rate        | 5e-05       |
|    loss                 | 0.338       |
|    n_updates            | 3880        |
|    policy_gradient_loss | 0.0072      |
|    std                  | 0.134       |
|    value_loss           | 19.4        |
-----------------------------------------
-----------------------------------------
| rollout/                |             |
|    ep_len_mean          | 1.28e+03    |
|    ep_rew_mean          | 118         |
| time/                   |             |
|    fps                  | 1440        |
|    iterations           | 78          |
|    time_elapsed         | 110         |
|    total_timesteps      | 1593344     |
| train/                  |             |
|    approx_kl            | 0.014944327 |
|    clip_fraction        | 0.1         |
|    clip_range           | 0.2         |
|    entropy_loss         | 1.18        |
|    explained_variance   | 0.738       |
|    learning_rate        | 5e-05       |
|    loss                 | 2           |
|    n_updates            | 3885        |
|    policy_gradient_loss | 0.00307     |
|    std                  | 0.134       |
|    value_loss           | 54.6        |
-----------------------------------------
-----------------------------------------
| rollout/                |             |
|    ep_len_mean          | 1.27e+03    |
|    ep_rew_mean          | 120         |
| time/                   |             |
|    fps                  | 1439        |
|    iterations           | 79          |
|    time_elapsed         | 112         |
|    total_timesteps      | 1595392     |
| train/                  |             |
|    approx_kl            | 0.007256778 |
|    clip_fraction        | 0.0965      |
|    clip_range           | 0.2         |
|    entropy_loss         | 1.18        |
|    explained_variance   | 0.587       |
|    learning_rate        | 5e-05       |
|    loss                 | 0.685       |
|    n_updates            | 3890        |
|    policy_gradient_loss | -0.000188   |
|    std                  | 0.134       |
|    value_loss           | 55.2        |
-----------------------------------------
-----------------------------------------
| rollout/                |             |
|    ep_len_mean          | 1.27e+03    |
|    ep_rew_mean          | 120         |
| time/                   |             |
|    fps                  | 1438        |
|    iterations           | 80          |
|    time_elapsed         | 113         |
|    total_timesteps      | 1597440     |
| train/                  |             |
|    approx_kl            | 0.021298576 |
|    clip_fraction        | 0.236       |
|    clip_range           | 0.2         |
|    entropy_loss         | 1.18        |
|    explained_variance   | 0.676       |
|    learning_rate        | 5e-05       |
|    loss                 | 2.86        |
|    n_updates            | 3895        |
|    policy_gradient_loss | 0.00841     |
|    std                  | 0.134       |
|    value_loss           | 82.1        |
-----------------------------------------
----------------------------------------
| rollout/                |            |
|    ep_len_mean          | 1.27e+03   |
|    ep_rew_mean          | 120        |
| time/                   |            |
|    fps                  | 1438       |
|    iterations           | 81         |
|    time_elapsed         | 115        |
|    total_timesteps      | 1599488    |
| train/                  |            |
|    approx_kl            | 0.00903344 |
|    clip_fraction        | 0.141      |
|    clip_range           | 0.2        |
|    entropy_loss         | 1.18       |
|    explained_variance   | 0.76       |
|    learning_rate        | 5e-05      |
|    loss                 | 1.71       |
|    n_updates            | 3900       |
|    policy_gradient_loss | 0.00148    |
|    std                  | 0.134      |
|    value_loss           | 62.2       |
----------------------------------------
------------------------------------------
| rollout/                |              |
|    ep_len_mean          | 1.26e+03     |
|    ep_rew_mean          | 122          |
| time/                   |              |
|    fps                  | 1437         |
|    iterations           | 82           |
|    time_elapsed         | 116          |
|    total_timesteps      | 1601536      |
| train/                  |              |
|    approx_kl            | 0.0053693177 |
|    clip_fraction        | 0.0825       |
|    clip_range           | 0.2          |
|    entropy_loss         | 1.18         |
|    explained_variance   | 0.757        |
|    learning_rate        | 5e-05        |
|    loss                 | 0.887        |
|    n_updates            | 3905         |
|    policy_gradient_loss | -0.00104     |
|    std                  | 0.134        |
|    value_loss           | 91.6         |
------------------------------------------
-----------------------------------------
| rollout/                |             |
|    ep_len_mean          | 1.27e+03    |
|    ep_rew_mean          | 120         |
| time/                   |             |
|    fps                  | 1435        |
|    iterations           | 83          |
|    time_elapsed         | 118         |
|    total_timesteps      | 1603584     |
| train/                  |             |
|    approx_kl            | 0.056323837 |
|    clip_fraction        | 0.262       |
|    clip_range           | 0.2         |
|    entropy_loss         | 1.18        |
|    explained_variance   | 0.851       |
|    learning_rate        | 5e-05       |
|    loss                 | 0.327       |
|    n_updates            | 3910        |
|    policy_gradient_loss | 0.0188      |
|    std                  | 0.134       |
|    value_loss           | 26.8        |
-----------------------------------------
-----------------------------------------
| rollout/                |             |
|    ep_len_mean          | 1.27e+03    |
|    ep_rew_mean          | 120         |
| time/                   |             |
|    fps                  | 1432        |
|    iterations           | 84          |
|    time_elapsed         | 120         |
|    total_timesteps      | 1605632     |
| train/                  |             |
|    approx_kl            | 0.013058977 |
|    clip_fraction        | 0.264       |
|    clip_range           | 0.2         |
|    entropy_loss         | 1.18        |
|    explained_variance   | 0.741       |
|    learning_rate        | 5e-05       |
|    loss                 | 102         |
|    n_updates            | 3915        |
|    policy_gradient_loss | 0.0209      |
|    std                  | 0.134       |
|    value_loss           | 79.3        |
-----------------------------------------
-----------------------------------------
| rollout/                |             |
|    ep_len_mean          | 1.27e+03    |
|    ep_rew_mean          | 120         |
| time/                   |             |
|    fps                  | 1430        |
|    iterations           | 85          |
|    time_elapsed         | 121         |
|    total_timesteps      | 1607680     |
| train/                  |             |
|    approx_kl            | 0.006926892 |
|    clip_fraction        | 0.0763      |
|    clip_range           | 0.2         |
|    entropy_loss         | 1.18        |
|    explained_variance   | 0.755       |
|    learning_rate        | 5e-05       |
|    loss                 | 0.41        |
|    n_updates            | 3920        |
|    policy_gradient_loss | -0.00197    |
|    std                  | 0.134       |
|    value_loss           | 13.4        |
-----------------------------------------
------------------------------------------
| rollout/                |              |
|    ep_len_mean          | 1.27e+03     |
|    ep_rew_mean          | 120          |
| time/                   |              |
|    fps                  | 1429         |
|    iterations           | 86           |
|    time_elapsed         | 123          |
|    total_timesteps      | 1609728      |
| train/                  |              |
|    approx_kl            | 0.0061520077 |
|    clip_fraction        | 0.0628       |
|    clip_range           | 0.2          |
|    entropy_loss         | 1.18         |
|    explained_variance   | 0.616        |
|    learning_rate        | 5e-05        |
|    loss                 | 0.986        |
|    n_updates            | 3925         |
|    policy_gradient_loss | -0.00158     |
|    std                  | 0.134        |
|    value_loss           | 79.9         |
------------------------------------------
-----------------------------------------
| rollout/                |             |
|    ep_len_mean          | 1.27e+03    |
|    ep_rew_mean          | 120         |
| time/                   |             |
|    fps                  | 1429        |
|    iterations           | 87          |
|    time_elapsed         | 124         |
|    total_timesteps      | 1611776     |
| train/                  |             |
|    approx_kl            | 0.016184773 |
|    clip_fraction        | 0.149       |
|    clip_range           | 0.2         |
|    entropy_loss         | 1.18        |
|    explained_variance   | 0.833       |
|    learning_rate        | 5e-05       |
|    loss                 | 2.29        |
|    n_updates            | 3930        |
|    policy_gradient_loss | 0.00225     |
|    std                  | 0.134       |
|    value_loss           | 29.5        |
-----------------------------------------
-----------------------------------------
| rollout/                |             |
|    ep_len_mean          | 1.27e+03    |
|    ep_rew_mean          | 121         |
| time/                   |             |
|    fps                  | 1426        |
|    iterations           | 88          |
|    time_elapsed         | 126         |
|    total_timesteps      | 1613824     |
| train/                  |             |
|    approx_kl            | 0.017169569 |
|    clip_fraction        | 0.134       |
|    clip_range           | 0.2         |
|    entropy_loss         | 1.18        |
|    explained_variance   | 0.656       |
|    learning_rate        | 5e-05       |
|    loss                 | 2.6         |
|    n_updates            | 3935        |
|    policy_gradient_loss | 0.00183     |
|    std                  | 0.134       |
|    value_loss           | 39          |
-----------------------------------------
-----------------------------------------
| rollout/                |             |
|    ep_len_mean          | 1.27e+03    |
|    ep_rew_mean          | 121         |
| time/                   |             |
|    fps                  | 1425        |
|    iterations           | 89          |
|    time_elapsed         | 127         |
|    total_timesteps      | 1615872     |
| train/                  |             |
|    approx_kl            | 0.008060172 |
|    clip_fraction        | 0.161       |
|    clip_range           | 0.2         |
|    entropy_loss         | 1.18        |
|    explained_variance   | 0.598       |
|    learning_rate        | 5e-05       |
|    loss                 | 1.18        |
|    n_updates            | 3940        |
|    policy_gradient_loss | 0.00327     |
|    std                  | 0.134       |
|    value_loss           | 73.1        |
-----------------------------------------
------------------------------------------
| rollout/                |              |
|    ep_len_mean          | 1.27e+03     |
|    ep_rew_mean          | 120          |
| time/                   |              |
|    fps                  | 1424         |
|    iterations           | 90           |
|    time_elapsed         | 129          |
|    total_timesteps      | 1617920      |
| train/                  |              |
|    approx_kl            | 0.0069271745 |
|    clip_fraction        | 0.0756       |
|    clip_range           | 0.2          |
|    entropy_loss         | 1.18         |
|    explained_variance   | 0.794        |
|    learning_rate        | 5e-05        |
|    loss                 | 0.794        |
|    n_updates            | 3945         |
|    policy_gradient_loss | -5.75e-05    |
|    std                  | 0.134        |
|    value_loss           | 59.3         |
------------------------------------------
-----------------------------------------
| rollout/                |             |
|    ep_len_mean          | 1.26e+03    |
|    ep_rew_mean          | 120         |
| time/                   |             |
|    fps                  | 1423        |
|    iterations           | 91          |
|    time_elapsed         | 130         |
|    total_timesteps      | 1619968     |
| train/                  |             |
|    approx_kl            | 0.007993299 |
|    clip_fraction        | 0.0908      |
|    clip_range           | 0.2         |
|    entropy_loss         | 1.18        |
|    explained_variance   | 0.874       |
|    learning_rate        | 5e-05       |
|    loss                 | 0.511       |
|    n_updates            | 3950        |
|    policy_gradient_loss | -0.00138    |
|    std                  | 0.134       |
|    value_loss           | 18.8        |
-----------------------------------------
-----------------------------------------
| rollout/                |             |
|    ep_len_mean          | 1.25e+03    |
|    ep_rew_mean          | 122         |
| time/                   |             |
|    fps                  | 1421        |
|    iterations           | 92          |
|    time_elapsed         | 132         |
|    total_timesteps      | 1622016     |
| train/                  |             |
|    approx_kl            | 0.009137184 |
|    clip_fraction        | 0.0593      |
|    clip_range           | 0.2         |
|    entropy_loss         | 1.18        |
|    explained_variance   | 0.641       |
|    learning_rate        | 5e-05       |
|    loss                 | 148         |
|    n_updates            | 3955        |
|    policy_gradient_loss | 0.000511    |
|    std                  | 0.134       |
|    value_loss           | 93.6        |
-----------------------------------------
----------------------------------------
| rollout/                |            |
|    ep_len_mean          | 1.26e+03   |
|    ep_rew_mean          | 120        |
| time/                   |            |
|    fps                  | 1421       |
|    iterations           | 93         |
|    time_elapsed         | 134        |
|    total_timesteps      | 1624064    |
| train/                  |            |
|    approx_kl            | 0.03350728 |
|    clip_fraction        | 0.112      |
|    clip_range           | 0.2        |
|    entropy_loss         | 1.19       |
|    explained_variance   | 0.826      |
|    learning_rate        | 5e-05      |
|    loss                 | 4.85       |
|    n_updates            | 3960       |
|    policy_gradient_loss | -0.00122   |
|    std                  | 0.134      |
|    value_loss           | 44.8       |
----------------------------------------
-----------------------------------------
| rollout/                |             |
|    ep_len_mean          | 1.26e+03    |
|    ep_rew_mean          | 120         |
| time/                   |             |
|    fps                  | 1420        |
|    iterations           | 94          |
|    time_elapsed         | 135         |
|    total_timesteps      | 1626112     |
| train/                  |             |
|    approx_kl            | 0.012093993 |
|    clip_fraction        | 0.0855      |
|    clip_range           | 0.2         |
|    entropy_loss         | 1.19        |
|    explained_variance   | 0.751       |
|    learning_rate        | 5e-05       |
|    loss                 | 0.758       |
|    n_updates            | 3965        |
|    policy_gradient_loss | 0.000226    |
|    std                  | 0.134       |
|    value_loss           | 42.3        |
-----------------------------------------
-----------------------------------------
| rollout/                |             |
|    ep_len_mean          | 1.27e+03    |
|    ep_rew_mean          | 120         |
| time/                   |             |
|    fps                  | 1419        |
|    iterations           | 95          |
|    time_elapsed         | 137         |
|    total_timesteps      | 1628160     |
| train/                  |             |
|    approx_kl            | 0.011826683 |
|    clip_fraction        | 0.147       |
|    clip_range           | 0.2         |
|    entropy_loss         | 1.19        |
|    explained_variance   | 0.839       |
|    learning_rate        | 5e-05       |
|    loss                 | 68.2        |
|    n_updates            | 3970        |
|    policy_gradient_loss | 0.00215     |
|    std                  | 0.134       |
|    value_loss           | 57.9        |
-----------------------------------------
-----------------------------------------
| rollout/                |             |
|    ep_len_mean          | 1.28e+03    |
|    ep_rew_mean          | 118         |
| time/                   |             |
|    fps                  | 1418        |
|    iterations           | 96          |
|    time_elapsed         | 138         |
|    total_timesteps      | 1630208     |
| train/                  |             |
|    approx_kl            | 0.015823299 |
|    clip_fraction        | 0.22        |
|    clip_range           | 0.2         |
|    entropy_loss         | 1.19        |
|    explained_variance   | 0.728       |
|    learning_rate        | 5e-05       |
|    loss                 | 1.44        |
|    n_updates            | 3975        |
|    policy_gradient_loss | 0.0086      |
|    std                  | 0.134       |
|    value_loss           | 55.9        |
-----------------------------------------
----------------------------------------
| rollout/                |            |
|    ep_len_mean          | 1.28e+03   |
|    ep_rew_mean          | 118        |
| time/                   |            |
|    fps                  | 1416       |
|    iterations           | 97         |
|    time_elapsed         | 140        |
|    total_timesteps      | 1632256    |
| train/                  |            |
|    approx_kl            | 0.00867694 |
|    clip_fraction        | 0.0939     |
|    clip_range           | 0.2        |
|    entropy_loss         | 1.19       |
|    explained_variance   | 0.786      |
|    learning_rate        | 5e-05      |
|    loss                 | 83.5       |
|    n_updates            | 3980       |
|    policy_gradient_loss | -0.000606  |
|    std                  | 0.134      |
|    value_loss           | 57.9       |
----------------------------------------
-----------------------------------------
| rollout/                |             |
|    ep_len_mean          | 1.28e+03    |
|    ep_rew_mean          | 118         |
| time/                   |             |
|    fps                  | 1416        |
|    iterations           | 98          |
|    time_elapsed         | 141         |
|    total_timesteps      | 1634304     |
| train/                  |             |
|    approx_kl            | 0.009470591 |
|    clip_fraction        | 0.038       |
|    clip_range           | 0.2         |
|    entropy_loss         | 1.19        |
|    explained_variance   | 0.434       |
|    learning_rate        | 5e-05       |
|    loss                 | 3.24        |
|    n_updates            | 3985        |
|    policy_gradient_loss | -0.00273    |
|    std                  | 0.133       |
|    value_loss           | 109         |
-----------------------------------------
------------------------------------------
| rollout/                |              |
|    ep_len_mean          | 1.28e+03     |
|    ep_rew_mean          | 118          |
| time/                   |              |
|    fps                  | 1414         |
|    iterations           | 99           |
|    time_elapsed         | 143          |
|    total_timesteps      | 1636352      |
| train/                  |              |
|    approx_kl            | 0.0052519618 |
|    clip_fraction        | 0.0547       |
|    clip_range           | 0.2          |
|    entropy_loss         | 1.19         |
|    explained_variance   | 0.742        |
|    learning_rate        | 5e-05        |
|    loss                 | 27.3         |
|    n_updates            | 3990         |
|    policy_gradient_loss | -0.000472    |
|    std                  | 0.133        |
|    value_loss           | 52           |
------------------------------------------
-----------------------------------------
| rollout/                |             |
|    ep_len_mean          | 1.28e+03    |
|    ep_rew_mean          | 118         |
| time/                   |             |
|    fps                  | 1414        |
|    iterations           | 100         |
|    time_elapsed         | 144         |
|    total_timesteps      | 1638400     |
| train/                  |             |
|    approx_kl            | 0.009529749 |
|    clip_fraction        | 0.0643      |
|    clip_range           | 0.2         |
|    entropy_loss         | 1.19        |
|    explained_variance   | 0.805       |
|    learning_rate        | 5e-05       |
|    loss                 | 0.412       |
|    n_updates            | 3995        |
|    policy_gradient_loss | 0.000933    |
|    std                  | 0.133       |
|    value_loss           | 80.3        |
-----------------------------------------

CP8 held-out: 43/50 hits (86.0%), mean miss 3.9 m, mean reward 136.30
STOP CONDITION: no joint improvement -- review gate before continuing.
