checkpoint,episode,total_timesteps,episode_reward,episode_length,outcome,min_range_m,final_time_s,legacy_episode_reward
1,1,9000,-4.544399261474609,2250,timeout,964.419400704523,45.000000000001435,-149.319505492845
1,2,9000,-18.362791061401367,2250,timeout,1442.2136869911787,45.000000000001435,-115.75250979219112
1,3,9000,-9.55691909790039,2250,timeout,951.4509228031066,45.000000000001435,-157.72828737977366
1,4,9000,-34.53774642944336,2250,timeout,2057.9943540532686,45.000000000001435,-130.1290394404684
1,5,18000,-57.38087463378906,2250,timeout,4164.583987191061,45.000000000001435,-136.74484659533468
1,6,18000,-56.767906188964844,2250,timeout,3218.369110858732,45.000000000001435,-147.74721835831497
1,7,18000,-51.06977081298828,2250,timeout,3859.2351563257416,45.000000000001435,-134.8311782184379
1,8,18000,-59.421512603759766,2250,timeout,4812.362988837354,45.000000000001435,-134.98103490017533
1,9,25356,-8.155074119567871,1839,miss,1285.3927412700239,36.78000000000015,-86.25882405048971
1,10,25716,-32.35697555541992,1929,miss,2213.1511436993387,38.58000000000043,-77.32379472016726
1,11,26888,-32.771507263183594,2222,miss,1820.2687498264452,44.44000000000135,-104.47050457511074
1,12,27000,-10.180150985717773,2250,timeout,1296.3183758697548,45.000000000001435,-115.60689069553322
1,13,31480,-37.49002456665039,1441,miss,2739.754240165687,28.819999999999474,-89.39951246724497
1,14,33976,-9.393247604370117,2155,miss,1285.0395692314557,43.10000000000114,-99.84861740120269
1,15,35884,-9.864240646362305,2221,miss,1121.1942052734921,44.420000000001345,-109.1772789809922
1,16,35888,1.6321125030517578,2250,timeout,532.1465082060045,45.000000000001435,-87.03272277602971
1,17,39836,-23.823223114013672,2089,miss,1467.8063238704046,41.78000000000093,-102.21034447987157
1,18,42224,-26.013717651367188,2062,miss,1491.6458402262372,41.24000000000085,-96.84669488943456
1,19,43764,-1.116053581237793,1969,miss,979.6759494843403,39.38000000000056,-79.09688035624687
1,20,44884,16.00347900390625,2250,timeout,219.39400155664313,45.000000000001435,-72.44021932814616
1,21,47556,20.640892028808594,1930,miss,63.28774311239284,38.600000000000435,-84.02987779596404
1,22,51048,134.80453491210938,873,hit,3.012707668516544,17.459999999999717,158.7387602427694
1,23,51224,26.002391815185547,2250,timeout,56.4205987699826,45.000000000001435,-74.97889372573334
1,24,52764,20.151203155517578,2250,timeout,27.353682242220074,45.000000000001435,-77.74182402921981
1,25,53884,3.7229652404785156,2250,timeout,245.54951902306445,45.000000000001435,-84.18808786495326
1,26,58552,15.370162963867188,1832,miss,13.271153871366513,36.64000000000013,-76.70420096297559
1,27,58848,11.83765983581543,1950,miss,127.29203330487576,39.0000000000005,-75.06408369037692
1,28,61764,27.488597869873047,2250,timeout,37.05165221716552,45.000000000001435,-67.93123385984532
1,29,62884,15.016935348510742,2250,timeout,67.47731994899257,45.000000000001435,-84.63207381860703
1,30,65140,115.82999420166016,844,hit,4.711136022224164,16.87999999999973,146.59483367401788
1,31,65712,28.981321334838867,1790,miss,24.48182846516785,35.8,-52.55286607017758
1,32,67848,17.66518211364746,2250,timeout,15.898452748220638,45.000000000001435,-74.80822651438257
1,33,71640,22.681995391845703,2189,miss,21.641228886422244,43.780000000001245,-65.40970925835325
1,34,72512,27.421939849853516,1700,miss,9.77418255852574,33.999999999999716,-58.844335886731756
1,35,74132,20.00312042236328,2248,miss,10.312865003489831,44.96000000000143,-62.51103682886612
1,36,76744,11.266695022583008,2224,miss,7.037181944212403,44.480000000001354,-93.74575252506432
1,37,80640,19.14095115661621,2250,timeout,18.183464678514206,45.000000000001435,-78.04269869587678
1,38,81512,15.389045715332031,2250,timeout,16.392675505143483,45.000000000001435,-74.04853763658458
1,39,81960,21.50920867919922,1957,miss,13.603966468853544,39.14000000000052,-61.28947976000725
1,40,84320,127.32211303710938,702,hit,3.4834086820451264,14.03999999999979,154.44171628535358
1,41,85140,11.618640899658203,2099,miss,14.35262371560495,41.98000000000096,-74.68167732060394
1,42,89344,21.25113868713379,2176,miss,20.910289727243157,43.520000000001204,-71.39477867059861
1,43,90960,17.834531784057617,2250,timeout,62.59655843627153,45.000000000001435,-88.41985566728285
1,44,93320,16.109357833862305,2250,timeout,18.36652735691815,45.000000000001435,-64.14032396810208
1,45,94140,14.19399642944336,2250,timeout,30.004756554201354,45.000000000001435,-77.65548242606647
1,46,98344,16.863115310668945,2250,timeout,23.543809717440308,45.000000000001435,-74.36281079483507
1,47,99004,127.00717163085938,1421,hit,2.9221340421561304,28.419999999999483,145.5522786484508
1,48,99960,21.969642639160156,2250,timeout,7.6300800366691295,45.000000000001435,-61.13429200097478
1,49,101976,123.29117584228516,743,hit,4.374111588661664,14.859999999999772,150.52687014911083
1,50,103076,8.069786071777344,2234,miss,20.922490562123404,44.680000000001385,-109.59136588768476
1,51,105744,129.0813751220703,1446,hit,4.933827435998429,28.919999999999472,154.16315955345576
1,52,107344,11.326379776000977,2250,timeout,12.976309666884282,45.000000000001435,-77.53973541771803
1,53,110976,5.585269927978516,2250,timeout,34.798292493726116,45.000000000001435,-68.43313104671846
1,54,112076,14.190471649169922,2250,timeout,9.663109654758365,45.000000000001435,-80.77375667144945
1,55,114744,11.843503952026367,2250,timeout,18.442835703141736,45.000000000001435,-78.0686966470981
1,56,116344,2.2732162475585938,2250,timeout,11.177683685025103,45.000000000001435,-65.27909639113963
1,57,119976,-3.1198959350585938,2250,timeout,8.416164531084842,45.000000000001435,-76.71757495521487
1,58,121076,18.259145736694336,2250,timeout,7.047512556589818,45.000000000001435,-73.13735040831216
1,59,123744,20.46961212158203,2250,timeout,7.964333293694474,45.000000000001435,-66.98589722047002
1,60,125344,5.356134414672852,2250,timeout,5.7604862422140615,45.000000000001435,-70.09665881158735
1,61,126664,125.87142944335938,1397,hit,4.385253734257597,27.939999999999493,148.87196241287725
1,62,127656,17.352153778076172,1920,miss,6.429262098228263,38.400000000000404,-63.53690865188753
1,63,132744,-14.223405838012695,2250,timeout,17.76223760550611,45.000000000001435,-83.87193167189092
1,64,134344,18.224384307861328,2250,timeout,9.38605147334398,45.000000000001435,-85.37792467406493
1,65,135664,6.8497467041015625,2250,timeout,5.250179127007525,45.000000000001435,-74.42485996075524
1,66,136656,14.299400329589844,2250,timeout,6.134874887887209,45.000000000001435,-72.69624713238778
1,67,140440,128.6387939453125,1524,hit,4.593565361204288,30.47999999999944,154.00594331075757
1,68,141708,16.42806053161621,2241,miss,7.995555059324451,44.82000000000141,-72.49094931737653
1,69,144664,10.855403900146484,2250,timeout,16.772777098513796,45.000000000001435,-69.98054208546706
1,70,145652,10.705726623535156,2249,miss,33.4255085693991,44.98000000000143,-66.27712182463497
1,71,149440,12.958948135375977,2250,timeout,13.277993925626067,45.000000000001435,-91.3482366139214
1,72,150708,11.264078140258789,2250,timeout,15.780996870437418,45.000000000001435,-62.666241827694876
1,73,151848,22.079679489135742,1549,miss,12.022925228857856,30.97999999999943,-56.29765887191582
1,74,153664,18.62179946899414,2250,timeout,5.2357401433206165,45.000000000001435,-64.98652415290394
1,75,158440,-7.006866455078125,2250,timeout,13.54384785025476,45.000000000001435,-91.78205703026511
1,76,159708,12.54098129272461,2250,timeout,14.576790337197552,45.000000000001435,-82.97237124312318
1,77,160848,7.86859130859375,2250,timeout,19.63819837268101,45.000000000001435,-81.75244936107859
1,78,162664,13.645820617675781,2250,timeout,18.056048660299684,45.000000000001435,-84.65554330082054
1,79,165680,9.199951171875,1810,miss,8.758742663347434,36.20000000000006,-63.956776636023484
1,80,168708,16.319568634033203,2250,timeout,15.003213226947668,45.000000000001435,-72.11515594881585
1,81,169392,3.3881092071533203,2136,miss,11.632650135757341,42.72000000000108,-82.07202445871083
1,82,170584,2.031064987182617,1980,miss,10.604470814804456,39.60000000000059,-74.27851026955898
1,83,172864,0.5352821350097656,1796,miss,8.015400004533353,35.920000000000016,-76.7672552657027
1,84,177708,16.30685806274414,2250,timeout,9.658953891353773,45.000000000001435,-62.74708274149536
1,85,178392,0.23587799072265625,2250,timeout,27.072816326895012,45.000000000001435,-65.65459711963351
1,86,179584,-13.942024230957031,2250,timeout,53.55201571707184,45.000000000001435,-85.55314524477717
1,87,181864,10.885637283325195,2250,timeout,7.856087359905123,45.000000000001435,-75.23106470296656
1,88,186708,12.380226135253906,2250,timeout,14.845717133413858,45.000000000001435,-65.05603746285281
1,89,187392,0.5849056243896484,2250,timeout,13.256746349466992,45.000000000001435,-62.29965911097821
1,90,188584,-0.8618621826171875,2250,timeout,16.646980328439177,45.000000000001435,-83.4663733697351
1,91,189916,130.5531463623047,802,hit,4.338588287553342,16.039999999999747,159.63840001078583
1,92,190864,6.326050281524658,2250,timeout,10.192584579488994,45.000000000001435,-74.9717089705831
1,93,196392,12.062742233276367,2250,timeout,11.074537770262122,45.000000000001435,-61.21025222314355
1,94,197560,110.94580078125,1911,hit,4.0486417970191795,38.220000000000375,134.38483476054577
1,95,197584,3.4345550537109375,2250,timeout,12.304006400531119,45.000000000001435,-88.12102818620832
1,96,198512,1.7308826446533203,1912,miss,7.893759510648712,38.24000000000038,-78.57055358272444
2,97,213088,106.28111267089844,2072,hit,4.141499300289532,41.44000000000088,140.12617665866554
2,98,213800,0.21575927734375,2250,timeout,10.656034885540809,45.000000000001435,-88.33760745322853
2,99,213800,8.260337829589844,2250,timeout,21.369163235397,45.000000000001435,-81.85742051694174
2,100,213800,3.087665557861328,2250,timeout,10.518541781314218,45.000000000001435,-79.0060067876031
2,101,217756,133.37124633789062,989,hit,4.254130004619947,19.779999999999667,162.2980256766593
2,102,220968,23.023571014404297,1792,miss,5.462359099443024,35.84,-56.69522472055623
2,103,222088,-4.315932273864746,2250,timeout,29.44361289061364,45.000000000001435,-81.9770893238033
2,104,222656,-2.4200992584228516,2214,miss,20.611337103610932,44.28000000000132,-66.51051133774499
2,105,226756,10.941287994384766,2250,timeout,13.478817647065918,45.000000000001435,-61.90751227422797
2,106,229968,-2.3001842498779297,2250,timeout,10.559462560956113,45.000000000001435,-75.89683206818123
2,107,231064,5.959850311279297,2244,miss,19.94208596442832,44.88000000000142,-63.03238051379298
2,108,231656,-9.5491943359375,2250,timeout,11.271582964528863,45.000000000001435,-64.90335348649008
2,109,234064,9.273813247680664,1827,miss,6.094905120150393,36.54000000000011,-64.42047714938184
2,110,238968,-2.4437389373779297,2250,timeout,12.690392281204375,45.000000000001435,-62.140711133412076
2,111,240064,-13.742023468017578,2250,timeout,26.588186909517642,45.000000000001435,-87.2897034480823
2,112,240656,-14.884628295898438,2250,timeout,5.990459990715684,45.000000000001435,-77.86715241110608
2,113,243064,-11.77961540222168,2250,timeout,13.461825866957161,45.000000000001435,-69.9426293238318
2,114,247968,-10.354936599731445,2250,timeout,6.079874739996671,45.000000000001435,-75.49589107333229
2,115,249064,1.2702274322509766,2250,timeout,15.38954889810337,45.000000000001435,-70.97657088819459
2,116,249656,7.895566940307617,2250,timeout,5.49410204798958,45.000000000001435,-73.00874613310229
2,117,251796,1.6163177490234375,2183,miss,8.119422943739037,43.660000000001226,-71.1163143110052
2,118,256968,15.33517837524414,2250,timeout,9.838143589314415,45.000000000001435,-71.74072615949069
2,119,258064,5.487586975097656,2250,timeout,10.906647545880544,45.000000000001435,-80.10612110611902
2,120,258656,11.640108108520508,2250,timeout,5.18118972646068,45.000000000001435,-75.15991982817874
2,121,260796,-7.0295562744140625,2250,timeout,33.66530513634684,45.000000000001435,-99.91654385852486
2,122,263756,130.4186553955078,1275,hit,3.4802263012800165,25.499999999999545,156.9354106648325
2,123,265872,-13.694133758544922,2226,miss,20.03200803634514,44.52000000000136,-85.46624163193593
2,124,267064,3.625102996826172,2250,timeout,7.652279797204134,45.000000000001435,-81.9861885785969
2,125,268312,127.67884063720703,1139,hit,3.413369562734207,22.779999999999603,158.57375552422366
2,126,269796,-1.667184829711914,2250,timeout,9.72251407050043,45.000000000001435,-68.25560701463016
2,127,273344,7.021839618682861,1868,miss,8.39137236875911,37.36000000000024,-52.44303164006588
2,128,276064,-0.42926788330078125,2250,timeout,16.373047222611728,45.000000000001435,-73.86425438941532
2,129,276708,14.080778121948242,1728,miss,6.50883414319642,34.5599999999998,-70.31036648349824
2,130,277312,-7.7879486083984375,2250,timeout,15.089997063687417,45.000000000001435,-77.92743618504622
2,131,279744,127.39712524414062,759,hit,3.9726361024892616,15.179999999999765,153.09982193351155
2,132,282344,-5.8570098876953125,2250,timeout,14.748817236418496,45.000000000001435,-76.96741094662826
2,133,285064,-25.237037658691406,2250,timeout,21.71860312954744,45.000000000001435,-81.68734577404635
2,134,286312,-3.580221176147461,2250,timeout,5.921095525824826,45.000000000001435,-67.43450973439964
2,135,286356,26.436756134033203,1653,miss,99.80747179932715,33.05999999999957,-50.10948011291624
2,136,290932,8.532140731811523,2147,miss,8.56652172378897,42.94000000000111,-75.73605150015938
2,137,293972,131.10098266601562,760,hit,1.27835192260386,15.199999999999765,153.8539518015886
2,138,294064,-7.683185577392578,2250,timeout,5.454034359348826,45.000000000001435,-89.9320207290705
2,139,294308,103.60568237304688,1988,hit,4.079555109320299,39.760000000000616,128.72547261330814
2,140,295312,10.930727005004883,2250,timeout,8.76069188420771,45.000000000001435,-64.99433382153916
2,141,302012,6.911018371582031,1987,miss,5.014830726599047,39.74000000000061,-81.70713153836796
2,142,302972,-7.697597503662109,2250,timeout,16.169715840402787,45.000000000001435,-77.61565755271488
2,143,303308,1.5934524536132812,2250,timeout,12.733509631206774,45.000000000001435,-85.24619735785072
2,144,304312,7.4364166259765625,2250,timeout,9.035782992485428,45.000000000001435,-69.00840278621949
2,145,309488,1.506988525390625,1869,miss,21.52069716272569,37.380000000000244,-81.24871355614694
2,146,311972,16.846004486083984,2250,timeout,5.090870195437495,45.000000000001435,-73.78122708156438
2,147,312308,-3.4195785522460938,2250,timeout,13.888025864432056,45.000000000001435,-65.84769728702977
2,148,313312,-2.4370193481445312,2250,timeout,12.42617698969243,45.000000000001435,-79.71721616894658
2,149,318488,-2.8917274475097656,2250,timeout,29.629377406521854,45.000000000001435,-75.44478124212168
2,150,320972,-6.772016525268555,2250,timeout,7.324739784308692,45.000000000001435,-80.21416694750663
2,151,321308,-7.890289306640625,2250,timeout,10.942613284271708,45.000000000001435,-75.4428889718449
2,152,322312,9.242176055908203,2250,timeout,8.98015508435693,45.000000000001435,-90.5513891719551
2,153,326272,122.18305969238281,990,hit,3.823362007215819,19.799999999999667,145.23352293939263
2,154,327488,0.057483673095703125,2250,timeout,13.267103556606378,45.000000000001435,-78.98112819181192
2,155,329972,14.102206230163574,2250,timeout,15.818908882246173,45.000000000001435,-63.34819925777808
2,156,330308,-4.6783447265625,2250,timeout,6.985014010523864,45.000000000001435,-70.78536374743214
2,157,330928,130.1204071044922,860,hit,2.589116860801985,17.199999999999722,157.8073120026453
2,158,333552,125.09101104736328,656,hit,3.4356474167116677,13.11999999999981,151.3997284485845
2,159,335272,-5.3589630126953125,2250,timeout,12.694057923052819,45.000000000001435,-88.89634172798361
2,160,338972,3.950613021850586,2250,timeout,5.641125990578291,45.000000000001435,-85.98787027873944
2,161,339308,-3.1012344360351562,2250,timeout,25.827283810906454,45.000000000001435,-90.26189743760493
2,162,342548,-20.375896453857422,2249,miss,15.949967035764173,44.98000000000143,-82.33038796933171
2,163,344272,-34.277130126953125,2250,timeout,6.027005480667968,45.000000000001435,-79.28860095667159
2,164,347972,-6.029170989990234,2250,timeout,6.107429799575706,45.000000000001435,-86.06851365147142
2,165,348308,-0.6120071411132812,2250,timeout,14.39534721306327,45.000000000001435,-106.40331734433977
2,166,351548,-9.21579360961914,2250,timeout,13.440979770293392,45.000000000001435,-74.36060680266465
2,167,352460,-14.136844635009766,2047,miss,10.746251066888851,40.9400000000008,-63.35800214893363
2,168,356484,132.46884155273438,1234,hit,3.527274515047129,24.679999999999563,158.3650648592554
2,169,356732,13.27692985534668,2190,miss,6.19547747279229,43.80000000000125,-73.37183989098017
2,170,357308,-22.43579864501953,2250,timeout,22.178705426290207,45.000000000001435,-78.5527223273032
2,171,357384,124.06258392333984,1231,hit,4.0798315919168395,24.619999999999564,152.4295201115957
2,172,359532,127.01094055175781,762,hit,4.166007872702554,15.239999999999764,156.43080415556128
2,173,364616,126.04405212402344,1271,hit,4.289826472409385,25.419999999999547,146.02027634106435
2,174,365732,-1.6879730224609375,2250,timeout,17.90761533690183,45.000000000001435,-69.45732020556335
2,175,366308,-1.3028912544250488,2250,timeout,6.481590892702008,45.000000000001435,-65.70466225064902
2,176,366384,-3.400035858154297,2250,timeout,7.703222643021941,45.000000000001435,-86.37019676005188
2,177,369160,122.54297637939453,694,hit,4.5733463522280235,13.879999999999793,152.101228394126
2,178,369252,127.05238342285156,1159,hit,4.385282739584426,23.179999999999595,151.24195877054223
2,179,374732,4.400901794433594,2250,timeout,12.322828176189121,45.000000000001435,-78.77797930396883
2,180,375308,11.703015327453613,2250,timeout,10.707402150974914,45.000000000001435,-67.51348930963717
2,181,377916,10.12247085571289,2166,miss,5.131235178364799,43.32000000000117,-61.570463013512864
2,182,378160,6.634969234466553,2250,timeout,6.511328443825714,45.000000000001435,-64.60161960646295
2,183,379388,127.58198547363281,1164,hit,4.7938944075144345,23.279999999999593,151.6640343330267
2,184,384308,-9.039512634277344,2250,timeout,6.451146393260339,45.000000000001435,-72.89542110710185
2,185,386296,108.8270263671875,1727,hit,3.800532872022324,34.5399999999998,149.8677241210875
2,186,386864,-5.54466438293457,2176,miss,10.156259452036798,43.520000000001204,-74.48953203444506
2,187,386916,2.8084449768066406,2250,timeout,8.927293696550672,45.000000000001435,-85.86541433997522
2,188,387808,133.5677032470703,875,hit,3.9529288284775053,17.499999999999716,158.3321076782317
2,189,389836,129.726806640625,743,hit,2.6771286103587295,14.859999999999772,159.2729642024952
2,190,390420,125.66297149658203,1031,hit,3.9153634368920325,20.61999999999965,151.58941398445177
2,191,395768,6.519065856933594,2213,miss,11.129973861473582,44.26000000000132,-72.29943341639931
2,192,396436,9.862634658813477,1650,miss,7.48451327248957,32.99999999999956,-64.99213327676043
2,193,396808,-12.801376342773438,2250,timeout,10.981970957627857,45.000000000001435,-76.15247602743521
2,194,399420,-0.2792692184448242,2250,timeout,6.05204368346496,45.000000000001435,-76.59048414092939
2,195,401772,129.1338653564453,1501,hit,4.262094935784139,30.01999999999945,151.19613123261104
2,196,405436,9.274042129516602,2250,timeout,7.712323751424652,45.000000000001435,-85.35670489752849
2,197,405808,-18.118999481201172,2250,timeout,8.554739566428468,45.000000000001435,-95.00822935023977
2,198,405840,130.91416931152344,1017,hit,4.560758835457797,20.339999999999655,156.4109942356897
2,199,408420,-6.483409881591797,2250,timeout,11.017404584218225,45.000000000001435,-74.72092459483733
3,200,412504,123.39653778076172,726,hit,3.9574221714294278,14.51999999999978,151.49595711301214
3,201,412584,127.83478546142578,746,hit,4.993006797101713,14.91999999999977,156.31673154706883
3,202,414744,128.29116821289062,1286,hit,4.5342526117511515,25.71999999999954,153.1213366731326
3,203,418600,-11.428153991699219,2250,timeout,8.861130551118624,45.000000000001435,-70.49695115510357
3,204,421504,-19.463775634765625,2250,timeout,6.874609735089747,45.000000000001435,-88.74285680736394
3,205,421584,-1.550161361694336,2250,timeout,5.27824409177812,45.000000000001435,-67.9267109242753
3,206,423744,8.964519500732422,2250,timeout,8.912037792372065,45.000000000001435,-84.47890604442995
3,207,427600,-9.131250381469727,2250,timeout,6.539353614689857,45.000000000001435,-82.55496029557966
3,208,430504,-20.076074600219727,2250,timeout,9.078944150091502,45.000000000001435,-77.76666552870549
3,209,430584,-0.8575954437255859,2250,timeout,5.798826507630266,45.000000000001435,-63.92016913922728
3,210,430968,-41.51210021972656,1806,miss,9.543458942341955,36.12000000000005,-81.61597762817365
3,211,436600,-30.736228942871094,2250,timeout,17.93258657850716,45.000000000001435,-92.52521662358147
3,212,439504,-31.671445846557617,2250,timeout,9.488649524828945,45.000000000001435,-71.20057655868553
3,213,439584,-9.291900634765625,2250,timeout,10.855625853331084,45.000000000001435,-76.25248650014998
3,214,439968,-9.252140045166016,2250,timeout,7.229016703726784,45.000000000001435,-88.52537886067843
3,215,445532,129.167724609375,1507,hit,4.221423577293957,30.139999999999446,153.7872904534743
3,216,445600,-14.687276840209961,2250,timeout,12.490079371645406,45.000000000001435,-78.42810321765941
3,217,448584,14.092554092407227,2250,timeout,5.019918392698606,45.000000000001435,-70.24733011591401
3,218,448968,0.4792461395263672,2250,timeout,7.301081598808181,45.000000000001435,-78.48355204884527
3,219,451392,122.6806869506836,702,hit,2.172212853444165,14.03999999999979,149.7303365827183
3,220,452824,29.92351531982422,1806,miss,26.984794428570105,36.12000000000005,-49.019554390998344
3,221,454428,125.96387481689453,759,hit,3.6988586691883705,15.179999999999765,156.83528698345165
3,222,454532,-27.292224884033203,2250,timeout,7.7728839266230345,45.000000000001435,-79.1784231455769
3,223,457968,-10.266658782958984,2250,timeout,9.963359552297861,45.000000000001435,-76.30285755255849
3,224,461824,-4.894294738769531,2250,timeout,21.320802573800144,45.000000000001435,-87.18035893374174
3,225,463428,-28.832611083984375,2250,timeout,9.764982646551564,45.000000000001435,-80.04811690518386
3,226,463532,-22.522083282470703,2250,timeout,24.534156447650386,45.000000000001435,-74.49916578898603
3,227,465040,124.69231414794922,804,hit,3.9273709427074137,16.079999999999746,148.11920105371433
3,228,466968,-12.663032531738281,2250,timeout,11.980872294161284,45.000000000001435,-69.24928080000136
3,229,470420,-7.785366058349609,1722,miss,5.932813195225921,34.439999999999785,-67.88858439204972
3,230,472428,7.555238723754883,2250,timeout,16.266965420150832,45.000000000001435,-76.08416453287825
3,231,474040,-27.287940979003906,2250,timeout,13.718791203728758,45.000000000001435,-68.04842665353958
3,232,475968,-12.282432556152344,2250,timeout,12.646003012843783,45.000000000001435,-76.1802189828118
3,233,478628,-16.520902633666992,2052,miss,5.712702765814125,41.040000000000816,-74.91714419648841
3,234,481428,-8.29134750366211,2250,timeout,8.679656999555307,45.000000000001435,-74.3157273966751
3,235,481564,126.74687194824219,734,hit,2.6415285559111217,14.679999999999776,153.7148144033256
3,236,483040,-12.506454467773438,2250,timeout,9.272225374239929,45.000000000001435,-74.02495333705676
3,237,484968,-16.423297882080078,2250,timeout,7.972310838616269,45.000000000001435,-85.87896766719592
3,238,488060,127.03624725341797,773,hit,3.927819216229015,15.45999999999976,157.76115267693723
3,239,490428,-17.067352294921875,2250,timeout,5.823450209743541,45.000000000001435,-75.63048632882291
3,240,490564,-5.905891418457031,2250,timeout,13.142796929121165,45.000000000001435,-64.27064909601827
3,241,492040,25.96316146850586,2250,timeout,15.419673828886483,45.000000000001435,-63.36111555712539
3,242,495296,126.07616424560547,1183,hit,4.988720507043557,23.659999999999584,149.80580713663144
3,243,497060,-12.172527313232422,2250,timeout,5.021157456777454,45.000000000001435,-99.35540308215666
3,244,499428,-1.7205047607421875,2250,timeout,8.427043096049276,45.000000000001435,-78.73284192213978
3,245,501040,-19.316417694091797,2250,timeout,5.559734620760695,45.000000000001435,-75.30542500605556
3,246,503948,-0.7669525146484375,2163,miss,7.223578367663227,43.26000000000116,-60.82625769557812
3,247,504304,22.7362003326416,1811,miss,6.727614504002663,36.22000000000006,-52.783340636302064
3,248,505436,127.06615447998047,1099,hit,3.6124963524859366,21.97999999999962,156.0704538137033
3,249,506756,129.28030395507812,702,hit,4.998043220930094,14.03999999999979,155.5789559734928
3,250,508228,125.7553482055664,698,hit,2.980239078173142,13.959999999999791,150.0574287389278
3,251,508428,-25.73918914794922,2250,timeout,20.388212150091288,45.000000000001435,-88.27518468128886
3,252,512308,131.7427520751953,970,hit,3.1775579531136446,19.399999999999675,160.95293895381639
3,253,513304,-17.943586349487305,2250,timeout,6.661267490110004,45.000000000001435,-74.04700171271101
3,254,515756,-10.603919982910156,2250,timeout,6.276512811540941,45.000000000001435,-77.87271435050769
3,255,517228,-24.91604995727539,2250,timeout,5.628746319390617,45.000000000001435,-85.63074416886212
3,256,521308,-9.072687149047852,2250,timeout,13.522356331261927,45.000000000001435,-76.99170355867102
3,257,521716,125.57335662841797,1122,hit,3.885418412080025,22.43999999999961,152.7380105483686
3,258,522304,-17.03325843811035,2250,timeout,12.607455726859596,45.000000000001435,-63.73028369185016
3,259,524680,125.68980407714844,741,hit,4.089601086603726,14.819999999999773,157.3612656465898
3,260,524756,-42.93501281738281,2250,timeout,9.812685650285475,45.000000000001435,-80.43346856730639
3,261,526156,130.80450439453125,1212,hit,2.8877594924442445,24.239999999999572,160.43570329207978
3,262,527812,128.9671630859375,764,hit,2.5729725767310327,15.279999999999763,160.1215086377503
3,263,529812,85.32865142822266,1877,hit,4.764102719099947,37.54000000000027,136.1717842452399
3,264,530776,127.73155975341797,1155,hit,2.7788280487013624,23.099999999999596,154.13630573255324
3,265,533540,134.71121215820312,932,hit,1.1006744677028382,18.63999999999969,162.50989012642341
3,266,533680,-16.22027587890625,2250,timeout,12.232232105842865,45.000000000001435,-75.59119542448117
3,267,534960,121.51693725585938,1046,hit,4.453450231546894,20.919999999999643,144.02869508912448
3,268,536452,-12.091289520263672,2160,miss,9.19502781189669,43.200000000001154,-69.504425597114
3,269,537300,134.28904724121094,940,hit,4.812359527480619,18.799999999999688,162.36033759101758
3,270,538316,133.3160858154297,839,hit,3.671614435324846,16.77999999999973,161.08056788462338
3,271,539532,128.75006103515625,770,hit,3.6760431834196474,15.39999999999976,155.17299223612832
3,272,540720,133.1053009033203,855,hit,4.891109521996512,17.099999999999724,160.03674117231887
3,273,542680,-32.56001281738281,2250,timeout,12.599816428510684,45.000000000001435,-86.5455876987866
3,274,546012,119.18431091308594,1323,hit,4.768600346660271,26.459999999999525,139.02271344962065
3,275,546776,128.60501098632812,1024,hit,4.089599558071843,20.479999999999652,153.97179485589263
3,276,547316,3.4048118591308594,2250,timeout,10.216687131641871,45.000000000001435,-84.21871118026088
3,277,548532,-6.773853302001953,2250,timeout,13.008243056605611,45.000000000001435,-80.58235733934566
3,278,553608,122.70303344726562,1269,hit,4.4445219982552135,25.379999999999548,142.74902142219815
3,279,554204,21.726219177246094,1722,miss,6.361932405044902,34.439999999999785,-58.30935573124804
3,280,555012,-34.73054885864258,2250,timeout,5.649672694939025,45.000000000001435,-103.42523962132931
3,281,555420,-10.137409210205078,2161,miss,9.403305223269987,43.22000000000116,-76.53167458078123
3,282,557864,126.11128997802734,713,hit,4.516011727129967,14.259999999999785,156.15777853471945
3,283,558900,129.3689727783203,870,hit,3.5169683745357516,17.399999999999718,155.83257138422215
3,284,562160,130.76205444335938,815,hit,3.850785185920771,16.29999999999974,157.85539833275496
3,285,562608,-20.184669494628906,2250,timeout,7.975840742510651,45.000000000001435,-74.42925340386272
3,286,563204,-14.069358825683594,2250,timeout,7.501232262028882,45.000000000001435,-83.75715155732124
3,287,565728,131.99966430664062,892,hit,3.0587529643151643,17.83999999999971,158.6348332126314
3,288,565816,-58.78479766845703,1988,miss,7.295425895410933,39.760000000000616,-83.0316877476683
3,289,568720,116.40766143798828,748,hit,3.6709913626410446,14.95999999999977,151.84210774957197
3,290,570788,-18.278724670410156,2045,miss,6.169236609964207,40.900000000000794,-80.13965832673512
3,291,572204,-20.16292953491211,2250,timeout,6.41993727719577,45.000000000001435,-72.80446177673525
3,292,573268,-4.588043212890625,1863,miss,6.097087688994577,37.260000000000225,-70.30281483731117
3,293,577720,-16.73035430908203,2250,timeout,7.235737326887484,45.000000000001435,-73.63335838099893
3,294,577760,-8.334327697753906,1743,miss,5.794919901848437,34.85999999999985,-72.55918857026067
3,295,578460,129.3212127685547,1298,hit,4.09277875222722,25.959999999999535,151.28865547260014
3,296,581204,-11.941471099853516,2250,timeout,5.671363774480459,45.000000000001435,-84.65605111043438
3,297,581368,131.9403076171875,902,hit,3.726478634578476,18.039999999999704,158.6852808018349
3,298,584832,131.8518829345703,907,hit,4.542134122175137,18.139999999999702,165.865515572657
3,299,586720,-0.620795726776123,2250,timeout,6.258208746312564,45.000000000001435,-75.10062350822972
3,300,587460,-11.937519073486328,2250,timeout,6.388409651370363,45.000000000001435,-68.2316133459569
3,301,587984,131.40109252929688,788,hit,3.9424466491988723,15.759999999999753,156.49597878682818
3,302,589652,-22.9896183013916,2071,miss,6.159111098344759,41.420000000000876,-63.174952685717216
3,303,590404,128.8681640625,921,hit,4.267013029226842,18.419999999999696,150.00752244867164
3,304,596460,-5.3245849609375,2250,timeout,5.429840272470985,45.000000000001435,-83.91828174805696
3,305,596984,-32.5540657043457,2250,timeout,8.329818398705306,45.000000000001435,-82.8156987602086
3,306,597664,-25.51089096069336,1815,miss,5.381186115771132,36.300000000000075,-84.55362516577813
3,307,598652,-14.15408706665039,2250,timeout,11.203497787416364,45.000000000001435,-66.45109292077058
3,308,602036,125.80722045898438,846,hit,3.0722687768845915,16.919999999999728,150.33914617879475
3,309,605460,-17.38640594482422,2250,timeout,7.339654403484746,45.000000000001435,-85.63454312061148
3,310,605984,-34.34762954711914,2250,timeout,8.552074620573409,45.000000000001435,-91.9017129856153
3,311,606664,-14.923038482666016,2250,timeout,8.685276935120823,45.000000000001435,-77.3521102525641
3,312,608784,131.5699462890625,1687,hit,4.822019802044798,33.739999999999675,152.2113562307336
3,313,609336,132.96054077148438,838,hit,4.791667528143211,16.75999999999973,158.60043127530298
3,314,610208,133.27328491210938,886,hit,3.904954449503878,17.71999999999971,159.58416208475293
3,315,612076,133.03285217285156,823,hit,4.90816395688487,16.459999999999738,158.0435767970476
3,316,613676,-28.60250473022461,2054,miss,11.22753679082071,41.08000000000082,-74.92067102029293
4,317,617376,126.64637756347656,744,hit,2.8330950047368533,14.879999999999772,150.77047248470979
4,318,617588,132.49057006835938,797,hit,3.4359447278210538,15.939999999999749,161.77942476113395
4,319,618688,131.9155731201172,1072,hit,4.881410459035186,21.439999999999632,155.83829331518632
4,320,623400,-18.103172302246094,2250,timeout,6.350837027868415,45.000000000001435,-87.35013394896342
4,321,626036,-15.770774841308594,2165,miss,8.143315404721468,43.30000000000117,-91.5753586716703
4,322,626492,-14.158504486083984,2226,miss,11.497841138429928,44.52000000000136,-88.61614504456476
4,323,627688,-31.801010131835938,2250,timeout,12.142609697151558,45.000000000001435,-81.55360299152788
4,324,629716,133.07449340820312,806,hit,3.5214877395908717,16.119999999999745,162.45277925194256
4,325,632400,-5.651981353759766,2250,timeout,6.053633662137242,45.000000000001435,-73.72759440560492
4,326,632872,132.00546264648438,789,hit,4.582102024171383,15.779999999999752,156.64390050148194
4,327,635036,-36.508365631103516,2250,timeout,5.01914396521057,45.000000000001435,-80.53991619295459
4,328,636280,132.77291870117188,852,hit,2.4942926366454916,17.039999999999726,163.04708165371804
4,329,636480,-45.21666717529297,2198,miss,5.438453645197594,43.96000000000127,-81.0099158720088
4,330,639520,127.79518127441406,1121,hit,4.189077802600693,22.41999999999961,153.97355901342496
4,331,639772,132.6740264892578,873,hit,3.642091141545434,17.459999999999717,164.7314467541887
4,332,640124,117.32258605957031,911,hit,4.298669257285706,18.2199999999997,145.42555449635017
4,333,641400,10.058673858642578,2250,timeout,5.557508222287997,45.000000000001435,-67.70801044766655
4,334,644568,115.78318786621094,1199,hit,3.7679281928890913,23.979999999999578,144.31116191659493
4,335,648520,-28.986114501953125,2250,timeout,6.34765408917027,45.000000000001435,-71.47740617477153
4,336,649124,-32.43210983276367,2250,timeout,13.855734409094875,45.000000000001435,-71.69655899972017
4,337,650188,102.5414047241211,1405,hit,4.097604893750864,28.09999999999949,139.50239960821483
4,338,650400,-28.977294921875,2250,timeout,7.030865482679373,45.000000000001435,-89.23415175490247
4,339,651512,129.64024353027344,748,hit,3.1497963456792104,14.95999999999977,156.0189635191013
4,340,654804,128.54986572265625,1154,hit,4.96723067185386,23.079999999999597,153.2226429701777
4,341,656004,4.7624969482421875,1720,miss,6.109233714909242,34.39999999999978,-67.3389541484305
4,342,659400,-11.447189331054688,2250,timeout,9.986505618922175,45.000000000001435,-86.11694088340003
4,343,660512,-23.929277420043945,2250,timeout,9.717615738521468,45.000000000001435,-68.83183859947587
4,344,663804,-38.946109771728516,2250,timeout,5.991801033213609,45.000000000001435,-75.74961890566004
4,345,664440,126.00048065185547,982,hit,4.145938141615594,19.63999999999967,146.99566025944648
4,346,664452,122.16380310058594,1263,hit,4.607069289763625,25.25999999999955,145.03785405820418
4,347,665004,7.298225402832031,2250,timeout,6.2510373489409155,45.000000000001435,-70.60474825394817
4,348,668536,132.6428985595703,883,hit,1.0427237616954577,17.659999999999712,160.9677522340988
4,349,669680,128.99896240234375,1310,hit,4.632909264303673,26.19999999999953,148.87047465606372
4,350,671604,132.23460388183594,767,hit,2.011064215395214,15.339999999999762,157.20679286875125
4,351,672804,2.9682974815368652,2250,timeout,15.85733230431333,45.000000000001435,-60.983201712237246
4,352,673452,-5.562819957733154,2250,timeout,9.413330826073668,45.000000000001435,-79.3194596017355
4,353,675764,125.89471435546875,1521,hit,3.2002217439362415,30.41999999999944,149.1809169986072
4,354,677764,127.01532745361328,1078,hit,3.9373280482403077,21.55999999999963,153.02967722741772
4,355,678820,125.48281860351562,1504,hit,4.381378047296499,30.079999999999448,151.41027502601705
4,356,680604,-7.247367858886719,2250,timeout,8.423053965317324,45.000000000001435,-77.92558025004863
4,357,682928,121.13378143310547,1027,hit,4.6592188485456845,20.53999999999965,146.8250197705642
4,358,683560,129.21461486816406,739,hit,3.669280686007404,14.779999999999774,156.62246693961825
4,359,684764,-34.17780303955078,2250,timeout,7.055130775774354,45.000000000001435,-79.87382992799836
4,360,686764,-10.795042037963867,2250,timeout,14.485950604665442,45.000000000001435,-72.52080864377398
4,361,688348,130.0284423828125,1355,hit,2.9504030180110465,27.09999999999951,152.08426405429213
4,362,688480,128.68772888183594,1230,hit,4.752836083671134,24.599999999999564,155.7290737922258
4,363,692212,127.9086685180664,1362,hit,4.31047402580797,27.239999999999508,154.7488865244796
4,364,693764,-45.000003814697266,2250,timeout,9.904886326879943,45.000000000001435,-85.86596113218441
4,365,693956,132.96888732910156,1402,hit,3.8407343124325193,28.03999999999949,156.66117131326845
4,366,695476,15.811348915100098,1749,miss,7.833129750971568,34.97999999999987,-53.99113882050137
4,367,697068,127.22312927246094,1214,hit,4.132236271943191,24.27999999999957,155.7541208835252
4,368,701076,-4.297109603881836,1780,miss,9.420566473388185,35.599999999999966,-56.74634660058435
4,369,702764,-39.19063949584961,2250,timeout,8.552104124099724,45.000000000001435,-84.0559399919091
4,370,704476,-47.95308303833008,2250,timeout,7.118481300355471,45.000000000001435,-88.81038856611406
4,371,706068,-49.6966552734375,2250,timeout,6.45183790293216,45.000000000001435,-88.6385339823224
4,372,707192,123.44782257080078,1107,hit,4.703528286188652,22.139999999999617,147.77158020192874
4,373,710076,-8.66051197052002,2250,timeout,5.2483577355199875,45.000000000001435,-71.63592813857476
4,374,712232,127.78662109375,1541,hit,3.9655584750939097,30.819999999999432,152.86893549969258
4,375,712724,127.1094741821289,1383,hit,4.623204720168179,27.6599999999995,156.86786238275602
4,376,713476,-21.94957733154297,2250,timeout,5.462474423712412,45.000000000001435,-82.4459631530254
4,377,713596,132.24929809570312,880,hit,4.450960251232017,17.599999999999714,161.76247765802788
4,378,716424,125.19188690185547,707,hit,3.1213535030889332,14.139999999999787,153.69215378989838
4,379,716736,131.7630157470703,815,hit,4.0674181469796356,16.29999999999974,157.3436031019245
4,380,718304,128.97073364257812,1395,hit,3.261901951937089,27.899999999999494,152.82987720866475
4,381,721232,-24.573169708251953,2250,timeout,5.366216338399482,45.000000000001435,-95.12040763164771
4,382,721348,127.66305541992188,1231,hit,3.481870537642408,24.619999999999564,156.06065327339564
4,383,721636,121.95413970947266,1225,hit,4.226677588281092,24.499999999999567,147.7672219499853
4,384,727304,-58.536075592041016,2250,timeout,10.508769612886228,45.000000000001435,-85.58539984264652
4,385,727664,121.01508331298828,1579,hit,3.90690500879023,31.579999999999416,152.11263564202545
4,386,728116,10.89529800415039,1620,miss,5.894469067616935,32.399999999999466,-62.69607562886941
4,387,728768,6.32600212097168,1884,miss,7.86545270221247,37.68000000000029,-59.79388318768209
4,388,733980,12.66600227355957,1669,miss,8.426067785699463,33.37999999999962,-56.51045917519888
4,389,736664,-35.28312683105469,2250,timeout,5.444555947966992,45.000000000001435,-80.90704174489458
4,390,736816,126.32447814941406,709,hit,1.6098583176258754,14.179999999999787,152.59933230706417
4,391,737116,-0.3008384704589844,2250,timeout,5.727583248615666,45.000000000001435,-69.38136499610593
4,392,737424,-18.961780548095703,2164,miss,5.540564459886118,43.280000000001166,-75.0833889155366
4,393,739936,125.16072082519531,705,hit,4.549651947426658,14.099999999999788,153.96570029231137
4,394,740316,133.95611572265625,875,hit,3.4361095975613467,17.499999999999716,163.1720222809214
4,395,743068,125.150634765625,688,hit,4.9032646753940785,13.759999999999796,152.78934771277562
4,396,743516,134.3414306640625,895,hit,1.765262231928164,17.899999999999707,163.10215579189415
4,397,745664,-6.045244216918945,2250,timeout,5.707567101192927,45.000000000001435,-81.76764575401947
4,398,746424,-11.992626190185547,2250,timeout,10.317126356239985,45.000000000001435,-77.81620908344779
4,399,746500,131.73411560058594,858,hit,3.921455280728885,17.159999999999723,163.77671016993662
4,400,746924,132.43849182128906,852,hit,1.7658939571241163,17.039999999999726,164.3802252066635
4,401,754664,-4.452972412109375,2250,timeout,5.486231568731856,45.000000000001435,-77.96713166806283
4,402,755424,-36.551116943359375,2250,timeout,5.920965962063479,45.000000000001435,-85.80233476993196
4,403,755500,-23.959381103515625,2250,timeout,7.940854102706499,45.000000000001435,-89.78812249316567
4,404,755924,-61.746585845947266,2250,timeout,10.342816469482575,45.000000000001435,-78.35714679610291
4,405,758800,133.235107421875,1034,hit,4.926882311452168,20.679999999999648,163.7056136049063
4,406,761192,129.830322265625,1423,hit,4.876510583092134,28.459999999999482,148.87521691354704
4,407,764424,-32.29094696044922,2250,timeout,5.117084471406002,45.000000000001435,-85.8740723798088
4,408,764924,-3.427816390991211,2250,timeout,6.526356418383568,45.000000000001435,-70.42692418801019
4,409,765224,125.96935272216797,1008,hit,3.1201505297626824,20.15999999999966,150.08121293790873
4,410,767800,-10.127471923828125,2250,timeout,6.1541059185376294,45.000000000001435,-100.54823640039174
4,411,768376,132.23727416992188,788,hit,3.8442777807164754,15.759999999999753,158.76731149691057
4,412,770056,133.288818359375,1283,hit,4.674535974619394,25.659999999999542,158.5957558665187
4,413,773068,128.25418090820312,753,hit,2.696172946205801,15.059999999999768,156.53488885814693
4,414,773176,130.916015625,1200,hit,3.472175608567278,23.999999999999577,158.53105030586516
4,415,773424,-9.652196884155273,2250,timeout,7.00794464138527,45.000000000001435,-83.31734146635033
4,416,776508,127.48698425292969,771,hit,3.1602580458290674,15.41999999999976,159.06136054447214
4,417,776648,-19.050559997558594,2212,miss,8.230913126888902,44.24000000000132,-76.6631257337567
4,418,779720,131.93557739257812,768,hit,4.602341010058315,15.359999999999761,157.50530155472217
4,419,780072,135.41159057617188,891,hit,4.128394225989023,17.81999999999971,164.5983489703665
4,420,782068,-36.118953704833984,2250,timeout,7.885461525268157,45.000000000001435,-96.79097691028855
4,421,782176,-30.648441314697266,2250,timeout,6.612103387455522,45.000000000001435,-82.22463906757626
4,422,783124,130.77362060546875,763,hit,3.451861541101704,15.259999999999764,157.67301068776104
4,423,784052,124.12020874023438,1083,hit,4.460743430426054,21.659999999999627,153.52076191995326
4,424,787044,130.88357543945312,748,hit,4.53779010601315,14.95999999999977,156.55043103421465
4,425,790940,134.22286987304688,974,hit,4.516424814274393,19.479999999999674,165.8018296688747
4,426,791004,-17.696109771728516,2207,miss,6.399149003999743,44.1400000000013,-70.40515164403517
4,427,791068,-13.384471893310547,2250,timeout,6.699209317695205,45.000000000001435,-91.98362629055451
4,428,792124,-56.959716796875,2250,timeout,6.789072065396553,45.000000000001435,-96.1612426120987
4,429,793972,130.0431671142578,742,hit,4.30585183399242,14.839999999999772,153.91957122671607
4,430,794676,130.67691040039062,902,hit,4.81088385387708,18.039999999999704,155.62192656563013
4,431,796968,127.99015808105469,1211,hit,4.10511052256784,24.219999999999573,156.1370090661637
4,432,799940,9.893112182617188,2250,timeout,5.270796494111729,45.000000000001435,-66.0026234314601
4,433,800292,123.33049011230469,1404,hit,3.9521018896485165,28.07999999999949,142.54280213108817
4,434,801832,81.33625030517578,1965,hit,4.884024143668349,39.300000000000544,144.93250692950141
4,435,804672,127.20108795166016,710,hit,3.3546294024534875,14.199999999999786,152.44157724744156
4,436,805968,-8.355579376220703,2250,timeout,5.566315368052956,45.000000000001435,-90.20703023981793
4,437,808212,-38.83748245239258,2068,miss,6.118214625487498,41.360000000000866,-66.50106492583954
4,438,808844,93.583740234375,2138,hit,4.956976264884834,42.760000000001085,134.7985267163898
4,439,809376,133.0450439453125,852,hit,2.894096048320949,17.039999999999726,162.8546762740939
4,440,809480,130.7408905029297,1202,hit,3.258728023209973,24.039999999999576,157.64729269199302
4,441,814188,133.78634643554688,1336,hit,2.7622677995572285,26.71999999999952,155.57411254345433
4,442,817212,-30.416975021362305,2250,timeout,5.480101950985057,45.000000000001435,-96.08335749605008
4,443,818200,-31.31723403930664,2206,miss,8.994685404510854,44.1200000000013,-78.02447222386596
4,444,818480,-35.59247970581055,2250,timeout,7.913024732486276,45.000000000001435,-67.53622516742399
5,445,821916,127.11839294433594,679,hit,4.9696190308996355,13.5799999999998,153.2576827685997
5,446,828200,-38.44432067871094,2250,timeout,5.574507557795745,45.000000000001435,-82.75578105952789
5,447,828200,-4.104434967041016,2250,timeout,7.848481945421854,45.000000000001435,-61.553029004930416
5,448,828200,16.867897033691406,2250,timeout,6.849116889978069,45.000000000001435,-76.83496122178269
5,449,830868,-26.497108459472656,2238,miss,6.630664837934774,44.7600000000014,-76.56764990627892
5,450,831124,129.87081909179688,731,hit,4.939245871823346,14.619999999999777,154.71406720437957
5,451,831964,135.28750610351562,941,hit,4.81350739213925,18.819999999999688,165.24775267832968
5,452,834552,135.00973510742188,857,hit,3.5965225953793167,17.139999999999723,165.03363046725914
5,453,835128,132.9915008544922,1065,hit,2.801292115853245,21.299999999999635,157.81443901877282
5,454,837200,-29.274738311767578,2250,timeout,5.177985701683638,45.000000000001435,-78.98595691988848
5,455,840220,132.70779418945312,1417,hit,2.5333615146901214,28.339999999999485,151.97784914952877
5,456,840620,126.53225708007812,855,hit,1.829497564466064,17.099999999999724,152.12725287476016
5,457,840964,-17.914268493652344,2250,timeout,7.476557536218118,45.000000000001435,-70.53643248231661
5,458,842476,-8.416244506835938,1837,miss,5.800338896059625,36.740000000000144,-79.65988438880271
5,459,844008,128.70108032226562,761,hit,3.727568128023021,15.219999999999764,151.83874128068763
5,460,844400,133.4674530029297,945,hit,3.403246251437688,18.899999999999686,164.8977084462649
5,461,845880,98.96202087402344,1415,hit,3.727868694043063,28.299999999999486,137.75313354605683
5,462,851180,126.94100189208984,1325,hit,2.6469021086118607,26.499999999999524,148.38375314625367
5,463,851476,-34.34342956542969,2250,timeout,7.368306749336461,45.000000000001435,-88.91531748800367
5,464,853008,-17.431015014648438,2250,timeout,5.853157185731907,45.000000000001435,-84.03142096378018
5,465,853400,-9.028305053710938,2250,timeout,7.715513549493498,45.000000000001435,-82.41467242933723
5,466,854164,121.58169555664062,672,hit,3.4660472214542675,13.439999999999802,149.62243007416907
5,467,856868,131.13278198242188,867,hit,3.8430997759981973,17.33999999999972,162.9325263226664
5,468,857224,130.21055603027344,765,hit,3.080662674780617,15.299999999999763,159.11479645699438
5,469,860180,-41.95619201660156,2250,timeout,7.26750788533923,45.000000000001435,-81.017173188226
5,470,862008,-24.762340545654297,2250,timeout,5.833110841302012,45.000000000001435,-86.85926325111771
5,471,862520,130.36517333984375,1413,hit,4.951412616488096,28.259999999999486,151.95968086662825
5,472,865032,125.9583740234375,756,hit,4.096076857847435,15.119999999999767,148.7517826767063
5,473,865864,130.37940979003906,836,hit,2.6549548413016835,16.719999999999732,158.318749530091
5,474,866224,-29.139286041259766,2250,timeout,10.467552498346231,45.000000000001435,-74.55228260275953
5,475,869132,130.61944580078125,817,hit,2.6784087058191655,16.33999999999974,160.4097855124927
5,476,869180,-25.156604766845703,2250,timeout,20.714377767466235,45.000000000001435,-90.98420174794697
5,477,872172,128.90602111816406,748,hit,4.762353062929577,14.95999999999977,153.08490054492012
5,478,874032,-41.94132614135742,2250,timeout,10.022791789877932,45.000000000001435,-81.13136911663894
5,479,875224,-42.50800704956055,2250,timeout,5.9985610157383755,45.000000000001435,-81.1319320984297
5,480,875376,129.21719360351562,801,hit,0.825653680293636,16.019999999999747,156.68835691690091
5,481,876560,114.59476470947266,632,hit,4.539234860270317,12.63999999999982,150.25115272943594
5,482,878132,-21.633960723876953,2250,timeout,6.05306778656566,45.000000000001435,-66.08026129251725
5,483,880392,128.13079833984375,1254,hit,3.0506731630974424,25.079999999999554,150.43714834259043
5,484,880964,124.1348876953125,1101,hit,4.862758537554997,22.01999999999962,147.4400205578572
5,485,882316,116.62310791015625,1046,hit,4.637957626920756,20.919999999999643,148.03809268688963
5,486,883480,130.7458038330078,772,hit,3.515656407109778,15.43999999999976,157.31536056177694
5,487,884224,-40.32011413574219,2250,timeout,7.451908480798795,45.000000000001435,-66.83811908394597
5,488,885380,125.6492919921875,1104,hit,4.772348119981051,22.079999999999618,144.86358810607314
5,489,891316,8.578653335571289,2250,timeout,6.82934211200733,45.000000000001435,-71.80687104614614
5,490,892480,10.910261154174805,2250,timeout,9.546979977837747,45.000000000001435,-81.78660777549308
5,491,893224,-19.314716339111328,2250,timeout,8.22626756711541,45.000000000001435,-80.80778623944104
5,492,894380,-24.942180633544922,2250,timeout,5.909659684273557,45.000000000001435,-69.85292707441566
5,493,894536,131.49671936035156,805,hit,2.414632694244716,16.099999999999746,160.53023001473963
5,494,896264,131.9931182861328,946,hit,4.581931712055657,18.919999999999686,165.4911224122905
5,495,898296,135.03570556640625,940,hit,3.2182810561852353,18.799999999999688,164.34608659493801
5,496,900744,130.1935272216797,1591,hit,2.5314651912349966,31.81999999999941,151.32909523397643
5,497,901836,131.14913940429688,1393,hit,4.607915605264948,27.859999999999495,155.01485890995417
5,498,902224,-17.384033203125,2250,timeout,11.018638678999668,45.000000000001435,-67.8064454939009
5,499,904892,116.86304473876953,1037,hit,4.0179673272552385,20.739999999999647,145.48858722223676
5,500,904900,126.89048767089844,669,hit,4.992324796923305,13.379999999999804,153.1872129941392
5,501,907296,-30.27696418762207,2250,timeout,5.333708032346612,45.000000000001435,-74.63101395314534
5,502,910260,131.1763458251953,1342,hit,3.3110173957025504,26.839999999999517,155.01956585815773
5,503,910836,-29.912654876708984,2250,timeout,5.493618359091573,45.000000000001435,-81.4503398275795
5,504,913796,131.38250732421875,884,hit,3.3411155872933223,17.679999999999712,164.04373958694612
5,505,913900,-9.93641471862793,2250,timeout,5.964511826575137,45.000000000001435,-77.4486317640035
5,506,915228,132.851806640625,1098,hit,3.6608276209156982,21.95999999999962,153.40927566175952
5,507,916296,10.66981315612793,2250,timeout,5.536776971390916,45.000000000001435,-62.24752258330301
5,508,916412,127.1759033203125,654,hit,3.6216658894330735,13.07999999999981,151.68857318674782
5,509,916776,129.57620239257812,719,hit,3.3833326333341174,14.379999999999782,156.78022928948005
5,510,921460,122.44730377197266,1171,hit,4.573513574399252,23.41999999999959,146.42812661965064
5,511,924228,-36.71873092651367,2250,timeout,9.117753034425169,45.000000000001435,-82.01423281828983
5,512,925296,-35.00800323486328,2250,timeout,9.072730232831821,45.000000000001435,-63.12720910717326
5,513,925412,-29.80953598022461,2250,timeout,5.330212161662848,45.000000000001435,-88.08959577447783
5,514,930460,-67.41288757324219,2250,timeout,6.50097235402113,45.000000000001435,-84.29608987664267
5,515,931292,125.6322250366211,1499,hit,3.809487993168548,29.97999999999945,154.0414557039172
5,516,932832,-15.898006439208984,2151,miss,6.704311063837087,43.020000000001126,-69.57313888211979
5,517,933400,-0.924591064453125,1997,miss,6.308120615677596,39.940000000000644,-66.3584754244832
5,518,936048,128.15711975097656,804,hit,4.155239175353624,16.079999999999746,154.89959634512647
5,519,936108,134.7288360595703,1204,hit,4.935874361487785,24.079999999999576,158.31113827203913
5,520,936796,132.52789306640625,849,hit,2.482262519022763,16.979999999999727,163.76817319997724
5,521,939180,129.50767517089844,783,hit,3.823411567821467,15.659999999999755,157.93119994793966
5,522,939460,16.0898494720459,2250,timeout,5.936821734519669,45.000000000001435,-74.61601643643358
5,523,942300,129.60629272460938,780,hit,4.488095421517976,15.599999999999756,154.2626897058707
5,524,942652,123.22600555419922,1464,hit,2.5169472652610017,29.279999999999465,151.63406343574704
5,525,945108,-29.98501205444336,2250,timeout,5.369526586238396,45.000000000001435,-65.7413177936186
5,526,945856,130.8651123046875,801,hit,4.090710403383953,16.019999999999747,155.66383863569908
5,527,947900,123.90968322753906,698,hit,3.7290398879077116,13.959999999999791,155.7971525030157
5,528,948304,118.39582061767578,612,hit,4.5531184880654845,12.239999999999828,151.12252378960932
5,529,948460,-54.16206741333008,2250,timeout,8.610637862340264,45.000000000001435,-107.86639281297514
5,530,950192,-30.68901252746582,1973,miss,6.318290995390712,39.46000000000057,-71.28775163783106
5,531,951376,130.0892791748047,768,hit,1.75818477267923,15.359999999999761,157.55885723015888
5,532,951880,135.44415283203125,855,hit,4.100693568478962,17.099999999999724,161.12683973040572
5,533,953388,134.03616333007812,1372,hit,4.702254734179269,27.439999999999504,158.7062277517441
5,534,954208,126.36732482910156,708,hit,2.90206623816242,14.159999999999787,152.83232255932958
5,535,954748,127.24246978759766,717,hit,1.1843182627349416,14.339999999999783,152.32837338930722
5,536,956100,125.45513153076172,678,hit,4.148063295187591,13.5599999999998,152.8187370099263
5,537,957096,127.38015747070312,722,hit,4.563356732012711,14.439999999999781,158.56007980767106
5,538,958580,133.05567932128906,958,hit,1.2444029252148439,19.15999999999968,164.04241078992501
5,539,959192,-33.84602355957031,2250,timeout,5.744832151355552,45.000000000001435,-74.53744098890509
5,540,959208,127.69032287597656,777,hit,2.6075081170080323,15.539999999999758,158.43061567646458
5,541,960332,130.7967529296875,809,hit,1.2062315339652272,16.179999999999744,158.97324319872746
5,542,962028,128.10037231445312,862,hit,4.785583267639699,17.23999999999972,152.61122637990536
5,543,962524,134.44580078125,829,hit,1.2926153793424595,16.579999999999735,162.3422191773626
5,544,962536,128.5243377685547,836,hit,2.4665477121402097,16.719999999999732,154.70069997960712
5,545,965352,128.00857543945312,704,hit,3.8680912453206284,14.079999999999789,150.70818659041626
5,546,966032,134.71006774902344,877,hit,1.0202393414701603,17.539999999999715,160.90634594626752
5,547,967436,122.3769760131836,1352,hit,3.6907005349457767,27.039999999999512,144.72364259340145
5,548,969236,-20.55801773071289,2226,miss,7.754672990343417,44.52000000000136,-86.15624106741224
5,549,969536,135.21429443359375,876,hit,1.6709650171734411,17.519999999999715,163.20858305585944
5,550,970448,131.5893096923828,1274,hit,3.002102391935056,25.479999999999546,152.38085905963578
5,551,970592,133.26341247558594,789,hit,1.467578658484281,15.779999999999752,158.844386487443
5,552,972488,130.5972900390625,813,hit,2.6455869915871926,16.259999999999742,154.37991664666802
5,553,972628,130.86248779296875,773,hit,2.1615784317750166,15.45999999999976,159.68499256819263
5,554,974300,135.68902587890625,963,hit,1.4475602081198007,19.25999999999968,165.06406699961127
5,555,975108,132.2375030517578,1129,hit,4.088453425553538,22.579999999999607,159.87790215434018
5,556,976164,131.6420135498047,884,hit,3.9367619085681262,17.679999999999712,161.28660372623705
5,557,977144,126.61334991455078,711,hit,3.7347245493075456,14.219999999999786,156.09658232563322
5,558,977964,126.21175384521484,714,hit,1.4488435526289811,14.279999999999784,155.55044819438706
5,559,980780,134.04171752929688,909,hit,3.268948636306914,18.1799999999997,161.86215415923903
5,560,980968,-17.022655487060547,2120,miss,9.513094736173336,42.40000000000103,-71.98490626745338
5,561,982404,124.65650939941406,1560,hit,3.722398342337425,31.199999999999424,151.06610572621832
5,562,982476,124.41006469726562,1128,hit,2.0463877547832063,22.559999999999608,143.41108980244516
5,563,983920,127.31552124023438,738,hit,3.7037717293547394,14.759999999999774,152.51103094641763
5,564,984804,134.70272827148438,1006,hit,1.9915627015650048,20.11999999999966,165.03917043955897
5,565,985508,129.5660400390625,758,hit,4.962086948408955,15.159999999999766,157.120611820216
5,566,988156,129.47659301757812,1438,hit,3.622625296860111,28.759999999999476,150.16760219434434
5,567,988404,133.37823486328125,1121,hit,1.5043176831839746,22.41999999999961,155.44688299878777
5,568,991200,126.22927856445312,699,hit,2.045989426455193,13.97999999999979,152.44418406690653
5,569,993804,-11.14249038696289,2250,timeout,8.75448467602188,45.000000000001435,-83.6545134371707
5,570,994508,-29.98265838623047,2250,timeout,5.097750035289453,45.000000000001435,-102.10814512951947
5,571,995712,-16.343643188476562,1889,miss,7.223631709791372,37.78000000000031,-62.78736138531594
5,572,998220,128.98646545410156,928,hit,4.2643521916421046,18.559999999999693,151.8026813523683
5,573,999512,-24.313018798828125,2078,miss,5.769704759582411,41.5600000000009,-95.9197310787981
5,574,1001932,134.8561248779297,928,hit,2.5825466053153248,18.559999999999693,164.86117522630835
5,575,1002668,131.70068359375,789,hit,3.6191859954412546,15.779999999999752,157.9244185859291
5,576,1002804,-35.20646286010742,2250,timeout,6.090533225939361,45.000000000001435,-96.43588038807567
5,577,1003888,-13.733909606933594,2044,miss,10.086791261261478,40.88000000000079,-65.24176895236113
5,578,1005448,126.70652770996094,695,hit,4.825936145270434,13.899999999999793,151.89710881619166
5,579,1006820,131.17974853515625,733,hit,3.2862493338019823,14.659999999999776,153.3658775514714
5,580,1008764,125.67644500732422,1490,hit,3.195524512459628,29.799999999999454,154.35334396239352
5,581,1010868,134.20855712890625,1355,hit,3.7387178447776948,27.09999999999951,154.93596072144882
5,582,1010932,-17.320005416870117,2250,timeout,5.3868269341870105,45.000000000001435,-72.58769631087502
5,583,1012276,133.33697509765625,878,hit,2.84226275443416,17.559999999999715,163.51646441385924
5,584,1013812,129.36473083496094,720,hit,4.598799908876876,14.399999999999782,155.1083714345434
5,585,1015772,134.4973907470703,874,hit,4.563463249208188,17.479999999999716,166.99037153418567
5,586,1015820,-20.706754684448242,2250,timeout,13.815162260874951,45.000000000001435,-66.89569494121648
5,587,1017076,134.16094970703125,816,hit,0.9020743299275863,16.31999999999974,159.78914349181102
5,588,1018148,-0.08706283569335938,1820,miss,5.828684471466622,36.40000000000009,-77.16761901394989
5,589,1018816,129.94345092773438,749,hit,2.583967768259183,14.97999999999977,156.86651656637656
5,590,1019840,126.40261840820312,1017,hit,4.145283128044114,20.339999999999655,150.3869182963462
5,591,1021504,126.77259826660156,672,hit,3.601585296073139,13.439999999999802,154.50272639513406
5,592,1021632,128.99771118164062,1139,hit,3.9867262653168902,22.779999999999603,155.11988194104282
5,593,1021884,135.1937713623047,934,hit,2.173679546122134,18.67999999999969,165.06872183665095
5,594,1023020,132.94155883789062,795,hit,3.2922333831878148,15.89999999999975,161.26870582993052
6,595,1026720,122.68510437011719,680,hit,4.480506755744058,13.599999999999799,154.35831293634737
6,596,1027720,132.0385284423828,930,hit,1.9789120528058415,18.599999999999692,165.34735894747286
6,597,1030116,133.72097778320312,1529,hit,3.7204912520095763,30.579999999999437,154.22685260315427
6,598,1030308,131.61834716796875,897,hit,1.4230692653395975,17.939999999999706,163.2609133721043
6,599,1030568,125.21253967285156,712,hit,2.685867244724651,14.239999999999785,155.48321208702708
6,600,1032900,127.86972045898438,648,hit,4.04378035695214,12.959999999999813,153.11139416006174
6,601,1033000,-31.886310577392578,2250,timeout,6.502342508159657,45.000000000001435,-88.61019822204945
6,602,1036028,130.7587890625,1365,hit,3.9446698535641125,27.299999999999507,153.6426052848723
6,603,1036532,136.14096069335938,908,hit,2.7364285522530034,18.1599999999997,166.37084805124078
6,604,1036572,129.81643676757812,893,hit,2.1320334484037256,17.859999999999708,150.87429328468707
6,605,1038628,-19.803733825683594,2128,miss,8.302071766570368,42.560000000001054,-82.93005564542861
6,606,1039616,129.4810028076172,761,hit,3.031589690663435,15.219999999999764,156.2872260079166
6,607,1040892,127.41615295410156,1090,hit,3.517986429052396,21.799999999999624,155.30173325229026
6,608,1043544,3.9534072875976562,1879,miss,6.844621727941703,37.580000000000275,-68.0951821683124
6,609,1045192,132.28997802734375,1394,hit,4.079182776376885,27.879999999999495,156.8920486412016
6,610,1046524,129.68109130859375,745,hit,4.3048538474279905,14.899999999999771,158.2529360597062
6,611,1047500,-8.648796081542969,2218,miss,6.4855383745426565,44.360000000001335,-83.99584483262866
6,612,1049816,130.7445831298828,823,hit,3.673371424815225,16.459999999999738,160.48256527127865
6,613,1049892,-6.726112365722656,2250,timeout,5.297888961080693,45.000000000001435,-93.21391644963899
6,614,1050288,125.32637786865234,697,hit,3.532324911341598,13.939999999999792,154.63185619713107
6,615,1053644,135.05458068847656,938,hit,1.6447971309795966,18.75999999999969,162.8003895100727
6,616,1054192,-9.472763061523438,2250,timeout,8.565178605292905,45.000000000001435,-79.19332752827478
6,617,1054360,120.94539642333984,1018,hit,4.545097857919429,20.359999999999655,146.555516493055
6,618,1054564,132.70947265625,1187,hit,3.3876019404533104,23.739999999999583,157.5955641333789
6,619,1057008,130.22059631347656,841,hit,3.258923026521035,16.81999999999973,156.6573614669414
6,620,1057188,128.8078155517578,749,hit,1.739295996378205,14.97999999999977,151.10268847719783
6,621,1058848,127.12891387939453,1071,hit,2.1320512581773325,21.419999999999632,147.3529428545414
6,622,1060896,135.50704956054688,927,hit,1.1462918727209284,18.539999999999694,164.6480812570639
6,623,1061920,131.73150634765625,768,hit,3.451219316320669,15.359999999999761,155.10332895409636
6,624,1063360,-3.1377830505371094,2250,timeout,9.493054853184463,45.000000000001435,-93.93839678040543
6,625,1065252,132.59396362304688,833,hit,2.876346091279224,16.659999999999734,157.79454847881306
6,626,1066008,-18.774234771728516,2250,timeout,7.889997026174322,45.000000000001435,-87.01228509041613
6,627,1068256,129.03990173339844,751,hit,3.6362992069079483,15.019999999999769,157.40914489754553
6,628,1069428,133.5084228515625,855,hit,2.0259504023980504,17.099999999999724,160.76677466765153
6,629,1069896,-42.91483688354492,2250,timeout,5.913158357374924,45.000000000001435,-84.08462469229107
6,630,1072016,134.11160278320312,940,hit,4.619967415950812,18.799999999999688,161.61658832661934
6,631,1072360,-58.33350372314453,2250,timeout,7.246163057065164,45.000000000001435,-75.08922744001319
6,632,1072460,126.64030456542969,758,hit,1.5048269027026018,15.159999999999766,153.7868149701585
6,633,1073616,130.7582550048828,930,hit,2.7883785199579427,18.599999999999692,161.93251684587955
6,634,1075764,132.4191131591797,851,hit,3.879694249370969,17.019999999999726,163.66273253178946
6,635,1076016,131.42498779296875,1000,hit,4.905479888804591,19.999999999999662,157.73806759370578
6,636,1077940,134.80596923828125,1081,hit,2.986125544656404,21.619999999999628,162.84586793797013
6,637,1078268,114.16639709472656,1452,hit,3.1098781530890807,29.03999999999947,139.73807802991718
6,638,1080212,129.95025634765625,1049,hit,4.7769330244631725,20.97999999999964,154.86005850446273
6,639,1081028,133.14907836914062,772,hit,1.8479076835136539,15.43999999999976,158.08851873235128
6,640,1083800,123.46586608886719,693,hit,3.9779328145007358,13.859999999999793,150.20822749737158
6,641,1084020,133.38958740234375,952,hit,3.1921847405352675,19.039999999999683,157.81062444519574
6,642,1084764,-31.393169403076172,2250,timeout,7.5524919887195425,45.000000000001435,-91.80634634612936
6,643,1087268,-2.5815505981445312,2250,timeout,5.219191838860373,45.000000000001435,-67.10872581865314
6,644,1088328,133.5682830810547,891,hit,4.769927867607657,17.81999999999971,163.40736763404627
6,645,1088616,112.06888580322266,1149,hit,3.943389740978738,22.9799999999996,144.1611962834282
6,646,1091584,125.46949768066406,1079,hit,4.467219846379323,21.57999999999963,147.78629178699066
6,647,1092036,135.50711059570312,927,hit,4.827876209298943,18.539999999999694,162.42348685729826
6,648,1092800,-6.363006591796875,2250,timeout,14.549292762244493,45.000000000001435,-68.12966110426868
6,649,1094452,128.65692138671875,717,hit,3.480418771662786,14.339999999999783,151.03511389244306
6,650,1095872,128.31008911132812,768,hit,3.967722677869392,15.359999999999761,153.33275409171003
6,651,1096852,126.40579986572266,1204,hit,4.962644724451142,24.079999999999576,147.6365984943726
6,652,1097360,124.67827606201172,727,hit,3.3085760209732626,14.539999999999779,152.83333078277624
6,653,1097616,-25.247398376464844,2250,timeout,5.290400572780114,45.000000000001435,-102.96610060295971
6,654,1098740,127.86370849609375,717,hit,1.670626963285148,14.339999999999783,150.95164804090342
6,655,1100516,130.08567810058594,789,hit,2.1598001823791195,15.779999999999752,155.7363025498849
6,656,1101628,134.6498565673828,1003,hit,4.6418019093159435,20.05999999999966,164.5519360954644
6,657,1101864,126.35823059082031,781,hit,4.489628313731873,15.619999999999756,150.74295977972258
6,658,1104456,135.3402557373047,985,hit,3.8548293457388025,19.69999999999967,163.7277353936442
6,659,1104720,127.07378387451172,714,hit,3.7197602658379996,14.279999999999784,155.1717906803118
6,660,1105272,134.46359252929688,911,hit,4.465866657873651,18.2199999999997,164.38846291150642
6,661,1105852,-50.78579330444336,2250,timeout,7.933100912434262,45.000000000001435,-90.85189968947333
6,662,1109108,127.05131530761719,959,hit,3.8535526883041897,19.17999999999968,153.6726344639348
6,663,1109260,130.7949676513672,852,hit,4.6647318286158095,17.039999999999726,163.02349644368792
6,664,1109316,121.91546630859375,1215,hit,4.770070318672541,24.29999999999957,144.17879944482516
6,665,1110540,106.4954605102539,1455,hit,4.796883750656652,29.09999999999947,150.92680807801543
6,666,1112312,128.38961791992188,801,hit,2.9467761238222794,16.019999999999747,156.82232606946815
6,667,1115692,129.29364013671875,1288,hit,4.6192013704869765,25.75999999999954,146.99326620630566
6,668,1117928,130.981201171875,1404,hit,4.093806130357198,28.07999999999949,153.80503183561092
6,669,1118260,-21.438182830810547,2250,timeout,5.226760441888505,45.000000000001435,-110.02079572967418
6,670,1118316,-27.682811737060547,2250,timeout,5.1435847811291895,45.000000000001435,-82.90587501819003
6,671,1119412,135.8418731689453,930,hit,4.043750397208918,18.599999999999692,163.65665085523716
6,672,1120904,127.99817657470703,744,hit,2.649042067357767,14.879999999999772,158.66162191201494
6,673,1121184,129.0511474609375,731,hit,3.317285579554961,14.619999999999777,157.75843163519443
6,674,1122000,130.63922119140625,921,hit,3.535210654738704,18.419999999999696,155.29264581419798
6,675,1122092,126.49449920654297,670,hit,3.872446827059853,13.399999999999803,154.30871790065893
6,676,1123540,119.02601623535156,659,hit,3.7014950193476346,13.179999999999808,150.4062641311226
6,677,1125036,128.5627899169922,759,hit,4.459052969149983,15.179999999999765,152.41511787576252
6,678,1125544,127.18340301513672,863,hit,4.2422164401126485,17.25999999999972,154.70748012065155
6,679,1126792,130.63775634765625,813,hit,1.8774315304159854,16.259999999999742,158.98729343479977
6,680,1128356,128.3144073486328,703,hit,3.4117209405966933,14.059999999999789,154.8810849150792
6,681,1130184,-25.487659454345703,2250,timeout,5.881524638271916,45.000000000001435,-78.50444562892102
6,682,1132424,126.4737319946289,1408,hit,4.975078573484806,28.15999999999949,147.43255385618448
6,683,1132728,128.01815795898438,1093,hit,3.7684379022483694,21.859999999999623,154.87526314709964
6,684,1132764,123.22482299804688,645,hit,4.967528570758461,12.899999999999814,152.0495569750113
6,685,1134036,0.3918647766113281,2250,timeout,6.886836735876519,45.000000000001435,-86.80176984657982
6,686,1135436,120.0876693725586,677,hit,4.567848189366744,13.5399999999998,150.39132043493623
6,687,1136884,126.89932250976562,1115,hit,4.007538869605878,22.299999999999613,153.18269909007552
6,688,1137024,128.42938232421875,1065,hit,3.5472067673851084,21.299999999999635,149.92791483491837
6,689,1143036,-7.733005523681641,2250,timeout,12.184742566656112,45.000000000001435,-76.11952342850198
6,690,1144436,-25.976112365722656,2250,timeout,5.0135522091837075,45.000000000001435,-114.49337777620816
6,691,1144744,-7.094936370849609,1930,miss,6.883540214295607,38.600000000000435,-80.13802934690277
6,692,1145884,-27.43128776550293,2250,timeout,5.892513875561641,45.000000000001435,-79.9964946202545
6,693,1146412,132.942626953125,844,hit,3.035867622829814,16.87999999999973,161.39660396330368
6,694,1147372,126.12799072265625,734,hit,3.2730883349179924,14.679999999999776,157.5248705298175
6,695,1148600,125.74362182617188,679,hit,3.2106787643776222,13.5799999999998,153.93534601648966
6,696,1149784,130.8460693359375,1260,hit,4.211393012111106,25.19999999999955,152.33133665480784
6,697,1149976,136.294677734375,891,hit,1.816478286950074,17.81999999999971,164.86074322623418
6,698,1150456,131.6048583984375,771,hit,3.542251998213953,15.41999999999976,157.4227841349917
6,699,1153224,127.50248718261719,692,hit,1.4341158349479843,13.839999999999794,155.3014482592264
6,700,1154880,134.9422607421875,1226,hit,4.445501121503711,24.519999999999566,158.80686049097028
6,701,1154948,134.2707061767578,1291,hit,4.792487717213737,25.81999999999954,158.59242738979046
6,702,1155808,123.78317260742188,646,hit,2.328100654768093,12.919999999999813,151.66115937212618
6,703,1157600,-28.544017791748047,2250,timeout,11.09374895690905,45.000000000001435,-75.35759621333838
6,704,1158556,126.40559387207031,687,hit,2.378486662356048,13.739999999999796,152.81801078871132
6,705,1159352,124.80284118652344,1101,hit,4.559447429815917,22.01999999999962,152.05201732885476
6,706,1160812,133.92791748046875,1483,hit,4.160326601756869,29.659999999999457,154.5928790438299
6,707,1161068,134.1976318359375,867,hit,1.9337906035279542,17.33999999999972,159.4370620611712
6,708,1165344,121.62972259521484,1498,hit,4.3721731064566,29.95999999999945,144.3430234212183
6,709,1166912,-26.883678436279297,2089,miss,7.270184199071574,41.78000000000093,-84.0987772341658
6,710,1168788,-8.522262573242188,1994,miss,5.8521981112384225,39.880000000000635,-79.5159168382445
6,711,1170068,-11.112167358398438,2250,timeout,5.374984981590581,45.000000000001435,-108.64938155049438
6,712,1170428,119.56007385253906,1271,hit,4.835316712845781,25.419999999999547,142.70691953728638
6,713,1171460,125.80496215820312,1137,hit,3.8235345478742984,22.739999999999604,151.1516282050901
6,714,1172160,132.79248046875,843,hit,2.905372014625007,16.85999999999973,157.70941923012174
6,715,1173024,129.74630737304688,739,hit,4.423184363447884,14.779999999999774,156.79955744217753
6,716,1174040,135.40997314453125,903,hit,2.4821642891959623,18.059999999999704,165.46927412999648
6,717,1174900,133.00497436523438,860,hit,2.9425088152790635,17.199999999999722,165.6809188868224
6,718,1175028,128.30552673339844,717,hit,2.029161417616647,14.339999999999783,151.63619899330476
6,719,1177252,131.00494384765625,803,hit,1.9627063478830624,16.059999999999746,156.19101887293073
6,720,1179600,126.40167236328125,1143,hit,3.8871617350639536,22.8599999999996,155.7064830151869
6,721,1182024,-22.426136016845703,2250,timeout,6.188684591649488,45.000000000001435,-84.73512046426494
6,722,1182560,127.32867431640625,740,hit,4.9259140420743215,14.799999999999773,154.43961661429893
6,723,1183368,128.82254028320312,1529,hit,4.314571087256328,30.579999999999437,153.42224686994015
6,724,1183900,-25.77012062072754,2250,timeout,5.918895545969751,45.000000000001435,-73.38033208391991
6,725,1184840,126.58192443847656,704,hit,4.784489603402076,14.079999999999789,156.3204599808867
6,726,1186064,123.0660400390625,674,hit,1.0406009698843453,13.479999999999801,153.31672867286562
6,727,1187872,126.08041381835938,993,hit,4.336545914723063,19.859999999999665,146.5834968661872
6,728,1188592,131.20755004882812,1508,hit,3.951410149089489,30.159999999999446,155.04364629757242
6,729,1190500,115.64250183105469,1109,hit,4.424528736117803,22.179999999999616,148.42545546596875
6,730,1190640,116.63653564453125,692,hit,4.294548812118836,13.839999999999794,151.1741734185936
6,731,1191600,127.57652282714844,752,hit,4.691970381423962,15.039999999999768,155.43598787273217
6,732,1193212,122.42884826660156,678,hit,3.8500118640301335,13.5599999999998,151.4151385821937
6,733,1193840,-20.843555450439453,2250,timeout,6.043776947814907,45.000000000001435,-75.87945608715592
6,734,1194544,127.39905548095703,736,hit,4.6587200892135785,14.719999999999775,155.2228620755639
6,735,1194808,134.4739990234375,1042,hit,3.095329872644035,20.839999999999645,157.17592389627393
6,736,1196096,127.2447509765625,721,hit,3.3306516398063515,14.419999999999781,151.7006629077671
6,737,1198916,116.2231674194336,1027,hit,4.104185003354818,20.53999999999965,147.63061897776228
6,738,1200028,130.37220764160156,1371,hit,3.1689859945705146,27.419999999999504,150.56660543686365
6,739,1201764,130.32098388671875,1417,hit,4.501125096856517,28.339999999999485,154.79434302880264
6,740,1202840,-36.337154388427734,2250,timeout,6.201817816019457,45.000000000001435,-83.67159849053769
6,741,1203076,130.9053192138672,762,hit,2.188289596041745,15.239999999999764,156.19119347353308
6,742,1204408,132.95782470703125,1373,hit,4.867539829661255,27.459999999999503,153.06026418753038
6,743,1204756,130.48284912109375,748,hit,2.4561832194617454,14.95999999999977,155.69801402608655
6,744,1206136,130.66787719726562,765,hit,3.8445624559636284,15.299999999999763,159.31810402859634
6,745,1207188,124.25982666015625,695,hit,3.8997291464381685,13.899999999999793,152.78210896014946
6,746,1207764,130.52053833007812,752,hit,3.327811579360006,15.039999999999768,159.79893717810816
6,747,1208696,132.32522583007812,1464,hit,3.748140073570205,29.279999999999465,153.697192086059
6,748,1211108,129.01113891601562,980,hit,3.8577461379196305,19.59999999999967,151.55880096949628
6,749,1212684,132.3465576171875,1230,hit,4.151645322991896,24.599999999999564,158.09568693688522
6,750,1213828,120.19941711425781,1283,hit,3.286677625491822,25.659999999999542,141.19847688544073
6,751,1213968,128.86361694335938,715,hit,1.7400634572358027,14.299999999999784,152.36680901867354
6,752,1215136,-26.872337341308594,2250,timeout,8.005285694729782,45.000000000001435,-104.7105729847879
6,753,1216828,130.4882049560547,750,hit,2.6197493500737594,14.999999999999769,156.06794038914924
6,754,1217376,133.75238037109375,852,hit,1.4582304317790211,17.039999999999726,165.08082093070558
6,755,1217864,121.56324768066406,1295,hit,3.42063239150995,25.899999999999537,145.89157345596283
6,756,1219444,118.97040557861328,654,hit,4.904031167129046,13.07999999999981,151.06163106679833
6,757,1219728,129.45266723632812,1148,hit,4.452424372600672,22.9599999999996,151.3794355719777
6,758,1223072,129.69302368164062,1302,hit,2.9426619928949176,26.039999999999534,157.49676851650162
6,759,1223896,130.10498046875,1042,hit,4.8217973528119416,20.839999999999645,161.72131835875797
6,760,1226376,-27.29756736755371,2250,timeout,8.231928788624057,45.000000000001435,-86.13038921130621
6,761,1226416,121.80912017822266,630,hit,3.7241277866478066,12.59999999999982,151.01925566612238
6,762,1226652,130.93994140625,895,hit,3.4680442197696064,17.899999999999707,158.23352976098928
6,763,1228444,-45.582489013671875,2250,timeout,7.691064099455887,45.000000000001435,-78.29655709579474
7,764,1231472,141.13670349121094,668,hit,4.7451636048856995,13.359999999999804,155.80935043556855
7,765,1232180,154.20509338378906,845,hit,3.975050738628923,16.89999999999973,153.96112440108183
7,766,1232608,170.69259643554688,952,hit,2.8128698567774983,19.039999999999683,164.58592136552448
7,767,1235372,167.63412475585938,975,hit,4.969407413861381,19.499999999999673,169.1383503062874
7,768,1235500,159.14503479003906,830,hit,3.7135151628550833,16.599999999999735,164.87169275111597
7,769,1237800,-11.891258239746094,2250,timeout,5.609826599509325,45.000000000001435,-66.75234652480287
7,770,1239604,148.92340087890625,1026,hit,3.7599421612175052,20.51999999999965,154.57227452057384
7,771,1241608,2.2161331176757812,2250,timeout,5.468136601735912,45.000000000001435,-79.36805080433608
7,772,1242968,160.82159423828125,841,hit,4.258682024610076,16.81999999999973,166.27201789412317
7,773,1243468,158.69871520996094,1417,hit,3.5812527518020065,28.339999999999485,161.19296044386377
7,774,1244372,-33.63044738769531,2250,timeout,5.036851526271879,45.000000000001435,-80.92744055224139
7,775,1244520,158.101806640625,728,hit,4.600437814170423,14.559999999999778,155.23288965516542
7,776,1248080,151.21205139160156,1153,hit,4.563048364661679,23.059999999999597,164.04300532365596
7,777,1248604,175.53443908691406,1021,hit,3.5894674176349692,20.419999999999654,170.91887839355118
7,778,1249772,167.95346069335938,1350,hit,3.7051343368139573,26.999999999999513,156.38070841887526
7,779,1251848,153.29507446289062,942,hit,4.855624183707622,18.839999999999687,164.23661674397988
7,780,1251968,-6.585777282714844,2250,timeout,8.500361834950093,45.000000000001435,-77.78636602356522
7,781,1253444,162.67666625976562,1210,hit,2.755138633971146,24.199999999999573,154.96773926984278
7,782,1253736,181.68641662597656,991,hit,4.76628492178663,19.819999999999666,170.37622541144248
7,783,1254988,174.46762084960938,785,hit,1.9071620178312163,15.699999999999754,163.99441617772254
7,784,1255732,169.51715087890625,941,hit,2.8495283619181766,18.819999999999688,173.08671326293432
7,785,1255976,157.60556030273438,633,hit,1.9261390032343912,12.659999999999819,155.94061013420298
7,786,1257792,153.59735107421875,1014,hit,4.352792642433913,20.279999999999657,157.9763333633858
7,787,1258752,160.48768615722656,941,hit,3.07854479945511,18.819999999999688,163.07474435512898
7,788,1259248,158.44815063476562,818,hit,3.2674338070144846,16.35999999999974,155.50458787595704
7,789,1259468,164.86705017089844,934,hit,3.917939679862252,18.67999999999969,149.79061903149722
7,790,1261492,161.38467407226562,685,hit,1.26551177397002,13.699999999999797,158.82342587731125
7,791,1262664,174.8903350830078,799,hit,1.916501849039206,15.979999999999748,159.90618275077532
7,792,1263052,173.9623260498047,1315,hit,3.7701298598598165,26.299999999999528,160.77122670929765
7,793,1263576,147.39874267578125,1082,hit,4.751837392863767,21.639999999999628,149.46854015897537
7,794,1265024,166.77426147460938,883,hit,2.688903706870302,17.659999999999712,167.4231955820112
7,795,1266956,169.34075927734375,1073,hit,3.2543820651985276,21.45999999999963,157.16956612579102
7,796,1267072,146.26174926757812,1005,hit,3.376451602037467,20.09999999999966,149.8933587205412
7,797,1267360,168.6273193359375,946,hit,2.136650657974203,18.919999999999686,169.73819471310708
7,798,1270524,157.77557373046875,1375,hit,4.198879026984751,27.499999999999503,155.8524183621384
7,799,1270840,154.31724548339844,870,hit,4.544305099598134,17.399999999999718,168.73214067235787
7,800,1274232,160.37742614746094,848,hit,3.8878235460726573,16.959999999999727,161.256191931819
7,801,1274600,147.19659423828125,1019,hit,4.933404671559269,20.379999999999654,160.83338624863882
7,802,1275956,-26.005203247070312,2250,timeout,5.4162468049250085,45.000000000001435,-80.23543777188517
7,803,1276072,-7.993328094482422,2250,timeout,7.246392731264358,45.000000000001435,-88.2136423648455
7,804,1277524,154.50758361816406,823,hit,4.520704322204117,16.459999999999738,164.5668084872148
7,805,1282932,157.250732421875,1352,hit,3.5266790398234393,27.039999999999512,160.20132110747628
7,806,1283600,7.4718475341796875,2250,timeout,5.542652330478211,45.000000000001435,-75.4717450357969
7,807,1284956,-17.800399780273438,2250,timeout,5.020931488871203,45.000000000001435,-84.85658698935292
7,808,1285072,-6.2736358642578125,2250,timeout,5.21553951482368,45.000000000001435,-74.43277519983155
7,809,1285896,165.02371215820312,741,hit,2.0465974180088655,14.819999999999773,157.90074318705575
7,810,1287812,154.07012939453125,714,hit,4.551624401303926,14.279999999999784,156.79994156219738
7,811,1289328,168.39630126953125,1064,hit,2.7906515189180126,21.279999999999635,152.99530271684648
7,812,1292408,156.0304718017578,1149,hit,2.808848090157144,22.9799999999996,158.42704599361875
7,813,1292600,-27.177631378173828,2250,timeout,8.980555593684016,45.000000000001435,-78.58967667518164
7,814,1293128,155.20034790039062,950,hit,4.168834207249485,18.999999999999684,166.8388559739892
7,815,1294896,6.4554901123046875,2250,timeout,9.943272191503642,45.000000000001435,-67.92148285973025
7,816,1295488,157.86395263671875,722,hit,3.0998253513553067,14.439999999999781,158.57682412414084
7,817,1297804,165.29408264160156,1349,hit,3.436600640427987,26.979999999999514,165.83208768905604
7,818,1298024,171.7523193359375,782,hit,1.7825764846722816,15.639999999999755,166.45663641520503
7,819,1299412,154.59866333007812,981,hit,4.708374273122713,19.61999999999967,169.3599067635829
7,820,1300928,140.39878845214844,1950,hit,4.625309997008507,39.0000000000005,129.4970537716759
7,821,1302032,155.25465393066406,1057,hit,4.306397536531908,21.139999999999638,160.82849380620792
7,822,1302996,162.5511474609375,1243,hit,4.423475283201909,24.85999999999956,167.02096044991993
7,823,1303324,164.77542114257812,978,hit,3.7676040282101946,19.559999999999672,157.58570317784117
7,824,1303840,164.3852081298828,728,hit,3.616103771207871,14.559999999999778,160.99004230680805
7,825,1305812,149.40220642089844,704,hit,4.292944507946466,14.079999999999789,156.2337189330374
7,826,1306660,158.85292053222656,705,hit,3.8965697431207023,14.099999999999788,163.83796476477724
7,827,1308744,170.59872436523438,1355,hit,3.8809204409133033,27.09999999999951,168.60052327024215
7,828,1309684,166.65682983398438,968,hit,3.4534803338325997,19.359999999999676,170.1911854877588
7,829,1311032,-45.08629608154297,2250,timeout,15.397091349983992,45.000000000001435,-79.01578512376429
7,830,1311168,175.11813354492188,1127,hit,2.6414962707542795,22.53999999999961,158.91246901096017
7,831,1311496,149.23660278320312,688,hit,4.773073186324312,13.759999999999796,159.76369006751426
7,832,1313984,160.59844970703125,738,hit,2.920542093080831,14.759999999999774,159.27247493742908
7,833,1314660,173.1800994873047,791,hit,2.291039775465687,15.819999999999752,163.22432955447604
7,834,1315448,168.7909698486328,1070,hit,2.4519064061626485,21.399999999999633,165.66783006601224
7,835,1316652,156.55255126953125,667,hit,3.1848177133984024,13.339999999999804,160.22432749611443
7,836,1317800,-12.890531539916992,2029,miss,5.452130461574779,40.580000000000744,-74.87132510594381
7,837,1319284,172.62802124023438,959,hit,2.9376227991609865,19.17999999999968,172.58950068478867
7,838,1322536,176.85459899902344,813,hit,3.4233378458721213,16.259999999999742,170.25713288923816
7,839,1323000,162.27069091796875,1587,hit,3.0628997546259287,31.739999999999412,159.3376735674539
7,840,1323660,-1.1280403137207031,2250,timeout,5.6985448479744845,45.000000000001435,-71.08560517042064
7,841,1326108,159.91612243652344,893,hit,4.6718407994377165,17.859999999999708,167.3839344002701
7,842,1326760,164.11085510253906,940,hit,3.121839644384929,18.799999999999688,171.89585178981463
7,843,1326800,-24.163162231445312,2250,timeout,7.715019536815914,45.000000000001435,-110.27903667915447
7,844,1327696,154.0761260986328,1009,hit,2.960484816678488,20.17999999999966,156.60721356179255
7,845,1329384,157.46002197265625,656,hit,1.877408779711872,13.11999999999981,155.89204678630006
7,846,1329384,166.537841796875,819,hit,1.786740899991299,16.37999999999974,166.08594516752595
7,847,1332124,167.51968383789062,1331,hit,2.6965413682488584,26.61999999999952,159.73298192285873
7,848,1332472,172.9960479736328,772,hit,2.9943697211664686,15.43999999999976,163.06136700214614
7,849,1333688,160.7316436767578,1076,hit,4.960920757401237,21.51999999999963,154.17551462557833
7,850,1336120,174.6920166015625,912,hit,4.456134075768739,18.2399999999997,163.0043616924514
7,851,1336404,152.4990692138672,1070,hit,3.891230415957451,21.399999999999633,153.74101403796993
7,852,1336696,-2.856670379638672,2250,timeout,6.235916730596667,45.000000000001435,-86.93760372055903
7,853,1339332,166.18002319335938,1411,hit,3.747697499381134,28.219999999999487,163.79954393489123
7,854,1341324,162.81112670898438,1230,hit,3.4072637257311893,24.599999999999564,156.46366439556007
7,855,1342612,186.0587158203125,1479,hit,2.7492198191237573,29.57999999999946,170.43806384297142
7,856,1342888,174.88153076171875,889,hit,4.746595111151133,17.77999999999971,170.76676401096225
7,857,1345120,-56.70561599731445,2250,timeout,7.962133149659956,45.000000000001435,-81.73387154173136
7,858,1345544,168.11981201171875,733,hit,4.671719742204972,14.659999999999776,155.88204097972007
7,859,1349108,141.50221252441406,891,hit,4.572777149451922,17.81999999999971,150.62068820032022
7,860,1349880,154.13551330566406,1190,hit,3.1724031134823,23.79999999999958,153.1585496549102
7,861,1350324,-36.865966796875,2250,timeout,5.4156689772007445,45.000000000001435,-85.34947509279294
7,862,1351392,-12.594932556152344,2126,miss,6.907001437321881,42.52000000000105,-95.74411897463312
7,863,1352016,155.92822265625,727,hit,2.932167997818529,14.539999999999779,161.63800758703002
7,864,1352888,159.70217895507812,752,hit,3.111083720253119,15.039999999999768,160.58013632373385
7,865,1354268,145.96282958984375,719,hit,4.953934829029548,14.379999999999782,157.12039000254038
7,866,1355052,169.14540100097656,1182,hit,2.683513697782786,23.639999999999585,160.93946270703842
7,867,1355076,169.06930541992188,765,hit,1.501861657464118,15.299999999999763,157.04545755010827
7,868,1358296,141.32325744628906,811,hit,4.906446573874924,16.219999999999743,157.10202539958652
7,869,1358596,168.31301879882812,1427,hit,2.8209606079307594,28.53999999999948,165.11362796314478
7,870,1361236,167.0462646484375,735,hit,2.6564674919753752,14.699999999999775,162.34710127412202
7,871,1362292,166.4962615966797,924,hit,3.5833367888180714,18.479999999999695,167.57373849699403
7,872,1363268,21.726028442382812,2250,timeout,5.53400262165182,45.000000000001435,-55.499520238130955
7,873,1364076,-2.604766845703125,2250,timeout,5.106479370223878,45.000000000001435,-82.196844111088
7,874,1365060,152.5658721923828,692,hit,2.9894838693237493,13.839999999999794,156.33569368429488
7,875,1366124,158.74066162109375,714,hit,4.465466742285317,14.279999999999784,160.44494979671083
7,876,1368316,164.3082733154297,814,hit,4.843561917250606,16.279999999999742,160.39762972111404
7,877,1370148,172.28729248046875,1518,hit,4.15470924391924,30.35999999999944,168.9750544760227
7,878,1370236,17.380786895751953,2250,timeout,5.711530440412256,45.000000000001435,-81.95717518000146
7,879,1371440,165.2363739013672,1329,hit,4.570711582212142,26.579999999999522,164.4846393388417
7,880,1374476,149.71507263183594,1060,hit,4.084287293511125,21.199999999999637,150.18827566407137
7,881,1375552,166.05386352539062,1351,hit,2.9663243699760304,27.019999999999513,162.15039352127454
7,882,1375824,168.281005859375,1096,hit,2.50162199107717,21.91999999999962,164.62093651892374
7,883,1377316,-29.175201416015625,2250,timeout,5.0155203334621,45.000000000001435,-105.92364343976242
7,884,1378924,162.96026611328125,1112,hit,3.4449555228409547,22.239999999999615,150.06216353182694
7,885,1379256,160.39183044433594,926,hit,3.2649454409418617,18.519999999999694,160.9256964651048
7,886,1380132,172.275146484375,704,hit,1.9769438037642786,14.079999999999789,161.1236356485983
7,887,1382380,169.88165283203125,864,hit,1.8783200920232497,17.27999999999972,172.80182916541918
7,888,1382420,175.54248046875,791,hit,4.9845488247533885,15.819999999999752,160.50885120811026
7,889,1382712,146.32373046875,645,hit,4.445591741237203,12.899999999999814,155.32402880403635
7,890,1384824,21.130027770996094,2250,timeout,5.089796579533849,45.000000000001435,-79.32276863752912
7,891,1390844,-72.40971374511719,2116,miss,10.402693145004555,42.320000000001016,-75.67501341978826
7,892,1391420,-23.244583129882812,2250,timeout,6.679091131944315,45.000000000001435,-66.60879935129736
7,893,1391712,-35.6423454284668,2250,timeout,7.239157135514502,45.000000000001435,-85.27308326841293
7,894,1393376,-31.180927276611328,2138,miss,5.534493345803109,42.760000000001085,-73.38391558825538
7,895,1397016,147.7339630126953,1326,hit,4.5532110762739855,26.519999999999524,166.25462536319245
7,896,1398220,161.50869750976562,1211,hit,2.2789428472076136,24.219999999999573,158.33722533377693
7,897,1399844,-32.94997787475586,2250,timeout,6.492652351920443,45.000000000001435,-78.20167880728043
7,898,1400420,-12.986899375915527,2250,timeout,6.373209755753904,45.000000000001435,-74.04474106411645
7,899,1401496,162.45643615722656,819,hit,4.51016020463636,16.37999999999974,165.07869977334255
7,900,1402064,160.3252716064453,1262,hit,4.669901076243562,25.23999999999955,154.34091016103548
7,901,1402540,159.53366088867188,674,hit,1.593030155786931,13.479999999999801,156.4224756554194
7,902,1403368,170.19882202148438,737,hit,4.774534764738765,14.739999999999775,157.3648117281163
7,903,1405896,162.68017578125,839,hit,4.89248544731371,16.77999999999973,168.89895760404877
7,904,1406332,168.2003936767578,741,hit,1.3228656911823307,14.819999999999773,161.87935684702637
7,905,1408780,142.38906860351562,721,hit,4.982652296466043,14.419999999999781,156.50502433197659
7,906,1409268,5.413398742675781,1801,miss,5.696116624710502,36.02000000000003,-64.64068026381781
7,907,1410496,-33.16965866088867,2250,timeout,5.096615070367135,45.000000000001435,-66.6732604463578
7,908,1411708,171.656494140625,732,hit,1.7065921873964098,14.639999999999777,161.14275573738567
7,909,1413304,177.20054626464844,1009,hit,3.6655755765103346,20.17999999999966,169.434648310064
7,910,1414460,152.01483154296875,688,hit,3.5864074654061353,13.759999999999796,161.709503642794
7,911,1415332,-27.067371368408203,2250,timeout,9.232692226968709,45.000000000001435,-87.59548677614646
7,912,1416080,163.89596557617188,1396,hit,2.8578309202708203,27.919999999999494,163.12590202162872
7,913,1416420,147.66574096679688,779,hit,4.875474438910612,15.579999999999757,161.9755842187742
7,914,1417428,146.9355926513672,742,hit,4.694301934037908,14.839999999999772,157.25431735820277
7,915,1419336,173.2362518310547,814,hit,4.814285073177595,16.279999999999742,166.72341761434188
7,916,1419608,163.93092346191406,797,hit,4.3583251185987875,15.939999999999749,162.5163494781249
7,917,1420076,168.2755889892578,1186,hit,4.3428285978146555,23.719999999999583,172.63726717587204
7,918,1422892,164.88140869140625,889,hit,2.9169306040346075,17.77999999999971,172.63087556772552
7,919,1424184,152.03256225585938,1144,hit,3.7780863313163175,22.8799999999996,160.19738880074848
7,920,1424436,149.5450897216797,1090,hit,3.8779938955043796,21.799999999999624,153.613333433577
7,921,1426428,-53.51790237426758,2250,timeout,6.489241489681893,45.000000000001435,-83.61128652222764
7,922,1426864,163.28213500976562,993,hit,4.84372443101826,19.859999999999665,157.08012239537015
7,923,1429548,167.93222045898438,671,hit,1.684556014263505,13.419999999999803,158.38046881061086
7,924,1430232,157.81423950195312,1512,hit,4.243392751134968,30.239999999999444,161.93437698523644
7,925,1432492,150.9358673095703,1516,hit,4.577859126241616,30.319999999999443,159.2354902897978
7,926,1433436,-8.696468353271484,2250,timeout,6.276808698182149,45.000000000001435,-92.02359414654971
8,927,1436956,176.10313415527344,839,hit,3.8594619308751903,16.77999999999973,162.91058461267977
8,928,1440092,158.68716430664062,1623,hit,4.480417841584425,32.459999999999475,151.34660740044774
8,929,1442600,-33.47144317626953,2250,timeout,5.165773764031537,45.000000000001435,-70.51087582396983
8,930,1442600,-40.79256820678711,2250,timeout,10.549804598379133,45.000000000001435,-74.86859961542928
8,931,1443396,165.84683227539062,1610,hit,3.7062793694471545,32.199999999999434,166.86483727795041
8,932,1446028,146.2530975341797,658,hit,4.764465759241016,13.159999999999808,156.96927144704554
8,933,1447492,137.0758056640625,1850,hit,4.714932740620804,37.000000000000185,152.9288693938985
8,934,1450900,154.9246368408203,1218,hit,4.284235640723147,24.35999999999957,155.17036252969024
8,935,1451600,-50.91340255737305,2250,timeout,12.371326595135116,45.000000000001435,-70.11143382642823
8,936,1451600,-35.581443786621094,2250,timeout,8.258942058224548,45.000000000001435,-94.79589056969161
8,937,1454168,168.29507446289062,817,hit,3.071633574831047,16.33999999999974,168.17084740310054
8,938,1456048,137.0576171875,1112,hit,4.281299718374063,22.239999999999615,151.6842845107067
8,939,1456272,166.48031616210938,1168,hit,3.7001909460891618,23.35999999999959,162.28823674432252
8,940,1456492,-30.13927459716797,2250,timeout,7.805937132649039,45.000000000001435,-87.81455862902867
8,941,1457008,169.1070556640625,710,hit,3.9405763810232273,14.199999999999786,158.915073342475
8,942,1458972,151.48585510253906,731,hit,3.6471400546336636,14.619999999999777,163.35449792760772
8,943,1459688,170.64071655273438,854,hit,1.8162536221758523,17.079999999999725,161.44517715729003
8,944,1460044,158.278564453125,759,hit,3.761195081010802,15.179999999999765,163.05213074875468
8,945,1460800,148.3224334716797,1077,hit,4.535097398118303,21.53999999999963,161.8637115913335
8,946,1463488,162.96652221679688,1129,hit,4.200615073502662,22.579999999999607,153.79882084082544
8,947,1463940,152.1836395263672,974,hit,4.783540497643854,19.479999999999674,167.28935691196796
8,948,1465380,159.2139434814453,1145,hit,4.0939285214772,22.8999999999996,157.44930397921485
8,949,1467964,142.62896728515625,1006,hit,4.394469358137918,20.11999999999966,155.0510369829642
8,950,1468688,-24.52037811279297,2250,timeout,8.010258147696614,45.000000000001435,-82.45281538019525
8,951,1469132,168.65147399902344,938,hit,2.9084172967269337,18.75999999999969,171.8613970428989
8,952,1471716,152.11337280273438,757,hit,4.3576484478506785,15.139999999999766,163.40043553862665
8,953,1472292,152.24221801757812,1082,hit,4.602665215454596,21.639999999999628,150.76626089721086
8,954,1472488,20.933155059814453,2250,timeout,5.4105729325225225,45.000000000001435,-60.61137481899848
8,955,1475088,155.56138610839844,699,hit,3.3254757129133963,13.97999999999979,157.4680932039479
8,956,1475472,159.44729614257812,939,hit,4.640367148768482,18.77999999999969,165.81963047688677
8,957,1478076,159.05667114257812,1397,hit,3.2838580235231793,27.939999999999493,159.4836559171307
8,958,1478132,-17.249649047851562,2250,timeout,9.590404626627043,45.000000000001435,-105.74326827530795
8,959,1479044,174.0892333984375,893,hit,4.722623236616721,17.859999999999708,171.7668774368033
8,960,1481848,158.10153198242188,943,hit,3.7781184151546197,18.859999999999687,168.69982705780757
8,961,1482500,153.03904724121094,864,hit,4.302768393575507,17.27999999999972,169.68727006186293
8,962,1484088,-14.044082641601562,2250,timeout,6.083059180703784,45.000000000001435,-106.2623903860378
8,963,1484900,169.75888061523438,763,hit,2.721869969562376,15.259999999999764,163.6559462960703
8,964,1487132,-28.996257781982422,2250,timeout,5.387321636800874,45.000000000001435,-78.45623337175087
8,965,1487444,158.4820556640625,1236,hit,4.663831313178138,24.719999999999562,165.43909344190166
8,966,1489428,162.4772186279297,1335,hit,4.804682512729642,26.69999999999952,160.78824293256355
8,967,1493604,163.019775390625,1540,hit,4.037109041204088,30.799999999999432,157.1945718690349
8,968,1493900,-34.82949447631836,2250,timeout,5.540745141393933,45.000000000001435,-69.52904101442948
8,969,1496132,5.358772277832031,2250,timeout,5.550684486711753,45.000000000001435,-77.18378597106785
8,970,1496576,166.8970947265625,743,hit,3.118160542112958,14.859999999999772,160.1097799259515
8,971,1496760,159.73362731933594,715,hit,3.1477549256142083,14.299999999999784,157.73731431791222
8,972,1498428,-10.2705078125,2250,timeout,7.8429799692961,45.000000000001435,-66.64980610997874
8,973,1499288,163.5364990234375,789,hit,3.2586922491241457,15.779999999999752,162.03033630961383
8,974,1499932,156.89544677734375,793,hit,4.811762034595545,15.85999999999975,163.735843098067
8,975,1501632,164.43026733398438,1264,hit,3.357675725699405,25.27999999999955,159.85659589714032
8,976,1504016,149.5793914794922,1021,hit,4.364285111192252,20.419999999999654,155.7114277376494
8,977,1505432,11.142288208007812,1751,miss,5.767143309208086,35.019999999999875,-55.084256075485726
8,978,1506164,173.7570343017578,1133,hit,3.220795206541509,22.659999999999606,161.84718139095227
8,979,1507244,169.452392578125,807,hit,4.149229067336384,16.139999999999745,161.06254270634253
8,980,1508288,-25.638755798339844,2250,timeout,8.8302263224184,45.000000000001435,-88.7968462103554
8,981,1509460,160.60000610351562,1007,hit,3.0837025111415493,20.13999999999966,155.5529154857441
8,982,1509564,159.29425048828125,850,hit,3.2194498764113053,16.999999999999726,171.38828647888215
8,983,1512888,154.27035522460938,1150,hit,4.669982527609653,22.9999999999996,166.65288641275865
8,984,1513244,167.33462524414062,920,hit,1.8878511193226704,18.399999999999697,164.50229041493162
8,985,1515904,152.18017578125,754,hit,3.9095793468866114,15.079999999999767,156.07928390840277
8,986,1516216,-44.979698181152344,2243,miss,10.141721863321402,44.86000000000141,-92.03612469199845
8,987,1518228,156.2060089111328,1246,hit,4.848029312735283,24.919999999999558,154.41755515606468
8,988,1518460,-15.33724594116211,2250,timeout,5.729013474683609,45.000000000001435,-97.13649378442067
8,989,1520096,161.89967346191406,1048,hit,3.015494041652514,20.959999999999642,152.257336389695
8,990,1520892,157.893310546875,1169,hit,4.418911538247144,23.37999999999959,157.8157296088425
8,991,1521564,163.21072387695312,834,hit,2.2440285182788378,16.679999999999733,167.56583889610766
8,992,1525104,153.97564697265625,1252,hit,3.9651319973024033,25.039999999999555,163.92490192186057
8,993,1525500,142.0634765625,984,hit,4.248168779642925,19.67999999999967,151.8789821805098
8,994,1527460,7.079387664794922,2250,timeout,6.6745290011229566,45.000000000001435,-71.61413481341984
8,995,1529892,-10.008426666259766,2250,timeout,6.866167984399283,45.000000000001435,-73.14438472839514
8,996,1530792,172.76101684570312,1323,hit,3.986699654311721,26.459999999999525,167.5336641895147
8,997,1533812,157.91329956054688,980,hit,4.383093717982897,19.59999999999967,170.22362180817828
8,998,1534104,6.781102180480957,2250,timeout,5.520831201225962,45.000000000001435,-65.79115734688943
8,999,1535232,173.635986328125,1110,hit,4.523256121494904,22.199999999999616,160.67613996105138
8,1000,1536460,-9.845252990722656,2250,timeout,6.818142443019504,45.000000000001435,-96.95096566502554
8,1001,1538504,165.1665496826172,818,hit,1.9683803231011774,16.35999999999974,163.83750277122837
8,1002,1538640,154.8006591796875,1207,hit,3.916151746215741,24.139999999999574,167.0594771429043
8,1003,1539516,151.31149291992188,1353,hit,4.220955352609025,27.059999999999512,165.6129901925915
8,1004,1539888,163.08761596679688,857,hit,3.2453328732927016,17.139999999999723,169.2418295511316
8,1005,1541672,164.25177001953125,758,hit,4.573947737683283,15.159999999999766,158.41847242646278
8,1006,1542588,160.86961364746094,675,hit,2.3914019155489523,13.499999999999801,158.2104290184005
8,1007,1543164,154.93850708007812,912,hit,4.224133692113045,18.2399999999997,164.781259926357
8,1008,1546064,167.42311096191406,869,hit,1.6530111043361277,17.37999999999972,162.1261883283321
8,1009,1546244,157.26580810546875,1143,hit,2.843391108303332,22.8599999999996,157.23918866802782
8,1010,1547504,-17.673873901367188,2250,timeout,9.441508131917196,45.000000000001435,-65.01849656904125
8,1011,1549556,165.00755310058594,828,hit,2.2299720725004075,16.559999999999736,167.3468576714534
8,1012,1550068,177.4297637939453,1001,hit,3.4764557970876355,20.019999999999662,168.82059285516993
8,1013,1551808,142.8056640625,1076,hit,4.431885709673136,21.51999999999963,152.43869877558706
8,1014,1552164,-28.36141586303711,2250,timeout,8.449792829699945,45.000000000001435,-75.17555195738404
8,1015,1552692,169.22299194335938,784,hit,3.053350766803831,15.679999999999755,161.60815412354418
8,1016,1552792,168.63438415527344,681,hit,1.899224680613099,13.619999999999798,156.54668048199244
8,1017,1554624,155.55630493164062,704,hit,4.7351966596893496,14.079999999999789,157.21045525418475
8,1018,1555768,169.4386444091797,744,hit,1.256611150522102,14.879999999999772,163.55294570079587
8,1019,1555880,168.9326171875,929,hit,1.874383845428282,18.579999999999693,172.03830054666886
8,1020,1558800,150.671142578125,730,hit,3.7106409543781624,14.599999999999778,157.0034599097087
8,1021,1558984,168.13693237304688,1573,hit,3.340316693341168,31.459999999999418,164.26470504385878
8,1022,1559064,173.84617614746094,824,hit,1.3123144097454729,16.479999999999738,164.89112293133343
8,1023,1561832,151.2488555908203,692,hit,4.639814672055386,13.839999999999794,154.66029896525316
8,1024,1562560,164.84390258789062,894,hit,4.791397884396185,17.879999999999708,168.95056697617926
8,1025,1563624,-28.409221649169922,2250,timeout,6.73514065681183,45.000000000001435,-98.46462250568226
8,1026,1565232,165.92584228515625,850,hit,2.2390981824621705,16.999999999999726,172.24127701706163
8,1027,1565256,169.83262634277344,1614,hit,4.405410876268085,32.27999999999945,164.09675215333263
8,1028,1566004,168.05084228515625,861,hit,2.868237639866654,17.21999999999972,158.01183127674489
8,1029,1568772,176.9319610595703,692,hit,4.586680515450593,13.839999999999794,160.96111890002317
8,1030,1569468,162.59556579589844,1059,hit,3.257112317558642,21.179999999999637,152.34452297470676
8,1031,1570224,162.6875762939453,1242,hit,2.2758184499799583,24.83999999999956,163.13785825414462
8,1032,1572624,-55.35967254638672,2250,timeout,9.692568771620207,45.000000000001435,-90.4515923821004
8,1033,1572956,171.0291290283203,872,hit,1.5483831212559223,17.439999999999717,165.89538489202408
8,1034,1573760,176.934814453125,884,hit,4.241741608282951,17.679999999999712,166.6301679918139
8,1035,1575520,4.602390289306641,1687,miss,7.820011146265082,33.739999999999675,-62.508341457099014
8,1036,1575788,151.4672088623047,708,hit,3.6487668269037803,14.159999999999787,156.87248636696037
8,1037,1577540,159.1696319580078,1229,hit,3.6292603702629385,24.579999999999565,154.56831472079182
8,1038,1578536,153.52420043945312,754,hit,4.696258692505633,15.079999999999767,152.01040590740092
8,1039,1578788,162.27516174316406,750,hit,2.293948721327834,14.999999999999769,162.92412491099182
8,1040,1581584,157.58555603027344,762,hit,3.2376724365508323,15.239999999999764,164.51460680014753
8,1041,1582604,157.79736328125,1266,hit,4.248923985178494,25.31999999999955,165.63762746736444
8,1042,1582760,12.366050720214844,2250,timeout,6.418179257259627,45.000000000001435,-57.77872393968786
8,1043,1586068,177.40391540527344,866,hit,2.2598942790475345,17.31999999999972,167.57498381026073
8,1044,1587788,-6.491859436035156,2250,timeout,5.462114318377441,45.000000000001435,-104.77821271522131
8,1045,1589732,151.819580078125,916,hit,3.7050706874169506,18.3199999999997,157.5977923858057
8,1046,1590576,-3.006011962890625,2248,miss,5.29528934513008,44.96000000000143,-60.57480907933235
8,1047,1591760,-22.430400848388672,2250,timeout,12.232500261938432,45.000000000001435,-82.02104763990434
8,1048,1593272,167.63339233398438,1371,hit,3.954359052465934,27.419999999999504,165.0583994843348
8,1049,1595104,165.17938232421875,1343,hit,4.7392849022228525,26.859999999999516,156.39873708805393
8,1050,1595228,173.6872100830078,867,hit,2.7528863854455725,17.33999999999972,164.86506314508114
8,1051,1595600,155.36302185058594,1256,hit,4.023712571298108,25.119999999999553,154.36638726660865
8,1052,1596280,163.5475616455078,752,hit,4.93093495411625,15.039999999999768,159.83786729990098
8,1053,1598176,152.08782958984375,768,hit,4.766782303817997,15.359999999999761,161.7539195622914
8,1054,1599592,158.23329162597656,828,hit,4.260512937574358,16.559999999999736,166.22435767576027
8,1055,1602324,152.56008911132812,683,hit,3.3004625765272184,13.659999999999798,158.12617561878332
8,1056,1603060,167.71224975585938,1221,hit,3.2751496785567284,24.41999999999957,160.71737165186693
8,1057,1603320,31.214975357055664,2023,miss,5.849909945616132,40.460000000000726,-53.34940091478105
8,1058,1604600,-6.021694183349609,2250,timeout,6.78569629700739,45.000000000001435,-71.14486627579959
8,1059,1606380,148.2569122314453,1014,hit,4.847674412710661,20.279999999999657,159.24709675608378
8,1060,1608312,146.0265350341797,1313,hit,4.606868790148541,26.25999999999953,155.62843733429838
8,1061,1610540,10.802692413330078,1485,miss,689.0573723070102,29.699999999999456,-36.49415971583413
8,1062,1611548,154.1564178466797,1292,hit,4.34627010413941,25.839999999999538,166.06792488946368
8,1063,1612320,-16.378028869628906,2250,timeout,6.558233733418989,45.000000000001435,-93.79932394838079
8,1064,1613364,183.181396484375,1263,hit,4.708574208822476,25.25999999999955,166.7268424785471
8,1065,1614108,163.21510314941406,892,hit,3.4009787094571777,17.83999999999971,169.06654354759826
8,1066,1615908,151.67459106445312,897,hit,4.579050632655201,17.939999999999706,172.56424395911435
8,1067,1618056,153.40618896484375,1173,hit,4.1025870146810535,23.45999999999959,162.51955304278516
8,1068,1620548,-39.92347717285156,2250,timeout,9.32402053985091,45.000000000001435,-96.0512440405871
8,1069,1621352,163.90957641601562,824,hit,3.599053945049564,16.479999999999738,161.5512636935757
8,1070,1623108,-41.4188232421875,2250,timeout,8.619839582871439,45.000000000001435,-66.38154246700867
8,1071,1624908,-29.914886474609375,2250,timeout,5.00433618806018,45.000000000001435,-96.35242554948054
8,1072,1624924,168.55230712890625,893,hit,1.8761692774218737,17.859999999999708,168.46658353261043
8,1073,1626780,172.8836669921875,918,hit,3.8536557979887593,18.359999999999697,157.9795305411238
8,1074,1629144,-30.23110580444336,2149,miss,9.547587602801936,42.98000000000112,-81.21188817825866
8,1075,1629148,150.468017578125,1056,hit,4.894842719118743,21.11999999999964,153.94041682686392
8,1076,1630540,156.0708770751953,940,hit,4.429018816920754,18.799999999999688,155.67554550953867
8,1077,1632640,-5.856166839599609,1933,miss,5.358244711073214,38.660000000000444,-68.34970105435433
8,1078,1633064,183.78924560546875,979,hit,4.723134553566154,19.57999999999967,173.65351805202008
8,1079,1636172,159.06785583496094,883,hit,3.4054231950745155,17.659999999999712,167.3208916977834
8,1080,1638144,-7.218109130859375,2250,timeout,6.021512123627616,45.000000000001435,-91.20211895188395
