checkpoint,episode,total_timesteps,episode_reward,episode_length,outcome,min_range_m,final_time_s,legacy_episode_reward
1,1,8900,-23.28265380859375,2225,miss,1766.0156770119381,44.50000000000136,-115.9228168623786
1,2,9000,-5.741236686706543,2250,timeout,1027.3181482414398,45.000000000001435,-121.05633299362654
1,3,9000,6.1006011962890625,2250,timeout,606.5725237404267,45.000000000001435,-122.11353134236126
1,4,9000,26.537357330322266,2250,timeout,209.7186048124957,45.000000000001435,-89.95244612181826
1,5,15948,-42.313804626464844,1762,miss,2686.843586347083,35.23999999999991,-108.80695427450962
1,6,17236,-34.10143280029297,2059,miss,2331.9357496517964,41.18000000000084,-106.82844650062653
1,7,17400,-53.6037483215332,2100,miss,3765.7412356542445,42.000000000000966,-141.3526617166046
1,8,18000,-43.861534118652344,2250,timeout,2631.851130532558,45.000000000001435,-127.19539649805125
1,9,24128,8.589866638183594,2045,miss,693.523972566827,40.900000000000794,-122.41504106780287
1,10,25832,-6.846536636352539,2108,miss,868.6807016335579,42.16000000000099,-125.3319953400258
1,11,26100,-13.447525978088379,2216,miss,1389.8312541252828,44.32000000000133,-108.87046420055076
1,12,27000,7.14846134185791,2250,timeout,741.4763269935918,45.000000000001435,-76.9172872771602
1,13,32820,3.6754722595214844,2173,miss,626.8890520742654,43.460000000001195,-116.63437341176223
1,14,33564,0.8697700500488281,1933,miss,785.2390647843429,38.660000000000444,-96.89204101973779
1,15,33700,2.4080867767333984,1900,miss,638.9823038924053,38.00000000000034,-105.34617812184548
1,16,34512,-8.925518035888672,1878,miss,1333.7603381115257,37.56000000000027,-82.59233784819081
1,17,41740,-6.218112945556641,2230,miss,820.1243449009927,44.60000000000137,-128.71269128738078
1,18,41956,24.357332229614258,2098,miss,208.77512080033543,41.96000000000096,-73.76804365452664
1,19,42700,14.020792007446289,2250,timeout,449.29912474327136,45.000000000001435,-108.12706744256681
1,20,43512,6.481679916381836,2250,timeout,669.6345402625961,45.000000000001435,-87.82948509082
1,21,50296,-8.602188110351562,2085,miss,1241.6422304058842,41.70000000000092,-93.07056054844497
1,22,50740,-16.558462142944336,2250,timeout,1260.2747529148244,45.000000000001435,-98.81610491144136
1,23,51700,-16.657928466796875,2250,timeout,1521.543820827856,45.000000000001435,-83.54592411957854
1,24,51712,16.347267150878906,2050,miss,316.1801485947792,41.00000000000081,-75.30195706926301
1,25,53312,131.32110595703125,754,hit,4.733884677935139,15.079999999999767,159.55519617047213
1,26,58932,28.88662338256836,1805,miss,6.142588623248108,36.100000000000044,-59.675163018205225
1,27,59740,24.391427993774414,2250,timeout,42.39746706979317,45.000000000001435,-81.7508570868768
1,28,60348,23.412858963012695,1759,miss,7.55525325949092,35.1799999999999,-75.33833360210275
1,29,60700,21.4287109375,2250,timeout,72.29352727679435,45.000000000001435,-71.51868266395121
1,30,62636,136.02999877929688,926,hit,2.5982841845168494,18.519999999999694,158.88146431621064
1,31,68740,10.553938865661621,2250,timeout,31.91485495469988,45.000000000001435,-82.74587587338361
1,32,69348,14.706287384033203,2250,timeout,74.83867050591145,45.000000000001435,-66.80930041760604
1,33,69700,27.64678382873535,2250,timeout,6.788113088467263,45.000000000001435,-67.45474861297208
1,34,71636,11.783340454101562,2250,timeout,12.240861756460584,45.000000000001435,-70.49416464937386
1,35,72236,128.52877807617188,722,hit,0.8132268019723735,14.439999999999781,155.3864461372286
1,36,74196,128.37200927734375,1364,hit,3.9104983801853384,27.279999999999507,150.16130616250356
1,37,74592,129.6475067138672,1223,hit,4.994923737006404,24.459999999999567,152.03221885697906
1,38,78412,119.4620132446289,1054,hit,4.305498154259719,21.07999999999964,144.96592572627787
1,39,80456,18.947519302368164,2205,miss,6.664621947749184,44.100000000001295,-100.46851478888935
1,40,81236,12.538049697875977,2250,timeout,17.305168271486536,45.000000000001435,-79.66426382382241
1,41,83592,18.56947135925293,2250,timeout,24.6996578343325,45.000000000001435,-65.96416161199035
1,42,87412,11.545406341552734,2250,timeout,74.0697289817424,45.000000000001435,-63.801326866299576
1,43,88984,13.298337936401367,2132,miss,8.345858644331052,42.640000000001066,-65.18458910650328
1,44,90236,22.65662956237793,2250,timeout,12.889502047711723,45.000000000001435,-90.26169006286861
1,45,92592,9.45088005065918,2250,timeout,14.366750704243834,45.000000000001435,-68.82895465360406
1,46,96412,7.1688995361328125,2250,timeout,6.794251957495727,45.000000000001435,-77.22890972022557
1,47,97308,7.008083343505859,1768,miss,7.244054398606838,35.35999999999993,-77.42746364681366
1,48,97984,6.199195861816406,2250,timeout,5.108961687832302,45.000000000001435,-73.3928410763126
1,49,101592,-2.8642044067382812,2250,timeout,7.953382978324909,45.000000000001435,-76.94842931434938
1,50,102348,130.5579376220703,1091,hit,4.728035576150091,21.819999999999624,156.5714454242362
1,51,105412,1.0419902801513672,2250,timeout,36.3739419806412,45.000000000001435,-61.634432541921875
1,52,106308,9.920413970947266,2250,timeout,6.69783709332623,45.000000000001435,-71.2325481202607
1,53,110332,9.221044540405273,1996,miss,8.992631943835791,39.92000000000064,-68.21825043257766
1,54,110592,2.124347686767578,2250,timeout,21.4445348122387,45.000000000001435,-81.11058461437187
1,55,113668,0.4431343078613281,1840,miss,18.266185285638958,36.80000000000015,-78.42563808913374
1,56,114412,9.3859281539917,2250,timeout,16.0809354814319,45.000000000001435,-63.067345939678056
1,57,114708,121.65011596679688,1029,hit,4.535259553861782,20.57999999999965,147.94949237391762
1,58,117224,135.6625213623047,889,hit,4.828099109600748,17.77999999999971,165.0637157314627
1,59,119104,14.326471328735352,2193,miss,11.532245090795316,43.86000000000126,-79.54090385222372
1,60,123392,15.512229919433594,2245,miss,13.76699184435927,44.90000000000142,-73.7822571050595
1,61,123552,2.1049118041992188,2211,miss,40.80447950827788,44.22000000000131,-71.77720279833017
1,62,126224,7.544166564941406,2250,timeout,10.062343511293005,45.000000000001435,-73.23171156004553
1,63,126396,5.25178337097168,1823,miss,9.801710974203726,36.4600000000001,-68.48488831373623
1,64,128828,130.0864715576172,1359,hit,4.229463953970407,27.17999999999951,153.1860987415396
1,65,132552,13.62481689453125,2250,timeout,7.875017782201594,45.000000000001435,-69.30812021613846
1,66,133032,11.313468933105469,1702,miss,13.587355761720307,34.03999999999972,-68.56361270764415
1,67,135396,-5.457237243652344,2250,timeout,23.394265501072045,45.000000000001435,-79.0441955228649
1,68,137828,1.4600907564163208,2250,timeout,13.009950030329195,45.000000000001435,-73.39722150361695
1,69,138656,131.59759521484375,815,hit,3.465442916190158,16.29999999999974,159.37913809246373
1,70,141552,4.324329376220703,2250,timeout,7.638355316957124,45.000000000001435,-70.70631611260663
1,71,142032,5.9945068359375,2250,timeout,6.783649215012604,45.000000000001435,-71.79370033117632
1,72,146828,5.244873046875,2250,timeout,6.283708403893586,45.000000000001435,-81.81279341544766
1,73,146940,131.04293823242188,1347,hit,4.743548940139372,26.939999999999515,152.07488759206976
1,74,147656,3.994525909423828,2250,timeout,19.811750979093574,45.000000000001435,-82.67832006722013
1,75,149760,129.2733612060547,705,hit,4.104168094871969,14.099999999999788,156.50550483152824
1,76,151032,11.149675369262695,2250,timeout,17.110202608197504,45.000000000001435,-72.07812549461426
1,77,155580,17.693754196166992,2188,miss,11.376475546530822,43.76000000000124,-78.37077113847982
1,78,156656,23.03516960144043,2250,timeout,9.44741380747415,45.000000000001435,-74.15006904035185
1,79,156764,28.607158660888672,1751,miss,15.163992741465067,35.019999999999875,-47.48555558855008
1,80,158352,-16.263668060302734,1830,miss,19.568834964650026,36.60000000000012,-85.33856623634667
1,81,164104,3.1533241271972656,1835,miss,7.451948045931281,36.70000000000014,-80.15591283843867
1,82,164580,9.621757507324219,2250,timeout,17.036957836850227,45.000000000001435,-101.33427193384041
1,83,165656,6.214351654052734,2250,timeout,14.593260612892315,45.000000000001435,-96.72266923813856
1,84,167164,13.099617004394531,2203,miss,7.240519867185706,44.06000000000129,-79.56020564531164
1,85,172008,133.17442321777344,1211,hit,4.5918267485353335,24.219999999999573,156.52369287650262
1,86,173104,6.1106109619140625,2250,timeout,28.112782561321403,45.000000000001435,-73.24934506051385
1,87,173580,18.27431297302246,2250,timeout,5.534607771233747,45.000000000001435,-61.303814210192854
1,88,174656,13.132354736328125,2250,timeout,7.103201395981587,45.000000000001435,-83.37459638420425
1,89,181008,11.917766571044922,2250,timeout,6.440905626611575,45.000000000001435,-97.14154985203706
1,90,182104,3.100513458251953,2250,timeout,13.916080692909341,45.000000000001435,-79.76115712138213
1,91,182580,8.022096633911133,2250,timeout,20.68691801385085,45.000000000001435,-63.00655783075852
1,92,183656,10.703248023986816,2250,timeout,5.078327989081955,45.000000000001435,-66.25724718096546
1,93,189572,-2.137939453125,1867,miss,5.470688188400794,37.34000000000024,-76.29840679256564
1,94,190008,11.591657638549805,2250,timeout,29.654168828138967,45.000000000001435,-104.97000800198812
1,95,191580,-18.524818420410156,2250,timeout,13.305621256472236,45.000000000001435,-79.59258730221126
1,96,192540,11.429264068603516,2221,miss,8.399918380154089,44.420000000001345,-89.73030574780134
1,97,195840,128.76724243164062,1567,hit,4.992008069352567,31.33999999999942,154.87212385364342
1,98,198428,16.26905059814453,1712,miss,11.582468415228421,34.23999999999975,-58.03327212245209
1,99,199008,16.698135375976562,2250,timeout,19.96134129395847,45.000000000001435,-75.57189643882931
1,100,201540,6.823032379150391,2250,timeout,9.541875299393572,45.000000000001435,-97.03071696468257
1,101,204296,129.8135223388672,1467,hit,4.8943892334657075,29.339999999999463,151.66597793396025
1,102,204340,12.449806213378906,2125,miss,11.983280382013183,42.500000000001044,-80.49121540266017
2,103,207444,127.23513793945312,661,hit,1.8581332460921465,13.219999999999807,151.8631643243721
2,104,213488,130.57254028320312,1511,hit,4.016889411302425,30.219999999999445,152.01015001811075
2,105,213596,20.835275650024414,2199,miss,7.975825096865134,43.980000000001276,-82.57953785036858
2,106,213800,15.497053146362305,2250,timeout,18.89976467953967,45.000000000001435,-67.96397517657806
2,107,213800,8.480283737182617,2250,timeout,5.240731160056539,45.000000000001435,-78.60009943726662
2,108,216896,134.1497039794922,852,hit,3.425567111951361,17.039999999999726,163.4076649366384
2,109,221116,8.994211196899414,1829,miss,9.120774329607045,36.58000000000012,-68.34739104038302
2,110,221224,131.4636688232422,1082,hit,4.253673913906197,21.639999999999628,154.9251876831669
2,111,222508,6.213399887084961,2177,miss,13.07708767327663,43.54000000000121,-76.61288953116748
2,112,222596,0.7561702728271484,2250,timeout,25.52113308348399,45.000000000001435,-73.44642584017022
2,113,230116,18.245555877685547,2250,timeout,18.929075366522813,45.000000000001435,-82.73609738652146
2,114,230224,14.5374755859375,2250,timeout,15.749309008066149,45.000000000001435,-71.86660860355549
2,115,231508,12.75058364868164,2250,timeout,7.818134016121527,45.000000000001435,-81.68412638468251
2,116,231596,16.033660888671875,2250,timeout,14.92385701041646,45.000000000001435,-67.51911424458653
2,117,237232,130.5222625732422,1431,hit,4.924026420203489,28.61999999999948,153.24226737745593
2,118,238648,6.926420211791992,2133,miss,21.070954279049257,42.66000000000107,-69.19128753305513
2,119,239224,-1.080495834350586,2250,timeout,6.030062548545858,45.000000000001435,-69.21705883564849
2,120,240596,12.769914627075195,2250,timeout,5.677491070013861,45.000000000001435,-67.23597586192639
2,121,241756,130.80703735351562,777,hit,4.778482478645212,15.539999999999758,153.98423662876175
2,122,244628,3.5586318969726562,1849,miss,5.60454232015167,36.98000000000018,-71.03129645733475
2,123,247700,13.755477905273438,2119,miss,7.672729243266572,42.380000000001026,-70.2183910849856
2,124,249104,-2.7714996337890625,2127,miss,15.949206927794323,42.54000000000105,-75.22691372683921
2,125,250756,4.295421600341797,2250,timeout,18.01396459949984,45.000000000001435,-106.16833389520829
2,126,253628,24.03220558166504,2250,timeout,7.546804957649819,45.000000000001435,-68.35491076248834
2,127,254820,109.96275329589844,1429,hit,4.633127589587596,28.57999999999948,147.04509197373213
2,128,254976,128.0457305908203,1055,hit,4.719713612096925,21.09999999999964,158.91153130568563
2,129,256700,-0.6167526245117188,2250,timeout,8.095643916670301,45.000000000001435,-85.5810781876772
2,130,257108,131.63768005371094,870,hit,4.724600235937144,17.399999999999718,162.2154674460233
2,131,263820,-8.523567199707031,2250,timeout,20.550027290576672,45.000000000001435,-75.53617576566751
2,132,263976,-10.201475143432617,2250,timeout,15.676053674291099,45.000000000001435,-76.19765314724427
2,133,265700,-19.735549926757812,2250,timeout,38.13353868490004,45.000000000001435,-83.80904137266674
2,134,266108,-6.4594879150390625,2250,timeout,16.798111911150635,45.000000000001435,-73.63045575243996
2,135,270556,124.55839538574219,1112,hit,4.398694534375602,22.239999999999615,150.7017312793023
2,136,271380,8.416559219360352,1890,miss,5.8861933842053755,37.80000000000031,-59.74465861019634
2,137,271552,5.722578048706055,1894,miss,6.620780420208491,37.88000000000032,-70.11250496714247
2,138,274140,6.221147537231445,2110,miss,8.344187242063816,42.200000000001,-65.23956508449704
2,139,279556,-10.418773651123047,2250,timeout,13.833513651377734,45.000000000001435,-69.80910120182219
2,140,280380,15.983922958374023,2250,timeout,12.666821903905321,45.000000000001435,-61.64003359292228
2,141,280552,4.360004425048828,2250,timeout,9.195474915626678,45.000000000001435,-81.57578189809729
2,142,283140,-0.005435943603515625,2250,timeout,14.987098214248336,45.000000000001435,-95.74687641896944
2,143,287088,24.30878257751465,1634,miss,168.27281132848427,32.67999999999951,-51.16164102608956
2,144,287756,1.4707889556884766,2050,miss,5.333338472106191,41.00000000000081,-70.07607478063346
2,145,289380,4.095912933349609,2250,timeout,18.584390833654876,45.000000000001435,-67.19602866640483
2,146,292140,5.802530288696289,2250,timeout,13.727321096604605,45.000000000001435,-60.95425621935167
2,147,294700,17.27811050415039,1903,miss,7.301298618767836,38.06000000000035,-64.6677658859084
2,148,296756,17.404281616210938,2250,timeout,5.698674308851022,45.000000000001435,-72.48033132038891
2,149,298380,8.944713592529297,2250,timeout,8.486524546966962,45.000000000001435,-97.2342759817284
2,150,301140,14.295426368713379,2250,timeout,5.048634937159107,45.000000000001435,-69.06278579798214
2,151,302716,129.15953063964844,1490,hit,4.987590912436447,29.799999999999454,152.53745081713714
2,152,303700,9.618983268737793,2250,timeout,5.190440832537703,45.000000000001435,-72.54667944169744
2,153,305936,132.29212951660156,805,hit,2.357373283476875,16.099999999999746,157.09199545769388
2,154,306960,11.894533157348633,2145,miss,22.048465478153844,42.90000000000111,-64.77498011034572
2,155,309996,12.509180068969727,2214,miss,7.294100343136843,44.28000000000132,-94.52161669812396
2,156,310800,120.04202270507812,1216,hit,4.467594330181873,24.31999999999957,142.45482710608655
2,157,312512,4.164039611816406,2203,miss,11.625835573964364,44.06000000000129,-71.011598512808
2,158,315960,14.023948669433594,2250,timeout,15.639065293908786,45.000000000001435,-77.54404647325813
2,159,318996,-5.950927734375,2250,timeout,5.213200919162455,45.000000000001435,-71.16272467511827
2,160,319800,5.695945739746094,2250,timeout,6.500872531333169,45.000000000001435,-71.45243592484223
2,161,321512,14.042388916015625,2250,timeout,10.70233952055048,45.000000000001435,-92.07161242084545
2,162,324960,-10.397174835205078,2250,timeout,7.633812322770143,45.000000000001435,-82.98645528255615
2,163,326280,3.5699710845947266,1821,miss,23.565628150912865,36.420000000000094,-69.37265774558514
2,164,328800,-2.189300537109375,2250,timeout,9.865963661735927,45.000000000001435,-91.04414850312048
2,165,330512,4.218986511230469,2250,timeout,25.005355949680517,45.000000000001435,-95.89082622566794
2,166,333824,10.90029525756836,2216,miss,18.697056318059577,44.32000000000133,-67.80110965749282
2,167,335280,7.9123077392578125,2250,timeout,16.30682569600389,45.000000000001435,-76.82352925022099
2,168,337800,-2.0954761505126953,2250,timeout,18.98868882631913,45.000000000001435,-71.96514280893268
2,169,339228,1.9706077575683594,2179,miss,9.395568290941616,43.58000000000121,-94.05884351445484
2,170,342224,16.483949661254883,2100,miss,5.764324265093215,42.000000000000966,-70.35719349767432
2,171,343176,14.005014419555664,1974,miss,6.947207809007419,39.48000000000057,-92.52326787643419
2,172,343664,129.7425537109375,1109,hit,4.926815145858634,22.179999999999616,152.863705884686
2,173,346800,3.817840576171875,2250,timeout,19.420200922411766,45.000000000001435,-113.34850052150037
2,174,351224,11.857419967651367,2250,timeout,12.839334510964092,45.000000000001435,-79.48860475738266
2,175,352176,4.210025787353516,2250,timeout,8.047678663343701,45.000000000001435,-101.99018770697747
2,176,352664,2.1427879333496094,2250,timeout,14.384798367764517,45.000000000001435,-76.33918171594165
2,177,353936,-0.8683013916015625,1784,miss,6.491752105168358,35.67999999999998,-78.21771716809957
2,178,357608,7.189723968505859,1596,miss,8.847801659888823,31.91999999999941,-90.13870693585511
2,179,358864,125.67716979980469,1232,hit,4.968780172252783,24.639999999999564,155.39368800177786
2,180,360588,14.253875732421875,2103,miss,5.479951524282105,42.060000000000976,-92.99864643728621
2,181,361664,-0.6338157653808594,2250,timeout,13.885553328607797,45.000000000001435,-87.72417376269325
2,182,363692,126.48318481445312,1521,hit,4.235178829709576,30.41999999999944,149.8132810305879
2,183,364244,117.48567199707031,1345,hit,4.516122234402549,26.899999999999515,141.93330552220402
2,184,366868,130.00770568847656,794,hit,3.527431490377882,15.87999999999975,152.708841223642
2,185,367184,125.42184448242188,735,hit,4.8951079827593755,14.699999999999775,156.2911140514121
2,186,369260,11.725046157836914,2168,miss,11.994571776271476,43.36000000000118,-90.5478465762444
2,187,369884,128.93728637695312,754,hit,4.155066643201238,15.079999999999767,153.13593571402566
2,188,370664,4.480747222900391,2250,timeout,8.35076673905973,45.000000000001435,-83.87802851603269
2,189,375676,21.46575927734375,1604,miss,10.575743906213377,32.079999999999416,-56.554204014032265
2,190,376184,-6.475688934326172,2250,timeout,13.348078437998165,45.000000000001435,-99.44589468371225
2,191,378884,24.65546989440918,2250,timeout,6.648917292506166,45.000000000001435,-74.68897308042934
2,192,379664,3.1036758422851562,2250,timeout,8.690002494423464,45.000000000001435,-71.29032558310706
2,193,383276,-7.722511291503906,1900,miss,14.259288559054845,38.00000000000034,-105.32777223026329
2,194,385184,3.4566078186035156,2250,timeout,11.293362361304359,45.000000000001435,-107.80079941656987
2,195,386436,8.636146545410156,1888,miss,7.070133327785634,37.7600000000003,-73.37771052672127
2,196,387064,135.09268188476562,947,hit,3.9671797027598474,18.939999999999685,162.4701693491281
2,197,388664,-7.695592880249023,2250,timeout,9.921082384024551,45.000000000001435,-67.98624243616965
2,198,393840,26.342355728149414,1694,miss,8.131105365972948,33.8799999999997,-47.31489389688041
2,199,394184,8.345138549804688,2250,timeout,14.703902270801423,45.000000000001435,-94.5330504787534
2,200,395436,17.272886276245117,2250,timeout,6.098820176184479,45.000000000001435,-66.2876449668232
2,201,397664,-3.0352783203125,2250,timeout,13.091878796819554,45.000000000001435,-68.10691196787562
2,202,400672,128.2641143798828,752,hit,4.874343428174486,15.039999999999768,155.88883748224893
2,203,402840,-8.147602081298828,2250,timeout,15.216157576649543,45.000000000001435,-93.86281381009721
2,204,403108,-5.510673522949219,2231,miss,14.241023317099133,44.620000000001376,-96.85614900352537
2,205,404436,-14.190879821777344,2250,timeout,10.128363142682362,45.000000000001435,-76.25652634986048
2,206,405760,121.41087341308594,730,hit,3.7571498571555417,14.599999999999778,154.3534007699485
3,207,413632,131.32310485839844,1008,hit,4.778813631926095,20.15999999999966,151.8007164898836
3,208,415136,129.77716064453125,1384,hit,4.760956498310423,27.6799999999995,154.14609109530315
3,209,418600,6.272724151611328,2250,timeout,10.474272471261935,45.000000000001435,-89.96155070145699
3,210,418600,-2.542949676513672,2250,timeout,18.955546807584042,45.000000000001435,-106.79820011182625
3,211,419708,122.39399719238281,1143,hit,4.586903804924461,22.8599999999996,150.48764329630907
3,212,422632,17.039451599121094,2250,timeout,5.1866751328650675,45.000000000001435,-61.66919275581111
3,213,424700,126.94467163085938,1248,hit,3.64275729513552,24.959999999999557,149.31479468067894
3,214,427600,-2.239391326904297,2250,timeout,15.294533718543013,45.000000000001435,-75.27332511898683
3,215,427600,5.131221771240234,2250,timeout,9.974490596975947,45.000000000001435,-79.05880071273191
3,216,431632,3.7792625427246094,2250,timeout,12.281668064457497,45.000000000001435,-89.229068456482
3,217,433700,4.539024353027344,2250,timeout,11.580620941064655,45.000000000001435,-71.14325102162573
3,218,436308,0.11914443969726562,2177,miss,7.050522952575223,43.54000000000121,-104.25078548204588
3,219,436600,3.6617660522460938,2250,timeout,7.1875732135788155,45.000000000001435,-96.98783313152296
3,220,440632,4.6238932609558105,2250,timeout,7.671096336862517,45.000000000001435,-67.80832658376544
3,221,442700,23.675079345703125,2250,timeout,5.401121868088319,45.000000000001435,-73.08011193581582
3,222,442964,127.1970443725586,1591,hit,4.497691362352517,31.81999999999941,149.30671396346082
3,223,443328,124.85572814941406,674,hit,1.8256131316732895,13.479999999999801,152.20293968355685
3,224,444976,4.2075958251953125,2167,miss,9.89158787158331,43.340000000001176,-96.2316495264092
3,225,445544,118.09773254394531,645,hit,4.765001255200852,12.899999999999814,151.6790115614093
3,226,446620,128.05606079101562,980,hit,2.8628606620106622,19.59999999999967,148.80414231665313
3,227,448624,127.77689361572266,770,hit,3.7753819286095887,15.39999999999976,153.79529350679618
3,228,450328,135.7303924560547,927,hit,3.239118759974336,18.539999999999694,164.61994692678883
3,229,452328,-4.463466644287109,2250,timeout,9.991669732372127,45.000000000001435,-69.86530228182441
3,230,453976,12.679140090942383,2250,timeout,7.25900133154618,45.000000000001435,-82.5097946233386
3,231,457624,7.455303192138672,2250,timeout,8.807344139496715,45.000000000001435,-67.82627245724487
3,232,459328,-3.560150146484375,2250,timeout,12.207970190927458,45.000000000001435,-91.0854412687656
3,233,461328,11.148197174072266,2250,timeout,15.57075352865878,45.000000000001435,-99.16232284307351
3,234,462320,126.44526672363281,1174,hit,4.61482656538644,23.47999999999959,152.83485225173737
3,235,462976,17.651174545288086,2250,timeout,6.09499326582225,45.000000000001435,-91.47619097993521
3,236,468328,1.2869377136230469,2250,timeout,9.569005493959779,45.000000000001435,-95.87924180352675
3,237,470100,-2.6973037719726562,2193,miss,12.953436985832472,43.86000000000126,-85.04476953051037
3,238,471320,7.806427001953125,2250,timeout,10.767103190262771,45.000000000001435,-99.4438497518814
3,239,471976,7.701503753662109,2250,timeout,6.983127627921467,45.000000000001435,-81.03025578930952
3,240,476192,119.11238098144531,1523,hit,4.744396700058249,30.45999999999944,141.84769900919764
3,241,477328,3.667186737060547,2250,timeout,20.114477938163205,45.000000000001435,-94.20986049480983
3,242,478480,92.33330535888672,1626,hit,4.945246023365733,32.519999999999484,133.29605873684616
3,243,480120,18.152175903320312,2200,miss,6.318429837775,44.00000000000128,-87.86127333990417
3,244,482228,133.26947021484375,937,hit,4.105097661581903,18.73999999999969,164.49966700797367
3,245,484752,6.5260162353515625,2140,miss,9.199149216049097,42.80000000000109,-77.7445565113266
3,246,486328,7.183061599731445,2250,timeout,10.189285135538277,45.000000000001435,-81.99427294508118
3,247,487140,127.723876953125,1228,hit,4.148402449954918,24.559999999999565,153.23315803233928
3,248,488112,131.9009552001953,840,hit,4.692618238064549,16.79999999999973,155.2486230705027
3,249,489120,17.975055694580078,2250,timeout,12.06021203960348,45.000000000001435,-89.5178377867504
3,250,489956,122.85626220703125,704,hit,4.409691745724871,14.079999999999789,155.51459146397374
3,251,491676,123.12556457519531,891,hit,4.804576059722001,17.81999999999971,156.7234436785895
3,252,495328,-5.912528991699219,2250,timeout,7.599653900016603,45.000000000001435,-78.31230223885426
3,253,498120,12.361955642700195,2250,timeout,6.377041893779815,45.000000000001435,-89.60589117919315
3,254,498800,133.76856994628906,868,hit,2.306854176437086,17.35999999999972,157.5868096127258
3,255,498956,13.027002334594727,2250,timeout,16.089212949008967,45.000000000001435,-93.59439881723338
3,256,500676,1.7400741577148438,2250,timeout,16.006107513818254,45.000000000001435,-97.02049276658421
3,257,501652,128.04811096191406,713,hit,3.7475294980161378,14.259999999999785,155.2865591161569
3,258,504492,122.63029479980469,1384,hit,4.55905776435835,27.6799999999995,144.5406498755792
3,259,507120,3.8240928649902344,2250,timeout,8.756100776465434,45.000000000001435,-79.13057338916674
3,260,508492,118.20648956298828,1710,hit,3.579633795640482,34.19999999999975,149.88614408055005
3,261,509676,3.1690406799316406,2250,timeout,18.464823355034564,45.000000000001435,-92.36876263519085
3,262,511320,121.7088623046875,707,hit,2.857184067726407,14.139999999999787,151.48700290764125
3,263,513492,-3.772991180419922,2250,timeout,5.189737129800483,45.000000000001435,-91.755552312896
3,264,516120,-0.6836776733398438,2250,timeout,5.408142836194088,45.000000000001435,-72.01430872199518
3,265,516176,121.29669952392578,671,hit,1.8483638318682227,13.419999999999803,152.63806940677296
3,266,518676,14.98503303527832,2250,timeout,9.482847012344367,45.000000000001435,-77.9377527838739
3,267,519444,130.6988067626953,831,hit,2.9731039499440772,16.619999999999735,155.8874728463061
3,268,520168,-5.708751678466797,2212,miss,6.2273278174635935,44.24000000000132,-89.00845356227921
3,269,522092,130.62249755859375,854,hit,4.90926384996318,17.079999999999725,162.27660812840833
3,270,524904,127.49303436279297,703,hit,3.4878194490334096,14.059999999999789,154.85734594109684
3,271,525176,6.096187591552734,2250,timeout,5.604549375355323,45.000000000001435,-88.77987921832701
3,272,525276,131.4609832763672,1458,hit,4.683584942847172,29.159999999999467,156.54945881002183
3,273,529168,-1.2127685546875,2250,timeout,20.10600489084386,45.000000000001435,-93.83721077257012
3,274,533552,10.389324188232422,2162,miss,6.818535130569962,43.24000000000116,-108.03643216557197
3,275,534176,8.213485717773438,2250,timeout,6.1844757976304425,45.000000000001435,-71.37649924434206
3,276,534276,18.405677795410156,2250,timeout,5.022741010705794,45.000000000001435,-63.903774449957965
3,277,536736,129.87588500976562,796,hit,0.440743610037802,15.91999999999975,157.38926726983743
3,278,538168,-14.852336883544922,2250,timeout,17.172236632068042,45.000000000001435,-81.1551725668451
3,279,542944,-1.6495742797851562,2192,miss,11.781428904886539,43.840000000001254,-95.38037158419051
3,280,543276,5.927276134490967,2250,timeout,5.364279878995814,45.000000000001435,-84.6249442274978
3,281,545532,-0.5149955749511719,2199,miss,5.672508289122188,43.980000000001276,-88.88469004162229
3,282,547168,7.498908996582031,2250,timeout,12.342877233412327,45.000000000001435,-63.9156819017248
3,283,548504,124.56187438964844,1307,hit,4.814997754351712,26.13999999999953,147.04152645419188
3,284,551572,128.39837646484375,767,hit,4.1151469855088525,15.339999999999762,154.5487714377733
3,285,551928,131.3900909423828,1190,hit,3.806837817858527,23.79999999999958,154.41858507962678
3,286,551944,1.4950456619262695,2250,timeout,6.289862933374466,45.000000000001435,-68.18629061092022
3,287,554532,-0.5028777122497559,2250,timeout,12.763797188037527,45.000000000001435,-76.29183995184896
3,288,555996,134.0287322998047,1013,hit,3.637097760029265,20.259999999999657,163.6010123060532
3,289,560572,-9.585533142089844,2250,timeout,8.123662070620409,45.000000000001435,-101.8351842574997
3,290,560928,12.676830291748047,2250,timeout,6.746034154397806,45.000000000001435,-93.28748791652201
3,291,563532,7.61662483215332,2250,timeout,13.616764393739901,45.000000000001435,-85.152013979923
3,292,563652,-0.3009510040283203,1914,miss,8.699979874193852,38.280000000000385,-62.99636893082629
3,293,564340,133.54196166992188,853,hit,4.38223426432807,17.059999999999725,163.29410683999959
3,294,568008,122.7225341796875,1119,hit,4.807609647830627,22.37999999999961,153.39354531291548
3,295,568688,131.14869689941406,1087,hit,4.051508862670863,21.739999999999625,156.25292311566506
3,296,569572,7.693780899047852,2250,timeout,27.518184924519428,45.000000000001435,-82.0935311359873
3,297,572652,8.322017669677734,2250,timeout,5.2665658730991405,45.000000000001435,-102.70650196611062
3,298,572808,127.36627960205078,1200,hit,3.752016707048285,23.999999999999577,158.97949903968913
3,299,575116,124.94845581054688,1386,hit,4.923280951100486,27.719999999999498,150.10141562821573
3,300,577292,3.8209075927734375,2151,miss,5.01856831144401,43.020000000001126,-95.48762164017543
3,301,581652,3.4447593688964844,2250,timeout,11.557346523144513,45.000000000001435,-86.65193861568532
3,302,581808,-9.236763000488281,2250,timeout,10.419119624781844,45.000000000001435,-80.35524072366945
3,303,582344,11.748191833496094,1807,miss,7.35954421576297,36.14000000000005,-77.89201634066218
3,304,584564,120.45943450927734,689,hit,4.2813141511173365,13.779999999999795,150.6357369385982
3,305,586292,-7.130359649658203,2250,timeout,5.898694046087051,45.000000000001435,-83.84327328521599
3,306,588864,132.3578643798828,1075,hit,4.842312281101705,21.49999999999963,162.54957001505784
3,307,590652,15.457645416259766,2250,timeout,7.828764392902136,45.000000000001435,-82.01590124629735
3,308,591132,128.88792419433594,1210,hit,3.137430796228616,24.199999999999573,152.92113268294122
3,309,591344,28.13504409790039,2250,timeout,8.853882615408011,45.000000000001435,-69.70981692991053
3,310,597864,14.742740631103516,2250,timeout,10.006334902051753,45.000000000001435,-83.84732815067004
3,311,599652,0.7209434509277344,2250,timeout,14.123904695925622,45.000000000001435,-88.23025785392902
3,312,600132,-6.3656005859375,2250,timeout,32.48239546107282,45.000000000001435,-93.66659579572278
3,313,600344,0.2873382568359375,2250,timeout,5.147299221032476,45.000000000001435,-87.64597153453732
3,314,601732,121.28546142578125,967,hit,3.9426111488565105,19.339999999999677,150.9283953482181
3,315,604412,120.43677520751953,1017,hit,2.9607157119081697,20.339999999999655,149.58682472847747
3,316,605028,132.6599578857422,824,hit,2.846454883387684,16.479999999999738,157.6452529783987
3,317,608652,0.3329200744628906,2250,timeout,14.583795957075733,45.000000000001435,-70.98223344193114
3,318,609132,7.355609893798828,2250,timeout,5.521145068387565,45.000000000001435,-76.10678714744292
3,319,611868,133.54916381835938,804,hit,2.1844674849140184,16.079999999999746,158.99470627500938
3,320,613412,0.5861587524414062,2250,timeout,5.851697271339195,45.000000000001435,-102.16204844063856
3,321,614028,7.677120208740234,2250,timeout,6.450913693165754,45.000000000001435,-91.14189383443625
4,322,618368,129.21971130371094,992,hit,4.421519231538973,19.839999999999666,154.85918615723364
4,323,623400,-12.270320892333984,2250,timeout,14.779070344923406,45.000000000001435,-80.0549431179841
4,324,623400,2.1916027069091797,2250,timeout,11.59848385472405,45.000000000001435,-82.04788617370934
4,325,623400,-13.61563491821289,2250,timeout,8.904396847403424,45.000000000001435,-94.91292423801913
4,326,627000,-1.7717323303222656,2158,miss,6.879902951031932,43.16000000000115,-95.33439466091863
4,327,632400,-0.14062118530273438,2250,timeout,22.517658580428954,45.000000000001435,-88.52740207056542
4,328,632400,16.953575134277344,2250,timeout,5.110438403217446,45.000000000001435,-62.310457239567924
4,329,632400,6.868030548095703,2250,timeout,8.79701839594394,45.000000000001435,-79.90866419792665
4,330,633128,126.59520721435547,1532,hit,3.584964424389603,30.639999999999436,152.86625874043233
4,331,641400,14.655370712280273,2250,miss,5.754926391908063,45.000000000001435,-78.7130796349397
4,332,641400,-15.855422973632812,2250,timeout,11.828953663327313,45.000000000001435,-76.9766796650669
4,333,641400,-22.96896743774414,2250,timeout,17.674483255545518,45.000000000001435,-81.26213937721084
4,334,641516,-9.544452667236328,2097,miss,9.115816700159224,41.94000000000096,-70.5283826648982
4,335,644428,130.6214599609375,757,hit,4.671731922264106,15.139999999999766,156.33457432969163
4,336,645420,124.39802551269531,1005,hit,4.581198740410855,20.09999999999966,145.300445145737
4,337,648368,128.54734802246094,737,hit,0.661760320573732,14.739999999999775,154.9122973174083
4,338,650400,-8.346736907958984,2250,timeout,5.00761172904538,45.000000000001435,-95.99308989177545
4,339,650516,13.70408821105957,2250,timeout,5.077307704299936,45.000000000001435,-65.8135644207771
4,340,652568,126.83052062988281,1050,hit,3.7011283845328835,20.99999999999964,151.52252682738597
4,341,653316,-4.3535308837890625,2222,miss,10.380696661727415,44.44000000000135,-86.19238199780324
4,342,655092,119.55231475830078,631,hit,3.6308644030300465,12.61999999999982,152.76746311552893
4,343,657284,26.145448684692383,1721,miss,5.51329642234187,34.41999999999978,-53.38508803066702
4,344,659516,-5.673030853271484,2250,timeout,9.490537339167703,45.000000000001435,-74.78240331270848
4,345,662316,3.744800567626953,2250,timeout,10.58379602152955,45.000000000001435,-100.31394820778456
4,346,663268,135.1230010986328,938,hit,3.049829458560586,18.75999999999969,164.2284170589681
4,347,664092,-20.83363914489746,2250,timeout,5.25953923799301,45.000000000001435,-83.11988615047044
4,348,665160,93.2743148803711,1969,hit,3.6065978553337548,39.38000000000056,133.71507763031224
4,349,669328,19.56949234008789,1753,miss,10.791898516235307,35.05999999999988,-60.80937300601443
4,350,672268,7.6176300048828125,2250,timeout,14.96442495872694,45.000000000001435,-96.45810081200953
4,351,672348,127.86370086669922,755,hit,4.909237844356919,15.099999999999767,152.57158957945987
4,352,672792,-0.7248497009277344,2175,miss,6.864159859836454,43.5000000000012,-76.48233324093775
4,353,674160,-7.13134765625,2250,timeout,7.549878418485668,45.000000000001435,-70.37755371623675
4,354,680268,-1.0785560607910156,1869,miss,6.525411525320766,37.380000000000244,-63.285657271205245
4,355,681268,3.3029823303222656,2250,timeout,8.842390732374986,45.000000000001435,-73.48840792892409
4,356,681320,120.10453796386719,1790,hit,4.723547160902806,35.8,139.66803939540665
4,357,681348,1.6643791198730469,2250,timeout,8.297236812099522,45.000000000001435,-60.18108729086864
4,358,684864,119.2147216796875,879,hit,4.992461789042631,17.579999999999714,148.08220038444844
4,359,687568,126.42430114746094,1575,hit,3.6908696868049313,31.499999999999417,151.08718442030977
4,360,688384,133.02777099609375,880,hit,2.8946100843055906,17.599999999999714,162.63135641376067
4,361,689268,17.17508888244629,2250,timeout,6.525455396383187,45.000000000001435,-64.55767107283643
4,362,690320,15.684146881103516,2250,timeout,10.979598104746112,45.000000000001435,-83.16897768709242
4,363,692024,134.2684326171875,910,hit,2.2776584942802502,18.1999999999997,162.66863683680265
4,364,695704,136.11026000976562,920,hit,4.015877054776263,18.399999999999697,165.8236759227649
4,365,696468,4.1790771484375,2225,miss,7.5821557201624445,44.50000000000136,-91.83522049367004
4,366,698268,-5.428216934204102,2250,timeout,11.619866258730097,45.000000000001435,-79.67294095391557
4,367,699320,21.139101028442383,2250,timeout,7.961779729815843,45.000000000001435,-82.34057814106788
4,368,699468,121.2055435180664,941,hit,4.700507478510335,18.819999999999688,148.11246562631982
4,369,703812,128.95066833496094,1123,hit,4.658098277917484,22.45999999999961,153.50855719317258
4,370,705468,9.42055892944336,2250,timeout,9.248565868737456,45.000000000001435,-74.20329283864153
4,371,707068,3.16644287109375,1900,miss,8.841976317885381,38.00000000000034,-77.66663632592952
4,372,707268,8.605733871459961,2250,timeout,7.502293220377745,45.000000000001435,-78.07864599413547
4,373,711120,132.51507568359375,963,hit,4.320614857558691,19.25999999999968,160.44803964116062
4,374,712812,-2.0037155151367188,2250,timeout,5.793263222746802,45.000000000001435,-87.92499129540776
4,375,714468,9.63248062133789,2250,timeout,9.015319876122101,45.000000000001435,-83.10270733806408
4,376,716068,11.587339401245117,2250,timeout,12.345281139751059,45.000000000001435,-76.78355445668073
4,377,718060,122.68146514892578,898,hit,4.871435210644215,17.959999999999706,152.7670111903408
4,378,720120,-14.106731414794922,2250,timeout,6.360832027613178,45.000000000001435,-112.76740132290413
4,379,721812,-22.590557098388672,2250,timeout,23.154672667677815,45.000000000001435,-82.5654883534842
4,380,724652,118.7027359008789,1648,hit,4.838794817953406,32.95999999999955,142.1480203448869
4,381,725068,-9.37771987915039,2250,timeout,11.90242356383423,45.000000000001435,-81.87831358572575
4,382,726980,133.32723999023438,1292,hit,4.54370457797487,25.839999999999538,156.11457439025293
4,383,727504,126.14908599853516,713,hit,4.144864401457845,14.259999999999785,153.53032598010714
4,384,728436,125.15406036376953,842,hit,4.080577200685746,16.83999999999973,152.30331432504073
4,385,729120,-4.108833312988281,2250,timeout,5.769445588490429,45.000000000001435,-78.80103799235229
4,386,735212,-4.499917984008789,1694,miss,7.485014687427884,33.8799999999997,-64.10960521142438
4,387,735980,3.8173599243164062,2250,timeout,6.488078307115197,45.000000000001435,-67.18728615471204
4,388,736504,19.05348777770996,2250,timeout,7.35154458182833,45.000000000001435,-63.809726250265875
4,389,737640,-24.942930221557617,2130,miss,6.1072887048772655,42.60000000000106,-79.60002426489325
4,390,738632,133.33123779296875,855,hit,0.9618520415941096,17.099999999999724,156.4419732489327
4,391,740508,127.7048110961914,717,hit,3.787104162765837,14.339999999999783,155.60072099431852
4,392,743044,1.3457679748535156,1766,miss,5.660028132262006,35.31999999999992,-73.35140566484347
4,393,743528,129.52044677734375,1224,hit,3.5153045355318766,24.479999999999567,153.53464659696536
4,394,745464,-9.215011596679688,2240,miss,11.280149007291426,44.800000000001404,-90.31323270699134
4,395,746064,133.53289794921875,1389,hit,4.311456452310652,27.779999999999497,155.50202828302224
4,396,747884,132.2458038330078,1210,hit,4.6064314209665325,24.199999999999573,155.17515896013867
4,397,748676,134.4827423095703,1287,hit,3.097404301184757,25.73999999999954,157.1556905439657
4,398,748920,133.63003540039062,864,hit,4.844811122642147,17.27999999999972,159.52102138411857
4,399,751092,126.6077880859375,1257,hit,4.407434714412201,25.139999999999553,153.7973754224291
4,400,755256,-3.660472869873047,1843,miss,5.6119212784231784,36.86000000000016,-69.79269200634822
4,401,756452,130.86988830566406,1340,hit,4.021866024983651,26.799999999999518,156.6358752333034
4,402,757676,2.5664901733398438,2250,timeout,9.974468727212798,45.000000000001435,-77.98780459261633
4,403,757920,-1.0136795043945312,2250,timeout,5.050867671060355,45.000000000001435,-87.26388037126533
4,404,760284,131.63848876953125,958,hit,4.302775771851982,19.15999999999968,159.59379378813554
4,405,760676,129.71412658691406,1355,hit,4.29761517653561,27.09999999999951,152.7290760982564
4,406,761188,135.4415283203125,878,hit,4.770802323137239,17.559999999999715,159.89533926124145
4,407,764732,134.6195068359375,886,hit,3.0844466759287124,17.71999999999971,166.59163711152925
4,408,766836,131.1160430908203,1540,hit,4.486595573841868,30.799999999999432,153.92240454819031
4,409,766920,8.593404769897461,2250,timeout,11.66988408908494,45.000000000001435,-67.815090977578
4,410,769284,-8.102890014648438,2250,timeout,11.377548985579613,45.000000000001435,-86.13938957886799
4,411,770472,131.03257751464844,888,hit,4.726407403656333,17.75999999999971,161.1871804342075
4,412,773040,134.06187438964844,939,hit,2.4221337013149338,18.77999999999969,162.63989786600297
4,413,773732,-4.2833404541015625,2250,timeout,5.062478369356422,45.000000000001435,-67.17130793763289
4,414,775836,2.8419723510742188,2250,timeout,5.884038367803727,45.000000000001435,-74.26429043624168
4,415,776572,124.12056732177734,710,hit,1.0697288978875166,14.199999999999786,152.24805469737052
4,416,778384,12.57756233215332,1978,miss,9.176013482345798,39.560000000000585,-61.389287605624375
4,417,782040,13.740900993347168,2250,timeout,7.678352572391587,45.000000000001435,-68.3934533254371
4,418,784836,6.240764617919922,2250,timeout,5.371646471954102,45.000000000001435,-92.11037038256268
4,419,785308,8.864173889160156,2184,miss,5.916360753920381,43.68000000000123,-76.02365485318754
4,420,787384,-20.039958953857422,2250,timeout,8.324093019172794,45.000000000001435,-67.19118331669287
4,421,789228,133.27333068847656,1098,hit,4.525221689220707,21.95999999999962,159.1433972907427
4,422,789900,-3.2384090423583984,1965,miss,10.769276951120613,39.300000000000544,-77.82114302675112
4,423,794308,10.960832595825195,2250,timeout,5.476204552272895,45.000000000001435,-80.31743696247355
4,424,794816,11.477458953857422,1858,miss,5.985992279423865,37.16000000000021,-76.6564834560058
4,425,798228,2.9784393310546875,2250,timeout,13.286566210356085,45.000000000001435,-94.52929785461664
4,426,798464,134.9354248046875,912,hit,2.80263919818848,18.2399999999997,159.9375876994632
4,427,798900,15.286153793334961,2250,timeout,5.41372930554984,45.000000000001435,-82.26370813080368
4,428,801956,134.86575317382812,932,hit,4.788424868468564,18.63999999999969,165.20849314746917
4,429,802060,132.45045471191406,790,hit,4.063570603331897,15.799999999999752,158.18371092477977
4,430,803092,-13.359458923339844,2196,miss,6.4653481245456215,43.92000000000127,-98.26073607743247
4,431,804436,123.02459716796875,620,hit,4.725111461718824,12.399999999999824,151.1399202513722
4,432,805296,129.20440673828125,809,hit,2.347308299602042,16.179999999999744,158.25507166867996
4,433,807464,5.488578796386719,2250,timeout,5.8670289272315035,45.000000000001435,-66.1421910519141
4,434,810172,-0.06023597717285156,1770,miss,6.260382388505043,35.399999999999935,-73.44129609465968
4,435,812804,122.69976806640625,658,hit,3.6325209484054914,13.159999999999808,150.79072216971747
4,436,813436,-12.376068115234375,2250,timeout,5.468550666619525,45.000000000001435,-79.62452542053384
4,437,814296,8.28775405883789,2250,timeout,8.3704629672944,45.000000000001435,-70.28534450247604
4,438,816184,-2.067739486694336,2180,miss,6.23956647405882,43.60000000000122,-76.65186646841669
4,439,817104,128.62399291992188,702,hit,2.8524244467146183,14.03999999999979,154.7578480949423
5,440,825476,93.01587677001953,1569,hit,3.3310289244907496,31.37999999999942,138.53267704379223
5,441,826484,1.9647369384765625,1821,miss,5.895024858395956,36.420000000000094,-65.09849494123554
5,442,826872,3.2377147674560547,1918,miss,6.133041096465797,38.3600000000004,-54.31170388612431
5,443,828200,-16.656002044677734,2250,timeout,10.931555632209069,45.000000000001435,-76.71013881137864
5,444,829720,131.35598754882812,809,hit,4.877024073359011,16.179999999999744,162.353052500275
5,445,830448,134.28990173339844,894,hit,3.987124346540728,17.879999999999708,160.82773233603916
5,446,834476,-40.496463775634766,2250,timeout,5.193417444464391,45.000000000001435,-76.915520459618
5,447,835800,4.45355224609375,1900,miss,6.832422783624204,38.00000000000034,-70.36603527149826
5,448,838384,-38.36664581298828,2166,miss,8.9840450792363,43.32000000000117,-77.54145054342719
5,449,839448,12.9808349609375,2250,timeout,5.5865048920295655,45.000000000001435,-70.75164795886985
5,450,839904,119.71117401123047,1357,hit,4.314305018036609,27.13999999999951,141.74032065823107
5,451,840320,124.0120849609375,1130,hit,4.14458225052756,22.599999999999607,147.23226400949525
5,452,843268,134.42312622070312,955,hit,4.252900848123141,19.09999999999968,162.08210398440292
5,453,843360,127.90392303466797,760,hit,4.739281340078637,15.199999999999765,155.7836569171407
5,454,845520,3.404158115386963,1784,miss,6.2445413391015485,35.67999999999998,-52.848176673965874
5,455,848904,-35.848262786865234,2250,timeout,13.747635180353726,45.000000000001435,-83.23071402340899
5,456,849148,130.69564819335938,907,hit,3.03194340298285,18.139999999999702,161.26319764324396
5,457,852036,130.2418670654297,783,hit,3.7489479420938556,15.659999999999755,158.0887179192365
5,458,852160,129.55795288085938,753,hit,2.620312723246292,15.059999999999768,152.82229745526837
5,459,852268,-20.58188247680664,2250,timeout,6.452630421789983,45.000000000001435,-75.56178813433222
5,460,852360,-4.072061061859131,2250,timeout,7.202765880367043,45.000000000001435,-72.84528598689693
5,461,856700,129.3168487548828,1108,hit,3.9573124146568563,22.159999999999616,150.86715280245008
5,462,857072,127.82511138916016,1178,hit,4.91033265364482,23.559999999999587,154.5632467752227
5,463,859424,125.6996078491211,681,hit,2.4972347474628527,13.619999999999798,154.32166224855948
5,464,859836,-18.798629760742188,1919,miss,10.21555816578186,38.3800000000004,-85.38553851512438
5,465,861036,-8.408470153808594,2250,timeout,5.611847562188261,45.000000000001435,-93.48753729606527
5,466,862680,122.03726196289062,711,hit,3.365375875171798,14.219999999999786,151.7425833943317
5,467,865716,127.99964141845703,759,hit,4.7251997643335795,15.179999999999765,158.8895574021335
5,468,865924,118.61155700683594,1222,hit,4.923205849376723,24.439999999999568,146.24096166936604
5,469,866072,-69.80546569824219,2250,timeout,7.551542831757087,45.000000000001435,-80.21664854595409
5,470,868424,-0.20398712158203125,2250,timeout,13.525721123246067,45.000000000001435,-84.97580394890319
5,471,869440,133.55870056152344,931,hit,3.235335225328503,18.619999999999692,162.97609790075396
5,472,869676,132.98765563964844,901,hit,1.9199132188751298,18.019999999999705,164.70830257275102
5,473,870040,126.19911193847656,1029,hit,4.233406136160092,20.57999999999965,150.38253297547345
5,474,874508,123.8783187866211,1208,hit,3.6470936007486685,24.159999999999574,149.31774792171336
5,475,874552,129.1973876953125,1278,hit,4.624156793664833,25.559999999999544,151.23099857966153
5,476,877424,-15.723770141601562,2250,timeout,7.3182898423413265,45.000000000001435,-97.46608863284405
5,477,879040,-37.6026725769043,2250,timeout,5.734080381026238,45.000000000001435,-72.55014537607285
5,478,880364,130.09585571289062,1453,hit,4.441235810260847,29.05999999999947,157.14038887705186
5,479,883508,-59.99651336669922,2250,timeout,11.498581758750221,45.000000000001435,-86.66441277036806
5,480,884400,128.1471405029297,1340,hit,4.857885216734715,26.799999999999518,153.4694822453173
5,481,886424,-41.93278503417969,2250,timeout,7.178354246930388,45.000000000001435,-104.94066380990412
5,482,887392,134.4103546142578,971,hit,4.98529162626034,19.419999999999675,166.02111659997485
5,483,889364,-23.84841537475586,2250,timeout,10.234180163549615,45.000000000001435,-91.87205473343873
5,484,890300,134.03152465820312,969,hit,4.299971139216426,19.379999999999676,164.7753988798753
5,485,891048,131.59515380859375,914,hit,3.5549969290070433,18.2799999999997,157.1279417357245
5,486,892004,-8.017436981201172,1901,miss,9.716705957574328,38.020000000000344,-77.41671578386521
5,487,892644,134.14952087402344,820,hit,2.241164164244404,16.39999999999974,157.25154549695043
5,488,895548,134.54635620117188,1125,hit,4.7414462553359105,22.49999999999961,156.66450470672532
5,489,898656,132.7764892578125,777,hit,2.3774717168841066,15.539999999999758,157.83618964736417
5,490,898992,10.127914428710938,1747,miss,7.599374556172496,34.93999999999986,-60.87682200480632
5,491,899300,20.15570831298828,2250,timeout,5.292946154025058,45.000000000001435,-63.301073574607486
5,492,901644,-19.495506286621094,2250,timeout,11.305110541337532,45.000000000001435,-71.35653323460882
5,493,903908,134.60508728027344,1313,hit,4.834314597034421,26.25999999999953,156.67164144827208
5,494,904708,121.08385467529297,1429,hit,4.28233340859263,28.57999999999948,146.22346488945755
5,495,907328,98.78705596923828,2007,hit,4.086829815815832,40.140000000000676,141.9133119763157
5,496,907848,125.08490753173828,985,hit,4.971418951612808,19.69999999999967,153.74859277054534
5,497,910348,-12.646018981933594,2176,miss,5.726251089771917,43.520000000001204,-96.33778091695451
5,498,911456,131.90232849121094,902,hit,4.762415496515522,18.039999999999704,159.31771349326078
5,499,913424,4.400859832763672,2179,miss,5.150250602764055,43.58000000000121,-94.09383814343978
5,500,913928,133.30142211914062,895,hit,4.813801838032402,17.899999999999707,162.427732018126
5,501,915100,130.79098510742188,911,hit,2.1989184571094276,18.2199999999997,157.05826971934977
5,502,916328,7.696865081787109,2250,timeout,13.068769859716495,45.000000000001435,-73.50241722156125
5,503,916780,129.09353637695312,713,hit,4.742293816185554,14.259999999999785,153.31996720583828
5,504,917268,128.11862182617188,961,hit,4.1795281616559885,19.21999999999968,151.05840300551438
5,505,919064,131.52224731445312,991,hit,3.8327176184152862,19.819999999999666,163.03511105695637
5,506,919464,120.98162078857422,671,hit,3.625592256033364,13.419999999999803,150.57830365018637
5,507,922688,133.33970642089844,806,hit,4.3814433406433295,16.119999999999745,163.2880802843816
5,508,923076,131.20175170898438,1452,hit,3.4470118588966,29.03999999999947,153.4746804512473
5,509,925328,-15.812835693359375,2250,timeout,7.884007020670879,45.000000000001435,-102.69191519604729
5,510,925768,125.37709045410156,673,hit,4.75018841807272,13.459999999999802,154.9536205637552
5,511,926940,126.76580047607422,1063,hit,4.596162309463538,21.259999999999636,145.6244545559266
5,512,928064,-22.12169647216797,2250,timeout,11.549830960772255,45.000000000001435,-67.32614393044446
5,513,929260,133.3865509033203,983,hit,4.336783079041511,19.65999999999967,160.96238892961316
5,514,930992,129.01611328125,1306,hit,3.883751689871029,26.119999999999532,154.13822650704017
5,515,933512,128.63050842285156,1362,hit,4.0749516597226885,27.239999999999508,156.03447518486138
5,516,935940,-33.17747497558594,2250,timeout,7.527254577469797,45.000000000001435,-86.86175622169085
5,517,938260,-1.8541107177734375,2250,timeout,7.669261670576201,45.000000000001435,-90.0166841131201
5,518,939788,134.98086547851562,962,hit,3.0769327288136625,19.23999999999968,164.6996877519337
5,519,939992,-13.074604988098145,2250,timeout,12.209765758041122,45.000000000001435,-69.2436433929874
5,520,942040,-6.63568115234375,2132,miss,8.977909996630792,42.640000000001066,-78.46231034493697
5,521,943228,133.74058532714844,809,hit,4.344181575978099,16.179999999999744,158.5234644957451
5,522,943816,132.34730529785156,1389,hit,4.835271205400861,27.779999999999497,150.21527330277002
5,523,945168,124.24128723144531,1345,hit,4.833524289685064,26.899999999999515,159.35517157339217
5,524,947484,129.86328125,1361,hit,3.71551788876345,27.21999999999951,155.73766852822317
5,525,948996,122.65289306640625,1442,hit,4.04575466106926,28.839999999999474,144.6122537145137
5,526,949280,126.61906433105469,1366,hit,3.5834059513350205,27.319999999999506,152.1455050481059
5,527,950024,118.82455444335938,635,hit,2.5907942346471047,12.699999999999818,151.41608915775493
5,528,952704,124.75051879882812,670,hit,1.735133183950858,13.399999999999803,150.78076372304116
5,529,954004,-6.301029205322266,2209,miss,5.470888544910316,44.18000000000131,-98.78049600802368
5,530,954360,125.31275939941406,1341,hit,4.81111460710747,26.819999999999517,150.3524239176154
5,531,956740,2.1108789443969727,1865,miss,6.673061491204108,37.30000000000023,-72.82669598395667
5,532,957636,134.1153564453125,908,hit,4.480479646610543,18.1599999999997,164.181151937033
5,533,958516,134.52685546875,1039,hit,3.64819486898329,20.779999999999646,163.6176830057855
5,534,959916,130.35430908203125,794,hit,2.076237912451458,15.87999999999975,159.41320667473298
5,535,961704,-29.222270965576172,2250,timeout,11.87920320046304,45.000000000001435,-76.81757242684668
5,536,963424,129.4117431640625,1227,hit,4.64379655111863,24.539999999999566,157.92293088542274
5,537,963664,132.36802673339844,1507,hit,4.428127142385912,30.139999999999446,155.52562304308458
5,538,964976,133.145263671875,818,hit,3.214416079416226,16.35999999999974,160.21930833404934
5,539,966772,133.2194061279297,837,hit,4.161550246862552,16.739999999999732,161.06402792217932
5,540,966800,129.70272827148438,784,hit,3.7901527672307354,15.679999999999755,159.65368106004462
5,541,968080,128.56796264648438,776,hit,4.486119561741942,15.519999999999758,154.93084389478605
5,542,968916,-14.784881591796875,2250,timeout,8.760271379052256,45.000000000001435,-95.87695962153457
5,543,970468,118.97489166259766,917,hit,3.0790431009235735,18.339999999999698,146.70300203026133
5,544,971820,131.9971923828125,1262,hit,3.776784883412684,25.23999999999955,155.79234885601517
5,545,972388,133.46958923339844,868,hit,4.592555620021844,17.35999999999972,162.26003336131433
5,546,977080,13.662067413330078,2250,timeout,9.817381408133862,45.000000000001435,-67.91363394328206
5,547,977324,129.789306640625,1234,hit,2.8100100158875536,24.679999999999563,153.9177521798061
5,548,979468,-5.12738037109375,2250,timeout,5.726185531151005,45.000000000001435,-84.23571110276585
5,549,980820,-41.78511428833008,2250,timeout,8.779274349173262,45.000000000001435,-95.3702126952706
5,550,980844,133.3268280029297,880,hit,2.3477321828245983,17.599999999999714,158.3801204261512
5,551,984004,131.68128967285156,790,hit,2.365601613123062,15.799999999999752,160.21217909798924
5,552,985284,129.00369262695312,1116,hit,3.4398664919235293,22.319999999999613,152.52799390785768
5,553,985584,108.71876525878906,1529,hit,3.7944734649758285,30.579999999999437,138.50145670253917
5,554,986080,6.622804641723633,2250,timeout,7.464625287695251,45.000000000001435,-76.24532341827891
5,555,988192,121.2688980102539,652,hit,4.921646634991185,13.03999999999981,153.58364205371413
5,556,988476,131.6201171875,798,hit,3.99337983125855,15.959999999999749,158.26253790920313
5,557,989224,128.03079223632812,1305,hit,3.3414499057663405,26.099999999999532,153.1303755640713
5,558,989804,130.08428955078125,931,hit,0.4429158101195542,18.619999999999692,163.44711614185843
5,559,991656,132.94882202148438,866,hit,2.325130998250911,17.31999999999972,158.3020717420926
5,560,992528,133.070556640625,826,hit,3.777449101857033,16.519999999999737,160.95599960982807
5,561,995852,131.40057373046875,1512,hit,4.128994017585322,30.239999999999444,155.62924933596275
5,562,997476,3.7742538452148438,2250,timeout,5.571043657612768,45.000000000001435,-73.12350709825877
5,563,1000304,3.6323699951171875,1944,miss,8.721049659592213,38.88000000000048,-80.51375124912784
5,564,1000556,-11.84897232055664,2225,miss,5.0534695564249485,44.50000000000136,-87.1943502508452
5,565,1001228,135.3676300048828,938,hit,4.541464175072432,18.75999999999969,164.8445471312664
5,566,1001908,130.85128784179688,1514,hit,4.492000528636325,30.279999999999443,156.16843542064146
5,567,1004940,119.22543334960938,758,hit,4.7377468225741595,15.159999999999766,149.75777608018055
5,568,1005388,125.87459564208984,1040,hit,4.486499963368453,20.799999999999645,149.35570710109084
5,569,1007060,18.92648696899414,1626,miss,5.1611779746646,32.519999999999484,-54.42875818260304
5,570,1007996,128.65740966796875,764,hit,1.2527912429397472,15.279999999999763,154.52540856906762
5,571,1008412,130.3965301513672,756,hit,2.7206818158886956,15.119999999999767,156.96441307289
5,572,1008456,115.23760986328125,2038,hit,3.987064163128781,40.76000000000077,137.4983457017466
5,573,1013164,126.45164489746094,1177,hit,3.3965837496720988,23.539999999999587,147.9356108692937
5,574,1013740,129.0078582763672,1332,hit,4.9398200191331085,26.63999999999952,154.71268594414113
5,575,1015968,125.26463317871094,701,hit,4.368197501329321,14.01999999999979,151.84759845293684
5,576,1016060,-16.720958709716797,2250,timeout,6.757220909473497,45.000000000001435,-88.37244817001061
5,577,1016996,-13.104732513427734,2250,timeout,5.078287777351873,45.000000000001435,-85.78063298641885
5,578,1017036,130.77110290527344,824,hit,1.770114826736149,16.479999999999738,156.26734539511784
5,579,1018744,126.2083969116211,694,hit,3.5844693525630476,13.879999999999793,156.13537117876612
5,580,1019620,131.14739990234375,890,hit,3.7705488923322665,17.79999999999971,161.8281836093554
5,581,1020740,134.86837768554688,936,hit,4.0308615049645695,18.71999999999969,162.21431171838623
5,582,1021396,125.98146057128906,663,hit,4.13934059183853,13.259999999999806,153.41343118789206
5,583,1021792,130.1830291748047,1189,hit,4.3894974412764824,23.779999999999582,159.6274586534841
6,584,1027012,127.25908660888672,753,hit,2.597180692544319,15.059999999999768,155.92279453577035
6,585,1028220,125.11238098144531,1055,hit,4.21425650362102,21.09999999999964,155.59941943187584
6,586,1032908,-13.335193634033203,2227,miss,7.593167813561706,44.54000000000136,-88.20136354098916
6,587,1033000,-35.10958480834961,2250,timeout,5.007755398750738,45.000000000001435,-92.26307682701754
6,588,1035980,103.02206420898438,2242,hit,3.8206045388915424,44.84000000000141,124.61924134693797
6,589,1036020,128.58843994140625,778,hit,3.0435065655853983,15.559999999999757,152.85608598831618
6,590,1037060,-23.764816284179688,2210,miss,10.54786580147294,44.20000000000131,-81.47361572802276
6,591,1039628,121.5020751953125,642,hit,1.9966020555334885,12.839999999999815,151.10721952451482
6,592,1040184,124.0853271484375,1041,hit,4.876734447942236,20.819999999999645,145.3573027209179
6,593,1041064,127.55892944335938,1271,hit,4.028160273035067,25.419999999999547,145.23463897720148
6,594,1042000,19.73773956298828,2250,timeout,5.53184999144762,45.000000000001435,-82.50834594049113
6,595,1043384,128.60975646972656,800,hit,2.596601654375086,15.999999999999748,154.62708202121948
6,596,1043684,122.82759094238281,1014,hit,3.015048835807884,20.279999999999657,145.61153934360945
6,597,1046012,134.69680786132812,1003,hit,1.9542849098809563,20.05999999999966,161.98487516471084
6,598,1046212,125.75048828125,707,hit,3.0109586615358177,14.139999999999787,154.7429574870288
6,599,1050016,122.90386199951172,1001,hit,4.45881536754083,20.019999999999662,153.15383382852963
6,600,1050064,-7.36236572265625,2250,timeout,7.433065919368133,45.000000000001435,-71.20769215895348
6,601,1052684,-22.768218994140625,2250,timeout,8.751915771435533,45.000000000001435,-92.35702602501286
6,602,1052876,18.36911964416504,1666,miss,7.2662134116741735,33.31999999999961,-47.36372309108607
6,603,1053116,126.57740020751953,763,hit,4.830380257605665,15.259999999999764,151.85373382684048
6,604,1056188,128.97035217285156,828,hit,4.53668659577583,16.559999999999736,161.30708851190664
6,605,1056812,129.87265014648438,924,hit,4.855481798202209,18.479999999999695,162.47495889768763
6,606,1059016,-8.809532165527344,2250,timeout,7.013394866050297,45.000000000001435,-85.81306835302505
6,607,1061684,8.817363739013672,2250,timeout,5.220655249715536,45.000000000001435,-72.38374208518522
6,608,1062432,129.85916137695312,854,hit,4.618779539132515,17.079999999999725,159.7787960841746
6,609,1064896,131.4210662841797,803,hit,4.469941438903715,16.059999999999746,159.0665020050679
6,610,1065188,-46.40830612182617,2250,timeout,5.103658128996404,45.000000000001435,-108.08589867156981
6,611,1065812,-43.59575271606445,2250,timeout,12.97197177433398,45.000000000001435,-100.98068862948055
6,612,1067072,128.03005981445312,1160,hit,3.513407920960437,23.199999999999594,148.67812464807776
6,613,1067776,126.69562530517578,720,hit,3.7932949924543844,14.399999999999782,152.23729023828437
6,614,1069344,125.07380676269531,883,hit,4.906166475897385,17.659999999999712,152.11434135207844
6,615,1069612,115.59626007080078,1106,hit,4.970027369304089,22.119999999999617,143.44341267373167
6,616,1071540,134.4488525390625,941,hit,3.6338560924461305,18.819999999999688,161.87707479539694
6,617,1072572,131.96786499023438,1375,hit,4.580326272069702,27.499999999999503,155.4722873156201
6,618,1073760,115.92105865478516,1104,hit,3.96094716903373,22.079999999999618,146.45881288905082
6,619,1075808,132.20358276367188,809,hit,3.5484647181235203,16.179999999999744,161.35941670330627
6,620,1078052,132.6027069091797,1073,hit,3.5770004126052015,21.45999999999963,158.70710820938493
6,621,1078612,-27.88115692138672,2250,timeout,5.940697764457402,45.000000000001435,-85.89220918459225
6,622,1080540,-67.01337432861328,2250,timeout,8.193804305105132,45.000000000001435,-79.0643406245421
6,623,1080904,126.68181610107422,713,hit,3.1548013251515514,14.259999999999785,156.99752660559736
6,624,1083104,121.27656555175781,641,hit,3.2318539206319454,12.819999999999816,151.9029733791276
6,625,1083164,133.58074951171875,1138,hit,3.975772836109592,22.759999999999604,158.2084266285069
6,626,1084808,-36.08610916137695,2250,timeout,5.199590788588122,45.000000000001435,-71.31315531256638
6,627,1085860,129.86849975585938,1239,hit,4.361134418371,24.77999999999956,160.44089908024273
6,628,1086024,128.99363708496094,730,hit,4.0757332183127915,14.599999999999778,157.2648688323609
6,629,1088216,133.93649291992188,852,hit,2.0510824667303766,17.039999999999726,163.326885152388
6,630,1089064,131.86956787109375,801,hit,4.46829591115771,16.019999999999747,160.2287295708976
6,631,1092164,-15.849552154541016,2250,timeout,5.121246778055336,45.000000000001435,-71.37287006886599
6,632,1094372,62.7979850769043,2087,hit,1.9874232427204124,41.740000000000926,124.2490990164526
6,633,1094448,129.84219360351562,1346,hit,4.97500286515444,26.919999999999515,156.803864874098
6,634,1097136,122.34545135498047,691,hit,3.606028414781098,13.819999999999794,153.12417246152245
6,635,1097208,129.1692352294922,1261,hit,3.4819601111258596,25.21999999999955,154.93237418633967
6,636,1097216,8.270631790161133,2250,timeout,5.6512978318918865,45.000000000001435,-83.52466256529596
6,637,1098220,131.5049285888672,943,hit,4.757995649868671,18.859999999999687,158.50843213707026
6,638,1100272,131.90997314453125,784,hit,2.1228014657480214,15.679999999999755,154.51909020818005
6,639,1101020,125.13874816894531,700,hit,4.454863162225363,13.99999999999979,149.1502748203208
6,640,1101648,127.36747741699219,1108,hit,4.959107669581536,22.159999999999616,151.08374557286405
6,641,1103516,133.37039184570312,811,hit,2.19369875342044,16.219999999999743,155.55450653048217
6,642,1106208,-3.2228965759277344,2250,timeout,5.006344124208203,45.000000000001435,-82.29140988165348
6,643,1108736,131.5433349609375,1772,hit,4.448511782078546,35.43999999999994,152.81760939115023
6,644,1110020,6.444362640380859,2250,timeout,6.105722945116023,45.000000000001435,-74.18746941182303
6,645,1111980,133.51153564453125,811,hit,4.28475084101688,16.219999999999743,157.91861483376533
6,646,1112252,128.90658569335938,1511,hit,3.596721340406261,30.219999999999445,156.02295704124666
6,647,1112516,-13.717464447021484,2250,timeout,8.91612527206799,45.000000000001435,-66.06284873920366
6,648,1113632,129.98545837402344,903,hit,3.160970640443966,18.059999999999704,162.03250820799596
6,649,1116020,131.399658203125,876,hit,3.2223652092826627,17.519999999999715,157.95656825211114
6,650,1118208,133.53158569335938,1144,hit,3.496648393565749,22.8799999999996,159.277074238253
6,651,1120372,126.4692611694336,1088,hit,3.1312179083584817,21.759999999999625,151.39797323320562
6,652,1120980,-21.713390350341797,2250,timeout,7.0095054454356625,45.000000000001435,-106.70562204770152
6,653,1121252,-25.287174224853516,2250,timeout,5.482950690843534,45.000000000001435,-81.53123156092423
6,654,1121632,132.57418823242188,856,hit,4.061756690417914,17.119999999999724,163.06432058405392
6,655,1123100,123.52212524414062,682,hit,4.044512602581925,13.639999999999798,154.839156494162
6,656,1123724,117.8582534790039,686,hit,4.872281487881048,13.719999999999796,151.10075610586165
6,657,1124988,123.47383117675781,934,hit,4.830563778947371,18.67999999999969,146.2179116059998
6,658,1125704,131.12088012695312,1018,hit,3.8989825882852847,20.359999999999655,154.4260275861967
6,659,1126952,133.35548400878906,807,hit,3.4941215490734048,16.139999999999745,162.47316465281978
6,660,1127708,126.30887603759766,680,hit,2.018470318524023,13.599999999999799,150.44350444591987
6,661,1128812,130.8319091796875,777,hit,4.649880681382433,15.539999999999758,153.87019272358802
6,662,1129796,127.11038208007812,711,hit,2.769957751386713,14.219999999999786,154.98295702984902
6,663,1130780,131.0986785888672,768,hit,4.507893744079182,15.359999999999761,157.68226407001188
6,664,1132100,1.9534759521484375,2250,timeout,5.5861232007634065,45.000000000001435,-79.54915055513538
6,665,1132176,128.96484375,841,hit,4.68828371960066,16.81999999999973,148.47784733182198
6,666,1132924,131.7238311767578,782,hit,2.1710359063909843,15.639999999999755,156.58394308307192
6,667,1134676,128.49142456054688,974,hit,3.815099205256688,19.479999999999674,151.44136077751696
6,668,1135296,129.51226806640625,780,hit,3.086259275685659,15.599999999999756,153.34266356213539
6,669,1135944,126.97914123535156,755,hit,1.4737908043774608,15.099999999999767,154.00104332884325
6,670,1137364,121.43153381347656,672,hit,4.2108907740172565,13.439999999999802,148.66662660355075
6,671,1138040,128.06884765625,686,hit,2.847056530754707,13.719999999999796,151.63210991735303
6,672,1138980,129.32730102539062,759,hit,1.7287333330868104,15.179999999999765,151.96924256627554
6,673,1140408,115.47343444824219,2077,hit,4.769290225654328,41.540000000000894,132.49651954530202
6,674,1141932,126.71514129638672,738,hit,3.7481819372656915,14.759999999999774,150.85964233081543
6,675,1143080,131.90322875976562,1260,hit,2.619270149400143,25.19999999999955,150.52950306558122
6,676,1144972,-3.9275474548339844,1902,miss,7.067667070685826,38.04000000000035,-63.23197651977737
6,677,1149048,-20.554569244384766,2160,miss,10.050822109024635,43.200000000001154,-84.07633631646267
6,678,1149728,-12.977201461791992,1949,miss,5.3869855135120615,38.980000000000494,-79.12025179751919
6,679,1150012,130.18048095703125,1260,hit,3.2642228645481244,25.19999999999955,153.98703517408777
6,680,1151580,-32.401153564453125,2125,miss,6.2943498437818555,42.500000000001044,-89.00060173022482
6,681,1152320,132.88043212890625,818,hit,3.0658798794529414,16.35999999999974,160.4282741220622
6,682,1152368,114.9352035522461,660,hit,4.210705935662352,13.199999999999807,152.2922312666783
6,683,1153416,133.5169219970703,851,hit,1.0685026972729574,17.019999999999726,162.89332006365507
6,684,1155252,127.50261688232422,733,hit,2.055576464802827,14.659999999999776,150.71735948595693
6,685,1156048,128.32608032226562,920,hit,4.586489995813931,18.399999999999697,148.577059226629
6,686,1156236,130.91754150390625,1164,hit,4.2732441487221475,23.279999999999593,154.74584439914202
6,687,1157840,128.45501708984375,1106,hit,3.5553763075969056,22.119999999999617,152.52468457939105
6,688,1158900,135.516845703125,912,hit,3.5582131195595434,18.2399999999997,160.51650435204806
6,689,1160444,121.55154418945312,651,hit,4.4969836919529795,13.019999999999811,153.03822129186824
6,690,1160668,127.8804931640625,1155,hit,4.598930539522052,23.099999999999596,151.81319190666326
6,691,1163912,134.93763732910156,867,hit,3.450920288806198,17.33999999999972,160.3758080399831
6,692,1165236,-23.005268096923828,2250,timeout,6.514933267837677,45.000000000001435,-68.65587346952593
6,693,1165444,128.59129333496094,1194,hit,3.165198290323347,23.87999999999958,151.24262476951796
6,694,1167900,-9.108428955078125,2250,timeout,8.834981609211953,45.000000000001435,-69.23049013942452
6,695,1168672,132.46316528320312,1190,hit,3.2061978696634013,23.79999999999958,155.28347607215935
6,696,1169168,134.45347595214844,983,hit,0.9766757994478211,19.65999999999967,160.87838458702626
6,697,1169340,135.51284790039062,974,hit,4.791990860953584,19.479999999999674,164.56255659267043
6,698,1171312,134.97267150878906,853,hit,3.3599200147160913,17.059999999999725,166.17926787758256
6,699,1172388,131.67955017089844,805,hit,2.5213636157688812,16.099999999999746,156.46229531560326
6,700,1173284,129.29190063476562,1153,hit,2.718337278175942,23.059999999999597,145.73697744321723
6,701,1174284,129.05596923828125,1236,hit,4.897293610569625,24.719999999999562,155.921420146382
6,702,1175464,133.59640502929688,1038,hit,3.6526190936524356,20.759999999999646,158.4849218354154
6,703,1176944,133.86148071289062,1139,hit,4.855012873571128,22.779999999999603,160.56216007270513
6,704,1178148,134.1392364501953,966,hit,3.2392523071907666,19.319999999999677,163.5018455608245
6,705,1178364,126.0440902709961,725,hit,1.5773575792827763,14.49999999999978,150.64802088772552
6,706,1181796,120.28311920166016,912,hit,4.707747977548418,18.2399999999997,146.32405496342454
6,707,1182100,123.71124267578125,1289,hit,4.258996122693236,25.77999999999954,152.41676353965718
6,708,1182284,-15.989490509033203,2250,timeout,6.672906919278432,45.000000000001435,-85.03326170838339
6,709,1184700,130.69908142089844,726,hit,3.570552463514395,14.51999999999978,151.787808138338
6,710,1186104,133.69119262695312,1001,hit,4.9308026087361245,20.019999999999662,155.97280763143488
6,711,1187364,-53.12844467163086,2250,timeout,6.118289809890509,45.000000000001435,-76.03210506762426
6,712,1188280,132.9297332763672,895,hit,4.744347038463805,17.899999999999707,152.15636916656246
6,713,1189152,128.50660705566406,1717,hit,4.514644493848978,34.33999999999977,150.2072658789046
6,714,1190376,116.59332275390625,1068,hit,2.7844052103402994,21.359999999999634,147.74755447496034
6,715,1191484,130.59674072265625,801,hit,4.669042795613879,16.019999999999747,159.44372270096687
6,716,1192004,126.73774719238281,713,hit,2.3923845998598505,14.259999999999785,155.02945558924898
6,717,1194332,127.40400695800781,712,hit,0.9752779923520262,14.239999999999785,150.96246134428253
6,718,1195436,131.72789001464844,858,hit,4.519786497827685,17.159999999999723,165.23024667778975
6,719,1196132,130.21266174316406,1439,hit,3.9067594474366163,28.779999999999475,148.1242052321398
6,720,1196364,-3.1432113647460938,2250,timeout,5.204397825170258,45.000000000001435,-92.79414024265695
6,721,1199124,136.43856811523438,922,hit,1.5723684970991956,18.439999999999696,162.92234941501965
6,722,1200988,124.2507553100586,1214,hit,4.213827658024275,24.27999999999957,144.75516441774658
6,723,1201728,-9.031997680664062,1849,miss,8.821749712500898,36.98000000000018,-75.27402747614738
6,724,1202420,134.2539825439453,824,hit,3.1112750729409067,16.479999999999738,159.53624454612805
6,725,1205032,125.27650451660156,653,hit,3.6035499563977305,13.05999999999981,151.29471422008996
6,726,1205192,135.14059448242188,866,hit,1.8393384580281218,17.31999999999972,164.88913112175385
6,727,1205364,-50.20159912109375,2250,timeout,13.73173171957365,45.000000000001435,-69.37867884984007
6,728,1208080,124.90955352783203,679,hit,3.7292744558808777,13.5799999999998,153.04552738711817
6,729,1208564,130.97705078125,843,hit,3.877020862889983,16.85999999999973,156.54096386159108
6,730,1208884,134.80043029785156,963,hit,3.9524744958179454,19.25999999999968,163.83308665257186
6,731,1209988,-18.934646606445312,2250,timeout,6.160862192045041,45.000000000001435,-104.53868318006586
6,732,1211496,132.2992706298828,854,hit,2.4419973864251183,17.079999999999725,165.22222954832267
6,733,1211548,128.42684936523438,746,hit,4.9302560714544486,14.91999999999977,152.74586879878805
6,734,1211964,127.28900146484375,770,hit,3.6676131756328996,15.39999999999976,152.85658171462322
6,735,1215412,133.8024444580078,979,hit,3.4435567880652043,19.57999999999967,164.35588543869306
6,736,1215876,134.10964965820312,978,hit,4.0815409910761895,19.559999999999672,164.71424822077353
6,737,1218988,-36.73863220214844,2250,timeout,6.200267008682271,45.000000000001435,-95.74773176930104
6,738,1220548,-57.68451690673828,2250,timeout,12.28891846348747,45.000000000001435,-82.54378509497693
6,739,1221392,125.91899108886719,1379,hit,2.812825391156151,27.5799999999995,148.24244723885326
6,740,1222508,134.20883178710938,880,hit,4.512168954326321,17.599999999999714,158.92013433890156
6,741,1224236,134.38780212402344,922,hit,4.711616509808037,18.439999999999696,157.95335136658358
6,742,1224412,-15.524559020996094,2250,timeout,9.125553121493112,45.000000000001435,-71.07552690585646
6,743,1224488,130.9564971923828,774,hit,3.1018137107215584,15.479999999999759,159.5484706961363
6,744,1225604,130.96966552734375,774,hit,3.895730072528013,15.479999999999759,160.94480614542476
6,745,1227088,122.68643188476562,669,hit,3.1279908078135565,13.379999999999804,150.12692427405167
6,746,1227316,131.7940673828125,770,hit,1.3429904651043265,15.39999999999976,157.4378968413585
7,747,1231648,164.2307586669922,712,hit,4.838779488262218,14.239999999999785,155.94312857234692
7,748,1232444,160.45657348632812,911,hit,3.787378710081006,18.2199999999997,168.05014245328957
7,749,1235636,177.61428833007812,1709,hit,4.646837078642256,34.179999999999744,160.0943933803214
7,750,1237800,-11.379161834716797,2250,timeout,8.172132903327222,45.000000000001435,-77.93312340816672
7,751,1238884,183.19268798828125,812,hit,3.3340872972391837,16.239999999999743,164.70384137519397
7,752,1240648,-22.813095092773438,2250,timeout,6.158173322348788,45.000000000001435,-104.7223347286525
7,753,1240684,-14.833255767822266,2060,miss,5.4304565679472,41.20000000000084,-64.18186105281212
7,754,1245828,2.612272262573242,1736,miss,6.115709758772532,34.71999999999983,-62.940625549793644
7,755,1246768,159.3944854736328,2242,hit,2.3325594369328715,44.84000000000141,130.86460391718913
7,756,1249200,173.95718383789062,843,hit,2.5849660873464693,16.85999999999973,169.28091127296452
7,757,1249648,-19.815982818603516,2250,timeout,7.92028253875804,45.000000000001435,-87.54180968965512
7,758,1249684,-26.045814514160156,2250,timeout,6.344607111905837,45.000000000001435,-97.62717071286957
7,759,1250192,170.2139892578125,856,hit,4.440838261773463,17.119999999999724,162.9842595380979
7,760,1252380,166.5537872314453,795,hit,1.5715620713232776,15.89999999999975,162.10979431840494
7,761,1252472,179.16322326660156,697,hit,4.0118945735107285,13.939999999999792,155.8408371121442
7,762,1252656,158.11898803710938,752,hit,4.573639495918178,15.039999999999768,156.2997080313783
7,763,1254952,163.12579345703125,1190,hit,4.294378074040878,23.79999999999958,153.36114573392842
7,764,1255836,170.12896728515625,795,hit,2.306581666087187,15.89999999999975,155.69217320788857
7,765,1256184,153.6713104248047,928,hit,4.158851634925378,18.559999999999693,169.46763056083185
7,766,1258288,156.4061279296875,834,hit,3.732978772479169,16.679999999999733,162.75213987373343
7,767,1258568,158.34588623046875,1547,hit,3.3583783197056483,30.93999999999943,154.54667752515493
7,768,1259452,168.60165405273438,904,hit,2.6719956620036847,18.079999999999703,162.94407821925543
7,769,1259668,160.75413513183594,871,hit,3.4467911129429374,17.419999999999717,164.15766101079475
7,770,1263056,161.63558959960938,901,hit,3.0103679438061186,18.019999999999705,168.00408769633867
7,771,1264764,168.96246337890625,1549,hit,3.817143991202377,30.97999999999943,159.4154675556765
7,772,1266896,-21.099712371826172,2152,miss,5.5311977262882,43.04000000000113,-87.97816412532946
7,773,1268656,177.20654296875,1400,hit,4.66203855415098,27.999999999999492,158.98459371238408
7,774,1268668,-44.147037506103516,2250,timeout,13.401604322636187,45.000000000001435,-60.59130088689444
7,775,1271280,169.24534606933594,656,hit,1.1587710975333105,13.11999999999981,152.81361745861233
7,776,1271480,145.09295654296875,1146,hit,4.331028310333748,22.9199999999996,147.14871137799372
7,777,1272136,177.86325073242188,867,hit,2.8787948043141878,17.33999999999972,164.24595815092982
7,778,1273764,-1.3902854919433594,2250,timeout,6.353740277777499,45.000000000001435,-78.42309347597545
7,779,1274780,171.0181427001953,661,hit,2.626319548537575,13.219999999999807,152.01606752592338
7,780,1275724,158.0440216064453,1061,hit,3.1613789217854698,21.219999999999636,162.82826045678897
7,781,1276664,153.27630615234375,1346,hit,4.87699330076528,26.919999999999515,157.11079624191046
7,782,1278344,161.0814971923828,891,hit,3.622599576185495,17.81999999999971,169.65108729153425
7,783,1278420,159.8737335205078,674,hit,1.6348939414809107,13.479999999999801,154.76761548430642
7,784,1281212,165.33633422851562,698,hit,3.2417330730860674,13.959999999999791,157.4382081715956
7,785,1281752,181.15786743164062,1272,hit,3.9576942800373356,25.439999999999547,158.1171027901349
7,786,1282764,-27.86568832397461,2250,timeout,6.461408117801709,45.000000000001435,-78.8571421008596
7,787,1283888,169.78660583496094,1386,hit,4.667933828431696,27.719999999999498,159.43011026459754
7,788,1284480,170.217529296875,817,hit,3.327153354903288,16.33999999999974,160.20404248742258
7,789,1285048,168.7203826904297,824,hit,2.2977480021226246,16.479999999999738,160.99163331763452
7,790,1285920,181.72262573242188,789,hit,4.6218851123570275,15.779999999999752,168.0019381402202
7,791,1287220,164.3072967529297,833,hit,4.572603033440298,16.659999999999734,163.4566871024621
7,792,1290036,171.19789123535156,1029,hit,3.259918504111293,20.57999999999965,161.8773901832791
7,793,1290172,175.4749755859375,738,hit,2.906968292705488,14.759999999999774,158.58019998654973
7,794,1290900,17.900510787963867,1463,miss,7.91947674269132,29.259999999999465,-58.24252506039238
7,795,1293316,6.697246551513672,2209,miss,5.217140422136217,44.18000000000131,-77.08922310001974
7,796,1295332,148.29519653320312,1108,hit,4.7052253097449865,22.159999999999616,157.06392525627592
7,797,1295480,161.09970092773438,1327,hit,3.2290514585773336,26.539999999999523,154.54406380543318
7,798,1295812,170.92604064941406,1444,hit,2.709864139785229,28.879999999999473,156.1852725334545
7,799,1296272,164.55215454101562,739,hit,3.315743590080368,14.779999999999774,159.11274028261474
7,800,1298808,150.77621459960938,749,hit,4.427717519864056,14.97999999999977,159.64103824729324
7,801,1299396,161.59878540039062,1016,hit,2.6775173164584865,20.319999999999656,149.66907635179362
7,802,1300340,162.371826171875,1215,hit,2.8406583541363792,24.29999999999957,157.25337802184745
7,803,1300948,172.7036895751953,1169,hit,3.802441354835235,23.37999999999959,157.98934351069525
7,804,1302236,164.7913055419922,857,hit,2.4942193390653213,17.139999999999723,162.61253008494134
7,805,1302864,152.8286590576172,867,hit,4.593033859501784,17.33999999999972,167.99702620345124
7,806,1303528,175.2587890625,797,hit,2.281281068611359,15.939999999999749,151.51645966815315
7,807,1306324,176.912353515625,865,hit,0.8499187551073638,17.29999999999972,167.5262622960459
7,808,1307096,150.87228393554688,892,hit,4.4733652793249155,17.83999999999971,157.56348245645796
7,809,1307496,147.32867431640625,1315,hit,4.662344455376308,26.299999999999528,162.1034127499597
7,810,1309948,-14.506158828735352,2250,timeout,15.733545712662211,45.000000000001435,-78.37304421725263
7,811,1310504,173.13088989257812,752,hit,1.5802550103077009,15.039999999999768,162.25930650432028
7,812,1313812,165.88638305664062,966,hit,3.3564388735990955,19.319999999999677,166.00035953863375
7,813,1314108,178.61978149414062,901,hit,0.862723406740631,18.019999999999705,168.9562309131036
7,814,1315324,22.794588088989258,2250,timeout,5.639717356446082,45.000000000001435,-78.43414341056588
7,815,1316096,-51.41142272949219,2250,timeout,9.744838876424545,45.000000000001435,-76.65565961511776
7,816,1317280,165.2401885986328,867,hit,2.361480278714595,17.33999999999972,164.77825456637675
7,817,1320260,163.317138671875,745,hit,3.564606587256505,14.899999999999771,149.9854697531867
7,818,1322868,-49.907840728759766,2190,miss,9.606826828466048,43.80000000000125,-81.42695380858888
7,819,1323544,157.767822265625,821,hit,4.426239886821655,16.41999999999974,163.9400905309918
7,820,1324324,-24.351417541503906,2250,timeout,5.135756065272417,45.000000000001435,-94.89950625363974
7,821,1325096,18.480487823486328,2250,timeout,20.682930056188503,45.000000000001435,-59.1380248319387
7,822,1326368,154.01815795898438,706,hit,3.5480049791088546,14.119999999999788,160.05925676919674
7,823,1327764,142.7547607421875,1224,hit,4.276207996366452,24.479999999999567,151.50967368599015
7,824,1332448,149.45291137695312,1171,hit,3.2463298120998587,23.41999999999959,149.36841578104753
7,825,1333324,9.758842468261719,2250,timeout,9.68254771445376,45.000000000001435,-66.77457542944788
7,826,1334096,-27.04580307006836,2250,timeout,7.1157802771741405,45.000000000001435,-69.39277284186697
7,827,1335368,-19.607402801513672,2250,timeout,6.5274666078855486,45.000000000001435,-76.03429891841924
7,828,1336116,158.36575317382812,917,hit,4.909732972955126,18.339999999999698,147.8065409768352
7,829,1336204,161.3660888671875,720,hit,2.4837219634150043,14.399999999999782,159.7221429114422
7,830,1337812,156.72218322753906,929,hit,3.4428538906550945,18.579999999999693,161.11530446170562
7,831,1338816,150.1652374267578,862,hit,4.921981894631091,17.23999999999972,163.5925841057633
7,832,1340948,166.21670532226562,1186,hit,2.1329753728412975,23.719999999999583,149.1414334533744
7,833,1342672,172.37452697753906,1215,hit,4.175569565155206,24.29999999999957,156.64343125051698
7,834,1343532,165.88600158691406,646,hit,1.4948821550742915,12.919999999999813,152.73125937713326
7,835,1344472,169.25086975097656,1414,hit,4.808456429770333,28.279999999999486,164.60835133768796
7,836,1345116,-18.609649658203125,2250,timeout,5.795088897902844,45.000000000001435,-65.86892980333275
7,837,1347752,138.449951171875,1055,hit,4.893409886042767,21.09999999999964,152.14595102374017
7,838,1349172,171.10797119140625,1014,hit,2.6484261584508078,20.279999999999657,162.66357222969623
7,839,1351672,-11.678817749023438,2250,timeout,8.760821987126006,45.000000000001435,-95.91376202358741
7,840,1352928,152.94583129882812,1294,hit,3.8119576344659913,25.879999999999537,148.55445196118868
7,841,1353472,-24.404006958007812,2250,timeout,5.343677338529263,45.000000000001435,-92.46368822263663
7,842,1356472,174.5531463623047,750,hit,0.7762667512749752,14.999999999999769,158.44412262155714
7,843,1356616,156.5779266357422,922,hit,4.583952187118623,18.439999999999696,169.63969094545848
7,844,1358172,-30.486774444580078,2250,timeout,6.474219248604021,45.000000000001435,-84.7900358656282
7,845,1359812,169.81552124023438,835,hit,1.7553172666460948,16.699999999999733,162.52782992819766
7,846,1359924,161.24693298339844,827,hit,2.5064871110283184,16.539999999999736,162.6663033495342
7,847,1360672,1.5984668731689453,2250,timeout,6.124149749932584,45.000000000001435,-68.87179865175575
7,848,1363304,156.12074279785156,658,hit,3.881207491122013,13.159999999999808,156.84557611042942
7,849,1363580,168.54248046875,942,hit,3.2391022705911965,18.839999999999687,149.30197661834413
7,850,1365484,145.27340698242188,1390,hit,4.199526221165824,27.799999999999496,145.76730103355288
7,851,1366512,167.1932373046875,733,hit,2.740219708094377,14.659999999999776,152.87791952388392
7,852,1367172,-23.437793731689453,2250,timeout,7.622146349865882,45.000000000001435,-88.31600389762944
7,853,1369276,163.0662384033203,691,hit,1.8165643199484007,13.819999999999794,152.52836222814128
7,854,1372084,-6.356998443603516,2195,miss,7.780630308401082,43.90000000000126,-76.62325090293682
7,855,1374484,-36.6487922668457,2250,timeout,6.8047775716022505,45.000000000001435,-64.9572901649339
7,856,1375132,163.21510314941406,762,hit,4.131295207832858,15.239999999999764,155.2039622726333
7,857,1376172,-34.799739837646484,2250,timeout,6.3449149301373104,45.000000000001435,-58.6952668121548
7,858,1378276,-67.80815887451172,2250,timeout,10.718081308699814,45.000000000001435,-93.02731369732521
7,859,1379336,158.63961791992188,791,hit,4.60266929404897,15.819999999999752,158.24000766391637
7,860,1379456,156.14566040039062,1243,hit,3.898031543092442,24.85999999999956,164.60585793180962
7,861,1379716,160.2265167236328,1146,hit,2.7930112056687992,22.9199999999996,150.0123700263816
7,862,1382532,172.224609375,769,hit,2.0897586099035954,15.379999999999761,157.15915332564094
7,863,1383252,168.05471801757812,979,hit,2.1708752284521244,19.57999999999967,167.48599139648053
7,864,1383832,162.7772674560547,1029,hit,4.4101776337264935,20.57999999999965,152.59423627489468
7,865,1387276,-11.228300094604492,2250,timeout,6.716607568684538,45.000000000001435,-67.56441760664296
7,866,1387376,157.11941528320312,886,hit,3.571988686311003,17.71999999999971,168.68877639399415
7,867,1390788,163.52171325683594,853,hit,3.3480817786643358,17.059999999999725,160.93250721344393
7,868,1391532,-5.598518371582031,2250,timeout,5.790745664574751,45.000000000001435,-69.28665119272418
7,869,1392252,-11.189079284667969,2250,timeout,5.114031630222568,45.000000000001435,-96.97748109224057
7,870,1394100,161.21214294433594,828,hit,2.7392554229447437,16.559999999999736,163.17199095814726
7,871,1394172,157.998779296875,660,hit,2.740573097429342,13.199999999999807,152.57872571671479
7,872,1395380,-16.540443420410156,2026,miss,6.686642997418264,40.520000000000735,-65.2761892898945
7,873,1395912,156.94070434570312,915,hit,4.008132700733772,18.2999999999997,168.59215851035805
7,874,1398596,175.75660705566406,804,hit,1.702436483708122,16.079999999999746,158.9647685584943
7,875,1400072,173.4761505126953,1040,hit,4.905198412866063,20.799999999999645,153.22152514549535
7,876,1402072,165.82806396484375,869,hit,2.8319938019726045,17.37999999999972,168.31598085836603
7,877,1403100,18.32162857055664,2250,timeout,6.897952163588845,45.000000000001435,-68.95076962187474
7,878,1403172,1.9154109954833984,2250,timeout,11.321046347897044,45.000000000001435,-79.02636132613429
7,879,1405616,172.81387329101562,886,hit,2.6644207433215934,17.71999999999971,164.01568530746562
7,880,1406572,175.90484619140625,850,hit,0.8744022732559305,16.999999999999726,162.14203078769327
7,881,1407236,162.4759979248047,1034,hit,2.9639443893915547,20.679999999999648,152.69461959639207
7,882,1409072,8.706987380981445,2250,timeout,14.430280232945236,45.000000000001435,-63.11045408906763
7,883,1409724,176.15614318847656,788,hit,4.706916854144797,15.759999999999753,161.65011242486838
7,884,1411216,159.39422607421875,1400,hit,2.7529219451184392,27.999999999999492,151.88741468100665
7,885,1412808,166.37469482421875,771,hit,1.7837416809219941,15.41999999999976,156.4534951693388
7,886,1413044,150.58802795410156,993,hit,4.147663518849624,19.859999999999665,170.02056283847438
7,887,1415700,169.21702575683594,723,hit,1.5302160164922167,14.45999999999978,156.06368840641372
7,888,1416236,-29.882343292236328,2250,timeout,8.893840031698955,45.000000000001435,-97.29966537474432
7,889,1416588,156.98370361328125,886,hit,4.8074754851665755,17.71999999999971,165.77345437333173
7,890,1418904,162.01019287109375,801,hit,3.325993931542614,16.019999999999747,164.58177244715986
7,891,1419964,172.1489715576172,844,hit,4.60729223387346,16.87999999999973,162.9925164466278
7,892,1420216,-29.414554595947266,2250,timeout,5.019722658348017,45.000000000001435,-83.25427167812526
7,893,1423144,149.9053955078125,732,hit,4.081390572392189,14.639999999999777,162.36061945399132
7,894,1424744,148.8621063232422,1195,hit,3.912924317364033,23.89999999999958,148.51230581556607
7,895,1425236,-50.70843505859375,2250,timeout,19.47782792410087,45.000000000001435,-77.50641842669617
7,896,1427904,-9.715656280517578,2250,timeout,6.121319663589351,45.000000000001435,-98.20794086953235
7,897,1428004,151.6515655517578,692,hit,3.3366243297003826,13.839999999999794,155.6181277730435
7,898,1428164,166.3569793701172,855,hit,4.006982391676187,17.099999999999724,156.37481682206936
7,899,1429052,162.48385620117188,1477,hit,3.1543522400974675,29.53999999999946,159.27373359582447
7,900,1431648,163.6096649169922,871,hit,2.9985361242325705,17.419999999999717,164.83594511126984
7,901,1431836,162.84249877929688,696,hit,1.2440450499798381,13.919999999999792,152.45900958860227
7,902,1432764,165.80335998535156,1215,hit,4.572897026492506,24.29999999999957,162.25576243598545
8,903,1437412,176.77651977539062,953,hit,3.40645477422127,19.059999999999683,166.21649991397157
8,904,1437512,156.7053680419922,978,hit,4.77993432629603,19.559999999999672,148.0032121820682
8,905,1438552,161.86676025390625,1238,hit,4.708264314889129,24.75999999999956,162.0276022086652
8,906,1441500,174.36318969726562,997,hit,4.536712559753722,19.939999999999664,167.9514038090909
8,907,1442456,165.72805786132812,976,hit,4.196950078614582,19.519999999999673,169.58157900995457
8,908,1442600,-25.200824737548828,2250,timeout,10.58019766332779,45.000000000001435,-78.43048393393306
8,909,1445324,163.65756225585938,681,hit,2.5087789556861533,13.619999999999798,153.7134204271089
8,910,1445744,181.4524383544922,1061,hit,4.0858964959934525,21.219999999999636,156.41101189491542
8,911,1445804,148.69886779785156,837,hit,4.915917745542931,16.739999999999732,154.1534094517968
8,912,1446412,-22.79062271118164,2250,timeout,7.311625386673453,45.000000000001435,-75.26513563669779
8,913,1448984,177.04122924804688,810,hit,3.906476117400259,16.199999999999743,158.8471645963469
8,914,1449076,167.03793334960938,938,hit,3.918578333437159,18.75999999999969,157.9193289852656
8,915,1452788,173.70806884765625,928,hit,2.0678758562245836,18.559999999999693,156.38540535837316
8,916,1452936,164.64305114746094,988,hit,4.016247867572259,19.759999999999668,156.01016507800307
8,917,1453612,104.00340270996094,1952,hit,4.6844744267748695,39.040000000000504,133.4555215277964
8,918,1455412,6.082111358642578,2250,timeout,7.306102304827648,45.000000000001435,-83.74677501425336
8,919,1455780,154.72378540039062,711,hit,2.7039240236536237,14.219999999999786,156.6622781412153
8,920,1456916,152.15171813964844,826,hit,4.603756818926893,16.519999999999737,159.0454362072444
8,921,1459380,171.0582733154297,992,hit,3.0382340014506566,19.839999999999666,163.95943753278073
8,922,1461788,-11.544185638427734,2250,timeout,5.823401034657647,45.000000000001435,-62.65884880963314
8,923,1463036,169.47073364257812,914,hit,4.0918425816598125,18.2799999999997,165.94222456594002
8,924,1464536,152.94288635253906,687,hit,3.7072728547525347,13.739999999999796,158.0742145013585
8,925,1464780,-17.748367309570312,2250,timeout,8.113283417383023,45.000000000001435,-87.63605927881288
8,926,1465580,-9.79025650024414,2166,miss,5.183516031335782,43.32000000000117,-65.49631191933335
8,927,1466220,177.78466796875,796,hit,0.6395107942945167,15.91999999999975,166.00239983429137
8,928,1468384,162.11692810058594,901,hit,3.0393597671205854,18.019999999999705,152.2257923432132
8,929,1468624,170.7075958251953,1022,hit,3.99050772917297,20.439999999999653,160.02475489643672
8,930,1470116,180.68768310546875,1134,hit,2.129633743987001,22.679999999999605,165.09017758487155
8,931,1472212,168.34881591796875,957,hit,2.1722803745245747,19.13999999999968,169.6702277505243
8,932,1472800,150.65521240234375,671,hit,4.68847748022442,13.419999999999803,153.35348912126364
8,933,1473380,169.22727966308594,1189,hit,2.5880742881218635,23.779999999999582,151.38272998087461
8,934,1475220,-34.08055114746094,2250,timeout,6.468918480807798,45.000000000001435,-61.788007744055015
8,935,1476372,151.8345947265625,748,hit,3.4227827157662603,14.95999999999977,159.4063926557866
8,936,1476556,181.1582794189453,939,hit,4.074962969394171,18.77999999999969,169.60401996677444
8,937,1477020,161.09938049316406,1202,hit,4.525850466299415,24.039999999999576,151.48294633942987
8,938,1478092,168.6261444091797,718,hit,2.3180681321063825,14.359999999999783,155.8575425363863
8,939,1479244,174.37435913085938,718,hit,0.9785683335414316,14.359999999999783,158.9800041950493
8,940,1479896,167.1908416748047,835,hit,3.444230162295373,16.699999999999733,160.32633422580048
8,941,1481180,155.77711486816406,772,hit,4.004923118782282,15.43999999999976,165.04186821969034
8,942,1481400,155.38827514648438,1095,hit,3.836522111121701,21.899999999999622,156.696349259847
8,943,1483448,157.6829833984375,888,hit,4.675351320410568,17.75999999999971,168.97189178385185
8,944,1484776,167.22682189941406,844,hit,2.239782475028451,16.87999999999973,163.52011826377188
8,945,1485904,-5.922065734863281,1665,miss,7.798652220402762,33.299999999999606,-75.22556508704209
8,946,1488924,163.18890380859375,1369,hit,4.361808398028308,27.379999999999505,159.0457972480643
8,947,1489912,-9.332954406738281,2183,miss,7.0675986626313145,43.660000000001226,-76.78435518712016
8,948,1490080,159.73489379882812,1326,hit,3.0245582880336954,26.519999999999524,154.7424301711873
8,949,1493588,158.42417907714844,877,hit,3.985409474301346,17.539999999999715,166.59634343651305
8,950,1493628,147.86563110351562,1176,hit,4.858904545914745,23.519999999999587,157.73790037379976
8,951,1494812,-12.567008972167969,2227,miss,5.9412560132257495,44.54000000000136,-88.95940172100403
8,952,1496216,149.02989196777344,657,hit,4.056409383532458,13.139999999999809,155.62591674229623
8,953,1498704,148.54672241210938,622,hit,3.507356356859681,12.439999999999824,153.47179521232152
8,954,1498912,-43.54508590698242,2250,timeout,6.452856697367324,45.000000000001435,-85.16059281517698
8,955,1502348,179.87539672851562,911,hit,4.0467396946758765,18.2199999999997,170.96382885428173
8,956,1502628,-11.520645141601562,2250,timeout,8.007837603637656,45.000000000001435,-69.79910719621572
8,957,1503812,-28.919097900390625,2250,timeout,5.182562609476497,45.000000000001435,-102.15428540954821
8,958,1506448,-12.989126205444336,1884,miss,10.749525590252217,37.68000000000029,-63.908952936329946
8,959,1506716,168.47573852539062,726,hit,2.87579800635252,14.51999999999978,154.63445513108795
8,960,1507464,162.1560821533203,1279,hit,3.7255742315870983,25.579999999999544,163.2800554609344
8,961,1510112,168.64149475097656,662,hit,2.300599343731809,13.239999999999807,155.1317999215124
8,962,1511532,166.60885620117188,1204,hit,3.732889876938472,24.079999999999576,166.77049115441082
8,963,1511628,-17.722209930419922,2250,timeout,5.484342543940816,45.000000000001435,-88.34586132743797
8,964,1512676,149.06797790527344,641,hit,3.7611540362718467,12.819999999999816,156.2737495566094
8,965,1514304,140.6778106689453,693,hit,4.163919281813791,13.859999999999793,150.94460846011646
8,966,1514776,169.27207946777344,787,hit,4.347605688964654,15.739999999999753,163.91501175172047
8,967,1515448,-22.127212524414062,2250,timeout,7.063960469024994,45.000000000001435,-93.18976977082893
8,968,1516312,164.0054473876953,909,hit,2.4335248417258395,18.1799999999997,169.56826812264796
8,969,1517960,160.10372924804688,796,hit,3.81087697016914,15.91999999999975,159.3134666369202
8,970,1520792,165.0953369140625,708,hit,4.839664467593586,14.159999999999787,158.83556163698867
8,971,1523140,-22.451313018798828,2209,miss,5.463353607104481,44.18000000000131,-81.93667913137307
8,972,1524448,-44.85811233520508,2250,timeout,16.046678222541136,45.000000000001435,-98.05034750095088
8,973,1525312,-14.560806274414062,2250,timeout,15.971480168076484,45.000000000001435,-74.68750372494952
8,974,1527348,150.3759765625,725,hit,3.996676881913399,14.49999999999978,154.77984905910853
8,975,1529792,-24.109182357788086,2250,timeout,18.090040823780566,45.000000000001435,-49.31815378249106
8,976,1531324,106.91305541992188,1503,hit,4.891565214964385,30.059999999999448,139.20538822031529
8,977,1531988,148.76571655273438,1160,hit,4.1317673102422,23.199999999999594,153.64737213230995
8,978,1532140,-19.973697662353516,2250,timeout,5.026933626562152,45.000000000001435,-71.2164264487431
8,979,1534148,152.06109619140625,706,hit,4.6032270632158685,14.119999999999788,158.18048252067138
8,980,1534672,153.78868103027344,633,hit,3.869723209019537,12.659999999999819,155.1558923222849
8,981,1535560,161.4843292236328,893,hit,3.1482345013369417,17.859999999999708,167.907374711101
8,982,1538512,173.0240478515625,738,hit,1.264261790018682,14.759999999999774,160.4834088147849
8,983,1538552,168.71022033691406,970,hit,2.747285253649657,19.399999999999675,160.63052450298736
8,984,1538792,30.10506820678711,2250,timeout,6.816971908686892,45.000000000001435,-71.58341386706098
8,985,1539004,162.4677276611328,1214,hit,4.054014668423157,24.27999999999957,152.19066388321585
8,986,1541868,164.84463500976562,769,hit,1.9772121205659798,15.379999999999761,159.6421742242353
8,987,1542172,162.9499053955078,792,hit,2.7999272191025995,15.839999999999751,166.65567776291482
8,988,1542856,149.29046630859375,1086,hit,4.527117308607136,21.719999999999626,154.37930736302928
8,989,1544384,166.62252807617188,1458,hit,2.9964747641661393,29.159999999999467,159.57802608982576
8,990,1546704,149.23916625976562,1133,hit,3.906044608233786,22.659999999999606,150.39711259447512
8,991,1547004,170.45738220214844,655,hit,3.9107308717814684,13.09999999999981,154.81740805819334
8,992,1550424,162.11021423339844,930,hit,3.2578327305803985,18.599999999999692,168.61270549884125
8,993,1550868,-4.282318115234375,2250,timeout,5.221452672297121,45.000000000001435,-66.43938238742854
8,994,1551856,-0.215423583984375,2250,timeout,5.286284639823829,45.000000000001435,-101.02765775412415
8,995,1554048,-2.7126235961914062,1761,miss,5.80113165514281,35.21999999999991,-64.37480290745648
8,996,1556932,155.23675537109375,721,hit,3.230234211909343,14.419999999999781,158.30473022276757
8,997,1558384,150.52748107910156,1632,hit,4.562614186557387,32.6399999999995,161.32700675343935
8,998,1559424,-44.9642219543457,2250,timeout,11.585992871550728,45.000000000001435,-66.3591018412456
8,999,1559868,-5.994270324707031,2250,timeout,5.618431924900683,45.000000000001435,-69.33471943524779
8,1000,1562140,166.29039001464844,679,hit,4.793411658330199,13.5799999999998,158.81697403935317
8,1001,1565392,171.5181884765625,813,hit,1.5521224616730351,16.259999999999742,163.65202384310538
8,1002,1565932,-37.756141662597656,2250,timeout,11.420077840778902,45.000000000001435,-84.71359608179348
8,1003,1567384,-20.459156036376953,2250,timeout,8.904045352484172,45.000000000001435,-68.63381523855692
8,1004,1568616,162.15806579589844,806,hit,3.0607992412601774,16.119999999999745,165.33882496830034
8,1005,1568868,-0.3833160400390625,2250,timeout,5.678691479322063,45.000000000001435,-69.86667138056664
8,1006,1569520,170.07464599609375,897,hit,2.974707912411036,17.939999999999706,171.8296605711406
8,1007,1570412,170.65438842773438,757,hit,2.732742291945853,15.139999999999766,162.51917863139468
8,1008,1572144,180.4843292236328,819,hit,0.37603779570921003,16.37999999999974,165.80702299685072
8,1009,1572244,164.3790283203125,681,hit,4.416757361278211,13.619999999999798,156.33886419602223
8,1010,1573968,162.28790283203125,889,hit,2.508277190938789,17.77999999999971,164.3322995474013
8,1011,1577616,-32.5667610168457,2250,timeout,9.378974336437173,45.000000000001435,-108.57306073660843
8,1012,1581144,24.72821807861328,2250,timeout,6.250464983692513,45.000000000001435,-83.86071033553932
8,1013,1581244,-25.548755645751953,2250,timeout,7.902462360555559,45.000000000001435,-79.51765212138069
8,1014,1582968,-41.0534553527832,2250,timeout,9.085035085577095,45.000000000001435,-100.04950942379566
8,1015,1585268,-7.892333984375,1913,miss,11.739352959755307,38.26000000000038,-63.51943700916748
8,1016,1588616,159.5368194580078,837,hit,3.1169430650781993,16.739999999999732,162.05670364826207
8,1017,1590144,-31.284740447998047,2250,timeout,6.6573786415642475,45.000000000001435,-79.77189887280285
8,1018,1590244,-8.542865753173828,2250,timeout,8.948947694515997,45.000000000001435,-102.81625819514032
8,1019,1591968,-11.108409881591797,2250,timeout,15.634235472861498,45.000000000001435,-85.76517859806148
8,1020,1592792,152.84786987304688,1044,hit,2.8873592115760056,20.879999999999644,150.06743147458317
8,1021,1594732,146.26150512695312,1122,hit,4.456345684943717,22.43999999999961,163.36520274499145
8,1022,1597900,171.57415771484375,1483,hit,4.694638411536322,29.659999999999457,163.00481696924328
8,1023,1598004,170.14181518554688,1303,hit,4.8435167170646976,26.059999999999533,158.004567531452
8,1024,1598264,163.1359100341797,883,hit,2.726506487241644,17.659999999999712,170.383255197569
8,1025,1599144,-6.067436218261719,2250,timeout,10.684431536227555,45.000000000001435,-74.6860663151509
8,1026,1601288,168.081787109375,756,hit,1.5664680203424977,15.119999999999767,155.71526831994623
8,1027,1601960,173.8286590576172,704,hit,1.4427283276347824,14.079999999999789,159.18508782976596
8,1028,1602968,152.6841278076172,1241,hit,4.777957807890921,24.81999999999956,160.80475670860213
8,1029,1605452,171.93414306640625,873,hit,1.7387173078457423,17.459999999999717,167.2159550872833
8,1030,1606356,169.39627075195312,847,hit,2.8398398734985317,16.939999999999728,171.15910631817508
8,1031,1606900,-13.42148208618164,2250,timeout,6.6687258030985115,45.000000000001435,-77.62307606988186
8,1032,1608532,164.1964111328125,770,hit,3.4456996835968234,15.39999999999976,158.5107282722226
8,1033,1610080,177.0741424560547,931,hit,1.1177389294163218,18.619999999999692,171.07327633608634
8,1034,1610288,-16.446533203125,2250,timeout,5.725636348407018,45.000000000001435,-81.64317936231194
8,1035,1611700,168.74148559570312,1200,hit,3.900661668050066,23.999999999999577,153.18264609400907
8,1036,1612044,179.66986083984375,878,hit,4.748164722295751,17.559999999999715,164.95180308542314
8,1037,1613744,165.89614868164062,864,hit,3.1273104710012984,17.27999999999972,161.84576444693792
8,1038,1614756,157.9669189453125,764,hit,2.8580108996877494,15.279999999999763,156.3487280619069
8,1039,1615060,178.44277954101562,754,hit,0.458505341175401,15.079999999999767,159.3397054643286
8,1040,1615980,168.7669219970703,1475,hit,4.330672157474893,29.49999999999946,161.21955641837985
8,1041,1617824,143.65264892578125,1020,hit,3.1938331892239473,20.399999999999654,147.01713501225856
8,1042,1617964,162.3435821533203,726,hit,4.7415565824411985,14.51999999999978,160.04407305724953
8,1043,1619756,152.18064880371094,944,hit,4.789870120318767,18.879999999999686,157.26806978234148
8,1044,1620584,171.16595458984375,690,hit,3.372699170277386,13.799999999999795,154.32515036960064
8,1045,1622908,176.4667205810547,788,hit,1.4042044308726915,15.759999999999753,164.21838801357814
8,1046,1623756,-7.239814758300781,2250,timeout,10.074554641076565,45.000000000001435,-78.26515742105715
8,1047,1624336,177.78598022460938,1593,hit,2.6676855823812513,31.85999999999941,164.5111798733077
8,1048,1624560,150.88919067382812,994,hit,4.556692975842077,19.879999999999665,163.7100057211378
8,1049,1625560,147.96633911132812,663,hit,4.145005867712959,13.259999999999806,153.1099201419563
8,1050,1626400,169.79978942871094,661,hit,1.0340869459023578,13.219999999999807,153.34772368670966
8,1051,1630736,162.11509704589844,1294,hit,4.377128619909586,25.879999999999537,150.78781578876965
8,1052,1631992,168.1924285888672,1398,hit,2.2741194036568775,27.959999999999493,155.03515113404774
8,1053,1633336,-7.8960113525390625,2250,timeout,5.571870513434341,45.000000000001435,-85.6309304980132
8,1054,1633560,-11.566749572753906,2250,timeout,5.319474492437489,45.000000000001435,-72.79480367383742
8,1055,1634088,157.6293487548828,838,hit,4.6679987896340105,16.75999999999973,167.38044889502294
8,1056,1635572,162.2138214111328,895,hit,3.5506827170038884,17.899999999999707,164.46159394769563
8,1057,1636820,155.5465850830078,871,hit,4.3532332511483585,17.419999999999717,167.64459073051165
8,1058,1637232,158.27005004882812,786,hit,2.83792507323291,15.719999999999754,154.73495291125352
