CP1: evasive lineage | max_time=45s t_go_max=10s | tracking=True | obs=12-D | miss_tanh_scale=3000m shaping_gamma=1 effort_weight=5 precision_weight=0 -> out=outputs/evasive_zemtgo10_seed8
Using cpu device
-----------------------------
| time/              |      |
|    fps             | 4380 |
|    iterations      | 1    |
|    time_elapsed    | 0    |
|    total_timesteps | 2048 |
-----------------------------
------------------------------------------
| time/                   |              |
|    fps                  | 1857         |
|    iterations           | 2            |
|    time_elapsed         | 2            |
|    total_timesteps      | 4096         |
| train/                  |              |
|    approx_kl            | 0.0038222682 |
|    clip_fraction        | 0.00527      |
|    clip_range           | 0.2          |
|    entropy_loss         | -2.84        |
|    explained_variance   | -0.00813     |
|    learning_rate        | 0.0003       |
|    loss                 | 0.21         |
|    n_updates            | 5            |
|    policy_gradient_loss | -0.00247     |
|    std                  | 1            |
|    value_loss           | 2.13         |
------------------------------------------
------------------------------------------
| time/                   |              |
|    fps                  | 1721         |
|    iterations           | 3            |
|    time_elapsed         | 3            |
|    total_timesteps      | 6144         |
| train/                  |              |
|    approx_kl            | 0.0029813927 |
|    clip_fraction        | 0.00469      |
|    clip_range           | 0.2          |
|    entropy_loss         | -2.84        |
|    explained_variance   | 0.0127       |
|    learning_rate        | 0.0003       |
|    loss                 | 0.502        |
|    n_updates            | 10           |
|    policy_gradient_loss | -0.00343     |
|    std                  | 0.999        |
|    value_loss           | 0.649        |
------------------------------------------
------------------------------------------
| rollout/                |              |
|    ep_len_mean          | 1.89e+03     |
|    ep_rew_mean          | -8.42        |
| time/                   |              |
|    fps                  | 1668         |
|    iterations           | 4            |
|    time_elapsed         | 4            |
|    total_timesteps      | 8192         |
| train/                  |              |
|    approx_kl            | 0.0126873385 |
|    clip_fraction        | 0.0851       |
|    clip_range           | 0.2          |
|    entropy_loss         | -2.84        |
|    explained_variance   | -0.0492      |
|    learning_rate        | 0.0003       |
|    loss                 | 0.0372       |
|    n_updates            | 15           |
|    policy_gradient_loss | -0.00921     |
|    std                  | 1            |
|    value_loss           | 0.0335       |
------------------------------------------
-----------------------------------------
| rollout/                |             |
|    ep_len_mean          | 2.15e+03    |
|    ep_rew_mean          | -2.91       |
| time/                   |             |
|    fps                  | 1599        |
|    iterations           | 5           |
|    time_elapsed         | 6           |
|    total_timesteps      | 10240       |
| train/                  |             |
|    approx_kl            | 0.006570469 |
|    clip_fraction        | 0.0484      |
|    clip_range           | 0.2         |
|    entropy_loss         | -2.84       |
|    explained_variance   | 0.0945      |
|    learning_rate        | 0.0003      |
|    loss                 | -0.0162     |
|    n_updates            | 20          |
|    policy_gradient_loss | -0.00494    |
|    std                  | 1           |
|    value_loss           | 0.562       |
-----------------------------------------
------------------------------------------
| rollout/                |              |
|    ep_len_mean          | 2.15e+03     |
|    ep_rew_mean          | -2.91        |
| time/                   |              |
|    fps                  | 1531         |
|    iterations           | 6            |
|    time_elapsed         | 8            |
|    total_timesteps      | 12288        |
| train/                  |              |
|    approx_kl            | 0.0067152735 |
|    clip_fraction        | 0.03         |
|    clip_range           | 0.2          |
|    entropy_loss         | -2.84        |
|    explained_variance   | 0.101        |
|    learning_rate        | 0.0003       |
|    loss                 | 0.305        |
|    n_updates            | 25           |
|    policy_gradient_loss | -0.00581     |
|    std                  | 1            |
|    value_loss           | 3.37         |
------------------------------------------
------------------------------------------
| rollout/                |              |
|    ep_len_mean          | 2e+03        |
|    ep_rew_mean          | -12.5        |
| time/                   |              |
|    fps                  | 1525         |
|    iterations           | 7            |
|    time_elapsed         | 9            |
|    total_timesteps      | 14336        |
| train/                  |              |
|    approx_kl            | 0.0065624816 |
|    clip_fraction        | 0.0432       |
|    clip_range           | 0.2          |
|    entropy_loss         | -2.84        |
|    explained_variance   | 0.174        |
|    learning_rate        | 0.0003       |
|    loss                 | 0.0259       |
|    n_updates            | 30           |
|    policy_gradient_loss | -0.00462     |
|    std                  | 1            |
|    value_loss           | 0.463        |
------------------------------------------
-----------------------------------------
| rollout/                |             |
|    ep_len_mean          | 1.93e+03    |
|    ep_rew_mean          | -16.9       |
| time/                   |             |
|    fps                  | 1498        |
|    iterations           | 8           |
|    time_elapsed         | 10          |
|    total_timesteps      | 16384       |
| train/                  |             |
|    approx_kl            | 0.009961465 |
|    clip_fraction        | 0.0966      |
|    clip_range           | 0.2         |
|    entropy_loss         | -2.84       |
|    explained_variance   | -0.0744     |
|    learning_rate        | 0.0003      |
|    loss                 | -0.00105    |
|    n_updates            | 35          |
|    policy_gradient_loss | -0.00973    |
|    std                  | 0.997       |
|    value_loss           | 3.93        |
-----------------------------------------
------------------------------------------
| rollout/                |              |
|    ep_len_mean          | 1.94e+03     |
|    ep_rew_mean          | -20          |
| time/                   |              |
|    fps                  | 1467         |
|    iterations           | 9            |
|    time_elapsed         | 12           |
|    total_timesteps      | 18432        |
| train/                  |              |
|    approx_kl            | 0.0041948017 |
|    clip_fraction        | 0.00615      |
|    clip_range           | 0.2          |
|    entropy_loss         | -2.83        |
|    explained_variance   | -0.0111      |
|    learning_rate        | 0.0003       |
|    loss                 | 0.00456      |
|    n_updates            | 40           |
|    policy_gradient_loss | -0.00324     |
|    std                  | 0.992        |
|    value_loss           | 1.32         |
------------------------------------------
-----------------------------------------
| rollout/                |             |
|    ep_len_mean          | 1.94e+03    |
|    ep_rew_mean          | -20         |
| time/                   |             |
|    fps                  | 1457        |
|    iterations           | 10          |
|    time_elapsed         | 14          |
|    total_timesteps      | 20480       |
| train/                  |             |
|    approx_kl            | 0.006412932 |
|    clip_fraction        | 0.0375      |
|    clip_range           | 0.2         |
|    entropy_loss         | -2.82       |
|    explained_variance   | -0.00163    |
|    learning_rate        | 0.0003      |
|    loss                 | 0.121       |
|    n_updates            | 45          |
|    policy_gradient_loss | -0.00533    |
|    std                  | 0.99        |
|    value_loss           | 3.76        |
-----------------------------------------
-----------------------------------------
| rollout/                |             |
|    ep_len_mean          | 1.97e+03    |
|    ep_rew_mean          | -15.8       |
| time/                   |             |
|    fps                  | 1453        |
|    iterations           | 11          |
|    time_elapsed         | 15          |
|    total_timesteps      | 22528       |
| train/                  |             |
|    approx_kl            | 0.007103284 |
|    clip_fraction        | 0.0354      |
|    clip_range           | 0.2         |
|    entropy_loss         | -2.82       |
|    explained_variance   | 0.0712      |
|    learning_rate        | 0.0003      |
|    loss                 | -0.0105     |
|    n_updates            | 50          |
|    policy_gradient_loss | -0.00443    |
|    std                  | 0.989       |
|    value_loss           | 0.593       |
-----------------------------------------
------------------------------------------
| rollout/                |              |
|    ep_len_mean          | 1.98e+03     |
|    ep_rew_mean          | -14.1        |
| time/                   |              |
|    fps                  | 1448         |
|    iterations           | 12           |
|    time_elapsed         | 16           |
|    total_timesteps      | 24576        |
| train/                  |              |
|    approx_kl            | 0.0024884436 |
|    clip_fraction        | 0.00293      |
|    clip_range           | 0.2          |
|    entropy_loss         | -2.82        |
|    explained_variance   | 0.0345       |
|    learning_rate        | 0.0003       |
|    loss                 | 1.15         |
|    n_updates            | 55           |
|    policy_gradient_loss | -0.00134     |
|    std                  | 0.991        |
|    value_loss           | 7.6          |
------------------------------------------
------------------------------------------
| rollout/                |              |
|    ep_len_mean          | 2.02e+03     |
|    ep_rew_mean          | -10.4        |
| time/                   |              |
|    fps                  | 1448         |
|    iterations           | 13           |
|    time_elapsed         | 18           |
|    total_timesteps      | 26624        |
| train/                  |              |
|    approx_kl            | 0.0057417043 |
|    clip_fraction        | 0.017        |
|    clip_range           | 0.2          |
|    entropy_loss         | -2.82        |
|    explained_variance   | 0.0413       |
|    learning_rate        | 0.0003       |
|    loss                 | 0.327        |
|    n_updates            | 60           |
|    policy_gradient_loss | -0.00227     |
|    std                  | 0.989        |
|    value_loss           | 4.91         |
------------------------------------------
------------------------------------------
| rollout/                |              |
|    ep_len_mean          | 2.02e+03     |
|    ep_rew_mean          | -10.4        |
| time/                   |              |
|    fps                  | 1437         |
|    iterations           | 14           |
|    time_elapsed         | 19           |
|    total_timesteps      | 28672        |
| train/                  |              |
|    approx_kl            | 0.0050939363 |
|    clip_fraction        | 0.0115       |
|    clip_range           | 0.2          |
|    entropy_loss         | -2.81        |
|    explained_variance   | 0.0494       |
|    learning_rate        | 0.0003       |
|    loss                 | 0.172        |
|    n_updates            | 65           |
|    policy_gradient_loss | -0.0027      |
|    std                  | 0.986        |
|    value_loss           | 9.86         |
------------------------------------------
-----------------------------------------
| rollout/                |             |
|    ep_len_mean          | 2.01e+03    |
|    ep_rew_mean          | -9.7        |
| time/                   |             |
|    fps                  | 1442        |
|    iterations           | 15          |
|    time_elapsed         | 21          |
|    total_timesteps      | 30720       |
| train/                  |             |
|    approx_kl            | 0.005174715 |
|    clip_fraction        | 0.064       |
|    clip_range           | 0.2         |
|    entropy_loss         | -2.81       |
|    explained_variance   | 0.383       |
|    learning_rate        | 0.0003      |
|    loss                 | 0.000957    |
|    n_updates            | 70          |
|    policy_gradient_loss | -0.00825    |
|    std                  | 0.985       |
|    value_loss           | 1.09        |
-----------------------------------------
-----------------------------------------
| rollout/                |             |
|    ep_len_mean          | 2.01e+03    |
|    ep_rew_mean          | -8.39       |
| time/                   |             |
|    fps                  | 1437        |
|    iterations           | 16          |
|    time_elapsed         | 22          |
|    total_timesteps      | 32768       |
| train/                  |             |
|    approx_kl            | 0.004808179 |
|    clip_fraction        | 0.0341      |
|    clip_range           | 0.2         |
|    entropy_loss         | -2.81       |
|    explained_variance   | 0.316       |
|    learning_rate        | 0.0003      |
|    loss                 | 5.43        |
|    n_updates            | 75          |
|    policy_gradient_loss | -0.00373    |
|    std                  | 0.987       |
|    value_loss           | 1.78        |
-----------------------------------------
-----------------------------------------
| rollout/                |             |
|    ep_len_mean          | 2.02e+03    |
|    ep_rew_mean          | -8.03       |
| time/                   |             |
|    fps                  | 1436        |
|    iterations           | 17          |
|    time_elapsed         | 24          |
|    total_timesteps      | 34816       |
| train/                  |             |
|    approx_kl            | 0.004990805 |
|    clip_fraction        | 0.0459      |
|    clip_range           | 0.2         |
|    entropy_loss         | -2.81       |
|    explained_variance   | 0.23        |
|    learning_rate        | 0.0003      |
|    loss                 | 0.0313      |
|    n_updates            | 80          |
|    policy_gradient_loss | -0.0062     |
|    std                  | 0.988       |
|    value_loss           | 4.13        |
-----------------------------------------
------------------------------------------
| rollout/                |              |
|    ep_len_mean          | 2.04e+03     |
|    ep_rew_mean          | -6.87        |
| time/                   |              |
|    fps                  | 1428         |
|    iterations           | 18           |
|    time_elapsed         | 25           |
|    total_timesteps      | 36864        |
| train/                  |              |
|    approx_kl            | 0.0072035715 |
|    clip_fraction        | 0.0316       |
|    clip_range           | 0.2          |
|    entropy_loss         | -2.81        |
|    explained_variance   | 0.427        |
|    learning_rate        | 0.0003       |
|    loss                 | -0.0157      |
|    n_updates            | 85           |
|    policy_gradient_loss | -0.00674     |
|    std                  | 0.987        |
|    value_loss           | 1.26         |
------------------------------------------
-----------------------------------------
| rollout/                |             |
|    ep_len_mean          | 2.02e+03    |
|    ep_rew_mean          | -9.09       |
| time/                   |             |
|    fps                  | 1423        |
|    iterations           | 19          |
|    time_elapsed         | 27          |
|    total_timesteps      | 38912       |
| train/                  |             |
|    approx_kl            | 0.004600418 |
|    clip_fraction        | 0.0346      |
|    clip_range           | 0.2         |
|    entropy_loss         | -2.81       |
|    explained_variance   | 0.265       |
|    learning_rate        | 0.0003      |
|    loss                 | 3.36        |
|    n_updates            | 90          |
|    policy_gradient_loss | -0.00171    |
|    std                  | 0.986       |
|    value_loss           | 3.28        |
-----------------------------------------
-----------------------------------------
| rollout/                |             |
|    ep_len_mean          | 2.02e+03    |
|    ep_rew_mean          | -9.09       |
| time/                   |             |
|    fps                  | 1421        |
|    iterations           | 20          |
|    time_elapsed         | 28          |
|    total_timesteps      | 40960       |
| train/                  |             |
|    approx_kl            | 0.008377184 |
|    clip_fraction        | 0.0398      |
|    clip_range           | 0.2         |
|    entropy_loss         | -2.81       |
|    explained_variance   | 0.0385      |
|    learning_rate        | 0.0003      |
|    loss                 | 0.583       |
|    n_updates            | 95          |
|    policy_gradient_loss | -0.00216    |
|    std                  | 0.986       |
|    value_loss           | 6.54        |
-----------------------------------------
------------------------------------------
| rollout/                |              |
|    ep_len_mean          | 2.02e+03     |
|    ep_rew_mean          | -5.62        |
| time/                   |              |
|    fps                  | 1418         |
|    iterations           | 21           |
|    time_elapsed         | 30           |
|    total_timesteps      | 43008        |
| train/                  |              |
|    approx_kl            | 0.0031643484 |
|    clip_fraction        | 0.00439      |
|    clip_range           | 0.2          |
|    entropy_loss         | -2.81        |
|    explained_variance   | 0.0321       |
|    learning_rate        | 0.0003       |
|    loss                 | 0.492        |
|    n_updates            | 100          |
|    policy_gradient_loss | -0.000152    |
|    std                  | 0.985        |
|    value_loss           | 3.47         |
------------------------------------------
------------------------------------------
| rollout/                |              |
|    ep_len_mean          | 2.01e+03     |
|    ep_rew_mean          | -4.29        |
| time/                   |              |
|    fps                  | 1411         |
|    iterations           | 22           |
|    time_elapsed         | 31           |
|    total_timesteps      | 45056        |
| train/                  |              |
|    approx_kl            | 0.0040324065 |
|    clip_fraction        | 0.0116       |
|    clip_range           | 0.2          |
|    entropy_loss         | -2.81        |
|    explained_variance   | 0.0379       |
|    learning_rate        | 0.0003       |
|    loss                 | 0.988        |
|    n_updates            | 105          |
|    policy_gradient_loss | -0.00209     |
|    std                  | 0.986        |
|    value_loss           | 16.6         |
------------------------------------------
------------------------------------------
| rollout/                |              |
|    ep_len_mean          | 2.01e+03     |
|    ep_rew_mean          | -4.29        |
| time/                   |              |
|    fps                  | 1413         |
|    iterations           | 23           |
|    time_elapsed         | 33           |
|    total_timesteps      | 47104        |
| train/                  |              |
|    approx_kl            | 0.0024940022 |
|    clip_fraction        | 0.00391      |
|    clip_range           | 0.2          |
|    entropy_loss         | -2.81        |
|    explained_variance   | 0.0736       |
|    learning_rate        | 0.0003       |
|    loss                 | 0.292        |
|    n_updates            | 110          |
|    policy_gradient_loss | -0.00143     |
|    std                  | 0.984        |
|    value_loss           | 9.86         |
------------------------------------------
-----------------------------------------
| rollout/                |             |
|    ep_len_mean          | 2.01e+03    |
|    ep_rew_mean          | -2.91       |
| time/                   |             |
|    fps                  | 1419        |
|    iterations           | 24          |
|    time_elapsed         | 34          |
|    total_timesteps      | 49152       |
| train/                  |             |
|    approx_kl            | 0.006156722 |
|    clip_fraction        | 0.0282      |
|    clip_range           | 0.2         |
|    entropy_loss         | -2.8        |
|    explained_variance   | 0.526       |
|    learning_rate        | 0.0003      |
|    loss                 | 0.0367      |
|    n_updates            | 115         |
|    policy_gradient_loss | -0.00586    |
|    std                  | 0.983       |
|    value_loss           | 2.77        |
-----------------------------------------
------------------------------------------
| rollout/                |              |
|    ep_len_mean          | 2.02e+03     |
|    ep_rew_mean          | -2.89        |
| time/                   |              |
|    fps                  | 1418         |
|    iterations           | 25           |
|    time_elapsed         | 36           |
|    total_timesteps      | 51200        |
| train/                  |              |
|    approx_kl            | 0.0046317996 |
|    clip_fraction        | 0.0305       |
|    clip_range           | 0.2          |
|    entropy_loss         | -2.8         |
|    explained_variance   | 0.369        |
|    learning_rate        | 0.0003       |
|    loss                 | 17.1         |
|    n_updates            | 120          |
|    policy_gradient_loss | -0.00349     |
|    std                  | 0.983        |
|    value_loss           | 4.49         |
------------------------------------------
------------------------------------------
| rollout/                |              |
|    ep_len_mean          | 2.03e+03     |
|    ep_rew_mean          | -4.38        |
| time/                   |              |
|    fps                  | 1417         |
|    iterations           | 26           |
|    time_elapsed         | 37           |
|    total_timesteps      | 53248        |
| train/                  |              |
|    approx_kl            | 0.0052241455 |
|    clip_fraction        | 0.0375       |
|    clip_range           | 0.2          |
|    entropy_loss         | -2.8         |
|    explained_variance   | 0.475        |
|    learning_rate        | 0.0003       |
|    loss                 | 0.00909      |
|    n_updates            | 125          |
|    policy_gradient_loss | -0.00405     |
|    std                  | 0.982        |
|    value_loss           | 1.68         |
------------------------------------------
-----------------------------------------
| rollout/                |             |
|    ep_len_mean          | 2.03e+03    |
|    ep_rew_mean          | -4.26       |
| time/                   |             |
|    fps                  | 1416        |
|    iterations           | 27          |
|    time_elapsed         | 39          |
|    total_timesteps      | 55296       |
| train/                  |             |
|    approx_kl            | 0.003118625 |
|    clip_fraction        | 0.0138      |
|    clip_range           | 0.2         |
|    entropy_loss         | -2.8        |
|    explained_variance   | 0.143       |
|    learning_rate        | 0.0003      |
|    loss                 | 0.082       |
|    n_updates            | 130         |
|    policy_gradient_loss | -0.000197   |
|    std                  | 0.981       |
|    value_loss           | 4.1         |
-----------------------------------------
-----------------------------------------
| rollout/                |             |
|    ep_len_mean          | 2.03e+03    |
|    ep_rew_mean          | -2.97       |
| time/                   |             |
|    fps                  | 1419        |
|    iterations           | 28          |
|    time_elapsed         | 40          |
|    total_timesteps      | 57344       |
| train/                  |             |
|    approx_kl            | 0.008602777 |
|    clip_fraction        | 0.0542      |
|    clip_range           | 0.2         |
|    entropy_loss         | -2.8        |
|    explained_variance   | 0.563       |
|    learning_rate        | 0.0003      |
|    loss                 | 0.028       |
|    n_updates            | 135         |
|    policy_gradient_loss | -0.00403    |
|    std                  | 0.981       |
|    value_loss           | 2.84        |
-----------------------------------------
------------------------------------------
| rollout/                |              |
|    ep_len_mean          | 2.03e+03     |
|    ep_rew_mean          | -2.11        |
| time/                   |              |
|    fps                  | 1418         |
|    iterations           | 29           |
|    time_elapsed         | 41           |
|    total_timesteps      | 59392        |
| train/                  |              |
|    approx_kl            | 0.0062660207 |
|    clip_fraction        | 0.0617       |
|    clip_range           | 0.2          |
|    entropy_loss         | -2.8         |
|    explained_variance   | 0.0573       |
|    learning_rate        | 0.0003       |
|    loss                 | 0.00842      |
|    n_updates            | 140          |
|    policy_gradient_loss | -0.00264     |
|    std                  | 0.982        |
|    value_loss           | 12.6         |
------------------------------------------
------------------------------------------
| rollout/                |              |
|    ep_len_mean          | 2.03e+03     |
|    ep_rew_mean          | -0.31        |
| time/                   |              |
|    fps                  | 1417         |
|    iterations           | 30           |
|    time_elapsed         | 43           |
|    total_timesteps      | 61440        |
| train/                  |              |
|    approx_kl            | 0.0014220501 |
|    clip_fraction        | 0.0361       |
|    clip_range           | 0.2          |
|    entropy_loss         | -2.8         |
|    explained_variance   | 0.267        |
|    learning_rate        | 0.0003       |
|    loss                 | 0.0231       |
|    n_updates            | 145          |
|    policy_gradient_loss | -0.00181     |
|    std                  | 0.982        |
|    value_loss           | 11.6         |
------------------------------------------
------------------------------------------
| rollout/                |              |
|    ep_len_mean          | 2.03e+03     |
|    ep_rew_mean          | -0.31        |
| time/                   |              |
|    fps                  | 1415         |
|    iterations           | 31           |
|    time_elapsed         | 44           |
|    total_timesteps      | 63488        |
| train/                  |              |
|    approx_kl            | 0.0030536202 |
|    clip_fraction        | 0.0129       |
|    clip_range           | 0.2          |
|    entropy_loss         | -2.8         |
|    explained_variance   | 0.15         |
|    learning_rate        | 0.0003       |
|    loss                 | 1.04         |
|    n_updates            | 150          |
|    policy_gradient_loss | -0.00101     |
|    std                  | 0.981        |
|    value_loss           | 18.7         |
------------------------------------------
-----------------------------------------
| rollout/                |             |
|    ep_len_mean          | 2.03e+03    |
|    ep_rew_mean          | 0.07        |
| time/                   |             |
|    fps                  | 1417        |
|    iterations           | 32          |
|    time_elapsed         | 46          |
|    total_timesteps      | 65536       |
| train/                  |             |
|    approx_kl            | 0.001240422 |
|    clip_fraction        | 0.00791     |
|    clip_range           | 0.2         |
|    entropy_loss         | -2.8        |
|    explained_variance   | 0.388       |
|    learning_rate        | 0.0003      |
|    loss                 | 7.2         |
|    n_updates            | 155         |
|    policy_gradient_loss | -0.00197    |
|    std                  | 0.981       |
|    value_loss           | 8.42        |
-----------------------------------------
------------------------------------------
| rollout/                |              |
|    ep_len_mean          | 2.03e+03     |
|    ep_rew_mean          | 0.848        |
| time/                   |              |
|    fps                  | 1417         |
|    iterations           | 33           |
|    time_elapsed         | 47           |
|    total_timesteps      | 67584        |
| train/                  |              |
|    approx_kl            | 0.0016062954 |
|    clip_fraction        | 0.00186      |
|    clip_range           | 0.2          |
|    entropy_loss         | -2.8         |
|    explained_variance   | 0.301        |
|    learning_rate        | 0.0003       |
|    loss                 | 0.0916       |
|    n_updates            | 160          |
|    policy_gradient_loss | -0.000423    |
|    std                  | 0.981        |
|    value_loss           | 9.04         |
------------------------------------------
-----------------------------------------
| rollout/                |             |
|    ep_len_mean          | 2.03e+03    |
|    ep_rew_mean          | 1.06        |
| time/                   |             |
|    fps                  | 1417        |
|    iterations           | 34          |
|    time_elapsed         | 49          |
|    total_timesteps      | 69632       |
| train/                  |             |
|    approx_kl            | 0.003779138 |
|    clip_fraction        | 0.0154      |
|    clip_range           | 0.2         |
|    entropy_loss         | -2.8        |
|    explained_variance   | 0.527       |
|    learning_rate        | 0.0003      |
|    loss                 | 1.71        |
|    n_updates            | 165         |
|    policy_gradient_loss | -0.000354   |
|    std                  | 0.98        |
|    value_loss           | 11.6        |
-----------------------------------------
-----------------------------------------
| rollout/                |             |
|    ep_len_mean          | 2e+03       |
|    ep_rew_mean          | 5.61        |
| time/                   |             |
|    fps                  | 1418        |
|    iterations           | 35          |
|    time_elapsed         | 50          |
|    total_timesteps      | 71680       |
| train/                  |             |
|    approx_kl            | 0.008135227 |
|    clip_fraction        | 0.0317      |
|    clip_range           | 0.2         |
|    entropy_loss         | -2.8        |
|    explained_variance   | 0.554       |
|    learning_rate        | 0.0003      |
|    loss                 | 0.268       |
|    n_updates            | 170         |
|    policy_gradient_loss | -0.00233    |
|    std                  | 0.98        |
|    value_loss           | 10.9        |
-----------------------------------------
-----------------------------------------
| rollout/                |             |
|    ep_len_mean          | 2e+03       |
|    ep_rew_mean          | 6.11        |
| time/                   |             |
|    fps                  | 1414        |
|    iterations           | 36          |
|    time_elapsed         | 52          |
|    total_timesteps      | 73728       |
| train/                  |             |
|    approx_kl            | 0.006545606 |
|    clip_fraction        | 0.0744      |
|    clip_range           | 0.2         |
|    entropy_loss         | -2.8        |
|    explained_variance   | 0.079       |
|    learning_rate        | 0.0003      |
|    loss                 | 4.94        |
|    n_updates            | 175         |
|    policy_gradient_loss | -0.00308    |
|    std                  | 0.98        |
|    value_loss           | 48          |
-----------------------------------------
-----------------------------------------
| rollout/                |             |
|    ep_len_mean          | 1.97e+03    |
|    ep_rew_mean          | 9.53        |
| time/                   |             |
|    fps                  | 1414        |
|    iterations           | 37          |
|    time_elapsed         | 53          |
|    total_timesteps      | 75776       |
| train/                  |             |
|    approx_kl            | 0.005511544 |
|    clip_fraction        | 0.0468      |
|    clip_range           | 0.2         |
|    entropy_loss         | -2.8        |
|    explained_variance   | 0.573       |
|    learning_rate        | 0.0003      |
|    loss                 | 4.6         |
|    n_updates            | 180         |
|    policy_gradient_loss | -0.00405    |
|    std                  | 0.981       |
|    value_loss           | 12.8        |
-----------------------------------------
------------------------------------------
| rollout/                |              |
|    ep_len_mean          | 1.97e+03     |
|    ep_rew_mean          | 10.3         |
| time/                   |              |
|    fps                  | 1414         |
|    iterations           | 38           |
|    time_elapsed         | 55           |
|    total_timesteps      | 77824        |
| train/                  |              |
|    approx_kl            | 0.0070795203 |
|    clip_fraction        | 0.0435       |
|    clip_range           | 0.2          |
|    entropy_loss         | -2.8         |
|    explained_variance   | 0.232        |
|    learning_rate        | 0.0003       |
|    loss                 | 11.8         |
|    n_updates            | 185          |
|    policy_gradient_loss | -0.00171     |
|    std                  | 0.981        |
|    value_loss           | 51.2         |
------------------------------------------
------------------------------------------
| rollout/                |              |
|    ep_len_mean          | 1.97e+03     |
|    ep_rew_mean          | 10.3         |
| time/                   |              |
|    fps                  | 1412         |
|    iterations           | 39           |
|    time_elapsed         | 56           |
|    total_timesteps      | 79872        |
| train/                  |              |
|    approx_kl            | 0.0069019217 |
|    clip_fraction        | 0.0441       |
|    clip_range           | 0.2          |
|    entropy_loss         | -2.8         |
|    explained_variance   | 0.412        |
|    learning_rate        | 0.0003       |
|    loss                 | 19.7         |
|    n_updates            | 190          |
|    policy_gradient_loss | -0.00254     |
|    std                  | 0.981        |
|    value_loss           | 11.6         |
------------------------------------------
-----------------------------------------
| rollout/                |             |
|    ep_len_mean          | 1.98e+03    |
|    ep_rew_mean          | 10.6        |
| time/                   |             |
|    fps                  | 1415        |
|    iterations           | 40          |
|    time_elapsed         | 57          |
|    total_timesteps      | 81920       |
| train/                  |             |
|    approx_kl            | 0.004034924 |
|    clip_fraction        | 0.0545      |
|    clip_range           | 0.2         |
|    entropy_loss         | -2.8        |
|    explained_variance   | 0.692       |
|    learning_rate        | 0.0003      |
|    loss                 | 1.33        |
|    n_updates            | 195         |
|    policy_gradient_loss | -0.00367    |
|    std                  | 0.981       |
|    value_loss           | 5.08        |
-----------------------------------------
-----------------------------------------
| rollout/                |             |
|    ep_len_mean          | 1.98e+03    |
|    ep_rew_mean          | 10.6        |
| time/                   |             |
|    fps                  | 1413        |
|    iterations           | 41          |
|    time_elapsed         | 59          |
|    total_timesteps      | 83968       |
| train/                  |             |
|    approx_kl            | 0.005378207 |
|    clip_fraction        | 0.0356      |
|    clip_range           | 0.2         |
|    entropy_loss         | -2.8        |
|    explained_variance   | 0.491       |
|    learning_rate        | 0.0003      |
|    loss                 | 4.64        |
|    n_updates            | 200         |
|    policy_gradient_loss | -0.00482    |
|    std                  | 0.979       |
|    value_loss           | 11.6        |
-----------------------------------------
------------------------------------------
| rollout/                |              |
|    ep_len_mean          | 1.96e+03     |
|    ep_rew_mean          | 13.7         |
| time/                   |              |
|    fps                  | 1415         |
|    iterations           | 42           |
|    time_elapsed         | 60           |
|    total_timesteps      | 86016        |
| train/                  |              |
|    approx_kl            | 0.0063001793 |
|    clip_fraction        | 0.0705       |
|    clip_range           | 0.2          |
|    entropy_loss         | -2.8         |
|    explained_variance   | 0.72         |
|    learning_rate        | 0.0003       |
|    loss                 | 2.28         |
|    n_updates            | 205          |
|    policy_gradient_loss | -0.00127     |
|    std                  | 0.979        |
|    value_loss           | 4.5          |
------------------------------------------
-----------------------------------------
| rollout/                |             |
|    ep_len_mean          | 1.96e+03    |
|    ep_rew_mean          | 13.7        |
| time/                   |             |
|    fps                  | 1412        |
|    iterations           | 43          |
|    time_elapsed         | 62          |
|    total_timesteps      | 88064       |
| train/                  |             |
|    approx_kl            | 0.005290642 |
|    clip_fraction        | 0.0979      |
|    clip_range           | 0.2         |
|    entropy_loss         | -2.79       |
|    explained_variance   | 0.268       |
|    learning_rate        | 0.0003      |
|    loss                 | 0.583       |
|    n_updates            | 210         |
|    policy_gradient_loss | -0.00124    |
|    std                  | 0.979       |
|    value_loss           | 54.6        |
-----------------------------------------
------------------------------------------
| rollout/                |              |
|    ep_len_mean          | 1.96e+03     |
|    ep_rew_mean          | 14           |
| time/                   |              |
|    fps                  | 1415         |
|    iterations           | 44           |
|    time_elapsed         | 63           |
|    total_timesteps      | 90112        |
| train/                  |              |
|    approx_kl            | 0.0032272695 |
|    clip_fraction        | 0.0512       |
|    clip_range           | 0.2          |
|    entropy_loss         | -2.79        |
|    explained_variance   | 0.673        |
|    learning_rate        | 0.0003       |
|    loss                 | 2.11         |
|    n_updates            | 215          |
|    policy_gradient_loss | -0.00155     |
|    std                  | 0.978        |
|    value_loss           | 3.42         |
------------------------------------------
------------------------------------------
| rollout/                |              |
|    ep_len_mean          | 1.96e+03     |
|    ep_rew_mean          | 14           |
| time/                   |              |
|    fps                  | 1414         |
|    iterations           | 45           |
|    time_elapsed         | 65           |
|    total_timesteps      | 92160        |
| train/                  |              |
|    approx_kl            | 0.0016112482 |
|    clip_fraction        | 0.00371      |
|    clip_range           | 0.2          |
|    entropy_loss         | -2.79        |
|    explained_variance   | 0.63         |
|    learning_rate        | 0.0003       |
|    loss                 | 3            |
|    n_updates            | 220          |
|    policy_gradient_loss | -0.00108     |
|    std                  | 0.978        |
|    value_loss           | 12.9         |
------------------------------------------
------------------------------------------
| rollout/                |              |
|    ep_len_mean          | 1.96e+03     |
|    ep_rew_mean          | 14           |
| time/                   |              |
|    fps                  | 1415         |
|    iterations           | 46           |
|    time_elapsed         | 66           |
|    total_timesteps      | 94208        |
| train/                  |              |
|    approx_kl            | 0.0026328308 |
|    clip_fraction        | 0.0221       |
|    clip_range           | 0.2          |
|    entropy_loss         | -2.79        |
|    explained_variance   | 0.698        |
|    learning_rate        | 0.0003       |
|    loss                 | 1.63         |
|    n_updates            | 225          |
|    policy_gradient_loss | -0.00201     |
|    std                  | 0.978        |
|    value_loss           | 6.63         |
------------------------------------------
------------------------------------------
| rollout/                |              |
|    ep_len_mean          | 1.96e+03     |
|    ep_rew_mean          | 14.2         |
| time/                   |              |
|    fps                  | 1414         |
|    iterations           | 47           |
|    time_elapsed         | 68           |
|    total_timesteps      | 96256        |
| train/                  |              |
|    approx_kl            | 0.0028684344 |
|    clip_fraction        | 0.0302       |
|    clip_range           | 0.2          |
|    entropy_loss         | -2.79        |
|    explained_variance   | 0.524        |
|    learning_rate        | 0.0003       |
|    loss                 | 23.2         |
|    n_updates            | 230          |
|    policy_gradient_loss | -0.00126     |
|    std                  | 0.978        |
|    value_loss           | 14.1         |
------------------------------------------
------------------------------------------
| rollout/                |              |
|    ep_len_mean          | 1.96e+03     |
|    ep_rew_mean          | 14.2         |
| time/                   |              |
|    fps                  | 1413         |
|    iterations           | 48           |
|    time_elapsed         | 69           |
|    total_timesteps      | 98304        |
| train/                  |              |
|    approx_kl            | 0.0041128322 |
|    clip_fraction        | 0.0305       |
|    clip_range           | 0.2          |
|    entropy_loss         | -2.79        |
|    explained_variance   | 0.163        |
|    learning_rate        | 0.0003       |
|    loss                 | 1.55         |
|    n_updates            | 235          |
|    policy_gradient_loss | 0.000212     |
|    std                  | 0.978        |
|    value_loss           | 18           |
------------------------------------------
------------------------------------------
| rollout/                |              |
|    ep_len_mean          | 1.96e+03     |
|    ep_rew_mean          | 14.2         |
| time/                   |              |
|    fps                  | 1414         |
|    iterations           | 49           |
|    time_elapsed         | 70           |
|    total_timesteps      | 100352       |
| train/                  |              |
|    approx_kl            | 0.0025112925 |
|    clip_fraction        | 0.0408       |
|    clip_range           | 0.2          |
|    entropy_loss         | -2.79        |
|    explained_variance   | 0.618        |
|    learning_rate        | 0.0003       |
|    loss                 | 2.01         |
|    n_updates            | 240          |
|    policy_gradient_loss | -0.00593     |
|    std                  | 0.978        |
|    value_loss           | 8.27         |
------------------------------------------
------------------------------------------
| rollout/                |              |
|    ep_len_mean          | 1.97e+03     |
|    ep_rew_mean          | 13.8         |
| time/                   |              |
|    fps                  | 1414         |
|    iterations           | 50           |
|    time_elapsed         | 72           |
|    total_timesteps      | 102400       |
| train/                  |              |
|    approx_kl            | 0.0028139045 |
|    clip_fraction        | 0.00928      |
|    clip_range           | 0.2          |
|    entropy_loss         | -2.79        |
|    explained_variance   | 0.593        |
|    learning_rate        | 0.0003       |
|    loss                 | 4.2          |
|    n_updates            | 245          |
|    policy_gradient_loss | -0.00246     |
|    std                  | 0.978        |
|    value_loss           | 4.83         |
------------------------------------------
-----------------------------------------
| rollout/                |             |
|    ep_len_mean          | 1.98e+03    |
|    ep_rew_mean          | 13.9        |
| time/                   |             |
|    fps                  | 1414        |
|    iterations           | 51          |
|    time_elapsed         | 73          |
|    total_timesteps      | 104448      |
| train/                  |             |
|    approx_kl            | 0.003248266 |
|    clip_fraction        | 0.044       |
|    clip_range           | 0.2         |
|    entropy_loss         | -2.79       |
|    explained_variance   | 0.754       |
|    learning_rate        | 0.0003      |
|    loss                 | 0.423       |
|    n_updates            | 250         |
|    policy_gradient_loss | -0.00216    |
|    std                  | 0.978       |
|    value_loss           | 4.67        |
-----------------------------------------
-----------------------------------------
| rollout/                |             |
|    ep_len_mean          | 1.96e+03    |
|    ep_rew_mean          | 16          |
| time/                   |             |
|    fps                  | 1414        |
|    iterations           | 52          |
|    time_elapsed         | 75          |
|    total_timesteps      | 106496      |
| train/                  |             |
|    approx_kl            | 0.005832447 |
|    clip_fraction        | 0.0625      |
|    clip_range           | 0.2         |
|    entropy_loss         | -2.79       |
|    explained_variance   | 0.476       |
|    learning_rate        | 0.0003      |
|    loss                 | 1.87        |
|    n_updates            | 255         |
|    policy_gradient_loss | -0.00303    |
|    std                  | 0.978       |
|    value_loss           | 18.9        |
-----------------------------------------
------------------------------------------
| rollout/                |              |
|    ep_len_mean          | 1.96e+03     |
|    ep_rew_mean          | 16           |
| time/                   |              |
|    fps                  | 1413         |
|    iterations           | 53           |
|    time_elapsed         | 76           |
|    total_timesteps      | 108544       |
| train/                  |              |
|    approx_kl            | 0.0010786019 |
|    clip_fraction        | 0.03         |
|    clip_range           | 0.2          |
|    entropy_loss         | -2.79        |
|    explained_variance   | -0.0804      |
|    learning_rate        | 0.0003       |
|    loss                 | 2.27         |
|    n_updates            | 260          |
|    policy_gradient_loss | -0.000882    |
|    std                  | 0.978        |
|    value_loss           | 66.2         |
------------------------------------------
------------------------------------------
| rollout/                |              |
|    ep_len_mean          | 1.96e+03     |
|    ep_rew_mean          | 16.3         |
| time/                   |              |
|    fps                  | 1414         |
|    iterations           | 54           |
|    time_elapsed         | 78           |
|    total_timesteps      | 110592       |
| train/                  |              |
|    approx_kl            | 0.0018902025 |
|    clip_fraction        | 0.00439      |
|    clip_range           | 0.2          |
|    entropy_loss         | -2.79        |
|    explained_variance   | 0.787        |
|    learning_rate        | 0.0003       |
|    loss                 | 1.95         |
|    n_updates            | 265          |
|    policy_gradient_loss | -0.000435    |
|    std                  | 0.978        |
|    value_loss           | 2.19         |
------------------------------------------
------------------------------------------
| rollout/                |              |
|    ep_len_mean          | 1.96e+03     |
|    ep_rew_mean          | 16.3         |
| time/                   |              |
|    fps                  | 1412         |
|    iterations           | 55           |
|    time_elapsed         | 79           |
|    total_timesteps      | 112640       |
| train/                  |              |
|    approx_kl            | 0.0023337435 |
|    clip_fraction        | 0.0107       |
|    clip_range           | 0.2          |
|    entropy_loss         | -2.79        |
|    explained_variance   | 0.444        |
|    learning_rate        | 0.0003       |
|    loss                 | 21.7         |
|    n_updates            | 270          |
|    policy_gradient_loss | -0.00268     |
|    std                  | 0.978        |
|    value_loss           | 15.8         |
------------------------------------------
------------------------------------------
| rollout/                |              |
|    ep_len_mean          | 1.97e+03     |
|    ep_rew_mean          | 16           |
| time/                   |              |
|    fps                  | 1413         |
|    iterations           | 56           |
|    time_elapsed         | 81           |
|    total_timesteps      | 114688       |
| train/                  |              |
|    approx_kl            | 0.0053090183 |
|    clip_fraction        | 0.0572       |
|    clip_range           | 0.2          |
|    entropy_loss         | -2.79        |
|    explained_variance   | 0.68         |
|    learning_rate        | 0.0003       |
|    loss                 | 5.91         |
|    n_updates            | 275          |
|    policy_gradient_loss | 0.000674     |
|    std                  | 0.977        |
|    value_loss           | 11.3         |
------------------------------------------
------------------------------------------
| rollout/                |              |
|    ep_len_mean          | 1.97e+03     |
|    ep_rew_mean          | 15.9         |
| time/                   |              |
|    fps                  | 1413         |
|    iterations           | 57           |
|    time_elapsed         | 82           |
|    total_timesteps      | 116736       |
| train/                  |              |
|    approx_kl            | 0.0014558921 |
|    clip_fraction        | 0.0286       |
|    clip_range           | 0.2          |
|    entropy_loss         | -2.79        |
|    explained_variance   | 0.512        |
|    learning_rate        | 0.0003       |
|    loss                 | 4.64         |
|    n_updates            | 280          |
|    policy_gradient_loss | -0.000278    |
|    std                  | 0.977        |
|    value_loss           | 13.3         |
------------------------------------------
-----------------------------------------
| rollout/                |             |
|    ep_len_mean          | 1.97e+03    |
|    ep_rew_mean          | 15.9        |
| time/                   |             |
|    fps                  | 1413        |
|    iterations           | 58          |
|    time_elapsed         | 84          |
|    total_timesteps      | 118784      |
| train/                  |             |
|    approx_kl            | 0.009011672 |
|    clip_fraction        | 0.0522      |
|    clip_range           | 0.2         |
|    entropy_loss         | -2.79       |
|    explained_variance   | 0.163       |
|    learning_rate        | 0.0003      |
|    loss                 | 0.0324      |
|    n_updates            | 285         |
|    policy_gradient_loss | -0.00412    |
|    std                  | 0.977       |
|    value_loss           | 10.4        |
-----------------------------------------
------------------------------------------
| rollout/                |              |
|    ep_len_mean          | 1.97e+03     |
|    ep_rew_mean          | 15.9         |
| time/                   |              |
|    fps                  | 1412         |
|    iterations           | 59           |
|    time_elapsed         | 85           |
|    total_timesteps      | 120832       |
| train/                  |              |
|    approx_kl            | 0.0017217067 |
|    clip_fraction        | 0.0247       |
|    clip_range           | 0.2          |
|    entropy_loss         | -2.79        |
|    explained_variance   | 0.698        |
|    learning_rate        | 0.0003       |
|    loss                 | 1.77         |
|    n_updates            | 290          |
|    policy_gradient_loss | -0.00294     |
|    std                  | 0.976        |
|    value_loss           | 11.8         |
------------------------------------------
-----------------------------------------
| rollout/                |             |
|    ep_len_mean          | 1.97e+03    |
|    ep_rew_mean          | 15.8        |
| time/                   |             |
|    fps                  | 1413        |
|    iterations           | 60          |
|    time_elapsed         | 86          |
|    total_timesteps      | 122880      |
| train/                  |             |
|    approx_kl            | 0.003344908 |
|    clip_fraction        | 0.053       |
|    clip_range           | 0.2         |
|    entropy_loss         | -2.79       |
|    explained_variance   | 0.758       |
|    learning_rate        | 0.0003      |
|    loss                 | 2.36        |
|    n_updates            | 295         |
|    policy_gradient_loss | -0.00163    |
|    std                  | 0.976       |
|    value_loss           | 9.67        |
-----------------------------------------
------------------------------------------
| rollout/                |              |
|    ep_len_mean          | 1.97e+03     |
|    ep_rew_mean          | 15.8         |
| time/                   |              |
|    fps                  | 1410         |
|    iterations           | 61           |
|    time_elapsed         | 88           |
|    total_timesteps      | 124928       |
| train/                  |              |
|    approx_kl            | 0.0068161595 |
|    clip_fraction        | 0.044        |
|    clip_range           | 0.2          |
|    entropy_loss         | -2.79        |
|    explained_variance   | 0.688        |
|    learning_rate        | 0.0003       |
|    loss                 | 30           |
|    n_updates            | 300          |
|    policy_gradient_loss | 0.000122     |
|    std                  | 0.976        |
|    value_loss           | 15.3         |
------------------------------------------
------------------------------------------
| rollout/                |              |
|    ep_len_mean          | 1.97e+03     |
|    ep_rew_mean          | 15.9         |
| time/                   |              |
|    fps                  | 1410         |
|    iterations           | 62           |
|    time_elapsed         | 90           |
|    total_timesteps      | 126976       |
| train/                  |              |
|    approx_kl            | 0.0035311384 |
|    clip_fraction        | 0.0177       |
|    clip_range           | 0.2          |
|    entropy_loss         | -2.79        |
|    explained_variance   | 0.6          |
|    learning_rate        | 0.0003       |
|    loss                 | 2.13         |
|    n_updates            | 305          |
|    policy_gradient_loss | -0.00309     |
|    std                  | 0.976        |
|    value_loss           | 6.02         |
------------------------------------------
-----------------------------------------
| rollout/                |             |
|    ep_len_mean          | 1.96e+03    |
|    ep_rew_mean          | 17.6        |
| time/                   |             |
|    fps                  | 1408        |
|    iterations           | 63          |
|    time_elapsed         | 91          |
|    total_timesteps      | 129024      |
| train/                  |             |
|    approx_kl            | 0.003993448 |
|    clip_fraction        | 0.0339      |
|    clip_range           | 0.2         |
|    entropy_loss         | -2.79       |
|    explained_variance   | 0.645       |
|    learning_rate        | 0.0003      |
|    loss                 | 2.62        |
|    n_updates            | 310         |
|    policy_gradient_loss | -0.00298    |
|    std                  | 0.976       |
|    value_loss           | 15          |
-----------------------------------------
-----------------------------------------
| rollout/                |             |
|    ep_len_mean          | 1.96e+03    |
|    ep_rew_mean          | 17.6        |
| time/                   |             |
|    fps                  | 1407        |
|    iterations           | 64          |
|    time_elapsed         | 93          |
|    total_timesteps      | 131072      |
| train/                  |             |
|    approx_kl            | 0.006809885 |
|    clip_fraction        | 0.0541      |
|    clip_range           | 0.2         |
|    entropy_loss         | -2.79       |
|    explained_variance   | 0.0813      |
|    learning_rate        | 0.0003      |
|    loss                 | 8.95        |
|    n_updates            | 315         |
|    policy_gradient_loss | -0.000611   |
|    std                  | 0.976       |
|    value_loss           | 56.7        |
-----------------------------------------
------------------------------------------
| rollout/                |              |
|    ep_len_mean          | 1.96e+03     |
|    ep_rew_mean          | 17.6         |
| time/                   |              |
|    fps                  | 1406         |
|    iterations           | 65           |
|    time_elapsed         | 94           |
|    total_timesteps      | 133120       |
| train/                  |              |
|    approx_kl            | 0.0052722846 |
|    clip_fraction        | 0.0481       |
|    clip_range           | 0.2          |
|    entropy_loss         | -2.79        |
|    explained_variance   | 0.725        |
|    learning_rate        | 0.0003       |
|    loss                 | 1.31         |
|    n_updates            | 320          |
|    policy_gradient_loss | -0.00323     |
|    std                  | 0.976        |
|    value_loss           | 10.1         |
------------------------------------------
-----------------------------------------
| rollout/                |             |
|    ep_len_mean          | 1.96e+03    |
|    ep_rew_mean          | 17.5        |
| time/                   |             |
|    fps                  | 1407        |
|    iterations           | 66          |
|    time_elapsed         | 96          |
|    total_timesteps      | 135168      |
| train/                  |             |
|    approx_kl            | 0.007815344 |
|    clip_fraction        | 0.034       |
|    clip_range           | 0.2         |
|    entropy_loss         | -2.79       |
|    explained_variance   | 0.805       |
|    learning_rate        | 0.0003      |
|    loss                 | 0.149       |
|    n_updates            | 325         |
|    policy_gradient_loss | -0.00276    |
|    std                  | 0.977       |
|    value_loss           | 8.76        |
-----------------------------------------
-----------------------------------------
| rollout/                |             |
|    ep_len_mean          | 1.96e+03    |
|    ep_rew_mean          | 17.5        |
| time/                   |             |
|    fps                  | 1405        |
|    iterations           | 67          |
|    time_elapsed         | 97          |
|    total_timesteps      | 137216      |
| train/                  |             |
|    approx_kl            | 0.018546307 |
|    clip_fraction        | 0.0655      |
|    clip_range           | 0.2         |
|    entropy_loss         | -2.79       |
|    explained_variance   | 0.641       |
|    learning_rate        | 0.0003      |
|    loss                 | 5.65        |
|    n_updates            | 330         |
|    policy_gradient_loss | -0.00171    |
|    std                  | 0.977       |
|    value_loss           | 16.8        |
-----------------------------------------
----------------------------------------
| rollout/                |            |
|    ep_len_mean          | 1.97e+03   |
|    ep_rew_mean          | 17.4       |
| time/                   |            |
|    fps                  | 1405       |
|    iterations           | 68         |
|    time_elapsed         | 99         |
|    total_timesteps      | 139264     |
| train/                  |            |
|    approx_kl            | 0.00288456 |
|    clip_fraction        | 0.0627     |
|    clip_range           | 0.2        |
|    entropy_loss         | -2.79      |
|    explained_variance   | 0.612      |
|    learning_rate        | 0.0003     |
|    loss                 | 1.01       |
|    n_updates            | 335        |
|    policy_gradient_loss | -0.00602   |
|    std                  | 0.977      |
|    value_loss           | 9.01       |
----------------------------------------
------------------------------------------
| rollout/                |              |
|    ep_len_mean          | 1.95e+03     |
|    ep_rew_mean          | 18.9         |
| time/                   |              |
|    fps                  | 1403         |
|    iterations           | 69           |
|    time_elapsed         | 100          |
|    total_timesteps      | 141312       |
| train/                  |              |
|    approx_kl            | 0.0031633982 |
|    clip_fraction        | 0.00889      |
|    clip_range           | 0.2          |
|    entropy_loss         | -2.79        |
|    explained_variance   | 0.733        |
|    learning_rate        | 0.0003       |
|    loss                 | 4.82         |
|    n_updates            | 340          |
|    policy_gradient_loss | -0.00267     |
|    std                  | 0.978        |
|    value_loss           | 10.7         |
------------------------------------------
-----------------------------------------
| rollout/                |             |
|    ep_len_mean          | 1.94e+03    |
|    ep_rew_mean          | 20.3        |
| time/                   |             |
|    fps                  | 1402        |
|    iterations           | 70          |
|    time_elapsed         | 102         |
|    total_timesteps      | 143360      |
| train/                  |             |
|    approx_kl            | 0.002927586 |
|    clip_fraction        | 0.0107      |
|    clip_range           | 0.2         |
|    entropy_loss         | -2.79       |
|    explained_variance   | 0.181       |
|    learning_rate        | 0.0003      |
|    loss                 | 1.91        |
|    n_updates            | 345         |
|    policy_gradient_loss | -0.000856   |
|    std                  | 0.977       |
|    value_loss           | 58.1        |
-----------------------------------------
-----------------------------------------
| rollout/                |             |
|    ep_len_mean          | 1.95e+03    |
|    ep_rew_mean          | 19.9        |
| time/                   |             |
|    fps                  | 1400        |
|    iterations           | 71          |
|    time_elapsed         | 103         |
|    total_timesteps      | 145408      |
| train/                  |             |
|    approx_kl            | 0.018085463 |
|    clip_fraction        | 0.0846      |
|    clip_range           | 0.2         |
|    entropy_loss         | -2.79       |
|    explained_variance   | 0.171       |
|    learning_rate        | 0.0003      |
|    loss                 | 0.982       |
|    n_updates            | 350         |
|    policy_gradient_loss | -0.00106    |
|    std                  | 0.977       |
|    value_loss           | 58.9        |
-----------------------------------------
----------------------------------------
| rollout/                |            |
|    ep_len_mean          | 1.95e+03   |
|    ep_rew_mean          | 19.9       |
| time/                   |            |
|    fps                  | 1400       |
|    iterations           | 72         |
|    time_elapsed         | 105        |
|    total_timesteps      | 147456     |
| train/                  |            |
|    approx_kl            | 0.00448716 |
|    clip_fraction        | 0.0529     |
|    clip_range           | 0.2        |
|    entropy_loss         | -2.79      |
|    explained_variance   | 0.612      |
|    learning_rate        | 0.0003     |
|    loss                 | 1.81       |
|    n_updates            | 355        |
|    policy_gradient_loss | 0.00027    |
|    std                  | 0.977      |
|    value_loss           | 15         |
----------------------------------------
------------------------------------------
| rollout/                |              |
|    ep_len_mean          | 1.95e+03     |
|    ep_rew_mean          | 19.9         |
| time/                   |              |
|    fps                  | 1401         |
|    iterations           | 73           |
|    time_elapsed         | 106          |
|    total_timesteps      | 149504       |
| train/                  |              |
|    approx_kl            | 0.0017211603 |
|    clip_fraction        | 0.0159       |
|    clip_range           | 0.2          |
|    entropy_loss         | -2.79        |
|    explained_variance   | 0.837        |
|    learning_rate        | 0.0003       |
|    loss                 | 0.481        |
|    n_updates            | 360          |
|    policy_gradient_loss | -0.000386    |
|    std                  | 0.977        |
|    value_loss           | 6.94         |
------------------------------------------
-----------------------------------------
| rollout/                |             |
|    ep_len_mean          | 1.94e+03    |
|    ep_rew_mean          | 19.8        |
| time/                   |             |
|    fps                  | 1401        |
|    iterations           | 74          |
|    time_elapsed         | 108         |
|    total_timesteps      | 151552      |
| train/                  |             |
|    approx_kl            | 0.003548968 |
|    clip_fraction        | 0.032       |
|    clip_range           | 0.2         |
|    entropy_loss         | -2.79       |
|    explained_variance   | 0.741       |
|    learning_rate        | 0.0003      |
|    loss                 | 0.411       |
|    n_updates            | 365         |
|    policy_gradient_loss | -0.00152    |
|    std                  | 0.977       |
|    value_loss           | 10.1        |
-----------------------------------------
------------------------------------------
| rollout/                |              |
|    ep_len_mean          | 1.94e+03     |
|    ep_rew_mean          | 19.8         |
| time/                   |              |
|    fps                  | 1400         |
|    iterations           | 75           |
|    time_elapsed         | 109          |
|    total_timesteps      | 153600       |
| train/                  |              |
|    approx_kl            | 0.0032306034 |
|    clip_fraction        | 0.00986      |
|    clip_range           | 0.2          |
|    entropy_loss         | -2.79        |
|    explained_variance   | 0.655        |
|    learning_rate        | 0.0003       |
|    loss                 | 2.96         |
|    n_updates            | 370          |
|    policy_gradient_loss | -0.00189     |
|    std                  | 0.977        |
|    value_loss           | 19.6         |
------------------------------------------
------------------------------------------
| rollout/                |              |
|    ep_len_mean          | 1.94e+03     |
|    ep_rew_mean          | 19.6         |
| time/                   |              |
|    fps                  | 1401         |
|    iterations           | 76           |
|    time_elapsed         | 111          |
|    total_timesteps      | 155648       |
| train/                  |              |
|    approx_kl            | 0.0014532951 |
|    clip_fraction        | 0.00176      |
|    clip_range           | 0.2          |
|    entropy_loss         | -2.79        |
|    explained_variance   | 0.774        |
|    learning_rate        | 0.0003       |
|    loss                 | 1.68         |
|    n_updates            | 375          |
|    policy_gradient_loss | -0.000543    |
|    std                  | 0.977        |
|    value_loss           | 6.07         |
------------------------------------------
------------------------------------------
| rollout/                |              |
|    ep_len_mean          | 1.94e+03     |
|    ep_rew_mean          | 19.7         |
| time/                   |              |
|    fps                  | 1400         |
|    iterations           | 77           |
|    time_elapsed         | 112          |
|    total_timesteps      | 157696       |
| train/                  |              |
|    approx_kl            | 0.0018856607 |
|    clip_fraction        | 0.00166      |
|    clip_range           | 0.2          |
|    entropy_loss         | -2.79        |
|    explained_variance   | 0.897        |
|    learning_rate        | 0.0003       |
|    loss                 | 2.16         |
|    n_updates            | 380          |
|    policy_gradient_loss | -0.00138     |
|    std                  | 0.976        |
|    value_loss           | 7.66         |
------------------------------------------
------------------------------------------
| rollout/                |              |
|    ep_len_mean          | 1.95e+03     |
|    ep_rew_mean          | 19.4         |
| time/                   |              |
|    fps                  | 1399         |
|    iterations           | 78           |
|    time_elapsed         | 114          |
|    total_timesteps      | 159744       |
| train/                  |              |
|    approx_kl            | 0.0130908275 |
|    clip_fraction        | 0.0509       |
|    clip_range           | 0.2          |
|    entropy_loss         | -2.79        |
|    explained_variance   | 0.749        |
|    learning_rate        | 0.0003       |
|    loss                 | 1.31         |
|    n_updates            | 385          |
|    policy_gradient_loss | -0.00058     |
|    std                  | 0.976        |
|    value_loss           | 6.22         |
------------------------------------------
-----------------------------------------
| rollout/                |             |
|    ep_len_mean          | 1.93e+03    |
|    ep_rew_mean          | 20.7        |
| time/                   |             |
|    fps                  | 1398        |
|    iterations           | 79          |
|    time_elapsed         | 115         |
|    total_timesteps      | 161792      |
| train/                  |             |
|    approx_kl            | 0.006039304 |
|    clip_fraction        | 0.0354      |
|    clip_range           | 0.2         |
|    entropy_loss         | -2.79       |
|    explained_variance   | 0.754       |
|    learning_rate        | 0.0003      |
|    loss                 | 1.45        |
|    n_updates            | 390         |
|    policy_gradient_loss | -0.00142    |
|    std                  | 0.976       |
|    value_loss           | 18.1        |
-----------------------------------------
------------------------------------------
| rollout/                |              |
|    ep_len_mean          | 1.93e+03     |
|    ep_rew_mean          | 20.7         |
| time/                   |              |
|    fps                  | 1397         |
|    iterations           | 80           |
|    time_elapsed         | 117          |
|    total_timesteps      | 163840       |
| train/                  |              |
|    approx_kl            | 0.0045046257 |
|    clip_fraction        | 0.0165       |
|    clip_range           | 0.2          |
|    entropy_loss         | -2.79        |
|    explained_variance   | 0.237        |
|    learning_rate        | 0.0003       |
|    loss                 | 216          |
|    n_updates            | 395          |
|    policy_gradient_loss | -0.000342    |
|    std                  | 0.975        |
|    value_loss           | 59.8         |
------------------------------------------
------------------------------------------
| rollout/                |              |
|    ep_len_mean          | 1.93e+03     |
|    ep_rew_mean          | 20.5         |
| time/                   |              |
|    fps                  | 1397         |
|    iterations           | 81           |
|    time_elapsed         | 118          |
|    total_timesteps      | 165888       |
| train/                  |              |
|    approx_kl            | 0.0052216006 |
|    clip_fraction        | 0.0421       |
|    clip_range           | 0.2          |
|    entropy_loss         | -2.79        |
|    explained_variance   | 0.796        |
|    learning_rate        | 0.0003       |
|    loss                 | 5.4          |
|    n_updates            | 400          |
|    policy_gradient_loss | -0.00221     |
|    std                  | 0.975        |
|    value_loss           | 12.1         |
------------------------------------------
-----------------------------------------
| rollout/                |             |
|    ep_len_mean          | 1.93e+03    |
|    ep_rew_mean          | 20.5        |
| time/                   |             |
|    fps                  | 1398        |
|    iterations           | 82          |
|    time_elapsed         | 120         |
|    total_timesteps      | 167936      |
| train/                  |             |
|    approx_kl            | 0.004625942 |
|    clip_fraction        | 0.0495      |
|    clip_range           | 0.2         |
|    entropy_loss         | -2.79       |
|    explained_variance   | 0.683       |
|    learning_rate        | 0.0003      |
|    loss                 | 2.37        |
|    n_updates            | 405         |
|    policy_gradient_loss | -0.0046     |
|    std                  | 0.976       |
|    value_loss           | 12.4        |
-----------------------------------------
------------------------------------------
| rollout/                |              |
|    ep_len_mean          | 1.93e+03     |
|    ep_rew_mean          | 20.5         |
| time/                   |              |
|    fps                  | 1398         |
|    iterations           | 83           |
|    time_elapsed         | 121          |
|    total_timesteps      | 169984       |
| train/                  |              |
|    approx_kl            | 0.0044347644 |
|    clip_fraction        | 0.0122       |
|    clip_range           | 0.2          |
|    entropy_loss         | -2.79        |
|    explained_variance   | 0.819        |
|    learning_rate        | 0.0003       |
|    loss                 | 0.548        |
|    n_updates            | 410          |
|    policy_gradient_loss | -0.00269     |
|    std                  | 0.976        |
|    value_loss           | 10.6         |
------------------------------------------
------------------------------------------
| rollout/                |              |
|    ep_len_mean          | 1.93e+03     |
|    ep_rew_mean          | 20.3         |
| time/                   |              |
|    fps                  | 1400         |
|    iterations           | 84           |
|    time_elapsed         | 122          |
|    total_timesteps      | 172032       |
| train/                  |              |
|    approx_kl            | 0.0029290058 |
|    clip_fraction        | 0.00693      |
|    clip_range           | 0.2          |
|    entropy_loss         | -2.79        |
|    explained_variance   | 0.904        |
|    learning_rate        | 0.0003       |
|    loss                 | 2.11         |
|    n_updates            | 415          |
|    policy_gradient_loss | -0.000746    |
|    std                  | 0.976        |
|    value_loss           | 3.26         |
------------------------------------------
------------------------------------------
| rollout/                |              |
|    ep_len_mean          | 1.93e+03     |
|    ep_rew_mean          | 20.2         |
| time/                   |              |
|    fps                  | 1399         |
|    iterations           | 85           |
|    time_elapsed         | 124          |
|    total_timesteps      | 174080       |
| train/                  |              |
|    approx_kl            | 0.0029668652 |
|    clip_fraction        | 0.019        |
|    clip_range           | 0.2          |
|    entropy_loss         | -2.79        |
|    explained_variance   | 0.731        |
|    learning_rate        | 0.0003       |
|    loss                 | 0.669        |
|    n_updates            | 420          |
|    policy_gradient_loss | -0.000826    |
|    std                  | 0.976        |
|    value_loss           | 13.6         |
------------------------------------------
-----------------------------------------
| rollout/                |             |
|    ep_len_mean          | 1.93e+03    |
|    ep_rew_mean          | 21.3        |
| time/                   |             |
|    fps                  | 1398        |
|    iterations           | 86          |
|    time_elapsed         | 125         |
|    total_timesteps      | 176128      |
| train/                  |             |
|    approx_kl            | 0.000822896 |
|    clip_fraction        | 0.00146     |
|    clip_range           | 0.2         |
|    entropy_loss         | -2.79       |
|    explained_variance   | 0.678       |
|    learning_rate        | 0.0003      |
|    loss                 | 2.99        |
|    n_updates            | 425         |
|    policy_gradient_loss | -0.00027    |
|    std                  | 0.976       |
|    value_loss           | 14.6        |
-----------------------------------------
------------------------------------------
| rollout/                |              |
|    ep_len_mean          | 1.93e+03     |
|    ep_rew_mean          | 21.3         |
| time/                   |              |
|    fps                  | 1397         |
|    iterations           | 87           |
|    time_elapsed         | 127          |
|    total_timesteps      | 178176       |
| train/                  |              |
|    approx_kl            | 0.0018731825 |
|    clip_fraction        | 0.00244      |
|    clip_range           | 0.2          |
|    entropy_loss         | -2.79        |
|    explained_variance   | 0.256        |
|    learning_rate        | 0.0003       |
|    loss                 | 196          |
|    n_updates            | 430          |
|    policy_gradient_loss | -0.00133     |
|    std                  | 0.976        |
|    value_loss           | 65.7         |
------------------------------------------
-----------------------------------------
| rollout/                |             |
|    ep_len_mean          | 1.93e+03    |
|    ep_rew_mean          | 22.3        |
| time/                   |             |
|    fps                  | 1398        |
|    iterations           | 88          |
|    time_elapsed         | 128         |
|    total_timesteps      | 180224      |
| train/                  |             |
|    approx_kl            | 0.003868263 |
|    clip_fraction        | 0.0398      |
|    clip_range           | 0.2         |
|    entropy_loss         | -2.79       |
|    explained_variance   | 0.612       |
|    learning_rate        | 0.0003      |
|    loss                 | 6.61        |
|    n_updates            | 435         |
|    policy_gradient_loss | -0.000942   |
|    std                  | 0.976       |
|    value_loss           | 5.16        |
-----------------------------------------
------------------------------------------
| rollout/                |              |
|    ep_len_mean          | 1.92e+03     |
|    ep_rew_mean          | 22.2         |
| time/                   |              |
|    fps                  | 1397         |
|    iterations           | 89           |
|    time_elapsed         | 130          |
|    total_timesteps      | 182272       |
| train/                  |              |
|    approx_kl            | 0.0059997747 |
|    clip_fraction        | 0.0468       |
|    clip_range           | 0.2          |
|    entropy_loss         | -2.79        |
|    explained_variance   | 0.299        |
|    learning_rate        | 0.0003       |
|    loss                 | 6.23         |
|    n_updates            | 440          |
|    policy_gradient_loss | -0.00336     |
|    std                  | 0.976        |
|    value_loss           | 71           |
------------------------------------------
------------------------------------------
| rollout/                |              |
|    ep_len_mean          | 1.92e+03     |
|    ep_rew_mean          | 22.2         |
| time/                   |              |
|    fps                  | 1397         |
|    iterations           | 90           |
|    time_elapsed         | 131          |
|    total_timesteps      | 184320       |
| train/                  |              |
|    approx_kl            | 0.0028205516 |
|    clip_fraction        | 0.0149       |
|    clip_range           | 0.2          |
|    entropy_loss         | -2.79        |
|    explained_variance   | 0.81         |
|    learning_rate        | 0.0003       |
|    loss                 | 17.9         |
|    n_updates            | 445          |
|    policy_gradient_loss | -0.00151     |
|    std                  | 0.976        |
|    value_loss           | 9.87         |
------------------------------------------
------------------------------------------
| rollout/                |              |
|    ep_len_mean          | 1.93e+03     |
|    ep_rew_mean          | 21.9         |
| time/                   |              |
|    fps                  | 1399         |
|    iterations           | 91           |
|    time_elapsed         | 133          |
|    total_timesteps      | 186368       |
| train/                  |              |
|    approx_kl            | 0.0020594122 |
|    clip_fraction        | 0.00479      |
|    clip_range           | 0.2          |
|    entropy_loss         | -2.79        |
|    explained_variance   | 0.872        |
|    learning_rate        | 0.0003       |
|    loss                 | 0.555        |
|    n_updates            | 450          |
|    policy_gradient_loss | -0.00109     |
|    std                  | 0.976        |
|    value_loss           | 4.87         |
------------------------------------------
-------------------------------------------
| rollout/                |               |
|    ep_len_mean          | 1.92e+03      |
|    ep_rew_mean          | 21.9          |
| time/                   |               |
|    fps                  | 1398          |
|    iterations           | 92            |
|    time_elapsed         | 134           |
|    total_timesteps      | 188416        |
| train/                  |               |
|    approx_kl            | 0.00064450887 |
|    clip_fraction        | 0.0133        |
|    clip_range           | 0.2           |
|    entropy_loss         | -2.79         |
|    explained_variance   | 0.783         |
|    learning_rate        | 0.0003        |
|    loss                 | 5.05          |
|    n_updates            | 455           |
|    policy_gradient_loss | 8.36e-05      |
|    std                  | 0.975         |
|    value_loss           | 15.2          |
-------------------------------------------
----------------------------------------
| rollout/                |            |
|    ep_len_mean          | 1.91e+03   |
|    ep_rew_mean          | 22.9       |
| time/                   |            |
|    fps                  | 1398       |
|    iterations           | 93         |
|    time_elapsed         | 136        |
|    total_timesteps      | 190464     |
| train/                  |            |
|    approx_kl            | 0.00548412 |
|    clip_fraction        | 0.0346     |
|    clip_range           | 0.2        |
|    entropy_loss         | -2.79      |
|    explained_variance   | 0.815      |
|    learning_rate        | 0.0003     |
|    loss                 | 2.78       |
|    n_updates            | 460        |
|    policy_gradient_loss | -0.00225   |
|    std                  | 0.975      |
|    value_loss           | 7.41       |
----------------------------------------
------------------------------------------
| rollout/                |              |
|    ep_len_mean          | 1.91e+03     |
|    ep_rew_mean          | 22.9         |
| time/                   |              |
|    fps                  | 1397         |
|    iterations           | 94           |
|    time_elapsed         | 137          |
|    total_timesteps      | 192512       |
| train/                  |              |
|    approx_kl            | 0.0026103086 |
|    clip_fraction        | 0.0813       |
|    clip_range           | 0.2          |
|    entropy_loss         | -2.79        |
|    explained_variance   | 0.507        |
|    learning_rate        | 0.0003       |
|    loss                 | 186          |
|    n_updates            | 465          |
|    policy_gradient_loss | 0.00134      |
|    std                  | 0.974        |
|    value_loss           | 60.2         |
------------------------------------------
------------------------------------------
| rollout/                |              |
|    ep_len_mean          | 1.91e+03     |
|    ep_rew_mean          | 22.8         |
| time/                   |              |
|    fps                  | 1398         |
|    iterations           | 95           |
|    time_elapsed         | 139          |
|    total_timesteps      | 194560       |
| train/                  |              |
|    approx_kl            | 0.0018408456 |
|    clip_fraction        | 0.0112       |
|    clip_range           | 0.2          |
|    entropy_loss         | -2.79        |
|    explained_variance   | 0.886        |
|    learning_rate        | 0.0003       |
|    loss                 | 0.573        |
|    n_updates            | 470          |
|    policy_gradient_loss | -0.00101     |
|    std                  | 0.974        |
|    value_loss           | 4.93         |
------------------------------------------
------------------------------------------
| rollout/                |              |
|    ep_len_mean          | 1.91e+03     |
|    ep_rew_mean          | 23           |
| time/                   |              |
|    fps                  | 1397         |
|    iterations           | 96           |
|    time_elapsed         | 140          |
|    total_timesteps      | 196608       |
| train/                  |              |
|    approx_kl            | 0.0027306937 |
|    clip_fraction        | 0.00664      |
|    clip_range           | 0.2          |
|    entropy_loss         | -2.78        |
|    explained_variance   | 0.866        |
|    learning_rate        | 0.0003       |
|    loss                 | 12.6         |
|    n_updates            | 475          |
|    policy_gradient_loss | -0.00011     |
|    std                  | 0.974        |
|    value_loss           | 8.94         |
------------------------------------------
------------------------------------------
| rollout/                |              |
|    ep_len_mean          | 1.88e+03     |
|    ep_rew_mean          | 25.7         |
| time/                   |              |
|    fps                  | 1397         |
|    iterations           | 97           |
|    time_elapsed         | 142          |
|    total_timesteps      | 198656       |
| train/                  |              |
|    approx_kl            | 0.0035963035 |
|    clip_fraction        | 0.048        |
|    clip_range           | 0.2          |
|    entropy_loss         | -2.78        |
|    explained_variance   | 0.794        |
|    learning_rate        | 0.0003       |
|    loss                 | 1.64         |
|    n_updates            | 480          |
|    policy_gradient_loss | -6.68e-05    |
|    std                  | 0.973        |
|    value_loss           | 12.5         |
------------------------------------------
------------------------------------------
| rollout/                |              |
|    ep_len_mean          | 1.87e+03     |
|    ep_rew_mean          | 27.6         |
| time/                   |              |
|    fps                  | 1396         |
|    iterations           | 98           |
|    time_elapsed         | 143          |
|    total_timesteps      | 200704       |
| train/                  |              |
|    approx_kl            | 0.0058959974 |
|    clip_fraction        | 0.0937       |
|    clip_range           | 0.2          |
|    entropy_loss         | -2.78        |
|    explained_variance   | -0.0349      |
|    learning_rate        | 0.0003       |
|    loss                 | 5.28         |
|    n_updates            | 485          |
|    policy_gradient_loss | -0.00378     |
|    std                  | 0.973        |
|    value_loss           | 113          |
------------------------------------------
-----------------------------------------
| rollout/                |             |
|    ep_len_mean          | 1.87e+03    |
|    ep_rew_mean          | 27.6        |
| time/                   |             |
|    fps                  | 1397        |
|    iterations           | 99          |
|    time_elapsed         | 145         |
|    total_timesteps      | 202752      |
| train/                  |             |
|    approx_kl            | 0.004278087 |
|    clip_fraction        | 0.0132      |
|    clip_range           | 0.2         |
|    entropy_loss         | -2.78       |
|    explained_variance   | 0.304       |
|    learning_rate        | 0.0003      |
|    loss                 | 2.34        |
|    n_updates            | 490         |
|    policy_gradient_loss | -0.0014     |
|    std                  | 0.973       |
|    value_loss           | 57.8        |
-----------------------------------------
-----------------------------------------
| rollout/                |             |
|    ep_len_mean          | 1.87e+03    |
|    ep_rew_mean          | 28.4        |
| time/                   |             |
|    fps                  | 1397        |
|    iterations           | 100         |
|    time_elapsed         | 146         |
|    total_timesteps      | 204800      |
| train/                  |             |
|    approx_kl            | 0.003842235 |
|    clip_fraction        | 0.0268      |
|    clip_range           | 0.2         |
|    entropy_loss         | -2.78       |
|    explained_variance   | 0.859       |
|    learning_rate        | 0.0003      |
|    loss                 | 0.0616      |
|    n_updates            | 495         |
|    policy_gradient_loss | -0.00301    |
|    std                  | 0.974       |
|    value_loss           | 2.92        |
-----------------------------------------

CP1 held-out: 11/50 hits (22.0%), mean miss 11.3 m, mean reward 25.42
CP2: evasive lineage | max_time=45s t_go_max=10s | tracking=True | obs=12-D | miss_tanh_scale=3000m shaping_gamma=1 effort_weight=5 precision_weight=0 -> out=outputs/evasive_zemtgo10_seed8
---------------------------------
| rollout/           |          |
|    ep_len_mean     | 1.87e+03 |
|    ep_rew_mean     | 28.4     |
| time/              |          |
|    fps             | 4328     |
|    iterations      | 1        |
|    time_elapsed    | 0        |
|    total_timesteps | 206848   |
---------------------------------
-----------------------------------------
| rollout/                |             |
|    ep_len_mean          | 1.87e+03    |
|    ep_rew_mean          | 28.4        |
| time/                   |             |
|    fps                  | 1778        |
|    iterations           | 2           |
|    time_elapsed         | 2           |
|    total_timesteps      | 208896      |
| train/                  |             |
|    approx_kl            | 0.005327533 |
|    clip_fraction        | 0.0645      |
|    clip_range           | 0.2         |
|    entropy_loss         | -2.79       |
|    explained_variance   | 0.623       |
|    learning_rate        | 0.0003      |
|    loss                 | 4.84        |
|    n_updates            | 505         |
|    policy_gradient_loss | -0.00332    |
|    std                  | 0.974       |
|    value_loss           | 6.57        |
-----------------------------------------
------------------------------------------
| rollout/                |              |
|    ep_len_mean          | 1.87e+03     |
|    ep_rew_mean          | 30.1         |
| time/                   |              |
|    fps                  | 1680         |
|    iterations           | 3            |
|    time_elapsed         | 3            |
|    total_timesteps      | 210944       |
| train/                  |              |
|    approx_kl            | 0.0035815479 |
|    clip_fraction        | 0.0437       |
|    clip_range           | 0.2          |
|    entropy_loss         | -2.79        |
|    explained_variance   | 0.79         |
|    learning_rate        | 0.0003       |
|    loss                 | 0.433        |
|    n_updates            | 510          |
|    policy_gradient_loss | -0.00312     |
|    std                  | 0.974        |
|    value_loss           | 4.88         |
------------------------------------------
-----------------------------------------
| rollout/                |             |
|    ep_len_mean          | 1.85e+03    |
|    ep_rew_mean          | 31.5        |
| time/                   |             |
|    fps                  | 1612        |
|    iterations           | 4           |
|    time_elapsed         | 5           |
|    total_timesteps      | 212992      |
| train/                  |             |
|    approx_kl            | 0.009945985 |
|    clip_fraction        | 0.0612      |
|    clip_range           | 0.2         |
|    entropy_loss         | -2.79       |
|    explained_variance   | 0.306       |
|    learning_rate        | 0.0003      |
|    loss                 | 2.81        |
|    n_updates            | 515         |
|    policy_gradient_loss | -0.0038     |
|    std                  | 0.974       |
|    value_loss           | 61.3        |
-----------------------------------------
-----------------------------------------
| rollout/                |             |
|    ep_len_mean          | 1.85e+03    |
|    ep_rew_mean          | 31.4        |
| time/                   |             |
|    fps                  | 1556        |
|    iterations           | 5           |
|    time_elapsed         | 6           |
|    total_timesteps      | 215040      |
| train/                  |             |
|    approx_kl            | 0.003482257 |
|    clip_fraction        | 0.0276      |
|    clip_range           | 0.2         |
|    entropy_loss         | -2.79       |
|    explained_variance   | 0.287       |
|    learning_rate        | 0.0003      |
|    loss                 | 6.06        |
|    n_updates            | 520         |
|    policy_gradient_loss | -0.00156    |
|    std                  | 0.974       |
|    value_loss           | 59.6        |
-----------------------------------------
-----------------------------------------
| rollout/                |             |
|    ep_len_mean          | 1.85e+03    |
|    ep_rew_mean          | 31.4        |
| time/                   |             |
|    fps                  | 1524        |
|    iterations           | 6           |
|    time_elapsed         | 8           |
|    total_timesteps      | 217088      |
| train/                  |             |
|    approx_kl            | 0.006624867 |
|    clip_fraction        | 0.106       |
|    clip_range           | 0.2         |
|    entropy_loss         | -2.79       |
|    explained_variance   | 0.691       |
|    learning_rate        | 0.0003      |
|    loss                 | 2.65        |
|    n_updates            | 525         |
|    policy_gradient_loss | -0.000592   |
|    std                  | 0.975       |
|    value_loss           | 17.6        |
-----------------------------------------
-----------------------------------------
| rollout/                |             |
|    ep_len_mean          | 1.84e+03    |
|    ep_rew_mean          | 32.7        |
| time/                   |             |
|    fps                  | 1520        |
|    iterations           | 7           |
|    time_elapsed         | 9           |
|    total_timesteps      | 219136      |
| train/                  |             |
|    approx_kl            | 0.005266588 |
|    clip_fraction        | 0.0758      |
|    clip_range           | 0.2         |
|    entropy_loss         | -2.79       |
|    explained_variance   | 0.762       |
|    learning_rate        | 0.0003      |
|    loss                 | 6.77        |
|    n_updates            | 530         |
|    policy_gradient_loss | 0.000823    |
|    std                  | 0.974       |
|    value_loss           | 9.77        |
-----------------------------------------
------------------------------------------
| rollout/                |              |
|    ep_len_mean          | 1.84e+03     |
|    ep_rew_mean          | 32.9         |
| time/                   |              |
|    fps                  | 1507         |
|    iterations           | 8            |
|    time_elapsed         | 10           |
|    total_timesteps      | 221184       |
| train/                  |              |
|    approx_kl            | 0.0045131617 |
|    clip_fraction        | 0.058        |
|    clip_range           | 0.2          |
|    entropy_loss         | -2.79        |
|    explained_variance   | 0.267        |
|    learning_rate        | 0.0003       |
|    loss                 | 1.62         |
|    n_updates            | 535          |
|    policy_gradient_loss | -0.000585    |
|    std                  | 0.975        |
|    value_loss           | 56           |
------------------------------------------
------------------------------------------
| rollout/                |              |
|    ep_len_mean          | 1.84e+03     |
|    ep_rew_mean          | 32.9         |
| time/                   |              |
|    fps                  | 1481         |
|    iterations           | 9            |
|    time_elapsed         | 12           |
|    total_timesteps      | 223232       |
| train/                  |              |
|    approx_kl            | 0.0030843145 |
|    clip_fraction        | 0.0137       |
|    clip_range           | 0.2          |
|    entropy_loss         | -2.79        |
|    explained_variance   | 0.675        |
|    learning_rate        | 0.0003       |
|    loss                 | 13           |
|    n_updates            | 540          |
|    policy_gradient_loss | -0.0023      |
|    std                  | 0.975        |
|    value_loss           | 19.6         |
------------------------------------------
------------------------------------------
| rollout/                |              |
|    ep_len_mean          | 1.84e+03     |
|    ep_rew_mean          | 33.6         |
| time/                   |              |
|    fps                  | 1481         |
|    iterations           | 10           |
|    time_elapsed         | 13           |
|    total_timesteps      | 225280       |
| train/                  |              |
|    approx_kl            | 0.0020558045 |
|    clip_fraction        | 0.0345       |
|    clip_range           | 0.2          |
|    entropy_loss         | -2.79        |
|    explained_variance   | 0.85         |
|    learning_rate        | 0.0003       |
|    loss                 | 7.97         |
|    n_updates            | 545          |
|    policy_gradient_loss | -0.00433     |
|    std                  | 0.975        |
|    value_loss           | 5.43         |
------------------------------------------
-----------------------------------------
| rollout/                |             |
|    ep_len_mean          | 1.83e+03    |
|    ep_rew_mean          | 34.9        |
| time/                   |             |
|    fps                  | 1482        |
|    iterations           | 11          |
|    time_elapsed         | 15          |
|    total_timesteps      | 227328      |
| train/                  |             |
|    approx_kl            | 0.005258362 |
|    clip_fraction        | 0.0298      |
|    clip_range           | 0.2         |
|    entropy_loss         | -2.79       |
|    explained_variance   | 0.839       |
|    learning_rate        | 0.0003      |
|    loss                 | 4.97        |
|    n_updates            | 550         |
|    policy_gradient_loss | -0.000128   |
|    std                  | 0.975       |
|    value_loss           | 10.4        |
-----------------------------------------
------------------------------------------
| rollout/                |              |
|    ep_len_mean          | 1.83e+03     |
|    ep_rew_mean          | 34.9         |
| time/                   |              |
|    fps                  | 1480         |
|    iterations           | 12           |
|    time_elapsed         | 16           |
|    total_timesteps      | 229376       |
| train/                  |              |
|    approx_kl            | 0.0053135226 |
|    clip_fraction        | 0.0745       |
|    clip_range           | 0.2          |
|    entropy_loss         | -2.79        |
|    explained_variance   | 0.408        |
|    learning_rate        | 0.0003       |
|    loss                 | 7.98         |
|    n_updates            | 555          |
|    policy_gradient_loss | -0.00225     |
|    std                  | 0.975        |
|    value_loss           | 59.3         |
------------------------------------------
------------------------------------------
| rollout/                |              |
|    ep_len_mean          | 1.84e+03     |
|    ep_rew_mean          | 34.3         |
| time/                   |              |
|    fps                  | 1485         |
|    iterations           | 13           |
|    time_elapsed         | 17           |
|    total_timesteps      | 231424       |
| train/                  |              |
|    approx_kl            | 0.0035726218 |
|    clip_fraction        | 0.0219       |
|    clip_range           | 0.2          |
|    entropy_loss         | -2.79        |
|    explained_variance   | 0.816        |
|    learning_rate        | 0.0003       |
|    loss                 | 3.98         |
|    n_updates            | 560          |
|    policy_gradient_loss | 1.76e-05     |
|    std                  | 0.973        |
|    value_loss           | 4.56         |
------------------------------------------
-----------------------------------------
| rollout/                |             |
|    ep_len_mean          | 1.84e+03    |
|    ep_rew_mean          | 34.3        |
| time/                   |             |
|    fps                  | 1479        |
|    iterations           | 14          |
|    time_elapsed         | 19          |
|    total_timesteps      | 233472      |
| train/                  |             |
|    approx_kl            | 0.005403734 |
|    clip_fraction        | 0.0304      |
|    clip_range           | 0.2         |
|    entropy_loss         | -2.78       |
|    explained_variance   | 0.868       |
|    learning_rate        | 0.0003      |
|    loss                 | 0.366       |
|    n_updates            | 565         |
|    policy_gradient_loss | -0.000104   |
|    std                  | 0.972       |
|    value_loss           | 11.4        |
-----------------------------------------
------------------------------------------
| rollout/                |              |
|    ep_len_mean          | 1.83e+03     |
|    ep_rew_mean          | 35.4         |
| time/                   |              |
|    fps                  | 1482         |
|    iterations           | 15           |
|    time_elapsed         | 20           |
|    total_timesteps      | 235520       |
| train/                  |              |
|    approx_kl            | 0.0054579135 |
|    clip_fraction        | 0.0772       |
|    clip_range           | 0.2          |
|    entropy_loss         | -2.78        |
|    explained_variance   | 0.905        |
|    learning_rate        | 0.0003       |
|    loss                 | 0.331        |
|    n_updates            | 570          |
|    policy_gradient_loss | -0.00467     |
|    std                  | 0.971        |
|    value_loss           | 2.86         |
------------------------------------------
-----------------------------------------
| rollout/                |             |
|    ep_len_mean          | 1.82e+03    |
|    ep_rew_mean          | 37.1        |
| time/                   |             |
|    fps                  | 1475        |
|    iterations           | 16          |
|    time_elapsed         | 22          |
|    total_timesteps      | 237568      |
| train/                  |             |
|    approx_kl            | 0.017585253 |
|    clip_fraction        | 0.238       |
|    clip_range           | 0.2         |
|    entropy_loss         | -2.78       |
|    explained_variance   | 0.074       |
|    learning_rate        | 0.0003      |
|    loss                 | 19.5        |
|    n_updates            | 575         |
|    policy_gradient_loss | 0.0182      |
|    std                  | 0.971       |
|    value_loss           | 67.8        |
-----------------------------------------
-----------------------------------------
| rollout/                |             |
|    ep_len_mean          | 1.81e+03    |
|    ep_rew_mean          | 38.4        |
| time/                   |             |
|    fps                  | 1475        |
|    iterations           | 17          |
|    time_elapsed         | 23          |
|    total_timesteps      | 239616      |
| train/                  |             |
|    approx_kl            | 0.026040634 |
|    clip_fraction        | 0.182       |
|    clip_range           | 0.2         |
|    entropy_loss         | -2.78       |
|    explained_variance   | 0.141       |
|    learning_rate        | 0.0003      |
|    loss                 | 3.58        |
|    n_updates            | 580         |
|    policy_gradient_loss | 0.00401     |
|    std                  | 0.971       |
|    value_loss           | 58.1        |
-----------------------------------------
-----------------------------------------
| rollout/                |             |
|    ep_len_mean          | 1.81e+03    |
|    ep_rew_mean          | 38.2        |
| time/                   |             |
|    fps                  | 1477        |
|    iterations           | 18          |
|    time_elapsed         | 24          |
|    total_timesteps      | 241664      |
| train/                  |             |
|    approx_kl            | 0.008443393 |
|    clip_fraction        | 0.149       |
|    clip_range           | 0.2         |
|    entropy_loss         | -2.78       |
|    explained_variance   | 0.2         |
|    learning_rate        | 0.0003      |
|    loss                 | 1.77        |
|    n_updates            | 585         |
|    policy_gradient_loss | -0.00508    |
|    std                  | 0.97        |
|    value_loss           | 53.9        |
-----------------------------------------
------------------------------------------
| rollout/                |              |
|    ep_len_mean          | 1.81e+03     |
|    ep_rew_mean          | 38.2         |
| time/                   |              |
|    fps                  | 1477         |
|    iterations           | 19           |
|    time_elapsed         | 26           |
|    total_timesteps      | 243712       |
| train/                  |              |
|    approx_kl            | 0.0069142263 |
|    clip_fraction        | 0.0297       |
|    clip_range           | 0.2          |
|    entropy_loss         | -2.78        |
|    explained_variance   | 0.867        |
|    learning_rate        | 0.0003       |
|    loss                 | 0.0314       |
|    n_updates            | 590          |
|    policy_gradient_loss | -0.00396     |
|    std                  | 0.97         |
|    value_loss           | 9.4          |
------------------------------------------
------------------------------------------
| rollout/                |              |
|    ep_len_mean          | 1.81e+03     |
|    ep_rew_mean          | 38.1         |
| time/                   |              |
|    fps                  | 1475         |
|    iterations           | 20           |
|    time_elapsed         | 27           |
|    total_timesteps      | 245760       |
| train/                  |              |
|    approx_kl            | 0.0035343114 |
|    clip_fraction        | 0.0166       |
|    clip_range           | 0.2          |
|    entropy_loss         | -2.78        |
|    explained_variance   | 0.847        |
|    learning_rate        | 0.0003       |
|    loss                 | 4.99         |
|    n_updates            | 595          |
|    policy_gradient_loss | -0.000225    |
|    std                  | 0.969        |
|    value_loss           | 7.62         |
------------------------------------------
-----------------------------------------
| rollout/                |             |
|    ep_len_mean          | 1.81e+03    |
|    ep_rew_mean          | 37.9        |
| time/                   |             |
|    fps                  | 1472        |
|    iterations           | 21          |
|    time_elapsed         | 29          |
|    total_timesteps      | 247808      |
| train/                  |             |
|    approx_kl            | 0.000466855 |
|    clip_fraction        | 0           |
|    clip_range           | 0.2         |
|    entropy_loss         | -2.77       |
|    explained_variance   | 0.874       |
|    learning_rate        | 0.0003      |
|    loss                 | 0.0835      |
|    n_updates            | 600         |
|    policy_gradient_loss | -0.000732   |
|    std                  | 0.969       |
|    value_loss           | 11.1        |
-----------------------------------------
-----------------------------------------
| rollout/                |             |
|    ep_len_mean          | 1.81e+03    |
|    ep_rew_mean          | 38          |
| time/                   |             |
|    fps                  | 1472        |
|    iterations           | 22          |
|    time_elapsed         | 30          |
|    total_timesteps      | 249856      |
| train/                  |             |
|    approx_kl            | 0.010371052 |
|    clip_fraction        | 0.0432      |
|    clip_range           | 0.2         |
|    entropy_loss         | -2.77       |
|    explained_variance   | 0.908       |
|    learning_rate        | 0.0003      |
|    loss                 | 0.335       |
|    n_updates            | 605         |
|    policy_gradient_loss | -0.00284    |
|    std                  | 0.969       |
|    value_loss           | 7.3         |
-----------------------------------------
------------------------------------------
| rollout/                |              |
|    ep_len_mean          | 1.81e+03     |
|    ep_rew_mean          | 38           |
| time/                   |              |
|    fps                  | 1469         |
|    iterations           | 23           |
|    time_elapsed         | 32           |
|    total_timesteps      | 251904       |
| train/                  |              |
|    approx_kl            | 0.0056232596 |
|    clip_fraction        | 0.0196       |
|    clip_range           | 0.2          |
|    entropy_loss         | -2.77        |
|    explained_variance   | 0.8          |
|    learning_rate        | 0.0003       |
|    loss                 | 5.98         |
|    n_updates            | 610          |
|    policy_gradient_loss | -0.002       |
|    std                  | 0.969        |
|    value_loss           | 6.66         |
------------------------------------------
-----------------------------------------
| rollout/                |             |
|    ep_len_mean          | 1.81e+03    |
|    ep_rew_mean          | 38          |
| time/                   |             |
|    fps                  | 1463        |
|    iterations           | 24          |
|    time_elapsed         | 33          |
|    total_timesteps      | 253952      |
| train/                  |             |
|    approx_kl            | 0.012542362 |
|    clip_fraction        | 0.119       |
|    clip_range           | 0.2         |
|    entropy_loss         | -2.77       |
|    explained_variance   | 0.69        |
|    learning_rate        | 0.0003      |
|    loss                 | 2.23        |
|    n_updates            | 615         |
|    policy_gradient_loss | 0.0019      |
|    std                  | 0.967       |
|    value_loss           | 14.8        |
-----------------------------------------
------------------------------------------
| rollout/                |              |
|    ep_len_mean          | 1.81e+03     |
|    ep_rew_mean          | 38           |
| time/                   |              |
|    fps                  | 1465         |
|    iterations           | 25           |
|    time_elapsed         | 34           |
|    total_timesteps      | 256000       |
| train/                  |              |
|    approx_kl            | 0.0020844399 |
|    clip_fraction        | 0.0042       |
|    clip_range           | 0.2          |
|    entropy_loss         | -2.77        |
|    explained_variance   | 0.83         |
|    learning_rate        | 0.0003       |
|    loss                 | 3.88         |
|    n_updates            | 620          |
|    policy_gradient_loss | -0.00232     |
|    std                  | 0.967        |
|    value_loss           | 5.76         |
------------------------------------------
------------------------------------------
| rollout/                |              |
|    ep_len_mean          | 1.81e+03     |
|    ep_rew_mean          | 37.8         |
| time/                   |              |
|    fps                  | 1467         |
|    iterations           | 26           |
|    time_elapsed         | 36           |
|    total_timesteps      | 258048       |
| train/                  |              |
|    approx_kl            | 0.0050791847 |
|    clip_fraction        | 0.0228       |
|    clip_range           | 0.2          |
|    entropy_loss         | -2.77        |
|    explained_variance   | 0.928        |
|    learning_rate        | 0.0003       |
|    loss                 | 3.88         |
|    n_updates            | 625          |
|    policy_gradient_loss | -0.00344     |
|    std                  | 0.968        |
|    value_loss           | 8.55         |
------------------------------------------
------------------------------------------
| rollout/                |              |
|    ep_len_mean          | 1.83e+03     |
|    ep_rew_mean          | 36.5         |
| time/                   |              |
|    fps                  | 1467         |
|    iterations           | 27           |
|    time_elapsed         | 37           |
|    total_timesteps      | 260096       |
| train/                  |              |
|    approx_kl            | 0.0046270867 |
|    clip_fraction        | 0.0235       |
|    clip_range           | 0.2          |
|    entropy_loss         | -2.77        |
|    explained_variance   | 0.815        |
|    learning_rate        | 0.0003       |
|    loss                 | 0.825        |
|    n_updates            | 630          |
|    policy_gradient_loss | -0.000666    |
|    std                  | 0.968        |
|    value_loss           | 11.7         |
------------------------------------------
-----------------------------------------
| rollout/                |             |
|    ep_len_mean          | 1.84e+03    |
|    ep_rew_mean          | 35.3        |
| time/                   |             |
|    fps                  | 1466        |
|    iterations           | 28          |
|    time_elapsed         | 39          |
|    total_timesteps      | 262144      |
| train/                  |             |
|    approx_kl            | 0.014065785 |
|    clip_fraction        | 0.0698      |
|    clip_range           | 0.2         |
|    entropy_loss         | -2.77       |
|    explained_variance   | 0.738       |
|    learning_rate        | 0.0003      |
|    loss                 | 2.17        |
|    n_updates            | 635         |
|    policy_gradient_loss | -0.00254    |
|    std                  | 0.968       |
|    value_loss           | 16.5        |
-----------------------------------------
------------------------------------------
| rollout/                |              |
|    ep_len_mean          | 1.84e+03     |
|    ep_rew_mean          | 35.3         |
| time/                   |              |
|    fps                  | 1466         |
|    iterations           | 29           |
|    time_elapsed         | 40           |
|    total_timesteps      | 264192       |
| train/                  |              |
|    approx_kl            | 0.0066958023 |
|    clip_fraction        | 0.0711       |
|    clip_range           | 0.2          |
|    entropy_loss         | -2.77        |
|    explained_variance   | 0.697        |
|    learning_rate        | 0.0003       |
|    loss                 | 1.94         |
|    n_updates            | 640          |
|    policy_gradient_loss | -0.00478     |
|    std                  | 0.969        |
|    value_loss           | 14.3         |
------------------------------------------
-----------------------------------------
| rollout/                |             |
|    ep_len_mean          | 1.84e+03    |
|    ep_rew_mean          | 35.2        |
| time/                   |             |
|    fps                  | 1469        |
|    iterations           | 30          |
|    time_elapsed         | 41          |
|    total_timesteps      | 266240      |
| train/                  |             |
|    approx_kl            | 0.002615248 |
|    clip_fraction        | 0.00732     |
|    clip_range           | 0.2         |
|    entropy_loss         | -2.77       |
|    explained_variance   | 0.879       |
|    learning_rate        | 0.0003      |
|    loss                 | 3.11        |
|    n_updates            | 645         |
|    policy_gradient_loss | -0.00115    |
|    std                  | 0.969       |
|    value_loss           | 4.98        |
-----------------------------------------
-----------------------------------------
| rollout/                |             |
|    ep_len_mean          | 1.84e+03    |
|    ep_rew_mean          | 35          |
| time/                   |             |
|    fps                  | 1470        |
|    iterations           | 31          |
|    time_elapsed         | 43          |
|    total_timesteps      | 268288      |
| train/                  |             |
|    approx_kl            | 0.004055245 |
|    clip_fraction        | 0.00967     |
|    clip_range           | 0.2         |
|    entropy_loss         | -2.77       |
|    explained_variance   | 0.881       |
|    learning_rate        | 0.0003      |
|    loss                 | 1.3         |
|    n_updates            | 650         |
|    policy_gradient_loss | -0.00124    |
|    std                  | 0.969       |
|    value_loss           | 11.2        |
-----------------------------------------
-----------------------------------------
| rollout/                |             |
|    ep_len_mean          | 1.84e+03    |
|    ep_rew_mean          | 35          |
| time/                   |             |
|    fps                  | 1462        |
|    iterations           | 32          |
|    time_elapsed         | 44          |
|    total_timesteps      | 270336      |
| train/                  |             |
|    approx_kl            | 0.004525066 |
|    clip_fraction        | 0.0489      |
|    clip_range           | 0.2         |
|    entropy_loss         | -2.77       |
|    explained_variance   | 0.863       |
|    learning_rate        | 0.0003      |
|    loss                 | 1.41        |
|    n_updates            | 655         |
|    policy_gradient_loss | -0.00128    |
|    std                  | 0.969       |
|    value_loss           | 11.3        |
-----------------------------------------
-----------------------------------------
| rollout/                |             |
|    ep_len_mean          | 1.84e+03    |
|    ep_rew_mean          | 35          |
| time/                   |             |
|    fps                  | 1464        |
|    iterations           | 33          |
|    time_elapsed         | 46          |
|    total_timesteps      | 272384      |
| train/                  |             |
|    approx_kl            | 0.005395798 |
|    clip_fraction        | 0.0626      |
|    clip_range           | 0.2         |
|    entropy_loss         | -2.77       |
|    explained_variance   | 0.808       |
|    learning_rate        | 0.0003      |
|    loss                 | 5.92        |
|    n_updates            | 660         |
|    policy_gradient_loss | -0.00397    |
|    std                  | 0.967       |
|    value_loss           | 6.2         |
-----------------------------------------
------------------------------------------
| rollout/                |              |
|    ep_len_mean          | 1.84e+03     |
|    ep_rew_mean          | 35           |
| time/                   |              |
|    fps                  | 1465         |
|    iterations           | 34           |
|    time_elapsed         | 47           |
|    total_timesteps      | 274432       |
| train/                  |              |
|    approx_kl            | 0.0027378248 |
|    clip_fraction        | 0.00654      |
|    clip_range           | 0.2          |
|    entropy_loss         | -2.77        |
|    explained_variance   | 0.448        |
|    learning_rate        | 0.0003       |
|    loss                 | 0.0876       |
|    n_updates            | 665          |
|    policy_gradient_loss | -0.00185     |
|    std                  | 0.967        |
|    value_loss           | 57.3         |
------------------------------------------
-----------------------------------------
| rollout/                |             |
|    ep_len_mean          | 1.84e+03    |
|    ep_rew_mean          | 34.8        |
| time/                   |             |
|    fps                  | 1465        |
|    iterations           | 35          |
|    time_elapsed         | 48          |
|    total_timesteps      | 276480      |
| train/                  |             |
|    approx_kl            | 0.002000221 |
|    clip_fraction        | 0.0135      |
|    clip_range           | 0.2         |
|    entropy_loss         | -2.77       |
|    explained_variance   | 0.85        |
|    learning_rate        | 0.0003      |
|    loss                 | 0.577       |
|    n_updates            | 670         |
|    policy_gradient_loss | -0.00227    |
|    std                  | 0.967       |
|    value_loss           | 6.05        |
-----------------------------------------
------------------------------------------
| rollout/                |              |
|    ep_len_mean          | 1.83e+03     |
|    ep_rew_mean          | 36.1         |
| time/                   |              |
|    fps                  | 1464         |
|    iterations           | 36           |
|    time_elapsed         | 50           |
|    total_timesteps      | 278528       |
| train/                  |              |
|    approx_kl            | 0.0018960433 |
|    clip_fraction        | 0.0888       |
|    clip_range           | 0.2          |
|    entropy_loss         | -2.77        |
|    explained_variance   | 0.758        |
|    learning_rate        | 0.0003       |
|    loss                 | 1.92         |
|    n_updates            | 675          |
|    policy_gradient_loss | -0.00352     |
|    std                  | 0.968        |
|    value_loss           | 15.1         |
------------------------------------------
------------------------------------------
| rollout/                |              |
|    ep_len_mean          | 1.83e+03     |
|    ep_rew_mean          | 36.1         |
| time/                   |              |
|    fps                  | 1463         |
|    iterations           | 37           |
|    time_elapsed         | 51           |
|    total_timesteps      | 280576       |
| train/                  |              |
|    approx_kl            | 0.0023887476 |
|    clip_fraction        | 0.0313       |
|    clip_range           | 0.2          |
|    entropy_loss         | -2.77        |
|    explained_variance   | 0.35         |
|    learning_rate        | 0.0003       |
|    loss                 | 6.56         |
|    n_updates            | 680          |
|    policy_gradient_loss | -0.00162     |
|    std                  | 0.967        |
|    value_loss           | 64           |
------------------------------------------
------------------------------------------
| rollout/                |              |
|    ep_len_mean          | 1.82e+03     |
|    ep_rew_mean          | 36.1         |
| time/                   |              |
|    fps                  | 1464         |
|    iterations           | 38           |
|    time_elapsed         | 53           |
|    total_timesteps      | 282624       |
| train/                  |              |
|    approx_kl            | 0.0041405233 |
|    clip_fraction        | 0.0148       |
|    clip_range           | 0.2          |
|    entropy_loss         | -2.77        |
|    explained_variance   | 0.926        |
|    learning_rate        | 0.0003       |
|    loss                 | 0.0462       |
|    n_updates            | 685          |
|    policy_gradient_loss | -0.000879    |
|    std                  | 0.967        |
|    value_loss           | 6.38         |
------------------------------------------
------------------------------------------
| rollout/                |              |
|    ep_len_mean          | 1.83e+03     |
|    ep_rew_mean          | 35.9         |
| time/                   |              |
|    fps                  | 1463         |
|    iterations           | 39           |
|    time_elapsed         | 54           |
|    total_timesteps      | 284672       |
| train/                  |              |
|    approx_kl            | 0.0039721453 |
|    clip_fraction        | 0.0155       |
|    clip_range           | 0.2          |
|    entropy_loss         | -2.77        |
|    explained_variance   | 0.927        |
|    learning_rate        | 0.0003       |
|    loss                 | 8.23         |
|    n_updates            | 690          |
|    policy_gradient_loss | -0.00205     |
|    std                  | 0.966        |
|    value_loss           | 7.32         |
------------------------------------------
------------------------------------------
| rollout/                |              |
|    ep_len_mean          | 1.81e+03     |
|    ep_rew_mean          | 37.1         |
| time/                   |              |
|    fps                  | 1463         |
|    iterations           | 40           |
|    time_elapsed         | 55           |
|    total_timesteps      | 286720       |
| train/                  |              |
|    approx_kl            | 0.0044575697 |
|    clip_fraction        | 0.0355       |
|    clip_range           | 0.2          |
|    entropy_loss         | -2.77        |
|    explained_variance   | 0.937        |
|    learning_rate        | 0.0003       |
|    loss                 | 0.745        |
|    n_updates            | 695          |
|    policy_gradient_loss | -0.00155     |
|    std                  | 0.965        |
|    value_loss           | 6.83         |
------------------------------------------
-----------------------------------------
| rollout/                |             |
|    ep_len_mean          | 1.81e+03    |
|    ep_rew_mean          | 36.9        |
| time/                   |             |
|    fps                  | 1458        |
|    iterations           | 41          |
|    time_elapsed         | 57          |
|    total_timesteps      | 288768      |
| train/                  |             |
|    approx_kl            | 0.002928678 |
|    clip_fraction        | 0.00371     |
|    clip_range           | 0.2         |
|    entropy_loss         | -2.77       |
|    explained_variance   | 0.347       |
|    learning_rate        | 0.0003      |
|    loss                 | 2.21        |
|    n_updates            | 700         |
|    policy_gradient_loss | -0.000442   |
|    std                  | 0.967       |
|    value_loss           | 67          |
-----------------------------------------
------------------------------------------
| rollout/                |              |
|    ep_len_mean          | 1.81e+03     |
|    ep_rew_mean          | 36.9         |
| time/                   |              |
|    fps                  | 1458         |
|    iterations           | 42           |
|    time_elapsed         | 58           |
|    total_timesteps      | 290816       |
| train/                  |              |
|    approx_kl            | 0.0046503544 |
|    clip_fraction        | 0.0209       |
|    clip_range           | 0.2          |
|    entropy_loss         | -2.77        |
|    explained_variance   | 0.781        |
|    learning_rate        | 0.0003       |
|    loss                 | 2.63         |
|    n_updates            | 705          |
|    policy_gradient_loss | -0.00254     |
|    std                  | 0.967        |
|    value_loss           | 16.3         |
------------------------------------------
----------------------------------------
| rollout/                |            |
|    ep_len_mean          | 1.8e+03    |
|    ep_rew_mean          | 38.1       |
| time/                   |            |
|    fps                  | 1459       |
|    iterations           | 43         |
|    time_elapsed         | 60         |
|    total_timesteps      | 292864     |
| train/                  |            |
|    approx_kl            | 0.00867261 |
|    clip_fraction        | 0.0387     |
|    clip_range           | 0.2        |
|    entropy_loss         | -2.77      |
|    explained_variance   | 0.86       |
|    learning_rate        | 0.0003     |
|    loss                 | 0.00218    |
|    n_updates            | 710        |
|    policy_gradient_loss | 0.000993   |
|    std                  | 0.966      |
|    value_loss           | 5.71       |
----------------------------------------
-----------------------------------------
| rollout/                |             |
|    ep_len_mean          | 1.81e+03    |
|    ep_rew_mean          | 36.7        |
| time/                   |             |
|    fps                  | 1457        |
|    iterations           | 44          |
|    time_elapsed         | 61          |
|    total_timesteps      | 294912      |
| train/                  |             |
|    approx_kl            | 0.009442584 |
|    clip_fraction        | 0.105       |
|    clip_range           | 0.2         |
|    entropy_loss         | -2.77       |
|    explained_variance   | 0.373       |
|    learning_rate        | 0.0003      |
|    loss                 | 3.36        |
|    n_updates            | 715         |
|    policy_gradient_loss | -0.000101   |
|    std                  | 0.966       |
|    value_loss           | 62          |
-----------------------------------------
-----------------------------------------
| rollout/                |             |
|    ep_len_mean          | 1.82e+03    |
|    ep_rew_mean          | 36.7        |
| time/                   |             |
|    fps                  | 1457        |
|    iterations           | 45          |
|    time_elapsed         | 63          |
|    total_timesteps      | 296960      |
| train/                  |             |
|    approx_kl            | 0.004322823 |
|    clip_fraction        | 0.0247      |
|    clip_range           | 0.2         |
|    entropy_loss         | -2.77       |
|    explained_variance   | 0.842       |
|    learning_rate        | 0.0003      |
|    loss                 | 4.96        |
|    n_updates            | 720         |
|    policy_gradient_loss | -0.00188    |
|    std                  | 0.966       |
|    value_loss           | 19.3        |
-----------------------------------------
------------------------------------------
| rollout/                |              |
|    ep_len_mean          | 1.82e+03     |
|    ep_rew_mean          | 36.7         |
| time/                   |              |
|    fps                  | 1457         |
|    iterations           | 46           |
|    time_elapsed         | 64           |
|    total_timesteps      | 299008       |
| train/                  |              |
|    approx_kl            | 0.0054932153 |
|    clip_fraction        | 0.0187       |
|    clip_range           | 0.2          |
|    entropy_loss         | -2.77        |
|    explained_variance   | 0.723        |
|    learning_rate        | 0.0003       |
|    loss                 | 6.32         |
|    n_updates            | 725          |
|    policy_gradient_loss | -0.00279     |
|    std                  | 0.966        |
|    value_loss           | 13.4         |
------------------------------------------
-----------------------------------------
| rollout/                |             |
|    ep_len_mean          | 1.82e+03    |
|    ep_rew_mean          | 36.8        |
| time/                   |             |
|    fps                  | 1459        |
|    iterations           | 47          |
|    time_elapsed         | 65          |
|    total_timesteps      | 301056      |
| train/                  |             |
|    approx_kl            | 0.010308172 |
|    clip_fraction        | 0.0628      |
|    clip_range           | 0.2         |
|    entropy_loss         | -2.77       |
|    explained_variance   | 0.876       |
|    learning_rate        | 0.0003      |
|    loss                 | 1.99        |
|    n_updates            | 730         |
|    policy_gradient_loss | -0.000612   |
|    std                  | 0.966       |
|    value_loss           | 5.26        |
-----------------------------------------
------------------------------------------
| rollout/                |              |
|    ep_len_mean          | 1.82e+03     |
|    ep_rew_mean          | 36.7         |
| time/                   |              |
|    fps                  | 1457         |
|    iterations           | 48           |
|    time_elapsed         | 67           |
|    total_timesteps      | 303104       |
| train/                  |              |
|    approx_kl            | 0.0064890636 |
|    clip_fraction        | 0.0413       |
|    clip_range           | 0.2          |
|    entropy_loss         | -2.77        |
|    explained_variance   | 0.849        |
|    learning_rate        | 0.0003       |
|    loss                 | 1.89         |
|    n_updates            | 735          |
|    policy_gradient_loss | -0.00146     |
|    std                  | 0.965        |
|    value_loss           | 9.49         |
------------------------------------------
------------------------------------------
| rollout/                |              |
|    ep_len_mean          | 1.82e+03     |
|    ep_rew_mean          | 36.6         |
| time/                   |              |
|    fps                  | 1456         |
|    iterations           | 49           |
|    time_elapsed         | 68           |
|    total_timesteps      | 305152       |
| train/                  |              |
|    approx_kl            | 0.0045070155 |
|    clip_fraction        | 0.0633       |
|    clip_range           | 0.2          |
|    entropy_loss         | -2.77        |
|    explained_variance   | 0.756        |
|    learning_rate        | 0.0003       |
|    loss                 | 1.82         |
|    n_updates            | 740          |
|    policy_gradient_loss | 0.000504     |
|    std                  | 0.965        |
|    value_loss           | 12.1         |
------------------------------------------
-----------------------------------------
| rollout/                |             |
|    ep_len_mean          | 1.82e+03    |
|    ep_rew_mean          | 37.8        |
| time/                   |             |
|    fps                  | 1457        |
|    iterations           | 50          |
|    time_elapsed         | 70          |
|    total_timesteps      | 307200      |
| train/                  |             |
|    approx_kl            | 0.010359842 |
|    clip_fraction        | 0.115       |
|    clip_range           | 0.2         |
|    entropy_loss         | -2.77       |
|    explained_variance   | 0.912       |
|    learning_rate        | 0.0003      |
|    loss                 | 0.598       |
|    n_updates            | 745         |
|    policy_gradient_loss | -0.000744   |
|    std                  | 0.965       |
|    value_loss           | 7.31        |
-----------------------------------------
------------------------------------------
| rollout/                |              |
|    ep_len_mean          | 1.81e+03     |
|    ep_rew_mean          | 37.8         |
| time/                   |              |
|    fps                  | 1457         |
|    iterations           | 51           |
|    time_elapsed         | 71           |
|    total_timesteps      | 309248       |
| train/                  |              |
|    approx_kl            | 0.0029800497 |
|    clip_fraction        | 0.00615      |
|    clip_range           | 0.2          |
|    entropy_loss         | -2.77        |
|    explained_variance   | 0.217        |
|    learning_rate        | 0.0003       |
|    loss                 | 2.66         |
|    n_updates            | 750          |
|    policy_gradient_loss | -0.000834    |
|    std                  | 0.964        |
|    value_loss           | 58.1         |
------------------------------------------
-----------------------------------------
| rollout/                |             |
|    ep_len_mean          | 1.81e+03    |
|    ep_rew_mean          | 37.8        |
| time/                   |             |
|    fps                  | 1457        |
|    iterations           | 52          |
|    time_elapsed         | 73          |
|    total_timesteps      | 311296      |
| train/                  |             |
|    approx_kl            | 0.007914673 |
|    clip_fraction        | 0.0589      |
|    clip_range           | 0.2         |
|    entropy_loss         | -2.76       |
|    explained_variance   | 0.805       |
|    learning_rate        | 0.0003      |
|    loss                 | 2.37        |
|    n_updates            | 755         |
|    policy_gradient_loss | -0.000416   |
|    std                  | 0.964       |
|    value_loss           | 11.1        |
-----------------------------------------
------------------------------------------
| rollout/                |              |
|    ep_len_mean          | 1.81e+03     |
|    ep_rew_mean          | 37.8         |
| time/                   |              |
|    fps                  | 1456         |
|    iterations           | 53           |
|    time_elapsed         | 74           |
|    total_timesteps      | 313344       |
| train/                  |              |
|    approx_kl            | 0.0040059146 |
|    clip_fraction        | 0.0284       |
|    clip_range           | 0.2          |
|    entropy_loss         | -2.76        |
|    explained_variance   | 0.761        |
|    learning_rate        | 0.0003       |
|    loss                 | 4.07         |
|    n_updates            | 760          |
|    policy_gradient_loss | -0.00123     |
|    std                  | 0.964        |
|    value_loss           | 14           |
------------------------------------------
------------------------------------------
| rollout/                |              |
|    ep_len_mean          | 1.82e+03     |
|    ep_rew_mean          | 36.3         |
| time/                   |              |
|    fps                  | 1457         |
|    iterations           | 54           |
|    time_elapsed         | 75           |
|    total_timesteps      | 315392       |
| train/                  |              |
|    approx_kl            | 0.0075011533 |
|    clip_fraction        | 0.0266       |
|    clip_range           | 0.2          |
|    entropy_loss         | -2.76        |
|    explained_variance   | 0.962        |
|    learning_rate        | 0.0003       |
|    loss                 | 3.35         |
|    n_updates            | 765          |
|    policy_gradient_loss | -0.00163     |
|    std                  | 0.964        |
|    value_loss           | 3.14         |
------------------------------------------
------------------------------------------
| rollout/                |              |
|    ep_len_mean          | 1.82e+03     |
|    ep_rew_mean          | 36.3         |
| time/                   |              |
|    fps                  | 1457         |
|    iterations           | 55           |
|    time_elapsed         | 77           |
|    total_timesteps      | 317440       |
| train/                  |              |
|    approx_kl            | 0.0017281795 |
|    clip_fraction        | 0.00146      |
|    clip_range           | 0.2          |
|    entropy_loss         | -2.77        |
|    explained_variance   | 0.651        |
|    learning_rate        | 0.0003       |
|    loss                 | 5.17         |
|    n_updates            | 770          |
|    policy_gradient_loss | -0.000265    |
|    std                  | 0.964        |
|    value_loss           | 12.9         |
------------------------------------------
-----------------------------------------
| rollout/                |             |
|    ep_len_mean          | 1.83e+03    |
|    ep_rew_mean          | 36.1        |
| time/                   |             |
|    fps                  | 1459        |
|    iterations           | 56          |
|    time_elapsed         | 78          |
|    total_timesteps      | 319488      |
| train/                  |             |
|    approx_kl            | 0.011680067 |
|    clip_fraction        | 0.038       |
|    clip_range           | 0.2         |
|    entropy_loss         | -2.76       |
|    explained_variance   | 0.963       |
|    learning_rate        | 0.0003      |
|    loss                 | 1.69        |
|    n_updates            | 775         |
|    policy_gradient_loss | 0.00046     |
|    std                  | 0.964       |
|    value_loss           | 4.39        |
-----------------------------------------
------------------------------------------
| rollout/                |              |
|    ep_len_mean          | 1.83e+03     |
|    ep_rew_mean          | 36           |
| time/                   |              |
|    fps                  | 1457         |
|    iterations           | 57           |
|    time_elapsed         | 80           |
|    total_timesteps      | 321536       |
| train/                  |              |
|    approx_kl            | 0.0080684405 |
|    clip_fraction        | 0.0909       |
|    clip_range           | 0.2          |
|    entropy_loss         | -2.76        |
|    explained_variance   | 0.839        |
|    learning_rate        | 0.0003       |
|    loss                 | 31.4         |
|    n_updates            | 780          |
|    policy_gradient_loss | -0.00383     |
|    std                  | 0.962        |
|    value_loss           | 12.5         |
------------------------------------------
------------------------------------------
| rollout/                |              |
|    ep_len_mean          | 1.83e+03     |
|    ep_rew_mean          | 35.9         |
| time/                   |              |
|    fps                  | 1456         |
|    iterations           | 58           |
|    time_elapsed         | 81           |
|    total_timesteps      | 323584       |
| train/                  |              |
|    approx_kl            | 0.0036853934 |
|    clip_fraction        | 0.0398       |
|    clip_range           | 0.2          |
|    entropy_loss         | -2.76        |
|    explained_variance   | 0.894        |
|    learning_rate        | 0.0003       |
|    loss                 | 0.135        |
|    n_updates            | 785          |
|    policy_gradient_loss | -0.00307     |
|    std                  | 0.961        |
|    value_loss           | 7.48         |
------------------------------------------
----------------------------------------
| rollout/                |            |
|    ep_len_mean          | 1.83e+03   |
|    ep_rew_mean          | 35.9       |
| time/                   |            |
|    fps                  | 1455       |
|    iterations           | 59         |
|    time_elapsed         | 83         |
|    total_timesteps      | 325632     |
| train/                  |            |
|    approx_kl            | 0.00396131 |
|    clip_fraction        | 0.015      |
|    clip_range           | 0.2        |
|    entropy_loss         | -2.76      |
|    explained_variance   | 0.844      |
|    learning_rate        | 0.0003     |
|    loss                 | 2.52       |
|    n_updates            | 790        |
|    policy_gradient_loss | -0.00133   |
|    std                  | 0.961      |
|    value_loss           | 11.7       |
----------------------------------------
------------------------------------------
| rollout/                |              |
|    ep_len_mean          | 1.83e+03     |
|    ep_rew_mean          | 35.9         |
| time/                   |              |
|    fps                  | 1455         |
|    iterations           | 60           |
|    time_elapsed         | 84           |
|    total_timesteps      | 327680       |
| train/                  |              |
|    approx_kl            | 0.0027932543 |
|    clip_fraction        | 0.0344       |
|    clip_range           | 0.2          |
|    entropy_loss         | -2.76        |
|    explained_variance   | 0.931        |
|    learning_rate        | 0.0003       |
|    loss                 | 6.47         |
|    n_updates            | 795          |
|    policy_gradient_loss | 4.36e-06     |
|    std                  | 0.962        |
|    value_loss           | 4.96         |
------------------------------------------
-----------------------------------------
| rollout/                |             |
|    ep_len_mean          | 1.83e+03    |
|    ep_rew_mean          | 35.9        |
| time/                   |             |
|    fps                  | 1452        |
|    iterations           | 61          |
|    time_elapsed         | 86          |
|    total_timesteps      | 329728      |
| train/                  |             |
|    approx_kl            | 0.014422761 |
|    clip_fraction        | 0.102       |
|    clip_range           | 0.2         |
|    entropy_loss         | -2.76       |
|    explained_variance   | 0.0237      |
|    learning_rate        | 0.0003      |
|    loss                 | 11.7        |
|    n_updates            | 800         |
|    policy_gradient_loss | 4.1e-05     |
|    std                  | 0.963       |
|    value_loss           | 116         |
-----------------------------------------
-----------------------------------------
| rollout/                |             |
|    ep_len_mean          | 1.82e+03    |
|    ep_rew_mean          | 37.2        |
| time/                   |             |
|    fps                  | 1452        |
|    iterations           | 62          |
|    time_elapsed         | 87          |
|    total_timesteps      | 331776      |
| train/                  |             |
|    approx_kl            | 0.009290409 |
|    clip_fraction        | 0.0827      |
|    clip_range           | 0.2         |
|    entropy_loss         | -2.76       |
|    explained_variance   | 0.704       |
|    learning_rate        | 0.0003      |
|    loss                 | 5.16        |
|    n_updates            | 805         |
|    policy_gradient_loss | 0.00189     |
|    std                  | 0.962       |
|    value_loss           | 7.67        |
-----------------------------------------
-----------------------------------------
| rollout/                |             |
|    ep_len_mean          | 1.82e+03    |
|    ep_rew_mean          | 37.2        |
| time/                   |             |
|    fps                  | 1451        |
|    iterations           | 63          |
|    time_elapsed         | 88          |
|    total_timesteps      | 333824      |
| train/                  |             |
|    approx_kl            | 0.004055729 |
|    clip_fraction        | 0.0481      |
|    clip_range           | 0.2         |
|    entropy_loss         | -2.76       |
|    explained_variance   | 0.284       |
|    learning_rate        | 0.0003      |
|    loss                 | 2.17        |
|    n_updates            | 810         |
|    policy_gradient_loss | -0.00166    |
|    std                  | 0.962       |
|    value_loss           | 62.8        |
-----------------------------------------
------------------------------------------
| rollout/                |              |
|    ep_len_mean          | 1.81e+03     |
|    ep_rew_mean          | 38.1         |
| time/                   |              |
|    fps                  | 1451         |
|    iterations           | 64           |
|    time_elapsed         | 90           |
|    total_timesteps      | 335872       |
| train/                  |              |
|    approx_kl            | 0.0042632814 |
|    clip_fraction        | 0.032        |
|    clip_range           | 0.2          |
|    entropy_loss         | -2.76        |
|    explained_variance   | 0.869        |
|    learning_rate        | 0.0003       |
|    loss                 | 2.1          |
|    n_updates            | 815          |
|    policy_gradient_loss | -0.00353     |
|    std                  | 0.961        |
|    value_loss           | 4.93         |
------------------------------------------
------------------------------------------
| rollout/                |              |
|    ep_len_mean          | 1.8e+03      |
|    ep_rew_mean          | 39           |
| time/                   |              |
|    fps                  | 1449         |
|    iterations           | 65           |
|    time_elapsed         | 91           |
|    total_timesteps      | 337920       |
| train/                  |              |
|    approx_kl            | 0.0048039192 |
|    clip_fraction        | 0.037        |
|    clip_range           | 0.2          |
|    entropy_loss         | -2.76        |
|    explained_variance   | 0.199        |
|    learning_rate        | 0.0003       |
|    loss                 | 1.22         |
|    n_updates            | 820          |
|    policy_gradient_loss | -0.00392     |
|    std                  | 0.962        |
|    value_loss           | 57.7         |
------------------------------------------
----------------------------------------
| rollout/                |            |
|    ep_len_mean          | 1.8e+03    |
|    ep_rew_mean          | 39         |
| time/                   |            |
|    fps                  | 1447       |
|    iterations           | 66         |
|    time_elapsed         | 93         |
|    total_timesteps      | 339968     |
| train/                  |            |
|    approx_kl            | 0.01422614 |
|    clip_fraction        | 0.0575     |
|    clip_range           | 0.2        |
|    entropy_loss         | -2.76      |
|    explained_variance   | 0.247      |
|    learning_rate        | 0.0003     |
|    loss                 | 0.969      |
|    n_updates            | 825        |
|    policy_gradient_loss | 0.00301    |
|    std                  | 0.96       |
|    value_loss           | 68         |
----------------------------------------
------------------------------------------
| rollout/                |              |
|    ep_len_mean          | 1.8e+03      |
|    ep_rew_mean          | 38.8         |
| time/                   |              |
|    fps                  | 1447         |
|    iterations           | 67           |
|    time_elapsed         | 94           |
|    total_timesteps      | 342016       |
| train/                  |              |
|    approx_kl            | 0.0020467045 |
|    clip_fraction        | 0.0268       |
|    clip_range           | 0.2          |
|    entropy_loss         | -2.76        |
|    explained_variance   | 0.92         |
|    learning_rate        | 0.0003       |
|    loss                 | 10.5         |
|    n_updates            | 830          |
|    policy_gradient_loss | -0.00142     |
|    std                  | 0.959        |
|    value_loss           | 4.7          |
------------------------------------------
------------------------------------------
| rollout/                |              |
|    ep_len_mean          | 1.8e+03      |
|    ep_rew_mean          | 38.9         |
| time/                   |              |
|    fps                  | 1447         |
|    iterations           | 68           |
|    time_elapsed         | 96           |
|    total_timesteps      | 344064       |
| train/                  |              |
|    approx_kl            | 0.0033261194 |
|    clip_fraction        | 0.0144       |
|    clip_range           | 0.2          |
|    entropy_loss         | -2.75        |
|    explained_variance   | 0.913        |
|    learning_rate        | 0.0003       |
|    loss                 | 0.3          |
|    n_updates            | 835          |
|    policy_gradient_loss | -0.00129     |
|    std                  | 0.959        |
|    value_loss           | 4.21         |
------------------------------------------
-----------------------------------------
| rollout/                |             |
|    ep_len_mean          | 1.81e+03    |
|    ep_rew_mean          | 37.9        |
| time/                   |             |
|    fps                  | 1446        |
|    iterations           | 69          |
|    time_elapsed         | 97          |
|    total_timesteps      | 346112      |
| train/                  |             |
|    approx_kl            | 0.004869102 |
|    clip_fraction        | 0.0158      |
|    clip_range           | 0.2         |
|    entropy_loss         | -2.76       |
|    explained_variance   | 0.788       |
|    learning_rate        | 0.0003      |
|    loss                 | 3.64        |
|    n_updates            | 840         |
|    policy_gradient_loss | -0.000893   |
|    std                  | 0.96        |
|    value_loss           | 14.7        |
-----------------------------------------
------------------------------------------
| rollout/                |              |
|    ep_len_mean          | 1.81e+03     |
|    ep_rew_mean          | 37.9         |
| time/                   |              |
|    fps                  | 1446         |
|    iterations           | 70           |
|    time_elapsed         | 99           |
|    total_timesteps      | 348160       |
| train/                  |              |
|    approx_kl            | 0.0015616368 |
|    clip_fraction        | 0.0353       |
|    clip_range           | 0.2          |
|    entropy_loss         | -2.76        |
|    explained_variance   | 0.801        |
|    learning_rate        | 0.0003       |
|    loss                 | 0.916        |
|    n_updates            | 845          |
|    policy_gradient_loss | -0.00059     |
|    std                  | 0.96         |
|    value_loss           | 8.88         |
------------------------------------------
------------------------------------------
| rollout/                |              |
|    ep_len_mean          | 1.81e+03     |
|    ep_rew_mean          | 39           |
| time/                   |              |
|    fps                  | 1446         |
|    iterations           | 71           |
|    time_elapsed         | 100          |
|    total_timesteps      | 350208       |
| train/                  |              |
|    approx_kl            | 0.0074405586 |
|    clip_fraction        | 0.121        |
|    clip_range           | 0.2          |
|    entropy_loss         | -2.76        |
|    explained_variance   | 0.878        |
|    learning_rate        | 0.0003       |
|    loss                 | 1.68         |
|    n_updates            | 850          |
|    policy_gradient_loss | -0.00105     |
|    std                  | 0.961        |
|    value_loss           | 5.59         |
------------------------------------------
------------------------------------------
| rollout/                |              |
|    ep_len_mean          | 1.81e+03     |
|    ep_rew_mean          | 38.9         |
| time/                   |              |
|    fps                  | 1444         |
|    iterations           | 72           |
|    time_elapsed         | 102          |
|    total_timesteps      | 352256       |
| train/                  |              |
|    approx_kl            | 0.0056072483 |
|    clip_fraction        | 0.0184       |
|    clip_range           | 0.2          |
|    entropy_loss         | -2.76        |
|    explained_variance   | 0.324        |
|    learning_rate        | 0.0003       |
|    loss                 | 32.8         |
|    n_updates            | 855          |
|    policy_gradient_loss | -0.00113     |
|    std                  | 0.962        |
|    value_loss           | 62           |
------------------------------------------
----------------------------------------
| rollout/                |            |
|    ep_len_mean          | 1.81e+03   |
|    ep_rew_mean          | 38.9       |
| time/                   |            |
|    fps                  | 1444       |
|    iterations           | 73         |
|    time_elapsed         | 103        |
|    total_timesteps      | 354304     |
| train/                  |            |
|    approx_kl            | 0.00956486 |
|    clip_fraction        | 0.0629     |
|    clip_range           | 0.2        |
|    entropy_loss         | -2.76      |
|    explained_variance   | 0.794      |
|    learning_rate        | 0.0003     |
|    loss                 | 0.181      |
|    n_updates            | 860        |
|    policy_gradient_loss | -0.00146   |
|    std                  | 0.959      |
|    value_loss           | 6.07       |
----------------------------------------
-----------------------------------------
| rollout/                |             |
|    ep_len_mean          | 1.81e+03    |
|    ep_rew_mean          | 38.9        |
| time/                   |             |
|    fps                  | 1443        |
|    iterations           | 74          |
|    time_elapsed         | 105         |
|    total_timesteps      | 356352      |
| train/                  |             |
|    approx_kl            | 0.007888444 |
|    clip_fraction        | 0.0384      |
|    clip_range           | 0.2         |
|    entropy_loss         | -2.75       |
|    explained_variance   | 0.785       |
|    learning_rate        | 0.0003      |
|    loss                 | 3.04        |
|    n_updates            | 865         |
|    policy_gradient_loss | -0.00196    |
|    std                  | 0.958       |
|    value_loss           | 11          |
-----------------------------------------
-----------------------------------------
| rollout/                |             |
|    ep_len_mean          | 1.8e+03     |
|    ep_rew_mean          | 38.9        |
| time/                   |             |
|    fps                  | 1443        |
|    iterations           | 75          |
|    time_elapsed         | 106         |
|    total_timesteps      | 358400      |
| train/                  |             |
|    approx_kl            | 0.008077001 |
|    clip_fraction        | 0.0403      |
|    clip_range           | 0.2         |
|    entropy_loss         | -2.75       |
|    explained_variance   | 0.968       |
|    learning_rate        | 0.0003      |
|    loss                 | 2.05        |
|    n_updates            | 870         |
|    policy_gradient_loss | -0.00199    |
|    std                  | 0.959       |
|    value_loss           | 2.31        |
-----------------------------------------
------------------------------------------
| rollout/                |              |
|    ep_len_mean          | 1.8e+03      |
|    ep_rew_mean          | 38.9         |
| time/                   |              |
|    fps                  | 1441         |
|    iterations           | 76           |
|    time_elapsed         | 108          |
|    total_timesteps      | 360448       |
| train/                  |              |
|    approx_kl            | 0.0056989705 |
|    clip_fraction        | 0.0203       |
|    clip_range           | 0.2          |
|    entropy_loss         | -2.76        |
|    explained_variance   | 0.838        |
|    learning_rate        | 0.0003       |
|    loss                 | 1.04         |
|    n_updates            | 875          |
|    policy_gradient_loss | -0.00156     |
|    std                  | 0.96         |
|    value_loss           | 17           |
------------------------------------------
------------------------------------------
| rollout/                |              |
|    ep_len_mean          | 1.81e+03     |
|    ep_rew_mean          | 37.8         |
| time/                   |              |
|    fps                  | 1441         |
|    iterations           | 77           |
|    time_elapsed         | 109          |
|    total_timesteps      | 362496       |
| train/                  |              |
|    approx_kl            | 0.0064781187 |
|    clip_fraction        | 0.0697       |
|    clip_range           | 0.2          |
|    entropy_loss         | -2.76        |
|    explained_variance   | 0.955        |
|    learning_rate        | 0.0003       |
|    loss                 | 0.108        |
|    n_updates            | 880          |
|    policy_gradient_loss | -0.00231     |
|    std                  | 0.96         |
|    value_loss           | 5.14         |
------------------------------------------
-----------------------------------------
| rollout/                |             |
|    ep_len_mean          | 1.79e+03    |
|    ep_rew_mean          | 38.7        |
| time/                   |             |
|    fps                  | 1439        |
|    iterations           | 78          |
|    time_elapsed         | 110         |
|    total_timesteps      | 364544      |
| train/                  |             |
|    approx_kl            | 0.006620017 |
|    clip_fraction        | 0.0819      |
|    clip_range           | 0.2         |
|    entropy_loss         | -2.76       |
|    explained_variance   | 0.86        |
|    learning_rate        | 0.0003      |
|    loss                 | 1.14        |
|    n_updates            | 885         |
|    policy_gradient_loss | -0.00118    |
|    std                  | 0.959       |
|    value_loss           | 10.5        |
-----------------------------------------
-----------------------------------------
| rollout/                |             |
|    ep_len_mean          | 1.79e+03    |
|    ep_rew_mean          | 38.8        |
| time/                   |             |
|    fps                  | 1437        |
|    iterations           | 79          |
|    time_elapsed         | 112         |
|    total_timesteps      | 366592      |
| train/                  |             |
|    approx_kl            | 0.006887592 |
|    clip_fraction        | 0.0356      |
|    clip_range           | 0.2         |
|    entropy_loss         | -2.75       |
|    explained_variance   | -0.4        |
|    learning_rate        | 0.0003      |
|    loss                 | 185         |
|    n_updates            | 890         |
|    policy_gradient_loss | -0.00429    |
|    std                  | 0.959       |
|    value_loss           | 116         |
-----------------------------------------
------------------------------------------
| rollout/                |              |
|    ep_len_mean          | 1.78e+03     |
|    ep_rew_mean          | 39.9         |
| time/                   |              |
|    fps                  | 1436         |
|    iterations           | 80           |
|    time_elapsed         | 114          |
|    total_timesteps      | 368640       |
| train/                  |              |
|    approx_kl            | 0.0042890036 |
|    clip_fraction        | 0.0458       |
|    clip_range           | 0.2          |
|    entropy_loss         | -2.76        |
|    explained_variance   | 0.579        |
|    learning_rate        | 0.0003       |
|    loss                 | 27.6         |
|    n_updates            | 895          |
|    policy_gradient_loss | -0.0006      |
|    std                  | 0.959        |
|    value_loss           | 15.8         |
------------------------------------------
-----------------------------------------
| rollout/                |             |
|    ep_len_mean          | 1.78e+03    |
|    ep_rew_mean          | 39.9        |
| time/                   |             |
|    fps                  | 1436        |
|    iterations           | 81          |
|    time_elapsed         | 115         |
|    total_timesteps      | 370688      |
| train/                  |             |
|    approx_kl            | 0.005524274 |
|    clip_fraction        | 0.0663      |
|    clip_range           | 0.2         |
|    entropy_loss         | -2.75       |
|    explained_variance   | 0.376       |
|    learning_rate        | 0.0003      |
|    loss                 | 0.823       |
|    n_updates            | 900         |
|    policy_gradient_loss | -0.00225    |
|    std                  | 0.958       |
|    value_loss           | 57.8        |
-----------------------------------------
------------------------------------------
| rollout/                |              |
|    ep_len_mean          | 1.8e+03      |
|    ep_rew_mean          | 38.7         |
| time/                   |              |
|    fps                  | 1435         |
|    iterations           | 82           |
|    time_elapsed         | 116          |
|    total_timesteps      | 372736       |
| train/                  |              |
|    approx_kl            | 0.0054679243 |
|    clip_fraction        | 0.0548       |
|    clip_range           | 0.2          |
|    entropy_loss         | -2.75        |
|    explained_variance   | 0.818        |
|    learning_rate        | 0.0003       |
|    loss                 | 5.43         |
|    n_updates            | 905          |
|    policy_gradient_loss | -0.0042      |
|    std                  | 0.957        |
|    value_loss           | 6.87         |
------------------------------------------
------------------------------------------
| rollout/                |              |
|    ep_len_mean          | 1.79e+03     |
|    ep_rew_mean          | 39.6         |
| time/                   |              |
|    fps                  | 1435         |
|    iterations           | 83           |
|    time_elapsed         | 118          |
|    total_timesteps      | 374784       |
| train/                  |              |
|    approx_kl            | 0.0080046225 |
|    clip_fraction        | 0.0459       |
|    clip_range           | 0.2          |
|    entropy_loss         | -2.75        |
|    explained_variance   | 0.833        |
|    learning_rate        | 0.0003       |
|    loss                 | 0.941        |
|    n_updates            | 910          |
|    policy_gradient_loss | -0.00117     |
|    std                  | 0.955        |
|    value_loss           | 8.95         |
------------------------------------------
-----------------------------------------
| rollout/                |             |
|    ep_len_mean          | 1.79e+03    |
|    ep_rew_mean          | 39.6        |
| time/                   |             |
|    fps                  | 1433        |
|    iterations           | 84          |
|    time_elapsed         | 119         |
|    total_timesteps      | 376832      |
| train/                  |             |
|    approx_kl            | 0.008046188 |
|    clip_fraction        | 0.0858      |
|    clip_range           | 0.2         |
|    entropy_loss         | -2.74       |
|    explained_variance   | 0.185       |
|    learning_rate        | 0.0003      |
|    loss                 | 2.86        |
|    n_updates            | 915         |
|    policy_gradient_loss | -0.00317    |
|    std                  | 0.955       |
|    value_loss           | 62.1        |
-----------------------------------------
------------------------------------------
| rollout/                |              |
|    ep_len_mean          | 1.79e+03     |
|    ep_rew_mean          | 39.4         |
| time/                   |              |
|    fps                  | 1434         |
|    iterations           | 85           |
|    time_elapsed         | 121          |
|    total_timesteps      | 378880       |
| train/                  |              |
|    approx_kl            | 0.0035777986 |
|    clip_fraction        | 0.074        |
|    clip_range           | 0.2          |
|    entropy_loss         | -2.75        |
|    explained_variance   | 0.927        |
|    learning_rate        | 0.0003       |
|    loss                 | 1.22         |
|    n_updates            | 920          |
|    policy_gradient_loss | -0.00238     |
|    std                  | 0.955        |
|    value_loss           | 4.88         |
------------------------------------------
------------------------------------------
| rollout/                |              |
|    ep_len_mean          | 1.79e+03     |
|    ep_rew_mean          | 39.5         |
| time/                   |              |
|    fps                  | 1434         |
|    iterations           | 86           |
|    time_elapsed         | 122          |
|    total_timesteps      | 380928       |
| train/                  |              |
|    approx_kl            | 0.0027358409 |
|    clip_fraction        | 0.0456       |
|    clip_range           | 0.2          |
|    entropy_loss         | -2.75        |
|    explained_variance   | 0.802        |
|    learning_rate        | 0.0003       |
|    loss                 | 0.521        |
|    n_updates            | 925          |
|    policy_gradient_loss | -0.00114     |
|    std                  | 0.956        |
|    value_loss           | 12.6         |
------------------------------------------
------------------------------------------
| rollout/                |              |
|    ep_len_mean          | 1.81e+03     |
|    ep_rew_mean          | 38.4         |
| time/                   |              |
|    fps                  | 1432         |
|    iterations           | 87           |
|    time_elapsed         | 124          |
|    total_timesteps      | 382976       |
| train/                  |              |
|    approx_kl            | 0.0056988443 |
|    clip_fraction        | 0.0865       |
|    clip_range           | 0.2          |
|    entropy_loss         | -2.75        |
|    explained_variance   | 0.887        |
|    learning_rate        | 0.0003       |
|    loss                 | 6.99         |
|    n_updates            | 930          |
|    policy_gradient_loss | -0.00126     |
|    std                  | 0.956        |
|    value_loss           | 11.1         |
------------------------------------------
-----------------------------------------
| rollout/                |             |
|    ep_len_mean          | 1.81e+03    |
|    ep_rew_mean          | 38.4        |
| time/                   |             |
|    fps                  | 1432        |
|    iterations           | 88          |
|    time_elapsed         | 125         |
|    total_timesteps      | 385024      |
| train/                  |             |
|    approx_kl            | 0.014518232 |
|    clip_fraction        | 0.0716      |
|    clip_range           | 0.2         |
|    entropy_loss         | -2.75       |
|    explained_variance   | 0.774       |
|    learning_rate        | 0.0003      |
|    loss                 | 6.83        |
|    n_updates            | 935         |
|    policy_gradient_loss | -0.00251    |
|    std                  | 0.954       |
|    value_loss           | 12.8        |
-----------------------------------------
------------------------------------------
| rollout/                |              |
|    ep_len_mean          | 1.82e+03     |
|    ep_rew_mean          | 36.7         |
| time/                   |              |
|    fps                  | 1432         |
|    iterations           | 89           |
|    time_elapsed         | 127          |
|    total_timesteps      | 387072       |
| train/                  |              |
|    approx_kl            | 0.0056666313 |
|    clip_fraction        | 0.0422       |
|    clip_range           | 0.2          |
|    entropy_loss         | -2.74        |
|    explained_variance   | 0.91         |
|    learning_rate        | 0.0003       |
|    loss                 | 1.4          |
|    n_updates            | 940          |
|    policy_gradient_loss | -7.06e-05    |
|    std                  | 0.953        |
|    value_loss           | 6.34         |
------------------------------------------
-----------------------------------------
| rollout/                |             |
|    ep_len_mean          | 1.82e+03    |
|    ep_rew_mean          | 36.6        |
| time/                   |             |
|    fps                  | 1430        |
|    iterations           | 90          |
|    time_elapsed         | 128         |
|    total_timesteps      | 389120      |
| train/                  |             |
|    approx_kl            | 0.012933078 |
|    clip_fraction        | 0.0747      |
|    clip_range           | 0.2         |
|    entropy_loss         | -2.74       |
|    explained_variance   | 0.562       |
|    learning_rate        | 0.0003      |
|    loss                 | 220         |
|    n_updates            | 945         |
|    policy_gradient_loss | -0.000178   |
|    std                  | 0.954       |
|    value_loss           | 63.1        |
-----------------------------------------
-----------------------------------------
| rollout/                |             |
|    ep_len_mean          | 1.82e+03    |
|    ep_rew_mean          | 36.3        |
| time/                   |             |
|    fps                  | 1430        |
|    iterations           | 91          |
|    time_elapsed         | 130         |
|    total_timesteps      | 391168      |
| train/                  |             |
|    approx_kl            | 0.005475116 |
|    clip_fraction        | 0.0938      |
|    clip_range           | 0.2         |
|    entropy_loss         | -2.74       |
|    explained_variance   | 0.841       |
|    learning_rate        | 0.0003      |
|    loss                 | 1.66        |
|    n_updates            | 950         |
|    policy_gradient_loss | -0.003      |
|    std                  | 0.953       |
|    value_loss           | 11.2        |
-----------------------------------------
------------------------------------------
| rollout/                |              |
|    ep_len_mean          | 1.82e+03     |
|    ep_rew_mean          | 36.3         |
| time/                   |              |
|    fps                  | 1428         |
|    iterations           | 92           |
|    time_elapsed         | 131          |
|    total_timesteps      | 393216       |
| train/                  |              |
|    approx_kl            | 0.0045546545 |
|    clip_fraction        | 0.131        |
|    clip_range           | 0.2          |
|    entropy_loss         | -2.74        |
|    explained_variance   | 0.141        |
|    learning_rate        | 0.0003       |
|    loss                 | 2.84         |
|    n_updates            | 955          |
|    policy_gradient_loss | 0.00345      |
|    std                  | 0.952        |
|    value_loss           | 62.7         |
------------------------------------------
------------------------------------------
| rollout/                |              |
|    ep_len_mean          | 1.83e+03     |
|    ep_rew_mean          | 36           |
| time/                   |              |
|    fps                  | 1428         |
|    iterations           | 93           |
|    time_elapsed         | 133          |
|    total_timesteps      | 395264       |
| train/                  |              |
|    approx_kl            | 0.0044209957 |
|    clip_fraction        | 0.0185       |
|    clip_range           | 0.2          |
|    entropy_loss         | -2.74        |
|    explained_variance   | 0.565        |
|    learning_rate        | 0.0003       |
|    loss                 | 2.11         |
|    n_updates            | 960          |
|    policy_gradient_loss | -0.00101     |
|    std                  | 0.95         |
|    value_loss           | 6.68         |
------------------------------------------
------------------------------------------
| rollout/                |              |
|    ep_len_mean          | 1.83e+03     |
|    ep_rew_mean          | 35           |
| time/                   |              |
|    fps                  | 1427         |
|    iterations           | 94           |
|    time_elapsed         | 134          |
|    total_timesteps      | 397312       |
| train/                  |              |
|    approx_kl            | 0.0017563554 |
|    clip_fraction        | 0.0043       |
|    clip_range           | 0.2          |
|    entropy_loss         | -2.74        |
|    explained_variance   | 0.838        |
|    learning_rate        | 0.0003       |
|    loss                 | 0.677        |
|    n_updates            | 965          |
|    policy_gradient_loss | -0.00157     |
|    std                  | 0.95         |
|    value_loss           | 9.96         |
------------------------------------------
----------------------------------------
| rollout/                |            |
|    ep_len_mean          | 1.83e+03   |
|    ep_rew_mean          | 35.1       |
| time/                   |            |
|    fps                  | 1426       |
|    iterations           | 95         |
|    time_elapsed         | 136        |
|    total_timesteps      | 399360     |
| train/                  |            |
|    approx_kl            | 0.00794767 |
|    clip_fraction        | 0.0449     |
|    clip_range           | 0.2        |
|    entropy_loss         | -2.73      |
|    explained_variance   | 0.891      |
|    learning_rate        | 0.0003     |
|    loss                 | 2.38       |
|    n_updates            | 970        |
|    policy_gradient_loss | -0.00364   |
|    std                  | 0.949      |
|    value_loss           | 8.03       |
----------------------------------------
------------------------------------------
| rollout/                |              |
|    ep_len_mean          | 1.83e+03     |
|    ep_rew_mean          | 35.1         |
| time/                   |              |
|    fps                  | 1424         |
|    iterations           | 96           |
|    time_elapsed         | 138          |
|    total_timesteps      | 401408       |
| train/                  |              |
|    approx_kl            | 0.0042543057 |
|    clip_fraction        | 0.0267       |
|    clip_range           | 0.2          |
|    entropy_loss         | -2.73        |
|    explained_variance   | 0.857        |
|    learning_rate        | 0.0003       |
|    loss                 | 5.42         |
|    n_updates            | 975          |
|    policy_gradient_loss | -0.00145     |
|    std                  | 0.948        |
|    value_loss           | 8.04         |
------------------------------------------
-----------------------------------------
| rollout/                |             |
|    ep_len_mean          | 1.84e+03    |
|    ep_rew_mean          | 33.9        |
| time/                   |             |
|    fps                  | 1421        |
|    iterations           | 97          |
|    time_elapsed         | 139         |
|    total_timesteps      | 403456      |
| train/                  |             |
|    approx_kl            | 0.056321487 |
|    clip_fraction        | 0.256       |
|    clip_range           | 0.2         |
|    entropy_loss         | -2.73       |
|    explained_variance   | 0.92        |
|    learning_rate        | 0.0003      |
|    loss                 | 1.29        |
|    n_updates            | 980         |
|    policy_gradient_loss | 0.0175      |
|    std                  | 0.95        |
|    value_loss           | 3.48        |
-----------------------------------------
-----------------------------------------
| rollout/                |             |
|    ep_len_mean          | 1.84e+03    |
|    ep_rew_mean          | 33.4        |
| time/                   |             |
|    fps                  | 1420        |
|    iterations           | 98          |
|    time_elapsed         | 141         |
|    total_timesteps      | 405504      |
| train/                  |             |
|    approx_kl            | 0.024793824 |
|    clip_fraction        | 0.163       |
|    clip_range           | 0.2         |
|    entropy_loss         | -2.73       |
|    explained_variance   | 0.914       |
|    learning_rate        | 0.0003      |
|    loss                 | 0.0701      |
|    n_updates            | 985         |
|    policy_gradient_loss | 0.00308     |
|    std                  | 0.948       |
|    value_loss           | 6.34        |
-----------------------------------------
------------------------------------------
| rollout/                |              |
|    ep_len_mean          | 1.84e+03     |
|    ep_rew_mean          | 33.4         |
| time/                   |              |
|    fps                  | 1419         |
|    iterations           | 99           |
|    time_elapsed         | 142          |
|    total_timesteps      | 407552       |
| train/                  |              |
|    approx_kl            | 0.0059944834 |
|    clip_fraction        | 0.162        |
|    clip_range           | 0.2          |
|    entropy_loss         | -2.73        |
|    explained_variance   | 0.791        |
|    learning_rate        | 0.0003       |
|    loss                 | 9.75         |
|    n_updates            | 990          |
|    policy_gradient_loss | 0.00141      |
|    std                  | 0.946        |
|    value_loss           | 9.53         |
------------------------------------------
------------------------------------------
| rollout/                |              |
|    ep_len_mean          | 1.84e+03     |
|    ep_rew_mean          | 33.4         |
| time/                   |              |
|    fps                  | 1420         |
|    iterations           | 100          |
|    time_elapsed         | 144          |
|    total_timesteps      | 409600       |
| train/                  |              |
|    approx_kl            | 0.0057758405 |
|    clip_fraction        | 0.088        |
|    clip_range           | 0.2          |
|    entropy_loss         | -2.73        |
|    explained_variance   | 0.881        |
|    learning_rate        | 0.0003       |
|    loss                 | 2.93         |
|    n_updates            | 995          |
|    policy_gradient_loss | -0.00836     |
|    std                  | 0.947        |
|    value_loss           | 6.01         |
------------------------------------------

CP2 held-out: 27/50 hits (54.0%), mean miss 6.2 m, mean reward 73.56
STOP CONDITION: no joint improvement -- review gate before continuing.
CP3: evasive lineage | max_time=45s t_go_max=10s | tracking=True | obs=12-D | miss_tanh_scale=3000m shaping_gamma=1 effort_weight=5 precision_weight=0 -> out=outputs/evasive_zemtgo10_seed8
---------------------------------
| rollout/           |          |
|    ep_len_mean     | 1.84e+03 |
|    ep_rew_mean     | 33.4     |
| time/              |          |
|    fps             | 3855     |
|    iterations      | 1        |
|    time_elapsed    | 0        |
|    total_timesteps | 411648   |
---------------------------------
-----------------------------------------
| rollout/                |             |
|    ep_len_mean          | 1.81e+03    |
|    ep_rew_mean          | 36          |
| time/                   |             |
|    fps                  | 1611        |
|    iterations           | 2           |
|    time_elapsed         | 2           |
|    total_timesteps      | 413696      |
| train/                  |             |
|    approx_kl            | 0.015215157 |
|    clip_fraction        | 0.15        |
|    clip_range           | 0.2         |
|    entropy_loss         | -2.72       |
|    explained_variance   | 0.61        |
|    learning_rate        | 0.0003      |
|    loss                 | 0.16        |
|    n_updates            | 1005        |
|    policy_gradient_loss | -0.00812    |
|    std                  | 0.943       |
|    value_loss           | 4.76        |
-----------------------------------------
-----------------------------------------
| rollout/                |             |
|    ep_len_mean          | 1.81e+03    |
|    ep_rew_mean          | 36          |
| time/                   |             |
|    fps                  | 1478        |
|    iterations           | 3           |
|    time_elapsed         | 4           |
|    total_timesteps      | 415744      |
| train/                  |             |
|    approx_kl            | 0.003714649 |
|    clip_fraction        | 0.114       |
|    clip_range           | 0.2         |
|    entropy_loss         | -2.72       |
|    explained_variance   | -0.0766     |
|    learning_rate        | 0.0003      |
|    loss                 | 1.93        |
|    n_updates            | 1010        |
|    policy_gradient_loss | 0.00566     |
|    std                  | 0.941       |
|    value_loss           | 172         |
-----------------------------------------
------------------------------------------
| rollout/                |              |
|    ep_len_mean          | 1.8e+03      |
|    ep_rew_mean          | 37.3         |
| time/                   |              |
|    fps                  | 1480         |
|    iterations           | 4            |
|    time_elapsed         | 5            |
|    total_timesteps      | 417792       |
| train/                  |              |
|    approx_kl            | 0.0055538137 |
|    clip_fraction        | 0.0559       |
|    clip_range           | 0.2          |
|    entropy_loss         | -2.72        |
|    explained_variance   | 0.724        |
|    learning_rate        | 0.0003       |
|    loss                 | 1.85         |
|    n_updates            | 1015         |
|    policy_gradient_loss | -0.00237     |
|    std                  | 0.94         |
|    value_loss           | 5.37         |
------------------------------------------
-----------------------------------------
| rollout/                |             |
|    ep_len_mean          | 1.81e+03    |
|    ep_rew_mean          | 35.7        |
| time/                   |             |
|    fps                  | 1453        |
|    iterations           | 5           |
|    time_elapsed         | 7           |
|    total_timesteps      | 419840      |
| train/                  |             |
|    approx_kl            | 0.010098367 |
|    clip_fraction        | 0.0493      |
|    clip_range           | 0.2         |
|    entropy_loss         | -2.71       |
|    explained_variance   | 0.349       |
|    learning_rate        | 0.0003      |
|    loss                 | 6.53        |
|    n_updates            | 1020        |
|    policy_gradient_loss | -0.00236    |
|    std                  | 0.94        |
|    value_loss           | 61.8        |
-----------------------------------------
-----------------------------------------
| rollout/                |             |
|    ep_len_mean          | 1.8e+03     |
|    ep_rew_mean          | 36.8        |
| time/                   |             |
|    fps                  | 1450        |
|    iterations           | 6           |
|    time_elapsed         | 8           |
|    total_timesteps      | 421888      |
| train/                  |             |
|    approx_kl            | 0.009454621 |
|    clip_fraction        | 0.0891      |
|    clip_range           | 0.2         |
|    entropy_loss         | -2.71       |
|    explained_variance   | 0.644       |
|    learning_rate        | 0.0003      |
|    loss                 | 1.21        |
|    n_updates            | 1025        |
|    policy_gradient_loss | -0.00262    |
|    std                  | 0.939       |
|    value_loss           | 9.01        |
-----------------------------------------
------------------------------------------
| rollout/                |              |
|    ep_len_mean          | 1.81e+03     |
|    ep_rew_mean          | 35.6         |
| time/                   |              |
|    fps                  | 1439         |
|    iterations           | 7            |
|    time_elapsed         | 9            |
|    total_timesteps      | 423936       |
| train/                  |              |
|    approx_kl            | 0.0067551974 |
|    clip_fraction        | 0.056        |
|    clip_range           | 0.2          |
|    entropy_loss         | -2.71        |
|    explained_variance   | -0.168       |
|    learning_rate        | 0.0003       |
|    loss                 | 200          |
|    n_updates            | 1030         |
|    policy_gradient_loss | 0.00029      |
|    std                  | 0.941        |
|    value_loss           | 58.7         |
------------------------------------------
-----------------------------------------
| rollout/                |             |
|    ep_len_mean          | 1.81e+03    |
|    ep_rew_mean          | 35.6        |
| time/                   |             |
|    fps                  | 1434        |
|    iterations           | 8           |
|    time_elapsed         | 11          |
|    total_timesteps      | 425984      |
| train/                  |             |
|    approx_kl            | 0.007253535 |
|    clip_fraction        | 0.0537      |
|    clip_range           | 0.2         |
|    entropy_loss         | -2.72       |
|    explained_variance   | 0.779       |
|    learning_rate        | 0.0003      |
|    loss                 | 4.43        |
|    n_updates            | 1035        |
|    policy_gradient_loss | -0.00158    |
|    std                  | 0.941       |
|    value_loss           | 10.9        |
-----------------------------------------
------------------------------------------
| rollout/                |              |
|    ep_len_mean          | 1.82e+03     |
|    ep_rew_mean          | 34.4         |
| time/                   |              |
|    fps                  | 1438         |
|    iterations           | 9            |
|    time_elapsed         | 12           |
|    total_timesteps      | 428032       |
| train/                  |              |
|    approx_kl            | 0.0025146517 |
|    clip_fraction        | 0.0275       |
|    clip_range           | 0.2          |
|    entropy_loss         | -2.72        |
|    explained_variance   | 0.957        |
|    learning_rate        | 0.0003       |
|    loss                 | 2.6          |
|    n_updates            | 1040         |
|    policy_gradient_loss | -0.00205     |
|    std                  | 0.942        |
|    value_loss           | 3.48         |
------------------------------------------
------------------------------------------
| rollout/                |              |
|    ep_len_mean          | 1.82e+03     |
|    ep_rew_mean          | 34.1         |
| time/                   |              |
|    fps                  | 1432         |
|    iterations           | 10           |
|    time_elapsed         | 14           |
|    total_timesteps      | 430080       |
| train/                  |              |
|    approx_kl            | 0.0014047395 |
|    clip_fraction        | 0.000977     |
|    clip_range           | 0.2          |
|    entropy_loss         | -2.72        |
|    explained_variance   | 0.898        |
|    learning_rate        | 0.0003       |
|    loss                 | 1.45         |
|    n_updates            | 1045         |
|    policy_gradient_loss | -0.000999    |
|    std                  | 0.942        |
|    value_loss           | 6.76         |
------------------------------------------
------------------------------------------
| rollout/                |              |
|    ep_len_mean          | 1.82e+03     |
|    ep_rew_mean          | 33.9         |
| time/                   |              |
|    fps                  | 1426         |
|    iterations           | 11           |
|    time_elapsed         | 15           |
|    total_timesteps      | 432128       |
| train/                  |              |
|    approx_kl            | 0.0035213283 |
|    clip_fraction        | 0.0782       |
|    clip_range           | 0.2          |
|    entropy_loss         | -2.72        |
|    explained_variance   | 0.802        |
|    learning_rate        | 0.0003       |
|    loss                 | 2.93         |
|    n_updates            | 1050         |
|    policy_gradient_loss | -0.00392     |
|    std                  | 0.942        |
|    value_loss           | 11.3         |
------------------------------------------
------------------------------------------
| rollout/                |              |
|    ep_len_mean          | 1.82e+03     |
|    ep_rew_mean          | 33.9         |
| time/                   |              |
|    fps                  | 1417         |
|    iterations           | 12           |
|    time_elapsed         | 17           |
|    total_timesteps      | 434176       |
| train/                  |              |
|    approx_kl            | 0.0029465477 |
|    clip_fraction        | 0.0082       |
|    clip_range           | 0.2          |
|    entropy_loss         | -2.72        |
|    explained_variance   | 0.866        |
|    learning_rate        | 0.0003       |
|    loss                 | 1.34         |
|    n_updates            | 1055         |
|    policy_gradient_loss | -0.00096     |
|    std                  | 0.941        |
|    value_loss           | 10           |
------------------------------------------
------------------------------------------
| rollout/                |              |
|    ep_len_mean          | 1.82e+03     |
|    ep_rew_mean          | 33.9         |
| time/                   |              |
|    fps                  | 1419         |
|    iterations           | 13           |
|    time_elapsed         | 18           |
|    total_timesteps      | 436224       |
| train/                  |              |
|    approx_kl            | 0.0038589016 |
|    clip_fraction        | 0.0128       |
|    clip_range           | 0.2          |
|    entropy_loss         | -2.72        |
|    explained_variance   | 0.891        |
|    learning_rate        | 0.0003       |
|    loss                 | 6.24         |
|    n_updates            | 1060         |
|    policy_gradient_loss | -0.00172     |
|    std                  | 0.94         |
|    value_loss           | 6.54         |
------------------------------------------
------------------------------------------
| rollout/                |              |
|    ep_len_mean          | 1.83e+03     |
|    ep_rew_mean          | 33.5         |
| time/                   |              |
|    fps                  | 1424         |
|    iterations           | 14           |
|    time_elapsed         | 20           |
|    total_timesteps      | 438272       |
| train/                  |              |
|    approx_kl            | 0.0056972546 |
|    clip_fraction        | 0.032        |
|    clip_range           | 0.2          |
|    entropy_loss         | -2.72        |
|    explained_variance   | 0.976        |
|    learning_rate        | 0.0003       |
|    loss                 | 0.0611       |
|    n_updates            | 1065         |
|    policy_gradient_loss | -0.00211     |
|    std                  | 0.941        |
|    value_loss           | 1.96         |
------------------------------------------
-----------------------------------------
| rollout/                |             |
|    ep_len_mean          | 1.83e+03    |
|    ep_rew_mean          | 33.5        |
| time/                   |             |
|    fps                  | 1389        |
|    iterations           | 15          |
|    time_elapsed         | 22          |
|    total_timesteps      | 440320      |
| train/                  |             |
|    approx_kl            | 0.010601027 |
|    clip_fraction        | 0.0587      |
|    clip_range           | 0.2         |
|    entropy_loss         | -2.72       |
|    explained_variance   | 0.645       |
|    learning_rate        | 0.0003      |
|    loss                 | 8.31        |
|    n_updates            | 1070        |
|    policy_gradient_loss | -0.0029     |
|    std                  | 0.941       |
|    value_loss           | 13          |
-----------------------------------------
------------------------------------------
| rollout/                |              |
|    ep_len_mean          | 1.83e+03     |
|    ep_rew_mean          | 33.3         |
| time/                   |              |
|    fps                  | 1385         |
|    iterations           | 16           |
|    time_elapsed         | 23           |
|    total_timesteps      | 442368       |
| train/                  |              |
|    approx_kl            | 0.0044136615 |
|    clip_fraction        | 0.0174       |
|    clip_range           | 0.2          |
|    entropy_loss         | -2.71        |
|    explained_variance   | 0.79         |
|    learning_rate        | 0.0003       |
|    loss                 | 7.04         |
|    n_updates            | 1075         |
|    policy_gradient_loss | -0.0025      |
|    std                  | 0.939        |
|    value_loss           | 10.4         |
------------------------------------------
-----------------------------------------
| rollout/                |             |
|    ep_len_mean          | 1.82e+03    |
|    ep_rew_mean          | 33.4        |
| time/                   |             |
|    fps                  | 1381        |
|    iterations           | 17          |
|    time_elapsed         | 25          |
|    total_timesteps      | 444416      |
| train/                  |             |
|    approx_kl            | 0.004632202 |
|    clip_fraction        | 0.0321      |
|    clip_range           | 0.2         |
|    entropy_loss         | -2.71       |
|    explained_variance   | 0.894       |
|    learning_rate        | 0.0003      |
|    loss                 | 3.07        |
|    n_updates            | 1080        |
|    policy_gradient_loss | -0.00206    |
|    std                  | 0.938       |
|    value_loss           | 11          |
-----------------------------------------
------------------------------------------
| rollout/                |              |
|    ep_len_mean          | 1.82e+03     |
|    ep_rew_mean          | 33.3         |
| time/                   |              |
|    fps                  | 1374         |
|    iterations           | 18           |
|    time_elapsed         | 26           |
|    total_timesteps      | 446464       |
| train/                  |              |
|    approx_kl            | 0.0019369699 |
|    clip_fraction        | 0.00479      |
|    clip_range           | 0.2          |
|    entropy_loss         | -2.71        |
|    explained_variance   | 0.948        |
|    learning_rate        | 0.0003       |
|    loss                 | 11.7         |
|    n_updates            | 1085         |
|    policy_gradient_loss | -0.000926    |
|    std                  | 0.939        |
|    value_loss           | 8.42         |
------------------------------------------
------------------------------------------
| rollout/                |              |
|    ep_len_mean          | 1.8e+03      |
|    ep_rew_mean          | 34.3         |
| time/                   |              |
|    fps                  | 1363         |
|    iterations           | 19           |
|    time_elapsed         | 28           |
|    total_timesteps      | 448512       |
| train/                  |              |
|    approx_kl            | 0.0022788346 |
|    clip_fraction        | 0.0259       |
|    clip_range           | 0.2          |
|    entropy_loss         | -2.71        |
|    explained_variance   | 0.838        |
|    learning_rate        | 0.0003       |
|    loss                 | 3.3          |
|    n_updates            | 1090         |
|    policy_gradient_loss | -0.00273     |
|    std                  | 0.937        |
|    value_loss           | 18.5         |
------------------------------------------
------------------------------------------
| rollout/                |              |
|    ep_len_mean          | 1.79e+03     |
|    ep_rew_mean          | 35.4         |
| time/                   |              |
|    fps                  | 1357         |
|    iterations           | 20           |
|    time_elapsed         | 30           |
|    total_timesteps      | 450560       |
| train/                  |              |
|    approx_kl            | 0.0042025577 |
|    clip_fraction        | 0.0405       |
|    clip_range           | 0.2          |
|    entropy_loss         | -2.71        |
|    explained_variance   | 0.485        |
|    learning_rate        | 0.0003       |
|    loss                 | 1.26         |
|    n_updates            | 1095         |
|    policy_gradient_loss | 0.000529     |
|    std                  | 0.937        |
|    value_loss           | 74           |
------------------------------------------
----------------------------------------
| rollout/                |            |
|    ep_len_mean          | 1.79e+03   |
|    ep_rew_mean          | 35.5       |
| time/                   |            |
|    fps                  | 1357       |
|    iterations           | 21         |
|    time_elapsed         | 31         |
|    total_timesteps      | 452608     |
| train/                  |            |
|    approx_kl            | 0.01139385 |
|    clip_fraction        | 0.0932     |
|    clip_range           | 0.2        |
|    entropy_loss         | -2.71      |
|    explained_variance   | 0.0217     |
|    learning_rate        | 0.0003     |
|    loss                 | 219        |
|    n_updates            | 1100       |
|    policy_gradient_loss | -0.000673  |
|    std                  | 0.938      |
|    value_loss           | 61.2       |
----------------------------------------
------------------------------------------
| rollout/                |              |
|    ep_len_mean          | 1.79e+03     |
|    ep_rew_mean          | 35.5         |
| time/                   |              |
|    fps                  | 1360         |
|    iterations           | 22           |
|    time_elapsed         | 33           |
|    total_timesteps      | 454656       |
| train/                  |              |
|    approx_kl            | 0.0023912545 |
|    clip_fraction        | 0.0959       |
|    clip_range           | 0.2          |
|    entropy_loss         | -2.71        |
|    explained_variance   | 0.876        |
|    learning_rate        | 0.0003       |
|    loss                 | 2.58         |
|    n_updates            | 1105         |
|    policy_gradient_loss | 0.00281      |
|    std                  | 0.936        |
|    value_loss           | 8.69         |
------------------------------------------
----------------------------------------
| rollout/                |            |
|    ep_len_mean          | 1.79e+03   |
|    ep_rew_mean          | 35.5       |
| time/                   |            |
|    fps                  | 1364       |
|    iterations           | 23         |
|    time_elapsed         | 34         |
|    total_timesteps      | 456704     |
| train/                  |            |
|    approx_kl            | 0.00563557 |
|    clip_fraction        | 0.0277     |
|    clip_range           | 0.2        |
|    entropy_loss         | -2.71      |
|    explained_variance   | 0.972      |
|    learning_rate        | 0.0003     |
|    loss                 | 1.14       |
|    n_updates            | 1110       |
|    policy_gradient_loss | -0.00233   |
|    std                  | 0.935      |
|    value_loss           | 3.65       |
----------------------------------------
-----------------------------------------
| rollout/                |             |
|    ep_len_mean          | 1.8e+03     |
|    ep_rew_mean          | 34.3        |
| time/                   |             |
|    fps                  | 1368        |
|    iterations           | 24          |
|    time_elapsed         | 35          |
|    total_timesteps      | 458752      |
| train/                  |             |
|    approx_kl            | 0.005021209 |
|    clip_fraction        | 0.0417      |
|    clip_range           | 0.2         |
|    entropy_loss         | -2.7        |
|    explained_variance   | 0.989       |
|    learning_rate        | 0.0003      |
|    loss                 | 0.182       |
|    n_updates            | 1115        |
|    policy_gradient_loss | -0.00208    |
|    std                  | 0.934       |
|    value_loss           | 1.75        |
-----------------------------------------
-----------------------------------------
| rollout/                |             |
|    ep_len_mean          | 1.81e+03    |
|    ep_rew_mean          | 34.2        |
| time/                   |             |
|    fps                  | 1365        |
|    iterations           | 25          |
|    time_elapsed         | 37          |
|    total_timesteps      | 460800      |
| train/                  |             |
|    approx_kl            | 0.005067604 |
|    clip_fraction        | 0.0567      |
|    clip_range           | 0.2         |
|    entropy_loss         | -2.7        |
|    explained_variance   | 0.743       |
|    learning_rate        | 0.0003      |
|    loss                 | 0.766       |
|    n_updates            | 1120        |
|    policy_gradient_loss | -0.000768   |
|    std                  | 0.933       |
|    value_loss           | 19          |
-----------------------------------------
------------------------------------------
| rollout/                |              |
|    ep_len_mean          | 1.79e+03     |
|    ep_rew_mean          | 35.3         |
| time/                   |              |
|    fps                  | 1366         |
|    iterations           | 26           |
|    time_elapsed         | 38           |
|    total_timesteps      | 462848       |
| train/                  |              |
|    approx_kl            | 0.0035006814 |
|    clip_fraction        | 0.0275       |
|    clip_range           | 0.2          |
|    entropy_loss         | -2.7         |
|    explained_variance   | 0.901        |
|    learning_rate        | 0.0003       |
|    loss                 | 3.67         |
|    n_updates            | 1125         |
|    policy_gradient_loss | -0.00243     |
|    std                  | 0.931        |
|    value_loss           | 9.21         |
------------------------------------------
------------------------------------------
| rollout/                |              |
|    ep_len_mean          | 1.79e+03     |
|    ep_rew_mean          | 35.3         |
| time/                   |              |
|    fps                  | 1365         |
|    iterations           | 27           |
|    time_elapsed         | 40           |
|    total_timesteps      | 464896       |
| train/                  |              |
|    approx_kl            | 0.0032867722 |
|    clip_fraction        | 0.0393       |
|    clip_range           | 0.2          |
|    entropy_loss         | -2.69        |
|    explained_variance   | 0.301        |
|    learning_rate        | 0.0003       |
|    loss                 | 2.06         |
|    n_updates            | 1130         |
|    policy_gradient_loss | -0.00359     |
|    std                  | 0.93         |
|    value_loss           | 64.3         |
------------------------------------------
------------------------------------------
| rollout/                |              |
|    ep_len_mean          | 1.81e+03     |
|    ep_rew_mean          | 33.7         |
| time/                   |              |
|    fps                  | 1368         |
|    iterations           | 28           |
|    time_elapsed         | 41           |
|    total_timesteps      | 466944       |
| train/                  |              |
|    approx_kl            | 0.0030457499 |
|    clip_fraction        | 0.00449      |
|    clip_range           | 0.2          |
|    entropy_loss         | -2.69        |
|    explained_variance   | 0.949        |
|    learning_rate        | 0.0003       |
|    loss                 | 13           |
|    n_updates            | 1135         |
|    policy_gradient_loss | -0.00108     |
|    std                  | 0.93         |
|    value_loss           | 5.53         |
------------------------------------------
------------------------------------------
| rollout/                |              |
|    ep_len_mean          | 1.81e+03     |
|    ep_rew_mean          | 33.6         |
| time/                   |              |
|    fps                  | 1367         |
|    iterations           | 29           |
|    time_elapsed         | 43           |
|    total_timesteps      | 468992       |
| train/                  |              |
|    approx_kl            | 0.0035518468 |
|    clip_fraction        | 0.00996      |
|    clip_range           | 0.2          |
|    entropy_loss         | -2.69        |
|    explained_variance   | 0.84         |
|    learning_rate        | 0.0003       |
|    loss                 | 7.46         |
|    n_updates            | 1140         |
|    policy_gradient_loss | -0.00198     |
|    std                  | 0.928        |
|    value_loss           | 13.7         |
------------------------------------------
------------------------------------------
| rollout/                |              |
|    ep_len_mean          | 1.82e+03     |
|    ep_rew_mean          | 33.4         |
| time/                   |              |
|    fps                  | 1368         |
|    iterations           | 30           |
|    time_elapsed         | 44           |
|    total_timesteps      | 471040       |
| train/                  |              |
|    approx_kl            | 0.0041099605 |
|    clip_fraction        | 0.0451       |
|    clip_range           | 0.2          |
|    entropy_loss         | -2.69        |
|    explained_variance   | 0.947        |
|    learning_rate        | 0.0003       |
|    loss                 | 5.1          |
|    n_updates            | 1145         |
|    policy_gradient_loss | -0.00385     |
|    std                  | 0.927        |
|    value_loss           | 5.62         |
------------------------------------------
------------------------------------------
| rollout/                |              |
|    ep_len_mean          | 1.81e+03     |
|    ep_rew_mean          | 34.6         |
| time/                   |              |
|    fps                  | 1366         |
|    iterations           | 31           |
|    time_elapsed         | 46           |
|    total_timesteps      | 473088       |
| train/                  |              |
|    approx_kl            | 0.0059883296 |
|    clip_fraction        | 0.0898       |
|    clip_range           | 0.2          |
|    entropy_loss         | -2.68        |
|    explained_variance   | 0.896        |
|    learning_rate        | 0.0003       |
|    loss                 | 19.2         |
|    n_updates            | 1150         |
|    policy_gradient_loss | 0.00196      |
|    std                  | 0.925        |
|    value_loss           | 10           |
------------------------------------------
-----------------------------------------
| rollout/                |             |
|    ep_len_mean          | 1.82e+03    |
|    ep_rew_mean          | 33.4        |
| time/                   |             |
|    fps                  | 1368        |
|    iterations           | 32          |
|    time_elapsed         | 47          |
|    total_timesteps      | 475136      |
| train/                  |             |
|    approx_kl            | 0.009616002 |
|    clip_fraction        | 0.0605      |
|    clip_range           | 0.2         |
|    entropy_loss         | -2.68       |
|    explained_variance   | -0.145      |
|    learning_rate        | 0.0003      |
|    loss                 | 3.28        |
|    n_updates            | 1155        |
|    policy_gradient_loss | 0.000743    |
|    std                  | 0.922       |
|    value_loss           | 65.4        |
-----------------------------------------
-----------------------------------------
| rollout/                |             |
|    ep_len_mean          | 1.82e+03    |
|    ep_rew_mean          | 33.4        |
| time/                   |             |
|    fps                  | 1367        |
|    iterations           | 33          |
|    time_elapsed         | 49          |
|    total_timesteps      | 477184      |
| train/                  |             |
|    approx_kl            | 0.018725902 |
|    clip_fraction        | 0.137       |
|    clip_range           | 0.2         |
|    entropy_loss         | -2.68       |
|    explained_variance   | 0.926       |
|    learning_rate        | 0.0003      |
|    loss                 | 4.52        |
|    n_updates            | 1160        |
|    policy_gradient_loss | -0.00518    |
|    std                  | 0.922       |
|    value_loss           | 5.75        |
-----------------------------------------
------------------------------------------
| rollout/                |              |
|    ep_len_mean          | 1.81e+03     |
|    ep_rew_mean          | 33.6         |
| time/                   |              |
|    fps                  | 1371         |
|    iterations           | 34           |
|    time_elapsed         | 50           |
|    total_timesteps      | 479232       |
| train/                  |              |
|    approx_kl            | 0.0059688594 |
|    clip_fraction        | 0.055        |
|    clip_range           | 0.2          |
|    entropy_loss         | -2.68        |
|    explained_variance   | 0.892        |
|    learning_rate        | 0.0003       |
|    loss                 | 0.0444       |
|    n_updates            | 1165         |
|    policy_gradient_loss | -0.00551     |
|    std                  | 0.921        |
|    value_loss           | 3.52         |
------------------------------------------
------------------------------------------
| rollout/                |              |
|    ep_len_mean          | 1.82e+03     |
|    ep_rew_mean          | 33.6         |
| time/                   |              |
|    fps                  | 1370         |
|    iterations           | 35           |
|    time_elapsed         | 52           |
|    total_timesteps      | 481280       |
| train/                  |              |
|    approx_kl            | 0.0033854065 |
|    clip_fraction        | 0.0739       |
|    clip_range           | 0.2          |
|    entropy_loss         | -2.67        |
|    explained_variance   | 0.189        |
|    learning_rate        | 0.0003       |
|    loss                 | 1.72         |
|    n_updates            | 1170         |
|    policy_gradient_loss | 0.00176      |
|    std                  | 0.92         |
|    value_loss           | 61.1         |
------------------------------------------
------------------------------------------
| rollout/                |              |
|    ep_len_mean          | 1.82e+03     |
|    ep_rew_mean          | 33.6         |
| time/                   |              |
|    fps                  | 1370         |
|    iterations           | 36           |
|    time_elapsed         | 53           |
|    total_timesteps      | 483328       |
| train/                  |              |
|    approx_kl            | 0.0008711844 |
|    clip_fraction        | 0.0192       |
|    clip_range           | 0.2          |
|    entropy_loss         | -2.67        |
|    explained_variance   | 0.766        |
|    learning_rate        | 0.0003       |
|    loss                 | 1.44         |
|    n_updates            | 1175         |
|    policy_gradient_loss | -0.000771    |
|    std                  | 0.919        |
|    value_loss           | 10.4         |
------------------------------------------
-----------------------------------------
| rollout/                |             |
|    ep_len_mean          | 1.81e+03    |
|    ep_rew_mean          | 33.6        |
| time/                   |             |
|    fps                  | 1372        |
|    iterations           | 37          |
|    time_elapsed         | 55          |
|    total_timesteps      | 485376      |
| train/                  |             |
|    approx_kl            | 0.016251724 |
|    clip_fraction        | 0.0704      |
|    clip_range           | 0.2         |
|    entropy_loss         | -2.67       |
|    explained_variance   | 0.785       |
|    learning_rate        | 0.0003      |
|    loss                 | 0.412       |
|    n_updates            | 1180        |
|    policy_gradient_loss | 0.000862    |
|    std                  | 0.918       |
|    value_loss           | 5.13        |
-----------------------------------------
-----------------------------------------
| rollout/                |             |
|    ep_len_mean          | 1.79e+03    |
|    ep_rew_mean          | 36.1        |
| time/                   |             |
|    fps                  | 1372        |
|    iterations           | 38          |
|    time_elapsed         | 56          |
|    total_timesteps      | 487424      |
| train/                  |             |
|    approx_kl            | 0.013787771 |
|    clip_fraction        | 0.165       |
|    clip_range           | 0.2         |
|    entropy_loss         | -2.67       |
|    explained_variance   | 0.718       |
|    learning_rate        | 0.0003      |
|    loss                 | 1           |
|    n_updates            | 1185        |
|    policy_gradient_loss | -0.000611   |
|    std                  | 0.919       |
|    value_loss           | 11.2        |
-----------------------------------------
------------------------------------------
| rollout/                |              |
|    ep_len_mean          | 1.79e+03     |
|    ep_rew_mean          | 35.8         |
| time/                   |              |
|    fps                  | 1371         |
|    iterations           | 39           |
|    time_elapsed         | 58           |
|    total_timesteps      | 489472       |
| train/                  |              |
|    approx_kl            | 0.0033636736 |
|    clip_fraction        | 0.0559       |
|    clip_range           | 0.2          |
|    entropy_loss         | -2.67        |
|    explained_variance   | -0.0299      |
|    learning_rate        | 0.0003       |
|    loss                 | 3.32         |
|    n_updates            | 1190         |
|    policy_gradient_loss | -0.00298     |
|    std                  | 0.918        |
|    value_loss           | 102          |
------------------------------------------
-----------------------------------------
| rollout/                |             |
|    ep_len_mean          | 1.79e+03    |
|    ep_rew_mean          | 35.8        |
| time/                   |             |
|    fps                  | 1372        |
|    iterations           | 40          |
|    time_elapsed         | 59          |
|    total_timesteps      | 491520      |
| train/                  |             |
|    approx_kl            | 0.016714167 |
|    clip_fraction        | 0.118       |
|    clip_range           | 0.2         |
|    entropy_loss         | -2.67       |
|    explained_variance   | 0.817       |
|    learning_rate        | 0.0003      |
|    loss                 | 0.807       |
|    n_updates            | 1195        |
|    policy_gradient_loss | 0.00351     |
|    std                  | 0.92        |
|    value_loss           | 10.9        |
-----------------------------------------
------------------------------------------
| rollout/                |              |
|    ep_len_mean          | 1.79e+03     |
|    ep_rew_mean          | 34.7         |
| time/                   |              |
|    fps                  | 1375         |
|    iterations           | 41           |
|    time_elapsed         | 61           |
|    total_timesteps      | 493568       |
| train/                  |              |
|    approx_kl            | 0.0036220087 |
|    clip_fraction        | 0.0358       |
|    clip_range           | 0.2          |
|    entropy_loss         | -2.67        |
|    explained_variance   | 0.862        |
|    learning_rate        | 0.0003       |
|    loss                 | 0.66         |
|    n_updates            | 1200         |
|    policy_gradient_loss | -0.00122     |
|    std                  | 0.921        |
|    value_loss           | 3.23         |
------------------------------------------
----------------------------------------
| rollout/                |            |
|    ep_len_mean          | 1.8e+03    |
|    ep_rew_mean          | 33.8       |
| time/                   |            |
|    fps                  | 1377       |
|    iterations           | 42         |
|    time_elapsed         | 62         |
|    total_timesteps      | 495616     |
| train/                  |            |
|    approx_kl            | 0.00429436 |
|    clip_fraction        | 0.0211     |
|    clip_range           | 0.2        |
|    entropy_loss         | -2.67      |
|    explained_variance   | 0.838      |
|    learning_rate        | 0.0003     |
|    loss                 | 4.38       |
|    n_updates            | 1205       |
|    policy_gradient_loss | -0.00237   |
|    std                  | 0.921      |
|    value_loss           | 6.21       |
----------------------------------------
-----------------------------------------
| rollout/                |             |
|    ep_len_mean          | 1.77e+03    |
|    ep_rew_mean          | 36.5        |
| time/                   |             |
|    fps                  | 1376        |
|    iterations           | 43          |
|    time_elapsed         | 63          |
|    total_timesteps      | 497664      |
| train/                  |             |
|    approx_kl            | 0.011251718 |
|    clip_fraction        | 0.0612      |
|    clip_range           | 0.2         |
|    entropy_loss         | -2.67       |
|    explained_variance   | 0.823       |
|    learning_rate        | 0.0003      |
|    loss                 | 6.24        |
|    n_updates            | 1210        |
|    policy_gradient_loss | -0.00171    |
|    std                  | 0.921       |
|    value_loss           | 14.7        |
-----------------------------------------
------------------------------------------
| rollout/                |              |
|    ep_len_mean          | 1.77e+03     |
|    ep_rew_mean          | 36.5         |
| time/                   |              |
|    fps                  | 1372         |
|    iterations           | 44           |
|    time_elapsed         | 65           |
|    total_timesteps      | 499712       |
| train/                  |              |
|    approx_kl            | 0.0027599721 |
|    clip_fraction        | 0.136        |
|    clip_range           | 0.2          |
|    entropy_loss         | -2.67        |
|    explained_variance   | -0.23        |
|    learning_rate        | 0.0003       |
|    loss                 | 173          |
|    n_updates            | 1215         |
|    policy_gradient_loss | 0.0047       |
|    std                  | 0.921        |
|    value_loss           | 110          |
------------------------------------------
-----------------------------------------
| rollout/                |             |
|    ep_len_mean          | 1.76e+03    |
|    ep_rew_mean          | 38.8        |
| time/                   |             |
|    fps                  | 1375        |
|    iterations           | 45          |
|    time_elapsed         | 66          |
|    total_timesteps      | 501760      |
| train/                  |             |
|    approx_kl            | 0.007758986 |
|    clip_fraction        | 0.0636      |
|    clip_range           | 0.2         |
|    entropy_loss         | -2.67       |
|    explained_variance   | 0.523       |
|    learning_rate        | 0.0003      |
|    loss                 | 0.45        |
|    n_updates            | 1220        |
|    policy_gradient_loss | 0.00118     |
|    std                  | 0.919       |
|    value_loss           | 6.69        |
-----------------------------------------
------------------------------------------
| rollout/                |              |
|    ep_len_mean          | 1.75e+03     |
|    ep_rew_mean          | 40.1         |
| time/                   |              |
|    fps                  | 1373         |
|    iterations           | 46           |
|    time_elapsed         | 68           |
|    total_timesteps      | 503808       |
| train/                  |              |
|    approx_kl            | 0.0029681684 |
|    clip_fraction        | 0.0248       |
|    clip_range           | 0.2          |
|    entropy_loss         | -2.67        |
|    explained_variance   | 0.119        |
|    learning_rate        | 0.0003       |
|    loss                 | 2.74         |
|    n_updates            | 1225         |
|    policy_gradient_loss | -0.00207     |
|    std                  | 0.918        |
|    value_loss           | 109          |
------------------------------------------
------------------------------------------
| rollout/                |              |
|    ep_len_mean          | 1.77e+03     |
|    ep_rew_mean          | 38.9         |
| time/                   |              |
|    fps                  | 1373         |
|    iterations           | 47           |
|    time_elapsed         | 70           |
|    total_timesteps      | 505856       |
| train/                  |              |
|    approx_kl            | 0.0110146245 |
|    clip_fraction        | 0.101        |
|    clip_range           | 0.2          |
|    entropy_loss         | -2.66        |
|    explained_variance   | 0.18         |
|    learning_rate        | 0.0003       |
|    loss                 | 1.34         |
|    n_updates            | 1230         |
|    policy_gradient_loss | 0.00259      |
|    std                  | 0.915        |
|    value_loss           | 58.3         |
------------------------------------------
------------------------------------------
| rollout/                |              |
|    ep_len_mean          | 1.77e+03     |
|    ep_rew_mean          | 38.9         |
| time/                   |              |
|    fps                  | 1374         |
|    iterations           | 48           |
|    time_elapsed         | 71           |
|    total_timesteps      | 507904       |
| train/                  |              |
|    approx_kl            | 0.0057754256 |
|    clip_fraction        | 0.0563       |
|    clip_range           | 0.2          |
|    entropy_loss         | -2.66        |
|    explained_variance   | 0.836        |
|    learning_rate        | 0.0003       |
|    loss                 | 0.663        |
|    n_updates            | 1235         |
|    policy_gradient_loss | -0.00188     |
|    std                  | 0.916        |
|    value_loss           | 13.7         |
------------------------------------------
------------------------------------------
| rollout/                |              |
|    ep_len_mean          | 1.77e+03     |
|    ep_rew_mean          | 39.9         |
| time/                   |              |
|    fps                  | 1375         |
|    iterations           | 49           |
|    time_elapsed         | 72           |
|    total_timesteps      | 509952       |
| train/                  |              |
|    approx_kl            | 0.0060141687 |
|    clip_fraction        | 0.0905       |
|    clip_range           | 0.2          |
|    entropy_loss         | -2.66        |
|    explained_variance   | 0.934        |
|    learning_rate        | 0.0003       |
|    loss                 | 1.17         |
|    n_updates            | 1240         |
|    policy_gradient_loss | 0.000434     |
|    std                  | 0.915        |
|    value_loss           | 3.12         |
------------------------------------------
------------------------------------------
| rollout/                |              |
|    ep_len_mean          | 1.77e+03     |
|    ep_rew_mean          | 38.5         |
| time/                   |              |
|    fps                  | 1378         |
|    iterations           | 50           |
|    time_elapsed         | 74           |
|    total_timesteps      | 512000       |
| train/                  |              |
|    approx_kl            | 0.0046370635 |
|    clip_fraction        | 0.0359       |
|    clip_range           | 0.2          |
|    entropy_loss         | -2.66        |
|    explained_variance   | 0.477        |
|    learning_rate        | 0.0003       |
|    loss                 | 0.0435       |
|    n_updates            | 1245         |
|    policy_gradient_loss | -0.00196     |
|    std                  | 0.916        |
|    value_loss           | 57.4         |
------------------------------------------
-----------------------------------------
| rollout/                |             |
|    ep_len_mean          | 1.77e+03    |
|    ep_rew_mean          | 38.5        |
| time/                   |             |
|    fps                  | 1377        |
|    iterations           | 51          |
|    time_elapsed         | 75          |
|    total_timesteps      | 514048      |
| train/                  |             |
|    approx_kl            | 0.007985041 |
|    clip_fraction        | 0.144       |
|    clip_range           | 0.2         |
|    entropy_loss         | -2.66       |
|    explained_variance   | 0.771       |
|    learning_rate        | 0.0003      |
|    loss                 | 0.28        |
|    n_updates            | 1250        |
|    policy_gradient_loss | -0.00203    |
|    std                  | 0.917       |
|    value_loss           | 11.3        |
-----------------------------------------
-----------------------------------------
| rollout/                |             |
|    ep_len_mean          | 1.78e+03    |
|    ep_rew_mean          | 38.4        |
| time/                   |             |
|    fps                  | 1378        |
|    iterations           | 52          |
|    time_elapsed         | 77          |
|    total_timesteps      | 516096      |
| train/                  |             |
|    approx_kl            | 0.049751952 |
|    clip_fraction        | 0.278       |
|    clip_range           | 0.2         |
|    entropy_loss         | -2.66       |
|    explained_variance   | 0.663       |
|    learning_rate        | 0.0003      |
|    loss                 | 7.92        |
|    n_updates            | 1255        |
|    policy_gradient_loss | 0.00505     |
|    std                  | 0.917       |
|    value_loss           | 7.04        |
-----------------------------------------
-----------------------------------------
| rollout/                |             |
|    ep_len_mean          | 1.79e+03    |
|    ep_rew_mean          | 37.1        |
| time/                   |             |
|    fps                  | 1376        |
|    iterations           | 53          |
|    time_elapsed         | 78          |
|    total_timesteps      | 518144      |
| train/                  |             |
|    approx_kl            | 0.008893599 |
|    clip_fraction        | 0.144       |
|    clip_range           | 0.2         |
|    entropy_loss         | -2.66       |
|    explained_variance   | -0.0409     |
|    learning_rate        | 0.0003      |
|    loss                 | 2.76        |
|    n_updates            | 1260        |
|    policy_gradient_loss | -0.00354    |
|    std                  | 0.916       |
|    value_loss           | 57.5        |
-----------------------------------------
------------------------------------------
| rollout/                |              |
|    ep_len_mean          | 1.79e+03     |
|    ep_rew_mean          | 37.2         |
| time/                   |              |
|    fps                  | 1377         |
|    iterations           | 54           |
|    time_elapsed         | 80           |
|    total_timesteps      | 520192       |
| train/                  |              |
|    approx_kl            | 0.0054644253 |
|    clip_fraction        | 0.0536       |
|    clip_range           | 0.2          |
|    entropy_loss         | -2.66        |
|    explained_variance   | 0.794        |
|    learning_rate        | 0.0003       |
|    loss                 | 0.34         |
|    n_updates            | 1265         |
|    policy_gradient_loss | -0.00167     |
|    std                  | 0.915        |
|    value_loss           | 11.3         |
------------------------------------------
-----------------------------------------
| rollout/                |             |
|    ep_len_mean          | 1.77e+03    |
|    ep_rew_mean          | 38.5        |
| time/                   |             |
|    fps                  | 1377        |
|    iterations           | 55          |
|    time_elapsed         | 81          |
|    total_timesteps      | 522240      |
| train/                  |             |
|    approx_kl            | 0.029676333 |
|    clip_fraction        | 0.173       |
|    clip_range           | 0.2         |
|    entropy_loss         | -2.67       |
|    explained_variance   | 0.492       |
|    learning_rate        | 0.0003      |
|    loss                 | 1.46        |
|    n_updates            | 1270        |
|    policy_gradient_loss | 0.00672     |
|    std                  | 0.92        |
|    value_loss           | 9.8         |
-----------------------------------------
-----------------------------------------
| rollout/                |             |
|    ep_len_mean          | 1.79e+03    |
|    ep_rew_mean          | 37.3        |
| time/                   |             |
|    fps                  | 1378        |
|    iterations           | 56          |
|    time_elapsed         | 83          |
|    total_timesteps      | 524288      |
| train/                  |             |
|    approx_kl            | 0.006351944 |
|    clip_fraction        | 0.0319      |
|    clip_range           | 0.2         |
|    entropy_loss         | -2.67       |
|    explained_variance   | 0.184       |
|    learning_rate        | 0.0003      |
|    loss                 | 0.476       |
|    n_updates            | 1275        |
|    policy_gradient_loss | -0.00342    |
|    std                  | 0.92        |
|    value_loss           | 49.8        |
-----------------------------------------
------------------------------------------
| rollout/                |              |
|    ep_len_mean          | 1.79e+03     |
|    ep_rew_mean          | 37.3         |
| time/                   |              |
|    fps                  | 1377         |
|    iterations           | 57           |
|    time_elapsed         | 84           |
|    total_timesteps      | 526336       |
| train/                  |              |
|    approx_kl            | 0.0051015764 |
|    clip_fraction        | 0.0446       |
|    clip_range           | 0.2          |
|    entropy_loss         | -2.67        |
|    explained_variance   | 0.623        |
|    learning_rate        | 0.0003       |
|    loss                 | 0.479        |
|    n_updates            | 1280         |
|    policy_gradient_loss | -0.00212     |
|    std                  | 0.917        |
|    value_loss           | 16.6         |
------------------------------------------
-----------------------------------------
| rollout/                |             |
|    ep_len_mean          | 1.78e+03    |
|    ep_rew_mean          | 38.3        |
| time/                   |             |
|    fps                  | 1379        |
|    iterations           | 58          |
|    time_elapsed         | 86          |
|    total_timesteps      | 528384      |
| train/                  |             |
|    approx_kl            | 0.007829692 |
|    clip_fraction        | 0.0862      |
|    clip_range           | 0.2         |
|    entropy_loss         | -2.66       |
|    explained_variance   | 0.877       |
|    learning_rate        | 0.0003      |
|    loss                 | 1.59        |
|    n_updates            | 1285        |
|    policy_gradient_loss | -0.000268   |
|    std                  | 0.914       |
|    value_loss           | 7.04        |
-----------------------------------------
----------------------------------------
| rollout/                |            |
|    ep_len_mean          | 1.78e+03   |
|    ep_rew_mean          | 39.4       |
| time/                   |            |
|    fps                  | 1380       |
|    iterations           | 59         |
|    time_elapsed         | 87         |
|    total_timesteps      | 530432     |
| train/                  |            |
|    approx_kl            | 0.05696325 |
|    clip_fraction        | 0.0595     |
|    clip_range           | 0.2        |
|    entropy_loss         | -2.66      |
|    explained_variance   | 0.378      |
|    learning_rate        | 0.0003     |
|    loss                 | 9.65       |
|    n_updates            | 1290       |
|    policy_gradient_loss | 0.00722    |
|    std                  | 0.916      |
|    value_loss           | 56.1       |
----------------------------------------
-----------------------------------------
| rollout/                |             |
|    ep_len_mean          | 1.79e+03    |
|    ep_rew_mean          | 38.2        |
| time/                   |             |
|    fps                  | 1379        |
|    iterations           | 60          |
|    time_elapsed         | 89          |
|    total_timesteps      | 532480      |
| train/                  |             |
|    approx_kl            | 0.008843571 |
|    clip_fraction        | 0.198       |
|    clip_range           | 0.2         |
|    entropy_loss         | -2.66       |
|    explained_variance   | 0.234       |
|    learning_rate        | 0.0003      |
|    loss                 | 0.423       |
|    n_updates            | 1295        |
|    policy_gradient_loss | 0.00133     |
|    std                  | 0.916       |
|    value_loss           | 55.7        |
-----------------------------------------
-----------------------------------------
| rollout/                |             |
|    ep_len_mean          | 1.78e+03    |
|    ep_rew_mean          | 39.4        |
| time/                   |             |
|    fps                  | 1378        |
|    iterations           | 61          |
|    time_elapsed         | 90          |
|    total_timesteps      | 534528      |
| train/                  |             |
|    approx_kl            | 0.005990553 |
|    clip_fraction        | 0.0552      |
|    clip_range           | 0.2         |
|    entropy_loss         | -2.66       |
|    explained_variance   | 0.714       |
|    learning_rate        | 0.0003      |
|    loss                 | 3.51        |
|    n_updates            | 1300        |
|    policy_gradient_loss | -0.0044     |
|    std                  | 0.917       |
|    value_loss           | 16.8        |
-----------------------------------------
-----------------------------------------
| rollout/                |             |
|    ep_len_mean          | 1.77e+03    |
|    ep_rew_mean          | 40.7        |
| time/                   |             |
|    fps                  | 1378        |
|    iterations           | 62          |
|    time_elapsed         | 92          |
|    total_timesteps      | 536576      |
| train/                  |             |
|    approx_kl            | 0.003140673 |
|    clip_fraction        | 0.0136      |
|    clip_range           | 0.2         |
|    entropy_loss         | -2.66       |
|    explained_variance   | 0.221       |
|    learning_rate        | 0.0003      |
|    loss                 | 2.64        |
|    n_updates            | 1305        |
|    policy_gradient_loss | -0.000189   |
|    std                  | 0.915       |
|    value_loss           | 54.7        |
-----------------------------------------
----------------------------------------
| rollout/                |            |
|    ep_len_mean          | 1.76e+03   |
|    ep_rew_mean          | 41.7       |
| time/                   |            |
|    fps                  | 1378       |
|    iterations           | 63         |
|    time_elapsed         | 93         |
|    total_timesteps      | 538624     |
| train/                  |            |
|    approx_kl            | 0.01861354 |
|    clip_fraction        | 0.0651     |
|    clip_range           | 0.2        |
|    entropy_loss         | -2.66      |
|    explained_variance   | 0.0668     |
|    learning_rate        | 0.0003     |
|    loss                 | 0.46       |
|    n_updates            | 1310       |
|    policy_gradient_loss | 0.00135    |
|    std                  | 0.916      |
|    value_loss           | 53.6       |
----------------------------------------
------------------------------------------
| rollout/                |              |
|    ep_len_mean          | 1.76e+03     |
|    ep_rew_mean          | 41.5         |
| time/                   |              |
|    fps                  | 1376         |
|    iterations           | 64           |
|    time_elapsed         | 95           |
|    total_timesteps      | 540672       |
| train/                  |              |
|    approx_kl            | 0.0044376766 |
|    clip_fraction        | 0.0348       |
|    clip_range           | 0.2          |
|    entropy_loss         | -2.66        |
|    explained_variance   | 0.357        |
|    learning_rate        | 0.0003       |
|    loss                 | 4.68         |
|    n_updates            | 1315         |
|    policy_gradient_loss | -0.00285     |
|    std                  | 0.916        |
|    value_loss           | 63.4         |
------------------------------------------
------------------------------------------
| rollout/                |              |
|    ep_len_mean          | 1.75e+03     |
|    ep_rew_mean          | 42.7         |
| time/                   |              |
|    fps                  | 1376         |
|    iterations           | 65           |
|    time_elapsed         | 96           |
|    total_timesteps      | 542720       |
| train/                  |              |
|    approx_kl            | 0.0043852935 |
|    clip_fraction        | 0.0221       |
|    clip_range           | 0.2          |
|    entropy_loss         | -2.66        |
|    explained_variance   | 0.685        |
|    learning_rate        | 0.0003       |
|    loss                 | 31.5         |
|    n_updates            | 1320         |
|    policy_gradient_loss | -0.00257     |
|    std                  | 0.914        |
|    value_loss           | 14.7         |
------------------------------------------
-----------------------------------------
| rollout/                |             |
|    ep_len_mean          | 1.75e+03    |
|    ep_rew_mean          | 42.7        |
| time/                   |             |
|    fps                  | 1374        |
|    iterations           | 66          |
|    time_elapsed         | 98          |
|    total_timesteps      | 544768      |
| train/                  |             |
|    approx_kl            | 0.011063553 |
|    clip_fraction        | 0.104       |
|    clip_range           | 0.2         |
|    entropy_loss         | -2.66       |
|    explained_variance   | 0.166       |
|    learning_rate        | 0.0003      |
|    loss                 | 2.82        |
|    n_updates            | 1325        |
|    policy_gradient_loss | -0.00247    |
|    std                  | 0.912       |
|    value_loss           | 113         |
-----------------------------------------
------------------------------------------
| rollout/                |              |
|    ep_len_mean          | 1.75e+03     |
|    ep_rew_mean          | 42.8         |
| time/                   |              |
|    fps                  | 1376         |
|    iterations           | 67           |
|    time_elapsed         | 99           |
|    total_timesteps      | 546816       |
| train/                  |              |
|    approx_kl            | 0.0046066814 |
|    clip_fraction        | 0.0623       |
|    clip_range           | 0.2          |
|    entropy_loss         | -2.65        |
|    explained_variance   | 0.775        |
|    learning_rate        | 0.0003       |
|    loss                 | 1.54         |
|    n_updates            | 1330         |
|    policy_gradient_loss | -0.00498     |
|    std                  | 0.909        |
|    value_loss           | 3.26         |
------------------------------------------
-----------------------------------------
| rollout/                |             |
|    ep_len_mean          | 1.75e+03    |
|    ep_rew_mean          | 42.6        |
| time/                   |             |
|    fps                  | 1376        |
|    iterations           | 68          |
|    time_elapsed         | 101         |
|    total_timesteps      | 548864      |
| train/                  |             |
|    approx_kl            | 0.008571461 |
|    clip_fraction        | 0.0696      |
|    clip_range           | 0.2         |
|    entropy_loss         | -2.65       |
|    explained_variance   | 0.23        |
|    learning_rate        | 0.0003      |
|    loss                 | 192         |
|    n_updates            | 1335        |
|    policy_gradient_loss | -0.0034     |
|    std                  | 0.909       |
|    value_loss           | 52.6        |
-----------------------------------------
---------------------------------------
| rollout/                |           |
|    ep_len_mean          | 1.76e+03  |
|    ep_rew_mean          | 41.4      |
| time/                   |           |
|    fps                  | 1377      |
|    iterations           | 69        |
|    time_elapsed         | 102       |
|    total_timesteps      | 550912    |
| train/                  |           |
|    approx_kl            | 0.0103011 |
|    clip_fraction        | 0.103     |
|    clip_range           | 0.2       |
|    entropy_loss         | -2.65     |
|    explained_variance   | 0.761     |
|    learning_rate        | 0.0003    |
|    loss                 | 1.7       |
|    n_updates            | 1340      |
|    policy_gradient_loss | -0.00252  |
|    std                  | 0.909     |
|    value_loss           | 10        |
---------------------------------------
-----------------------------------------
| rollout/                |             |
|    ep_len_mean          | 1.76e+03    |
|    ep_rew_mean          | 41.4        |
| time/                   |             |
|    fps                  | 1376        |
|    iterations           | 70          |
|    time_elapsed         | 104         |
|    total_timesteps      | 552960      |
| train/                  |             |
|    approx_kl            | 0.003403694 |
|    clip_fraction        | 0.00703     |
|    clip_range           | 0.2         |
|    entropy_loss         | -2.65       |
|    explained_variance   | 0.692       |
|    learning_rate        | 0.0003      |
|    loss                 | 3.37        |
|    n_updates            | 1345        |
|    policy_gradient_loss | 5.3e-05     |
|    std                  | 0.91        |
|    value_loss           | 14.6        |
-----------------------------------------
-----------------------------------------
| rollout/                |             |
|    ep_len_mean          | 1.76e+03    |
|    ep_rew_mean          | 41.5        |
| time/                   |             |
|    fps                  | 1377        |
|    iterations           | 71          |
|    time_elapsed         | 105         |
|    total_timesteps      | 555008      |
| train/                  |             |
|    approx_kl            | 0.003618517 |
|    clip_fraction        | 0.013       |
|    clip_range           | 0.2         |
|    entropy_loss         | -2.65       |
|    explained_variance   | 0.843       |
|    learning_rate        | 0.0003      |
|    loss                 | 3.98        |
|    n_updates            | 1350        |
|    policy_gradient_loss | -0.00111    |
|    std                  | 0.91        |
|    value_loss           | 8.86        |
-----------------------------------------
-----------------------------------------
| rollout/                |             |
|    ep_len_mean          | 1.76e+03    |
|    ep_rew_mean          | 41.5        |
| time/                   |             |
|    fps                  | 1377        |
|    iterations           | 72          |
|    time_elapsed         | 107         |
|    total_timesteps      | 557056      |
| train/                  |             |
|    approx_kl            | 0.006981702 |
|    clip_fraction        | 0.036       |
|    clip_range           | 0.2         |
|    entropy_loss         | -2.65       |
|    explained_variance   | 0.622       |
|    learning_rate        | 0.0003      |
|    loss                 | 0.814       |
|    n_updates            | 1355        |
|    policy_gradient_loss | -0.00375    |
|    std                  | 0.909       |
|    value_loss           | 8.74        |
-----------------------------------------
------------------------------------------
| rollout/                |              |
|    ep_len_mean          | 1.78e+03     |
|    ep_rew_mean          | 40.2         |
| time/                   |              |
|    fps                  | 1378         |
|    iterations           | 73           |
|    time_elapsed         | 108          |
|    total_timesteps      | 559104       |
| train/                  |              |
|    approx_kl            | 0.0024838482 |
|    clip_fraction        | 0.00586      |
|    clip_range           | 0.2          |
|    entropy_loss         | -2.65        |
|    explained_variance   | 0.943        |
|    learning_rate        | 0.0003       |
|    loss                 | 3.2          |
|    n_updates            | 1360         |
|    policy_gradient_loss | -0.00132     |
|    std                  | 0.91         |
|    value_loss           | 3.93         |
------------------------------------------
------------------------------------------
| rollout/                |              |
|    ep_len_mean          | 1.78e+03     |
|    ep_rew_mean          | 40.2         |
| time/                   |              |
|    fps                  | 1374         |
|    iterations           | 74           |
|    time_elapsed         | 110          |
|    total_timesteps      | 561152       |
| train/                  |              |
|    approx_kl            | 0.0062307483 |
|    clip_fraction        | 0.022        |
|    clip_range           | 0.2          |
|    entropy_loss         | -2.65        |
|    explained_variance   | 0.832        |
|    learning_rate        | 0.0003       |
|    loss                 | 3.17         |
|    n_updates            | 1365         |
|    policy_gradient_loss | -0.00159     |
|    std                  | 0.91         |
|    value_loss           | 18           |
------------------------------------------
------------------------------------------
| rollout/                |              |
|    ep_len_mean          | 1.76e+03     |
|    ep_rew_mean          | 42.1         |
| time/                   |              |
|    fps                  | 1376         |
|    iterations           | 75           |
|    time_elapsed         | 111          |
|    total_timesteps      | 563200       |
| train/                  |              |
|    approx_kl            | 0.0021591461 |
|    clip_fraction        | 0.0265       |
|    clip_range           | 0.2          |
|    entropy_loss         | -2.65        |
|    explained_variance   | 0.816        |
|    learning_rate        | 0.0003       |
|    loss                 | 1.28         |
|    n_updates            | 1370         |
|    policy_gradient_loss | -0.00321     |
|    std                  | 0.91         |
|    value_loss           | 4.35         |
------------------------------------------
------------------------------------------
| rollout/                |              |
|    ep_len_mean          | 1.76e+03     |
|    ep_rew_mean          | 42.1         |
| time/                   |              |
|    fps                  | 1373         |
|    iterations           | 76           |
|    time_elapsed         | 113          |
|    total_timesteps      | 565248       |
| train/                  |              |
|    approx_kl            | 0.0071236053 |
|    clip_fraction        | 0.0383       |
|    clip_range           | 0.2          |
|    entropy_loss         | -2.65        |
|    explained_variance   | 0.135        |
|    learning_rate        | 0.0003       |
|    loss                 | 4.96         |
|    n_updates            | 1375         |
|    policy_gradient_loss | -0.0035      |
|    std                  | 0.909        |
|    value_loss           | 101          |
------------------------------------------
------------------------------------------
| rollout/                |              |
|    ep_len_mean          | 1.76e+03     |
|    ep_rew_mean          | 42.2         |
| time/                   |              |
|    fps                  | 1374         |
|    iterations           | 77           |
|    time_elapsed         | 114          |
|    total_timesteps      | 567296       |
| train/                  |              |
|    approx_kl            | 0.0038332613 |
|    clip_fraction        | 0.0542       |
|    clip_range           | 0.2          |
|    entropy_loss         | -2.65        |
|    explained_variance   | 0.816        |
|    learning_rate        | 0.0003       |
|    loss                 | 3.19         |
|    n_updates            | 1380         |
|    policy_gradient_loss | -0.00296     |
|    std                  | 0.91         |
|    value_loss           | 6.61         |
------------------------------------------
------------------------------------------
| rollout/                |              |
|    ep_len_mean          | 1.76e+03     |
|    ep_rew_mean          | 42.4         |
| time/                   |              |
|    fps                  | 1372         |
|    iterations           | 78           |
|    time_elapsed         | 116          |
|    total_timesteps      | 569344       |
| train/                  |              |
|    approx_kl            | 0.0045959307 |
|    clip_fraction        | 0.0209       |
|    clip_range           | 0.2          |
|    entropy_loss         | -2.65        |
|    explained_variance   | 0.463        |
|    learning_rate        | 0.0003       |
|    loss                 | 216          |
|    n_updates            | 1385         |
|    policy_gradient_loss | -0.0021      |
|    std                  | 0.909        |
|    value_loss           | 59.5         |
------------------------------------------
------------------------------------------
| rollout/                |              |
|    ep_len_mean          | 1.77e+03     |
|    ep_rew_mean          | 41.2         |
| time/                   |              |
|    fps                  | 1372         |
|    iterations           | 79           |
|    time_elapsed         | 117          |
|    total_timesteps      | 571392       |
| train/                  |              |
|    approx_kl            | 0.0030870796 |
|    clip_fraction        | 0.0208       |
|    clip_range           | 0.2          |
|    entropy_loss         | -2.65        |
|    explained_variance   | 0.732        |
|    learning_rate        | 0.0003       |
|    loss                 | 1.96         |
|    n_updates            | 1390         |
|    policy_gradient_loss | -0.000591    |
|    std                  | 0.908        |
|    value_loss           | 15.8         |
------------------------------------------
------------------------------------------
| rollout/                |              |
|    ep_len_mean          | 1.77e+03     |
|    ep_rew_mean          | 41.2         |
| time/                   |              |
|    fps                  | 1372         |
|    iterations           | 80           |
|    time_elapsed         | 119          |
|    total_timesteps      | 573440       |
| train/                  |              |
|    approx_kl            | 0.0050619533 |
|    clip_fraction        | 0.0569       |
|    clip_range           | 0.2          |
|    entropy_loss         | -2.64        |
|    explained_variance   | 0.863        |
|    learning_rate        | 0.0003       |
|    loss                 | 0.898        |
|    n_updates            | 1395         |
|    policy_gradient_loss | -0.00483     |
|    std                  | 0.907        |
|    value_loss           | 13.2         |
------------------------------------------
------------------------------------------
| rollout/                |              |
|    ep_len_mean          | 1.77e+03     |
|    ep_rew_mean          | 41.2         |
| time/                   |              |
|    fps                  | 1373         |
|    iterations           | 81           |
|    time_elapsed         | 120          |
|    total_timesteps      | 575488       |
| train/                  |              |
|    approx_kl            | 0.0060500046 |
|    clip_fraction        | 0.0332       |
|    clip_range           | 0.2          |
|    entropy_loss         | -2.64        |
|    explained_variance   | 0.933        |
|    learning_rate        | 0.0003       |
|    loss                 | 2.81         |
|    n_updates            | 1400         |
|    policy_gradient_loss | -0.00119     |
|    std                  | 0.907        |
|    value_loss           | 8.15         |
------------------------------------------
------------------------------------------
| rollout/                |              |
|    ep_len_mean          | 1.77e+03     |
|    ep_rew_mean          | 41.1         |
| time/                   |              |
|    fps                  | 1371         |
|    iterations           | 82           |
|    time_elapsed         | 122          |
|    total_timesteps      | 577536       |
| train/                  |              |
|    approx_kl            | 0.0074685104 |
|    clip_fraction        | 0.0299       |
|    clip_range           | 0.2          |
|    entropy_loss         | -2.64        |
|    explained_variance   | 0.804        |
|    learning_rate        | 0.0003       |
|    loss                 | 0.877        |
|    n_updates            | 1405         |
|    policy_gradient_loss | -0.000697    |
|    std                  | 0.907        |
|    value_loss           | 13.9         |
------------------------------------------
-----------------------------------------
| rollout/                |             |
|    ep_len_mean          | 1.78e+03    |
|    ep_rew_mean          | 40.3        |
| time/                   |             |
|    fps                  | 1372        |
|    iterations           | 83          |
|    time_elapsed         | 123         |
|    total_timesteps      | 579584      |
| train/                  |             |
|    approx_kl            | 0.009578594 |
|    clip_fraction        | 0.216       |
|    clip_range           | 0.2         |
|    entropy_loss         | -2.64       |
|    explained_variance   | 0.898       |
|    learning_rate        | 0.0003      |
|    loss                 | 0.928       |
|    n_updates            | 1410        |
|    policy_gradient_loss | 0.00548     |
|    std                  | 0.908       |
|    value_loss           | 6.58        |
-----------------------------------------
-----------------------------------------
| rollout/                |             |
|    ep_len_mean          | 1.78e+03    |
|    ep_rew_mean          | 40.3        |
| time/                   |             |
|    fps                  | 1372        |
|    iterations           | 84          |
|    time_elapsed         | 125         |
|    total_timesteps      | 581632      |
| train/                  |             |
|    approx_kl            | 0.009731159 |
|    clip_fraction        | 0.109       |
|    clip_range           | 0.2         |
|    entropy_loss         | -2.64       |
|    explained_variance   | 0.812       |
|    learning_rate        | 0.0003      |
|    loss                 | 2.25        |
|    n_updates            | 1415        |
|    policy_gradient_loss | -0.00179    |
|    std                  | 0.903       |
|    value_loss           | 14.7        |
-----------------------------------------
-----------------------------------------
| rollout/                |             |
|    ep_len_mean          | 1.78e+03    |
|    ep_rew_mean          | 40.3        |
| time/                   |             |
|    fps                  | 1374        |
|    iterations           | 85          |
|    time_elapsed         | 126         |
|    total_timesteps      | 583680      |
| train/                  |             |
|    approx_kl            | 0.012434315 |
|    clip_fraction        | 0.108       |
|    clip_range           | 0.2         |
|    entropy_loss         | -2.63       |
|    explained_variance   | 0.901       |
|    learning_rate        | 0.0003      |
|    loss                 | 0.987       |
|    n_updates            | 1420        |
|    policy_gradient_loss | 0.000769    |
|    std                  | 0.901       |
|    value_loss           | 5.95        |
-----------------------------------------
------------------------------------------
| rollout/                |              |
|    ep_len_mean          | 1.78e+03     |
|    ep_rew_mean          | 39.8         |
| time/                   |              |
|    fps                  | 1376         |
|    iterations           | 86           |
|    time_elapsed         | 127          |
|    total_timesteps      | 585728       |
| train/                  |              |
|    approx_kl            | 0.0060054967 |
|    clip_fraction        | 0.028        |
|    clip_range           | 0.2          |
|    entropy_loss         | -2.63        |
|    explained_variance   | 0.956        |
|    learning_rate        | 0.0003       |
|    loss                 | 0.485        |
|    n_updates            | 1425         |
|    policy_gradient_loss | -0.00132     |
|    std                  | 0.9          |
|    value_loss           | 2.48         |
------------------------------------------
------------------------------------------
| rollout/                |              |
|    ep_len_mean          | 1.78e+03     |
|    ep_rew_mean          | 39.5         |
| time/                   |              |
|    fps                  | 1377         |
|    iterations           | 87           |
|    time_elapsed         | 129          |
|    total_timesteps      | 587776       |
| train/                  |              |
|    approx_kl            | 0.0028255146 |
|    clip_fraction        | 0.045        |
|    clip_range           | 0.2          |
|    entropy_loss         | -2.62        |
|    explained_variance   | 0.649        |
|    learning_rate        | 0.0003       |
|    loss                 | 1.43         |
|    n_updates            | 1430         |
|    policy_gradient_loss | -0.00154     |
|    std                  | 0.898        |
|    value_loss           | 16.1         |
------------------------------------------
-----------------------------------------
| rollout/                |             |
|    ep_len_mean          | 1.77e+03    |
|    ep_rew_mean          | 40.7        |
| time/                   |             |
|    fps                  | 1377        |
|    iterations           | 88          |
|    time_elapsed         | 130         |
|    total_timesteps      | 589824      |
| train/                  |             |
|    approx_kl            | 0.009636306 |
|    clip_fraction        | 0.141       |
|    clip_range           | 0.2         |
|    entropy_loss         | -2.62       |
|    explained_variance   | 0.882       |
|    learning_rate        | 0.0003      |
|    loss                 | 3.22        |
|    n_updates            | 1435        |
|    policy_gradient_loss | 0.00464     |
|    std                  | 0.897       |
|    value_loss           | 11.2        |
-----------------------------------------
-----------------------------------------
| rollout/                |             |
|    ep_len_mean          | 1.77e+03    |
|    ep_rew_mean          | 40.7        |
| time/                   |             |
|    fps                  | 1377        |
|    iterations           | 89          |
|    time_elapsed         | 132         |
|    total_timesteps      | 591872      |
| train/                  |             |
|    approx_kl            | 0.006771419 |
|    clip_fraction        | 0.0312      |
|    clip_range           | 0.2         |
|    entropy_loss         | -2.62       |
|    explained_variance   | 0.117       |
|    learning_rate        | 0.0003      |
|    loss                 | 5.57        |
|    n_updates            | 1440        |
|    policy_gradient_loss | -0.00174    |
|    std                  | 0.897       |
|    value_loss           | 132         |
-----------------------------------------
-----------------------------------------
| rollout/                |             |
|    ep_len_mean          | 1.78e+03    |
|    ep_rew_mean          | 39.4        |
| time/                   |             |
|    fps                  | 1378        |
|    iterations           | 90          |
|    time_elapsed         | 133         |
|    total_timesteps      | 593920      |
| train/                  |             |
|    approx_kl            | 0.006403786 |
|    clip_fraction        | 0.206       |
|    clip_range           | 0.2         |
|    entropy_loss         | -2.62       |
|    explained_variance   | 0.173       |
|    learning_rate        | 0.0003      |
|    loss                 | 0.0515      |
|    n_updates            | 1445        |
|    policy_gradient_loss | 0.011       |
|    std                  | 0.895       |
|    value_loss           | 58.4        |
-----------------------------------------
------------------------------------------
| rollout/                |              |
|    ep_len_mean          | 1.78e+03     |
|    ep_rew_mean          | 39.6         |
| time/                   |              |
|    fps                  | 1379         |
|    iterations           | 91           |
|    time_elapsed         | 135          |
|    total_timesteps      | 595968       |
| train/                  |              |
|    approx_kl            | 0.0072614006 |
|    clip_fraction        | 0.0778       |
|    clip_range           | 0.2          |
|    entropy_loss         | -2.61        |
|    explained_variance   | 0.298        |
|    learning_rate        | 0.0003       |
|    loss                 | 0.451        |
|    n_updates            | 1450         |
|    policy_gradient_loss | -0.000987    |
|    std                  | 0.894        |
|    value_loss           | 66           |
------------------------------------------
----------------------------------------
| rollout/                |            |
|    ep_len_mean          | 1.78e+03   |
|    ep_rew_mean          | 39.6       |
| time/                   |            |
|    fps                  | 1380       |
|    iterations           | 92         |
|    time_elapsed         | 136        |
|    total_timesteps      | 598016     |
| train/                  |            |
|    approx_kl            | 0.00519464 |
|    clip_fraction        | 0.044      |
|    clip_range           | 0.2        |
|    entropy_loss         | -2.62      |
|    explained_variance   | 0.933      |
|    learning_rate        | 0.0003     |
|    loss                 | 0.832      |
|    n_updates            | 1455       |
|    policy_gradient_loss | -0.00251   |
|    std                  | 0.895      |
|    value_loss           | 5.38       |
----------------------------------------
-----------------------------------------
| rollout/                |             |
|    ep_len_mean          | 1.78e+03    |
|    ep_rew_mean          | 39.6        |
| time/                   |             |
|    fps                  | 1380        |
|    iterations           | 93          |
|    time_elapsed         | 137         |
|    total_timesteps      | 600064      |
| train/                  |             |
|    approx_kl            | 0.006481332 |
|    clip_fraction        | 0.0645      |
|    clip_range           | 0.2         |
|    entropy_loss         | -2.62       |
|    explained_variance   | 0.452       |
|    learning_rate        | 0.0003      |
|    loss                 | 0.449       |
|    n_updates            | 1460        |
|    policy_gradient_loss | -0.00368    |
|    std                  | 0.895       |
|    value_loss           | 58.1        |
-----------------------------------------
------------------------------------------
| rollout/                |              |
|    ep_len_mean          | 1.78e+03     |
|    ep_rew_mean          | 39.7         |
| time/                   |              |
|    fps                  | 1381         |
|    iterations           | 94           |
|    time_elapsed         | 139          |
|    total_timesteps      | 602112       |
| train/                  |              |
|    approx_kl            | 0.0025644104 |
|    clip_fraction        | 0.00547      |
|    clip_range           | 0.2          |
|    entropy_loss         | -2.61        |
|    explained_variance   | 0.93         |
|    learning_rate        | 0.0003       |
|    loss                 | 1.41         |
|    n_updates            | 1465         |
|    policy_gradient_loss | -0.000833    |
|    std                  | 0.894        |
|    value_loss           | 6.88         |
------------------------------------------
-----------------------------------------
| rollout/                |             |
|    ep_len_mean          | 1.78e+03    |
|    ep_rew_mean          | 39.6        |
| time/                   |             |
|    fps                  | 1381        |
|    iterations           | 95          |
|    time_elapsed         | 140         |
|    total_timesteps      | 604160      |
| train/                  |             |
|    approx_kl            | 0.008119587 |
|    clip_fraction        | 0.0475      |
|    clip_range           | 0.2         |
|    entropy_loss         | -2.61       |
|    explained_variance   | 0.78        |
|    learning_rate        | 0.0003      |
|    loss                 | 0.153       |
|    n_updates            | 1470        |
|    policy_gradient_loss | -0.00274    |
|    std                  | 0.894       |
|    value_loss           | 8.31        |
-----------------------------------------
-----------------------------------------
| rollout/                |             |
|    ep_len_mean          | 1.77e+03    |
|    ep_rew_mean          | 40.5        |
| time/                   |             |
|    fps                  | 1380        |
|    iterations           | 96          |
|    time_elapsed         | 142         |
|    total_timesteps      | 606208      |
| train/                  |             |
|    approx_kl            | 0.007008765 |
|    clip_fraction        | 0.0634      |
|    clip_range           | 0.2         |
|    entropy_loss         | -2.61       |
|    explained_variance   | 0.741       |
|    learning_rate        | 0.0003      |
|    loss                 | 4.96        |
|    n_updates            | 1475        |
|    policy_gradient_loss | -0.00341    |
|    std                  | 0.894       |
|    value_loss           | 11.2        |
-----------------------------------------
----------------------------------------
| rollout/                |            |
|    ep_len_mean          | 1.75e+03   |
|    ep_rew_mean          | 41.8       |
| time/                   |            |
|    fps                  | 1380       |
|    iterations           | 97         |
|    time_elapsed         | 143        |
|    total_timesteps      | 608256     |
| train/                  |            |
|    approx_kl            | 0.01048774 |
|    clip_fraction        | 0.112      |
|    clip_range           | 0.2        |
|    entropy_loss         | -2.61      |
|    explained_variance   | 0.465      |
|    learning_rate        | 0.0003     |
|    loss                 | 25         |
|    n_updates            | 1480       |
|    policy_gradient_loss | 0.00161    |
|    std                  | 0.894      |
|    value_loss           | 72.6       |
----------------------------------------
------------------------------------------
| rollout/                |              |
|    ep_len_mean          | 1.74e+03     |
|    ep_rew_mean          | 42.8         |
| time/                   |              |
|    fps                  | 1381         |
|    iterations           | 98           |
|    time_elapsed         | 145          |
|    total_timesteps      | 610304       |
| train/                  |              |
|    approx_kl            | 0.0075233895 |
|    clip_fraction        | 0.0943       |
|    clip_range           | 0.2          |
|    entropy_loss         | -2.61        |
|    explained_variance   | 0.314        |
|    learning_rate        | 0.0003       |
|    loss                 | 2.66         |
|    n_updates            | 1485         |
|    policy_gradient_loss | -0.00355     |
|    std                  | 0.895        |
|    value_loss           | 59.5         |
------------------------------------------
------------------------------------------
| rollout/                |              |
|    ep_len_mean          | 1.72e+03     |
|    ep_rew_mean          | 45.4         |
| time/                   |              |
|    fps                  | 1378         |
|    iterations           | 99           |
|    time_elapsed         | 147          |
|    total_timesteps      | 612352       |
| train/                  |              |
|    approx_kl            | 0.0028938921 |
|    clip_fraction        | 0.0936       |
|    clip_range           | 0.2          |
|    entropy_loss         | -2.61        |
|    explained_variance   | 0.179        |
|    learning_rate        | 0.0003       |
|    loss                 | 0.739        |
|    n_updates            | 1490         |
|    policy_gradient_loss | -0.00104     |
|    std                  | 0.893        |
|    value_loss           | 65.5         |
------------------------------------------
-----------------------------------------
| rollout/                |             |
|    ep_len_mean          | 1.72e+03    |
|    ep_rew_mean          | 45.3        |
| time/                   |             |
|    fps                  | 1377        |
|    iterations           | 100         |
|    time_elapsed         | 148         |
|    total_timesteps      | 614400      |
| train/                  |             |
|    approx_kl            | 0.009813469 |
|    clip_fraction        | 0.128       |
|    clip_range           | 0.2         |
|    entropy_loss         | -2.61       |
|    explained_variance   | 0.173       |
|    learning_rate        | 0.0003      |
|    loss                 | 9.23        |
|    n_updates            | 1495        |
|    policy_gradient_loss | -0.00163    |
|    std                  | 0.894       |
|    value_loss           | 106         |
-----------------------------------------

CP3 held-out: 21/50 hits (42.0%), mean miss 7.1 m, mean reward 47.79
STOP CONDITION: no joint improvement -- review gate before continuing.
CP4: evasive lineage | max_time=45s t_go_max=10s | tracking=True | obs=12-D | miss_tanh_scale=3000m shaping_gamma=1 effort_weight=5 precision_weight=0 -> out=outputs/evasive_zemtgo10_seed8
---------------------------------
| rollout/           |          |
|    ep_len_mean     | 1.72e+03 |
|    ep_rew_mean     | 45.3     |
| time/              |          |
|    fps             | 4419     |
|    iterations      | 1        |
|    time_elapsed    | 0        |
|    total_timesteps | 616448   |
---------------------------------
------------------------------------------
| rollout/                |              |
|    ep_len_mean          | 1.69e+03     |
|    ep_rew_mean          | 49.1         |
| time/                   |              |
|    fps                  | 1741         |
|    iterations           | 2            |
|    time_elapsed         | 2            |
|    total_timesteps      | 618496       |
| train/                  |              |
|    approx_kl            | 0.0049816268 |
|    clip_fraction        | 0.0347       |
|    clip_range           | 0.2          |
|    entropy_loss         | -2.61        |
|    explained_variance   | 0.771        |
|    learning_rate        | 0.0003       |
|    loss                 | 3.44         |
|    n_updates            | 1505         |
|    policy_gradient_loss | -0.00323     |
|    std                  | 0.892        |
|    value_loss           | 4.94         |
------------------------------------------
-----------------------------------------
| rollout/                |             |
|    ep_len_mean          | 1.69e+03    |
|    ep_rew_mean          | 49.1        |
| time/                   |             |
|    fps                  | 1535        |
|    iterations           | 3           |
|    time_elapsed         | 4           |
|    total_timesteps      | 620544      |
| train/                  |             |
|    approx_kl            | 0.010219342 |
|    clip_fraction        | 0.0882      |
|    clip_range           | 0.2         |
|    entropy_loss         | -2.61       |
|    explained_variance   | -0.0791     |
|    learning_rate        | 0.0003      |
|    loss                 | 1.62        |
|    n_updates            | 1510        |
|    policy_gradient_loss | 0.00354     |
|    std                  | 0.891       |
|    value_loss           | 159         |
-----------------------------------------
-----------------------------------------
| rollout/                |             |
|    ep_len_mean          | 1.69e+03    |
|    ep_rew_mean          | 49.1        |
| time/                   |             |
|    fps                  | 1538        |
|    iterations           | 4           |
|    time_elapsed         | 5           |
|    total_timesteps      | 622592      |
| train/                  |             |
|    approx_kl            | 0.019504074 |
|    clip_fraction        | 0.136       |
|    clip_range           | 0.2         |
|    entropy_loss         | -2.6        |
|    explained_variance   | 0.808       |
|    learning_rate        | 0.0003      |
|    loss                 | 3           |
|    n_updates            | 1515        |
|    policy_gradient_loss | 0.00557     |
|    std                  | 0.89        |
|    value_loss           | 9.4         |
-----------------------------------------
-----------------------------------------
| rollout/                |             |
|    ep_len_mean          | 1.7e+03     |
|    ep_rew_mean          | 47.7        |
| time/                   |             |
|    fps                  | 1507        |
|    iterations           | 5           |
|    time_elapsed         | 6           |
|    total_timesteps      | 624640      |
| train/                  |             |
|    approx_kl            | 0.002611145 |
|    clip_fraction        | 0.0271      |
|    clip_range           | 0.2         |
|    entropy_loss         | -2.6        |
|    explained_variance   | 0.932       |
|    learning_rate        | 0.0003      |
|    loss                 | 1.08        |
|    n_updates            | 1520        |
|    policy_gradient_loss | -0.000726   |
|    std                  | 0.891       |
|    value_loss           | 3.1         |
-----------------------------------------
------------------------------------------
| rollout/                |              |
|    ep_len_mean          | 1.72e+03     |
|    ep_rew_mean          | 46.1         |
| time/                   |              |
|    fps                  | 1499         |
|    iterations           | 6            |
|    time_elapsed         | 8            |
|    total_timesteps      | 626688       |
| train/                  |              |
|    approx_kl            | 0.0071982644 |
|    clip_fraction        | 0.0515       |
|    clip_range           | 0.2          |
|    entropy_loss         | -2.61        |
|    explained_variance   | 0.85         |
|    learning_rate        | 0.0003       |
|    loss                 | 1.45         |
|    n_updates            | 1525         |
|    policy_gradient_loss | -0.00205     |
|    std                  | 0.89         |
|    value_loss           | 15.6         |
------------------------------------------
------------------------------------------
| rollout/                |              |
|    ep_len_mean          | 1.72e+03     |
|    ep_rew_mean          | 46           |
| time/                   |              |
|    fps                  | 1480         |
|    iterations           | 7            |
|    time_elapsed         | 9            |
|    total_timesteps      | 628736       |
| train/                  |              |
|    approx_kl            | 0.0036621175 |
|    clip_fraction        | 0.0501       |
|    clip_range           | 0.2          |
|    entropy_loss         | -2.6         |
|    explained_variance   | 0.85         |
|    learning_rate        | 0.0003       |
|    loss                 | 39.3         |
|    n_updates            | 1530         |
|    policy_gradient_loss | -0.00131     |
|    std                  | 0.889        |
|    value_loss           | 15.9         |
------------------------------------------
-----------------------------------------
| rollout/                |             |
|    ep_len_mean          | 1.72e+03    |
|    ep_rew_mean          | 46          |
| time/                   |             |
|    fps                  | 1480        |
|    iterations           | 8           |
|    time_elapsed         | 11          |
|    total_timesteps      | 630784      |
| train/                  |             |
|    approx_kl            | 0.005754412 |
|    clip_fraction        | 0.165       |
|    clip_range           | 0.2         |
|    entropy_loss         | -2.6        |
|    explained_variance   | 0.807       |
|    learning_rate        | 0.0003      |
|    loss                 | 23.6        |
|    n_updates            | 1535        |
|    policy_gradient_loss | 0.00466     |
|    std                  | 0.89        |
|    value_loss           | 13.2        |
-----------------------------------------
------------------------------------------
| rollout/                |              |
|    ep_len_mean          | 1.72e+03     |
|    ep_rew_mean          | 46           |
| time/                   |              |
|    fps                  | 1482         |
|    iterations           | 9            |
|    time_elapsed         | 12           |
|    total_timesteps      | 632832       |
| train/                  |              |
|    approx_kl            | 0.0053083184 |
|    clip_fraction        | 0.0536       |
|    clip_range           | 0.2          |
|    entropy_loss         | -2.61        |
|    explained_variance   | 0.803        |
|    learning_rate        | 0.0003       |
|    loss                 | 3.23         |
|    n_updates            | 1540         |
|    policy_gradient_loss | -0.00122     |
|    std                  | 0.891        |
|    value_loss           | 7.27         |
------------------------------------------
-----------------------------------------
| rollout/                |             |
|    ep_len_mean          | 1.72e+03    |
|    ep_rew_mean          | 46          |
| time/                   |             |
|    fps                  | 1482        |
|    iterations           | 10          |
|    time_elapsed         | 13          |
|    total_timesteps      | 634880      |
| train/                  |             |
|    approx_kl            | 0.005027759 |
|    clip_fraction        | 0.0618      |
|    clip_range           | 0.2         |
|    entropy_loss         | -2.61       |
|    explained_variance   | 0.871       |
|    learning_rate        | 0.0003      |
|    loss                 | 11.4        |
|    n_updates            | 1545        |
|    policy_gradient_loss | -0.0016     |
|    std                  | 0.891       |
|    value_loss           | 6.92        |
-----------------------------------------
-----------------------------------------
| rollout/                |             |
|    ep_len_mean          | 1.72e+03    |
|    ep_rew_mean          | 45.2        |
| time/                   |             |
|    fps                  | 1488        |
|    iterations           | 11          |
|    time_elapsed         | 15          |
|    total_timesteps      | 636928      |
| train/                  |             |
|    approx_kl            | 0.018810786 |
|    clip_fraction        | 0.0512      |
|    clip_range           | 0.2         |
|    entropy_loss         | -2.61       |
|    explained_variance   | 0.961       |
|    learning_rate        | 0.0003      |
|    loss                 | 0.322       |
|    n_updates            | 1550        |
|    policy_gradient_loss | 0.000739    |
|    std                  | 0.891       |
|    value_loss           | 4.37        |
-----------------------------------------
------------------------------------------
| rollout/                |              |
|    ep_len_mean          | 1.72e+03     |
|    ep_rew_mean          | 45.2         |
| time/                   |              |
|    fps                  | 1457         |
|    iterations           | 12           |
|    time_elapsed         | 16           |
|    total_timesteps      | 638976       |
| train/                  |              |
|    approx_kl            | 0.0072461343 |
|    clip_fraction        | 0.0794       |
|    clip_range           | 0.2          |
|    entropy_loss         | -2.6         |
|    explained_variance   | 0.111        |
|    learning_rate        | 0.0003       |
|    loss                 | 3.13         |
|    n_updates            | 1555         |
|    policy_gradient_loss | -0.00157     |
|    std                  | 0.889        |
|    value_loss           | 76.6         |
------------------------------------------
-----------------------------------------
| rollout/                |             |
|    ep_len_mean          | 1.7e+03     |
|    ep_rew_mean          | 47.9        |
| time/                   |             |
|    fps                  | 1459        |
|    iterations           | 13          |
|    time_elapsed         | 18          |
|    total_timesteps      | 641024      |
| train/                  |             |
|    approx_kl            | 0.006637777 |
|    clip_fraction        | 0.116       |
|    clip_range           | 0.2         |
|    entropy_loss         | -2.6        |
|    explained_variance   | 0.592       |
|    learning_rate        | 0.0003      |
|    loss                 | 1.52        |
|    n_updates            | 1560        |
|    policy_gradient_loss | 0.00132     |
|    std                  | 0.883       |
|    value_loss           | 4.96        |
-----------------------------------------
-----------------------------------------
| rollout/                |             |
|    ep_len_mean          | 1.68e+03    |
|    ep_rew_mean          | 49.5        |
| time/                   |             |
|    fps                  | 1453        |
|    iterations           | 14          |
|    time_elapsed         | 19          |
|    total_timesteps      | 643072      |
| train/                  |             |
|    approx_kl            | 0.006285972 |
|    clip_fraction        | 0.0441      |
|    clip_range           | 0.2         |
|    entropy_loss         | -2.59       |
|    explained_variance   | 0.065       |
|    learning_rate        | 0.0003      |
|    loss                 | 4.2         |
|    n_updates            | 1565        |
|    policy_gradient_loss | -0.00296    |
|    std                  | 0.882       |
|    value_loss           | 111         |
-----------------------------------------
------------------------------------------
| rollout/                |              |
|    ep_len_mean          | 1.7e+03      |
|    ep_rew_mean          | 47.9         |
| time/                   |              |
|    fps                  | 1452         |
|    iterations           | 15           |
|    time_elapsed         | 21           |
|    total_timesteps      | 645120       |
| train/                  |              |
|    approx_kl            | 0.0072172796 |
|    clip_fraction        | 0.066        |
|    clip_range           | 0.2          |
|    entropy_loss         | -2.59        |
|    explained_variance   | 0.538        |
|    learning_rate        | 0.0003       |
|    loss                 | 0.595        |
|    n_updates            | 1570         |
|    policy_gradient_loss | -0.00484     |
|    std                  | 0.882        |
|    value_loss           | 57.8         |
------------------------------------------
-----------------------------------------
| rollout/                |             |
|    ep_len_mean          | 1.7e+03     |
|    ep_rew_mean          | 47.9        |
| time/                   |             |
|    fps                  | 1449        |
|    iterations           | 16          |
|    time_elapsed         | 22          |
|    total_timesteps      | 647168      |
| train/                  |             |
|    approx_kl            | 0.007674908 |
|    clip_fraction        | 0.0623      |
|    clip_range           | 0.2         |
|    entropy_loss         | -2.58       |
|    explained_variance   | 0.724       |
|    learning_rate        | 0.0003      |
|    loss                 | 19.6        |
|    n_updates            | 1575        |
|    policy_gradient_loss | 0.000818    |
|    std                  | 0.879       |
|    value_loss           | 20.1        |
-----------------------------------------
----------------------------------------
| rollout/                |            |
|    ep_len_mean          | 1.7e+03    |
|    ep_rew_mean          | 47.7       |
| time/                   |            |
|    fps                  | 1460       |
|    iterations           | 17         |
|    time_elapsed         | 23         |
|    total_timesteps      | 649216     |
| train/                  |            |
|    approx_kl            | 0.03899769 |
|    clip_fraction        | 0.207      |
|    clip_range           | 0.2        |
|    entropy_loss         | -2.58      |
|    explained_variance   | 0.945      |
|    learning_rate        | 0.0003     |
|    loss                 | 1.49       |
|    n_updates            | 1580       |
|    policy_gradient_loss | 0.0106     |
|    std                  | 0.879      |
|    value_loss           | 6.93       |
----------------------------------------
------------------------------------------
| rollout/                |              |
|    ep_len_mean          | 1.7e+03      |
|    ep_rew_mean          | 47.7         |
| time/                   |              |
|    fps                  | 1459         |
|    iterations           | 18           |
|    time_elapsed         | 25           |
|    total_timesteps      | 651264       |
| train/                  |              |
|    approx_kl            | 0.0048994543 |
|    clip_fraction        | 0.0842       |
|    clip_range           | 0.2          |
|    entropy_loss         | -2.58        |
|    explained_variance   | 0.841        |
|    learning_rate        | 0.0003       |
|    loss                 | 4.97         |
|    n_updates            | 1585         |
|    policy_gradient_loss | 0.00184      |
|    std                  | 0.879        |
|    value_loss           | 13.8         |
------------------------------------------
-----------------------------------------
| rollout/                |             |
|    ep_len_mean          | 1.7e+03     |
|    ep_rew_mean          | 47.5        |
| time/                   |             |
|    fps                  | 1462        |
|    iterations           | 19          |
|    time_elapsed         | 26          |
|    total_timesteps      | 653312      |
| train/                  |             |
|    approx_kl            | 0.013146549 |
|    clip_fraction        | 0.0645      |
|    clip_range           | 0.2         |
|    entropy_loss         | -2.58       |
|    explained_variance   | 0.925       |
|    learning_rate        | 0.0003      |
|    loss                 | 0.16        |
|    n_updates            | 1590        |
|    policy_gradient_loss | 0.000137    |
|    std                  | 0.878       |
|    value_loss           | 1.91        |
-----------------------------------------
------------------------------------------
| rollout/                |              |
|    ep_len_mean          | 1.7e+03      |
|    ep_rew_mean          | 47.3         |
| time/                   |              |
|    fps                  | 1460         |
|    iterations           | 20           |
|    time_elapsed         | 28           |
|    total_timesteps      | 655360       |
| train/                  |              |
|    approx_kl            | 0.0061517963 |
|    clip_fraction        | 0.0899       |
|    clip_range           | 0.2          |
|    entropy_loss         | -2.58        |
|    explained_variance   | 0.202        |
|    learning_rate        | 0.0003       |
|    loss                 | 0.398        |
|    n_updates            | 1595         |
|    policy_gradient_loss | 0.00351      |
|    std                  | 0.878        |
|    value_loss           | 56           |
------------------------------------------
-----------------------------------------
| rollout/                |             |
|    ep_len_mean          | 1.69e+03    |
|    ep_rew_mean          | 48.5        |
| time/                   |             |
|    fps                  | 1456        |
|    iterations           | 21          |
|    time_elapsed         | 29          |
|    total_timesteps      | 657408      |
| train/                  |             |
|    approx_kl            | 0.020233665 |
|    clip_fraction        | 0.142       |
|    clip_range           | 0.2         |
|    entropy_loss         | -2.58       |
|    explained_variance   | 0.741       |
|    learning_rate        | 0.0003      |
|    loss                 | 0.878       |
|    n_updates            | 1600        |
|    policy_gradient_loss | 0.00627     |
|    std                  | 0.876       |
|    value_loss           | 15.7        |
-----------------------------------------
------------------------------------------
| rollout/                |              |
|    ep_len_mean          | 1.69e+03     |
|    ep_rew_mean          | 48.5         |
| time/                   |              |
|    fps                  | 1451         |
|    iterations           | 22           |
|    time_elapsed         | 31           |
|    total_timesteps      | 659456       |
| train/                  |              |
|    approx_kl            | 0.0047721304 |
|    clip_fraction        | 0.101        |
|    clip_range           | 0.2          |
|    entropy_loss         | -2.57        |
|    explained_variance   | 0.323        |
|    learning_rate        | 0.0003       |
|    loss                 | 1.44         |
|    n_updates            | 1605         |
|    policy_gradient_loss | -0.0025      |
|    std                  | 0.876        |
|    value_loss           | 110          |
------------------------------------------
------------------------------------------
| rollout/                |              |
|    ep_len_mean          | 1.68e+03     |
|    ep_rew_mean          | 48.6         |
| time/                   |              |
|    fps                  | 1455         |
|    iterations           | 23           |
|    time_elapsed         | 32           |
|    total_timesteps      | 661504       |
| train/                  |              |
|    approx_kl            | 0.0035263202 |
|    clip_fraction        | 0.0623       |
|    clip_range           | 0.2          |
|    entropy_loss         | -2.57        |
|    explained_variance   | 0.849        |
|    learning_rate        | 0.0003       |
|    loss                 | 1.81         |
|    n_updates            | 1610         |
|    policy_gradient_loss | -0.000364    |
|    std                  | 0.874        |
|    value_loss           | 2.54         |
------------------------------------------
-----------------------------------------
| rollout/                |             |
|    ep_len_mean          | 1.68e+03    |
|    ep_rew_mean          | 49.6        |
| time/                   |             |
|    fps                  | 1455        |
|    iterations           | 24          |
|    time_elapsed         | 33          |
|    total_timesteps      | 663552      |
| train/                  |             |
|    approx_kl            | 0.003986423 |
|    clip_fraction        | 0.0355      |
|    clip_range           | 0.2         |
|    entropy_loss         | -2.57       |
|    explained_variance   | -0.0174     |
|    learning_rate        | 0.0003      |
|    loss                 | 20.1        |
|    n_updates            | 1615        |
|    policy_gradient_loss | -0.00143    |
|    std                  | 0.873       |
|    value_loss           | 52.9        |
-----------------------------------------
------------------------------------------
| rollout/                |              |
|    ep_len_mean          | 1.67e+03     |
|    ep_rew_mean          | 51.2         |
| time/                   |              |
|    fps                  | 1454         |
|    iterations           | 25           |
|    time_elapsed         | 35           |
|    total_timesteps      | 665600       |
| train/                  |              |
|    approx_kl            | 0.0018218056 |
|    clip_fraction        | 0.0184       |
|    clip_range           | 0.2          |
|    entropy_loss         | -2.57        |
|    explained_variance   | 0.113        |
|    learning_rate        | 0.0003       |
|    loss                 | 3            |
|    n_updates            | 1620         |
|    policy_gradient_loss | -0.00179     |
|    std                  | 0.874        |
|    value_loss           | 55.4         |
------------------------------------------
-----------------------------------------
| rollout/                |             |
|    ep_len_mean          | 1.66e+03    |
|    ep_rew_mean          | 52.4        |
| time/                   |             |
|    fps                  | 1450        |
|    iterations           | 26          |
|    time_elapsed         | 36          |
|    total_timesteps      | 667648      |
| train/                  |             |
|    approx_kl            | 0.052442934 |
|    clip_fraction        | 0.263       |
|    clip_range           | 0.2         |
|    entropy_loss         | -2.57       |
|    explained_variance   | 0.0439      |
|    learning_rate        | 0.0003      |
|    loss                 | 3.79        |
|    n_updates            | 1625        |
|    policy_gradient_loss | 0.00991     |
|    std                  | 0.875       |
|    value_loss           | 94.5        |
-----------------------------------------
-----------------------------------------
| rollout/                |             |
|    ep_len_mean          | 1.66e+03    |
|    ep_rew_mean          | 51.3        |
| time/                   |             |
|    fps                  | 1448        |
|    iterations           | 27          |
|    time_elapsed         | 38          |
|    total_timesteps      | 669696      |
| train/                  |             |
|    approx_kl            | 0.015074929 |
|    clip_fraction        | 0.128       |
|    clip_range           | 0.2         |
|    entropy_loss         | -2.57       |
|    explained_variance   | 0.0536      |
|    learning_rate        | 0.0003      |
|    loss                 | 12.1        |
|    n_updates            | 1630        |
|    policy_gradient_loss | -0.0018     |
|    std                  | 0.873       |
|    value_loss           | 99.7        |
-----------------------------------------
-----------------------------------------
| rollout/                |             |
|    ep_len_mean          | 1.66e+03    |
|    ep_rew_mean          | 51.3        |
| time/                   |             |
|    fps                  | 1443        |
|    iterations           | 28          |
|    time_elapsed         | 39          |
|    total_timesteps      | 671744      |
| train/                  |             |
|    approx_kl            | 0.006537998 |
|    clip_fraction        | 0.0498      |
|    clip_range           | 0.2         |
|    entropy_loss         | -2.57       |
|    explained_variance   | 0.155       |
|    learning_rate        | 0.0003      |
|    loss                 | 4.71        |
|    n_updates            | 1635        |
|    policy_gradient_loss | -0.00127    |
|    std                  | 0.873       |
|    value_loss           | 59.3        |
-----------------------------------------
-----------------------------------------
| rollout/                |             |
|    ep_len_mean          | 1.66e+03    |
|    ep_rew_mean          | 51.3        |
| time/                   |             |
|    fps                  | 1446        |
|    iterations           | 29          |
|    time_elapsed         | 41          |
|    total_timesteps      | 673792      |
| train/                  |             |
|    approx_kl            | 0.008815102 |
|    clip_fraction        | 0.0511      |
|    clip_range           | 0.2         |
|    entropy_loss         | -2.56       |
|    explained_variance   | 0.67        |
|    learning_rate        | 0.0003      |
|    loss                 | 2.31        |
|    n_updates            | 1640        |
|    policy_gradient_loss | -0.00149    |
|    std                  | 0.872       |
|    value_loss           | 6.53        |
-----------------------------------------
-----------------------------------------
| rollout/                |             |
|    ep_len_mean          | 1.67e+03    |
|    ep_rew_mean          | 50.1        |
| time/                   |             |
|    fps                  | 1450        |
|    iterations           | 30          |
|    time_elapsed         | 42          |
|    total_timesteps      | 675840      |
| train/                  |             |
|    approx_kl            | 0.010715037 |
|    clip_fraction        | 0.0894      |
|    clip_range           | 0.2         |
|    entropy_loss         | -2.56       |
|    explained_variance   | 0.886       |
|    learning_rate        | 0.0003      |
|    loss                 | 0.497       |
|    n_updates            | 1645        |
|    policy_gradient_loss | -0.00168    |
|    std                  | 0.871       |
|    value_loss           | 5.16        |
-----------------------------------------
-----------------------------------------
| rollout/                |             |
|    ep_len_mean          | 1.67e+03    |
|    ep_rew_mean          | 48.7        |
| time/                   |             |
|    fps                  | 1450        |
|    iterations           | 31          |
|    time_elapsed         | 43          |
|    total_timesteps      | 677888      |
| train/                  |             |
|    approx_kl            | 0.015723236 |
|    clip_fraction        | 0.0641      |
|    clip_range           | 0.2         |
|    entropy_loss         | -2.56       |
|    explained_variance   | 0.91        |
|    learning_rate        | 0.0003      |
|    loss                 | 2.2         |
|    n_updates            | 1650        |
|    policy_gradient_loss | 0.00188     |
|    std                  | 0.869       |
|    value_loss           | 3.61        |
-----------------------------------------
-----------------------------------------
| rollout/                |             |
|    ep_len_mean          | 1.66e+03    |
|    ep_rew_mean          | 50.1        |
| time/                   |             |
|    fps                  | 1448        |
|    iterations           | 32          |
|    time_elapsed         | 45          |
|    total_timesteps      | 679936      |
| train/                  |             |
|    approx_kl            | 0.011582061 |
|    clip_fraction        | 0.162       |
|    clip_range           | 0.2         |
|    entropy_loss         | -2.56       |
|    explained_variance   | 0.719       |
|    learning_rate        | 0.0003      |
|    loss                 | 11          |
|    n_updates            | 1655        |
|    policy_gradient_loss | 0.0066      |
|    std                  | 0.868       |
|    value_loss           | 14.5        |
-----------------------------------------
-----------------------------------------
| rollout/                |             |
|    ep_len_mean          | 1.66e+03    |
|    ep_rew_mean          | 50          |
| time/                   |             |
|    fps                  | 1447        |
|    iterations           | 33          |
|    time_elapsed         | 46          |
|    total_timesteps      | 681984      |
| train/                  |             |
|    approx_kl            | 0.027744666 |
|    clip_fraction        | 0.236       |
|    clip_range           | 0.2         |
|    entropy_loss         | -2.55       |
|    explained_variance   | 0.331       |
|    learning_rate        | 0.0003      |
|    loss                 | 4.81        |
|    n_updates            | 1660        |
|    policy_gradient_loss | 0.00353     |
|    std                  | 0.868       |
|    value_loss           | 62.7        |
-----------------------------------------
-----------------------------------------
| rollout/                |             |
|    ep_len_mean          | 1.65e+03    |
|    ep_rew_mean          | 51.3        |
| time/                   |             |
|    fps                  | 1447        |
|    iterations           | 34          |
|    time_elapsed         | 48          |
|    total_timesteps      | 684032      |
| train/                  |             |
|    approx_kl            | 0.007670859 |
|    clip_fraction        | 0.0791      |
|    clip_range           | 0.2         |
|    entropy_loss         | -2.55       |
|    explained_variance   | -0.00153    |
|    learning_rate        | 0.0003      |
|    loss                 | 5.57        |
|    n_updates            | 1665        |
|    policy_gradient_loss | -0.00164    |
|    std                  | 0.867       |
|    value_loss           | 54.8        |
-----------------------------------------
------------------------------------------
| rollout/                |              |
|    ep_len_mean          | 1.65e+03     |
|    ep_rew_mean          | 51.2         |
| time/                   |              |
|    fps                  | 1448         |
|    iterations           | 35           |
|    time_elapsed         | 49           |
|    total_timesteps      | 686080       |
| train/                  |              |
|    approx_kl            | 0.0055702403 |
|    clip_fraction        | 0.0454       |
|    clip_range           | 0.2          |
|    entropy_loss         | -2.55        |
|    explained_variance   | 0.385        |
|    learning_rate        | 0.0003       |
|    loss                 | 182          |
|    n_updates            | 1670         |
|    policy_gradient_loss | 0.000883     |
|    std                  | 0.863        |
|    value_loss           | 51.2         |
------------------------------------------
------------------------------------------
| rollout/                |              |
|    ep_len_mean          | 1.65e+03     |
|    ep_rew_mean          | 51           |
| time/                   |              |
|    fps                  | 1449         |
|    iterations           | 36           |
|    time_elapsed         | 50           |
|    total_timesteps      | 688128       |
| train/                  |              |
|    approx_kl            | 0.0127776265 |
|    clip_fraction        | 0.132        |
|    clip_range           | 0.2          |
|    entropy_loss         | -2.55        |
|    explained_variance   | 0.803        |
|    learning_rate        | 0.0003       |
|    loss                 | 38.1         |
|    n_updates            | 1675         |
|    policy_gradient_loss | 0.0048       |
|    std                  | 0.866        |
|    value_loss           | 12.9         |
------------------------------------------
------------------------------------------
| rollout/                |              |
|    ep_len_mean          | 1.65e+03     |
|    ep_rew_mean          | 50.8         |
| time/                   |              |
|    fps                  | 1450         |
|    iterations           | 37           |
|    time_elapsed         | 52           |
|    total_timesteps      | 690176       |
| train/                  |              |
|    approx_kl            | 0.0042721326 |
|    clip_fraction        | 0.113        |
|    clip_range           | 0.2          |
|    entropy_loss         | -2.55        |
|    explained_variance   | 0.858        |
|    learning_rate        | 0.0003       |
|    loss                 | 0.731        |
|    n_updates            | 1680         |
|    policy_gradient_loss | 0.00349      |
|    std                  | 0.865        |
|    value_loss           | 10.4         |
------------------------------------------
-----------------------------------------
| rollout/                |             |
|    ep_len_mean          | 1.64e+03    |
|    ep_rew_mean          | 52.2        |
| time/                   |             |
|    fps                  | 1449        |
|    iterations           | 38          |
|    time_elapsed         | 53          |
|    total_timesteps      | 692224      |
| train/                  |             |
|    approx_kl            | 0.033602215 |
|    clip_fraction        | 0.219       |
|    clip_range           | 0.2         |
|    entropy_loss         | -2.55       |
|    explained_variance   | 0.195       |
|    learning_rate        | 0.0003      |
|    loss                 | 0.0177      |
|    n_updates            | 1685        |
|    policy_gradient_loss | 0.0168      |
|    std                  | 0.864       |
|    value_loss           | 54.2        |
-----------------------------------------
-----------------------------------------
| rollout/                |             |
|    ep_len_mean          | 1.64e+03    |
|    ep_rew_mean          | 52.1        |
| time/                   |             |
|    fps                  | 1450        |
|    iterations           | 39          |
|    time_elapsed         | 55          |
|    total_timesteps      | 694272      |
| train/                  |             |
|    approx_kl            | 0.011254296 |
|    clip_fraction        | 0.0932      |
|    clip_range           | 0.2         |
|    entropy_loss         | -2.54       |
|    explained_variance   | 0.146       |
|    learning_rate        | 0.0003      |
|    loss                 | 0.301       |
|    n_updates            | 1690        |
|    policy_gradient_loss | -0.000996   |
|    std                  | 0.863       |
|    value_loss           | 65.5        |
-----------------------------------------
-----------------------------------------
| rollout/                |             |
|    ep_len_mean          | 1.64e+03    |
|    ep_rew_mean          | 52.1        |
| time/                   |             |
|    fps                  | 1451        |
|    iterations           | 40          |
|    time_elapsed         | 56          |
|    total_timesteps      | 696320      |
| train/                  |             |
|    approx_kl            | 0.043735653 |
|    clip_fraction        | 0.254       |
|    clip_range           | 0.2         |
|    entropy_loss         | -2.54       |
|    explained_variance   | 0.000773    |
|    learning_rate        | 0.0003      |
|    loss                 | 0.0906      |
|    n_updates            | 1695        |
|    policy_gradient_loss | 0.00958     |
|    std                  | 0.86        |
|    value_loss           | 60.6        |
-----------------------------------------
-----------------------------------------
| rollout/                |             |
|    ep_len_mean          | 1.64e+03    |
|    ep_rew_mean          | 51.8        |
| time/                   |             |
|    fps                  | 1453        |
|    iterations           | 41          |
|    time_elapsed         | 57          |
|    total_timesteps      | 698368      |
| train/                  |             |
|    approx_kl            | 0.036927238 |
|    clip_fraction        | 0.195       |
|    clip_range           | 0.2         |
|    entropy_loss         | -2.53       |
|    explained_variance   | 0.843       |
|    learning_rate        | 0.0003      |
|    loss                 | 9.09        |
|    n_updates            | 1700        |
|    policy_gradient_loss | 0.00638     |
|    std                  | 0.859       |
|    value_loss           | 6.76        |
-----------------------------------------
-----------------------------------------
| rollout/                |             |
|    ep_len_mean          | 1.62e+03    |
|    ep_rew_mean          | 53          |
| time/                   |             |
|    fps                  | 1452        |
|    iterations           | 42          |
|    time_elapsed         | 59          |
|    total_timesteps      | 700416      |
| train/                  |             |
|    approx_kl            | 0.012615509 |
|    clip_fraction        | 0.0612      |
|    clip_range           | 0.2         |
|    entropy_loss         | -2.53       |
|    explained_variance   | 0.079       |
|    learning_rate        | 0.0003      |
|    loss                 | 25.6        |
|    n_updates            | 1705        |
|    policy_gradient_loss | -0.00167    |
|    std                  | 0.859       |
|    value_loss           | 55.8        |
-----------------------------------------
----------------------------------------
| rollout/                |            |
|    ep_len_mean          | 1.64e+03   |
|    ep_rew_mean          | 51.5       |
| time/                   |            |
|    fps                  | 1452       |
|    iterations           | 43         |
|    time_elapsed         | 60         |
|    total_timesteps      | 702464     |
| train/                  |            |
|    approx_kl            | 0.02380868 |
|    clip_fraction        | 0.111      |
|    clip_range           | 0.2        |
|    entropy_loss         | -2.53      |
|    explained_variance   | 0.21       |
|    learning_rate        | 0.0003     |
|    loss                 | 3.59       |
|    n_updates            | 1710       |
|    policy_gradient_loss | -0.000849  |
|    std                  | 0.856      |
|    value_loss           | 48.5       |
----------------------------------------
-----------------------------------------
| rollout/                |             |
|    ep_len_mean          | 1.64e+03    |
|    ep_rew_mean          | 51.5        |
| time/                   |             |
|    fps                  | 1448        |
|    iterations           | 44          |
|    time_elapsed         | 62          |
|    total_timesteps      | 704512      |
| train/                  |             |
|    approx_kl            | 0.015886087 |
|    clip_fraction        | 0.16        |
|    clip_range           | 0.2         |
|    entropy_loss         | -2.52       |
|    explained_variance   | 0.0923      |
|    learning_rate        | 0.0003      |
|    loss                 | 12          |
|    n_updates            | 1715        |
|    policy_gradient_loss | 0.00527     |
|    std                  | 0.853       |
|    value_loss           | 62.8        |
-----------------------------------------
-----------------------------------------
| rollout/                |             |
|    ep_len_mean          | 1.64e+03    |
|    ep_rew_mean          | 51.5        |
| time/                   |             |
|    fps                  | 1450        |
|    iterations           | 45          |
|    time_elapsed         | 63          |
|    total_timesteps      | 706560      |
| train/                  |             |
|    approx_kl            | 0.007113888 |
|    clip_fraction        | 0.0868      |
|    clip_range           | 0.2         |
|    entropy_loss         | -2.52       |
|    explained_variance   | 0.726       |
|    learning_rate        | 0.0003      |
|    loss                 | 2.42        |
|    n_updates            | 1720        |
|    policy_gradient_loss | -0.00231    |
|    std                  | 0.853       |
|    value_loss           | 8.07        |
-----------------------------------------
-----------------------------------------
| rollout/                |             |
|    ep_len_mean          | 1.64e+03    |
|    ep_rew_mean          | 51.3        |
| time/                   |             |
|    fps                  | 1451        |
|    iterations           | 46          |
|    time_elapsed         | 64          |
|    total_timesteps      | 708608      |
| train/                  |             |
|    approx_kl            | 0.009174439 |
|    clip_fraction        | 0.0926      |
|    clip_range           | 0.2         |
|    entropy_loss         | -2.52       |
|    explained_variance   | 0.383       |
|    learning_rate        | 0.0003      |
|    loss                 | 1.7         |
|    n_updates            | 1725        |
|    policy_gradient_loss | 0.000106    |
|    std                  | 0.852       |
|    value_loss           | 57.8        |
-----------------------------------------
----------------------------------------
| rollout/                |            |
|    ep_len_mean          | 1.64e+03   |
|    ep_rew_mean          | 51.3       |
| time/                   |            |
|    fps                  | 1452       |
|    iterations           | 47         |
|    time_elapsed         | 66         |
|    total_timesteps      | 710656     |
| train/                  |            |
|    approx_kl            | 0.02410022 |
|    clip_fraction        | 0.188      |
|    clip_range           | 0.2        |
|    entropy_loss         | -2.51      |
|    explained_variance   | 0.692      |
|    learning_rate        | 0.0003     |
|    loss                 | 17.1       |
|    n_updates            | 1730       |
|    policy_gradient_loss | 0.00832    |
|    std                  | 0.85       |
|    value_loss           | 5.88       |
----------------------------------------
-----------------------------------------
| rollout/                |             |
|    ep_len_mean          | 1.66e+03    |
|    ep_rew_mean          | 49.9        |
| time/                   |             |
|    fps                  | 1452        |
|    iterations           | 48          |
|    time_elapsed         | 67          |
|    total_timesteps      | 712704      |
| train/                  |             |
|    approx_kl            | 0.019374907 |
|    clip_fraction        | 0.212       |
|    clip_range           | 0.2         |
|    entropy_loss         | -2.51       |
|    explained_variance   | 0.824       |
|    learning_rate        | 0.0003      |
|    loss                 | 2.75        |
|    n_updates            | 1735        |
|    policy_gradient_loss | 0.00521     |
|    std                  | 0.85        |
|    value_loss           | 11.9        |
-----------------------------------------
------------------------------------------
| rollout/                |              |
|    ep_len_mean          | 1.67e+03     |
|    ep_rew_mean          | 48.5         |
| time/                   |              |
|    fps                  | 1452         |
|    iterations           | 49           |
|    time_elapsed         | 69           |
|    total_timesteps      | 714752       |
| train/                  |              |
|    approx_kl            | 0.0077990238 |
|    clip_fraction        | 0.0693       |
|    clip_range           | 0.2          |
|    entropy_loss         | -2.51        |
|    explained_variance   | 0.834        |
|    learning_rate        | 0.0003       |
|    loss                 | 10.8         |
|    n_updates            | 1740         |
|    policy_gradient_loss | -0.00517     |
|    std                  | 0.849        |
|    value_loss           | 13           |
------------------------------------------
----------------------------------------
| rollout/                |            |
|    ep_len_mean          | 1.65e+03   |
|    ep_rew_mean          | 49.9       |
| time/                   |            |
|    fps                  | 1451       |
|    iterations           | 50         |
|    time_elapsed         | 70         |
|    total_timesteps      | 716800     |
| train/                  |            |
|    approx_kl            | 0.00666418 |
|    clip_fraction        | 0.0479     |
|    clip_range           | 0.2        |
|    entropy_loss         | -2.51      |
|    explained_variance   | 0.403      |
|    learning_rate        | 0.0003     |
|    loss                 | 234        |
|    n_updates            | 1745       |
|    policy_gradient_loss | -0.00305   |
|    std                  | 0.849      |
|    value_loss           | 79.8       |
----------------------------------------
-----------------------------------------
| rollout/                |             |
|    ep_len_mean          | 1.65e+03    |
|    ep_rew_mean          | 50.5        |
| time/                   |             |
|    fps                  | 1452        |
|    iterations           | 51          |
|    time_elapsed         | 71          |
|    total_timesteps      | 718848      |
| train/                  |             |
|    approx_kl            | 0.007115902 |
|    clip_fraction        | 0.0624      |
|    clip_range           | 0.2         |
|    entropy_loss         | -2.51       |
|    explained_variance   | 0.19        |
|    learning_rate        | 0.0003      |
|    loss                 | 0.433       |
|    n_updates            | 1750        |
|    policy_gradient_loss | -0.00186    |
|    std                  | 0.848       |
|    value_loss           | 59.7        |
-----------------------------------------
----------------------------------------
| rollout/                |            |
|    ep_len_mean          | 1.65e+03   |
|    ep_rew_mean          | 50.4       |
| time/                   |            |
|    fps                  | 1450       |
|    iterations           | 52         |
|    time_elapsed         | 73         |
|    total_timesteps      | 720896     |
| train/                  |            |
|    approx_kl            | 0.01913926 |
|    clip_fraction        | 0.0621     |
|    clip_range           | 0.2        |
|    entropy_loss         | -2.51      |
|    explained_variance   | 0.0294     |
|    learning_rate        | 0.0003     |
|    loss                 | 0.929      |
|    n_updates            | 1755       |
|    policy_gradient_loss | 0.00407    |
|    std                  | 0.847      |
|    value_loss           | 62.9       |
----------------------------------------
-----------------------------------------
| rollout/                |             |
|    ep_len_mean          | 1.64e+03    |
|    ep_rew_mean          | 51.9        |
| time/                   |             |
|    fps                  | 1451        |
|    iterations           | 53          |
|    time_elapsed         | 74          |
|    total_timesteps      | 722944      |
| train/                  |             |
|    approx_kl            | 0.011948602 |
|    clip_fraction        | 0.0875      |
|    clip_range           | 0.2         |
|    entropy_loss         | -2.51       |
|    explained_variance   | 0.714       |
|    learning_rate        | 0.0003      |
|    loss                 | 1.76        |
|    n_updates            | 1760        |
|    policy_gradient_loss | -0.00281    |
|    std                  | 0.849       |
|    value_loss           | 11.2        |
-----------------------------------------
-----------------------------------------
| rollout/                |             |
|    ep_len_mean          | 1.62e+03    |
|    ep_rew_mean          | 53.3        |
| time/                   |             |
|    fps                  | 1452        |
|    iterations           | 54          |
|    time_elapsed         | 76          |
|    total_timesteps      | 724992      |
| train/                  |             |
|    approx_kl            | 0.007855303 |
|    clip_fraction        | 0.0544      |
|    clip_range           | 0.2         |
|    entropy_loss         | -2.51       |
|    explained_variance   | 0.431       |
|    learning_rate        | 0.0003      |
|    loss                 | 1.69        |
|    n_updates            | 1765        |
|    policy_gradient_loss | -0.0034     |
|    std                  | 0.848       |
|    value_loss           | 54.4        |
-----------------------------------------
------------------------------------------
| rollout/                |              |
|    ep_len_mean          | 1.64e+03     |
|    ep_rew_mean          | 52.1         |
| time/                   |              |
|    fps                  | 1451         |
|    iterations           | 55           |
|    time_elapsed         | 77           |
|    total_timesteps      | 727040       |
| train/                  |              |
|    approx_kl            | 0.0027901852 |
|    clip_fraction        | 0.108        |
|    clip_range           | 0.2          |
|    entropy_loss         | -2.51        |
|    explained_variance   | -0.155       |
|    learning_rate        | 0.0003       |
|    loss                 | 3.29         |
|    n_updates            | 1770         |
|    policy_gradient_loss | -0.00472     |
|    std                  | 0.848        |
|    value_loss           | 53.1         |
------------------------------------------
-----------------------------------------
| rollout/                |             |
|    ep_len_mean          | 1.64e+03    |
|    ep_rew_mean          | 52.1        |
| time/                   |             |
|    fps                  | 1451        |
|    iterations           | 56          |
|    time_elapsed         | 78          |
|    total_timesteps      | 729088      |
| train/                  |             |
|    approx_kl            | 0.011873049 |
|    clip_fraction        | 0.106       |
|    clip_range           | 0.2         |
|    entropy_loss         | -2.5        |
|    explained_variance   | 0.736       |
|    learning_rate        | 0.0003      |
|    loss                 | 2.4         |
|    n_updates            | 1775        |
|    policy_gradient_loss | 0.00278     |
|    std                  | 0.846       |
|    value_loss           | 11.9        |
-----------------------------------------
-----------------------------------------
| rollout/                |             |
|    ep_len_mean          | 1.64e+03    |
|    ep_rew_mean          | 52.1        |
| time/                   |             |
|    fps                  | 1452        |
|    iterations           | 57          |
|    time_elapsed         | 80          |
|    total_timesteps      | 731136      |
| train/                  |             |
|    approx_kl            | 0.010807635 |
|    clip_fraction        | 0.209       |
|    clip_range           | 0.2         |
|    entropy_loss         | -2.5        |
|    explained_variance   | 0.364       |
|    learning_rate        | 0.0003      |
|    loss                 | 0.989       |
|    n_updates            | 1780        |
|    policy_gradient_loss | -0.0015     |
|    std                  | 0.844       |
|    value_loss           | 53.2        |
-----------------------------------------
-----------------------------------------
| rollout/                |             |
|    ep_len_mean          | 1.64e+03    |
|    ep_rew_mean          | 53.3        |
| time/                   |             |
|    fps                  | 1455        |
|    iterations           | 58          |
|    time_elapsed         | 81          |
|    total_timesteps      | 733184      |
| train/                  |             |
|    approx_kl            | 0.008040834 |
|    clip_fraction        | 0.0471      |
|    clip_range           | 0.2         |
|    entropy_loss         | -2.5        |
|    explained_variance   | 0.726       |
|    learning_rate        | 0.0003      |
|    loss                 | 2.19        |
|    n_updates            | 1785        |
|    policy_gradient_loss | -0.00304    |
|    std                  | 0.844       |
|    value_loss           | 4.06        |
-----------------------------------------
-----------------------------------------
| rollout/                |             |
|    ep_len_mean          | 1.63e+03    |
|    ep_rew_mean          | 54.7        |
| time/                   |             |
|    fps                  | 1454        |
|    iterations           | 59          |
|    time_elapsed         | 83          |
|    total_timesteps      | 735232      |
| train/                  |             |
|    approx_kl            | 0.007406313 |
|    clip_fraction        | 0.0754      |
|    clip_range           | 0.2         |
|    entropy_loss         | -2.5        |
|    explained_variance   | -0.000925   |
|    learning_rate        | 0.0003      |
|    loss                 | 1           |
|    n_updates            | 1790        |
|    policy_gradient_loss | -0.000422   |
|    std                  | 0.845       |
|    value_loss           | 97.8        |
-----------------------------------------
-----------------------------------------
| rollout/                |             |
|    ep_len_mean          | 1.62e+03    |
|    ep_rew_mean          | 55.9        |
| time/                   |             |
|    fps                  | 1454        |
|    iterations           | 60          |
|    time_elapsed         | 84          |
|    total_timesteps      | 737280      |
| train/                  |             |
|    approx_kl            | 0.010497257 |
|    clip_fraction        | 0.142       |
|    clip_range           | 0.2         |
|    entropy_loss         | -2.5        |
|    explained_variance   | 0.145       |
|    learning_rate        | 0.0003      |
|    loss                 | 1.07        |
|    n_updates            | 1795        |
|    policy_gradient_loss | 0.00279     |
|    std                  | 0.841       |
|    value_loss           | 47.2        |
-----------------------------------------
-----------------------------------------
| rollout/                |             |
|    ep_len_mean          | 1.62e+03    |
|    ep_rew_mean          | 55.9        |
| time/                   |             |
|    fps                  | 1453        |
|    iterations           | 61          |
|    time_elapsed         | 85          |
|    total_timesteps      | 739328      |
| train/                  |             |
|    approx_kl            | 0.008525687 |
|    clip_fraction        | 0.0633      |
|    clip_range           | 0.2         |
|    entropy_loss         | -2.49       |
|    explained_variance   | 0.44        |
|    learning_rate        | 0.0003      |
|    loss                 | 30.9        |
|    n_updates            | 1800        |
|    policy_gradient_loss | -0.000414   |
|    std                  | 0.84        |
|    value_loss           | 53.8        |
-----------------------------------------
-----------------------------------------
| rollout/                |             |
|    ep_len_mean          | 1.62e+03    |
|    ep_rew_mean          | 55.9        |
| time/                   |             |
|    fps                  | 1455        |
|    iterations           | 62          |
|    time_elapsed         | 87          |
|    total_timesteps      | 741376      |
| train/                  |             |
|    approx_kl            | 0.005534308 |
|    clip_fraction        | 0.0299      |
|    clip_range           | 0.2         |
|    entropy_loss         | -2.49       |
|    explained_variance   | 0.771       |
|    learning_rate        | 0.0003      |
|    loss                 | 10.3        |
|    n_updates            | 1805        |
|    policy_gradient_loss | -0.00107    |
|    std                  | 0.839       |
|    value_loss           | 8.91        |
-----------------------------------------
-----------------------------------------
| rollout/                |             |
|    ep_len_mean          | 1.61e+03    |
|    ep_rew_mean          | 57.7        |
| time/                   |             |
|    fps                  | 1457        |
|    iterations           | 63          |
|    time_elapsed         | 88          |
|    total_timesteps      | 743424      |
| train/                  |             |
|    approx_kl            | 0.004633018 |
|    clip_fraction        | 0.115       |
|    clip_range           | 0.2         |
|    entropy_loss         | -2.48       |
|    explained_variance   | 0.831       |
|    learning_rate        | 0.0003      |
|    loss                 | 0.401       |
|    n_updates            | 1810        |
|    policy_gradient_loss | -0.000968   |
|    std                  | 0.837       |
|    value_loss           | 4.29        |
-----------------------------------------
------------------------------------------
| rollout/                |              |
|    ep_len_mean          | 1.61e+03     |
|    ep_rew_mean          | 57.7         |
| time/                   |              |
|    fps                  | 1456         |
|    iterations           | 64           |
|    time_elapsed         | 89           |
|    total_timesteps      | 745472       |
| train/                  |              |
|    approx_kl            | 0.0039101336 |
|    clip_fraction        | 0.0186       |
|    clip_range           | 0.2          |
|    entropy_loss         | -2.48        |
|    explained_variance   | 0.455        |
|    learning_rate        | 0.0003       |
|    loss                 | 0.693        |
|    n_updates            | 1815         |
|    policy_gradient_loss | -0.00117     |
|    std                  | 0.836        |
|    value_loss           | 55.1         |
------------------------------------------
-----------------------------------------
| rollout/                |             |
|    ep_len_mean          | 1.6e+03     |
|    ep_rew_mean          | 59.4        |
| time/                   |             |
|    fps                  | 1455        |
|    iterations           | 65          |
|    time_elapsed         | 91          |
|    total_timesteps      | 747520      |
| train/                  |             |
|    approx_kl            | 0.029107573 |
|    clip_fraction        | 0.18        |
|    clip_range           | 0.2         |
|    entropy_loss         | -2.48       |
|    explained_variance   | 0.547       |
|    learning_rate        | 0.0003      |
|    loss                 | 1.98        |
|    n_updates            | 1820        |
|    policy_gradient_loss | 0.0122      |
|    std                  | 0.836       |
|    value_loss           | 13          |
-----------------------------------------
-----------------------------------------
| rollout/                |             |
|    ep_len_mean          | 1.59e+03    |
|    ep_rew_mean          | 60.9        |
| time/                   |             |
|    fps                  | 1456        |
|    iterations           | 66          |
|    time_elapsed         | 92          |
|    total_timesteps      | 749568      |
| train/                  |             |
|    approx_kl            | 0.011447871 |
|    clip_fraction        | 0.135       |
|    clip_range           | 0.2         |
|    entropy_loss         | -2.48       |
|    explained_variance   | 0.176       |
|    learning_rate        | 0.0003      |
|    loss                 | 2.33        |
|    n_updates            | 1825        |
|    policy_gradient_loss | 0.00238     |
|    std                  | 0.835       |
|    value_loss           | 51.4        |
-----------------------------------------
-----------------------------------------
| rollout/                |             |
|    ep_len_mean          | 1.6e+03     |
|    ep_rew_mean          | 60.6        |
| time/                   |             |
|    fps                  | 1456        |
|    iterations           | 67          |
|    time_elapsed         | 94          |
|    total_timesteps      | 751616      |
| train/                  |             |
|    approx_kl            | 0.006281227 |
|    clip_fraction        | 0.0793      |
|    clip_range           | 0.2         |
|    entropy_loss         | -2.48       |
|    explained_variance   | 0.0835      |
|    learning_rate        | 0.0003      |
|    loss                 | 0.8         |
|    n_updates            | 1830        |
|    policy_gradient_loss | -0.00087    |
|    std                  | 0.839       |
|    value_loss           | 51.8        |
-----------------------------------------
-----------------------------------------
| rollout/                |             |
|    ep_len_mean          | 1.6e+03     |
|    ep_rew_mean          | 60.6        |
| time/                   |             |
|    fps                  | 1454        |
|    iterations           | 68          |
|    time_elapsed         | 95          |
|    total_timesteps      | 753664      |
| train/                  |             |
|    approx_kl            | 0.004110397 |
|    clip_fraction        | 0.0608      |
|    clip_range           | 0.2         |
|    entropy_loss         | -2.49       |
|    explained_variance   | -0.0312     |
|    learning_rate        | 0.0003      |
|    loss                 | 3.78        |
|    n_updates            | 1835        |
|    policy_gradient_loss | -0.00172    |
|    std                  | 0.838       |
|    value_loss           | 133         |
-----------------------------------------
-----------------------------------------
| rollout/                |             |
|    ep_len_mean          | 1.59e+03    |
|    ep_rew_mean          | 62          |
| time/                   |             |
|    fps                  | 1454        |
|    iterations           | 69          |
|    time_elapsed         | 97          |
|    total_timesteps      | 755712      |
| train/                  |             |
|    approx_kl            | 0.023498872 |
|    clip_fraction        | 0.0788      |
|    clip_range           | 0.2         |
|    entropy_loss         | -2.48       |
|    explained_variance   | 0.1         |
|    learning_rate        | 0.0003      |
|    loss                 | 2.82        |
|    n_updates            | 1840        |
|    policy_gradient_loss | 0.00327     |
|    std                  | 0.837       |
|    value_loss           | 50.7        |
-----------------------------------------
-----------------------------------------
| rollout/                |             |
|    ep_len_mean          | 1.59e+03    |
|    ep_rew_mean          | 62          |
| time/                   |             |
|    fps                  | 1454        |
|    iterations           | 70          |
|    time_elapsed         | 98          |
|    total_timesteps      | 757760      |
| train/                  |             |
|    approx_kl            | 0.011297356 |
|    clip_fraction        | 0.0987      |
|    clip_range           | 0.2         |
|    entropy_loss         | -2.48       |
|    explained_variance   | 0.427       |
|    learning_rate        | 0.0003      |
|    loss                 | 0.703       |
|    n_updates            | 1845        |
|    policy_gradient_loss | 0.000792    |
|    std                  | 0.838       |
|    value_loss           | 48.1        |
-----------------------------------------
------------------------------------------
| rollout/                |              |
|    ep_len_mean          | 1.58e+03     |
|    ep_rew_mean          | 63.3         |
| time/                   |              |
|    fps                  | 1455         |
|    iterations           | 71           |
|    time_elapsed         | 99           |
|    total_timesteps      | 759808       |
| train/                  |              |
|    approx_kl            | 0.0077468343 |
|    clip_fraction        | 0.128        |
|    clip_range           | 0.2          |
|    entropy_loss         | -2.48        |
|    explained_variance   | 0.58         |
|    learning_rate        | 0.0003       |
|    loss                 | 0.558        |
|    n_updates            | 1850         |
|    policy_gradient_loss | 0.00014      |
|    std                  | 0.837        |
|    value_loss           | 6.31         |
------------------------------------------
------------------------------------------
| rollout/                |              |
|    ep_len_mean          | 1.59e+03     |
|    ep_rew_mean          | 61.9         |
| time/                   |              |
|    fps                  | 1455         |
|    iterations           | 72           |
|    time_elapsed         | 101          |
|    total_timesteps      | 761856       |
| train/                  |              |
|    approx_kl            | 0.0064159157 |
|    clip_fraction        | 0.0732       |
|    clip_range           | 0.2          |
|    entropy_loss         | -2.48        |
|    explained_variance   | 0.541        |
|    learning_rate        | 0.0003       |
|    loss                 | 10.4         |
|    n_updates            | 1855         |
|    policy_gradient_loss | -0.00244     |
|    std                  | 0.836        |
|    value_loss           | 44.1         |
------------------------------------------
------------------------------------------
| rollout/                |              |
|    ep_len_mean          | 1.58e+03     |
|    ep_rew_mean          | 63.4         |
| time/                   |              |
|    fps                  | 1454         |
|    iterations           | 73           |
|    time_elapsed         | 102          |
|    total_timesteps      | 763904       |
| train/                  |              |
|    approx_kl            | 0.0038514403 |
|    clip_fraction        | 0.0494       |
|    clip_range           | 0.2          |
|    entropy_loss         | -2.48        |
|    explained_variance   | 0.194        |
|    learning_rate        | 0.0003       |
|    loss                 | 2.73         |
|    n_updates            | 1860         |
|    policy_gradient_loss | -0.0016      |
|    std                  | 0.836        |
|    value_loss           | 16.2         |
------------------------------------------
------------------------------------------
| rollout/                |              |
|    ep_len_mean          | 1.58e+03     |
|    ep_rew_mean          | 63.4         |
| time/                   |              |
|    fps                  | 1452         |
|    iterations           | 74           |
|    time_elapsed         | 104          |
|    total_timesteps      | 765952       |
| train/                  |              |
|    approx_kl            | 0.0071419915 |
|    clip_fraction        | 0.0725       |
|    clip_range           | 0.2          |
|    entropy_loss         | -2.48        |
|    explained_variance   | 0.309        |
|    learning_rate        | 0.0003       |
|    loss                 | 0.599        |
|    n_updates            | 1865         |
|    policy_gradient_loss | -0.00167     |
|    std                  | 0.834        |
|    value_loss           | 59.8         |
------------------------------------------
-----------------------------------------
| rollout/                |             |
|    ep_len_mean          | 1.58e+03    |
|    ep_rew_mean          | 63.4        |
| time/                   |             |
|    fps                  | 1453        |
|    iterations           | 75          |
|    time_elapsed         | 105         |
|    total_timesteps      | 768000      |
| train/                  |             |
|    approx_kl            | 0.007939926 |
|    clip_fraction        | 0.0938      |
|    clip_range           | 0.2         |
|    entropy_loss         | -2.47       |
|    explained_variance   | 0.441       |
|    learning_rate        | 0.0003      |
|    loss                 | 0.978       |
|    n_updates            | 1870        |
|    policy_gradient_loss | -0.00342    |
|    std                  | 0.833       |
|    value_loss           | 4.34        |
-----------------------------------------
-----------------------------------------
| rollout/                |             |
|    ep_len_mean          | 1.59e+03    |
|    ep_rew_mean          | 62          |
| time/                   |             |
|    fps                  | 1451        |
|    iterations           | 76          |
|    time_elapsed         | 107         |
|    total_timesteps      | 770048      |
| train/                  |             |
|    approx_kl            | 0.004790684 |
|    clip_fraction        | 0.0616      |
|    clip_range           | 0.2         |
|    entropy_loss         | -2.47       |
|    explained_variance   | 0.334       |
|    learning_rate        | 0.0003      |
|    loss                 | 7.82        |
|    n_updates            | 1875        |
|    policy_gradient_loss | -0.00102    |
|    std                  | 0.832       |
|    value_loss           | 47.5        |
-----------------------------------------
-----------------------------------------
| rollout/                |             |
|    ep_len_mean          | 1.6e+03     |
|    ep_rew_mean          | 62.1        |
| time/                   |             |
|    fps                  | 1451        |
|    iterations           | 77          |
|    time_elapsed         | 108         |
|    total_timesteps      | 772096      |
| train/                  |             |
|    approx_kl            | 0.017522411 |
|    clip_fraction        | 0.138       |
|    clip_range           | 0.2         |
|    entropy_loss         | -2.47       |
|    explained_variance   | 0.812       |
|    learning_rate        | 0.0003      |
|    loss                 | 11.1        |
|    n_updates            | 1880        |
|    policy_gradient_loss | 0.00284     |
|    std                  | 0.831       |
|    value_loss           | 9.1         |
-----------------------------------------
------------------------------------------
| rollout/                |              |
|    ep_len_mean          | 1.59e+03     |
|    ep_rew_mean          | 62           |
| time/                   |              |
|    fps                  | 1451         |
|    iterations           | 78           |
|    time_elapsed         | 110          |
|    total_timesteps      | 774144       |
| train/                  |              |
|    approx_kl            | 0.0068991627 |
|    clip_fraction        | 0.0598       |
|    clip_range           | 0.2          |
|    entropy_loss         | -2.47        |
|    explained_variance   | 0.386        |
|    learning_rate        | 0.0003       |
|    loss                 | 172          |
|    n_updates            | 1885         |
|    policy_gradient_loss | -0.00164     |
|    std                  | 0.83         |
|    value_loss           | 54.9         |
------------------------------------------
-----------------------------------------
| rollout/                |             |
|    ep_len_mean          | 1.59e+03    |
|    ep_rew_mean          | 62          |
| time/                   |             |
|    fps                  | 1450        |
|    iterations           | 79          |
|    time_elapsed         | 111         |
|    total_timesteps      | 776192      |
| train/                  |             |
|    approx_kl            | 0.011798502 |
|    clip_fraction        | 0.207       |
|    clip_range           | 0.2         |
|    entropy_loss         | -2.47       |
|    explained_variance   | 0.385       |
|    learning_rate        | 0.0003      |
|    loss                 | 0.96        |
|    n_updates            | 1890        |
|    policy_gradient_loss | 0.0103      |
|    std                  | 0.831       |
|    value_loss           | 60.9        |
-----------------------------------------
-----------------------------------------
| rollout/                |             |
|    ep_len_mean          | 1.6e+03     |
|    ep_rew_mean          | 62          |
| time/                   |             |
|    fps                  | 1450        |
|    iterations           | 80          |
|    time_elapsed         | 112         |
|    total_timesteps      | 778240      |
| train/                  |             |
|    approx_kl            | 0.027039113 |
|    clip_fraction        | 0.231       |
|    clip_range           | 0.2         |
|    entropy_loss         | -2.47       |
|    explained_variance   | 0.183       |
|    learning_rate        | 0.0003      |
|    loss                 | 0.613       |
|    n_updates            | 1895        |
|    policy_gradient_loss | 0.0107      |
|    std                  | 0.833       |
|    value_loss           | 46.1        |
-----------------------------------------
-----------------------------------------
| rollout/                |             |
|    ep_len_mean          | 1.61e+03    |
|    ep_rew_mean          | 60.8        |
| time/                   |             |
|    fps                  | 1448        |
|    iterations           | 81          |
|    time_elapsed         | 114         |
|    total_timesteps      | 780288      |
| train/                  |             |
|    approx_kl            | 0.005248378 |
|    clip_fraction        | 0.0587      |
|    clip_range           | 0.2         |
|    entropy_loss         | -2.47       |
|    explained_variance   | -0.00158    |
|    learning_rate        | 0.0003      |
|    loss                 | 197         |
|    n_updates            | 1900        |
|    policy_gradient_loss | -0.000496   |
|    std                  | 0.831       |
|    value_loss           | 63.9        |
-----------------------------------------
-----------------------------------------
| rollout/                |             |
|    ep_len_mean          | 1.61e+03    |
|    ep_rew_mean          | 60.8        |
| time/                   |             |
|    fps                  | 1447        |
|    iterations           | 82          |
|    time_elapsed         | 116         |
|    total_timesteps      | 782336      |
| train/                  |             |
|    approx_kl            | 0.008948704 |
|    clip_fraction        | 0.0592      |
|    clip_range           | 0.2         |
|    entropy_loss         | -2.47       |
|    explained_variance   | 0.824       |
|    learning_rate        | 0.0003      |
|    loss                 | 13          |
|    n_updates            | 1905        |
|    policy_gradient_loss | 0.000142    |
|    std                  | 0.831       |
|    value_loss           | 14.7        |
-----------------------------------------
-----------------------------------------
| rollout/                |             |
|    ep_len_mean          | 1.6e+03     |
|    ep_rew_mean          | 62.1        |
| time/                   |             |
|    fps                  | 1447        |
|    iterations           | 83          |
|    time_elapsed         | 117         |
|    total_timesteps      | 784384      |
| train/                  |             |
|    approx_kl            | 0.027187772 |
|    clip_fraction        | 0.21        |
|    clip_range           | 0.2         |
|    entropy_loss         | -2.47       |
|    explained_variance   | 0.684       |
|    learning_rate        | 0.0003      |
|    loss                 | 1.48        |
|    n_updates            | 1910        |
|    policy_gradient_loss | 0.0059      |
|    std                  | 0.833       |
|    value_loss           | 2.71        |
-----------------------------------------
-----------------------------------------
| rollout/                |             |
|    ep_len_mean          | 1.6e+03     |
|    ep_rew_mean          | 61.8        |
| time/                   |             |
|    fps                  | 1445        |
|    iterations           | 84          |
|    time_elapsed         | 119         |
|    total_timesteps      | 786432      |
| train/                  |             |
|    approx_kl            | 0.007035592 |
|    clip_fraction        | 0.0786      |
|    clip_range           | 0.2         |
|    entropy_loss         | -2.47       |
|    explained_variance   | 0.211       |
|    learning_rate        | 0.0003      |
|    loss                 | 4.34        |
|    n_updates            | 1915        |
|    policy_gradient_loss | 0.0017      |
|    std                  | 0.833       |
|    value_loss           | 96.5        |
-----------------------------------------
---------------------------------------
| rollout/                |           |
|    ep_len_mean          | 1.57e+03  |
|    ep_rew_mean          | 65.8      |
| time/                   |           |
|    fps                  | 1443      |
|    iterations           | 85        |
|    time_elapsed         | 120       |
|    total_timesteps      | 788480    |
| train/                  |           |
|    approx_kl            | 0.0396727 |
|    clip_fraction        | 0.202     |
|    clip_range           | 0.2       |
|    entropy_loss         | -2.47     |
|    explained_variance   | 0.636     |
|    learning_rate        | 0.0003    |
|    loss                 | 0.396     |
|    n_updates            | 1920      |
|    policy_gradient_loss | 0.0215    |
|    std                  | 0.83      |
|    value_loss           | 6.01      |
---------------------------------------
-----------------------------------------
| rollout/                |             |
|    ep_len_mean          | 1.57e+03    |
|    ep_rew_mean          | 65.8        |
| time/                   |             |
|    fps                  | 1441        |
|    iterations           | 86          |
|    time_elapsed         | 122         |
|    total_timesteps      | 790528      |
| train/                  |             |
|    approx_kl            | 0.031287033 |
|    clip_fraction        | 0.303       |
|    clip_range           | 0.2         |
|    entropy_loss         | -2.46       |
|    explained_variance   | 0.0631      |
|    learning_rate        | 0.0003      |
|    loss                 | 5.05        |
|    n_updates            | 1925        |
|    policy_gradient_loss | 0.012       |
|    std                  | 0.829       |
|    value_loss           | 127         |
-----------------------------------------
-----------------------------------------
| rollout/                |             |
|    ep_len_mean          | 1.57e+03    |
|    ep_rew_mean          | 65.8        |
| time/                   |             |
|    fps                  | 1442        |
|    iterations           | 87          |
|    time_elapsed         | 123         |
|    total_timesteps      | 792576      |
| train/                  |             |
|    approx_kl            | 0.023220386 |
|    clip_fraction        | 0.135       |
|    clip_range           | 0.2         |
|    entropy_loss         | -2.46       |
|    explained_variance   | 0.707       |
|    learning_rate        | 0.0003      |
|    loss                 | 10.9        |
|    n_updates            | 1930        |
|    policy_gradient_loss | 0.00312     |
|    std                  | 0.83        |
|    value_loss           | 8.22        |
-----------------------------------------
-----------------------------------------
| rollout/                |             |
|    ep_len_mean          | 1.57e+03    |
|    ep_rew_mean          | 65.6        |
| time/                   |             |
|    fps                  | 1443        |
|    iterations           | 88          |
|    time_elapsed         | 124         |
|    total_timesteps      | 794624      |
| train/                  |             |
|    approx_kl            | 0.040069893 |
|    clip_fraction        | 0.261       |
|    clip_range           | 0.2         |
|    entropy_loss         | -2.46       |
|    explained_variance   | 0.689       |
|    learning_rate        | 0.0003      |
|    loss                 | 0.264       |
|    n_updates            | 1935        |
|    policy_gradient_loss | 0.0198      |
|    std                  | 0.83        |
|    value_loss           | 8.64        |
-----------------------------------------
------------------------------------------
| rollout/                |              |
|    ep_len_mean          | 1.56e+03     |
|    ep_rew_mean          | 65.6         |
| time/                   |              |
|    fps                  | 1442         |
|    iterations           | 89           |
|    time_elapsed         | 126          |
|    total_timesteps      | 796672       |
| train/                  |              |
|    approx_kl            | 0.0082547795 |
|    clip_fraction        | 0.131        |
|    clip_range           | 0.2          |
|    entropy_loss         | -2.46        |
|    explained_variance   | 0.245        |
|    learning_rate        | 0.0003       |
|    loss                 | 2.45         |
|    n_updates            | 1940         |
|    policy_gradient_loss | 0.000407     |
|    std                  | 0.828        |
|    value_loss           | 47.7         |
------------------------------------------
------------------------------------------
| rollout/                |              |
|    ep_len_mean          | 1.56e+03     |
|    ep_rew_mean          | 65.4         |
| time/                   |              |
|    fps                  | 1441         |
|    iterations           | 90           |
|    time_elapsed         | 127          |
|    total_timesteps      | 798720       |
| train/                  |              |
|    approx_kl            | 0.0075804554 |
|    clip_fraction        | 0.0754       |
|    clip_range           | 0.2          |
|    entropy_loss         | -2.46        |
|    explained_variance   | 0.193        |
|    learning_rate        | 0.0003       |
|    loss                 | 0.656        |
|    n_updates            | 1945         |
|    policy_gradient_loss | -5.9e-05     |
|    std                  | 0.829        |
|    value_loss           | 47           |
------------------------------------------
-----------------------------------------
| rollout/                |             |
|    ep_len_mean          | 1.56e+03    |
|    ep_rew_mean          | 65.4        |
| time/                   |             |
|    fps                  | 1438        |
|    iterations           | 91          |
|    time_elapsed         | 129         |
|    total_timesteps      | 800768      |
| train/                  |             |
|    approx_kl            | 0.009998785 |
|    clip_fraction        | 0.219       |
|    clip_range           | 0.2         |
|    entropy_loss         | -2.46       |
|    explained_variance   | 0.0874      |
|    learning_rate        | 0.0003      |
|    loss                 | 1.15        |
|    n_updates            | 1950        |
|    policy_gradient_loss | 0.0104      |
|    std                  | 0.829       |
|    value_loss           | 89.2        |
-----------------------------------------
-----------------------------------------
| rollout/                |             |
|    ep_len_mean          | 1.56e+03    |
|    ep_rew_mean          | 65.4        |
| time/                   |             |
|    fps                  | 1438        |
|    iterations           | 92          |
|    time_elapsed         | 130         |
|    total_timesteps      | 802816      |
| train/                  |             |
|    approx_kl            | 0.015182983 |
|    clip_fraction        | 0.116       |
|    clip_range           | 0.2         |
|    entropy_loss         | -2.46       |
|    explained_variance   | 0.785       |
|    learning_rate        | 0.0003      |
|    loss                 | 2.16        |
|    n_updates            | 1955        |
|    policy_gradient_loss | 0.00371     |
|    std                  | 0.829       |
|    value_loss           | 6.9         |
-----------------------------------------
------------------------------------------
| rollout/                |              |
|    ep_len_mean          | 1.56e+03     |
|    ep_rew_mean          | 65.5         |
| time/                   |              |
|    fps                  | 1438         |
|    iterations           | 93           |
|    time_elapsed         | 132          |
|    total_timesteps      | 804864       |
| train/                  |              |
|    approx_kl            | 0.0032997797 |
|    clip_fraction        | 0.02         |
|    clip_range           | 0.2          |
|    entropy_loss         | -2.46        |
|    explained_variance   | 0.74         |
|    learning_rate        | 0.0003       |
|    loss                 | 0.0337       |
|    n_updates            | 1960         |
|    policy_gradient_loss | 0.000274     |
|    std                  | 0.829        |
|    value_loss           | 8.76         |
------------------------------------------
------------------------------------------
| rollout/                |              |
|    ep_len_mean          | 1.57e+03     |
|    ep_rew_mean          | 64           |
| time/                   |              |
|    fps                  | 1438         |
|    iterations           | 94           |
|    time_elapsed         | 133          |
|    total_timesteps      | 806912       |
| train/                  |              |
|    approx_kl            | 0.0032606167 |
|    clip_fraction        | 0.0249       |
|    clip_range           | 0.2          |
|    entropy_loss         | -2.46        |
|    explained_variance   | 0.88         |
|    learning_rate        | 0.0003       |
|    loss                 | 3.2          |
|    n_updates            | 1965         |
|    policy_gradient_loss | -0.00137     |
|    std                  | 0.829        |
|    value_loss           | 11.4         |
------------------------------------------
------------------------------------------
| rollout/                |              |
|    ep_len_mean          | 1.57e+03     |
|    ep_rew_mean          | 64           |
| time/                   |              |
|    fps                  | 1436         |
|    iterations           | 95           |
|    time_elapsed         | 135          |
|    total_timesteps      | 808960       |
| train/                  |              |
|    approx_kl            | 0.0053949147 |
|    clip_fraction        | 0.0303       |
|    clip_range           | 0.2          |
|    entropy_loss         | -2.46        |
|    explained_variance   | 0.665        |
|    learning_rate        | 0.0003       |
|    loss                 | 3.35         |
|    n_updates            | 1970         |
|    policy_gradient_loss | -0.00296     |
|    std                  | 0.829        |
|    value_loss           | 21.2         |
------------------------------------------
-----------------------------------------
| rollout/                |             |
|    ep_len_mean          | 1.55e+03    |
|    ep_rew_mean          | 66.6        |
| time/                   |             |
|    fps                  | 1436        |
|    iterations           | 96          |
|    time_elapsed         | 136         |
|    total_timesteps      | 811008      |
| train/                  |             |
|    approx_kl            | 0.022882385 |
|    clip_fraction        | 0.137       |
|    clip_range           | 0.2         |
|    entropy_loss         | -2.46       |
|    explained_variance   | 0.32        |
|    learning_rate        | 0.0003      |
|    loss                 | 4.77        |
|    n_updates            | 1975        |
|    policy_gradient_loss | 0.0061      |
|    std                  | 0.824       |
|    value_loss           | 3.8         |
-----------------------------------------
------------------------------------------
| rollout/                |              |
|    ep_len_mean          | 1.55e+03     |
|    ep_rew_mean          | 66.5         |
| time/                   |              |
|    fps                  | 1435         |
|    iterations           | 97           |
|    time_elapsed         | 138          |
|    total_timesteps      | 813056       |
| train/                  |              |
|    approx_kl            | 0.0056853183 |
|    clip_fraction        | 0.0356       |
|    clip_range           | 0.2          |
|    entropy_loss         | -2.45        |
|    explained_variance   | 0.338        |
|    learning_rate        | 0.0003       |
|    loss                 | 165          |
|    n_updates            | 1980         |
|    policy_gradient_loss | -0.000238    |
|    std                  | 0.824        |
|    value_loss           | 97.4         |
------------------------------------------
-----------------------------------------
| rollout/                |             |
|    ep_len_mean          | 1.55e+03    |
|    ep_rew_mean          | 66.6        |
| time/                   |             |
|    fps                  | 1434        |
|    iterations           | 98          |
|    time_elapsed         | 139         |
|    total_timesteps      | 815104      |
| train/                  |             |
|    approx_kl            | 0.013316185 |
|    clip_fraction        | 0.0974      |
|    clip_range           | 0.2         |
|    entropy_loss         | -2.45       |
|    explained_variance   | 0.103       |
|    learning_rate        | 0.0003      |
|    loss                 | 1.71        |
|    n_updates            | 1985        |
|    policy_gradient_loss | 0.00227     |
|    std                  | 0.826       |
|    value_loss           | 92.7        |
-----------------------------------------
------------------------------------------
| rollout/                |              |
|    ep_len_mean          | 1.55e+03     |
|    ep_rew_mean          | 66.6         |
| time/                   |              |
|    fps                  | 1433         |
|    iterations           | 99           |
|    time_elapsed         | 141          |
|    total_timesteps      | 817152       |
| train/                  |              |
|    approx_kl            | 0.0039915475 |
|    clip_fraction        | 0.0145       |
|    clip_range           | 0.2          |
|    entropy_loss         | -2.45        |
|    explained_variance   | 0.368        |
|    learning_rate        | 0.0003       |
|    loss                 | 167          |
|    n_updates            | 1990         |
|    policy_gradient_loss | -0.000582    |
|    std                  | 0.825        |
|    value_loss           | 51.8         |
------------------------------------------
----------------------------------------
| rollout/                |            |
|    ep_len_mean          | 1.55e+03   |
|    ep_rew_mean          | 66.6       |
| time/                   |            |
|    fps                  | 1432       |
|    iterations           | 100        |
|    time_elapsed         | 142        |
|    total_timesteps      | 819200     |
| train/                  |            |
|    approx_kl            | 0.00391386 |
|    clip_fraction        | 0.0504     |
|    clip_range           | 0.2        |
|    entropy_loss         | -2.45      |
|    explained_variance   | 0.668      |
|    learning_rate        | 0.0003     |
|    loss                 | 2.37       |
|    n_updates            | 1995       |
|    policy_gradient_loss | 0.000887   |
|    std                  | 0.825      |
|    value_loss           | 10.8       |
----------------------------------------

CP4 held-out: 28/50 hits (56.0%), mean miss 5.6 m, mean reward 64.45
STOP CONDITION: no joint improvement -- review gate before continuing.
CP5: evasive lineage | max_time=45s t_go_max=10s | tracking=True | obs=12-D | miss_tanh_scale=3000m shaping_gamma=1 effort_weight=5 precision_weight=0 -> out=outputs/evasive_zemtgo10_seed8
---------------------------------
| rollout/           |          |
|    ep_len_mean     | 1.55e+03 |
|    ep_rew_mean     | 66.6     |
| time/              |          |
|    fps             | 4265     |
|    iterations      | 1        |
|    time_elapsed    | 0        |
|    total_timesteps | 821248   |
---------------------------------
-----------------------------------------
| rollout/                |             |
|    ep_len_mean          | 1.55e+03    |
|    ep_rew_mean          | 66.6        |
| time/                   |             |
|    fps                  | 1769        |
|    iterations           | 2           |
|    time_elapsed         | 2           |
|    total_timesteps      | 823296      |
| train/                  |             |
|    approx_kl            | 0.006076344 |
|    clip_fraction        | 0.058       |
|    clip_range           | 0.2         |
|    entropy_loss         | -2.45       |
|    explained_variance   | 0.683       |
|    learning_rate        | 0.0003      |
|    loss                 | 4.2         |
|    n_updates            | 2005        |
|    policy_gradient_loss | -0.00308    |
|    std                  | 0.826       |
|    value_loss           | 6.47        |
-----------------------------------------
-----------------------------------------
| rollout/                |             |
|    ep_len_mean          | 1.54e+03    |
|    ep_rew_mean          | 66.6        |
| time/                   |             |
|    fps                  | 1696        |
|    iterations           | 3           |
|    time_elapsed         | 3           |
|    total_timesteps      | 825344      |
| train/                  |             |
|    approx_kl            | 0.004211628 |
|    clip_fraction        | 0.0419      |
|    clip_range           | 0.2         |
|    entropy_loss         | -2.45       |
|    explained_variance   | 0.742       |
|    learning_rate        | 0.0003      |
|    loss                 | 1.49        |
|    n_updates            | 2010        |
|    policy_gradient_loss | -0.000399   |
|    std                  | 0.826       |
|    value_loss           | 15.5        |
-----------------------------------------
-----------------------------------------
| rollout/                |             |
|    ep_len_mean          | 1.54e+03    |
|    ep_rew_mean          | 66.6        |
| time/                   |             |
|    fps                  | 1626        |
|    iterations           | 4           |
|    time_elapsed         | 5           |
|    total_timesteps      | 827392      |
| train/                  |             |
|    approx_kl            | 0.003027997 |
|    clip_fraction        | 0.0416      |
|    clip_range           | 0.2         |
|    entropy_loss         | -2.45       |
|    explained_variance   | 0.396       |
|    learning_rate        | 0.0003      |
|    loss                 | 0.327       |
|    n_updates            | 2015        |
|    policy_gradient_loss | 0.000849    |
|    std                  | 0.825       |
|    value_loss           | 46.6        |
-----------------------------------------
-----------------------------------------
| rollout/                |             |
|    ep_len_mean          | 1.58e+03    |
|    ep_rew_mean          | 62          |
| time/                   |             |
|    fps                  | 1617        |
|    iterations           | 5           |
|    time_elapsed         | 6           |
|    total_timesteps      | 829440      |
| train/                  |             |
|    approx_kl            | 0.008412095 |
|    clip_fraction        | 0.0619      |
|    clip_range           | 0.2         |
|    entropy_loss         | -2.45       |
|    explained_variance   | 0.929       |
|    learning_rate        | 0.0003      |
|    loss                 | 0.0182      |
|    n_updates            | 2020        |
|    policy_gradient_loss | -0.00284    |
|    std                  | 0.825       |
|    value_loss           | 1.94        |
-----------------------------------------
------------------------------------------
| rollout/                |              |
|    ep_len_mean          | 1.58e+03     |
|    ep_rew_mean          | 61.9         |
| time/                   |              |
|    fps                  | 1534         |
|    iterations           | 6            |
|    time_elapsed         | 8            |
|    total_timesteps      | 831488       |
| train/                  |              |
|    approx_kl            | 0.0012484336 |
|    clip_fraction        | 0.13         |
|    clip_range           | 0.2          |
|    entropy_loss         | -2.45        |
|    explained_variance   | 0.123        |
|    learning_rate        | 0.0003       |
|    loss                 | 191          |
|    n_updates            | 2025         |
|    policy_gradient_loss | 0.00492      |
|    std                  | 0.825        |
|    value_loss           | 77.5         |
------------------------------------------
-----------------------------------------
| rollout/                |             |
|    ep_len_mean          | 1.57e+03    |
|    ep_rew_mean          | 63.1        |
| time/                   |             |
|    fps                  | 1525        |
|    iterations           | 7           |
|    time_elapsed         | 9           |
|    total_timesteps      | 833536      |
| train/                  |             |
|    approx_kl            | 0.017985757 |
|    clip_fraction        | 0.187       |
|    clip_range           | 0.2         |
|    entropy_loss         | -2.45       |
|    explained_variance   | 0.0124      |
|    learning_rate        | 0.0003      |
|    loss                 | 1.56        |
|    n_updates            | 2030        |
|    policy_gradient_loss | -0.00476    |
|    std                  | 0.825       |
|    value_loss           | 49.7        |
-----------------------------------------
-----------------------------------------
| rollout/                |             |
|    ep_len_mean          | 1.57e+03    |
|    ep_rew_mean          | 63.1        |
| time/                   |             |
|    fps                  | 1513        |
|    iterations           | 8           |
|    time_elapsed         | 10          |
|    total_timesteps      | 835584      |
| train/                  |             |
|    approx_kl            | 0.007086021 |
|    clip_fraction        | 0.0826      |
|    clip_range           | 0.2         |
|    entropy_loss         | -2.45       |
|    explained_variance   | 0.259       |
|    learning_rate        | 0.0003      |
|    loss                 | 3.59        |
|    n_updates            | 2035        |
|    policy_gradient_loss | 0.00305     |
|    std                  | 0.823       |
|    value_loss           | 55.6        |
-----------------------------------------
----------------------------------------
| rollout/                |            |
|    ep_len_mean          | 1.57e+03   |
|    ep_rew_mean          | 62.5       |
| time/                   |            |
|    fps                  | 1514       |
|    iterations           | 9          |
|    time_elapsed         | 12         |
|    total_timesteps      | 837632     |
| train/                  |            |
|    approx_kl            | 0.00781143 |
|    clip_fraction        | 0.0886     |
|    clip_range           | 0.2        |
|    entropy_loss         | -2.45      |
|    explained_variance   | 0.783      |
|    learning_rate        | 0.0003     |
|    loss                 | 6.6        |
|    n_updates            | 2040       |
|    policy_gradient_loss | -0.00155   |
|    std                  | 0.822      |
|    value_loss           | 7.74       |
----------------------------------------
------------------------------------------
| rollout/                |              |
|    ep_len_mean          | 1.56e+03     |
|    ep_rew_mean          | 62.7         |
| time/                   |              |
|    fps                  | 1512         |
|    iterations           | 10           |
|    time_elapsed         | 13           |
|    total_timesteps      | 839680       |
| train/                  |              |
|    approx_kl            | 0.0031457325 |
|    clip_fraction        | 0.0225       |
|    clip_range           | 0.2          |
|    entropy_loss         | -2.44        |
|    explained_variance   | 0.665        |
|    learning_rate        | 0.0003       |
|    loss                 | 0.501        |
|    n_updates            | 2045         |
|    policy_gradient_loss | -0.00273     |
|    std                  | 0.822        |
|    value_loss           | 16.2         |
------------------------------------------
-----------------------------------------
| rollout/                |             |
|    ep_len_mean          | 1.58e+03    |
|    ep_rew_mean          | 61.3        |
| time/                   |             |
|    fps                  | 1501        |
|    iterations           | 11          |
|    time_elapsed         | 15          |
|    total_timesteps      | 841728      |
| train/                  |             |
|    approx_kl            | 0.016144382 |
|    clip_fraction        | 0.203       |
|    clip_range           | 0.2         |
|    entropy_loss         | -2.44       |
|    explained_variance   | 0.846       |
|    learning_rate        | 0.0003      |
|    loss                 | 1.96        |
|    n_updates            | 2050        |
|    policy_gradient_loss | 0.0129      |
|    std                  | 0.822       |
|    value_loss           | 4.69        |
-----------------------------------------
------------------------------------------
| rollout/                |              |
|    ep_len_mean          | 1.58e+03     |
|    ep_rew_mean          | 61.3         |
| time/                   |              |
|    fps                  | 1495         |
|    iterations           | 12           |
|    time_elapsed         | 16           |
|    total_timesteps      | 843776       |
| train/                  |              |
|    approx_kl            | 0.0034456248 |
|    clip_fraction        | 0.152        |
|    clip_range           | 0.2          |
|    entropy_loss         | -2.44        |
|    explained_variance   | 0.913        |
|    learning_rate        | 0.0003       |
|    loss                 | 3.46         |
|    n_updates            | 2055         |
|    policy_gradient_loss | 0.00718      |
|    std                  | 0.82         |
|    value_loss           | 6.76         |
------------------------------------------
-----------------------------------------
| rollout/                |             |
|    ep_len_mean          | 1.58e+03    |
|    ep_rew_mean          | 61          |
| time/                   |             |
|    fps                  | 1495        |
|    iterations           | 13          |
|    time_elapsed         | 17          |
|    total_timesteps      | 845824      |
| train/                  |             |
|    approx_kl            | 0.006534028 |
|    clip_fraction        | 0.0417      |
|    clip_range           | 0.2         |
|    entropy_loss         | -2.44       |
|    explained_variance   | 0.84        |
|    learning_rate        | 0.0003      |
|    loss                 | 3.23        |
|    n_updates            | 2060        |
|    policy_gradient_loss | -0.00238    |
|    std                  | 0.819       |
|    value_loss           | 4.46        |
-----------------------------------------
------------------------------------------
| rollout/                |              |
|    ep_len_mean          | 1.59e+03     |
|    ep_rew_mean          | 59.9         |
| time/                   |              |
|    fps                  | 1485         |
|    iterations           | 14           |
|    time_elapsed         | 19           |
|    total_timesteps      | 847872       |
| train/                  |              |
|    approx_kl            | 0.0066710296 |
|    clip_fraction        | 0.0847       |
|    clip_range           | 0.2          |
|    entropy_loss         | -2.44        |
|    explained_variance   | -0.0657      |
|    learning_rate        | 0.0003       |
|    loss                 | 1.01         |
|    n_updates            | 2065         |
|    policy_gradient_loss | -0.00402     |
|    std                  | 0.82         |
|    value_loss           | 60.4         |
------------------------------------------
-----------------------------------------
| rollout/                |             |
|    ep_len_mean          | 1.58e+03    |
|    ep_rew_mean          | 61.2        |
| time/                   |             |
|    fps                  | 1484        |
|    iterations           | 15          |
|    time_elapsed         | 20          |
|    total_timesteps      | 849920      |
| train/                  |             |
|    approx_kl            | 0.044198036 |
|    clip_fraction        | 0.166       |
|    clip_range           | 0.2         |
|    entropy_loss         | -2.44       |
|    explained_variance   | 0.372       |
|    learning_rate        | 0.0003      |
|    loss                 | 7.3         |
|    n_updates            | 2070        |
|    policy_gradient_loss | 0.00583     |
|    std                  | 0.82        |
|    value_loss           | 14.7        |
-----------------------------------------
----------------------------------------
| rollout/                |            |
|    ep_len_mean          | 1.57e+03   |
|    ep_rew_mean          | 62.6       |
| time/                   |            |
|    fps                  | 1477       |
|    iterations           | 16         |
|    time_elapsed         | 22         |
|    total_timesteps      | 851968     |
| train/                  |            |
|    approx_kl            | 0.04026114 |
|    clip_fraction        | 0.215      |
|    clip_range           | 0.2        |
|    entropy_loss         | -2.44      |
|    explained_variance   | 0.0395     |
|    learning_rate        | 0.0003     |
|    loss                 | 6.83       |
|    n_updates            | 2075       |
|    policy_gradient_loss | 0.008      |
|    std                  | 0.823      |
|    value_loss           | 95.5       |
----------------------------------------
------------------------------------------
| rollout/                |              |
|    ep_len_mean          | 1.57e+03     |
|    ep_rew_mean          | 62.6         |
| time/                   |              |
|    fps                  | 1477         |
|    iterations           | 17           |
|    time_elapsed         | 23           |
|    total_timesteps      | 854016       |
| train/                  |              |
|    approx_kl            | 0.0057589766 |
|    clip_fraction        | 0.0552       |
|    clip_range           | 0.2          |
|    entropy_loss         | -2.45        |
|    explained_variance   | 0.255        |
|    learning_rate        | 0.0003       |
|    loss                 | 1.86         |
|    n_updates            | 2080         |
|    policy_gradient_loss | -0.00303     |
|    std                  | 0.823        |
|    value_loss           | 50.5         |
------------------------------------------
-----------------------------------------
| rollout/                |             |
|    ep_len_mean          | 1.57e+03    |
|    ep_rew_mean          | 62.6        |
| time/                   |             |
|    fps                  | 1481        |
|    iterations           | 18          |
|    time_elapsed         | 24          |
|    total_timesteps      | 856064      |
| train/                  |             |
|    approx_kl            | 0.019205948 |
|    clip_fraction        | 0.132       |
|    clip_range           | 0.2         |
|    entropy_loss         | -2.45       |
|    explained_variance   | 0.807       |
|    learning_rate        | 0.0003      |
|    loss                 | 2.23        |
|    n_updates            | 2085        |
|    policy_gradient_loss | -0.00195    |
|    std                  | 0.821       |
|    value_loss           | 6.07        |
-----------------------------------------
-----------------------------------------
| rollout/                |             |
|    ep_len_mean          | 1.58e+03    |
|    ep_rew_mean          | 62.3        |
| time/                   |             |
|    fps                  | 1471        |
|    iterations           | 19          |
|    time_elapsed         | 26          |
|    total_timesteps      | 858112      |
| train/                  |             |
|    approx_kl            | 0.067929976 |
|    clip_fraction        | 0.256       |
|    clip_range           | 0.2         |
|    entropy_loss         | -2.44       |
|    explained_variance   | 0.187       |
|    learning_rate        | 0.0003      |
|    loss                 | 0.349       |
|    n_updates            | 2090        |
|    policy_gradient_loss | 0.0299      |
|    std                  | 0.824       |
|    value_loss           | 57          |
-----------------------------------------
-----------------------------------------
| rollout/                |             |
|    ep_len_mean          | 1.57e+03    |
|    ep_rew_mean          | 62.6        |
| time/                   |             |
|    fps                  | 1468        |
|    iterations           | 20          |
|    time_elapsed         | 27          |
|    total_timesteps      | 860160      |
| train/                  |             |
|    approx_kl            | 0.012094744 |
|    clip_fraction        | 0.0812      |
|    clip_range           | 0.2         |
|    entropy_loss         | -2.45       |
|    explained_variance   | 0.233       |
|    learning_rate        | 0.0003      |
|    loss                 | 0.74        |
|    n_updates            | 2095        |
|    policy_gradient_loss | -0.00192    |
|    std                  | 0.827       |
|    value_loss           | 55          |
-----------------------------------------
------------------------------------------
| rollout/                |              |
|    ep_len_mean          | 1.57e+03     |
|    ep_rew_mean          | 62.6         |
| time/                   |              |
|    fps                  | 1463         |
|    iterations           | 21           |
|    time_elapsed         | 29           |
|    total_timesteps      | 862208       |
| train/                  |              |
|    approx_kl            | 0.0068464065 |
|    clip_fraction        | 0.113        |
|    clip_range           | 0.2          |
|    entropy_loss         | -2.46        |
|    explained_variance   | -0.0154      |
|    learning_rate        | 0.0003       |
|    loss                 | 15.5         |
|    n_updates            | 2100         |
|    policy_gradient_loss | 0.000546     |
|    std                  | 0.828        |
|    value_loss           | 54.3         |
------------------------------------------
----------------------------------------
| rollout/                |            |
|    ep_len_mean          | 1.58e+03   |
|    ep_rew_mean          | 62.4       |
| time/                   |            |
|    fps                  | 1463       |
|    iterations           | 22         |
|    time_elapsed         | 30         |
|    total_timesteps      | 864256     |
| train/                  |            |
|    approx_kl            | 0.01834147 |
|    clip_fraction        | 0.188      |
|    clip_range           | 0.2        |
|    entropy_loss         | -2.46      |
|    explained_variance   | 0.671      |
|    learning_rate        | 0.0003     |
|    loss                 | 0.682      |
|    n_updates            | 2105       |
|    policy_gradient_loss | 0.0132     |
|    std                  | 0.832      |
|    value_loss           | 8.05       |
----------------------------------------
------------------------------------------
| rollout/                |              |
|    ep_len_mean          | 1.58e+03     |
|    ep_rew_mean          | 62.4         |
| time/                   |              |
|    fps                  | 1457         |
|    iterations           | 23           |
|    time_elapsed         | 32           |
|    total_timesteps      | 866304       |
| train/                  |              |
|    approx_kl            | 0.0053638043 |
|    clip_fraction        | 0.0463       |
|    clip_range           | 0.2          |
|    entropy_loss         | -2.47        |
|    explained_variance   | 0.425        |
|    learning_rate        | 0.0003       |
|    loss                 | 0.913        |
|    n_updates            | 2110         |
|    policy_gradient_loss | -0.000585    |
|    std                  | 0.832        |
|    value_loss           | 55.9         |
------------------------------------------
-----------------------------------------
| rollout/                |             |
|    ep_len_mean          | 1.59e+03    |
|    ep_rew_mean          | 61.5        |
| time/                   |             |
|    fps                  | 1460        |
|    iterations           | 24          |
|    time_elapsed         | 33          |
|    total_timesteps      | 868352      |
| train/                  |             |
|    approx_kl            | 0.016291969 |
|    clip_fraction        | 0.106       |
|    clip_range           | 0.2         |
|    entropy_loss         | -2.46       |
|    explained_variance   | 0.81        |
|    learning_rate        | 0.0003      |
|    loss                 | 0.221       |
|    n_updates            | 2115        |
|    policy_gradient_loss | -0.000347   |
|    std                  | 0.827       |
|    value_loss           | 4.83        |
-----------------------------------------
------------------------------------------
| rollout/                |              |
|    ep_len_mean          | 1.59e+03     |
|    ep_rew_mean          | 61.5         |
| time/                   |              |
|    fps                  | 1455         |
|    iterations           | 25           |
|    time_elapsed         | 35           |
|    total_timesteps      | 870400       |
| train/                  |              |
|    approx_kl            | 0.0101391785 |
|    clip_fraction        | 0.054        |
|    clip_range           | 0.2          |
|    entropy_loss         | -2.46        |
|    explained_variance   | 0.835        |
|    learning_rate        | 0.0003       |
|    loss                 | 0.193        |
|    n_updates            | 2120         |
|    policy_gradient_loss | -0.00219     |
|    std                  | 0.826        |
|    value_loss           | 8.61         |
------------------------------------------
----------------------------------------
| rollout/                |            |
|    ep_len_mean          | 1.59e+03   |
|    ep_rew_mean          | 61.5       |
| time/                   |            |
|    fps                  | 1458       |
|    iterations           | 26         |
|    time_elapsed         | 36         |
|    total_timesteps      | 872448     |
| train/                  |            |
|    approx_kl            | 0.01287955 |
|    clip_fraction        | 0.131      |
|    clip_range           | 0.2        |
|    entropy_loss         | -2.46      |
|    explained_variance   | 0.814      |
|    learning_rate        | 0.0003     |
|    loss                 | 2.53       |
|    n_updates            | 2125       |
|    policy_gradient_loss | 0.00376    |
|    std                  | 0.826      |
|    value_loss           | 4.93       |
----------------------------------------
-----------------------------------------
| rollout/                |             |
|    ep_len_mean          | 1.58e+03    |
|    ep_rew_mean          | 62.8        |
| time/                   |             |
|    fps                  | 1449        |
|    iterations           | 27          |
|    time_elapsed         | 38          |
|    total_timesteps      | 874496      |
| train/                  |             |
|    approx_kl            | 0.006480864 |
|    clip_fraction        | 0.154       |
|    clip_range           | 0.2         |
|    entropy_loss         | -2.46       |
|    explained_variance   | 0.254       |
|    learning_rate        | 0.0003      |
|    loss                 | 2.36        |
|    n_updates            | 2130        |
|    policy_gradient_loss | 0.00392     |
|    std                  | 0.826       |
|    value_loss           | 60.1        |
-----------------------------------------
-----------------------------------------
| rollout/                |             |
|    ep_len_mean          | 1.58e+03    |
|    ep_rew_mean          | 62.8        |
| time/                   |             |
|    fps                  | 1447        |
|    iterations           | 28          |
|    time_elapsed         | 39          |
|    total_timesteps      | 876544      |
| train/                  |             |
|    approx_kl            | 0.014385426 |
|    clip_fraction        | 0.132       |
|    clip_range           | 0.2         |
|    entropy_loss         | -2.45       |
|    explained_variance   | 0.41        |
|    learning_rate        | 0.0003      |
|    loss                 | 1.75        |
|    n_updates            | 2135        |
|    policy_gradient_loss | 0.00554     |
|    std                  | 0.826       |
|    value_loss           | 48.8        |
-----------------------------------------
-----------------------------------------
| rollout/                |             |
|    ep_len_mean          | 1.58e+03    |
|    ep_rew_mean          | 62.9        |
| time/                   |             |
|    fps                  | 1444        |
|    iterations           | 29          |
|    time_elapsed         | 41          |
|    total_timesteps      | 878592      |
| train/                  |             |
|    approx_kl            | 0.009508625 |
|    clip_fraction        | 0.053       |
|    clip_range           | 0.2         |
|    entropy_loss         | -2.45       |
|    explained_variance   | 0.259       |
|    learning_rate        | 0.0003      |
|    loss                 | 0.548       |
|    n_updates            | 2140        |
|    policy_gradient_loss | 0.00105     |
|    std                  | 0.825       |
|    value_loss           | 60.4        |
-----------------------------------------
------------------------------------------
| rollout/                |              |
|    ep_len_mean          | 1.58e+03     |
|    ep_rew_mean          | 62.7         |
| time/                   |              |
|    fps                  | 1442         |
|    iterations           | 30           |
|    time_elapsed         | 42           |
|    total_timesteps      | 880640       |
| train/                  |              |
|    approx_kl            | 0.0028112442 |
|    clip_fraction        | 0.0415       |
|    clip_range           | 0.2          |
|    entropy_loss         | -2.45        |
|    explained_variance   | 0.19         |
|    learning_rate        | 0.0003       |
|    loss                 | 3.82         |
|    n_updates            | 2145         |
|    policy_gradient_loss | -0.00164     |
|    std                  | 0.824        |
|    value_loss           | 53.5         |
------------------------------------------
------------------------------------------
| rollout/                |              |
|    ep_len_mean          | 1.58e+03     |
|    ep_rew_mean          | 62.6         |
| time/                   |              |
|    fps                  | 1440         |
|    iterations           | 31           |
|    time_elapsed         | 44           |
|    total_timesteps      | 882688       |
| train/                  |              |
|    approx_kl            | 0.0068798587 |
|    clip_fraction        | 0.104        |
|    clip_range           | 0.2          |
|    entropy_loss         | -2.45        |
|    explained_variance   | 0.674        |
|    learning_rate        | 0.0003       |
|    loss                 | 32.6         |
|    n_updates            | 2150         |
|    policy_gradient_loss | 0.000545     |
|    std                  | 0.824        |
|    value_loss           | 17.2         |
------------------------------------------
-----------------------------------------
| rollout/                |             |
|    ep_len_mean          | 1.58e+03    |
|    ep_rew_mean          | 62.4        |
| time/                   |             |
|    fps                  | 1439        |
|    iterations           | 32          |
|    time_elapsed         | 45          |
|    total_timesteps      | 884736      |
| train/                  |             |
|    approx_kl            | 0.010006882 |
|    clip_fraction        | 0.143       |
|    clip_range           | 0.2         |
|    entropy_loss         | -2.45       |
|    explained_variance   | 0.103       |
|    learning_rate        | 0.0003      |
|    loss                 | 2.22        |
|    n_updates            | 2155        |
|    policy_gradient_loss | 0.00225     |
|    std                  | 0.825       |
|    value_loss           | 60.8        |
-----------------------------------------
-----------------------------------------
| rollout/                |             |
|    ep_len_mean          | 1.56e+03    |
|    ep_rew_mean          | 63.2        |
| time/                   |             |
|    fps                  | 1437        |
|    iterations           | 33          |
|    time_elapsed         | 47          |
|    total_timesteps      | 886784      |
| train/                  |             |
|    approx_kl            | 0.014091685 |
|    clip_fraction        | 0.133       |
|    clip_range           | 0.2         |
|    entropy_loss         | -2.45       |
|    explained_variance   | 0.201       |
|    learning_rate        | 0.0003      |
|    loss                 | 0.0761      |
|    n_updates            | 2160        |
|    policy_gradient_loss | 0.000654    |
|    std                  | 0.826       |
|    value_loss           | 53.1        |
-----------------------------------------
----------------------------------------
| rollout/                |            |
|    ep_len_mean          | 1.56e+03   |
|    ep_rew_mean          | 63.2       |
| time/                   |            |
|    fps                  | 1435       |
|    iterations           | 34         |
|    time_elapsed         | 48         |
|    total_timesteps      | 888832     |
| train/                  |            |
|    approx_kl            | 0.00766309 |
|    clip_fraction        | 0.218      |
|    clip_range           | 0.2        |
|    entropy_loss         | -2.46      |
|    explained_variance   | 0.122      |
|    learning_rate        | 0.0003     |
|    loss                 | 1.68       |
|    n_updates            | 2165       |
|    policy_gradient_loss | 0.0101     |
|    std                  | 0.826      |
|    value_loss           | 95.3       |
----------------------------------------
-----------------------------------------
| rollout/                |             |
|    ep_len_mean          | 1.56e+03    |
|    ep_rew_mean          | 63.2        |
| time/                   |             |
|    fps                  | 1433        |
|    iterations           | 35          |
|    time_elapsed         | 49          |
|    total_timesteps      | 890880      |
| train/                  |             |
|    approx_kl            | 0.009391999 |
|    clip_fraction        | 0.0985      |
|    clip_range           | 0.2         |
|    entropy_loss         | -2.45       |
|    explained_variance   | 0.348       |
|    learning_rate        | 0.0003      |
|    loss                 | 4.39        |
|    n_updates            | 2170        |
|    policy_gradient_loss | 0.000141    |
|    std                  | 0.824       |
|    value_loss           | 49.8        |
-----------------------------------------
-----------------------------------------
| rollout/                |             |
|    ep_len_mean          | 1.54e+03    |
|    ep_rew_mean          | 63.5        |
| time/                   |             |
|    fps                  | 1435        |
|    iterations           | 36          |
|    time_elapsed         | 51          |
|    total_timesteps      | 892928      |
| train/                  |             |
|    approx_kl            | 0.008969023 |
|    clip_fraction        | 0.0859      |
|    clip_range           | 0.2         |
|    entropy_loss         | -2.45       |
|    explained_variance   | 0.745       |
|    learning_rate        | 0.0003      |
|    loss                 | 1.58        |
|    n_updates            | 2175        |
|    policy_gradient_loss | -0.00395    |
|    std                  | 0.823       |
|    value_loss           | 9.1         |
-----------------------------------------
-----------------------------------------
| rollout/                |             |
|    ep_len_mean          | 1.56e+03    |
|    ep_rew_mean          | 61.8        |
| time/                   |             |
|    fps                  | 1434        |
|    iterations           | 37          |
|    time_elapsed         | 52          |
|    total_timesteps      | 894976      |
| train/                  |             |
|    approx_kl            | 0.064570755 |
|    clip_fraction        | 0.274       |
|    clip_range           | 0.2         |
|    entropy_loss         | -2.45       |
|    explained_variance   | 0.433       |
|    learning_rate        | 0.0003      |
|    loss                 | 8.68        |
|    n_updates            | 2180        |
|    policy_gradient_loss | 0.0167      |
|    std                  | 0.824       |
|    value_loss           | 49.1        |
-----------------------------------------
-----------------------------------------
| rollout/                |             |
|    ep_len_mean          | 1.56e+03    |
|    ep_rew_mean          | 61.8        |
| time/                   |             |
|    fps                  | 1432        |
|    iterations           | 38          |
|    time_elapsed         | 54          |
|    total_timesteps      | 897024      |
| train/                  |             |
|    approx_kl            | 0.009306605 |
|    clip_fraction        | 0.173       |
|    clip_range           | 0.2         |
|    entropy_loss         | -2.45       |
|    explained_variance   | 0.623       |
|    learning_rate        | 0.0003      |
|    loss                 | 13          |
|    n_updates            | 2185        |
|    policy_gradient_loss | 0.00222     |
|    std                  | 0.827       |
|    value_loss           | 16.3        |
-----------------------------------------
-----------------------------------------
| rollout/                |             |
|    ep_len_mean          | 1.56e+03    |
|    ep_rew_mean          | 61.8        |
| time/                   |             |
|    fps                  | 1429        |
|    iterations           | 39          |
|    time_elapsed         | 55          |
|    total_timesteps      | 899072      |
| train/                  |             |
|    approx_kl            | 0.017317345 |
|    clip_fraction        | 0.155       |
|    clip_range           | 0.2         |
|    entropy_loss         | -2.45       |
|    explained_variance   | -0.00182    |
|    learning_rate        | 0.0003      |
|    loss                 | 2.12        |
|    n_updates            | 2190        |
|    policy_gradient_loss | 0.00299     |
|    std                  | 0.825       |
|    value_loss           | 50.6        |
-----------------------------------------
------------------------------------------
| rollout/                |              |
|    ep_len_mean          | 1.56e+03     |
|    ep_rew_mean          | 61.8         |
| time/                   |              |
|    fps                  | 1428         |
|    iterations           | 40           |
|    time_elapsed         | 57           |
|    total_timesteps      | 901120       |
| train/                  |              |
|    approx_kl            | 0.0068293624 |
|    clip_fraction        | 0.0871       |
|    clip_range           | 0.2          |
|    entropy_loss         | -2.45        |
|    explained_variance   | 0.348        |
|    learning_rate        | 0.0003       |
|    loss                 | 0.811        |
|    n_updates            | 2195         |
|    policy_gradient_loss | -0.00117     |
|    std                  | 0.823        |
|    value_loss           | 52.7         |
------------------------------------------
------------------------------------------
| rollout/                |              |
|    ep_len_mean          | 1.56e+03     |
|    ep_rew_mean          | 60.7         |
| time/                   |              |
|    fps                  | 1429         |
|    iterations           | 41           |
|    time_elapsed         | 58           |
|    total_timesteps      | 903168       |
| train/                  |              |
|    approx_kl            | 0.0058058714 |
|    clip_fraction        | 0.0574       |
|    clip_range           | 0.2          |
|    entropy_loss         | -2.45        |
|    explained_variance   | 0.918        |
|    learning_rate        | 0.0003       |
|    loss                 | 0.164        |
|    n_updates            | 2200         |
|    policy_gradient_loss | -0.00493     |
|    std                  | 0.824        |
|    value_loss           | 1.12         |
------------------------------------------
----------------------------------------
| rollout/                |            |
|    ep_len_mean          | 1.56e+03   |
|    ep_rew_mean          | 60.9       |
| time/                   |            |
|    fps                  | 1428       |
|    iterations           | 42         |
|    time_elapsed         | 60         |
|    total_timesteps      | 905216     |
| train/                  |            |
|    approx_kl            | 0.01840092 |
|    clip_fraction        | 0.134      |
|    clip_range           | 0.2        |
|    entropy_loss         | -2.45      |
|    explained_variance   | 0.809      |
|    learning_rate        | 0.0003     |
|    loss                 | 0.197      |
|    n_updates            | 2205       |
|    policy_gradient_loss | 0.0041     |
|    std                  | 0.827      |
|    value_loss           | 16.6       |
----------------------------------------
-----------------------------------------
| rollout/                |             |
|    ep_len_mean          | 1.56e+03    |
|    ep_rew_mean          | 60.8        |
| time/                   |             |
|    fps                  | 1426        |
|    iterations           | 43          |
|    time_elapsed         | 61          |
|    total_timesteps      | 907264      |
| train/                  |             |
|    approx_kl            | 0.009736661 |
|    clip_fraction        | 0.099       |
|    clip_range           | 0.2         |
|    entropy_loss         | -2.46       |
|    explained_variance   | 0.724       |
|    learning_rate        | 0.0003      |
|    loss                 | 7.02        |
|    n_updates            | 2210        |
|    policy_gradient_loss | 0.000106    |
|    std                  | 0.827       |
|    value_loss           | 10.7        |
-----------------------------------------
-----------------------------------------
| rollout/                |             |
|    ep_len_mean          | 1.55e+03    |
|    ep_rew_mean          | 60.8        |
| time/                   |             |
|    fps                  | 1426        |
|    iterations           | 44          |
|    time_elapsed         | 63          |
|    total_timesteps      | 909312      |
| train/                  |             |
|    approx_kl            | 0.002669014 |
|    clip_fraction        | 0.0514      |
|    clip_range           | 0.2         |
|    entropy_loss         | -2.46       |
|    explained_variance   | 0.729       |
|    learning_rate        | 0.0003      |
|    loss                 | 5.24        |
|    n_updates            | 2215        |
|    policy_gradient_loss | -0.000492   |
|    std                  | 0.826       |
|    value_loss           | 12.3        |
-----------------------------------------
-----------------------------------------
| rollout/                |             |
|    ep_len_mean          | 1.55e+03    |
|    ep_rew_mean          | 60.8        |
| time/                   |             |
|    fps                  | 1426        |
|    iterations           | 45          |
|    time_elapsed         | 64          |
|    total_timesteps      | 911360      |
| train/                  |             |
|    approx_kl            | 0.008877357 |
|    clip_fraction        | 0.109       |
|    clip_range           | 0.2         |
|    entropy_loss         | -2.45       |
|    explained_variance   | -0.324      |
|    learning_rate        | 0.0003      |
|    loss                 | 0.369       |
|    n_updates            | 2220        |
|    policy_gradient_loss | -2.87e-05   |
|    std                  | 0.825       |
|    value_loss           | 47.5        |
-----------------------------------------
-----------------------------------------
| rollout/                |             |
|    ep_len_mean          | 1.58e+03    |
|    ep_rew_mean          | 58          |
| time/                   |             |
|    fps                  | 1428        |
|    iterations           | 46          |
|    time_elapsed         | 65          |
|    total_timesteps      | 913408      |
| train/                  |             |
|    approx_kl            | 0.022080481 |
|    clip_fraction        | 0.227       |
|    clip_range           | 0.2         |
|    entropy_loss         | -2.45       |
|    explained_variance   | 0.95        |
|    learning_rate        | 0.0003      |
|    loss                 | 0.0617      |
|    n_updates            | 2225        |
|    policy_gradient_loss | 0.0145      |
|    std                  | 0.825       |
|    value_loss           | 6.25        |
-----------------------------------------
------------------------------------------
| rollout/                |              |
|    ep_len_mean          | 1.58e+03     |
|    ep_rew_mean          | 58.4         |
| time/                   |              |
|    fps                  | 1426         |
|    iterations           | 47           |
|    time_elapsed         | 67           |
|    total_timesteps      | 915456       |
| train/                  |              |
|    approx_kl            | 0.0057790293 |
|    clip_fraction        | 0.0988       |
|    clip_range           | 0.2          |
|    entropy_loss         | -2.45        |
|    explained_variance   | 0.562        |
|    learning_rate        | 0.0003       |
|    loss                 | 32.8         |
|    n_updates            | 2230         |
|    policy_gradient_loss | -3.02e-05    |
|    std                  | 0.825        |
|    value_loss           | 67.9         |
------------------------------------------
-----------------------------------------
| rollout/                |             |
|    ep_len_mean          | 1.58e+03    |
|    ep_rew_mean          | 58.4        |
| time/                   |             |
|    fps                  | 1424        |
|    iterations           | 48          |
|    time_elapsed         | 68          |
|    total_timesteps      | 917504      |
| train/                  |             |
|    approx_kl            | 0.007928818 |
|    clip_fraction        | 0.147       |
|    clip_range           | 0.2         |
|    entropy_loss         | -2.45       |
|    explained_variance   | 0.373       |
|    learning_rate        | 0.0003      |
|    loss                 | 3.39        |
|    n_updates            | 2235        |
|    policy_gradient_loss | 0.00457     |
|    std                  | 0.823       |
|    value_loss           | 62.6        |
-----------------------------------------
------------------------------------------
| rollout/                |              |
|    ep_len_mean          | 1.58e+03     |
|    ep_rew_mean          | 58.4         |
| time/                   |              |
|    fps                  | 1426         |
|    iterations           | 49           |
|    time_elapsed         | 70           |
|    total_timesteps      | 919552       |
| train/                  |              |
|    approx_kl            | 0.0047578067 |
|    clip_fraction        | 0.0352       |
|    clip_range           | 0.2          |
|    entropy_loss         | -2.45        |
|    explained_variance   | 0.833        |
|    learning_rate        | 0.0003       |
|    loss                 | 0.334        |
|    n_updates            | 2240         |
|    policy_gradient_loss | 0.00014      |
|    std                  | 0.822        |
|    value_loss           | 3.07         |
------------------------------------------
-----------------------------------------
| rollout/                |             |
|    ep_len_mean          | 1.6e+03     |
|    ep_rew_mean          | 55.5        |
| time/                   |             |
|    fps                  | 1427        |
|    iterations           | 50          |
|    time_elapsed         | 71          |
|    total_timesteps      | 921600      |
| train/                  |             |
|    approx_kl            | 0.014396973 |
|    clip_fraction        | 0.118       |
|    clip_range           | 0.2         |
|    entropy_loss         | -2.44       |
|    explained_variance   | 0.174       |
|    learning_rate        | 0.0003      |
|    loss                 | 94.9        |
|    n_updates            | 2245        |
|    policy_gradient_loss | 0.00535     |
|    std                  | 0.82        |
|    value_loss           | 52.2        |
-----------------------------------------
------------------------------------------
| rollout/                |              |
|    ep_len_mean          | 1.6e+03      |
|    ep_rew_mean          | 55.5         |
| time/                   |              |
|    fps                  | 1425         |
|    iterations           | 51           |
|    time_elapsed         | 73           |
|    total_timesteps      | 923648       |
| train/                  |              |
|    approx_kl            | 0.0046410854 |
|    clip_fraction        | 0.0766       |
|    clip_range           | 0.2          |
|    entropy_loss         | -2.44        |
|    explained_variance   | 0.881        |
|    learning_rate        | 0.0003       |
|    loss                 | 1.77         |
|    n_updates            | 2250         |
|    policy_gradient_loss | -0.000794    |
|    std                  | 0.819        |
|    value_loss           | 10.4         |
------------------------------------------
-----------------------------------------
| rollout/                |             |
|    ep_len_mean          | 1.6e+03     |
|    ep_rew_mean          | 55.8        |
| time/                   |             |
|    fps                  | 1427        |
|    iterations           | 52          |
|    time_elapsed         | 74          |
|    total_timesteps      | 925696      |
| train/                  |             |
|    approx_kl            | 0.010557566 |
|    clip_fraction        | 0.137       |
|    clip_range           | 0.2         |
|    entropy_loss         | -2.44       |
|    explained_variance   | 0.872       |
|    learning_rate        | 0.0003      |
|    loss                 | 0.487       |
|    n_updates            | 2255        |
|    policy_gradient_loss | 0.00133     |
|    std                  | 0.819       |
|    value_loss           | 3.09        |
-----------------------------------------
------------------------------------------
| rollout/                |              |
|    ep_len_mean          | 1.6e+03      |
|    ep_rew_mean          | 55.7         |
| time/                   |              |
|    fps                  | 1429         |
|    iterations           | 53           |
|    time_elapsed         | 75           |
|    total_timesteps      | 927744       |
| train/                  |              |
|    approx_kl            | 0.0050311415 |
|    clip_fraction        | 0.0386       |
|    clip_range           | 0.2          |
|    entropy_loss         | -2.44        |
|    explained_variance   | 0.897        |
|    learning_rate        | 0.0003       |
|    loss                 | 2.55         |
|    n_updates            | 2260         |
|    policy_gradient_loss | -0.0021      |
|    std                  | 0.819        |
|    value_loss           | 11.9         |
------------------------------------------
-----------------------------------------
| rollout/                |             |
|    ep_len_mean          | 1.6e+03     |
|    ep_rew_mean          | 55.8        |
| time/                   |             |
|    fps                  | 1431        |
|    iterations           | 54          |
|    time_elapsed         | 77          |
|    total_timesteps      | 929792      |
| train/                  |             |
|    approx_kl            | 0.045129444 |
|    clip_fraction        | 0.174       |
|    clip_range           | 0.2         |
|    entropy_loss         | -2.44       |
|    explained_variance   | 0.893       |
|    learning_rate        | 0.0003      |
|    loss                 | 0.0145      |
|    n_updates            | 2265        |
|    policy_gradient_loss | 0.00665     |
|    std                  | 0.82        |
|    value_loss           | 10          |
-----------------------------------------
-----------------------------------------
| rollout/                |             |
|    ep_len_mean          | 1.6e+03     |
|    ep_rew_mean          | 55.9        |
| time/                   |             |
|    fps                  | 1431        |
|    iterations           | 55          |
|    time_elapsed         | 78          |
|    total_timesteps      | 931840      |
| train/                  |             |
|    approx_kl            | 0.007057029 |
|    clip_fraction        | 0.069       |
|    clip_range           | 0.2         |
|    entropy_loss         | -2.44       |
|    explained_variance   | 0.433       |
|    learning_rate        | 0.0003      |
|    loss                 | 3.54        |
|    n_updates            | 2270        |
|    policy_gradient_loss | 0.00215     |
|    std                  | 0.819       |
|    value_loss           | 69.8        |
-----------------------------------------
------------------------------------------
| rollout/                |              |
|    ep_len_mean          | 1.6e+03      |
|    ep_rew_mean          | 55.9         |
| time/                   |              |
|    fps                  | 1429         |
|    iterations           | 56           |
|    time_elapsed         | 80           |
|    total_timesteps      | 933888       |
| train/                  |              |
|    approx_kl            | 0.0054034693 |
|    clip_fraction        | 0.0427       |
|    clip_range           | 0.2          |
|    entropy_loss         | -2.43        |
|    explained_variance   | 0.605        |
|    learning_rate        | 0.0003       |
|    loss                 | 3.27         |
|    n_updates            | 2275         |
|    policy_gradient_loss | -0.000794    |
|    std                  | 0.817        |
|    value_loss           | 70.2         |
------------------------------------------
-----------------------------------------
| rollout/                |             |
|    ep_len_mean          | 1.59e+03    |
|    ep_rew_mean          | 57.2        |
| time/                   |             |
|    fps                  | 1432        |
|    iterations           | 57          |
|    time_elapsed         | 81          |
|    total_timesteps      | 935936      |
| train/                  |             |
|    approx_kl            | 0.028446354 |
|    clip_fraction        | 0.0975      |
|    clip_range           | 0.2         |
|    entropy_loss         | -2.43       |
|    explained_variance   | 0.871       |
|    learning_rate        | 0.0003      |
|    loss                 | 1.35        |
|    n_updates            | 2280        |
|    policy_gradient_loss | 0.00626     |
|    std                  | 0.818       |
|    value_loss           | 5.49        |
-----------------------------------------
------------------------------------------
| rollout/                |              |
|    ep_len_mean          | 1.59e+03     |
|    ep_rew_mean          | 57.5         |
| time/                   |              |
|    fps                  | 1430         |
|    iterations           | 58           |
|    time_elapsed         | 83           |
|    total_timesteps      | 937984       |
| train/                  |              |
|    approx_kl            | 0.0044174558 |
|    clip_fraction        | 0.0375       |
|    clip_range           | 0.2          |
|    entropy_loss         | -2.43        |
|    explained_variance   | 0.298        |
|    learning_rate        | 0.0003       |
|    loss                 | 2.51         |
|    n_updates            | 2285         |
|    policy_gradient_loss | -0.00111     |
|    std                  | 0.818        |
|    value_loss           | 116          |
------------------------------------------
-----------------------------------------
| rollout/                |             |
|    ep_len_mean          | 1.57e+03    |
|    ep_rew_mean          | 58.6        |
| time/                   |             |
|    fps                  | 1430        |
|    iterations           | 59          |
|    time_elapsed         | 84          |
|    total_timesteps      | 940032      |
| train/                  |             |
|    approx_kl            | 0.011560101 |
|    clip_fraction        | 0.074       |
|    clip_range           | 0.2         |
|    entropy_loss         | -2.43       |
|    explained_variance   | 0.405       |
|    learning_rate        | 0.0003      |
|    loss                 | 1.54        |
|    n_updates            | 2290        |
|    policy_gradient_loss | -0.00191    |
|    std                  | 0.817       |
|    value_loss           | 61.3        |
-----------------------------------------
-----------------------------------------
| rollout/                |             |
|    ep_len_mean          | 1.57e+03    |
|    ep_rew_mean          | 58.6        |
| time/                   |             |
|    fps                  | 1430        |
|    iterations           | 60          |
|    time_elapsed         | 85          |
|    total_timesteps      | 942080      |
| train/                  |             |
|    approx_kl            | 0.005791397 |
|    clip_fraction        | 0.134       |
|    clip_range           | 0.2         |
|    entropy_loss         | -2.43       |
|    explained_variance   | 0.186       |
|    learning_rate        | 0.0003      |
|    loss                 | 66.6        |
|    n_updates            | 2295        |
|    policy_gradient_loss | 0.00126     |
|    std                  | 0.816       |
|    value_loss           | 90.5        |
-----------------------------------------
------------------------------------------
| rollout/                |              |
|    ep_len_mean          | 1.57e+03     |
|    ep_rew_mean          | 58.5         |
| time/                   |              |
|    fps                  | 1432         |
|    iterations           | 61           |
|    time_elapsed         | 87           |
|    total_timesteps      | 944128       |
| train/                  |              |
|    approx_kl            | 0.0146226175 |
|    clip_fraction        | 0.139        |
|    clip_range           | 0.2          |
|    entropy_loss         | -2.43        |
|    explained_variance   | 0.913        |
|    learning_rate        | 0.0003       |
|    loss                 | 0.0229       |
|    n_updates            | 2300         |
|    policy_gradient_loss | 0.00249      |
|    std                  | 0.817        |
|    value_loss           | 3.28         |
------------------------------------------
-----------------------------------------
| rollout/                |             |
|    ep_len_mean          | 1.58e+03    |
|    ep_rew_mean          | 57.4        |
| time/                   |             |
|    fps                  | 1432        |
|    iterations           | 62          |
|    time_elapsed         | 88          |
|    total_timesteps      | 946176      |
| train/                  |             |
|    approx_kl            | 0.011421353 |
|    clip_fraction        | 0.131       |
|    clip_range           | 0.2         |
|    entropy_loss         | -2.43       |
|    explained_variance   | 0.675       |
|    learning_rate        | 0.0003      |
|    loss                 | 0.548       |
|    n_updates            | 2305        |
|    policy_gradient_loss | -0.000727   |
|    std                  | 0.818       |
|    value_loss           | 61.7        |
-----------------------------------------
-----------------------------------------
| rollout/                |             |
|    ep_len_mean          | 1.58e+03    |
|    ep_rew_mean          | 57.6        |
| time/                   |             |
|    fps                  | 1434        |
|    iterations           | 63          |
|    time_elapsed         | 89          |
|    total_timesteps      | 948224      |
| train/                  |             |
|    approx_kl            | 0.054736815 |
|    clip_fraction        | 0.169       |
|    clip_range           | 0.2         |
|    entropy_loss         | -2.43       |
|    explained_variance   | 0.587       |
|    learning_rate        | 0.0003      |
|    loss                 | 1.85        |
|    n_updates            | 2310        |
|    policy_gradient_loss | 0.00929     |
|    std                  | 0.819       |
|    value_loss           | 7.18        |
-----------------------------------------
-----------------------------------------
| rollout/                |             |
|    ep_len_mean          | 1.58e+03    |
|    ep_rew_mean          | 59.1        |
| time/                   |             |
|    fps                  | 1435        |
|    iterations           | 64          |
|    time_elapsed         | 91          |
|    total_timesteps      | 950272      |
| train/                  |             |
|    approx_kl            | 0.016391348 |
|    clip_fraction        | 0.114       |
|    clip_range           | 0.2         |
|    entropy_loss         | -2.44       |
|    explained_variance   | 0.735       |
|    learning_rate        | 0.0003      |
|    loss                 | 2.29        |
|    n_updates            | 2315        |
|    policy_gradient_loss | 0.00178     |
|    std                  | 0.818       |
|    value_loss           | 11.1        |
-----------------------------------------
------------------------------------------
| rollout/                |              |
|    ep_len_mean          | 1.59e+03     |
|    ep_rew_mean          | 57.4         |
| time/                   |              |
|    fps                  | 1435         |
|    iterations           | 65           |
|    time_elapsed         | 92           |
|    total_timesteps      | 952320       |
| train/                  |              |
|    approx_kl            | 0.0074311704 |
|    clip_fraction        | 0.0389       |
|    clip_range           | 0.2          |
|    entropy_loss         | -2.43        |
|    explained_variance   | 0.405        |
|    learning_rate        | 0.0003       |
|    loss                 | 1.22         |
|    n_updates            | 2320         |
|    policy_gradient_loss | -0.00164     |
|    std                  | 0.818        |
|    value_loss           | 53.3         |
------------------------------------------
-----------------------------------------
| rollout/                |             |
|    ep_len_mean          | 1.59e+03    |
|    ep_rew_mean          | 55.9        |
| time/                   |             |
|    fps                  | 1434        |
|    iterations           | 66          |
|    time_elapsed         | 94          |
|    total_timesteps      | 954368      |
| train/                  |             |
|    approx_kl            | 0.007704068 |
|    clip_fraction        | 0.0806      |
|    clip_range           | 0.2         |
|    entropy_loss         | -2.43       |
|    explained_variance   | 0.237       |
|    learning_rate        | 0.0003      |
|    loss                 | 2.2         |
|    n_updates            | 2325        |
|    policy_gradient_loss | 0.00364     |
|    std                  | 0.816       |
|    value_loss           | 63.2        |
-----------------------------------------
-----------------------------------------
| rollout/                |             |
|    ep_len_mean          | 1.59e+03    |
|    ep_rew_mean          | 55.9        |
| time/                   |             |
|    fps                  | 1433        |
|    iterations           | 67          |
|    time_elapsed         | 95          |
|    total_timesteps      | 956416      |
| train/                  |             |
|    approx_kl            | 0.013469093 |
|    clip_fraction        | 0.15        |
|    clip_range           | 0.2         |
|    entropy_loss         | -2.43       |
|    explained_variance   | 0.339       |
|    learning_rate        | 0.0003      |
|    loss                 | 184         |
|    n_updates            | 2330        |
|    policy_gradient_loss | 0.00305     |
|    std                  | 0.814       |
|    value_loss           | 57.2        |
-----------------------------------------
------------------------------------------
| rollout/                |              |
|    ep_len_mean          | 1.59e+03     |
|    ep_rew_mean          | 56.1         |
| time/                   |              |
|    fps                  | 1434         |
|    iterations           | 68           |
|    time_elapsed         | 97           |
|    total_timesteps      | 958464       |
| train/                  |              |
|    approx_kl            | 0.0062416317 |
|    clip_fraction        | 0.115        |
|    clip_range           | 0.2          |
|    entropy_loss         | -2.43        |
|    explained_variance   | 0.656        |
|    learning_rate        | 0.0003       |
|    loss                 | 2.78         |
|    n_updates            | 2335         |
|    policy_gradient_loss | 0.000129     |
|    std                  | 0.816        |
|    value_loss           | 5.52         |
------------------------------------------
-----------------------------------------
| rollout/                |             |
|    ep_len_mean          | 1.59e+03    |
|    ep_rew_mean          | 56.1        |
| time/                   |             |
|    fps                  | 1435        |
|    iterations           | 69          |
|    time_elapsed         | 98          |
|    total_timesteps      | 960512      |
| train/                  |             |
|    approx_kl            | 0.005407512 |
|    clip_fraction        | 0.0353      |
|    clip_range           | 0.2         |
|    entropy_loss         | -2.43       |
|    explained_variance   | 0.749       |
|    learning_rate        | 0.0003      |
|    loss                 | 1.39        |
|    n_updates            | 2340        |
|    policy_gradient_loss | -0.000968   |
|    std                  | 0.817       |
|    value_loss           | 11          |
-----------------------------------------
----------------------------------------
| rollout/                |            |
|    ep_len_mean          | 1.6e+03    |
|    ep_rew_mean          | 56.7       |
| time/                   |            |
|    fps                  | 1438       |
|    iterations           | 70         |
|    time_elapsed         | 99         |
|    total_timesteps      | 962560     |
| train/                  |            |
|    approx_kl            | 0.01892951 |
|    clip_fraction        | 0.12       |
|    clip_range           | 0.2        |
|    entropy_loss         | -2.43      |
|    explained_variance   | 0.776      |
|    learning_rate        | 0.0003     |
|    loss                 | 0.606      |
|    n_updates            | 2345       |
|    policy_gradient_loss | -0.00344   |
|    std                  | 0.818      |
|    value_loss           | 4.13       |
----------------------------------------
-----------------------------------------
| rollout/                |             |
|    ep_len_mean          | 1.61e+03    |
|    ep_rew_mean          | 55.4        |
| time/                   |             |
|    fps                  | 1437        |
|    iterations           | 71          |
|    time_elapsed         | 101         |
|    total_timesteps      | 964608      |
| train/                  |             |
|    approx_kl            | 0.007862485 |
|    clip_fraction        | 0.11        |
|    clip_range           | 0.2         |
|    entropy_loss         | -2.43       |
|    explained_variance   | 0.307       |
|    learning_rate        | 0.0003      |
|    loss                 | 0.638       |
|    n_updates            | 2350        |
|    policy_gradient_loss | -0.0052     |
|    std                  | 0.818       |
|    value_loss           | 57.2        |
-----------------------------------------
-----------------------------------------
| rollout/                |             |
|    ep_len_mean          | 1.58e+03    |
|    ep_rew_mean          | 58.1        |
| time/                   |             |
|    fps                  | 1435        |
|    iterations           | 72          |
|    time_elapsed         | 102         |
|    total_timesteps      | 966656      |
| train/                  |             |
|    approx_kl            | 0.032874793 |
|    clip_fraction        | 0.184       |
|    clip_range           | 0.2         |
|    entropy_loss         | -2.43       |
|    explained_variance   | 0.383       |
|    learning_rate        | 0.0003      |
|    loss                 | 11.2        |
|    n_updates            | 2355        |
|    policy_gradient_loss | 0.00916     |
|    std                  | 0.814       |
|    value_loss           | 61.4        |
-----------------------------------------
----------------------------------------
| rollout/                |            |
|    ep_len_mean          | 1.58e+03   |
|    ep_rew_mean          | 58.1       |
| time/                   |            |
|    fps                  | 1434       |
|    iterations           | 73         |
|    time_elapsed         | 104        |
|    total_timesteps      | 968704     |
| train/                  |            |
|    approx_kl            | 0.00997179 |
|    clip_fraction        | 0.102      |
|    clip_range           | 0.2        |
|    entropy_loss         | -2.42      |
|    explained_variance   | 0.211      |
|    learning_rate        | 0.0003     |
|    loss                 | 0.0496     |
|    n_updates            | 2360       |
|    policy_gradient_loss | 0.00264    |
|    std                  | 0.813      |
|    value_loss           | 93.2       |
----------------------------------------
-----------------------------------------
| rollout/                |             |
|    ep_len_mean          | 1.57e+03    |
|    ep_rew_mean          | 59.5        |
| time/                   |             |
|    fps                  | 1435        |
|    iterations           | 74          |
|    time_elapsed         | 105         |
|    total_timesteps      | 970752      |
| train/                  |             |
|    approx_kl            | 0.008179579 |
|    clip_fraction        | 0.053       |
|    clip_range           | 0.2         |
|    entropy_loss         | -2.42       |
|    explained_variance   | 0.921       |
|    learning_rate        | 0.0003      |
|    loss                 | 2.31        |
|    n_updates            | 2365        |
|    policy_gradient_loss | 0.00127     |
|    std                  | 0.81        |
|    value_loss           | 6.9         |
-----------------------------------------
-----------------------------------------
| rollout/                |             |
|    ep_len_mean          | 1.57e+03    |
|    ep_rew_mean          | 59.5        |
| time/                   |             |
|    fps                  | 1433        |
|    iterations           | 75          |
|    time_elapsed         | 107         |
|    total_timesteps      | 972800      |
| train/                  |             |
|    approx_kl            | 0.007078034 |
|    clip_fraction        | 0.0565      |
|    clip_range           | 0.2         |
|    entropy_loss         | -2.41       |
|    explained_variance   | 0.426       |
|    learning_rate        | 0.0003      |
|    loss                 | 0.692       |
|    n_updates            | 2370        |
|    policy_gradient_loss | -0.00273    |
|    std                  | 0.809       |
|    value_loss           | 50.3        |
-----------------------------------------
------------------------------------------
| rollout/                |              |
|    ep_len_mean          | 1.59e+03     |
|    ep_rew_mean          | 57.9         |
| time/                   |              |
|    fps                  | 1434         |
|    iterations           | 76           |
|    time_elapsed         | 108          |
|    total_timesteps      | 974848       |
| train/                  |              |
|    approx_kl            | 0.0040329276 |
|    clip_fraction        | 0.0274       |
|    clip_range           | 0.2          |
|    entropy_loss         | -2.41        |
|    explained_variance   | 0.426        |
|    learning_rate        | 0.0003       |
|    loss                 | 1.49         |
|    n_updates            | 2375         |
|    policy_gradient_loss | -0.000129    |
|    std                  | 0.808        |
|    value_loss           | 57.6         |
------------------------------------------
------------------------------------------
| rollout/                |              |
|    ep_len_mean          | 1.59e+03     |
|    ep_rew_mean          | 57.9         |
| time/                   |              |
|    fps                  | 1436         |
|    iterations           | 77           |
|    time_elapsed         | 109          |
|    total_timesteps      | 976896       |
| train/                  |              |
|    approx_kl            | 0.0042383824 |
|    clip_fraction        | 0.0335       |
|    clip_range           | 0.2          |
|    entropy_loss         | -2.41        |
|    explained_variance   | 0.803        |
|    learning_rate        | 0.0003       |
|    loss                 | 2.49         |
|    n_updates            | 2380         |
|    policy_gradient_loss | -0.000769    |
|    std                  | 0.809        |
|    value_loss           | 12.1         |
------------------------------------------
-----------------------------------------
| rollout/                |             |
|    ep_len_mean          | 1.6e+03     |
|    ep_rew_mean          | 56.7        |
| time/                   |             |
|    fps                  | 1438        |
|    iterations           | 78          |
|    time_elapsed         | 111         |
|    total_timesteps      | 978944      |
| train/                  |             |
|    approx_kl            | 0.003863654 |
|    clip_fraction        | 0.0658      |
|    clip_range           | 0.2         |
|    entropy_loss         | -2.41       |
|    explained_variance   | 0.89        |
|    learning_rate        | 0.0003      |
|    loss                 | 3.36        |
|    n_updates            | 2385        |
|    policy_gradient_loss | -0.000931   |
|    std                  | 0.808       |
|    value_loss           | 5.11        |
-----------------------------------------
-----------------------------------------
| rollout/                |             |
|    ep_len_mean          | 1.63e+03    |
|    ep_rew_mean          | 54          |
| time/                   |             |
|    fps                  | 1438        |
|    iterations           | 79          |
|    time_elapsed         | 112         |
|    total_timesteps      | 980992      |
| train/                  |             |
|    approx_kl            | 0.004441733 |
|    clip_fraction        | 0.0961      |
|    clip_range           | 0.2         |
|    entropy_loss         | -2.41       |
|    explained_variance   | 0.905       |
|    learning_rate        | 0.0003      |
|    loss                 | 37.4        |
|    n_updates            | 2390        |
|    policy_gradient_loss | 0.000949    |
|    std                  | 0.808       |
|    value_loss           | 12.6        |
-----------------------------------------
-----------------------------------------
| rollout/                |             |
|    ep_len_mean          | 1.62e+03    |
|    ep_rew_mean          | 55.4        |
| time/                   |             |
|    fps                  | 1437        |
|    iterations           | 80          |
|    time_elapsed         | 113         |
|    total_timesteps      | 983040      |
| train/                  |             |
|    approx_kl            | 0.011828052 |
|    clip_fraction        | 0.0871      |
|    clip_range           | 0.2         |
|    entropy_loss         | -2.41       |
|    explained_variance   | 0.846       |
|    learning_rate        | 0.0003      |
|    loss                 | 0.35        |
|    n_updates            | 2395        |
|    policy_gradient_loss | -0.00452    |
|    std                  | 0.806       |
|    value_loss           | 10.4        |
-----------------------------------------
------------------------------------------
| rollout/                |              |
|    ep_len_mean          | 1.61e+03     |
|    ep_rew_mean          | 55.4         |
| time/                   |              |
|    fps                  | 1436         |
|    iterations           | 81           |
|    time_elapsed         | 115          |
|    total_timesteps      | 985088       |
| train/                  |              |
|    approx_kl            | 0.0038825753 |
|    clip_fraction        | 0.044        |
|    clip_range           | 0.2          |
|    entropy_loss         | -2.4         |
|    explained_variance   | 0.421        |
|    learning_rate        | 0.0003       |
|    loss                 | 18.8         |
|    n_updates            | 2400         |
|    policy_gradient_loss | -0.00226     |
|    std                  | 0.806        |
|    value_loss           | 65.5         |
------------------------------------------
-----------------------------------------
| rollout/                |             |
|    ep_len_mean          | 1.6e+03     |
|    ep_rew_mean          | 56.9        |
| time/                   |             |
|    fps                  | 1436        |
|    iterations           | 82          |
|    time_elapsed         | 116         |
|    total_timesteps      | 987136      |
| train/                  |             |
|    approx_kl            | 0.022315266 |
|    clip_fraction        | 0.26        |
|    clip_range           | 0.2         |
|    entropy_loss         | -2.4        |
|    explained_variance   | 0.199       |
|    learning_rate        | 0.0003      |
|    loss                 | 1.01        |
|    n_updates            | 2405        |
|    policy_gradient_loss | 0.0125      |
|    std                  | 0.805       |
|    value_loss           | 56.5        |
-----------------------------------------
-----------------------------------------
| rollout/                |             |
|    ep_len_mean          | 1.6e+03     |
|    ep_rew_mean          | 56.9        |
| time/                   |             |
|    fps                  | 1437        |
|    iterations           | 83          |
|    time_elapsed         | 118         |
|    total_timesteps      | 989184      |
| train/                  |             |
|    approx_kl            | 0.005667228 |
|    clip_fraction        | 0.134       |
|    clip_range           | 0.2         |
|    entropy_loss         | -2.4        |
|    explained_variance   | 0.361       |
|    learning_rate        | 0.0003      |
|    loss                 | 0.838       |
|    n_updates            | 2410        |
|    policy_gradient_loss | 0.004       |
|    std                  | 0.804       |
|    value_loss           | 100         |
-----------------------------------------
-----------------------------------------
| rollout/                |             |
|    ep_len_mean          | 1.59e+03    |
|    ep_rew_mean          | 58.4        |
| time/                   |             |
|    fps                  | 1437        |
|    iterations           | 84          |
|    time_elapsed         | 119         |
|    total_timesteps      | 991232      |
| train/                  |             |
|    approx_kl            | 0.013902189 |
|    clip_fraction        | 0.0732      |
|    clip_range           | 0.2         |
|    entropy_loss         | -2.4        |
|    explained_variance   | 0.914       |
|    learning_rate        | 0.0003      |
|    loss                 | 0.526       |
|    n_updates            | 2415        |
|    policy_gradient_loss | -0.000968   |
|    std                  | 0.803       |
|    value_loss           | 5.58        |
-----------------------------------------
----------------------------------------
| rollout/                |            |
|    ep_len_mean          | 1.61e+03   |
|    ep_rew_mean          | 57         |
| time/                   |            |
|    fps                  | 1437       |
|    iterations           | 85         |
|    time_elapsed         | 121        |
|    total_timesteps      | 993280     |
| train/                  |            |
|    approx_kl            | 0.00792031 |
|    clip_fraction        | 0.0667     |
|    clip_range           | 0.2        |
|    entropy_loss         | -2.4       |
|    explained_variance   | 0.149      |
|    learning_rate        | 0.0003     |
|    loss                 | 2.14       |
|    n_updates            | 2420       |
|    policy_gradient_loss | -0.00138   |
|    std                  | 0.802      |
|    value_loss           | 54.8       |
----------------------------------------
------------------------------------------
| rollout/                |              |
|    ep_len_mean          | 1.61e+03     |
|    ep_rew_mean          | 57           |
| time/                   |              |
|    fps                  | 1436         |
|    iterations           | 86           |
|    time_elapsed         | 122          |
|    total_timesteps      | 995328       |
| train/                  |              |
|    approx_kl            | 0.0067316564 |
|    clip_fraction        | 0.0746       |
|    clip_range           | 0.2          |
|    entropy_loss         | -2.39        |
|    explained_variance   | 0.539        |
|    learning_rate        | 0.0003       |
|    loss                 | 0.362        |
|    n_updates            | 2425         |
|    policy_gradient_loss | -0.00505     |
|    std                  | 0.801        |
|    value_loss           | 55.1         |
------------------------------------------
-----------------------------------------
| rollout/                |             |
|    ep_len_mean          | 1.61e+03    |
|    ep_rew_mean          | 57.2        |
| time/                   |             |
|    fps                  | 1436        |
|    iterations           | 87          |
|    time_elapsed         | 124         |
|    total_timesteps      | 997376      |
| train/                  |             |
|    approx_kl            | 0.015732791 |
|    clip_fraction        | 0.195       |
|    clip_range           | 0.2         |
|    entropy_loss         | -2.39       |
|    explained_variance   | 0.941       |
|    learning_rate        | 0.0003      |
|    loss                 | 7.6         |
|    n_updates            | 2430        |
|    policy_gradient_loss | 0.00394     |
|    std                  | 0.798       |
|    value_loss           | 3.5         |
-----------------------------------------
------------------------------------------
| rollout/                |              |
|    ep_len_mean          | 1.61e+03     |
|    ep_rew_mean          | 57.2         |
| time/                   |              |
|    fps                  | 1436         |
|    iterations           | 88           |
|    time_elapsed         | 125          |
|    total_timesteps      | 999424       |
| train/                  |              |
|    approx_kl            | 0.0075215437 |
|    clip_fraction        | 0.0779       |
|    clip_range           | 0.2          |
|    entropy_loss         | -2.38        |
|    explained_variance   | 0.824        |
|    learning_rate        | 0.0003       |
|    loss                 | 8.35         |
|    n_updates            | 2435         |
|    policy_gradient_loss | -0.00284     |
|    std                  | 0.797        |
|    value_loss           | 10.4         |
------------------------------------------
------------------------------------------
| rollout/                |              |
|    ep_len_mean          | 1.6e+03      |
|    ep_rew_mean          | 59           |
| time/                   |              |
|    fps                  | 1436         |
|    iterations           | 89           |
|    time_elapsed         | 126          |
|    total_timesteps      | 1001472      |
| train/                  |              |
|    approx_kl            | 0.0053714546 |
|    clip_fraction        | 0.052        |
|    clip_range           | 0.2          |
|    entropy_loss         | -2.38        |
|    explained_variance   | 0.815        |
|    learning_rate        | 0.0003       |
|    loss                 | 1.77         |
|    n_updates            | 2440         |
|    policy_gradient_loss | -0.00321     |
|    std                  | 0.798        |
|    value_loss           | 5.03         |
------------------------------------------
---------------------------------------
| rollout/                |           |
|    ep_len_mean          | 1.6e+03   |
|    ep_rew_mean          | 59.1      |
| time/                   |           |
|    fps                  | 1435      |
|    iterations           | 90        |
|    time_elapsed         | 128       |
|    total_timesteps      | 1003520   |
| train/                  |           |
|    approx_kl            | 0.0049129 |
|    clip_fraction        | 0.0376    |
|    clip_range           | 0.2       |
|    entropy_loss         | -2.38     |
|    explained_variance   | 0.593     |
|    learning_rate        | 0.0003    |
|    loss                 | 6.01      |
|    n_updates            | 2445      |
|    policy_gradient_loss | -0.00305  |
|    std                  | 0.798     |
|    value_loss           | 65.4      |
---------------------------------------
-----------------------------------------
| rollout/                |             |
|    ep_len_mean          | 1.59e+03    |
|    ep_rew_mean          | 60.4        |
| time/                   |             |
|    fps                  | 1434        |
|    iterations           | 91          |
|    time_elapsed         | 129         |
|    total_timesteps      | 1005568     |
| train/                  |             |
|    approx_kl            | 0.008568604 |
|    clip_fraction        | 0.0677      |
|    clip_range           | 0.2         |
|    entropy_loss         | -2.38       |
|    explained_variance   | 0.335       |
|    learning_rate        | 0.0003      |
|    loss                 | 5.84        |
|    n_updates            | 2450        |
|    policy_gradient_loss | -0.00325    |
|    std                  | 0.797       |
|    value_loss           | 56.9        |
-----------------------------------------
-----------------------------------------
| rollout/                |             |
|    ep_len_mean          | 1.59e+03    |
|    ep_rew_mean          | 60.4        |
| time/                   |             |
|    fps                  | 1435        |
|    iterations           | 92          |
|    time_elapsed         | 131         |
|    total_timesteps      | 1007616     |
| train/                  |             |
|    approx_kl            | 0.013931446 |
|    clip_fraction        | 0.0728      |
|    clip_range           | 0.2         |
|    entropy_loss         | -2.38       |
|    explained_variance   | 0.465       |
|    learning_rate        | 0.0003      |
|    loss                 | 2.18        |
|    n_updates            | 2455        |
|    policy_gradient_loss | -0.00114    |
|    std                  | 0.798       |
|    value_loss           | 58.6        |
-----------------------------------------
-----------------------------------------
| rollout/                |             |
|    ep_len_mean          | 1.59e+03    |
|    ep_rew_mean          | 60.4        |
| time/                   |             |
|    fps                  | 1437        |
|    iterations           | 93          |
|    time_elapsed         | 132         |
|    total_timesteps      | 1009664     |
| train/                  |             |
|    approx_kl            | 0.013057964 |
|    clip_fraction        | 0.122       |
|    clip_range           | 0.2         |
|    entropy_loss         | -2.38       |
|    explained_variance   | 0.937       |
|    learning_rate        | 0.0003      |
|    loss                 | 1.66        |
|    n_updates            | 2460        |
|    policy_gradient_loss | 0.00115     |
|    std                  | 0.798       |
|    value_loss           | 6.3         |
-----------------------------------------
----------------------------------------
| rollout/                |            |
|    ep_len_mean          | 1.6e+03    |
|    ep_rew_mean          | 59.3       |
| time/                   |            |
|    fps                  | 1436       |
|    iterations           | 94         |
|    time_elapsed         | 134        |
|    total_timesteps      | 1011712    |
| train/                  |            |
|    approx_kl            | 0.05402095 |
|    clip_fraction        | 0.204      |
|    clip_range           | 0.2        |
|    entropy_loss         | -2.38      |
|    explained_variance   | 0.551      |
|    learning_rate        | 0.0003     |
|    loss                 | 0.229      |
|    n_updates            | 2465       |
|    policy_gradient_loss | 0.0172     |
|    std                  | 0.797      |
|    value_loss           | 58.7       |
----------------------------------------
-----------------------------------------
| rollout/                |             |
|    ep_len_mean          | 1.59e+03    |
|    ep_rew_mean          | 59.4        |
| time/                   |             |
|    fps                  | 1436        |
|    iterations           | 95          |
|    time_elapsed         | 135         |
|    total_timesteps      | 1013760     |
| train/                  |             |
|    approx_kl            | 0.023648787 |
|    clip_fraction        | 0.22        |
|    clip_range           | 0.2         |
|    entropy_loss         | -2.38       |
|    explained_variance   | 0.681       |
|    learning_rate        | 0.0003      |
|    loss                 | 29.2        |
|    n_updates            | 2470        |
|    policy_gradient_loss | 0.00498     |
|    std                  | 0.795       |
|    value_loss           | 10.4        |
-----------------------------------------
----------------------------------------
| rollout/                |            |
|    ep_len_mean          | 1.57e+03   |
|    ep_rew_mean          | 60.7       |
| time/                   |            |
|    fps                  | 1433       |
|    iterations           | 96         |
|    time_elapsed         | 137        |
|    total_timesteps      | 1015808    |
| train/                  |            |
|    approx_kl            | 0.04130704 |
|    clip_fraction        | 0.417      |
|    clip_range           | 0.2        |
|    entropy_loss         | -2.37      |
|    explained_variance   | 0.0369     |
|    learning_rate        | 0.0003     |
|    loss                 | 156        |
|    n_updates            | 2475       |
|    policy_gradient_loss | 0.0205     |
|    std                  | 0.793      |
|    value_loss           | 140        |
----------------------------------------
-----------------------------------------
| rollout/                |             |
|    ep_len_mean          | 1.57e+03    |
|    ep_rew_mean          | 60.7        |
| time/                   |             |
|    fps                  | 1434        |
|    iterations           | 97          |
|    time_elapsed         | 138         |
|    total_timesteps      | 1017856     |
| train/                  |             |
|    approx_kl            | 0.016538033 |
|    clip_fraction        | 0.113       |
|    clip_range           | 0.2         |
|    entropy_loss         | -2.37       |
|    explained_variance   | 0.284       |
|    learning_rate        | 0.0003      |
|    loss                 | 1.36        |
|    n_updates            | 2480        |
|    policy_gradient_loss | -0.00062    |
|    std                  | 0.792       |
|    value_loss           | 49.8        |
-----------------------------------------
----------------------------------------
| rollout/                |            |
|    ep_len_mean          | 1.58e+03   |
|    ep_rew_mean          | 60.7       |
| time/                   |            |
|    fps                  | 1435       |
|    iterations           | 98         |
|    time_elapsed         | 139        |
|    total_timesteps      | 1019904    |
| train/                  |            |
|    approx_kl            | 0.01592962 |
|    clip_fraction        | 0.196      |
|    clip_range           | 0.2        |
|    entropy_loss         | -2.37      |
|    explained_variance   | 0.826      |
|    learning_rate        | 0.0003     |
|    loss                 | 0.734      |
|    n_updates            | 2485       |
|    policy_gradient_loss | -0.00187   |
|    std                  | 0.793      |
|    value_loss           | 5.34       |
----------------------------------------
------------------------------------------
| rollout/                |              |
|    ep_len_mean          | 1.58e+03     |
|    ep_rew_mean          | 59.2         |
| time/                   |              |
|    fps                  | 1435         |
|    iterations           | 99           |
|    time_elapsed         | 141          |
|    total_timesteps      | 1021952      |
| train/                  |              |
|    approx_kl            | 0.0111690145 |
|    clip_fraction        | 0.209        |
|    clip_range           | 0.2          |
|    entropy_loss         | -2.37        |
|    explained_variance   | 0.473        |
|    learning_rate        | 0.0003       |
|    loss                 | 0.519        |
|    n_updates            | 2490         |
|    policy_gradient_loss | 0.00632      |
|    std                  | 0.794        |
|    value_loss           | 55.2         |
------------------------------------------
-----------------------------------------
| rollout/                |             |
|    ep_len_mean          | 1.57e+03    |
|    ep_rew_mean          | 60.3        |
| time/                   |             |
|    fps                  | 1434        |
|    iterations           | 100         |
|    time_elapsed         | 142         |
|    total_timesteps      | 1024000     |
| train/                  |             |
|    approx_kl            | 0.015708253 |
|    clip_fraction        | 0.0961      |
|    clip_range           | 0.2         |
|    entropy_loss         | -2.38       |
|    explained_variance   | 0.755       |
|    learning_rate        | 0.0003      |
|    loss                 | 1.46        |
|    n_updates            | 2495        |
|    policy_gradient_loss | -0.000802   |
|    std                  | 0.796       |
|    value_loss           | 10.8        |
-----------------------------------------

CP5 held-out: 38/50 hits (76.0%), mean miss 4.8 m, mean reward 98.86
STOP CONDITION: no joint improvement -- review gate before continuing.
CP6: evasive lineage | max_time=45s t_go_max=10s | tracking=True | obs=12-D | miss_tanh_scale=3000m shaping_gamma=1 effort_weight=5 precision_weight=0 -> out=outputs/evasive_zemtgo10_seed8
---------------------------------
| rollout/           |          |
|    ep_len_mean     | 1.57e+03 |
|    ep_rew_mean     | 60.3     |
| time/              |          |
|    fps             | 4648     |
|    iterations      | 1        |
|    time_elapsed    | 0        |
|    total_timesteps | 1026048  |
---------------------------------
-----------------------------------------
| rollout/                |             |
|    ep_len_mean          | 1.56e+03    |
|    ep_rew_mean          | 61.6        |
| time/                   |             |
|    fps                  | 1894        |
|    iterations           | 2           |
|    time_elapsed         | 2           |
|    total_timesteps      | 1028096     |
| train/                  |             |
|    approx_kl            | 0.003983801 |
|    clip_fraction        | 0.0714      |
|    clip_range           | 0.2         |
|    entropy_loss         | -2.38       |
|    explained_variance   | 0.797       |
|    learning_rate        | 0.0003      |
|    loss                 | 2.17        |
|    n_updates            | 2505        |
|    policy_gradient_loss | -0.00189    |
|    std                  | 0.794       |
|    value_loss           | 4.62        |
-----------------------------------------
------------------------------------------
| rollout/                |              |
|    ep_len_mean          | 1.56e+03     |
|    ep_rew_mean          | 61.6         |
| time/                   |              |
|    fps                  | 1654         |
|    iterations           | 3            |
|    time_elapsed         | 3            |
|    total_timesteps      | 1030144      |
| train/                  |              |
|    approx_kl            | 0.0064426614 |
|    clip_fraction        | 0.0729       |
|    clip_range           | 0.2          |
|    entropy_loss         | -2.37        |
|    explained_variance   | 0.16         |
|    learning_rate        | 0.0003       |
|    loss                 | 2.59         |
|    n_updates            | 2510         |
|    policy_gradient_loss | 0.000464     |
|    std                  | 0.792        |
|    value_loss           | 86.4         |
------------------------------------------
-----------------------------------------
| rollout/                |             |
|    ep_len_mean          | 1.56e+03    |
|    ep_rew_mean          | 61.6        |
| time/                   |             |
|    fps                  | 1628        |
|    iterations           | 4           |
|    time_elapsed         | 5           |
|    total_timesteps      | 1032192     |
| train/                  |             |
|    approx_kl            | 0.006490045 |
|    clip_fraction        | 0.0342      |
|    clip_range           | 0.2         |
|    entropy_loss         | -2.37       |
|    explained_variance   | 0.798       |
|    learning_rate        | 0.0003      |
|    loss                 | 2.82        |
|    n_updates            | 2515        |
|    policy_gradient_loss | -0.00234    |
|    std                  | 0.793       |
|    value_loss           | 8.67        |
-----------------------------------------
-----------------------------------------
| rollout/                |             |
|    ep_len_mean          | 1.56e+03    |
|    ep_rew_mean          | 61.3        |
| time/                   |             |
|    fps                  | 1599        |
|    iterations           | 5           |
|    time_elapsed         | 6           |
|    total_timesteps      | 1034240     |
| train/                  |             |
|    approx_kl            | 0.005703537 |
|    clip_fraction        | 0.02        |
|    clip_range           | 0.2         |
|    entropy_loss         | -2.37       |
|    explained_variance   | 0.613       |
|    learning_rate        | 0.0003      |
|    loss                 | 8.08        |
|    n_updates            | 2520        |
|    policy_gradient_loss | -0.00134    |
|    std                  | 0.793       |
|    value_loss           | 12.8        |
-----------------------------------------
-----------------------------------------
| rollout/                |             |
|    ep_len_mean          | 1.56e+03    |
|    ep_rew_mean          | 61.1        |
| time/                   |             |
|    fps                  | 1552        |
|    iterations           | 6           |
|    time_elapsed         | 7           |
|    total_timesteps      | 1036288     |
| train/                  |             |
|    approx_kl            | 0.008810673 |
|    clip_fraction        | 0.0355      |
|    clip_range           | 0.2         |
|    entropy_loss         | -2.37       |
|    explained_variance   | 0.597       |
|    learning_rate        | 0.0003      |
|    loss                 | 1.16        |
|    n_updates            | 2525        |
|    policy_gradient_loss | -0.00304    |
|    std                  | 0.791       |
|    value_loss           | 14.7        |
-----------------------------------------
------------------------------------------
| rollout/                |              |
|    ep_len_mean          | 1.57e+03     |
|    ep_rew_mean          | 59.7         |
| time/                   |              |
|    fps                  | 1528         |
|    iterations           | 7            |
|    time_elapsed         | 9            |
|    total_timesteps      | 1038336      |
| train/                  |              |
|    approx_kl            | 0.0096638035 |
|    clip_fraction        | 0.0971       |
|    clip_range           | 0.2          |
|    entropy_loss         | -2.37        |
|    explained_variance   | -0.00507     |
|    learning_rate        | 0.0003       |
|    loss                 | 0.581        |
|    n_updates            | 2530         |
|    policy_gradient_loss | 0.000806     |
|    std                  | 0.791        |
|    value_loss           | 95.4         |
------------------------------------------
-----------------------------------------
| rollout/                |             |
|    ep_len_mean          | 1.54e+03    |
|    ep_rew_mean          | 63.1        |
| time/                   |             |
|    fps                  | 1532        |
|    iterations           | 8           |
|    time_elapsed         | 10          |
|    total_timesteps      | 1040384     |
| train/                  |             |
|    approx_kl            | 0.004358967 |
|    clip_fraction        | 0.0354      |
|    clip_range           | 0.2         |
|    entropy_loss         | -2.36       |
|    explained_variance   | 0.634       |
|    learning_rate        | 0.0003      |
|    loss                 | 2.9         |
|    n_updates            | 2535        |
|    policy_gradient_loss | -0.00172    |
|    std                  | 0.789       |
|    value_loss           | 11.6        |
-----------------------------------------
----------------------------------------
| rollout/                |            |
|    ep_len_mean          | 1.54e+03   |
|    ep_rew_mean          | 63.1       |
| time/                   |            |
|    fps                  | 1495       |
|    iterations           | 9          |
|    time_elapsed         | 12         |
|    total_timesteps      | 1042432    |
| train/                  |            |
|    approx_kl            | 0.02243061 |
|    clip_fraction        | 0.11       |
|    clip_range           | 0.2        |
|    entropy_loss         | -2.36      |
|    explained_variance   | -0.0635    |
|    learning_rate        | 0.0003     |
|    loss                 | 4.71       |
|    n_updates            | 2540       |
|    policy_gradient_loss | 0.000366   |
|    std                  | 0.788      |
|    value_loss           | 169        |
----------------------------------------
-----------------------------------------
| rollout/                |             |
|    ep_len_mean          | 1.53e+03    |
|    ep_rew_mean          | 64.5        |
| time/                   |             |
|    fps                  | 1497        |
|    iterations           | 10          |
|    time_elapsed         | 13          |
|    total_timesteps      | 1044480     |
| train/                  |             |
|    approx_kl            | 0.011836728 |
|    clip_fraction        | 0.122       |
|    clip_range           | 0.2         |
|    entropy_loss         | -2.36       |
|    explained_variance   | 0.7         |
|    learning_rate        | 0.0003      |
|    loss                 | 1.33        |
|    n_updates            | 2545        |
|    policy_gradient_loss | -0.00264    |
|    std                  | 0.786       |
|    value_loss           | 5.18        |
-----------------------------------------
---------------------------------------
| rollout/                |           |
|    ep_len_mean          | 1.55e+03  |
|    ep_rew_mean          | 64.5      |
| time/                   |           |
|    fps                  | 1489      |
|    iterations           | 11        |
|    time_elapsed         | 15        |
|    total_timesteps      | 1046528   |
| train/                  |           |
|    approx_kl            | 0.0236127 |
|    clip_fraction        | 0.234     |
|    clip_range           | 0.2       |
|    entropy_loss         | -2.35     |
|    explained_variance   | 0.143     |
|    learning_rate        | 0.0003    |
|    loss                 | 2.61      |
|    n_updates            | 2550      |
|    policy_gradient_loss | 0.00629   |
|    std                  | 0.785     |
|    value_loss           | 80.8      |
---------------------------------------
-----------------------------------------
| rollout/                |             |
|    ep_len_mean          | 1.55e+03    |
|    ep_rew_mean          | 64.4        |
| time/                   |             |
|    fps                  | 1488        |
|    iterations           | 12          |
|    time_elapsed         | 16          |
|    total_timesteps      | 1048576     |
| train/                  |             |
|    approx_kl            | 0.009912115 |
|    clip_fraction        | 0.194       |
|    clip_range           | 0.2         |
|    entropy_loss         | -2.35       |
|    explained_variance   | 0.154       |
|    learning_rate        | 0.0003      |
|    loss                 | 3.94        |
|    n_updates            | 2555        |
|    policy_gradient_loss | 0.00264     |
|    std                  | 0.784       |
|    value_loss           | 74.4        |
-----------------------------------------
------------------------------------------
| rollout/                |              |
|    ep_len_mean          | 1.53e+03     |
|    ep_rew_mean          | 65.7         |
| time/                   |              |
|    fps                  | 1491         |
|    iterations           | 13           |
|    time_elapsed         | 17           |
|    total_timesteps      | 1050624      |
| train/                  |              |
|    approx_kl            | 0.0063075596 |
|    clip_fraction        | 0.0968       |
|    clip_range           | 0.2          |
|    entropy_loss         | -2.35        |
|    explained_variance   | 0.559        |
|    learning_rate        | 0.0003       |
|    loss                 | 15           |
|    n_updates            | 2560         |
|    policy_gradient_loss | 0.000214     |
|    std                  | 0.783        |
|    value_loss           | 53.5         |
------------------------------------------
----------------------------------------
| rollout/                |            |
|    ep_len_mean          | 1.53e+03   |
|    ep_rew_mean          | 65.9       |
| time/                   |            |
|    fps                  | 1483       |
|    iterations           | 14         |
|    time_elapsed         | 19         |
|    total_timesteps      | 1052672    |
| train/                  |            |
|    approx_kl            | 0.00375861 |
|    clip_fraction        | 0.0385     |
|    clip_range           | 0.2        |
|    entropy_loss         | -2.34      |
|    explained_variance   | 0.372      |
|    learning_rate        | 0.0003     |
|    loss                 | 0.808      |
|    n_updates            | 2565       |
|    policy_gradient_loss | -0.00233   |
|    std                  | 0.782      |
|    value_loss           | 39         |
----------------------------------------
-----------------------------------------
| rollout/                |             |
|    ep_len_mean          | 1.53e+03    |
|    ep_rew_mean          | 65.9        |
| time/                   |             |
|    fps                  | 1492        |
|    iterations           | 15          |
|    time_elapsed         | 20          |
|    total_timesteps      | 1054720     |
| train/                  |             |
|    approx_kl            | 0.006574061 |
|    clip_fraction        | 0.0563      |
|    clip_range           | 0.2         |
|    entropy_loss         | -2.34       |
|    explained_variance   | 0.796       |
|    learning_rate        | 0.0003      |
|    loss                 | 11.6        |
|    n_updates            | 2570        |
|    policy_gradient_loss | -0.000781   |
|    std                  | 0.781       |
|    value_loss           | 12.5        |
-----------------------------------------
-----------------------------------------
| rollout/                |             |
|    ep_len_mean          | 1.54e+03    |
|    ep_rew_mean          | 65.6        |
| time/                   |             |
|    fps                  | 1484        |
|    iterations           | 16          |
|    time_elapsed         | 22          |
|    total_timesteps      | 1056768     |
| train/                  |             |
|    approx_kl            | 0.009104369 |
|    clip_fraction        | 0.0571      |
|    clip_range           | 0.2         |
|    entropy_loss         | -2.34       |
|    explained_variance   | 0.197       |
|    learning_rate        | 0.0003      |
|    loss                 | 0.85        |
|    n_updates            | 2575        |
|    policy_gradient_loss | -0.000707   |
|    std                  | 0.782       |
|    value_loss           | 51.5        |
-----------------------------------------
----------------------------------------
| rollout/                |            |
|    ep_len_mean          | 1.53e+03   |
|    ep_rew_mean          | 66.9       |
| time/                   |            |
|    fps                  | 1478       |
|    iterations           | 17         |
|    time_elapsed         | 23         |
|    total_timesteps      | 1058816    |
| train/                  |            |
|    approx_kl            | 0.04533737 |
|    clip_fraction        | 0.225      |
|    clip_range           | 0.2        |
|    entropy_loss         | -2.34      |
|    explained_variance   | 0.375      |
|    learning_rate        | 0.0003     |
|    loss                 | 4.48       |
|    n_updates            | 2580       |
|    policy_gradient_loss | 0.0136     |
|    std                  | 0.781      |
|    value_loss           | 47.8       |
----------------------------------------
-----------------------------------------
| rollout/                |             |
|    ep_len_mean          | 1.5e+03     |
|    ep_rew_mean          | 69.3        |
| time/                   |             |
|    fps                  | 1480        |
|    iterations           | 18          |
|    time_elapsed         | 24          |
|    total_timesteps      | 1060864     |
| train/                  |             |
|    approx_kl            | 0.013760735 |
|    clip_fraction        | 0.132       |
|    clip_range           | 0.2         |
|    entropy_loss         | -2.33       |
|    explained_variance   | 0.215       |
|    learning_rate        | 0.0003      |
|    loss                 | 0.74        |
|    n_updates            | 2585        |
|    policy_gradient_loss | -0.00178    |
|    std                  | 0.777       |
|    value_loss           | 39.2        |
-----------------------------------------
-----------------------------------------
| rollout/                |             |
|    ep_len_mean          | 1.5e+03     |
|    ep_rew_mean          | 69.3        |
| time/                   |             |
|    fps                  | 1475        |
|    iterations           | 19          |
|    time_elapsed         | 26          |
|    total_timesteps      | 1062912     |
| train/                  |             |
|    approx_kl            | 0.011717137 |
|    clip_fraction        | 0.0782      |
|    clip_range           | 0.2         |
|    entropy_loss         | -2.33       |
|    explained_variance   | 0.178       |
|    learning_rate        | 0.0003      |
|    loss                 | 0.658       |
|    n_updates            | 2590        |
|    policy_gradient_loss | -0.00148    |
|    std                  | 0.776       |
|    value_loss           | 96.4        |
-----------------------------------------
-----------------------------------------
| rollout/                |             |
|    ep_len_mean          | 1.48e+03    |
|    ep_rew_mean          | 72          |
| time/                   |             |
|    fps                  | 1472        |
|    iterations           | 20          |
|    time_elapsed         | 27          |
|    total_timesteps      | 1064960     |
| train/                  |             |
|    approx_kl            | 0.005441897 |
|    clip_fraction        | 0.0975      |
|    clip_range           | 0.2         |
|    entropy_loss         | -2.33       |
|    explained_variance   | 0.583       |
|    learning_rate        | 0.0003      |
|    loss                 | 4.14        |
|    n_updates            | 2595        |
|    policy_gradient_loss | -0.000646   |
|    std                  | 0.776       |
|    value_loss           | 31.5        |
-----------------------------------------
------------------------------------------
| rollout/                |              |
|    ep_len_mean          | 1.48e+03     |
|    ep_rew_mean          | 72           |
| time/                   |              |
|    fps                  | 1470         |
|    iterations           | 21           |
|    time_elapsed         | 29           |
|    total_timesteps      | 1067008      |
| train/                  |              |
|    approx_kl            | 0.0063171503 |
|    clip_fraction        | 0.0686       |
|    clip_range           | 0.2          |
|    entropy_loss         | -2.33        |
|    explained_variance   | 0.6          |
|    learning_rate        | 0.0003       |
|    loss                 | 0.858        |
|    n_updates            | 2600         |
|    policy_gradient_loss | -0.00211     |
|    std                  | 0.776        |
|    value_loss           | 83.5         |
------------------------------------------
-----------------------------------------
| rollout/                |             |
|    ep_len_mean          | 1.48e+03    |
|    ep_rew_mean          | 72.1        |
| time/                   |             |
|    fps                  | 1472        |
|    iterations           | 22          |
|    time_elapsed         | 30          |
|    total_timesteps      | 1069056     |
| train/                  |             |
|    approx_kl            | 0.008992244 |
|    clip_fraction        | 0.0666      |
|    clip_range           | 0.2         |
|    entropy_loss         | -2.33       |
|    explained_variance   | 0.799       |
|    learning_rate        | 0.0003      |
|    loss                 | 0.862       |
|    n_updates            | 2605        |
|    policy_gradient_loss | -0.0048     |
|    std                  | 0.775       |
|    value_loss           | 28.3        |
-----------------------------------------
------------------------------------------
| rollout/                |              |
|    ep_len_mean          | 1.49e+03     |
|    ep_rew_mean          | 70.7         |
| time/                   |              |
|    fps                  | 1471         |
|    iterations           | 23           |
|    time_elapsed         | 32           |
|    total_timesteps      | 1071104      |
| train/                  |              |
|    approx_kl            | 0.0077907383 |
|    clip_fraction        | 0.0446       |
|    clip_range           | 0.2          |
|    entropy_loss         | -2.32        |
|    explained_variance   | 0.83         |
|    learning_rate        | 0.0003       |
|    loss                 | 0.208        |
|    n_updates            | 2610         |
|    policy_gradient_loss | -0.00322     |
|    std                  | 0.774        |
|    value_loss           | 15.5         |
------------------------------------------
-----------------------------------------
| rollout/                |             |
|    ep_len_mean          | 1.48e+03    |
|    ep_rew_mean          | 72.2        |
| time/                   |             |
|    fps                  | 1471        |
|    iterations           | 24          |
|    time_elapsed         | 33          |
|    total_timesteps      | 1073152     |
| train/                  |             |
|    approx_kl            | 0.025365952 |
|    clip_fraction        | 0.165       |
|    clip_range           | 0.2         |
|    entropy_loss         | -2.32       |
|    explained_variance   | 0.614       |
|    learning_rate        | 0.0003      |
|    loss                 | 2.05        |
|    n_updates            | 2615        |
|    policy_gradient_loss | 0.00506     |
|    std                  | 0.773       |
|    value_loss           | 14.2        |
-----------------------------------------
-----------------------------------------
| rollout/                |             |
|    ep_len_mean          | 1.48e+03    |
|    ep_rew_mean          | 72.2        |
| time/                   |             |
|    fps                  | 1475        |
|    iterations           | 25          |
|    time_elapsed         | 34          |
|    total_timesteps      | 1075200     |
| train/                  |             |
|    approx_kl            | 0.014015211 |
|    clip_fraction        | 0.118       |
|    clip_range           | 0.2         |
|    entropy_loss         | -2.32       |
|    explained_variance   | 0.686       |
|    learning_rate        | 0.0003      |
|    loss                 | 1.42        |
|    n_updates            | 2620        |
|    policy_gradient_loss | -0.00368    |
|    std                  | 0.773       |
|    value_loss           | 46.8        |
-----------------------------------------
----------------------------------------
| rollout/                |            |
|    ep_len_mean          | 1.46e+03   |
|    ep_rew_mean          | 74.6       |
| time/                   |            |
|    fps                  | 1479       |
|    iterations           | 26         |
|    time_elapsed         | 35         |
|    total_timesteps      | 1077248    |
| train/                  |            |
|    approx_kl            | 0.10265591 |
|    clip_fraction        | 0.254      |
|    clip_range           | 0.2        |
|    entropy_loss         | -2.32      |
|    explained_variance   | 0.9        |
|    learning_rate        | 0.0003     |
|    loss                 | 3.17       |
|    n_updates            | 2625       |
|    policy_gradient_loss | 0.024      |
|    std                  | 0.774      |
|    value_loss           | 3.63       |
----------------------------------------
-----------------------------------------
| rollout/                |             |
|    ep_len_mean          | 1.47e+03    |
|    ep_rew_mean          | 73.2        |
| time/                   |             |
|    fps                  | 1478        |
|    iterations           | 27          |
|    time_elapsed         | 37          |
|    total_timesteps      | 1079296     |
| train/                  |             |
|    approx_kl            | 0.024373554 |
|    clip_fraction        | 0.259       |
|    clip_range           | 0.2         |
|    entropy_loss         | -2.32       |
|    explained_variance   | 0.584       |
|    learning_rate        | 0.0003      |
|    loss                 | 5.57        |
|    n_updates            | 2630        |
|    policy_gradient_loss | 0.00976     |
|    std                  | 0.774       |
|    value_loss           | 74.9        |
-----------------------------------------
------------------------------------------
| rollout/                |              |
|    ep_len_mean          | 1.47e+03     |
|    ep_rew_mean          | 73.2         |
| time/                   |              |
|    fps                  | 1479         |
|    iterations           | 28           |
|    time_elapsed         | 38           |
|    total_timesteps      | 1081344      |
| train/                  |              |
|    approx_kl            | 0.0042383517 |
|    clip_fraction        | 0.0407       |
|    clip_range           | 0.2          |
|    entropy_loss         | -2.32        |
|    explained_variance   | 0.719        |
|    learning_rate        | 0.0003       |
|    loss                 | 1.47         |
|    n_updates            | 2635         |
|    policy_gradient_loss | -0.00159     |
|    std                  | 0.774        |
|    value_loss           | 18.9         |
------------------------------------------
-----------------------------------------
| rollout/                |             |
|    ep_len_mean          | 1.47e+03    |
|    ep_rew_mean          | 74.6        |
| time/                   |             |
|    fps                  | 1481        |
|    iterations           | 29          |
|    time_elapsed         | 40          |
|    total_timesteps      | 1083392     |
| train/                  |             |
|    approx_kl            | 0.020829774 |
|    clip_fraction        | 0.162       |
|    clip_range           | 0.2         |
|    entropy_loss         | -2.32       |
|    explained_variance   | 0.727       |
|    learning_rate        | 0.0003      |
|    loss                 | 1.64        |
|    n_updates            | 2640        |
|    policy_gradient_loss | 0.00823     |
|    std                  | 0.776       |
|    value_loss           | 9.67        |
-----------------------------------------
-----------------------------------------
| rollout/                |             |
|    ep_len_mean          | 1.48e+03    |
|    ep_rew_mean          | 73.2        |
| time/                   |             |
|    fps                  | 1480        |
|    iterations           | 30          |
|    time_elapsed         | 41          |
|    total_timesteps      | 1085440     |
| train/                  |             |
|    approx_kl            | 0.008014319 |
|    clip_fraction        | 0.101       |
|    clip_range           | 0.2         |
|    entropy_loss         | -2.33       |
|    explained_variance   | 0.313       |
|    learning_rate        | 0.0003      |
|    loss                 | 7.6         |
|    n_updates            | 2645        |
|    policy_gradient_loss | -0.00289    |
|    std                  | 0.777       |
|    value_loss           | 65.5        |
-----------------------------------------
-----------------------------------------
| rollout/                |             |
|    ep_len_mean          | 1.48e+03    |
|    ep_rew_mean          | 73.1        |
| time/                   |             |
|    fps                  | 1482        |
|    iterations           | 31          |
|    time_elapsed         | 42          |
|    total_timesteps      | 1087488     |
| train/                  |             |
|    approx_kl            | 0.004681998 |
|    clip_fraction        | 0.0339      |
|    clip_range           | 0.2         |
|    entropy_loss         | -2.33       |
|    explained_variance   | 0.757       |
|    learning_rate        | 0.0003      |
|    loss                 | 2.08        |
|    n_updates            | 2650        |
|    policy_gradient_loss | -0.00186    |
|    std                  | 0.776       |
|    value_loss           | 30.3        |
-----------------------------------------
-----------------------------------------
| rollout/                |             |
|    ep_len_mean          | 1.48e+03    |
|    ep_rew_mean          | 73.4        |
| time/                   |             |
|    fps                  | 1482        |
|    iterations           | 32          |
|    time_elapsed         | 44          |
|    total_timesteps      | 1089536     |
| train/                  |             |
|    approx_kl            | 0.013771048 |
|    clip_fraction        | 0.0593      |
|    clip_range           | 0.2         |
|    entropy_loss         | -2.33       |
|    explained_variance   | 0.549       |
|    learning_rate        | 0.0003      |
|    loss                 | 0.168       |
|    n_updates            | 2655        |
|    policy_gradient_loss | -0.000626   |
|    std                  | 0.776       |
|    value_loss           | 40.5        |
-----------------------------------------
-----------------------------------------
| rollout/                |             |
|    ep_len_mean          | 1.49e+03    |
|    ep_rew_mean          | 72          |
| time/                   |             |
|    fps                  | 1482        |
|    iterations           | 33          |
|    time_elapsed         | 45          |
|    total_timesteps      | 1091584     |
| train/                  |             |
|    approx_kl            | 0.005927828 |
|    clip_fraction        | 0.0417      |
|    clip_range           | 0.2         |
|    entropy_loss         | -2.33       |
|    explained_variance   | 0.545       |
|    learning_rate        | 0.0003      |
|    loss                 | 6.07        |
|    n_updates            | 2660        |
|    policy_gradient_loss | -0.00268    |
|    std                  | 0.776       |
|    value_loss           | 38.5        |
-----------------------------------------
-----------------------------------------
| rollout/                |             |
|    ep_len_mean          | 1.5e+03     |
|    ep_rew_mean          | 72          |
| time/                   |             |
|    fps                  | 1481        |
|    iterations           | 34          |
|    time_elapsed         | 46          |
|    total_timesteps      | 1093632     |
| train/                  |             |
|    approx_kl            | 0.013556581 |
|    clip_fraction        | 0.0969      |
|    clip_range           | 0.2         |
|    entropy_loss         | -2.33       |
|    explained_variance   | 0.594       |
|    learning_rate        | 0.0003      |
|    loss                 | 4.24        |
|    n_updates            | 2665        |
|    policy_gradient_loss | 0.00144     |
|    std                  | 0.777       |
|    value_loss           | 12.6        |
-----------------------------------------
-----------------------------------------
| rollout/                |             |
|    ep_len_mean          | 1.49e+03    |
|    ep_rew_mean          | 74.6        |
| time/                   |             |
|    fps                  | 1484        |
|    iterations           | 35          |
|    time_elapsed         | 48          |
|    total_timesteps      | 1095680     |
| train/                  |             |
|    approx_kl            | 0.003387422 |
|    clip_fraction        | 0.0371      |
|    clip_range           | 0.2         |
|    entropy_loss         | -2.33       |
|    explained_variance   | 0.334       |
|    learning_rate        | 0.0003      |
|    loss                 | 2.06        |
|    n_updates            | 2670        |
|    policy_gradient_loss | -0.00273    |
|    std                  | 0.778       |
|    value_loss           | 35.2        |
-----------------------------------------
------------------------------------------
| rollout/                |              |
|    ep_len_mean          | 1.49e+03     |
|    ep_rew_mean          | 74.6         |
| time/                   |              |
|    fps                  | 1479         |
|    iterations           | 36           |
|    time_elapsed         | 49           |
|    total_timesteps      | 1097728      |
| train/                  |              |
|    approx_kl            | 0.0062096557 |
|    clip_fraction        | 0.0596       |
|    clip_range           | 0.2          |
|    entropy_loss         | -2.33        |
|    explained_variance   | 0.391        |
|    learning_rate        | 0.0003       |
|    loss                 | 2.25         |
|    n_updates            | 2675         |
|    policy_gradient_loss | -0.00235     |
|    std                  | 0.778        |
|    value_loss           | 102          |
------------------------------------------
------------------------------------------
| rollout/                |              |
|    ep_len_mean          | 1.46e+03     |
|    ep_rew_mean          | 77.5         |
| time/                   |              |
|    fps                  | 1482         |
|    iterations           | 37           |
|    time_elapsed         | 51           |
|    total_timesteps      | 1099776      |
| train/                  |              |
|    approx_kl            | 0.0130331535 |
|    clip_fraction        | 0.158        |
|    clip_range           | 0.2          |
|    entropy_loss         | -2.33        |
|    explained_variance   | 0.844        |
|    learning_rate        | 0.0003       |
|    loss                 | 0.775        |
|    n_updates            | 2680         |
|    policy_gradient_loss | 0.00883      |
|    std                  | 0.775        |
|    value_loss           | 3.9          |
------------------------------------------
-----------------------------------------
| rollout/                |             |
|    ep_len_mean          | 1.46e+03    |
|    ep_rew_mean          | 77.6        |
| time/                   |             |
|    fps                  | 1474        |
|    iterations           | 38          |
|    time_elapsed         | 52          |
|    total_timesteps      | 1101824     |
| train/                  |             |
|    approx_kl            | 0.004223748 |
|    clip_fraction        | 0.108       |
|    clip_range           | 0.2         |
|    entropy_loss         | -2.32       |
|    explained_variance   | 0.524       |
|    learning_rate        | 0.0003      |
|    loss                 | 4.54        |
|    n_updates            | 2685        |
|    policy_gradient_loss | 0.000517    |
|    std                  | 0.773       |
|    value_loss           | 95          |
-----------------------------------------
------------------------------------------
| rollout/                |              |
|    ep_len_mean          | 1.44e+03     |
|    ep_rew_mean          | 79.1         |
| time/                   |              |
|    fps                  | 1475         |
|    iterations           | 39           |
|    time_elapsed         | 54           |
|    total_timesteps      | 1103872      |
| train/                  |              |
|    approx_kl            | 0.0071853055 |
|    clip_fraction        | 0.0636       |
|    clip_range           | 0.2          |
|    entropy_loss         | -2.32        |
|    explained_variance   | 0.701        |
|    learning_rate        | 0.0003       |
|    loss                 | 7.67         |
|    n_updates            | 2690         |
|    policy_gradient_loss | -0.00323     |
|    std                  | 0.772        |
|    value_loss           | 29.8         |
------------------------------------------
------------------------------------------
| rollout/                |              |
|    ep_len_mean          | 1.43e+03     |
|    ep_rew_mean          | 80.2         |
| time/                   |              |
|    fps                  | 1474         |
|    iterations           | 40           |
|    time_elapsed         | 55           |
|    total_timesteps      | 1105920      |
| train/                  |              |
|    approx_kl            | 0.0057458906 |
|    clip_fraction        | 0.0497       |
|    clip_range           | 0.2          |
|    entropy_loss         | -2.32        |
|    explained_variance   | 0.693        |
|    learning_rate        | 0.0003       |
|    loss                 | 3.62         |
|    n_updates            | 2695         |
|    policy_gradient_loss | -0.00145     |
|    std                  | 0.772        |
|    value_loss           | 39.9         |
------------------------------------------
------------------------------------------
| rollout/                |              |
|    ep_len_mean          | 1.45e+03     |
|    ep_rew_mean          | 78.8         |
| time/                   |              |
|    fps                  | 1474         |
|    iterations           | 41           |
|    time_elapsed         | 56           |
|    total_timesteps      | 1107968      |
| train/                  |              |
|    approx_kl            | 0.0043431264 |
|    clip_fraction        | 0.0761       |
|    clip_range           | 0.2          |
|    entropy_loss         | -2.31        |
|    explained_variance   | 0.72         |
|    learning_rate        | 0.0003       |
|    loss                 | 0.194        |
|    n_updates            | 2700         |
|    policy_gradient_loss | 0.00109      |
|    std                  | 0.771        |
|    value_loss           | 41.9         |
------------------------------------------
-----------------------------------------
| rollout/                |             |
|    ep_len_mean          | 1.45e+03    |
|    ep_rew_mean          | 78.8        |
| time/                   |             |
|    fps                  | 1473        |
|    iterations           | 42          |
|    time_elapsed         | 58          |
|    total_timesteps      | 1110016     |
| train/                  |             |
|    approx_kl            | 0.002976687 |
|    clip_fraction        | 0.0119      |
|    clip_range           | 0.2         |
|    entropy_loss         | -2.31       |
|    explained_variance   | 0.722       |
|    learning_rate        | 0.0003      |
|    loss                 | 6.65        |
|    n_updates            | 2705        |
|    policy_gradient_loss | -0.00228    |
|    std                  | 0.771       |
|    value_loss           | 25.7        |
-----------------------------------------
-----------------------------------------
| rollout/                |             |
|    ep_len_mean          | 1.44e+03    |
|    ep_rew_mean          | 80.3        |
| time/                   |             |
|    fps                  | 1476        |
|    iterations           | 43          |
|    time_elapsed         | 59          |
|    total_timesteps      | 1112064     |
| train/                  |             |
|    approx_kl            | 0.004237702 |
|    clip_fraction        | 0.0562      |
|    clip_range           | 0.2         |
|    entropy_loss         | -2.31       |
|    explained_variance   | 0.799       |
|    learning_rate        | 0.0003      |
|    loss                 | 1.13        |
|    n_updates            | 2710        |
|    policy_gradient_loss | -0.00221    |
|    std                  | 0.771       |
|    value_loss           | 9.56        |
-----------------------------------------
------------------------------------------
| rollout/                |              |
|    ep_len_mean          | 1.45e+03     |
|    ep_rew_mean          | 79.2         |
| time/                   |              |
|    fps                  | 1476         |
|    iterations           | 44           |
|    time_elapsed         | 61           |
|    total_timesteps      | 1114112      |
| train/                  |              |
|    approx_kl            | 0.0042221704 |
|    clip_fraction        | 0.053        |
|    clip_range           | 0.2          |
|    entropy_loss         | -2.31        |
|    explained_variance   | 0.0426       |
|    learning_rate        | 0.0003       |
|    loss                 | 158          |
|    n_updates            | 2715         |
|    policy_gradient_loss | -0.00364     |
|    std                  | 0.772        |
|    value_loss           | 53.2         |
------------------------------------------
------------------------------------------
| rollout/                |              |
|    ep_len_mean          | 1.45e+03     |
|    ep_rew_mean          | 79.2         |
| time/                   |              |
|    fps                  | 1473         |
|    iterations           | 45           |
|    time_elapsed         | 62           |
|    total_timesteps      | 1116160      |
| train/                  |              |
|    approx_kl            | 0.0028023995 |
|    clip_fraction        | 0.0799       |
|    clip_range           | 0.2          |
|    entropy_loss         | -2.32        |
|    explained_variance   | 0.673        |
|    learning_rate        | 0.0003       |
|    loss                 | 1.5          |
|    n_updates            | 2720         |
|    policy_gradient_loss | -0.00254     |
|    std                  | 0.772        |
|    value_loss           | 44.8         |
------------------------------------------
-----------------------------------------
| rollout/                |             |
|    ep_len_mean          | 1.44e+03    |
|    ep_rew_mean          | 80.6        |
| time/                   |             |
|    fps                  | 1472        |
|    iterations           | 46          |
|    time_elapsed         | 63          |
|    total_timesteps      | 1118208     |
| train/                  |             |
|    approx_kl            | 0.008173989 |
|    clip_fraction        | 0.0533      |
|    clip_range           | 0.2         |
|    entropy_loss         | -2.32       |
|    explained_variance   | 0.612       |
|    learning_rate        | 0.0003      |
|    loss                 | 2.23        |
|    n_updates            | 2725        |
|    policy_gradient_loss | 0.00106     |
|    std                  | 0.772       |
|    value_loss           | 45.1        |
-----------------------------------------
------------------------------------------
| rollout/                |              |
|    ep_len_mean          | 1.44e+03     |
|    ep_rew_mean          | 80.6         |
| time/                   |              |
|    fps                  | 1472         |
|    iterations           | 47           |
|    time_elapsed         | 65           |
|    total_timesteps      | 1120256      |
| train/                  |              |
|    approx_kl            | 0.0039125686 |
|    clip_fraction        | 0.0139       |
|    clip_range           | 0.2          |
|    entropy_loss         | -2.32        |
|    explained_variance   | 0.504        |
|    learning_rate        | 0.0003       |
|    loss                 | 1.6          |
|    n_updates            | 2730         |
|    policy_gradient_loss | -0.00211     |
|    std                  | 0.772        |
|    value_loss           | 37.1         |
------------------------------------------
------------------------------------------
| rollout/                |              |
|    ep_len_mean          | 1.45e+03     |
|    ep_rew_mean          | 79.1         |
| time/                   |              |
|    fps                  | 1474         |
|    iterations           | 48           |
|    time_elapsed         | 66           |
|    total_timesteps      | 1122304      |
| train/                  |              |
|    approx_kl            | 0.0027199085 |
|    clip_fraction        | 0.0229       |
|    clip_range           | 0.2          |
|    entropy_loss         | -2.31        |
|    explained_variance   | 0.832        |
|    learning_rate        | 0.0003       |
|    loss                 | 1.76         |
|    n_updates            | 2735         |
|    policy_gradient_loss | -0.00275     |
|    std                  | 0.771        |
|    value_loss           | 8.07         |
------------------------------------------
----------------------------------------
| rollout/                |            |
|    ep_len_mean          | 1.45e+03   |
|    ep_rew_mean          | 79.1       |
| time/                   |            |
|    fps                  | 1469       |
|    iterations           | 49         |
|    time_elapsed         | 68         |
|    total_timesteps      | 1124352    |
| train/                  |            |
|    approx_kl            | 0.00843677 |
|    clip_fraction        | 0.0744     |
|    clip_range           | 0.2        |
|    entropy_loss         | -2.31      |
|    explained_variance   | 0.674      |
|    learning_rate        | 0.0003     |
|    loss                 | 2.13       |
|    n_updates            | 2740       |
|    policy_gradient_loss | -0.00563   |
|    std                  | 0.771      |
|    value_loss           | 46.2       |
----------------------------------------
-----------------------------------------
| rollout/                |             |
|    ep_len_mean          | 1.44e+03    |
|    ep_rew_mean          | 80.4        |
| time/                   |             |
|    fps                  | 1471        |
|    iterations           | 50          |
|    time_elapsed         | 69          |
|    total_timesteps      | 1126400     |
| train/                  |             |
|    approx_kl            | 0.010283448 |
|    clip_fraction        | 0.0827      |
|    clip_range           | 0.2         |
|    entropy_loss         | -2.31       |
|    explained_variance   | 0.938       |
|    learning_rate        | 0.0003      |
|    loss                 | 0.914       |
|    n_updates            | 2745        |
|    policy_gradient_loss | -0.00291    |
|    std                  | 0.77        |
|    value_loss           | 2.87        |
-----------------------------------------
------------------------------------------
| rollout/                |              |
|    ep_len_mean          | 1.41e+03     |
|    ep_rew_mean          | 83.2         |
| time/                   |              |
|    fps                  | 1469         |
|    iterations           | 51           |
|    time_elapsed         | 71           |
|    total_timesteps      | 1128448      |
| train/                  |              |
|    approx_kl            | 0.0118224155 |
|    clip_fraction        | 0.121        |
|    clip_range           | 0.2          |
|    entropy_loss         | -2.31        |
|    explained_variance   | 0.511        |
|    learning_rate        | 0.0003       |
|    loss                 | 0.945        |
|    n_updates            | 2750         |
|    policy_gradient_loss | -0.00288     |
|    std                  | 0.769        |
|    value_loss           | 23.5         |
------------------------------------------
-----------------------------------------
| rollout/                |             |
|    ep_len_mean          | 1.41e+03    |
|    ep_rew_mean          | 83.2        |
| time/                   |             |
|    fps                  | 1467        |
|    iterations           | 52          |
|    time_elapsed         | 72          |
|    total_timesteps      | 1130496     |
| train/                  |             |
|    approx_kl            | 0.008390397 |
|    clip_fraction        | 0.119       |
|    clip_range           | 0.2         |
|    entropy_loss         | -2.31       |
|    explained_variance   | 0.527       |
|    learning_rate        | 0.0003      |
|    loss                 | 89.4        |
|    n_updates            | 2755        |
|    policy_gradient_loss | -0.00294    |
|    std                  | 0.769       |
|    value_loss           | 81.7        |
-----------------------------------------
-----------------------------------------
| rollout/                |             |
|    ep_len_mean          | 1.43e+03    |
|    ep_rew_mean          | 81.6        |
| time/                   |             |
|    fps                  | 1468        |
|    iterations           | 53          |
|    time_elapsed         | 73          |
|    total_timesteps      | 1132544     |
| train/                  |             |
|    approx_kl            | 0.005839513 |
|    clip_fraction        | 0.032       |
|    clip_range           | 0.2         |
|    entropy_loss         | -2.31       |
|    explained_variance   | 0.805       |
|    learning_rate        | 0.0003      |
|    loss                 | 56.9        |
|    n_updates            | 2760        |
|    policy_gradient_loss | 0.000134    |
|    std                  | 0.769       |
|    value_loss           | 19.6        |
-----------------------------------------
------------------------------------------
| rollout/                |              |
|    ep_len_mean          | 1.43e+03     |
|    ep_rew_mean          | 81.5         |
| time/                   |              |
|    fps                  | 1467         |
|    iterations           | 54           |
|    time_elapsed         | 75           |
|    total_timesteps      | 1134592      |
| train/                  |              |
|    approx_kl            | 0.0053860317 |
|    clip_fraction        | 0.0865       |
|    clip_range           | 0.2          |
|    entropy_loss         | -2.31        |
|    explained_variance   | 0.732        |
|    learning_rate        | 0.0003       |
|    loss                 | 18.3         |
|    n_updates            | 2765         |
|    policy_gradient_loss | -0.00375     |
|    std                  | 0.769        |
|    value_loss           | 24.6         |
------------------------------------------
-----------------------------------------
| rollout/                |             |
|    ep_len_mean          | 1.43e+03    |
|    ep_rew_mean          | 81.8        |
| time/                   |             |
|    fps                  | 1467        |
|    iterations           | 55          |
|    time_elapsed         | 76          |
|    total_timesteps      | 1136640     |
| train/                  |             |
|    approx_kl            | 0.008069004 |
|    clip_fraction        | 0.0801      |
|    clip_range           | 0.2         |
|    entropy_loss         | -2.31       |
|    explained_variance   | 0.755       |
|    learning_rate        | 0.0003      |
|    loss                 | 8.58        |
|    n_updates            | 2770        |
|    policy_gradient_loss | -0.00291    |
|    std                  | 0.768       |
|    value_loss           | 36.8        |
-----------------------------------------
-----------------------------------------
| rollout/                |             |
|    ep_len_mean          | 1.4e+03     |
|    ep_rew_mean          | 83          |
| time/                   |             |
|    fps                  | 1466        |
|    iterations           | 56          |
|    time_elapsed         | 78          |
|    total_timesteps      | 1138688     |
| train/                  |             |
|    approx_kl            | 0.027267091 |
|    clip_fraction        | 0.154       |
|    clip_range           | 0.2         |
|    entropy_loss         | -2.3        |
|    explained_variance   | 0.544       |
|    learning_rate        | 0.0003      |
|    loss                 | 0.789       |
|    n_updates            | 2775        |
|    policy_gradient_loss | 0.000592    |
|    std                  | 0.766       |
|    value_loss           | 34.2        |
-----------------------------------------
-----------------------------------------
| rollout/                |             |
|    ep_len_mean          | 1.37e+03    |
|    ep_rew_mean          | 85.6        |
| time/                   |             |
|    fps                  | 1464        |
|    iterations           | 57          |
|    time_elapsed         | 79          |
|    total_timesteps      | 1140736     |
| train/                  |             |
|    approx_kl            | 0.014226024 |
|    clip_fraction        | 0.121       |
|    clip_range           | 0.2         |
|    entropy_loss         | -2.3        |
|    explained_variance   | 0.526       |
|    learning_rate        | 0.0003      |
|    loss                 | 7           |
|    n_updates            | 2780        |
|    policy_gradient_loss | 0.00116     |
|    std                  | 0.765       |
|    value_loss           | 59.2        |
-----------------------------------------
-----------------------------------------
| rollout/                |             |
|    ep_len_mean          | 1.37e+03    |
|    ep_rew_mean          | 85.7        |
| time/                   |             |
|    fps                  | 1461        |
|    iterations           | 58          |
|    time_elapsed         | 81          |
|    total_timesteps      | 1142784     |
| train/                  |             |
|    approx_kl            | 0.009792611 |
|    clip_fraction        | 0.0566      |
|    clip_range           | 0.2         |
|    entropy_loss         | -2.3        |
|    explained_variance   | 0.693       |
|    learning_rate        | 0.0003      |
|    loss                 | 93.9        |
|    n_updates            | 2785        |
|    policy_gradient_loss | -0.00419    |
|    std                  | 0.765       |
|    value_loss           | 56.6        |
-----------------------------------------
------------------------------------------
| rollout/                |              |
|    ep_len_mean          | 1.37e+03     |
|    ep_rew_mean          | 85.9         |
| time/                   |              |
|    fps                  | 1460         |
|    iterations           | 59           |
|    time_elapsed         | 82           |
|    total_timesteps      | 1144832      |
| train/                  |              |
|    approx_kl            | 0.0032120845 |
|    clip_fraction        | 0.00957      |
|    clip_range           | 0.2          |
|    entropy_loss         | -2.3         |
|    explained_variance   | 0.774        |
|    learning_rate        | 0.0003       |
|    loss                 | 0.512        |
|    n_updates            | 2790         |
|    policy_gradient_loss | -0.00211     |
|    std                  | 0.766        |
|    value_loss           | 41.3         |
------------------------------------------
------------------------------------------
| rollout/                |              |
|    ep_len_mean          | 1.37e+03     |
|    ep_rew_mean          | 85.8         |
| time/                   |              |
|    fps                  | 1459         |
|    iterations           | 60           |
|    time_elapsed         | 84           |
|    total_timesteps      | 1146880      |
| train/                  |              |
|    approx_kl            | 0.0058839596 |
|    clip_fraction        | 0.0956       |
|    clip_range           | 0.2          |
|    entropy_loss         | -2.3         |
|    explained_variance   | 0.687        |
|    learning_rate        | 0.0003       |
|    loss                 | 2.17         |
|    n_updates            | 2795         |
|    policy_gradient_loss | -0.00134     |
|    std                  | 0.766        |
|    value_loss           | 23           |
------------------------------------------
----------------------------------------
| rollout/                |            |
|    ep_len_mean          | 1.38e+03   |
|    ep_rew_mean          | 85.9       |
| time/                   |            |
|    fps                  | 1459       |
|    iterations           | 61         |
|    time_elapsed         | 85         |
|    total_timesteps      | 1148928    |
| train/                  |            |
|    approx_kl            | 0.05606943 |
|    clip_fraction        | 0.13       |
|    clip_range           | 0.2        |
|    entropy_loss         | -2.3       |
|    explained_variance   | 0.303      |
|    learning_rate        | 0.0003     |
|    loss                 | 1.52       |
|    n_updates            | 2800       |
|    policy_gradient_loss | 0.00493    |
|    std                  | 0.765      |
|    value_loss           | 47.9       |
----------------------------------------
------------------------------------------
| rollout/                |              |
|    ep_len_mean          | 1.39e+03     |
|    ep_rew_mean          | 83.9         |
| time/                   |              |
|    fps                  | 1459         |
|    iterations           | 62           |
|    time_elapsed         | 87           |
|    total_timesteps      | 1150976      |
| train/                  |              |
|    approx_kl            | 0.0064568743 |
|    clip_fraction        | 0.0408       |
|    clip_range           | 0.2          |
|    entropy_loss         | -2.3         |
|    explained_variance   | 0.638        |
|    learning_rate        | 0.0003       |
|    loss                 | 1.64         |
|    n_updates            | 2805         |
|    policy_gradient_loss | -0.000934    |
|    std                  | 0.766        |
|    value_loss           | 29.8         |
------------------------------------------
-----------------------------------------
| rollout/                |             |
|    ep_len_mean          | 1.36e+03    |
|    ep_rew_mean          | 86.8        |
| time/                   |             |
|    fps                  | 1456        |
|    iterations           | 63          |
|    time_elapsed         | 88          |
|    total_timesteps      | 1153024     |
| train/                  |             |
|    approx_kl            | 0.014379837 |
|    clip_fraction        | 0.0965      |
|    clip_range           | 0.2         |
|    entropy_loss         | -2.3        |
|    explained_variance   | 0.626       |
|    learning_rate        | 0.0003      |
|    loss                 | 16.1        |
|    n_updates            | 2810        |
|    policy_gradient_loss | -0.00275    |
|    std                  | 0.764       |
|    value_loss           | 29.2        |
-----------------------------------------
------------------------------------------
| rollout/                |              |
|    ep_len_mean          | 1.36e+03     |
|    ep_rew_mean          | 86.8         |
| time/                   |              |
|    fps                  | 1453         |
|    iterations           | 64           |
|    time_elapsed         | 90           |
|    total_timesteps      | 1155072      |
| train/                  |              |
|    approx_kl            | 0.0059166774 |
|    clip_fraction        | 0.0316       |
|    clip_range           | 0.2          |
|    entropy_loss         | -2.29        |
|    explained_variance   | 0.626        |
|    learning_rate        | 0.0003       |
|    loss                 | 0.593        |
|    n_updates            | 2815         |
|    policy_gradient_loss | -0.00214     |
|    std                  | 0.764        |
|    value_loss           | 76.5         |
------------------------------------------
-----------------------------------------
| rollout/                |             |
|    ep_len_mean          | 1.37e+03    |
|    ep_rew_mean          | 85.1        |
| time/                   |             |
|    fps                  | 1452        |
|    iterations           | 65          |
|    time_elapsed         | 91          |
|    total_timesteps      | 1157120     |
| train/                  |             |
|    approx_kl            | 0.008706802 |
|    clip_fraction        | 0.0689      |
|    clip_range           | 0.2         |
|    entropy_loss         | -2.29       |
|    explained_variance   | 0.742       |
|    learning_rate        | 0.0003      |
|    loss                 | 1.22        |
|    n_updates            | 2820        |
|    policy_gradient_loss | -0.00408    |
|    std                  | 0.763       |
|    value_loss           | 25.9        |
-----------------------------------------
-----------------------------------------
| rollout/                |             |
|    ep_len_mean          | 1.34e+03    |
|    ep_rew_mean          | 88.1        |
| time/                   |             |
|    fps                  | 1449        |
|    iterations           | 66          |
|    time_elapsed         | 93          |
|    total_timesteps      | 1159168     |
| train/                  |             |
|    approx_kl            | 0.004459275 |
|    clip_fraction        | 0.0591      |
|    clip_range           | 0.2         |
|    entropy_loss         | -2.29       |
|    explained_variance   | 0.633       |
|    learning_rate        | 0.0003      |
|    loss                 | 28.8        |
|    n_updates            | 2825        |
|    policy_gradient_loss | -0.00358    |
|    std                  | 0.763       |
|    value_loss           | 56.3        |
-----------------------------------------
-----------------------------------------
| rollout/                |             |
|    ep_len_mean          | 1.34e+03    |
|    ep_rew_mean          | 88.1        |
| time/                   |             |
|    fps                  | 1447        |
|    iterations           | 67          |
|    time_elapsed         | 94          |
|    total_timesteps      | 1161216     |
| train/                  |             |
|    approx_kl            | 0.005829327 |
|    clip_fraction        | 0.0646      |
|    clip_range           | 0.2         |
|    entropy_loss         | -2.29       |
|    explained_variance   | 0.668       |
|    learning_rate        | 0.0003      |
|    loss                 | 84.9        |
|    n_updates            | 2830        |
|    policy_gradient_loss | -0.00294    |
|    std                  | 0.763       |
|    value_loss           | 67.6        |
-----------------------------------------
------------------------------------------
| rollout/                |              |
|    ep_len_mean          | 1.32e+03     |
|    ep_rew_mean          | 91.2         |
| time/                   |              |
|    fps                  | 1448         |
|    iterations           | 68           |
|    time_elapsed         | 96           |
|    total_timesteps      | 1163264      |
| train/                  |              |
|    approx_kl            | 0.0065907855 |
|    clip_fraction        | 0.0423       |
|    clip_range           | 0.2          |
|    entropy_loss         | -2.29        |
|    explained_variance   | 0.927        |
|    learning_rate        | 0.0003       |
|    loss                 | 1.63         |
|    n_updates            | 2835         |
|    policy_gradient_loss | -0.00291     |
|    std                  | 0.763        |
|    value_loss           | 5.29         |
------------------------------------------
------------------------------------------
| rollout/                |              |
|    ep_len_mean          | 1.29e+03     |
|    ep_rew_mean          | 94.3         |
| time/                   |              |
|    fps                  | 1444         |
|    iterations           | 69           |
|    time_elapsed         | 97           |
|    total_timesteps      | 1165312      |
| train/                  |              |
|    approx_kl            | 0.0056253225 |
|    clip_fraction        | 0.0674       |
|    clip_range           | 0.2          |
|    entropy_loss         | -2.29        |
|    explained_variance   | 0.674        |
|    learning_rate        | 0.0003       |
|    loss                 | 3.22         |
|    n_updates            | 2840         |
|    policy_gradient_loss | -0.00211     |
|    std                  | 0.761        |
|    value_loss           | 86.8         |
------------------------------------------
-----------------------------------------
| rollout/                |             |
|    ep_len_mean          | 1.29e+03    |
|    ep_rew_mean          | 94.3        |
| time/                   |             |
|    fps                  | 1440        |
|    iterations           | 70          |
|    time_elapsed         | 99          |
|    total_timesteps      | 1167360     |
| train/                  |             |
|    approx_kl            | 0.017689727 |
|    clip_fraction        | 0.0834      |
|    clip_range           | 0.2         |
|    entropy_loss         | -2.29       |
|    explained_variance   | 0.685       |
|    learning_rate        | 0.0003      |
|    loss                 | 60.4        |
|    n_updates            | 2845        |
|    policy_gradient_loss | 0.000423    |
|    std                  | 0.76        |
|    value_loss           | 80.8        |
-----------------------------------------
------------------------------------------
| rollout/                |              |
|    ep_len_mean          | 1.28e+03     |
|    ep_rew_mean          | 94.3         |
| time/                   |              |
|    fps                  | 1440         |
|    iterations           | 71           |
|    time_elapsed         | 100          |
|    total_timesteps      | 1169408      |
| train/                  |              |
|    approx_kl            | 0.0064789397 |
|    clip_fraction        | 0.0608       |
|    clip_range           | 0.2          |
|    entropy_loss         | -2.28        |
|    explained_variance   | 0.908        |
|    learning_rate        | 0.0003       |
|    loss                 | 1.26         |
|    n_updates            | 2850         |
|    policy_gradient_loss | -0.000235    |
|    std                  | 0.76         |
|    value_loss           | 5.27         |
------------------------------------------
----------------------------------------
| rollout/                |            |
|    ep_len_mean          | 1.28e+03   |
|    ep_rew_mean          | 94.3       |
| time/                   |            |
|    fps                  | 1438       |
|    iterations           | 72         |
|    time_elapsed         | 102        |
|    total_timesteps      | 1171456    |
| train/                  |            |
|    approx_kl            | 0.00793926 |
|    clip_fraction        | 0.138      |
|    clip_range           | 0.2        |
|    entropy_loss         | -2.28      |
|    explained_variance   | 0.721      |
|    learning_rate        | 0.0003     |
|    loss                 | 0.882      |
|    n_updates            | 2855       |
|    policy_gradient_loss | 0.00242    |
|    std                  | 0.76       |
|    value_loss           | 82.2       |
----------------------------------------
-----------------------------------------
| rollout/                |             |
|    ep_len_mean          | 1.29e+03    |
|    ep_rew_mean          | 94.3        |
| time/                   |             |
|    fps                  | 1440        |
|    iterations           | 73          |
|    time_elapsed         | 103         |
|    total_timesteps      | 1173504     |
| train/                  |             |
|    approx_kl            | 0.036259282 |
|    clip_fraction        | 0.134       |
|    clip_range           | 0.2         |
|    entropy_loss         | -2.28       |
|    explained_variance   | 0.8         |
|    learning_rate        | 0.0003      |
|    loss                 | 3.21        |
|    n_updates            | 2860        |
|    policy_gradient_loss | 0.00337     |
|    std                  | 0.76        |
|    value_loss           | 16.7        |
-----------------------------------------
-----------------------------------------
| rollout/                |             |
|    ep_len_mean          | 1.3e+03     |
|    ep_rew_mean          | 92.8        |
| time/                   |             |
|    fps                  | 1439        |
|    iterations           | 74          |
|    time_elapsed         | 105         |
|    total_timesteps      | 1175552     |
| train/                  |             |
|    approx_kl            | 0.006633576 |
|    clip_fraction        | 0.0522      |
|    clip_range           | 0.2         |
|    entropy_loss         | -2.29       |
|    explained_variance   | 0.761       |
|    learning_rate        | 0.0003      |
|    loss                 | 104         |
|    n_updates            | 2865        |
|    policy_gradient_loss | -0.0021     |
|    std                  | 0.76        |
|    value_loss           | 57.4        |
-----------------------------------------
-----------------------------------------
| rollout/                |             |
|    ep_len_mean          | 1.31e+03    |
|    ep_rew_mean          | 90.2        |
| time/                   |             |
|    fps                  | 1439        |
|    iterations           | 75          |
|    time_elapsed         | 106         |
|    total_timesteps      | 1177600     |
| train/                  |             |
|    approx_kl            | 0.005630589 |
|    clip_fraction        | 0.0358      |
|    clip_range           | 0.2         |
|    entropy_loss         | -2.28       |
|    explained_variance   | 0.908       |
|    learning_rate        | 0.0003      |
|    loss                 | 1.6         |
|    n_updates            | 2870        |
|    policy_gradient_loss | -0.0025     |
|    std                  | 0.759       |
|    value_loss           | 12.2        |
-----------------------------------------
------------------------------------------
| rollout/                |              |
|    ep_len_mean          | 1.31e+03     |
|    ep_rew_mean          | 90.2         |
| time/                   |              |
|    fps                  | 1437         |
|    iterations           | 76           |
|    time_elapsed         | 108          |
|    total_timesteps      | 1179648      |
| train/                  |              |
|    approx_kl            | 0.0074792863 |
|    clip_fraction        | 0.0535       |
|    clip_range           | 0.2          |
|    entropy_loss         | -2.28        |
|    explained_variance   | 0.574        |
|    learning_rate        | 0.0003       |
|    loss                 | 32           |
|    n_updates            | 2875         |
|    policy_gradient_loss | -0.00129     |
|    std                  | 0.758        |
|    value_loss           | 55.5         |
------------------------------------------
-----------------------------------------
| rollout/                |             |
|    ep_len_mean          | 1.3e+03     |
|    ep_rew_mean          | 91.7        |
| time/                   |             |
|    fps                  | 1436        |
|    iterations           | 77          |
|    time_elapsed         | 109         |
|    total_timesteps      | 1181696     |
| train/                  |             |
|    approx_kl            | 0.056145377 |
|    clip_fraction        | 0.114       |
|    clip_range           | 0.2         |
|    entropy_loss         | -2.28       |
|    explained_variance   | 0.768       |
|    learning_rate        | 0.0003      |
|    loss                 | 2.28        |
|    n_updates            | 2880        |
|    policy_gradient_loss | 0.0065      |
|    std                  | 0.758       |
|    value_loss           | 22.7        |
-----------------------------------------
-----------------------------------------
| rollout/                |             |
|    ep_len_mean          | 1.3e+03     |
|    ep_rew_mean          | 93.2        |
| time/                   |             |
|    fps                  | 1436        |
|    iterations           | 78          |
|    time_elapsed         | 111         |
|    total_timesteps      | 1183744     |
| train/                  |             |
|    approx_kl            | 0.048656873 |
|    clip_fraction        | 0.187       |
|    clip_range           | 0.2         |
|    entropy_loss         | -2.28       |
|    explained_variance   | 0.765       |
|    learning_rate        | 0.0003      |
|    loss                 | 5.47        |
|    n_updates            | 2885        |
|    policy_gradient_loss | 0.00513     |
|    std                  | 0.758       |
|    value_loss           | 23.3        |
-----------------------------------------
-----------------------------------------
| rollout/                |             |
|    ep_len_mean          | 1.29e+03    |
|    ep_rew_mean          | 94.6        |
| time/                   |             |
|    fps                  | 1435        |
|    iterations           | 79          |
|    time_elapsed         | 112         |
|    total_timesteps      | 1185792     |
| train/                  |             |
|    approx_kl            | 0.017365802 |
|    clip_fraction        | 0.22        |
|    clip_range           | 0.2         |
|    entropy_loss         | -2.28       |
|    explained_variance   | 0.667       |
|    learning_rate        | 0.0003      |
|    loss                 | 1.54        |
|    n_updates            | 2890        |
|    policy_gradient_loss | 0.00922     |
|    std                  | 0.759       |
|    value_loss           | 41.3        |
-----------------------------------------
-----------------------------------------
| rollout/                |             |
|    ep_len_mean          | 1.29e+03    |
|    ep_rew_mean          | 94.6        |
| time/                   |             |
|    fps                  | 1434        |
|    iterations           | 80          |
|    time_elapsed         | 114         |
|    total_timesteps      | 1187840     |
| train/                  |             |
|    approx_kl            | 0.005435204 |
|    clip_fraction        | 0.0275      |
|    clip_range           | 0.2         |
|    entropy_loss         | -2.28       |
|    explained_variance   | 0.694       |
|    learning_rate        | 0.0003      |
|    loss                 | 90.6        |
|    n_updates            | 2895        |
|    policy_gradient_loss | -0.0019     |
|    std                  | 0.758       |
|    value_loss           | 41.4        |
-----------------------------------------
-----------------------------------------
| rollout/                |             |
|    ep_len_mean          | 1.29e+03    |
|    ep_rew_mean          | 94.6        |
| time/                   |             |
|    fps                  | 1435        |
|    iterations           | 81          |
|    time_elapsed         | 115         |
|    total_timesteps      | 1189888     |
| train/                  |             |
|    approx_kl            | 0.008753123 |
|    clip_fraction        | 0.168       |
|    clip_range           | 0.2         |
|    entropy_loss         | -2.28       |
|    explained_variance   | 0.94        |
|    learning_rate        | 0.0003      |
|    loss                 | 4.77        |
|    n_updates            | 2900        |
|    policy_gradient_loss | 0.00269     |
|    std                  | 0.757       |
|    value_loss           | 4.66        |
-----------------------------------------
-----------------------------------------
| rollout/                |             |
|    ep_len_mean          | 1.29e+03    |
|    ep_rew_mean          | 94.5        |
| time/                   |             |
|    fps                  | 1431        |
|    iterations           | 82          |
|    time_elapsed         | 117         |
|    total_timesteps      | 1191936     |
| train/                  |             |
|    approx_kl            | 0.011905923 |
|    clip_fraction        | 0.174       |
|    clip_range           | 0.2         |
|    entropy_loss         | -2.27       |
|    explained_variance   | 0.557       |
|    learning_rate        | 0.0003      |
|    loss                 | 82.8        |
|    n_updates            | 2905        |
|    policy_gradient_loss | 0.00469     |
|    std                  | 0.755       |
|    value_loss           | 90.1        |
-----------------------------------------
-----------------------------------------
| rollout/                |             |
|    ep_len_mean          | 1.29e+03    |
|    ep_rew_mean          | 94.5        |
| time/                   |             |
|    fps                  | 1430        |
|    iterations           | 83          |
|    time_elapsed         | 118         |
|    total_timesteps      | 1193984     |
| train/                  |             |
|    approx_kl            | 0.006713497 |
|    clip_fraction        | 0.12        |
|    clip_range           | 0.2         |
|    entropy_loss         | -2.27       |
|    explained_variance   | 0.812       |
|    learning_rate        | 0.0003      |
|    loss                 | 1.17        |
|    n_updates            | 2910        |
|    policy_gradient_loss | -0.00253    |
|    std                  | 0.755       |
|    value_loss           | 40.9        |
-----------------------------------------
------------------------------------------
| rollout/                |              |
|    ep_len_mean          | 1.28e+03     |
|    ep_rew_mean          | 95.9         |
| time/                   |              |
|    fps                  | 1430         |
|    iterations           | 84           |
|    time_elapsed         | 120          |
|    total_timesteps      | 1196032      |
| train/                  |              |
|    approx_kl            | 0.0028684991 |
|    clip_fraction        | 0.0504       |
|    clip_range           | 0.2          |
|    entropy_loss         | -2.27        |
|    explained_variance   | 0.857        |
|    learning_rate        | 0.0003       |
|    loss                 | 3.49         |
|    n_updates            | 2915         |
|    policy_gradient_loss | -0.0034      |
|    std                  | 0.755        |
|    value_loss           | 41           |
------------------------------------------
-----------------------------------------
| rollout/                |             |
|    ep_len_mean          | 1.28e+03    |
|    ep_rew_mean          | 95.9        |
| time/                   |             |
|    fps                  | 1430        |
|    iterations           | 85          |
|    time_elapsed         | 121         |
|    total_timesteps      | 1198080     |
| train/                  |             |
|    approx_kl            | 0.010582273 |
|    clip_fraction        | 0.0632      |
|    clip_range           | 0.2         |
|    entropy_loss         | -2.27       |
|    explained_variance   | 0.738       |
|    learning_rate        | 0.0003      |
|    loss                 | 5.55        |
|    n_updates            | 2920        |
|    policy_gradient_loss | 9.79e-05    |
|    std                  | 0.755       |
|    value_loss           | 62.4        |
-----------------------------------------
------------------------------------------
| rollout/                |              |
|    ep_len_mean          | 1.28e+03     |
|    ep_rew_mean          | 95.9         |
| time/                   |              |
|    fps                  | 1431         |
|    iterations           | 86           |
|    time_elapsed         | 123          |
|    total_timesteps      | 1200128      |
| train/                  |              |
|    approx_kl            | 0.0073634577 |
|    clip_fraction        | 0.0495       |
|    clip_range           | 0.2          |
|    entropy_loss         | -2.27        |
|    explained_variance   | 0.298        |
|    learning_rate        | 0.0003       |
|    loss                 | 5.68         |
|    n_updates            | 2925         |
|    policy_gradient_loss | -0.000222    |
|    std                  | 0.754        |
|    value_loss           | 21.1         |
------------------------------------------
-----------------------------------------
| rollout/                |             |
|    ep_len_mean          | 1.28e+03    |
|    ep_rew_mean          | 94.9        |
| time/                   |             |
|    fps                  | 1432        |
|    iterations           | 87          |
|    time_elapsed         | 124         |
|    total_timesteps      | 1202176     |
| train/                  |             |
|    approx_kl            | 0.004968118 |
|    clip_fraction        | 0.0534      |
|    clip_range           | 0.2         |
|    entropy_loss         | -2.27       |
|    explained_variance   | 0.887       |
|    learning_rate        | 0.0003      |
|    loss                 | 3.68        |
|    n_updates            | 2930        |
|    policy_gradient_loss | -0.00224    |
|    std                  | 0.754       |
|    value_loss           | 16.4        |
-----------------------------------------
------------------------------------------
| rollout/                |              |
|    ep_len_mean          | 1.28e+03     |
|    ep_rew_mean          | 94.8         |
| time/                   |              |
|    fps                  | 1431         |
|    iterations           | 88           |
|    time_elapsed         | 125          |
|    total_timesteps      | 1204224      |
| train/                  |              |
|    approx_kl            | 0.0065496564 |
|    clip_fraction        | 0.0418       |
|    clip_range           | 0.2          |
|    entropy_loss         | -2.27        |
|    explained_variance   | 0.858        |
|    learning_rate        | 0.0003       |
|    loss                 | 10.8         |
|    n_updates            | 2935         |
|    policy_gradient_loss | -0.000634    |
|    std                  | 0.754        |
|    value_loss           | 19.2         |
------------------------------------------
-----------------------------------------
| rollout/                |             |
|    ep_len_mean          | 1.26e+03    |
|    ep_rew_mean          | 96          |
| time/                   |             |
|    fps                  | 1429        |
|    iterations           | 89          |
|    time_elapsed         | 127         |
|    total_timesteps      | 1206272     |
| train/                  |             |
|    approx_kl            | 0.006899528 |
|    clip_fraction        | 0.0522      |
|    clip_range           | 0.2         |
|    entropy_loss         | -2.27       |
|    explained_variance   | 0.779       |
|    learning_rate        | 0.0003      |
|    loss                 | 4.65        |
|    n_updates            | 2940        |
|    policy_gradient_loss | 0.00116     |
|    std                  | 0.754       |
|    value_loss           | 43.2        |
-----------------------------------------
-----------------------------------------
| rollout/                |             |
|    ep_len_mean          | 1.26e+03    |
|    ep_rew_mean          | 96.1        |
| time/                   |             |
|    fps                  | 1429        |
|    iterations           | 90          |
|    time_elapsed         | 128         |
|    total_timesteps      | 1208320     |
| train/                  |             |
|    approx_kl            | 0.005129868 |
|    clip_fraction        | 0.0718      |
|    clip_range           | 0.2         |
|    entropy_loss         | -2.27       |
|    explained_variance   | 0.699       |
|    learning_rate        | 0.0003      |
|    loss                 | 92.1        |
|    n_updates            | 2945        |
|    policy_gradient_loss | -0.00181    |
|    std                  | 0.754       |
|    value_loss           | 64.9        |
-----------------------------------------
------------------------------------------
| rollout/                |              |
|    ep_len_mean          | 1.24e+03     |
|    ep_rew_mean          | 97.5         |
| time/                   |              |
|    fps                  | 1429         |
|    iterations           | 91           |
|    time_elapsed         | 130          |
|    total_timesteps      | 1210368      |
| train/                  |              |
|    approx_kl            | 0.0052623833 |
|    clip_fraction        | 0.0218       |
|    clip_range           | 0.2          |
|    entropy_loss         | -2.27        |
|    explained_variance   | 0.898        |
|    learning_rate        | 0.0003       |
|    loss                 | 1.85         |
|    n_updates            | 2950         |
|    policy_gradient_loss | -0.00149     |
|    std                  | 0.754        |
|    value_loss           | 20.5         |
------------------------------------------
-----------------------------------------
| rollout/                |             |
|    ep_len_mean          | 1.24e+03    |
|    ep_rew_mean          | 97.1        |
| time/                   |             |
|    fps                  | 1426        |
|    iterations           | 92          |
|    time_elapsed         | 132         |
|    total_timesteps      | 1212416     |
| train/                  |             |
|    approx_kl            | 0.010153563 |
|    clip_fraction        | 0.0661      |
|    clip_range           | 0.2         |
|    entropy_loss         | -2.27       |
|    explained_variance   | 0.823       |
|    learning_rate        | 0.0003      |
|    loss                 | 1.45        |
|    n_updates            | 2955        |
|    policy_gradient_loss | -0.00279    |
|    std                  | 0.755       |
|    value_loss           | 54.7        |
-----------------------------------------
------------------------------------------
| rollout/                |              |
|    ep_len_mean          | 1.24e+03     |
|    ep_rew_mean          | 97.1         |
| time/                   |              |
|    fps                  | 1427         |
|    iterations           | 93           |
|    time_elapsed         | 133          |
|    total_timesteps      | 1214464      |
| train/                  |              |
|    approx_kl            | 0.0063883746 |
|    clip_fraction        | 0.0531       |
|    clip_range           | 0.2          |
|    entropy_loss         | -2.27        |
|    explained_variance   | 0.886        |
|    learning_rate        | 0.0003       |
|    loss                 | 10.8         |
|    n_updates            | 2960         |
|    policy_gradient_loss | -0.000442    |
|    std                  | 0.755        |
|    value_loss           | 7.19         |
------------------------------------------
-----------------------------------------
| rollout/                |             |
|    ep_len_mean          | 1.23e+03    |
|    ep_rew_mean          | 98.3        |
| time/                   |             |
|    fps                  | 1427        |
|    iterations           | 94          |
|    time_elapsed         | 134         |
|    total_timesteps      | 1216512     |
| train/                  |             |
|    approx_kl            | 0.029743364 |
|    clip_fraction        | 0.165       |
|    clip_range           | 0.2         |
|    entropy_loss         | -2.27       |
|    explained_variance   | 0.775       |
|    learning_rate        | 0.0003      |
|    loss                 | 6.01        |
|    n_updates            | 2965        |
|    policy_gradient_loss | 0.00654     |
|    std                  | 0.753       |
|    value_loss           | 9.53        |
-----------------------------------------
------------------------------------------
| rollout/                |              |
|    ep_len_mean          | 1.23e+03     |
|    ep_rew_mean          | 96.9         |
| time/                   |              |
|    fps                  | 1426         |
|    iterations           | 95           |
|    time_elapsed         | 136          |
|    total_timesteps      | 1218560      |
| train/                  |              |
|    approx_kl            | 0.0047266325 |
|    clip_fraction        | 0.0922       |
|    clip_range           | 0.2          |
|    entropy_loss         | -2.27        |
|    explained_variance   | 0.75         |
|    learning_rate        | 0.0003       |
|    loss                 | 55.7         |
|    n_updates            | 2970         |
|    policy_gradient_loss | -0.00176     |
|    std                  | 0.752        |
|    value_loss           | 61.8         |
------------------------------------------
------------------------------------------
| rollout/                |              |
|    ep_len_mean          | 1.23e+03     |
|    ep_rew_mean          | 96.8         |
| time/                   |              |
|    fps                  | 1425         |
|    iterations           | 96           |
|    time_elapsed         | 137          |
|    total_timesteps      | 1220608      |
| train/                  |              |
|    approx_kl            | 0.0078022163 |
|    clip_fraction        | 0.0451       |
|    clip_range           | 0.2          |
|    entropy_loss         | -2.26        |
|    explained_variance   | 0.742        |
|    learning_rate        | 0.0003       |
|    loss                 | 77.2         |
|    n_updates            | 2975         |
|    policy_gradient_loss | -0.00282     |
|    std                  | 0.751        |
|    value_loss           | 46.3         |
------------------------------------------
-----------------------------------------
| rollout/                |             |
|    ep_len_mean          | 1.24e+03    |
|    ep_rew_mean          | 96.8        |
| time/                   |             |
|    fps                  | 1425        |
|    iterations           | 97          |
|    time_elapsed         | 139         |
|    total_timesteps      | 1222656     |
| train/                  |             |
|    approx_kl            | 0.043901727 |
|    clip_fraction        | 0.14        |
|    clip_range           | 0.2         |
|    entropy_loss         | -2.26       |
|    explained_variance   | 0.581       |
|    learning_rate        | 0.0003      |
|    loss                 | 57.8        |
|    n_updates            | 2980        |
|    policy_gradient_loss | 0.0079      |
|    std                  | 0.751       |
|    value_loss           | 24.5        |
-----------------------------------------
-----------------------------------------
| rollout/                |             |
|    ep_len_mean          | 1.24e+03    |
|    ep_rew_mean          | 95.7        |
| time/                   |             |
|    fps                  | 1425        |
|    iterations           | 98          |
|    time_elapsed         | 140         |
|    total_timesteps      | 1224704     |
| train/                  |             |
|    approx_kl            | 0.043887854 |
|    clip_fraction        | 0.46        |
|    clip_range           | 0.2         |
|    entropy_loss         | -2.26       |
|    explained_variance   | 0.654       |
|    learning_rate        | 0.0003      |
|    loss                 | 79.8        |
|    n_updates            | 2985        |
|    policy_gradient_loss | 0.0465      |
|    std                  | 0.751       |
|    value_loss           | 42          |
-----------------------------------------
------------------------------------------
| rollout/                |              |
|    ep_len_mean          | 1.24e+03     |
|    ep_rew_mean          | 95.7         |
| time/                   |              |
|    fps                  | 1424         |
|    iterations           | 99           |
|    time_elapsed         | 142          |
|    total_timesteps      | 1226752      |
| train/                  |              |
|    approx_kl            | 0.0043892595 |
|    clip_fraction        | 0.133        |
|    clip_range           | 0.2          |
|    entropy_loss         | -2.26        |
|    explained_variance   | 0.699        |
|    learning_rate        | 0.0003       |
|    loss                 | 2.03         |
|    n_updates            | 2990         |
|    policy_gradient_loss | 0.00157      |
|    std                  | 0.75         |
|    value_loss           | 26.3         |
------------------------------------------
------------------------------------------
| rollout/                |              |
|    ep_len_mean          | 1.25e+03     |
|    ep_rew_mean          | 95.5         |
| time/                   |              |
|    fps                  | 1424         |
|    iterations           | 100          |
|    time_elapsed         | 143          |
|    total_timesteps      | 1228800      |
| train/                  |              |
|    approx_kl            | 0.0077809854 |
|    clip_fraction        | 0.0963       |
|    clip_range           | 0.2          |
|    entropy_loss         | -2.26        |
|    explained_variance   | 0.682        |
|    learning_rate        | 0.0003       |
|    loss                 | 3.77         |
|    n_updates            | 2995         |
|    policy_gradient_loss | -0.00577     |
|    std                  | 0.749        |
|    value_loss           | 38.1         |
------------------------------------------

CP6 held-out: 45/50 hits (90.0%), mean miss 3.8 m, mean reward 117.82
STOP CONDITION: no joint improvement -- review gate before continuing.
CP7: evasive lineage | max_time=45s t_go_max=10s | tracking=True | obs=12-D | miss_tanh_scale=3000m shaping_gamma=1 effort_weight=5 precision_weight=50 -> out=outputs/evasive_zemtgo10_seed8
---------------------------------
| rollout/           |          |
|    ep_len_mean     | 1.25e+03 |
|    ep_rew_mean     | 95.5     |
| time/              |          |
|    fps             | 3998     |
|    iterations      | 1        |
|    time_elapsed    | 0        |
|    total_timesteps | 1230848  |
---------------------------------
-----------------------------------------
| rollout/                |             |
|    ep_len_mean          | 1.25e+03    |
|    ep_rew_mean          | 95.5        |
| time/                   |             |
|    fps                  | 1736        |
|    iterations           | 2           |
|    time_elapsed         | 2           |
|    total_timesteps      | 1232896     |
| train/                  |             |
|    approx_kl            | 0.016828869 |
|    clip_fraction        | 0.199       |
|    clip_range           | 0.2         |
|    entropy_loss         | 1.16        |
|    explained_variance   | 0.777       |
|    learning_rate        | 5e-05       |
|    loss                 | 1.9         |
|    n_updates            | 3005        |
|    policy_gradient_loss | 0.00853     |
|    std                  | 0.135       |
|    value_loss           | 2.39        |
-----------------------------------------
-----------------------------------------
| rollout/                |             |
|    ep_len_mean          | 1.23e+03    |
|    ep_rew_mean          | 98.9        |
| time/                   |             |
|    fps                  | 1655        |
|    iterations           | 3           |
|    time_elapsed         | 3           |
|    total_timesteps      | 1234944     |
| train/                  |             |
|    approx_kl            | 0.015609037 |
|    clip_fraction        | 0.247       |
|    clip_range           | 0.2         |
|    entropy_loss         | 1.16        |
|    explained_variance   | 0.862       |
|    learning_rate        | 5e-05       |
|    loss                 | 0.133       |
|    n_updates            | 3010        |
|    policy_gradient_loss | 0.0135      |
|    std                  | 0.135       |
|    value_loss           | 14.2        |
-----------------------------------------
---------------------------------------
| rollout/                |           |
|    ep_len_mean          | 1.23e+03  |
|    ep_rew_mean          | 98.9      |
| time/                   |           |
|    fps                  | 1568      |
|    iterations           | 4         |
|    time_elapsed         | 5         |
|    total_timesteps      | 1236992   |
| train/                  |           |
|    approx_kl            | 0.0706688 |
|    clip_fraction        | 0.354     |
|    clip_range           | 0.2       |
|    entropy_loss         | 1.16      |
|    explained_variance   | 0.657     |
|    learning_rate        | 5e-05     |
|    loss                 | 1.02      |
|    n_updates            | 3015      |
|    policy_gradient_loss | 0.0264    |
|    std                  | 0.135     |
|    value_loss           | 126       |
---------------------------------------
-----------------------------------------
| rollout/                |             |
|    ep_len_mean          | 1.22e+03    |
|    ep_rew_mean          | 99.1        |
| time/                   |             |
|    fps                  | 1548        |
|    iterations           | 5           |
|    time_elapsed         | 6           |
|    total_timesteps      | 1239040     |
| train/                  |             |
|    approx_kl            | 0.017301729 |
|    clip_fraction        | 0.25        |
|    clip_range           | 0.2         |
|    entropy_loss         | 1.16        |
|    explained_variance   | 0.926       |
|    learning_rate        | 5e-05       |
|    loss                 | 1.77        |
|    n_updates            | 3020        |
|    policy_gradient_loss | 0.0153      |
|    std                  | 0.135       |
|    value_loss           | 2           |
-----------------------------------------
-----------------------------------------
| rollout/                |             |
|    ep_len_mean          | 1.21e+03    |
|    ep_rew_mean          | 101         |
| time/                   |             |
|    fps                  | 1518        |
|    iterations           | 6           |
|    time_elapsed         | 8           |
|    total_timesteps      | 1241088     |
| train/                  |             |
|    approx_kl            | 0.024420366 |
|    clip_fraction        | 0.201       |
|    clip_range           | 0.2         |
|    entropy_loss         | 1.16        |
|    explained_variance   | 0.571       |
|    learning_rate        | 5e-05       |
|    loss                 | 1.46        |
|    n_updates            | 3025        |
|    policy_gradient_loss | 0.00951     |
|    std                  | 0.135       |
|    value_loss           | 96.9        |
-----------------------------------------
-----------------------------------------
| rollout/                |             |
|    ep_len_mean          | 1.2e+03     |
|    ep_rew_mean          | 104         |
| time/                   |             |
|    fps                  | 1509        |
|    iterations           | 7           |
|    time_elapsed         | 9           |
|    total_timesteps      | 1243136     |
| train/                  |             |
|    approx_kl            | 0.023691231 |
|    clip_fraction        | 0.245       |
|    clip_range           | 0.2         |
|    entropy_loss         | 1.16        |
|    explained_variance   | 0.574       |
|    learning_rate        | 5e-05       |
|    loss                 | 6.6         |
|    n_updates            | 3030        |
|    policy_gradient_loss | 0.0152      |
|    std                  | 0.135       |
|    value_loss           | 55.1        |
-----------------------------------------
------------------------------------------
| rollout/                |              |
|    ep_len_mean          | 1.2e+03      |
|    ep_rew_mean          | 104          |
| time/                   |              |
|    fps                  | 1460         |
|    iterations           | 8            |
|    time_elapsed         | 11           |
|    total_timesteps      | 1245184      |
| train/                  |              |
|    approx_kl            | 0.0056346506 |
|    clip_fraction        | 0.127        |
|    clip_range           | 0.2          |
|    entropy_loss         | 1.16         |
|    explained_variance   | 0.529        |
|    learning_rate        | 5e-05        |
|    loss                 | 4.05         |
|    n_updates            | 3035         |
|    policy_gradient_loss | 0.000333     |
|    std                  | 0.135        |
|    value_loss           | 154          |
------------------------------------------
------------------------------------------
| rollout/                |              |
|    ep_len_mean          | 1.2e+03      |
|    ep_rew_mean          | 104          |
| time/                   |              |
|    fps                  | 1466         |
|    iterations           | 9            |
|    time_elapsed         | 12           |
|    total_timesteps      | 1247232      |
| train/                  |              |
|    approx_kl            | 0.0074624084 |
|    clip_fraction        | 0.072        |
|    clip_range           | 0.2          |
|    entropy_loss         | 1.16         |
|    explained_variance   | 0.71         |
|    learning_rate        | 5e-05        |
|    loss                 | 0.833        |
|    n_updates            | 3040         |
|    policy_gradient_loss | -0.00106     |
|    std                  | 0.135        |
|    value_loss           | 32.1         |
------------------------------------------
-----------------------------------------
| rollout/                |             |
|    ep_len_mean          | 1.19e+03    |
|    ep_rew_mean          | 106         |
| time/                   |             |
|    fps                  | 1453        |
|    iterations           | 10          |
|    time_elapsed         | 14          |
|    total_timesteps      | 1249280     |
| train/                  |             |
|    approx_kl            | 0.014154797 |
|    clip_fraction        | 0.136       |
|    clip_range           | 0.2         |
|    entropy_loss         | 1.16        |
|    explained_variance   | 0.759       |
|    learning_rate        | 5e-05       |
|    loss                 | 4.32        |
|    n_updates            | 3045        |
|    policy_gradient_loss | 0.00305     |
|    std                  | 0.135       |
|    value_loss           | 86.3        |
-----------------------------------------
-----------------------------------------
| rollout/                |             |
|    ep_len_mean          | 1.2e+03     |
|    ep_rew_mean          | 105         |
| time/                   |             |
|    fps                  | 1452        |
|    iterations           | 11          |
|    time_elapsed         | 15          |
|    total_timesteps      | 1251328     |
| train/                  |             |
|    approx_kl            | 0.008035939 |
|    clip_fraction        | 0.171       |
|    clip_range           | 0.2         |
|    entropy_loss         | 1.16        |
|    explained_variance   | 0.676       |
|    learning_rate        | 5e-05       |
|    loss                 | 1.69        |
|    n_updates            | 3050        |
|    policy_gradient_loss | 0.00569     |
|    std                  | 0.135       |
|    value_loss           | 70.7        |
-----------------------------------------
-----------------------------------------
| rollout/                |             |
|    ep_len_mean          | 1.21e+03    |
|    ep_rew_mean          | 105         |
| time/                   |             |
|    fps                  | 1449        |
|    iterations           | 12          |
|    time_elapsed         | 16          |
|    total_timesteps      | 1253376     |
| train/                  |             |
|    approx_kl            | 0.011110117 |
|    clip_fraction        | 0.0926      |
|    clip_range           | 0.2         |
|    entropy_loss         | 1.16        |
|    explained_variance   | 0.781       |
|    learning_rate        | 5e-05       |
|    loss                 | 0.0891      |
|    n_updates            | 3055        |
|    policy_gradient_loss | -0.000507   |
|    std                  | 0.135       |
|    value_loss           | 49          |
-----------------------------------------
-----------------------------------------
| rollout/                |             |
|    ep_len_mean          | 1.21e+03    |
|    ep_rew_mean          | 107         |
| time/                   |             |
|    fps                  | 1439        |
|    iterations           | 13          |
|    time_elapsed         | 18          |
|    total_timesteps      | 1255424     |
| train/                  |             |
|    approx_kl            | 0.015520986 |
|    clip_fraction        | 0.136       |
|    clip_range           | 0.2         |
|    entropy_loss         | 1.17        |
|    explained_variance   | 0.682       |
|    learning_rate        | 5e-05       |
|    loss                 | 0.648       |
|    n_updates            | 3060        |
|    policy_gradient_loss | 0.00122     |
|    std                  | 0.135       |
|    value_loss           | 43.3        |
-----------------------------------------
-----------------------------------------
| rollout/                |             |
|    ep_len_mean          | 1.19e+03    |
|    ep_rew_mean          | 108         |
| time/                   |             |
|    fps                  | 1420        |
|    iterations           | 14          |
|    time_elapsed         | 20          |
|    total_timesteps      | 1257472     |
| train/                  |             |
|    approx_kl            | 0.012850752 |
|    clip_fraction        | 0.138       |
|    clip_range           | 0.2         |
|    entropy_loss         | 1.17        |
|    explained_variance   | 0.602       |
|    learning_rate        | 5e-05       |
|    loss                 | 1.22        |
|    n_updates            | 3065        |
|    policy_gradient_loss | -0.000126   |
|    std                  | 0.135       |
|    value_loss           | 159         |
-----------------------------------------
-----------------------------------------
| rollout/                |             |
|    ep_len_mean          | 1.18e+03    |
|    ep_rew_mean          | 111         |
| time/                   |             |
|    fps                  | 1415        |
|    iterations           | 15          |
|    time_elapsed         | 21          |
|    total_timesteps      | 1259520     |
| train/                  |             |
|    approx_kl            | 0.006656093 |
|    clip_fraction        | 0.133       |
|    clip_range           | 0.2         |
|    entropy_loss         | 1.17        |
|    explained_variance   | 0.708       |
|    learning_rate        | 5e-05       |
|    loss                 | 0.521       |
|    n_updates            | 3070        |
|    policy_gradient_loss | 0.00185     |
|    std                  | 0.135       |
|    value_loss           | 47.6        |
-----------------------------------------
------------------------------------------
| rollout/                |              |
|    ep_len_mean          | 1.19e+03     |
|    ep_rew_mean          | 111          |
| time/                   |              |
|    fps                  | 1405         |
|    iterations           | 16           |
|    time_elapsed         | 23           |
|    total_timesteps      | 1261568      |
| train/                  |              |
|    approx_kl            | 0.0041964464 |
|    clip_fraction        | 0.0632       |
|    clip_range           | 0.2          |
|    entropy_loss         | 1.17         |
|    explained_variance   | 0.656        |
|    learning_rate        | 5e-05        |
|    loss                 | 1.22         |
|    n_updates            | 3075         |
|    policy_gradient_loss | -0.000796    |
|    std                  | 0.135        |
|    value_loss           | 120          |
------------------------------------------
-----------------------------------------
| rollout/                |             |
|    ep_len_mean          | 1.18e+03    |
|    ep_rew_mean          | 112         |
| time/                   |             |
|    fps                  | 1406        |
|    iterations           | 17          |
|    time_elapsed         | 24          |
|    total_timesteps      | 1263616     |
| train/                  |             |
|    approx_kl            | 0.007931554 |
|    clip_fraction        | 0.0628      |
|    clip_range           | 0.2         |
|    entropy_loss         | 1.17        |
|    explained_variance   | 0.792       |
|    learning_rate        | 5e-05       |
|    loss                 | 2.38        |
|    n_updates            | 3080        |
|    policy_gradient_loss | -0.00249    |
|    std                  | 0.135       |
|    value_loss           | 49          |
-----------------------------------------
------------------------------------------
| rollout/                |              |
|    ep_len_mean          | 1.17e+03     |
|    ep_rew_mean          | 114          |
| time/                   |              |
|    fps                  | 1410         |
|    iterations           | 18           |
|    time_elapsed         | 26           |
|    total_timesteps      | 1265664      |
| train/                  |              |
|    approx_kl            | 0.0070412224 |
|    clip_fraction        | 0.0985       |
|    clip_range           | 0.2          |
|    entropy_loss         | 1.17         |
|    explained_variance   | 0.783        |
|    learning_rate        | 5e-05        |
|    loss                 | 168          |
|    n_updates            | 3085         |
|    policy_gradient_loss | -0.00211     |
|    std                  | 0.135        |
|    value_loss           | 92.3         |
------------------------------------------
-----------------------------------------
| rollout/                |             |
|    ep_len_mean          | 1.17e+03    |
|    ep_rew_mean          | 114         |
| time/                   |             |
|    fps                  | 1407        |
|    iterations           | 19          |
|    time_elapsed         | 27          |
|    total_timesteps      | 1267712     |
| train/                  |             |
|    approx_kl            | 0.028474577 |
|    clip_fraction        | 0.116       |
|    clip_range           | 0.2         |
|    entropy_loss         | 1.17        |
|    explained_variance   | 0.758       |
|    learning_rate        | 5e-05       |
|    loss                 | 0.693       |
|    n_updates            | 3090        |
|    policy_gradient_loss | 0.00294     |
|    std                  | 0.135       |
|    value_loss           | 74.2        |
-----------------------------------------
------------------------------------------
| rollout/                |              |
|    ep_len_mean          | 1.16e+03     |
|    ep_rew_mean          | 115          |
| time/                   |              |
|    fps                  | 1403         |
|    iterations           | 20           |
|    time_elapsed         | 29           |
|    total_timesteps      | 1269760      |
| train/                  |              |
|    approx_kl            | 0.0059601245 |
|    clip_fraction        | 0.0611       |
|    clip_range           | 0.2          |
|    entropy_loss         | 1.17         |
|    explained_variance   | 0.666        |
|    learning_rate        | 5e-05        |
|    loss                 | 0.931        |
|    n_updates            | 3095         |
|    policy_gradient_loss | -0.00395     |
|    std                  | 0.135        |
|    value_loss           | 75.9         |
------------------------------------------
------------------------------------------
| rollout/                |              |
|    ep_len_mean          | 1.17e+03     |
|    ep_rew_mean          | 115          |
| time/                   |              |
|    fps                  | 1404         |
|    iterations           | 21           |
|    time_elapsed         | 30           |
|    total_timesteps      | 1271808      |
| train/                  |              |
|    approx_kl            | 0.0059516924 |
|    clip_fraction        | 0.0417       |
|    clip_range           | 0.2          |
|    entropy_loss         | 1.17         |
|    explained_variance   | 0.819        |
|    learning_rate        | 5e-05        |
|    loss                 | 0.269        |
|    n_updates            | 3100         |
|    policy_gradient_loss | -0.00171     |
|    std                  | 0.135        |
|    value_loss           | 11           |
------------------------------------------
-----------------------------------------
| rollout/                |             |
|    ep_len_mean          | 1.17e+03    |
|    ep_rew_mean          | 116         |
| time/                   |             |
|    fps                  | 1403        |
|    iterations           | 22          |
|    time_elapsed         | 32          |
|    total_timesteps      | 1273856     |
| train/                  |             |
|    approx_kl            | 0.011160215 |
|    clip_fraction        | 0.229       |
|    clip_range           | 0.2         |
|    entropy_loss         | 1.17        |
|    explained_variance   | 0.673       |
|    learning_rate        | 5e-05       |
|    loss                 | 150         |
|    n_updates            | 3105        |
|    policy_gradient_loss | 0.0173      |
|    std                  | 0.135       |
|    value_loss           | 88.6        |
-----------------------------------------
------------------------------------------
| rollout/                |              |
|    ep_len_mean          | 1.16e+03     |
|    ep_rew_mean          | 119          |
| time/                   |              |
|    fps                  | 1397         |
|    iterations           | 23           |
|    time_elapsed         | 33           |
|    total_timesteps      | 1275904      |
| train/                  |              |
|    approx_kl            | 0.0046764067 |
|    clip_fraction        | 0.0727       |
|    clip_range           | 0.2          |
|    entropy_loss         | 1.17         |
|    explained_variance   | 0.603        |
|    learning_rate        | 5e-05        |
|    loss                 | 154          |
|    n_updates            | 3110         |
|    policy_gradient_loss | -0.000554    |
|    std                  | 0.135        |
|    value_loss           | 126          |
------------------------------------------
-----------------------------------------
| rollout/                |             |
|    ep_len_mean          | 1.16e+03    |
|    ep_rew_mean          | 119         |
| time/                   |             |
|    fps                  | 1399        |
|    iterations           | 24          |
|    time_elapsed         | 35          |
|    total_timesteps      | 1277952     |
| train/                  |             |
|    approx_kl            | 0.009024298 |
|    clip_fraction        | 0.0646      |
|    clip_range           | 0.2         |
|    entropy_loss         | 1.17        |
|    explained_variance   | 0.708       |
|    learning_rate        | 5e-05       |
|    loss                 | 0.924       |
|    n_updates            | 3115        |
|    policy_gradient_loss | -0.000615   |
|    std                  | 0.135       |
|    value_loss           | 48          |
-----------------------------------------
-----------------------------------------
| rollout/                |             |
|    ep_len_mean          | 1.17e+03    |
|    ep_rew_mean          | 120         |
| time/                   |             |
|    fps                  | 1399        |
|    iterations           | 25          |
|    time_elapsed         | 36          |
|    total_timesteps      | 1280000     |
| train/                  |             |
|    approx_kl            | 0.008175539 |
|    clip_fraction        | 0.0712      |
|    clip_range           | 0.2         |
|    entropy_loss         | 1.17        |
|    explained_variance   | 0.617       |
|    learning_rate        | 5e-05       |
|    loss                 | 0.497       |
|    n_updates            | 3120        |
|    policy_gradient_loss | -0.00224    |
|    std                  | 0.135       |
|    value_loss           | 103         |
-----------------------------------------
----------------------------------------
| rollout/                |            |
|    ep_len_mean          | 1.17e+03   |
|    ep_rew_mean          | 121        |
| time/                   |            |
|    fps                  | 1398       |
|    iterations           | 26         |
|    time_elapsed         | 38         |
|    total_timesteps      | 1282048    |
| train/                  |            |
|    approx_kl            | 0.01818178 |
|    clip_fraction        | 0.14       |
|    clip_range           | 0.2        |
|    entropy_loss         | 1.17       |
|    explained_variance   | 0.657      |
|    learning_rate        | 5e-05      |
|    loss                 | 0.717      |
|    n_updates            | 3125       |
|    policy_gradient_loss | 0.00232    |
|    std                  | 0.135      |
|    value_loss           | 95.4       |
----------------------------------------
------------------------------------------
| rollout/                |              |
|    ep_len_mean          | 1.17e+03     |
|    ep_rew_mean          | 121          |
| time/                   |              |
|    fps                  | 1395         |
|    iterations           | 27           |
|    time_elapsed         | 39           |
|    total_timesteps      | 1284096      |
| train/                  |              |
|    approx_kl            | 0.0076097953 |
|    clip_fraction        | 0.131        |
|    clip_range           | 0.2          |
|    entropy_loss         | 1.17         |
|    explained_variance   | 0.694        |
|    learning_rate        | 5e-05        |
|    loss                 | 0.25         |
|    n_updates            | 3130         |
|    policy_gradient_loss | 0.00124      |
|    std                  | 0.135        |
|    value_loss           | 120          |
------------------------------------------
-----------------------------------------
| rollout/                |             |
|    ep_len_mean          | 1.17e+03    |
|    ep_rew_mean          | 123         |
| time/                   |             |
|    fps                  | 1395        |
|    iterations           | 28          |
|    time_elapsed         | 41          |
|    total_timesteps      | 1286144     |
| train/                  |             |
|    approx_kl            | 0.015242755 |
|    clip_fraction        | 0.106       |
|    clip_range           | 0.2         |
|    entropy_loss         | 1.17        |
|    explained_variance   | 0.786       |
|    learning_rate        | 5e-05       |
|    loss                 | 0.471       |
|    n_updates            | 3135        |
|    policy_gradient_loss | 0.000218    |
|    std                  | 0.135       |
|    value_loss           | 40.2        |
-----------------------------------------
-----------------------------------------
| rollout/                |             |
|    ep_len_mean          | 1.19e+03    |
|    ep_rew_mean          | 121         |
| time/                   |             |
|    fps                  | 1392        |
|    iterations           | 29          |
|    time_elapsed         | 42          |
|    total_timesteps      | 1288192     |
| train/                  |             |
|    approx_kl            | 0.005575856 |
|    clip_fraction        | 0.0761      |
|    clip_range           | 0.2         |
|    entropy_loss         | 1.17        |
|    explained_variance   | 0.653       |
|    learning_rate        | 5e-05       |
|    loss                 | 0.471       |
|    n_updates            | 3140        |
|    policy_gradient_loss | 0.000116    |
|    std                  | 0.135       |
|    value_loss           | 121         |
-----------------------------------------
-----------------------------------------
| rollout/                |             |
|    ep_len_mean          | 1.19e+03    |
|    ep_rew_mean          | 122         |
| time/                   |             |
|    fps                  | 1390        |
|    iterations           | 30          |
|    time_elapsed         | 44          |
|    total_timesteps      | 1290240     |
| train/                  |             |
|    approx_kl            | 0.009969318 |
|    clip_fraction        | 0.0813      |
|    clip_range           | 0.2         |
|    entropy_loss         | 1.17        |
|    explained_variance   | 0.753       |
|    learning_rate        | 5e-05       |
|    loss                 | 1           |
|    n_updates            | 3145        |
|    policy_gradient_loss | -0.000771   |
|    std                  | 0.135       |
|    value_loss           | 44.9        |
-----------------------------------------
-----------------------------------------
| rollout/                |             |
|    ep_len_mean          | 1.19e+03    |
|    ep_rew_mean          | 123         |
| time/                   |             |
|    fps                  | 1390        |
|    iterations           | 31          |
|    time_elapsed         | 45          |
|    total_timesteps      | 1292288     |
| train/                  |             |
|    approx_kl            | 0.011013893 |
|    clip_fraction        | 0.115       |
|    clip_range           | 0.2         |
|    entropy_loss         | 1.17        |
|    explained_variance   | 0.656       |
|    learning_rate        | 5e-05       |
|    loss                 | 4.68        |
|    n_updates            | 3150        |
|    policy_gradient_loss | 0.000509    |
|    std                  | 0.135       |
|    value_loss           | 79          |
-----------------------------------------
-----------------------------------------
| rollout/                |             |
|    ep_len_mean          | 1.16e+03    |
|    ep_rew_mean          | 126         |
| time/                   |             |
|    fps                  | 1391        |
|    iterations           | 32          |
|    time_elapsed         | 47          |
|    total_timesteps      | 1294336     |
| train/                  |             |
|    approx_kl            | 0.032310806 |
|    clip_fraction        | 0.143       |
|    clip_range           | 0.2         |
|    entropy_loss         | 1.17        |
|    explained_variance   | 0.634       |
|    learning_rate        | 5e-05       |
|    loss                 | 1.08        |
|    n_updates            | 3155        |
|    policy_gradient_loss | 0.00322     |
|    std                  | 0.135       |
|    value_loss           | 119         |
-----------------------------------------
----------------------------------------
| rollout/                |            |
|    ep_len_mean          | 1.16e+03   |
|    ep_rew_mean          | 127        |
| time/                   |            |
|    fps                  | 1393       |
|    iterations           | 33         |
|    time_elapsed         | 48         |
|    total_timesteps      | 1296384    |
| train/                  |            |
|    approx_kl            | 0.01207498 |
|    clip_fraction        | 0.183      |
|    clip_range           | 0.2        |
|    entropy_loss         | 1.17       |
|    explained_variance   | 0.626      |
|    learning_rate        | 5e-05      |
|    loss                 | 0.567      |
|    n_updates            | 3160       |
|    policy_gradient_loss | 0.00446    |
|    std                  | 0.135      |
|    value_loss           | 91         |
----------------------------------------
-----------------------------------------
| rollout/                |             |
|    ep_len_mean          | 1.15e+03    |
|    ep_rew_mean          | 128         |
| time/                   |             |
|    fps                  | 1394        |
|    iterations           | 34          |
|    time_elapsed         | 49          |
|    total_timesteps      | 1298432     |
| train/                  |             |
|    approx_kl            | 0.028046034 |
|    clip_fraction        | 0.231       |
|    clip_range           | 0.2         |
|    entropy_loss         | 1.17        |
|    explained_variance   | 0.659       |
|    learning_rate        | 5e-05       |
|    loss                 | 0.578       |
|    n_updates            | 3165        |
|    policy_gradient_loss | 0.0148      |
|    std                  | 0.135       |
|    value_loss           | 62.4        |
-----------------------------------------
-----------------------------------------
| rollout/                |             |
|    ep_len_mean          | 1.15e+03    |
|    ep_rew_mean          | 128         |
| time/                   |             |
|    fps                  | 1394        |
|    iterations           | 35          |
|    time_elapsed         | 51          |
|    total_timesteps      | 1300480     |
| train/                  |             |
|    approx_kl            | 0.019545665 |
|    clip_fraction        | 0.207       |
|    clip_range           | 0.2         |
|    entropy_loss         | 1.17        |
|    explained_variance   | 0.668       |
|    learning_rate        | 5e-05       |
|    loss                 | 1           |
|    n_updates            | 3170        |
|    policy_gradient_loss | 0.0022      |
|    std                  | 0.135       |
|    value_loss           | 96.3        |
-----------------------------------------
----------------------------------------
| rollout/                |            |
|    ep_len_mean          | 1.14e+03   |
|    ep_rew_mean          | 129        |
| time/                   |            |
|    fps                  | 1397       |
|    iterations           | 36         |
|    time_elapsed         | 52         |
|    total_timesteps      | 1302528    |
| train/                  |            |
|    approx_kl            | 0.00849443 |
|    clip_fraction        | 0.102      |
|    clip_range           | 0.2        |
|    entropy_loss         | 1.17       |
|    explained_variance   | 0.611      |
|    learning_rate        | 5e-05      |
|    loss                 | 0.336      |
|    n_updates            | 3175       |
|    policy_gradient_loss | 0.00162    |
|    std                  | 0.135      |
|    value_loss           | 74.6       |
----------------------------------------
----------------------------------------
| rollout/                |            |
|    ep_len_mean          | 1.14e+03   |
|    ep_rew_mean          | 129        |
| time/                   |            |
|    fps                  | 1396       |
|    iterations           | 37         |
|    time_elapsed         | 54         |
|    total_timesteps      | 1304576    |
| train/                  |            |
|    approx_kl            | 0.04477385 |
|    clip_fraction        | 0.22       |
|    clip_range           | 0.2        |
|    entropy_loss         | 1.17       |
|    explained_variance   | 0.703      |
|    learning_rate        | 5e-05      |
|    loss                 | 0.264      |
|    n_updates            | 3180       |
|    policy_gradient_loss | 0.0107     |
|    std                  | 0.135      |
|    value_loss           | 110        |
----------------------------------------
-----------------------------------------
| rollout/                |             |
|    ep_len_mean          | 1.15e+03    |
|    ep_rew_mean          | 128         |
| time/                   |             |
|    fps                  | 1403        |
|    iterations           | 38          |
|    time_elapsed         | 55          |
|    total_timesteps      | 1306624     |
| train/                  |             |
|    approx_kl            | 0.009265483 |
|    clip_fraction        | 0.116       |
|    clip_range           | 0.2         |
|    entropy_loss         | 1.17        |
|    explained_variance   | 0.955       |
|    learning_rate        | 5e-05       |
|    loss                 | 0.289       |
|    n_updates            | 3185        |
|    policy_gradient_loss | -0.00274    |
|    std                  | 0.135       |
|    value_loss           | 3.03        |
-----------------------------------------
-----------------------------------------
| rollout/                |             |
|    ep_len_mean          | 1.15e+03    |
|    ep_rew_mean          | 129         |
| time/                   |             |
|    fps                  | 1405        |
|    iterations           | 39          |
|    time_elapsed         | 56          |
|    total_timesteps      | 1308672     |
| train/                  |             |
|    approx_kl            | 0.018888183 |
|    clip_fraction        | 0.0932      |
|    clip_range           | 0.2         |
|    entropy_loss         | 1.17        |
|    explained_variance   | 0.78        |
|    learning_rate        | 5e-05       |
|    loss                 | 1.61        |
|    n_updates            | 3190        |
|    policy_gradient_loss | 0.00277     |
|    std                  | 0.135       |
|    value_loss           | 73          |
-----------------------------------------
-----------------------------------------
| rollout/                |             |
|    ep_len_mean          | 1.16e+03    |
|    ep_rew_mean          | 128         |
| time/                   |             |
|    fps                  | 1409        |
|    iterations           | 40          |
|    time_elapsed         | 58          |
|    total_timesteps      | 1310720     |
| train/                  |             |
|    approx_kl            | 0.012891187 |
|    clip_fraction        | 0.113       |
|    clip_range           | 0.2         |
|    entropy_loss         | 1.17        |
|    explained_variance   | 0.665       |
|    learning_rate        | 5e-05       |
|    loss                 | 0.778       |
|    n_updates            | 3195        |
|    policy_gradient_loss | -0.000294   |
|    std                  | 0.135       |
|    value_loss           | 80.2        |
-----------------------------------------
----------------------------------------
| rollout/                |            |
|    ep_len_mean          | 1.16e+03   |
|    ep_rew_mean          | 128        |
| time/                   |            |
|    fps                  | 1410       |
|    iterations           | 41         |
|    time_elapsed         | 59         |
|    total_timesteps      | 1312768    |
| train/                  |            |
|    approx_kl            | 0.00441287 |
|    clip_fraction        | 0.0374     |
|    clip_range           | 0.2        |
|    entropy_loss         | 1.17       |
|    explained_variance   | 0.708      |
|    learning_rate        | 5e-05      |
|    loss                 | 4.69       |
|    n_updates            | 3200       |
|    policy_gradient_loss | 0.000683   |
|    std                  | 0.135      |
|    value_loss           | 59.5       |
----------------------------------------
-----------------------------------------
| rollout/                |             |
|    ep_len_mean          | 1.19e+03    |
|    ep_rew_mean          | 128         |
| time/                   |             |
|    fps                  | 1415        |
|    iterations           | 42          |
|    time_elapsed         | 60          |
|    total_timesteps      | 1314816     |
| train/                  |             |
|    approx_kl            | 0.010807197 |
|    clip_fraction        | 0.0688      |
|    clip_range           | 0.2         |
|    entropy_loss         | 1.17        |
|    explained_variance   | 0.919       |
|    learning_rate        | 5e-05       |
|    loss                 | 0.519       |
|    n_updates            | 3205        |
|    policy_gradient_loss | -0.000715   |
|    std                  | 0.135       |
|    value_loss           | 1.01        |
-----------------------------------------
------------------------------------------
| rollout/                |              |
|    ep_len_mean          | 1.19e+03     |
|    ep_rew_mean          | 128          |
| time/                   |              |
|    fps                  | 1412         |
|    iterations           | 43           |
|    time_elapsed         | 62           |
|    total_timesteps      | 1316864      |
| train/                  |              |
|    approx_kl            | 0.0051330654 |
|    clip_fraction        | 0.052        |
|    clip_range           | 0.2          |
|    entropy_loss         | 1.17         |
|    explained_variance   | 0.372        |
|    learning_rate        | 5e-05        |
|    loss                 | 0.298        |
|    n_updates            | 3210         |
|    policy_gradient_loss | -0.00272     |
|    std                  | 0.135        |
|    value_loss           | 172          |
------------------------------------------
------------------------------------------
| rollout/                |              |
|    ep_len_mean          | 1.16e+03     |
|    ep_rew_mean          | 133          |
| time/                   |              |
|    fps                  | 1417         |
|    iterations           | 44           |
|    time_elapsed         | 63           |
|    total_timesteps      | 1318912      |
| train/                  |              |
|    approx_kl            | 0.0031487667 |
|    clip_fraction        | 0.0516       |
|    clip_range           | 0.2          |
|    entropy_loss         | 1.17         |
|    explained_variance   | 0.91         |
|    learning_rate        | 5e-05        |
|    loss                 | 1.67         |
|    n_updates            | 3215         |
|    policy_gradient_loss | -0.00391     |
|    std                  | 0.135        |
|    value_loss           | 2.6          |
------------------------------------------
-----------------------------------------
| rollout/                |             |
|    ep_len_mean          | 1.14e+03    |
|    ep_rew_mean          | 135         |
| time/                   |             |
|    fps                  | 1416        |
|    iterations           | 45          |
|    time_elapsed         | 65          |
|    total_timesteps      | 1320960     |
| train/                  |             |
|    approx_kl            | 0.008616637 |
|    clip_fraction        | 0.121       |
|    clip_range           | 0.2         |
|    entropy_loss         | 1.17        |
|    explained_variance   | 0.609       |
|    learning_rate        | 5e-05       |
|    loss                 | 168         |
|    n_updates            | 3220        |
|    policy_gradient_loss | 0.00164     |
|    std                  | 0.135       |
|    value_loss           | 135         |
-----------------------------------------
-----------------------------------------
| rollout/                |             |
|    ep_len_mean          | 1.14e+03    |
|    ep_rew_mean          | 136         |
| time/                   |             |
|    fps                  | 1418        |
|    iterations           | 46          |
|    time_elapsed         | 66          |
|    total_timesteps      | 1323008     |
| train/                  |             |
|    approx_kl            | 0.010476675 |
|    clip_fraction        | 0.161       |
|    clip_range           | 0.2         |
|    entropy_loss         | 1.17        |
|    explained_variance   | 0.674       |
|    learning_rate        | 5e-05       |
|    loss                 | 0.274       |
|    n_updates            | 3225        |
|    policy_gradient_loss | 0.00214     |
|    std                  | 0.135       |
|    value_loss           | 94.9        |
-----------------------------------------
-----------------------------------------
| rollout/                |             |
|    ep_len_mean          | 1.14e+03    |
|    ep_rew_mean          | 137         |
| time/                   |             |
|    fps                  | 1420        |
|    iterations           | 47          |
|    time_elapsed         | 67          |
|    total_timesteps      | 1325056     |
| train/                  |             |
|    approx_kl            | 0.011011356 |
|    clip_fraction        | 0.118       |
|    clip_range           | 0.2         |
|    entropy_loss         | 1.17        |
|    explained_variance   | 0.667       |
|    learning_rate        | 5e-05       |
|    loss                 | 0.656       |
|    n_updates            | 3230        |
|    policy_gradient_loss | 0.00125     |
|    std                  | 0.135       |
|    value_loss           | 115         |
-----------------------------------------
-----------------------------------------
| rollout/                |             |
|    ep_len_mean          | 1.14e+03    |
|    ep_rew_mean          | 138         |
| time/                   |             |
|    fps                  | 1423        |
|    iterations           | 48          |
|    time_elapsed         | 69          |
|    total_timesteps      | 1327104     |
| train/                  |             |
|    approx_kl            | 0.011451492 |
|    clip_fraction        | 0.101       |
|    clip_range           | 0.2         |
|    entropy_loss         | 1.17        |
|    explained_variance   | 0.683       |
|    learning_rate        | 5e-05       |
|    loss                 | 0.59        |
|    n_updates            | 3235        |
|    policy_gradient_loss | -0.00125    |
|    std                  | 0.135       |
|    value_loss           | 85.8        |
-----------------------------------------
-----------------------------------------
| rollout/                |             |
|    ep_len_mean          | 1.13e+03    |
|    ep_rew_mean          | 140         |
| time/                   |             |
|    fps                  | 1426        |
|    iterations           | 49          |
|    time_elapsed         | 70          |
|    total_timesteps      | 1329152     |
| train/                  |             |
|    approx_kl            | 0.010695603 |
|    clip_fraction        | 0.108       |
|    clip_range           | 0.2         |
|    entropy_loss         | 1.17        |
|    explained_variance   | 0.653       |
|    learning_rate        | 5e-05       |
|    loss                 | 208         |
|    n_updates            | 3240        |
|    policy_gradient_loss | 0.00123     |
|    std                  | 0.135       |
|    value_loss           | 93.3        |
-----------------------------------------
------------------------------------------
| rollout/                |              |
|    ep_len_mean          | 1.13e+03     |
|    ep_rew_mean          | 141          |
| time/                   |              |
|    fps                  | 1428         |
|    iterations           | 50           |
|    time_elapsed         | 71           |
|    total_timesteps      | 1331200      |
| train/                  |              |
|    approx_kl            | 0.0032856355 |
|    clip_fraction        | 0.0413       |
|    clip_range           | 0.2          |
|    entropy_loss         | 1.17         |
|    explained_variance   | 0.621        |
|    learning_rate        | 5e-05        |
|    loss                 | 1.51         |
|    n_updates            | 3245         |
|    policy_gradient_loss | 0.000847     |
|    std                  | 0.135        |
|    value_loss           | 92.9         |
------------------------------------------
-----------------------------------------
| rollout/                |             |
|    ep_len_mean          | 1.13e+03    |
|    ep_rew_mean          | 142         |
| time/                   |             |
|    fps                  | 1433        |
|    iterations           | 51          |
|    time_elapsed         | 72          |
|    total_timesteps      | 1333248     |
| train/                  |             |
|    approx_kl            | 0.006889567 |
|    clip_fraction        | 0.0794      |
|    clip_range           | 0.2         |
|    entropy_loss         | 1.17        |
|    explained_variance   | 0.779       |
|    learning_rate        | 5e-05       |
|    loss                 | 0.219       |
|    n_updates            | 3250        |
|    policy_gradient_loss | -0.00151    |
|    std                  | 0.135       |
|    value_loss           | 50.4        |
-----------------------------------------
-----------------------------------------
| rollout/                |             |
|    ep_len_mean          | 1.13e+03    |
|    ep_rew_mean          | 142         |
| time/                   |             |
|    fps                  | 1435        |
|    iterations           | 52          |
|    time_elapsed         | 74          |
|    total_timesteps      | 1335296     |
| train/                  |             |
|    approx_kl            | 0.005838634 |
|    clip_fraction        | 0.0465      |
|    clip_range           | 0.2         |
|    entropy_loss         | 1.17        |
|    explained_variance   | 0.739       |
|    learning_rate        | 5e-05       |
|    loss                 | 204         |
|    n_updates            | 3255        |
|    policy_gradient_loss | -0.00195    |
|    std                  | 0.135       |
|    value_loss           | 106         |
-----------------------------------------
-----------------------------------------
| rollout/                |             |
|    ep_len_mean          | 1.12e+03    |
|    ep_rew_mean          | 142         |
| time/                   |             |
|    fps                  | 1440        |
|    iterations           | 53          |
|    time_elapsed         | 75          |
|    total_timesteps      | 1337344     |
| train/                  |             |
|    approx_kl            | 0.012681127 |
|    clip_fraction        | 0.0801      |
|    clip_range           | 0.2         |
|    entropy_loss         | 1.17        |
|    explained_variance   | 0.891       |
|    learning_rate        | 5e-05       |
|    loss                 | 6.57        |
|    n_updates            | 3260        |
|    policy_gradient_loss | -0.00191    |
|    std                  | 0.135       |
|    value_loss           | 13.6        |
-----------------------------------------
-----------------------------------------
| rollout/                |             |
|    ep_len_mean          | 1.11e+03    |
|    ep_rew_mean          | 145         |
| time/                   |             |
|    fps                  | 1441        |
|    iterations           | 54          |
|    time_elapsed         | 76          |
|    total_timesteps      | 1339392     |
| train/                  |             |
|    approx_kl            | 0.011376461 |
|    clip_fraction        | 0.0814      |
|    clip_range           | 0.2         |
|    entropy_loss         | 1.17        |
|    explained_variance   | 0.669       |
|    learning_rate        | 5e-05       |
|    loss                 | 0.447       |
|    n_updates            | 3265        |
|    policy_gradient_loss | -0.00211    |
|    std                  | 0.135       |
|    value_loss           | 104         |
-----------------------------------------
----------------------------------------
| rollout/                |            |
|    ep_len_mean          | 1.11e+03   |
|    ep_rew_mean          | 146        |
| time/                   |            |
|    fps                  | 1443       |
|    iterations           | 55         |
|    time_elapsed         | 78         |
|    total_timesteps      | 1341440    |
| train/                  |            |
|    approx_kl            | 0.01144642 |
|    clip_fraction        | 0.0966     |
|    clip_range           | 0.2        |
|    entropy_loss         | 1.17       |
|    explained_variance   | 0.637      |
|    learning_rate        | 5e-05      |
|    loss                 | 153        |
|    n_updates            | 3270       |
|    policy_gradient_loss | -0.00147   |
|    std                  | 0.135      |
|    value_loss           | 129        |
----------------------------------------
-----------------------------------------
| rollout/                |             |
|    ep_len_mean          | 1.1e+03     |
|    ep_rew_mean          | 146         |
| time/                   |             |
|    fps                  | 1443        |
|    iterations           | 56          |
|    time_elapsed         | 79          |
|    total_timesteps      | 1343488     |
| train/                  |             |
|    approx_kl            | 0.017863102 |
|    clip_fraction        | 0.157       |
|    clip_range           | 0.2         |
|    entropy_loss         | 1.17        |
|    explained_variance   | 0.71        |
|    learning_rate        | 5e-05       |
|    loss                 | 150         |
|    n_updates            | 3275        |
|    policy_gradient_loss | 0.00495     |
|    std                  | 0.134       |
|    value_loss           | 66.2        |
-----------------------------------------
-----------------------------------------
| rollout/                |             |
|    ep_len_mean          | 1.1e+03     |
|    ep_rew_mean          | 146         |
| time/                   |             |
|    fps                  | 1444        |
|    iterations           | 57          |
|    time_elapsed         | 80          |
|    total_timesteps      | 1345536     |
| train/                  |             |
|    approx_kl            | 0.012519349 |
|    clip_fraction        | 0.142       |
|    clip_range           | 0.2         |
|    entropy_loss         | 1.17        |
|    explained_variance   | 0.639       |
|    learning_rate        | 5e-05       |
|    loss                 | 0.486       |
|    n_updates            | 3280        |
|    policy_gradient_loss | 0.000889    |
|    std                  | 0.135       |
|    value_loss           | 102         |
-----------------------------------------
------------------------------------------
| rollout/                |              |
|    ep_len_mean          | 1.07e+03     |
|    ep_rew_mean          | 149          |
| time/                   |              |
|    fps                  | 1447         |
|    iterations           | 58           |
|    time_elapsed         | 82           |
|    total_timesteps      | 1347584      |
| train/                  |              |
|    approx_kl            | 0.0068398626 |
|    clip_fraction        | 0.0451       |
|    clip_range           | 0.2          |
|    entropy_loss         | 1.17         |
|    explained_variance   | 0.611        |
|    learning_rate        | 5e-05        |
|    loss                 | 3.58         |
|    n_updates            | 3285         |
|    policy_gradient_loss | -0.000414    |
|    std                  | 0.135        |
|    value_loss           | 66.2         |
------------------------------------------
-----------------------------------------
| rollout/                |             |
|    ep_len_mean          | 1.07e+03    |
|    ep_rew_mean          | 149         |
| time/                   |             |
|    fps                  | 1449        |
|    iterations           | 59          |
|    time_elapsed         | 83          |
|    total_timesteps      | 1349632     |
| train/                  |             |
|    approx_kl            | 0.015128218 |
|    clip_fraction        | 0.143       |
|    clip_range           | 0.2         |
|    entropy_loss         | 1.17        |
|    explained_variance   | 0.661       |
|    learning_rate        | 5e-05       |
|    loss                 | 0.427       |
|    n_updates            | 3290        |
|    policy_gradient_loss | 0.00269     |
|    std                  | 0.135       |
|    value_loss           | 115         |
-----------------------------------------
-----------------------------------------
| rollout/                |             |
|    ep_len_mean          | 1.07e+03    |
|    ep_rew_mean          | 150         |
| time/                   |             |
|    fps                  | 1451        |
|    iterations           | 60          |
|    time_elapsed         | 84          |
|    total_timesteps      | 1351680     |
| train/                  |             |
|    approx_kl            | 0.007255791 |
|    clip_fraction        | 0.125       |
|    clip_range           | 0.2         |
|    entropy_loss         | 1.17        |
|    explained_variance   | 0.615       |
|    learning_rate        | 5e-05       |
|    loss                 | 2.53        |
|    n_updates            | 3295        |
|    policy_gradient_loss | 0.00282     |
|    std                  | 0.135       |
|    value_loss           | 89.2        |
-----------------------------------------
------------------------------------------
| rollout/                |              |
|    ep_len_mean          | 1.06e+03     |
|    ep_rew_mean          | 150          |
| time/                   |              |
|    fps                  | 1454         |
|    iterations           | 61           |
|    time_elapsed         | 85           |
|    total_timesteps      | 1353728      |
| train/                  |              |
|    approx_kl            | 0.0070018484 |
|    clip_fraction        | 0.106        |
|    clip_range           | 0.2          |
|    entropy_loss         | 1.17         |
|    explained_variance   | 0.698        |
|    learning_rate        | 5e-05        |
|    loss                 | 0.446        |
|    n_updates            | 3300         |
|    policy_gradient_loss | 0.00115      |
|    std                  | 0.135        |
|    value_loss           | 52.6         |
------------------------------------------
-----------------------------------------
| rollout/                |             |
|    ep_len_mean          | 1.05e+03    |
|    ep_rew_mean          | 151         |
| time/                   |             |
|    fps                  | 1455        |
|    iterations           | 62          |
|    time_elapsed         | 87          |
|    total_timesteps      | 1355776     |
| train/                  |             |
|    approx_kl            | 0.023483323 |
|    clip_fraction        | 0.116       |
|    clip_range           | 0.2         |
|    entropy_loss         | 1.17        |
|    explained_variance   | 0.669       |
|    learning_rate        | 5e-05       |
|    loss                 | 0.686       |
|    n_updates            | 3305        |
|    policy_gradient_loss | 0.00225     |
|    std                  | 0.135       |
|    value_loss           | 129         |
-----------------------------------------
-----------------------------------------
| rollout/                |             |
|    ep_len_mean          | 1.05e+03    |
|    ep_rew_mean          | 151         |
| time/                   |             |
|    fps                  | 1454        |
|    iterations           | 63          |
|    time_elapsed         | 88          |
|    total_timesteps      | 1357824     |
| train/                  |             |
|    approx_kl            | 0.005372285 |
|    clip_fraction        | 0.106       |
|    clip_range           | 0.2         |
|    entropy_loss         | 1.17        |
|    explained_variance   | 0.69        |
|    learning_rate        | 5e-05       |
|    loss                 | 0.747       |
|    n_updates            | 3310        |
|    policy_gradient_loss | 0.00224     |
|    std                  | 0.135       |
|    value_loss           | 91.6        |
-----------------------------------------
-----------------------------------------
| rollout/                |             |
|    ep_len_mean          | 1.03e+03    |
|    ep_rew_mean          | 153         |
| time/                   |             |
|    fps                  | 1454        |
|    iterations           | 64          |
|    time_elapsed         | 90          |
|    total_timesteps      | 1359872     |
| train/                  |             |
|    approx_kl            | 0.016385272 |
|    clip_fraction        | 0.138       |
|    clip_range           | 0.2         |
|    entropy_loss         | 1.17        |
|    explained_variance   | 0.681       |
|    learning_rate        | 5e-05       |
|    loss                 | 124         |
|    n_updates            | 3315        |
|    policy_gradient_loss | 0.000311    |
|    std                  | 0.135       |
|    value_loss           | 66.2        |
-----------------------------------------
-----------------------------------------
| rollout/                |             |
|    ep_len_mean          | 1.03e+03    |
|    ep_rew_mean          | 153         |
| time/                   |             |
|    fps                  | 1452        |
|    iterations           | 65          |
|    time_elapsed         | 91          |
|    total_timesteps      | 1361920     |
| train/                  |             |
|    approx_kl            | 0.011496335 |
|    clip_fraction        | 0.0808      |
|    clip_range           | 0.2         |
|    entropy_loss         | 1.17        |
|    explained_variance   | 0.729       |
|    learning_rate        | 5e-05       |
|    loss                 | 172         |
|    n_updates            | 3320        |
|    policy_gradient_loss | -0.00133    |
|    std                  | 0.135       |
|    value_loss           | 133         |
-----------------------------------------
-----------------------------------------
| rollout/                |             |
|    ep_len_mean          | 1.04e+03    |
|    ep_rew_mean          | 152         |
| time/                   |             |
|    fps                  | 1451        |
|    iterations           | 66          |
|    time_elapsed         | 93          |
|    total_timesteps      | 1363968     |
| train/                  |             |
|    approx_kl            | 0.007302184 |
|    clip_fraction        | 0.063       |
|    clip_range           | 0.2         |
|    entropy_loss         | 1.17        |
|    explained_variance   | 0.809       |
|    learning_rate        | 5e-05       |
|    loss                 | 0.306       |
|    n_updates            | 3325        |
|    policy_gradient_loss | -0.00246    |
|    std                  | 0.135       |
|    value_loss           | 47.9        |
-----------------------------------------
-----------------------------------------
| rollout/                |             |
|    ep_len_mean          | 1.04e+03    |
|    ep_rew_mean          | 152         |
| time/                   |             |
|    fps                  | 1451        |
|    iterations           | 67          |
|    time_elapsed         | 94          |
|    total_timesteps      | 1366016     |
| train/                  |             |
|    approx_kl            | 0.003906952 |
|    clip_fraction        | 0.0496      |
|    clip_range           | 0.2         |
|    entropy_loss         | 1.17        |
|    explained_variance   | 0.733       |
|    learning_rate        | 5e-05       |
|    loss                 | 9.99        |
|    n_updates            | 3330        |
|    policy_gradient_loss | -0.00238    |
|    std                  | 0.135       |
|    value_loss           | 70.7        |
-----------------------------------------
-----------------------------------------
| rollout/                |             |
|    ep_len_mean          | 1.06e+03    |
|    ep_rew_mean          | 150         |
| time/                   |             |
|    fps                  | 1452        |
|    iterations           | 68          |
|    time_elapsed         | 95          |
|    total_timesteps      | 1368064     |
| train/                  |             |
|    approx_kl            | 0.011085138 |
|    clip_fraction        | 0.0847      |
|    clip_range           | 0.2         |
|    entropy_loss         | 1.17        |
|    explained_variance   | 0.698       |
|    learning_rate        | 5e-05       |
|    loss                 | 0.453       |
|    n_updates            | 3335        |
|    policy_gradient_loss | 0.00227     |
|    std                  | 0.135       |
|    value_loss           | 85.8        |
-----------------------------------------
-----------------------------------------
| rollout/                |             |
|    ep_len_mean          | 1.06e+03    |
|    ep_rew_mean          | 150         |
| time/                   |             |
|    fps                  | 1455        |
|    iterations           | 69          |
|    time_elapsed         | 97          |
|    total_timesteps      | 1370112     |
| train/                  |             |
|    approx_kl            | 0.013849685 |
|    clip_fraction        | 0.11        |
|    clip_range           | 0.2         |
|    entropy_loss         | 1.17        |
|    explained_variance   | 0.764       |
|    learning_rate        | 5e-05       |
|    loss                 | 1.87        |
|    n_updates            | 3340        |
|    policy_gradient_loss | 0.00164     |
|    std                  | 0.135       |
|    value_loss           | 54          |
-----------------------------------------
----------------------------------------
| rollout/                |            |
|    ep_len_mean          | 1.06e+03   |
|    ep_rew_mean          | 150        |
| time/                   |            |
|    fps                  | 1457       |
|    iterations           | 70         |
|    time_elapsed         | 98         |
|    total_timesteps      | 1372160    |
| train/                  |            |
|    approx_kl            | 0.02151585 |
|    clip_fraction        | 0.177      |
|    clip_range           | 0.2        |
|    entropy_loss         | 1.17       |
|    explained_variance   | 0.695      |
|    learning_rate        | 5e-05      |
|    loss                 | 125        |
|    n_updates            | 3345       |
|    policy_gradient_loss | 0.00318    |
|    std                  | 0.135      |
|    value_loss           | 71.4       |
----------------------------------------
-----------------------------------------
| rollout/                |             |
|    ep_len_mean          | 1.05e+03    |
|    ep_rew_mean          | 152         |
| time/                   |             |
|    fps                  | 1459        |
|    iterations           | 71          |
|    time_elapsed         | 99          |
|    total_timesteps      | 1374208     |
| train/                  |             |
|    approx_kl            | 0.007663031 |
|    clip_fraction        | 0.065       |
|    clip_range           | 0.2         |
|    entropy_loss         | 1.17        |
|    explained_variance   | 0.682       |
|    learning_rate        | 5e-05       |
|    loss                 | 3.4         |
|    n_updates            | 3350        |
|    policy_gradient_loss | -0.0027     |
|    std                  | 0.135       |
|    value_loss           | 69.2        |
-----------------------------------------
----------------------------------------
| rollout/                |            |
|    ep_len_mean          | 1.05e+03   |
|    ep_rew_mean          | 152        |
| time/                   |            |
|    fps                  | 1459       |
|    iterations           | 72         |
|    time_elapsed         | 101        |
|    total_timesteps      | 1376256    |
| train/                  |            |
|    approx_kl            | 0.01975405 |
|    clip_fraction        | 0.107      |
|    clip_range           | 0.2        |
|    entropy_loss         | 1.17       |
|    explained_variance   | 0.746      |
|    learning_rate        | 5e-05      |
|    loss                 | 0.428      |
|    n_updates            | 3355       |
|    policy_gradient_loss | -0.000849  |
|    std                  | 0.135      |
|    value_loss           | 108        |
----------------------------------------
------------------------------------------
| rollout/                |              |
|    ep_len_mean          | 1.05e+03     |
|    ep_rew_mean          | 150          |
| time/                   |              |
|    fps                  | 1461         |
|    iterations           | 73           |
|    time_elapsed         | 102          |
|    total_timesteps      | 1378304      |
| train/                  |              |
|    approx_kl            | 0.0046191956 |
|    clip_fraction        | 0.0665       |
|    clip_range           | 0.2          |
|    entropy_loss         | 1.17         |
|    explained_variance   | 0.973        |
|    learning_rate        | 5e-05        |
|    loss                 | 0.473        |
|    n_updates            | 3360         |
|    policy_gradient_loss | -0.000182    |
|    std                  | 0.135        |
|    value_loss           | 3.42         |
------------------------------------------
------------------------------------------
| rollout/                |              |
|    ep_len_mean          | 1.06e+03     |
|    ep_rew_mean          | 150          |
| time/                   |              |
|    fps                  | 1459         |
|    iterations           | 74           |
|    time_elapsed         | 103          |
|    total_timesteps      | 1380352      |
| train/                  |              |
|    approx_kl            | 0.0063201776 |
|    clip_fraction        | 0.0331       |
|    clip_range           | 0.2          |
|    entropy_loss         | 1.17         |
|    explained_variance   | 0.645        |
|    learning_rate        | 5e-05        |
|    loss                 | 0.955        |
|    n_updates            | 3365         |
|    policy_gradient_loss | -0.00218     |
|    std                  | 0.134        |
|    value_loss           | 76.1         |
------------------------------------------
-----------------------------------------
| rollout/                |             |
|    ep_len_mean          | 1.06e+03    |
|    ep_rew_mean          | 150         |
| time/                   |             |
|    fps                  | 1459        |
|    iterations           | 75          |
|    time_elapsed         | 105         |
|    total_timesteps      | 1382400     |
| train/                  |             |
|    approx_kl            | 0.010414085 |
|    clip_fraction        | 0.0842      |
|    clip_range           | 0.2         |
|    entropy_loss         | 1.18        |
|    explained_variance   | 0.624       |
|    learning_rate        | 5e-05       |
|    loss                 | 0.949       |
|    n_updates            | 3370        |
|    policy_gradient_loss | -5.45e-05   |
|    std                  | 0.134       |
|    value_loss           | 134         |
-----------------------------------------
-----------------------------------------
| rollout/                |             |
|    ep_len_mean          | 1.05e+03    |
|    ep_rew_mean          | 150         |
| time/                   |             |
|    fps                  | 1461        |
|    iterations           | 76          |
|    time_elapsed         | 106         |
|    total_timesteps      | 1384448     |
| train/                  |             |
|    approx_kl            | 0.008301359 |
|    clip_fraction        | 0.0635      |
|    clip_range           | 0.2         |
|    entropy_loss         | 1.18        |
|    explained_variance   | 0.768       |
|    learning_rate        | 5e-05       |
|    loss                 | 1.23        |
|    n_updates            | 3375        |
|    policy_gradient_loss | 0.00208     |
|    std                  | 0.134       |
|    value_loss           | 18.3        |
-----------------------------------------
------------------------------------------
| rollout/                |              |
|    ep_len_mean          | 1.06e+03     |
|    ep_rew_mean          | 148          |
| time/                   |              |
|    fps                  | 1461         |
|    iterations           | 77           |
|    time_elapsed         | 107          |
|    total_timesteps      | 1386496      |
| train/                  |              |
|    approx_kl            | 0.0061837668 |
|    clip_fraction        | 0.108        |
|    clip_range           | 0.2          |
|    entropy_loss         | 1.17         |
|    explained_variance   | 0.762        |
|    learning_rate        | 5e-05        |
|    loss                 | 114          |
|    n_updates            | 3380         |
|    policy_gradient_loss | -0.00578     |
|    std                  | 0.134        |
|    value_loss           | 80.1         |
------------------------------------------
-----------------------------------------
| rollout/                |             |
|    ep_len_mean          | 1.06e+03    |
|    ep_rew_mean          | 148         |
| time/                   |             |
|    fps                  | 1461        |
|    iterations           | 78          |
|    time_elapsed         | 109         |
|    total_timesteps      | 1388544     |
| train/                  |             |
|    approx_kl            | 0.003500564 |
|    clip_fraction        | 0.0468      |
|    clip_range           | 0.2         |
|    entropy_loss         | 1.18        |
|    explained_variance   | 0.651       |
|    learning_rate        | 5e-05       |
|    loss                 | 2.17        |
|    n_updates            | 3385        |
|    policy_gradient_loss | -0.0011     |
|    std                  | 0.134       |
|    value_loss           | 93.9        |
-----------------------------------------
----------------------------------------
| rollout/                |            |
|    ep_len_mean          | 1.07e+03   |
|    ep_rew_mean          | 148        |
| time/                   |            |
|    fps                  | 1464       |
|    iterations           | 79         |
|    time_elapsed         | 110        |
|    total_timesteps      | 1390592    |
| train/                  |            |
|    approx_kl            | 0.01064734 |
|    clip_fraction        | 0.0934     |
|    clip_range           | 0.2        |
|    entropy_loss         | 1.18       |
|    explained_variance   | 0.627      |
|    learning_rate        | 5e-05      |
|    loss                 | 92         |
|    n_updates            | 3390       |
|    policy_gradient_loss | 0.00156    |
|    std                  | 0.134      |
|    value_loss           | 66.6       |
----------------------------------------
-----------------------------------------
| rollout/                |             |
|    ep_len_mean          | 1.07e+03    |
|    ep_rew_mean          | 148         |
| time/                   |             |
|    fps                  | 1464        |
|    iterations           | 80          |
|    time_elapsed         | 111         |
|    total_timesteps      | 1392640     |
| train/                  |             |
|    approx_kl            | 0.011601604 |
|    clip_fraction        | 0.144       |
|    clip_range           | 0.2         |
|    entropy_loss         | 1.18        |
|    explained_variance   | 0.827       |
|    learning_rate        | 5e-05       |
|    loss                 | 3.67        |
|    n_updates            | 3395        |
|    policy_gradient_loss | 0.00422     |
|    std                  | 0.134       |
|    value_loss           | 49.9        |
-----------------------------------------
----------------------------------------
| rollout/                |            |
|    ep_len_mean          | 1.1e+03    |
|    ep_rew_mean          | 145        |
| time/                   |            |
|    fps                  | 1465       |
|    iterations           | 81         |
|    time_elapsed         | 113        |
|    total_timesteps      | 1394688    |
| train/                  |            |
|    approx_kl            | 0.00850313 |
|    clip_fraction        | 0.136      |
|    clip_range           | 0.2        |
|    entropy_loss         | 1.18       |
|    explained_variance   | 0.743      |
|    learning_rate        | 5e-05      |
|    loss                 | 0.439      |
|    n_updates            | 3400       |
|    policy_gradient_loss | 0.00054    |
|    std                  | 0.134      |
|    value_loss           | 42.3       |
----------------------------------------
-----------------------------------------
| rollout/                |             |
|    ep_len_mean          | 1.1e+03     |
|    ep_rew_mean          | 145         |
| time/                   |             |
|    fps                  | 1465        |
|    iterations           | 82          |
|    time_elapsed         | 114         |
|    total_timesteps      | 1396736     |
| train/                  |             |
|    approx_kl            | 0.010208862 |
|    clip_fraction        | 0.0987      |
|    clip_range           | 0.2         |
|    entropy_loss         | 1.18        |
|    explained_variance   | 0.688       |
|    learning_rate        | 5e-05       |
|    loss                 | 47.8        |
|    n_updates            | 3405        |
|    policy_gradient_loss | -0.000443   |
|    std                  | 0.134       |
|    value_loss           | 65.5        |
-----------------------------------------
-----------------------------------------
| rollout/                |             |
|    ep_len_mean          | 1.1e+03     |
|    ep_rew_mean          | 145         |
| time/                   |             |
|    fps                  | 1467        |
|    iterations           | 83          |
|    time_elapsed         | 115         |
|    total_timesteps      | 1398784     |
| train/                  |             |
|    approx_kl            | 0.009521019 |
|    clip_fraction        | 0.0758      |
|    clip_range           | 0.2         |
|    entropy_loss         | 1.18        |
|    explained_variance   | 0.754       |
|    learning_rate        | 5e-05       |
|    loss                 | 1.32        |
|    n_updates            | 3410        |
|    policy_gradient_loss | -0.00368    |
|    std                  | 0.134       |
|    value_loss           | 72.1        |
-----------------------------------------
----------------------------------------
| rollout/                |            |
|    ep_len_mean          | 1.1e+03    |
|    ep_rew_mean          | 145        |
| time/                   |            |
|    fps                  | 1467       |
|    iterations           | 84         |
|    time_elapsed         | 117        |
|    total_timesteps      | 1400832    |
| train/                  |            |
|    approx_kl            | 0.00740337 |
|    clip_fraction        | 0.0807     |
|    clip_range           | 0.2        |
|    entropy_loss         | 1.18       |
|    explained_variance   | 0.695      |
|    learning_rate        | 5e-05      |
|    loss                 | 31.6       |
|    n_updates            | 3415       |
|    policy_gradient_loss | -0.00401   |
|    std                  | 0.134      |
|    value_loss           | 24         |
----------------------------------------
-----------------------------------------
| rollout/                |             |
|    ep_len_mean          | 1.11e+03    |
|    ep_rew_mean          | 144         |
| time/                   |             |
|    fps                  | 1469        |
|    iterations           | 85          |
|    time_elapsed         | 118         |
|    total_timesteps      | 1402880     |
| train/                  |             |
|    approx_kl            | 0.018870585 |
|    clip_fraction        | 0.156       |
|    clip_range           | 0.2         |
|    entropy_loss         | 1.17        |
|    explained_variance   | 0.652       |
|    learning_rate        | 5e-05       |
|    loss                 | 0.0419      |
|    n_updates            | 3420        |
|    policy_gradient_loss | 0.00301     |
|    std                  | 0.135       |
|    value_loss           | 97.6        |
-----------------------------------------
-----------------------------------------
| rollout/                |             |
|    ep_len_mean          | 1.11e+03    |
|    ep_rew_mean          | 144         |
| time/                   |             |
|    fps                  | 1470        |
|    iterations           | 86          |
|    time_elapsed         | 119         |
|    total_timesteps      | 1404928     |
| train/                  |             |
|    approx_kl            | 0.024606138 |
|    clip_fraction        | 0.232       |
|    clip_range           | 0.2         |
|    entropy_loss         | 1.17        |
|    explained_variance   | 0.685       |
|    learning_rate        | 5e-05       |
|    loss                 | 1.54        |
|    n_updates            | 3425        |
|    policy_gradient_loss | 0.00653     |
|    std                  | 0.135       |
|    value_loss           | 87.3        |
-----------------------------------------
-----------------------------------------
| rollout/                |             |
|    ep_len_mean          | 1.11e+03    |
|    ep_rew_mean          | 144         |
| time/                   |             |
|    fps                  | 1471        |
|    iterations           | 87          |
|    time_elapsed         | 121         |
|    total_timesteps      | 1406976     |
| train/                  |             |
|    approx_kl            | 0.008605002 |
|    clip_fraction        | 0.123       |
|    clip_range           | 0.2         |
|    entropy_loss         | 1.17        |
|    explained_variance   | 0.666       |
|    learning_rate        | 5e-05       |
|    loss                 | 1.43        |
|    n_updates            | 3430        |
|    policy_gradient_loss | 0.00238     |
|    std                  | 0.135       |
|    value_loss           | 55.9        |
-----------------------------------------
-----------------------------------------
| rollout/                |             |
|    ep_len_mean          | 1.11e+03    |
|    ep_rew_mean          | 146         |
| time/                   |             |
|    fps                  | 1471        |
|    iterations           | 88          |
|    time_elapsed         | 122         |
|    total_timesteps      | 1409024     |
| train/                  |             |
|    approx_kl            | 0.011498757 |
|    clip_fraction        | 0.0685      |
|    clip_range           | 0.2         |
|    entropy_loss         | 1.17        |
|    explained_variance   | 0.701       |
|    learning_rate        | 5e-05       |
|    loss                 | 180         |
|    n_updates            | 3435        |
|    policy_gradient_loss | -0.00292    |
|    std                  | 0.135       |
|    value_loss           | 89.3        |
-----------------------------------------
-----------------------------------------
| rollout/                |             |
|    ep_len_mean          | 1.11e+03    |
|    ep_rew_mean          | 146         |
| time/                   |             |
|    fps                  | 1471        |
|    iterations           | 89          |
|    time_elapsed         | 123         |
|    total_timesteps      | 1411072     |
| train/                  |             |
|    approx_kl            | 0.004329609 |
|    clip_fraction        | 0.0604      |
|    clip_range           | 0.2         |
|    entropy_loss         | 1.17        |
|    explained_variance   | 0.701       |
|    learning_rate        | 5e-05       |
|    loss                 | 0.663       |
|    n_updates            | 3440        |
|    policy_gradient_loss | -0.00441    |
|    std                  | 0.135       |
|    value_loss           | 78.4        |
-----------------------------------------
-----------------------------------------
| rollout/                |             |
|    ep_len_mean          | 1.11e+03    |
|    ep_rew_mean          | 146         |
| time/                   |             |
|    fps                  | 1472        |
|    iterations           | 90          |
|    time_elapsed         | 125         |
|    total_timesteps      | 1413120     |
| train/                  |             |
|    approx_kl            | 0.015159106 |
|    clip_fraction        | 0.145       |
|    clip_range           | 0.2         |
|    entropy_loss         | 1.17        |
|    explained_variance   | 0.713       |
|    learning_rate        | 5e-05       |
|    loss                 | 0.401       |
|    n_updates            | 3445        |
|    policy_gradient_loss | -0.000928   |
|    std                  | 0.135       |
|    value_loss           | 66.6        |
-----------------------------------------
------------------------------------------
| rollout/                |              |
|    ep_len_mean          | 1.11e+03     |
|    ep_rew_mean          | 146          |
| time/                   |              |
|    fps                  | 1472         |
|    iterations           | 91           |
|    time_elapsed         | 126          |
|    total_timesteps      | 1415168      |
| train/                  |              |
|    approx_kl            | 0.0034733936 |
|    clip_fraction        | 0.0896       |
|    clip_range           | 0.2          |
|    entropy_loss         | 1.17         |
|    explained_variance   | 0.717        |
|    learning_rate        | 5e-05        |
|    loss                 | 1.12         |
|    n_updates            | 3450         |
|    policy_gradient_loss | 0.00154      |
|    std                  | 0.134        |
|    value_loss           | 88.4         |
------------------------------------------
------------------------------------------
| rollout/                |              |
|    ep_len_mean          | 1.09e+03     |
|    ep_rew_mean          | 147          |
| time/                   |              |
|    fps                  | 1472         |
|    iterations           | 92           |
|    time_elapsed         | 127          |
|    total_timesteps      | 1417216      |
| train/                  |              |
|    approx_kl            | 0.0028956495 |
|    clip_fraction        | 0.0509       |
|    clip_range           | 0.2          |
|    entropy_loss         | 1.18         |
|    explained_variance   | 0.68         |
|    learning_rate        | 5e-05        |
|    loss                 | 0.288        |
|    n_updates            | 3455         |
|    policy_gradient_loss | 2.57e-05     |
|    std                  | 0.134        |
|    value_loss           | 86.6         |
------------------------------------------
------------------------------------------
| rollout/                |              |
|    ep_len_mean          | 1.08e+03     |
|    ep_rew_mean          | 149          |
| time/                   |              |
|    fps                  | 1470         |
|    iterations           | 93           |
|    time_elapsed         | 129          |
|    total_timesteps      | 1419264      |
| train/                  |              |
|    approx_kl            | 0.0048073796 |
|    clip_fraction        | 0.0429       |
|    clip_range           | 0.2          |
|    entropy_loss         | 1.18         |
|    explained_variance   | 0.708        |
|    learning_rate        | 5e-05        |
|    loss                 | 1.65         |
|    n_updates            | 3460         |
|    policy_gradient_loss | -0.00311     |
|    std                  | 0.134        |
|    value_loss           | 100          |
------------------------------------------
-----------------------------------------
| rollout/                |             |
|    ep_len_mean          | 1.07e+03    |
|    ep_rew_mean          | 149         |
| time/                   |             |
|    fps                  | 1473        |
|    iterations           | 94          |
|    time_elapsed         | 130         |
|    total_timesteps      | 1421312     |
| train/                  |             |
|    approx_kl            | 0.012752859 |
|    clip_fraction        | 0.113       |
|    clip_range           | 0.2         |
|    entropy_loss         | 1.18        |
|    explained_variance   | 0.725       |
|    learning_rate        | 5e-05       |
|    loss                 | 0.909       |
|    n_updates            | 3465        |
|    policy_gradient_loss | 0.000263    |
|    std                  | 0.134       |
|    value_loss           | 65.5        |
-----------------------------------------
------------------------------------------
| rollout/                |              |
|    ep_len_mean          | 1.08e+03     |
|    ep_rew_mean          | 149          |
| time/                   |              |
|    fps                  | 1474         |
|    iterations           | 95           |
|    time_elapsed         | 131          |
|    total_timesteps      | 1423360      |
| train/                  |              |
|    approx_kl            | 0.0062126457 |
|    clip_fraction        | 0.0599       |
|    clip_range           | 0.2          |
|    entropy_loss         | 1.18         |
|    explained_variance   | 0.659        |
|    learning_rate        | 5e-05        |
|    loss                 | 0.381        |
|    n_updates            | 3470         |
|    policy_gradient_loss | -0.00241     |
|    std                  | 0.134        |
|    value_loss           | 70.6         |
------------------------------------------
-----------------------------------------
| rollout/                |             |
|    ep_len_mean          | 1.08e+03    |
|    ep_rew_mean          | 147         |
| time/                   |             |
|    fps                  | 1475        |
|    iterations           | 96          |
|    time_elapsed         | 133         |
|    total_timesteps      | 1425408     |
| train/                  |             |
|    approx_kl            | 0.011732492 |
|    clip_fraction        | 0.116       |
|    clip_range           | 0.2         |
|    entropy_loss         | 1.18        |
|    explained_variance   | 0.594       |
|    learning_rate        | 5e-05       |
|    loss                 | 0.0871      |
|    n_updates            | 3475        |
|    policy_gradient_loss | 0.00463     |
|    std                  | 0.134       |
|    value_loss           | 59.9        |
-----------------------------------------
-----------------------------------------
| rollout/                |             |
|    ep_len_mean          | 1.08e+03    |
|    ep_rew_mean          | 147         |
| time/                   |             |
|    fps                  | 1474        |
|    iterations           | 97          |
|    time_elapsed         | 134         |
|    total_timesteps      | 1427456     |
| train/                  |             |
|    approx_kl            | 0.006614459 |
|    clip_fraction        | 0.0725      |
|    clip_range           | 0.2         |
|    entropy_loss         | 1.18        |
|    explained_variance   | 0.634       |
|    learning_rate        | 5e-05       |
|    loss                 | 197         |
|    n_updates            | 3480        |
|    policy_gradient_loss | 0.00218     |
|    std                  | 0.134       |
|    value_loss           | 101         |
-----------------------------------------
-----------------------------------------
| rollout/                |             |
|    ep_len_mean          | 1.08e+03    |
|    ep_rew_mean          | 147         |
| time/                   |             |
|    fps                  | 1475        |
|    iterations           | 98          |
|    time_elapsed         | 136         |
|    total_timesteps      | 1429504     |
| train/                  |             |
|    approx_kl            | 0.022051984 |
|    clip_fraction        | 0.177       |
|    clip_range           | 0.2         |
|    entropy_loss         | 1.18        |
|    explained_variance   | 0.824       |
|    learning_rate        | 5e-05       |
|    loss                 | 0.602       |
|    n_updates            | 3485        |
|    policy_gradient_loss | 0.0056      |
|    std                  | 0.134       |
|    value_loss           | 29.3        |
-----------------------------------------
------------------------------------------
| rollout/                |              |
|    ep_len_mean          | 1.08e+03     |
|    ep_rew_mean          | 147          |
| time/                   |              |
|    fps                  | 1475         |
|    iterations           | 99           |
|    time_elapsed         | 137          |
|    total_timesteps      | 1431552      |
| train/                  |              |
|    approx_kl            | 0.0048216935 |
|    clip_fraction        | 0.152        |
|    clip_range           | 0.2          |
|    entropy_loss         | 1.18         |
|    explained_variance   | 0.747        |
|    learning_rate        | 5e-05        |
|    loss                 | 0.706        |
|    n_updates            | 3490         |
|    policy_gradient_loss | 0.00169      |
|    std                  | 0.134        |
|    value_loss           | 96.3         |
------------------------------------------
-----------------------------------------
| rollout/                |             |
|    ep_len_mean          | 1.09e+03    |
|    ep_rew_mean          | 147         |
| time/                   |             |
|    fps                  | 1476        |
|    iterations           | 100         |
|    time_elapsed         | 138         |
|    total_timesteps      | 1433600     |
| train/                  |             |
|    approx_kl            | 0.040087633 |
|    clip_fraction        | 0.103       |
|    clip_range           | 0.2         |
|    entropy_loss         | 1.18        |
|    explained_variance   | 0.777       |
|    learning_rate        | 5e-05       |
|    loss                 | 1.57        |
|    n_updates            | 3495        |
|    policy_gradient_loss | -0.000386   |
|    std                  | 0.134       |
|    value_loss           | 49.1        |
-----------------------------------------

CP7 held-out: 43/50 hits (86.0%), mean miss 3.6 m, mean reward 148.64
STOP CONDITION: no joint improvement -- review gate before continuing.
outputs/evasive_zemtgo10_seed8/checkpoints/rl_checkpoint_07.zip: 257/300 hits (85.7%), median miss 3.7 m -> outputs/evasive_zemtgo10_seed8/eval300_cp7.json
CP8: evasive lineage | max_time=45s t_go_max=10s | tracking=True | obs=12-D | miss_tanh_scale=3000m shaping_gamma=1 effort_weight=5 precision_weight=50 -> out=outputs/evasive_zemtgo10_seed8
---------------------------------
| rollout/           |          |
|    ep_len_mean     | 1.09e+03 |
|    ep_rew_mean     | 147      |
| time/              |          |
|    fps             | 4742     |
|    iterations      | 1        |
|    time_elapsed    | 0        |
|    total_timesteps | 1435648  |
---------------------------------
------------------------------------------
| rollout/                |              |
|    ep_len_mean          | 1.09e+03     |
|    ep_rew_mean          | 147          |
| time/                   |              |
|    fps                  | 2038         |
|    iterations           | 2            |
|    time_elapsed         | 2            |
|    total_timesteps      | 1437696      |
| train/                  |              |
|    approx_kl            | 0.0035816873 |
|    clip_fraction        | 0.0246       |
|    clip_range           | 0.2          |
|    entropy_loss         | 1.16         |
|    explained_variance   | 0.822        |
|    learning_rate        | 5e-05        |
|    loss                 | 3.97         |
|    n_updates            | 3505         |
|    policy_gradient_loss | 0.000464     |
|    std                  | 0.135        |
|    value_loss           | 5.59         |
------------------------------------------
-----------------------------------------
| rollout/                |             |
|    ep_len_mean          | 1.09e+03    |
|    ep_rew_mean          | 146         |
| time/                   |             |
|    fps                  | 1921        |
|    iterations           | 3           |
|    time_elapsed         | 3           |
|    total_timesteps      | 1439744     |
| train/                  |             |
|    approx_kl            | 0.008447699 |
|    clip_fraction        | 0.0604      |
|    clip_range           | 0.2         |
|    entropy_loss         | 1.16        |
|    explained_variance   | 0.786       |
|    learning_rate        | 5e-05       |
|    loss                 | 5.73        |
|    n_updates            | 3510        |
|    policy_gradient_loss | -0.00112    |
|    std                  | 0.135       |
|    value_loss           | 34.4        |
-----------------------------------------
-----------------------------------------
| rollout/                |             |
|    ep_len_mean          | 1.09e+03    |
|    ep_rew_mean          | 146         |
| time/                   |             |
|    fps                  | 1778        |
|    iterations           | 4           |
|    time_elapsed         | 4           |
|    total_timesteps      | 1441792     |
| train/                  |             |
|    approx_kl            | 0.006015249 |
|    clip_fraction        | 0.0582      |
|    clip_range           | 0.2         |
|    entropy_loss         | 1.16        |
|    explained_variance   | 0.598       |
|    learning_rate        | 5e-05       |
|    loss                 | 7.88        |
|    n_updates            | 3515        |
|    policy_gradient_loss | -0.00551    |
|    std                  | 0.135       |
|    value_loss           | 156         |
-----------------------------------------
-----------------------------------------
| rollout/                |             |
|    ep_len_mean          | 1.1e+03     |
|    ep_rew_mean          | 146         |
| time/                   |             |
|    fps                  | 1768        |
|    iterations           | 5           |
|    time_elapsed         | 5           |
|    total_timesteps      | 1443840     |
| train/                  |             |
|    approx_kl            | 0.007825021 |
|    clip_fraction        | 0.103       |
|    clip_range           | 0.2         |
|    entropy_loss         | 1.16        |
|    explained_variance   | 0.771       |
|    learning_rate        | 5e-05       |
|    loss                 | 130         |
|    n_updates            | 3520        |
|    policy_gradient_loss | -0.000218   |
|    std                  | 0.135       |
|    value_loss           | 35.8        |
-----------------------------------------
-----------------------------------------
| rollout/                |             |
|    ep_len_mean          | 1.09e+03    |
|    ep_rew_mean          | 146         |
| time/                   |             |
|    fps                  | 1750        |
|    iterations           | 6           |
|    time_elapsed         | 7           |
|    total_timesteps      | 1445888     |
| train/                  |             |
|    approx_kl            | 0.007317454 |
|    clip_fraction        | 0.0731      |
|    clip_range           | 0.2         |
|    entropy_loss         | 1.16        |
|    explained_variance   | 0.727       |
|    learning_rate        | 5e-05       |
|    loss                 | 123         |
|    n_updates            | 3525        |
|    policy_gradient_loss | -0.00285    |
|    std                  | 0.135       |
|    value_loss           | 114         |
-----------------------------------------
-----------------------------------------
| rollout/                |             |
|    ep_len_mean          | 1.08e+03    |
|    ep_rew_mean          | 148         |
| time/                   |             |
|    fps                  | 1735        |
|    iterations           | 7           |
|    time_elapsed         | 8           |
|    total_timesteps      | 1447936     |
| train/                  |             |
|    approx_kl            | 0.009528183 |
|    clip_fraction        | 0.101       |
|    clip_range           | 0.2         |
|    entropy_loss         | 1.16        |
|    explained_variance   | 0.823       |
|    learning_rate        | 5e-05       |
|    loss                 | 0.56        |
|    n_updates            | 3530        |
|    policy_gradient_loss | 0.00212     |
|    std                  | 0.135       |
|    value_loss           | 32.9        |
-----------------------------------------
------------------------------------------
| rollout/                |              |
|    ep_len_mean          | 1.09e+03     |
|    ep_rew_mean          | 146          |
| time/                   |              |
|    fps                  | 1715         |
|    iterations           | 8            |
|    time_elapsed         | 9            |
|    total_timesteps      | 1449984      |
| train/                  |              |
|    approx_kl            | 0.0074366676 |
|    clip_fraction        | 0.0639       |
|    clip_range           | 0.2          |
|    entropy_loss         | 1.16         |
|    explained_variance   | 0.738        |
|    learning_rate        | 5e-05        |
|    loss                 | 5.79         |
|    n_updates            | 3535         |
|    policy_gradient_loss | -0.000775    |
|    std                  | 0.135        |
|    value_loss           | 48.6         |
------------------------------------------
-----------------------------------------
| rollout/                |             |
|    ep_len_mean          | 1.09e+03    |
|    ep_rew_mean          | 146         |
| time/                   |             |
|    fps                  | 1706        |
|    iterations           | 9           |
|    time_elapsed         | 10          |
|    total_timesteps      | 1452032     |
| train/                  |             |
|    approx_kl            | 0.023097804 |
|    clip_fraction        | 0.177       |
|    clip_range           | 0.2         |
|    entropy_loss         | 1.16        |
|    explained_variance   | 0.719       |
|    learning_rate        | 5e-05       |
|    loss                 | 42.4        |
|    n_updates            | 3540        |
|    policy_gradient_loss | 0.0024      |
|    std                  | 0.135       |
|    value_loss           | 63.7        |
-----------------------------------------
------------------------------------------
| rollout/                |              |
|    ep_len_mean          | 1.11e+03     |
|    ep_rew_mean          | 144          |
| time/                   |              |
|    fps                  | 1697         |
|    iterations           | 10           |
|    time_elapsed         | 12           |
|    total_timesteps      | 1454080      |
| train/                  |              |
|    approx_kl            | 0.0058654146 |
|    clip_fraction        | 0.123        |
|    clip_range           | 0.2          |
|    entropy_loss         | 1.16         |
|    explained_variance   | 0.797        |
|    learning_rate        | 5e-05        |
|    loss                 | 0.227        |
|    n_updates            | 3545         |
|    policy_gradient_loss | 0.00207      |
|    std                  | 0.135        |
|    value_loss           | 76.3         |
------------------------------------------
-----------------------------------------
| rollout/                |             |
|    ep_len_mean          | 1.11e+03    |
|    ep_rew_mean          | 145         |
| time/                   |             |
|    fps                  | 1687        |
|    iterations           | 11          |
|    time_elapsed         | 13          |
|    total_timesteps      | 1456128     |
| train/                  |             |
|    approx_kl            | 0.010250643 |
|    clip_fraction        | 0.0956      |
|    clip_range           | 0.2         |
|    entropy_loss         | 1.16        |
|    explained_variance   | 0.811       |
|    learning_rate        | 5e-05       |
|    loss                 | 38.9        |
|    n_updates            | 3550        |
|    policy_gradient_loss | 0.000731    |
|    std                  | 0.135       |
|    value_loss           | 51.1        |
-----------------------------------------
-----------------------------------------
| rollout/                |             |
|    ep_len_mean          | 1.11e+03    |
|    ep_rew_mean          | 144         |
| time/                   |             |
|    fps                  | 1673        |
|    iterations           | 12          |
|    time_elapsed         | 14          |
|    total_timesteps      | 1458176     |
| train/                  |             |
|    approx_kl            | 0.008585129 |
|    clip_fraction        | 0.13        |
|    clip_range           | 0.2         |
|    entropy_loss         | 1.16        |
|    explained_variance   | 0.68        |
|    learning_rate        | 5e-05       |
|    loss                 | 0.511       |
|    n_updates            | 3555        |
|    policy_gradient_loss | 0.00253     |
|    std                  | 0.135       |
|    value_loss           | 102         |
-----------------------------------------
-----------------------------------------
| rollout/                |             |
|    ep_len_mean          | 1.11e+03    |
|    ep_rew_mean          | 145         |
| time/                   |             |
|    fps                  | 1676        |
|    iterations           | 13          |
|    time_elapsed         | 15          |
|    total_timesteps      | 1460224     |
| train/                  |             |
|    approx_kl            | 0.007086807 |
|    clip_fraction        | 0.0736      |
|    clip_range           | 0.2         |
|    entropy_loss         | 1.16        |
|    explained_variance   | 0.722       |
|    learning_rate        | 5e-05       |
|    loss                 | 1.93        |
|    n_updates            | 3560        |
|    policy_gradient_loss | -0.00231    |
|    std                  | 0.135       |
|    value_loss           | 75.9        |
-----------------------------------------
------------------------------------------
| rollout/                |              |
|    ep_len_mean          | 1.11e+03     |
|    ep_rew_mean          | 145          |
| time/                   |              |
|    fps                  | 1673         |
|    iterations           | 14           |
|    time_elapsed         | 17           |
|    total_timesteps      | 1462272      |
| train/                  |              |
|    approx_kl            | 0.0036075092 |
|    clip_fraction        | 0.0358       |
|    clip_range           | 0.2          |
|    entropy_loss         | 1.16         |
|    explained_variance   | 0.8          |
|    learning_rate        | 5e-05        |
|    loss                 | 1.66         |
|    n_updates            | 3565         |
|    policy_gradient_loss | -0.000892    |
|    std                  | 0.135        |
|    value_loss           | 89.8         |
------------------------------------------
-----------------------------------------
| rollout/                |             |
|    ep_len_mean          | 1.12e+03    |
|    ep_rew_mean          | 143         |
| time/                   |             |
|    fps                  | 1681        |
|    iterations           | 15          |
|    time_elapsed         | 18          |
|    total_timesteps      | 1464320     |
| train/                  |             |
|    approx_kl            | 0.011433395 |
|    clip_fraction        | 0.0967      |
|    clip_range           | 0.2         |
|    entropy_loss         | 1.16        |
|    explained_variance   | 0.786       |
|    learning_rate        | 5e-05       |
|    loss                 | 5.86        |
|    n_updates            | 3570        |
|    policy_gradient_loss | 6.31e-05    |
|    std                  | 0.135       |
|    value_loss           | 37.1        |
-----------------------------------------
-----------------------------------------
| rollout/                |             |
|    ep_len_mean          | 1.14e+03    |
|    ep_rew_mean          | 141         |
| time/                   |             |
|    fps                  | 1677        |
|    iterations           | 16          |
|    time_elapsed         | 19          |
|    total_timesteps      | 1466368     |
| train/                  |             |
|    approx_kl            | 0.006032705 |
|    clip_fraction        | 0.0726      |
|    clip_range           | 0.2         |
|    entropy_loss         | 1.16        |
|    explained_variance   | 0.784       |
|    learning_rate        | 5e-05       |
|    loss                 | 27          |
|    n_updates            | 3575        |
|    policy_gradient_loss | 3.43e-05    |
|    std                  | 0.135       |
|    value_loss           | 52.4        |
-----------------------------------------
----------------------------------------
| rollout/                |            |
|    ep_len_mean          | 1.15e+03   |
|    ep_rew_mean          | 139        |
| time/                   |            |
|    fps                  | 1672       |
|    iterations           | 17         |
|    time_elapsed         | 20         |
|    total_timesteps      | 1468416    |
| train/                  |            |
|    approx_kl            | 0.02302508 |
|    clip_fraction        | 0.143      |
|    clip_range           | 0.2        |
|    entropy_loss         | 1.16       |
|    explained_variance   | 0.657      |
|    learning_rate        | 5e-05      |
|    loss                 | 3.82       |
|    n_updates            | 3580       |
|    policy_gradient_loss | 0.0102     |
|    std                  | 0.135      |
|    value_loss           | 75.5       |
----------------------------------------
----------------------------------------
| rollout/                |            |
|    ep_len_mean          | 1.15e+03   |
|    ep_rew_mean          | 139        |
| time/                   |            |
|    fps                  | 1667       |
|    iterations           | 18         |
|    time_elapsed         | 22         |
|    total_timesteps      | 1470464    |
| train/                  |            |
|    approx_kl            | 0.01762379 |
|    clip_fraction        | 0.161      |
|    clip_range           | 0.2        |
|    entropy_loss         | 1.16       |
|    explained_variance   | 0.781      |
|    learning_rate        | 5e-05      |
|    loss                 | 0.186      |
|    n_updates            | 3585       |
|    policy_gradient_loss | -0.00146   |
|    std                  | 0.135      |
|    value_loss           | 19.7       |
----------------------------------------
----------------------------------------
| rollout/                |            |
|    ep_len_mean          | 1.16e+03   |
|    ep_rew_mean          | 137        |
| time/                   |            |
|    fps                  | 1670       |
|    iterations           | 19         |
|    time_elapsed         | 23         |
|    total_timesteps      | 1472512    |
| train/                  |            |
|    approx_kl            | 0.00872441 |
|    clip_fraction        | 0.0833     |
|    clip_range           | 0.2        |
|    entropy_loss         | 1.16       |
|    explained_variance   | 0.643      |
|    learning_rate        | 5e-05      |
|    loss                 | 0.025      |
|    n_updates            | 3590       |
|    policy_gradient_loss | 6.79e-05   |
|    std                  | 0.135      |
|    value_loss           | 48.9       |
----------------------------------------
------------------------------------------
| rollout/                |              |
|    ep_len_mean          | 1.16e+03     |
|    ep_rew_mean          | 137          |
| time/                   |              |
|    fps                  | 1662         |
|    iterations           | 20           |
|    time_elapsed         | 24           |
|    total_timesteps      | 1474560      |
| train/                  |              |
|    approx_kl            | 0.0055186246 |
|    clip_fraction        | 0.0527       |
|    clip_range           | 0.2          |
|    entropy_loss         | 1.16         |
|    explained_variance   | 0.646        |
|    learning_rate        | 5e-05        |
|    loss                 | 0.341        |
|    n_updates            | 3595         |
|    policy_gradient_loss | 0.00119      |
|    std                  | 0.135        |
|    value_loss           | 83           |
------------------------------------------
------------------------------------------
| rollout/                |              |
|    ep_len_mean          | 1.17e+03     |
|    ep_rew_mean          | 138          |
| time/                   |              |
|    fps                  | 1662         |
|    iterations           | 21           |
|    time_elapsed         | 25           |
|    total_timesteps      | 1476608      |
| train/                  |              |
|    approx_kl            | 0.0065231253 |
|    clip_fraction        | 0.0497       |
|    clip_range           | 0.2          |
|    entropy_loss         | 1.16         |
|    explained_variance   | 0.673        |
|    learning_rate        | 5e-05        |
|    loss                 | 2.18         |
|    n_updates            | 3600         |
|    policy_gradient_loss | -0.001       |
|    std                  | 0.135        |
|    value_loss           | 46.8         |
------------------------------------------
----------------------------------------
| rollout/                |            |
|    ep_len_mean          | 1.17e+03   |
|    ep_rew_mean          | 138        |
| time/                   |            |
|    fps                  | 1662       |
|    iterations           | 22         |
|    time_elapsed         | 27         |
|    total_timesteps      | 1478656    |
| train/                  |            |
|    approx_kl            | 0.01570159 |
|    clip_fraction        | 0.0715     |
|    clip_range           | 0.2        |
|    entropy_loss         | 1.16       |
|    explained_variance   | 0.702      |
|    learning_rate        | 5e-05      |
|    loss                 | 130        |
|    n_updates            | 3605       |
|    policy_gradient_loss | -0.00126   |
|    std                  | 0.135      |
|    value_loss           | 119        |
----------------------------------------
-----------------------------------------
| rollout/                |             |
|    ep_len_mean          | 1.17e+03    |
|    ep_rew_mean          | 138         |
| time/                   |             |
|    fps                  | 1659        |
|    iterations           | 23          |
|    time_elapsed         | 28          |
|    total_timesteps      | 1480704     |
| train/                  |             |
|    approx_kl            | 0.005020922 |
|    clip_fraction        | 0.0948      |
|    clip_range           | 0.2         |
|    entropy_loss         | 1.16        |
|    explained_variance   | 0.671       |
|    learning_rate        | 5e-05       |
|    loss                 | 0.646       |
|    n_updates            | 3610        |
|    policy_gradient_loss | -0.00129    |
|    std                  | 0.135       |
|    value_loss           | 75.2        |
-----------------------------------------
------------------------------------------
| rollout/                |              |
|    ep_len_mean          | 1.18e+03     |
|    ep_rew_mean          | 136          |
| time/                   |              |
|    fps                  | 1661         |
|    iterations           | 24           |
|    time_elapsed         | 29           |
|    total_timesteps      | 1482752      |
| train/                  |              |
|    approx_kl            | 0.0055446923 |
|    clip_fraction        | 0.0496       |
|    clip_range           | 0.2          |
|    entropy_loss         | 1.16         |
|    explained_variance   | 0.843        |
|    learning_rate        | 5e-05        |
|    loss                 | 0.154        |
|    n_updates            | 3615         |
|    policy_gradient_loss | 0.00078      |
|    std                  | 0.135        |
|    value_loss           | 48.1         |
------------------------------------------
-----------------------------------------
| rollout/                |             |
|    ep_len_mean          | 1.2e+03     |
|    ep_rew_mean          | 136         |
| time/                   |             |
|    fps                  | 1663        |
|    iterations           | 25          |
|    time_elapsed         | 30          |
|    total_timesteps      | 1484800     |
| train/                  |             |
|    approx_kl            | 0.010029355 |
|    clip_fraction        | 0.117       |
|    clip_range           | 0.2         |
|    entropy_loss         | 1.16        |
|    explained_variance   | 0.922       |
|    learning_rate        | 5e-05       |
|    loss                 | 1.23        |
|    n_updates            | 3620        |
|    policy_gradient_loss | 0.00391     |
|    std                  | 0.135       |
|    value_loss           | 6.25        |
-----------------------------------------
------------------------------------------
| rollout/                |              |
|    ep_len_mean          | 1.2e+03      |
|    ep_rew_mean          | 136          |
| time/                   |              |
|    fps                  | 1652         |
|    iterations           | 26           |
|    time_elapsed         | 32           |
|    total_timesteps      | 1486848      |
| train/                  |              |
|    approx_kl            | 0.0066948235 |
|    clip_fraction        | 0.0794       |
|    clip_range           | 0.2          |
|    entropy_loss         | 1.16         |
|    explained_variance   | 0.603        |
|    learning_rate        | 5e-05        |
|    loss                 | 0.736        |
|    n_updates            | 3625         |
|    policy_gradient_loss | -0.000205    |
|    std                  | 0.135        |
|    value_loss           | 138          |
------------------------------------------
----------------------------------------
| rollout/                |            |
|    ep_len_mean          | 1.18e+03   |
|    ep_rew_mean          | 137        |
| time/                   |            |
|    fps                  | 1656       |
|    iterations           | 27         |
|    time_elapsed         | 33         |
|    total_timesteps      | 1488896    |
| train/                  |            |
|    approx_kl            | 0.00788718 |
|    clip_fraction        | 0.0591     |
|    clip_range           | 0.2        |
|    entropy_loss         | 1.16       |
|    explained_variance   | 0.976      |
|    learning_rate        | 5e-05      |
|    loss                 | 0.365      |
|    n_updates            | 3630       |
|    policy_gradient_loss | 0.00184    |
|    std                  | 0.135      |
|    value_loss           | 2          |
----------------------------------------
-----------------------------------------
| rollout/                |             |
|    ep_len_mean          | 1.18e+03    |
|    ep_rew_mean          | 137         |
| time/                   |             |
|    fps                  | 1649        |
|    iterations           | 28          |
|    time_elapsed         | 34          |
|    total_timesteps      | 1490944     |
| train/                  |             |
|    approx_kl            | 0.020551229 |
|    clip_fraction        | 0.13        |
|    clip_range           | 0.2         |
|    entropy_loss         | 1.16        |
|    explained_variance   | 0.713       |
|    learning_rate        | 5e-05       |
|    loss                 | 1.92        |
|    n_updates            | 3635        |
|    policy_gradient_loss | -0.00325    |
|    std                  | 0.135       |
|    value_loss           | 104         |
-----------------------------------------
-----------------------------------------
| rollout/                |             |
|    ep_len_mean          | 1.18e+03    |
|    ep_rew_mean          | 137         |
| time/                   |             |
|    fps                  | 1651        |
|    iterations           | 29          |
|    time_elapsed         | 35          |
|    total_timesteps      | 1492992     |
| train/                  |             |
|    approx_kl            | 0.009224702 |
|    clip_fraction        | 0.0609      |
|    clip_range           | 0.2         |
|    entropy_loss         | 1.16        |
|    explained_variance   | 0.762       |
|    learning_rate        | 5e-05       |
|    loss                 | 0.346       |
|    n_updates            | 3640        |
|    policy_gradient_loss | -0.00286    |
|    std                  | 0.135       |
|    value_loss           | 40.2        |
-----------------------------------------
-----------------------------------------
| rollout/                |             |
|    ep_len_mean          | 1.17e+03    |
|    ep_rew_mean          | 139         |
| time/                   |             |
|    fps                  | 1646        |
|    iterations           | 30          |
|    time_elapsed         | 37          |
|    total_timesteps      | 1495040     |
| train/                  |             |
|    approx_kl            | 0.011001624 |
|    clip_fraction        | 0.154       |
|    clip_range           | 0.2         |
|    entropy_loss         | 1.16        |
|    explained_variance   | 0.727       |
|    learning_rate        | 5e-05       |
|    loss                 | 150         |
|    n_updates            | 3645        |
|    policy_gradient_loss | -0.000266   |
|    std                  | 0.135       |
|    value_loss           | 103         |
-----------------------------------------
-----------------------------------------
| rollout/                |             |
|    ep_len_mean          | 1.16e+03    |
|    ep_rew_mean          | 141         |
| time/                   |             |
|    fps                  | 1637        |
|    iterations           | 31          |
|    time_elapsed         | 38          |
|    total_timesteps      | 1497088     |
| train/                  |             |
|    approx_kl            | 0.016038902 |
|    clip_fraction        | 0.117       |
|    clip_range           | 0.2         |
|    entropy_loss         | 1.16        |
|    explained_variance   | 0.701       |
|    learning_rate        | 5e-05       |
|    loss                 | 0.174       |
|    n_updates            | 3650        |
|    policy_gradient_loss | -0.00161    |
|    std                  | 0.135       |
|    value_loss           | 92.7        |
-----------------------------------------
-----------------------------------------
| rollout/                |             |
|    ep_len_mean          | 1.16e+03    |
|    ep_rew_mean          | 141         |
| time/                   |             |
|    fps                  | 1636        |
|    iterations           | 32          |
|    time_elapsed         | 40          |
|    total_timesteps      | 1499136     |
| train/                  |             |
|    approx_kl            | 0.007479416 |
|    clip_fraction        | 0.0907      |
|    clip_range           | 0.2         |
|    entropy_loss         | 1.16        |
|    explained_variance   | 0.733       |
|    learning_rate        | 5e-05       |
|    loss                 | 3.19        |
|    n_updates            | 3655        |
|    policy_gradient_loss | 0.00327     |
|    std                  | 0.135       |
|    value_loss           | 74.7        |
-----------------------------------------
-----------------------------------------
| rollout/                |             |
|    ep_len_mean          | 1.17e+03    |
|    ep_rew_mean          | 141         |
| time/                   |             |
|    fps                  | 1633        |
|    iterations           | 33          |
|    time_elapsed         | 41          |
|    total_timesteps      | 1501184     |
| train/                  |             |
|    approx_kl            | 0.005990606 |
|    clip_fraction        | 0.058       |
|    clip_range           | 0.2         |
|    entropy_loss         | 1.16        |
|    explained_variance   | 0.739       |
|    learning_rate        | 5e-05       |
|    loss                 | 0.661       |
|    n_updates            | 3660        |
|    policy_gradient_loss | -0.00271    |
|    std                  | 0.135       |
|    value_loss           | 38.2        |
-----------------------------------------
-----------------------------------------
| rollout/                |             |
|    ep_len_mean          | 1.19e+03    |
|    ep_rew_mean          | 139         |
| time/                   |             |
|    fps                  | 1630        |
|    iterations           | 34          |
|    time_elapsed         | 42          |
|    total_timesteps      | 1503232     |
| train/                  |             |
|    approx_kl            | 0.007750543 |
|    clip_fraction        | 0.117       |
|    clip_range           | 0.2         |
|    entropy_loss         | 1.16        |
|    explained_variance   | 0.802       |
|    learning_rate        | 5e-05       |
|    loss                 | 0.14        |
|    n_updates            | 3665        |
|    policy_gradient_loss | 0.00199     |
|    std                  | 0.135       |
|    value_loss           | 36.7        |
-----------------------------------------
-----------------------------------------
| rollout/                |             |
|    ep_len_mean          | 1.2e+03     |
|    ep_rew_mean          | 137         |
| time/                   |             |
|    fps                  | 1624        |
|    iterations           | 35          |
|    time_elapsed         | 44          |
|    total_timesteps      | 1505280     |
| train/                  |             |
|    approx_kl            | 0.005169617 |
|    clip_fraction        | 0.0579      |
|    clip_range           | 0.2         |
|    entropy_loss         | 1.16        |
|    explained_variance   | 0.742       |
|    learning_rate        | 5e-05       |
|    loss                 | 2.01        |
|    n_updates            | 3670        |
|    policy_gradient_loss | -0.00276    |
|    std                  | 0.135       |
|    value_loss           | 47.6        |
-----------------------------------------
-----------------------------------------
| rollout/                |             |
|    ep_len_mean          | 1.2e+03     |
|    ep_rew_mean          | 137         |
| time/                   |             |
|    fps                  | 1622        |
|    iterations           | 36          |
|    time_elapsed         | 45          |
|    total_timesteps      | 1507328     |
| train/                  |             |
|    approx_kl            | 0.007251164 |
|    clip_fraction        | 0.0878      |
|    clip_range           | 0.2         |
|    entropy_loss         | 1.17        |
|    explained_variance   | 0.821       |
|    learning_rate        | 5e-05       |
|    loss                 | 0.415       |
|    n_updates            | 3675        |
|    policy_gradient_loss | -0.004      |
|    std                  | 0.135       |
|    value_loss           | 40.1        |
-----------------------------------------
-----------------------------------------
| rollout/                |             |
|    ep_len_mean          | 1.19e+03    |
|    ep_rew_mean          | 139         |
| time/                   |             |
|    fps                  | 1610        |
|    iterations           | 37          |
|    time_elapsed         | 47          |
|    total_timesteps      | 1509376     |
| train/                  |             |
|    approx_kl            | 0.017916122 |
|    clip_fraction        | 0.136       |
|    clip_range           | 0.2         |
|    entropy_loss         | 1.17        |
|    explained_variance   | 0.723       |
|    learning_rate        | 5e-05       |
|    loss                 | 151         |
|    n_updates            | 3680        |
|    policy_gradient_loss | -0.000425   |
|    std                  | 0.135       |
|    value_loss           | 89.9        |
-----------------------------------------
-----------------------------------------
| rollout/                |             |
|    ep_len_mean          | 1.19e+03    |
|    ep_rew_mean          | 137         |
| time/                   |             |
|    fps                  | 1604        |
|    iterations           | 38          |
|    time_elapsed         | 48          |
|    total_timesteps      | 1511424     |
| train/                  |             |
|    approx_kl            | 0.010026601 |
|    clip_fraction        | 0.0811      |
|    clip_range           | 0.2         |
|    entropy_loss         | 1.17        |
|    explained_variance   | 0.697       |
|    learning_rate        | 5e-05       |
|    loss                 | 159         |
|    n_updates            | 3685        |
|    policy_gradient_loss | -0.00132    |
|    std                  | 0.135       |
|    value_loss           | 109         |
-----------------------------------------
-----------------------------------------
| rollout/                |             |
|    ep_len_mean          | 1.19e+03    |
|    ep_rew_mean          | 137         |
| time/                   |             |
|    fps                  | 1599        |
|    iterations           | 39          |
|    time_elapsed         | 49          |
|    total_timesteps      | 1513472     |
| train/                  |             |
|    approx_kl            | 0.007766745 |
|    clip_fraction        | 0.0684      |
|    clip_range           | 0.2         |
|    entropy_loss         | 1.17        |
|    explained_variance   | 0.866       |
|    learning_rate        | 5e-05       |
|    loss                 | 0.976       |
|    n_updates            | 3690        |
|    policy_gradient_loss | 6.75e-05    |
|    std                  | 0.135       |
|    value_loss           | 45.1        |
-----------------------------------------
-----------------------------------------
| rollout/                |             |
|    ep_len_mean          | 1.19e+03    |
|    ep_rew_mean          | 137         |
| time/                   |             |
|    fps                  | 1599        |
|    iterations           | 40          |
|    time_elapsed         | 51          |
|    total_timesteps      | 1515520     |
| train/                  |             |
|    approx_kl            | 0.012233196 |
|    clip_fraction        | 0.117       |
|    clip_range           | 0.2         |
|    entropy_loss         | 1.17        |
|    explained_variance   | 0.773       |
|    learning_rate        | 5e-05       |
|    loss                 | 0.272       |
|    n_updates            | 3695        |
|    policy_gradient_loss | -0.000486   |
|    std                  | 0.135       |
|    value_loss           | 51.3        |
-----------------------------------------
-----------------------------------------
| rollout/                |             |
|    ep_len_mean          | 1.19e+03    |
|    ep_rew_mean          | 137         |
| time/                   |             |
|    fps                  | 1598        |
|    iterations           | 41          |
|    time_elapsed         | 52          |
|    total_timesteps      | 1517568     |
| train/                  |             |
|    approx_kl            | 0.006117971 |
|    clip_fraction        | 0.0423      |
|    clip_range           | 0.2         |
|    entropy_loss         | 1.17        |
|    explained_variance   | 0.723       |
|    learning_rate        | 5e-05       |
|    loss                 | 0.594       |
|    n_updates            | 3700        |
|    policy_gradient_loss | -0.00107    |
|    std                  | 0.135       |
|    value_loss           | 29.5        |
-----------------------------------------
-----------------------------------------
| rollout/                |             |
|    ep_len_mean          | 1.17e+03    |
|    ep_rew_mean          | 139         |
| time/                   |             |
|    fps                  | 1596        |
|    iterations           | 42          |
|    time_elapsed         | 53          |
|    total_timesteps      | 1519616     |
| train/                  |             |
|    approx_kl            | 0.008500989 |
|    clip_fraction        | 0.0813      |
|    clip_range           | 0.2         |
|    entropy_loss         | 1.17        |
|    explained_variance   | 0.756       |
|    learning_rate        | 5e-05       |
|    loss                 | 114         |
|    n_updates            | 3705        |
|    policy_gradient_loss | 6.67e-05    |
|    std                  | 0.135       |
|    value_loss           | 81.8        |
-----------------------------------------
------------------------------------------
| rollout/                |              |
|    ep_len_mean          | 1.17e+03     |
|    ep_rew_mean          | 139          |
| time/                   |              |
|    fps                  | 1594         |
|    iterations           | 43           |
|    time_elapsed         | 55           |
|    total_timesteps      | 1521664      |
| train/                  |              |
|    approx_kl            | 0.0062204693 |
|    clip_fraction        | 0.099        |
|    clip_range           | 0.2          |
|    entropy_loss         | 1.17         |
|    explained_variance   | 0.798        |
|    learning_rate        | 5e-05        |
|    loss                 | 0.377        |
|    n_updates            | 3710         |
|    policy_gradient_loss | -0.00202     |
|    std                  | 0.135        |
|    value_loss           | 62.3         |
------------------------------------------
-----------------------------------------
| rollout/                |             |
|    ep_len_mean          | 1.19e+03    |
|    ep_rew_mean          | 137         |
| time/                   |             |
|    fps                  | 1593        |
|    iterations           | 44          |
|    time_elapsed         | 56          |
|    total_timesteps      | 1523712     |
| train/                  |             |
|    approx_kl            | 0.009898027 |
|    clip_fraction        | 0.0684      |
|    clip_range           | 0.2         |
|    entropy_loss         | 1.17        |
|    explained_variance   | 0.721       |
|    learning_rate        | 5e-05       |
|    loss                 | 41.1        |
|    n_updates            | 3715        |
|    policy_gradient_loss | -0.00125    |
|    std                  | 0.135       |
|    value_loss           | 56.9        |
-----------------------------------------
-----------------------------------------
| rollout/                |             |
|    ep_len_mean          | 1.17e+03    |
|    ep_rew_mean          | 139         |
| time/                   |             |
|    fps                  | 1589        |
|    iterations           | 45          |
|    time_elapsed         | 57          |
|    total_timesteps      | 1525760     |
| train/                  |             |
|    approx_kl            | 0.010302799 |
|    clip_fraction        | 0.12        |
|    clip_range           | 0.2         |
|    entropy_loss         | 1.17        |
|    explained_variance   | 0.858       |
|    learning_rate        | 5e-05       |
|    loss                 | 1.59        |
|    n_updates            | 3720        |
|    policy_gradient_loss | 0.00298     |
|    std                  | 0.135       |
|    value_loss           | 46          |
-----------------------------------------
------------------------------------------
| rollout/                |              |
|    ep_len_mean          | 1.18e+03     |
|    ep_rew_mean          | 137          |
| time/                   |              |
|    fps                  | 1585         |
|    iterations           | 46           |
|    time_elapsed         | 59           |
|    total_timesteps      | 1527808      |
| train/                  |              |
|    approx_kl            | 0.0118463505 |
|    clip_fraction        | 0.139        |
|    clip_range           | 0.2          |
|    entropy_loss         | 1.17         |
|    explained_variance   | 0.812        |
|    learning_rate        | 5e-05        |
|    loss                 | 3.05         |
|    n_updates            | 3725         |
|    policy_gradient_loss | -0.00139     |
|    std                  | 0.135        |
|    value_loss           | 74.8         |
------------------------------------------
----------------------------------------
| rollout/                |            |
|    ep_len_mean          | 1.18e+03   |
|    ep_rew_mean          | 137        |
| time/                   |            |
|    fps                  | 1576       |
|    iterations           | 47         |
|    time_elapsed         | 61         |
|    total_timesteps      | 1529856    |
| train/                  |            |
|    approx_kl            | 0.01648116 |
|    clip_fraction        | 0.18       |
|    clip_range           | 0.2        |
|    entropy_loss         | 1.17       |
|    explained_variance   | 0.608      |
|    learning_rate        | 5e-05      |
|    loss                 | 0.728      |
|    n_updates            | 3730       |
|    policy_gradient_loss | 0.0015     |
|    std                  | 0.135      |
|    value_loss           | 125        |
----------------------------------------
-----------------------------------------
| rollout/                |             |
|    ep_len_mean          | 1.18e+03    |
|    ep_rew_mean          | 137         |
| time/                   |             |
|    fps                  | 1577        |
|    iterations           | 48          |
|    time_elapsed         | 62          |
|    total_timesteps      | 1531904     |
| train/                  |             |
|    approx_kl            | 0.016102158 |
|    clip_fraction        | 0.237       |
|    clip_range           | 0.2         |
|    entropy_loss         | 1.17        |
|    explained_variance   | 0.843       |
|    learning_rate        | 5e-05       |
|    loss                 | 0.111       |
|    n_updates            | 3735        |
|    policy_gradient_loss | 0.00513     |
|    std                  | 0.135       |
|    value_loss           | 3.55        |
-----------------------------------------
------------------------------------------
| rollout/                |              |
|    ep_len_mean          | 1.18e+03     |
|    ep_rew_mean          | 137          |
| time/                   |              |
|    fps                  | 1571         |
|    iterations           | 49           |
|    time_elapsed         | 63           |
|    total_timesteps      | 1533952      |
| train/                  |              |
|    approx_kl            | 0.0064526224 |
|    clip_fraction        | 0.161        |
|    clip_range           | 0.2          |
|    entropy_loss         | 1.17         |
|    explained_variance   | 0.646        |
|    learning_rate        | 5e-05        |
|    loss                 | 0.597        |
|    n_updates            | 3740         |
|    policy_gradient_loss | 0.00137      |
|    std                  | 0.135        |
|    value_loss           | 115          |
------------------------------------------
-----------------------------------------
| rollout/                |             |
|    ep_len_mean          | 1.19e+03    |
|    ep_rew_mean          | 137         |
| time/                   |             |
|    fps                  | 1571        |
|    iterations           | 50          |
|    time_elapsed         | 65          |
|    total_timesteps      | 1536000     |
| train/                  |             |
|    approx_kl            | 0.016558975 |
|    clip_fraction        | 0.126       |
|    clip_range           | 0.2         |
|    entropy_loss         | 1.17        |
|    explained_variance   | 0.587       |
|    learning_rate        | 5e-05       |
|    loss                 | 109         |
|    n_updates            | 3745        |
|    policy_gradient_loss | 0.00104     |
|    std                  | 0.135       |
|    value_loss           | 39.6        |
-----------------------------------------
-----------------------------------------
| rollout/                |             |
|    ep_len_mean          | 1.2e+03     |
|    ep_rew_mean          | 135         |
| time/                   |             |
|    fps                  | 1566        |
|    iterations           | 51          |
|    time_elapsed         | 66          |
|    total_timesteps      | 1538048     |
| train/                  |             |
|    approx_kl            | 0.010368457 |
|    clip_fraction        | 0.0985      |
|    clip_range           | 0.2         |
|    entropy_loss         | 1.17        |
|    explained_variance   | 0.683       |
|    learning_rate        | 5e-05       |
|    loss                 | 0.027       |
|    n_updates            | 3750        |
|    policy_gradient_loss | 0.000111    |
|    std                  | 0.135       |
|    value_loss           | 63.5        |
-----------------------------------------
------------------------------------------
| rollout/                |              |
|    ep_len_mean          | 1.2e+03      |
|    ep_rew_mean          | 135          |
| time/                   |              |
|    fps                  | 1564         |
|    iterations           | 52           |
|    time_elapsed         | 68           |
|    total_timesteps      | 1540096      |
| train/                  |              |
|    approx_kl            | 0.0096321115 |
|    clip_fraction        | 0.164        |
|    clip_range           | 0.2          |
|    entropy_loss         | 1.17         |
|    explained_variance   | 0.643        |
|    learning_rate        | 5e-05        |
|    loss                 | 2.13         |
|    n_updates            | 3755         |
|    policy_gradient_loss | 0.00411      |
|    std                  | 0.135        |
|    value_loss           | 88.6         |
------------------------------------------
-----------------------------------------
| rollout/                |             |
|    ep_len_mean          | 1.21e+03    |
|    ep_rew_mean          | 135         |
| time/                   |             |
|    fps                  | 1567        |
|    iterations           | 53          |
|    time_elapsed         | 69          |
|    total_timesteps      | 1542144     |
| train/                  |             |
|    approx_kl            | 0.016493715 |
|    clip_fraction        | 0.16        |
|    clip_range           | 0.2         |
|    entropy_loss         | 1.17        |
|    explained_variance   | 0.685       |
|    learning_rate        | 5e-05       |
|    loss                 | 1.62        |
|    n_updates            | 3760        |
|    policy_gradient_loss | -0.00235    |
|    std                  | 0.135       |
|    value_loss           | 43.8        |
-----------------------------------------
-----------------------------------------
| rollout/                |             |
|    ep_len_mean          | 1.2e+03     |
|    ep_rew_mean          | 135         |
| time/                   |             |
|    fps                  | 1567        |
|    iterations           | 54          |
|    time_elapsed         | 70          |
|    total_timesteps      | 1544192     |
| train/                  |             |
|    approx_kl            | 0.010096319 |
|    clip_fraction        | 0.0946      |
|    clip_range           | 0.2         |
|    entropy_loss         | 1.17        |
|    explained_variance   | 0.714       |
|    learning_rate        | 5e-05       |
|    loss                 | 1.03        |
|    n_updates            | 3765        |
|    policy_gradient_loss | -0.000376   |
|    std                  | 0.135       |
|    value_loss           | 98.4        |
-----------------------------------------
-----------------------------------------
| rollout/                |             |
|    ep_len_mean          | 1.19e+03    |
|    ep_rew_mean          | 137         |
| time/                   |             |
|    fps                  | 1567        |
|    iterations           | 55          |
|    time_elapsed         | 71          |
|    total_timesteps      | 1546240     |
| train/                  |             |
|    approx_kl            | 0.015795583 |
|    clip_fraction        | 0.116       |
|    clip_range           | 0.2         |
|    entropy_loss         | 1.17        |
|    explained_variance   | 0.774       |
|    learning_rate        | 5e-05       |
|    loss                 | 0.229       |
|    n_updates            | 3770        |
|    policy_gradient_loss | -2.65e-05   |
|    std                  | 0.135       |
|    value_loss           | 35.3        |
-----------------------------------------
-----------------------------------------
| rollout/                |             |
|    ep_len_mean          | 1.18e+03    |
|    ep_rew_mean          | 139         |
| time/                   |             |
|    fps                  | 1566        |
|    iterations           | 56          |
|    time_elapsed         | 73          |
|    total_timesteps      | 1548288     |
| train/                  |             |
|    approx_kl            | 0.007303951 |
|    clip_fraction        | 0.0948      |
|    clip_range           | 0.2         |
|    entropy_loss         | 1.17        |
|    explained_variance   | 0.683       |
|    learning_rate        | 5e-05       |
|    loss                 | 166         |
|    n_updates            | 3775        |
|    policy_gradient_loss | 0.00239     |
|    std                  | 0.134       |
|    value_loss           | 130         |
-----------------------------------------
-----------------------------------------
| rollout/                |             |
|    ep_len_mean          | 1.18e+03    |
|    ep_rew_mean          | 139         |
| time/                   |             |
|    fps                  | 1568        |
|    iterations           | 57          |
|    time_elapsed         | 74          |
|    total_timesteps      | 1550336     |
| train/                  |             |
|    approx_kl            | 0.010365914 |
|    clip_fraction        | 0.163       |
|    clip_range           | 0.2         |
|    entropy_loss         | 1.17        |
|    explained_variance   | 0.73        |
|    learning_rate        | 5e-05       |
|    loss                 | 155         |
|    n_updates            | 3780        |
|    policy_gradient_loss | 0.000377    |
|    std                  | 0.134       |
|    value_loss           | 77          |
-----------------------------------------
-----------------------------------------
| rollout/                |             |
|    ep_len_mean          | 1.18e+03    |
|    ep_rew_mean          | 139         |
| time/                   |             |
|    fps                  | 1569        |
|    iterations           | 58          |
|    time_elapsed         | 75          |
|    total_timesteps      | 1552384     |
| train/                  |             |
|    approx_kl            | 0.004882013 |
|    clip_fraction        | 0.033       |
|    clip_range           | 0.2         |
|    entropy_loss         | 1.18        |
|    explained_variance   | 0.648       |
|    learning_rate        | 5e-05       |
|    loss                 | 5.76        |
|    n_updates            | 3785        |
|    policy_gradient_loss | -0.00163    |
|    std                  | 0.134       |
|    value_loss           | 46.8        |
-----------------------------------------
-----------------------------------------
| rollout/                |             |
|    ep_len_mean          | 1.18e+03    |
|    ep_rew_mean          | 140         |
| time/                   |             |
|    fps                  | 1568        |
|    iterations           | 59          |
|    time_elapsed         | 77          |
|    total_timesteps      | 1554432     |
| train/                  |             |
|    approx_kl            | 0.014754027 |
|    clip_fraction        | 0.196       |
|    clip_range           | 0.2         |
|    entropy_loss         | 1.18        |
|    explained_variance   | 0.684       |
|    learning_rate        | 5e-05       |
|    loss                 | 142         |
|    n_updates            | 3790        |
|    policy_gradient_loss | 0.00999     |
|    std                  | 0.134       |
|    value_loss           | 118         |
-----------------------------------------
------------------------------------------
| rollout/                |              |
|    ep_len_mean          | 1.18e+03     |
|    ep_rew_mean          | 140          |
| time/                   |              |
|    fps                  | 1570         |
|    iterations           | 60           |
|    time_elapsed         | 78           |
|    total_timesteps      | 1556480      |
| train/                  |              |
|    approx_kl            | 0.0033106762 |
|    clip_fraction        | 0.134        |
|    clip_range           | 0.2          |
|    entropy_loss         | 1.18         |
|    explained_variance   | 0.748        |
|    learning_rate        | 5e-05        |
|    loss                 | 0.0777       |
|    n_updates            | 3795         |
|    policy_gradient_loss | 0.00548      |
|    std                  | 0.134        |
|    value_loss           | 49.1         |
------------------------------------------
-----------------------------------------
| rollout/                |             |
|    ep_len_mean          | 1.19e+03    |
|    ep_rew_mean          | 140         |
| time/                   |             |
|    fps                  | 1570        |
|    iterations           | 61          |
|    time_elapsed         | 79          |
|    total_timesteps      | 1558528     |
| train/                  |             |
|    approx_kl            | 0.006666582 |
|    clip_fraction        | 0.0532      |
|    clip_range           | 0.2         |
|    entropy_loss         | 1.18        |
|    explained_variance   | 0.635       |
|    learning_rate        | 5e-05       |
|    loss                 | 0.523       |
|    n_updates            | 3800        |
|    policy_gradient_loss | -0.00151    |
|    std                  | 0.134       |
|    value_loss           | 119         |
-----------------------------------------
-----------------------------------------
| rollout/                |             |
|    ep_len_mean          | 1.19e+03    |
|    ep_rew_mean          | 140         |
| time/                   |             |
|    fps                  | 1570        |
|    iterations           | 62          |
|    time_elapsed         | 80          |
|    total_timesteps      | 1560576     |
| train/                  |             |
|    approx_kl            | 0.006540335 |
|    clip_fraction        | 0.0611      |
|    clip_range           | 0.2         |
|    entropy_loss         | 1.18        |
|    explained_variance   | 0.751       |
|    learning_rate        | 5e-05       |
|    loss                 | 0.442       |
|    n_updates            | 3805        |
|    policy_gradient_loss | -0.00151    |
|    std                  | 0.134       |
|    value_loss           | 45.9        |
-----------------------------------------
-----------------------------------------
| rollout/                |             |
|    ep_len_mean          | 1.19e+03    |
|    ep_rew_mean          | 139         |
| time/                   |             |
|    fps                  | 1572        |
|    iterations           | 63          |
|    time_elapsed         | 82          |
|    total_timesteps      | 1562624     |
| train/                  |             |
|    approx_kl            | 0.005503311 |
|    clip_fraction        | 0.0592      |
|    clip_range           | 0.2         |
|    entropy_loss         | 1.18        |
|    explained_variance   | 0.723       |
|    learning_rate        | 5e-05       |
|    loss                 | 0.52        |
|    n_updates            | 3810        |
|    policy_gradient_loss | -0.00129    |
|    std                  | 0.134       |
|    value_loss           | 53.7        |
-----------------------------------------
------------------------------------------
| rollout/                |              |
|    ep_len_mean          | 1.2e+03      |
|    ep_rew_mean          | 137          |
| time/                   |              |
|    fps                  | 1571         |
|    iterations           | 64           |
|    time_elapsed         | 83           |
|    total_timesteps      | 1564672      |
| train/                  |              |
|    approx_kl            | 0.0055113053 |
|    clip_fraction        | 0.0633       |
|    clip_range           | 0.2          |
|    entropy_loss         | 1.18         |
|    explained_variance   | 0.752        |
|    learning_rate        | 5e-05        |
|    loss                 | 151          |
|    n_updates            | 3815         |
|    policy_gradient_loss | 0.00132      |
|    std                  | 0.134        |
|    value_loss           | 69.4         |
------------------------------------------
----------------------------------------
| rollout/                |            |
|    ep_len_mean          | 1.21e+03   |
|    ep_rew_mean          | 136        |
| time/                   |            |
|    fps                  | 1572       |
|    iterations           | 65         |
|    time_elapsed         | 84         |
|    total_timesteps      | 1566720    |
| train/                  |            |
|    approx_kl            | 0.04004822 |
|    clip_fraction        | 0.157      |
|    clip_range           | 0.2        |
|    entropy_loss         | 1.18       |
|    explained_variance   | 0.769      |
|    learning_rate        | 5e-05      |
|    loss                 | 26.3       |
|    n_updates            | 3820       |
|    policy_gradient_loss | 0.00709    |
|    std                  | 0.134      |
|    value_loss           | 27.7       |
----------------------------------------
------------------------------------------
| rollout/                |              |
|    ep_len_mean          | 1.21e+03     |
|    ep_rew_mean          | 136          |
| time/                   |              |
|    fps                  | 1572         |
|    iterations           | 66           |
|    time_elapsed         | 85           |
|    total_timesteps      | 1568768      |
| train/                  |              |
|    approx_kl            | 0.0074696075 |
|    clip_fraction        | 0.048        |
|    clip_range           | 0.2          |
|    entropy_loss         | 1.18         |
|    explained_variance   | 0.788        |
|    learning_rate        | 5e-05        |
|    loss                 | 39.2         |
|    n_updates            | 3825         |
|    policy_gradient_loss | -0.000114    |
|    std                  | 0.134        |
|    value_loss           | 77.8         |
------------------------------------------
------------------------------------------
| rollout/                |              |
|    ep_len_mean          | 1.22e+03     |
|    ep_rew_mean          | 134          |
| time/                   |              |
|    fps                  | 1573         |
|    iterations           | 67           |
|    time_elapsed         | 87           |
|    total_timesteps      | 1570816      |
| train/                  |              |
|    approx_kl            | 0.0062705018 |
|    clip_fraction        | 0.0728       |
|    clip_range           | 0.2          |
|    entropy_loss         | 1.18         |
|    explained_variance   | 0.939        |
|    learning_rate        | 5e-05        |
|    loss                 | 0.693        |
|    n_updates            | 3830         |
|    policy_gradient_loss | -0.00151     |
|    std                  | 0.134        |
|    value_loss           | 7.14         |
------------------------------------------
------------------------------------------
| rollout/                |              |
|    ep_len_mean          | 1.22e+03     |
|    ep_rew_mean          | 134          |
| time/                   |              |
|    fps                  | 1570         |
|    iterations           | 68           |
|    time_elapsed         | 88           |
|    total_timesteps      | 1572864      |
| train/                  |              |
|    approx_kl            | 0.0029571275 |
|    clip_fraction        | 0.0107       |
|    clip_range           | 0.2          |
|    entropy_loss         | 1.18         |
|    explained_variance   | 0.625        |
|    learning_rate        | 5e-05        |
|    loss                 | 1.19         |
|    n_updates            | 3835         |
|    policy_gradient_loss | -0.00101     |
|    std                  | 0.134        |
|    value_loss           | 116          |
------------------------------------------
-----------------------------------------
| rollout/                |             |
|    ep_len_mean          | 1.21e+03    |
|    ep_rew_mean          | 136         |
| time/                   |             |
|    fps                  | 1573        |
|    iterations           | 69          |
|    time_elapsed         | 89          |
|    total_timesteps      | 1574912     |
| train/                  |             |
|    approx_kl            | 0.012711613 |
|    clip_fraction        | 0.0815      |
|    clip_range           | 0.2         |
|    entropy_loss         | 1.18        |
|    explained_variance   | 0.966       |
|    learning_rate        | 5e-05       |
|    loss                 | 1.54        |
|    n_updates            | 3840        |
|    policy_gradient_loss | -0.000501   |
|    std                  | 0.134       |
|    value_loss           | 2.34        |
-----------------------------------------
-----------------------------------------
| rollout/                |             |
|    ep_len_mean          | 1.21e+03    |
|    ep_rew_mean          | 136         |
| time/                   |             |
|    fps                  | 1570        |
|    iterations           | 70          |
|    time_elapsed         | 91          |
|    total_timesteps      | 1576960     |
| train/                  |             |
|    approx_kl            | 0.015180508 |
|    clip_fraction        | 0.175       |
|    clip_range           | 0.2         |
|    entropy_loss         | 1.18        |
|    explained_variance   | 0.683       |
|    learning_rate        | 5e-05       |
|    loss                 | 1.27        |
|    n_updates            | 3845        |
|    policy_gradient_loss | 0.0029      |
|    std                  | 0.134       |
|    value_loss           | 127         |
-----------------------------------------
------------------------------------------
| rollout/                |              |
|    ep_len_mean          | 1.21e+03     |
|    ep_rew_mean          | 136          |
| time/                   |              |
|    fps                  | 1571         |
|    iterations           | 71           |
|    time_elapsed         | 92           |
|    total_timesteps      | 1579008      |
| train/                  |              |
|    approx_kl            | 0.0051450683 |
|    clip_fraction        | 0.0647       |
|    clip_range           | 0.2          |
|    entropy_loss         | 1.18         |
|    explained_variance   | 0.79         |
|    learning_rate        | 5e-05        |
|    loss                 | 1.04         |
|    n_updates            | 3850         |
|    policy_gradient_loss | -0.000964    |
|    std                  | 0.134        |
|    value_loss           | 41.6         |
------------------------------------------
------------------------------------------
| rollout/                |              |
|    ep_len_mean          | 1.21e+03     |
|    ep_rew_mean          | 136          |
| time/                   |              |
|    fps                  | 1571         |
|    iterations           | 72           |
|    time_elapsed         | 93           |
|    total_timesteps      | 1581056      |
| train/                  |              |
|    approx_kl            | 0.0156192295 |
|    clip_fraction        | 0.0953       |
|    clip_range           | 0.2          |
|    entropy_loss         | 1.18         |
|    explained_variance   | 0.707        |
|    learning_rate        | 5e-05        |
|    loss                 | 352          |
|    n_updates            | 3855         |
|    policy_gradient_loss | -0.000332    |
|    std                  | 0.134        |
|    value_loss           | 115          |
------------------------------------------
-----------------------------------------
| rollout/                |             |
|    ep_len_mean          | 1.21e+03    |
|    ep_rew_mean          | 136         |
| time/                   |             |
|    fps                  | 1573        |
|    iterations           | 73          |
|    time_elapsed         | 95          |
|    total_timesteps      | 1583104     |
| train/                  |             |
|    approx_kl            | 0.008147648 |
|    clip_fraction        | 0.0916      |
|    clip_range           | 0.2         |
|    entropy_loss         | 1.18        |
|    explained_variance   | 0.917       |
|    learning_rate        | 5e-05       |
|    loss                 | 0.445       |
|    n_updates            | 3860        |
|    policy_gradient_loss | 0.00367     |
|    std                  | 0.134       |
|    value_loss           | 23.5        |
-----------------------------------------
-----------------------------------------
| rollout/                |             |
|    ep_len_mean          | 1.2e+03     |
|    ep_rew_mean          | 138         |
| time/                   |             |
|    fps                  | 1572        |
|    iterations           | 74          |
|    time_elapsed         | 96          |
|    total_timesteps      | 1585152     |
| train/                  |             |
|    approx_kl            | 0.012947982 |
|    clip_fraction        | 0.121       |
|    clip_range           | 0.2         |
|    entropy_loss         | 1.18        |
|    explained_variance   | 0.759       |
|    learning_rate        | 5e-05       |
|    loss                 | 39.7        |
|    n_updates            | 3865        |
|    policy_gradient_loss | 0.000711    |
|    std                  | 0.134       |
|    value_loss           | 64.5        |
-----------------------------------------
-----------------------------------------
| rollout/                |             |
|    ep_len_mean          | 1.21e+03    |
|    ep_rew_mean          | 136         |
| time/                   |             |
|    fps                  | 1570        |
|    iterations           | 75          |
|    time_elapsed         | 97          |
|    total_timesteps      | 1587200     |
| train/                  |             |
|    approx_kl            | 0.004573977 |
|    clip_fraction        | 0.116       |
|    clip_range           | 0.2         |
|    entropy_loss         | 1.18        |
|    explained_variance   | 0.788       |
|    learning_rate        | 5e-05       |
|    loss                 | 4.05        |
|    n_updates            | 3870        |
|    policy_gradient_loss | 0.000902    |
|    std                  | 0.134       |
|    value_loss           | 95          |
-----------------------------------------
------------------------------------------
| rollout/                |              |
|    ep_len_mean          | 1.2e+03      |
|    ep_rew_mean          | 138          |
| time/                   |              |
|    fps                  | 1570         |
|    iterations           | 76           |
|    time_elapsed         | 99           |
|    total_timesteps      | 1589248      |
| train/                  |              |
|    approx_kl            | 0.0082557015 |
|    clip_fraction        | 0.0889       |
|    clip_range           | 0.2          |
|    entropy_loss         | 1.18         |
|    explained_variance   | 0.489        |
|    learning_rate        | 5e-05        |
|    loss                 | 61.1         |
|    n_updates            | 3875         |
|    policy_gradient_loss | -0.000373    |
|    std                  | 0.134        |
|    value_loss           | 18.7         |
------------------------------------------
------------------------------------------
| rollout/                |              |
|    ep_len_mean          | 1.2e+03      |
|    ep_rew_mean          | 138          |
| time/                   |              |
|    fps                  | 1569         |
|    iterations           | 77           |
|    time_elapsed         | 100          |
|    total_timesteps      | 1591296      |
| train/                  |              |
|    approx_kl            | 0.0059367055 |
|    clip_fraction        | 0.0841       |
|    clip_range           | 0.2          |
|    entropy_loss         | 1.18         |
|    explained_variance   | 0.679        |
|    learning_rate        | 5e-05        |
|    loss                 | 5.01         |
|    n_updates            | 3880         |
|    policy_gradient_loss | 5.87e-05     |
|    std                  | 0.134        |
|    value_loss           | 136          |
------------------------------------------
------------------------------------------
| rollout/                |              |
|    ep_len_mean          | 1.19e+03     |
|    ep_rew_mean          | 140          |
| time/                   |              |
|    fps                  | 1571         |
|    iterations           | 78           |
|    time_elapsed         | 101          |
|    total_timesteps      | 1593344      |
| train/                  |              |
|    approx_kl            | 0.0076952362 |
|    clip_fraction        | 0.0578       |
|    clip_range           | 0.2          |
|    entropy_loss         | 1.18         |
|    explained_variance   | 0.966        |
|    learning_rate        | 5e-05        |
|    loss                 | 0.51         |
|    n_updates            | 3885         |
|    policy_gradient_loss | 0.0004       |
|    std                  | 0.134        |
|    value_loss           | 3.74         |
------------------------------------------
------------------------------------------
| rollout/                |              |
|    ep_len_mean          | 1.2e+03      |
|    ep_rew_mean          | 138          |
| time/                   |              |
|    fps                  | 1570         |
|    iterations           | 79           |
|    time_elapsed         | 102          |
|    total_timesteps      | 1595392      |
| train/                  |              |
|    approx_kl            | 0.0080710165 |
|    clip_fraction        | 0.05         |
|    clip_range           | 0.2          |
|    entropy_loss         | 1.18         |
|    explained_variance   | 0.788        |
|    learning_rate        | 5e-05        |
|    loss                 | 183          |
|    n_updates            | 3890         |
|    policy_gradient_loss | -0.00265     |
|    std                  | 0.134        |
|    value_loss           | 76.1         |
------------------------------------------
-----------------------------------------
| rollout/                |             |
|    ep_len_mean          | 1.2e+03     |
|    ep_rew_mean          | 138         |
| time/                   |             |
|    fps                  | 1570        |
|    iterations           | 80          |
|    time_elapsed         | 104         |
|    total_timesteps      | 1597440     |
| train/                  |             |
|    approx_kl            | 0.017029937 |
|    clip_fraction        | 0.137       |
|    clip_range           | 0.2         |
|    entropy_loss         | 1.18        |
|    explained_variance   | 0.512       |
|    learning_rate        | 5e-05       |
|    loss                 | 2.8         |
|    n_updates            | 3895        |
|    policy_gradient_loss | 0.00227     |
|    std                  | 0.134       |
|    value_loss           | 68.2        |
-----------------------------------------
-----------------------------------------
| rollout/                |             |
|    ep_len_mean          | 1.19e+03    |
|    ep_rew_mean          | 140         |
| time/                   |             |
|    fps                  | 1569        |
|    iterations           | 81          |
|    time_elapsed         | 105         |
|    total_timesteps      | 1599488     |
| train/                  |             |
|    approx_kl            | 0.012080807 |
|    clip_fraction        | 0.0684      |
|    clip_range           | 0.2         |
|    entropy_loss         | 1.18        |
|    explained_variance   | 0.719       |
|    learning_rate        | 5e-05       |
|    loss                 | 326         |
|    n_updates            | 3900        |
|    policy_gradient_loss | -0.000909   |
|    std                  | 0.134       |
|    value_loss           | 122         |
-----------------------------------------
----------------------------------------
| rollout/                |            |
|    ep_len_mean          | 1.18e+03   |
|    ep_rew_mean          | 140        |
| time/                   |            |
|    fps                  | 1569       |
|    iterations           | 82         |
|    time_elapsed         | 107        |
|    total_timesteps      | 1601536    |
| train/                  |            |
|    approx_kl            | 0.00502433 |
|    clip_fraction        | 0.0896     |
|    clip_range           | 0.2        |
|    entropy_loss         | 1.18       |
|    explained_variance   | 0.796      |
|    learning_rate        | 5e-05      |
|    loss                 | 0.396      |
|    n_updates            | 3905       |
|    policy_gradient_loss | -0.0015    |
|    std                  | 0.134      |
|    value_loss           | 55.9       |
----------------------------------------
------------------------------------------
| rollout/                |              |
|    ep_len_mean          | 1.17e+03     |
|    ep_rew_mean          | 142          |
| time/                   |              |
|    fps                  | 1569         |
|    iterations           | 83           |
|    time_elapsed         | 108          |
|    total_timesteps      | 1603584      |
| train/                  |              |
|    approx_kl            | 0.0047908872 |
|    clip_fraction        | 0.0382       |
|    clip_range           | 0.2          |
|    entropy_loss         | 1.18         |
|    explained_variance   | 0.767        |
|    learning_rate        | 5e-05        |
|    loss                 | 3.21         |
|    n_updates            | 3910         |
|    policy_gradient_loss | 0.000858     |
|    std                  | 0.134        |
|    value_loss           | 46.4         |
------------------------------------------
-----------------------------------------
| rollout/                |             |
|    ep_len_mean          | 1.17e+03    |
|    ep_rew_mean          | 142         |
| time/                   |             |
|    fps                  | 1569        |
|    iterations           | 84          |
|    time_elapsed         | 109         |
|    total_timesteps      | 1605632     |
| train/                  |             |
|    approx_kl            | 0.010750981 |
|    clip_fraction        | 0.0911      |
|    clip_range           | 0.2         |
|    entropy_loss         | 1.18        |
|    explained_variance   | 0.61        |
|    learning_rate        | 5e-05       |
|    loss                 | 116         |
|    n_updates            | 3915        |
|    policy_gradient_loss | -0.00216    |
|    std                  | 0.134       |
|    value_loss           | 149         |
-----------------------------------------
----------------------------------------
| rollout/                |            |
|    ep_len_mean          | 1.18e+03   |
|    ep_rew_mean          | 140        |
| time/                   |            |
|    fps                  | 1569       |
|    iterations           | 85         |
|    time_elapsed         | 110        |
|    total_timesteps      | 1607680    |
| train/                  |            |
|    approx_kl            | 0.02090037 |
|    clip_fraction        | 0.0749     |
|    clip_range           | 0.2        |
|    entropy_loss         | 1.18       |
|    explained_variance   | 0.729      |
|    learning_rate        | 5e-05      |
|    loss                 | 2.88       |
|    n_updates            | 3920       |
|    policy_gradient_loss | -0.000614  |
|    std                  | 0.134      |
|    value_loss           | 80.7       |
----------------------------------------
------------------------------------------
| rollout/                |              |
|    ep_len_mean          | 1.19e+03     |
|    ep_rew_mean          | 141          |
| time/                   |              |
|    fps                  | 1570         |
|    iterations           | 86           |
|    time_elapsed         | 112          |
|    total_timesteps      | 1609728      |
| train/                  |              |
|    approx_kl            | 0.0074844835 |
|    clip_fraction        | 0.0604       |
|    clip_range           | 0.2          |
|    entropy_loss         | 1.18         |
|    explained_variance   | 0.863        |
|    learning_rate        | 5e-05        |
|    loss                 | 0.782        |
|    n_updates            | 3925         |
|    policy_gradient_loss | -0.000236    |
|    std                  | 0.134        |
|    value_loss           | 15.1         |
------------------------------------------
-----------------------------------------
| rollout/                |             |
|    ep_len_mean          | 1.19e+03    |
|    ep_rew_mean          | 141         |
| time/                   |             |
|    fps                  | 1569        |
|    iterations           | 87          |
|    time_elapsed         | 113         |
|    total_timesteps      | 1611776     |
| train/                  |             |
|    approx_kl            | 0.014157208 |
|    clip_fraction        | 0.153       |
|    clip_range           | 0.2         |
|    entropy_loss         | 1.18        |
|    explained_variance   | 0.662       |
|    learning_rate        | 5e-05       |
|    loss                 | 0.663       |
|    n_updates            | 3930        |
|    policy_gradient_loss | 0.00309     |
|    std                  | 0.134       |
|    value_loss           | 114         |
-----------------------------------------
------------------------------------------
| rollout/                |              |
|    ep_len_mean          | 1.18e+03     |
|    ep_rew_mean          | 141          |
| time/                   |              |
|    fps                  | 1571         |
|    iterations           | 88           |
|    time_elapsed         | 114          |
|    total_timesteps      | 1613824      |
| train/                  |              |
|    approx_kl            | 0.0062405877 |
|    clip_fraction        | 0.0533       |
|    clip_range           | 0.2          |
|    entropy_loss         | 1.18         |
|    explained_variance   | 0.85         |
|    learning_rate        | 5e-05        |
|    loss                 | 63.9         |
|    n_updates            | 3935         |
|    policy_gradient_loss | -0.000708    |
|    std                  | 0.134        |
|    value_loss           | 21.5         |
------------------------------------------
-----------------------------------------
| rollout/                |             |
|    ep_len_mean          | 1.2e+03     |
|    ep_rew_mean          | 139         |
| time/                   |             |
|    fps                  | 1571        |
|    iterations           | 89          |
|    time_elapsed         | 116         |
|    total_timesteps      | 1615872     |
| train/                  |             |
|    approx_kl            | 0.010870027 |
|    clip_fraction        | 0.151       |
|    clip_range           | 0.2         |
|    entropy_loss         | 1.18        |
|    explained_variance   | 0.771       |
|    learning_rate        | 5e-05       |
|    loss                 | 1.03        |
|    n_updates            | 3940        |
|    policy_gradient_loss | 0.00515     |
|    std                  | 0.134       |
|    value_loss           | 112         |
-----------------------------------------
-----------------------------------------
| rollout/                |             |
|    ep_len_mean          | 1.2e+03     |
|    ep_rew_mean          | 139         |
| time/                   |             |
|    fps                  | 1572        |
|    iterations           | 90          |
|    time_elapsed         | 117         |
|    total_timesteps      | 1617920     |
| train/                  |             |
|    approx_kl            | 0.011860918 |
|    clip_fraction        | 0.148       |
|    clip_range           | 0.2         |
|    entropy_loss         | 1.18        |
|    explained_variance   | 0.498       |
|    learning_rate        | 5e-05       |
|    loss                 | 6.17        |
|    n_updates            | 3945        |
|    policy_gradient_loss | 0.00784     |
|    std                  | 0.134       |
|    value_loss           | 52.1        |
-----------------------------------------
----------------------------------------
| rollout/                |            |
|    ep_len_mean          | 1.19e+03   |
|    ep_rew_mean          | 139        |
| time/                   |            |
|    fps                  | 1573       |
|    iterations           | 91         |
|    time_elapsed         | 118        |
|    total_timesteps      | 1619968    |
| train/                  |            |
|    approx_kl            | 0.02827122 |
|    clip_fraction        | 0.136      |
|    clip_range           | 0.2        |
|    entropy_loss         | 1.18       |
|    explained_variance   | 0.72       |
|    learning_rate        | 5e-05      |
|    loss                 | 5.1        |
|    n_updates            | 3950       |
|    policy_gradient_loss | 0.00679    |
|    std                  | 0.134      |
|    value_loss           | 25.3       |
----------------------------------------
------------------------------------------
| rollout/                |              |
|    ep_len_mean          | 1.18e+03     |
|    ep_rew_mean          | 139          |
| time/                   |              |
|    fps                  | 1572         |
|    iterations           | 92           |
|    time_elapsed         | 119          |
|    total_timesteps      | 1622016      |
| train/                  |              |
|    approx_kl            | 0.0065523484 |
|    clip_fraction        | 0.0887       |
|    clip_range           | 0.2          |
|    entropy_loss         | 1.18         |
|    explained_variance   | 0.686        |
|    learning_rate        | 5e-05        |
|    loss                 | 0.843        |
|    n_updates            | 3955         |
|    policy_gradient_loss | 6.36e-05     |
|    std                  | 0.134        |
|    value_loss           | 95           |
------------------------------------------
-----------------------------------------
| rollout/                |             |
|    ep_len_mean          | 1.18e+03    |
|    ep_rew_mean          | 139         |
| time/                   |             |
|    fps                  | 1571        |
|    iterations           | 93          |
|    time_elapsed         | 121         |
|    total_timesteps      | 1624064     |
| train/                  |             |
|    approx_kl            | 0.004571096 |
|    clip_fraction        | 0.062       |
|    clip_range           | 0.2         |
|    entropy_loss         | 1.18        |
|    explained_variance   | 0.772       |
|    learning_rate        | 5e-05       |
|    loss                 | 56.8        |
|    n_updates            | 3960        |
|    policy_gradient_loss | 0.00121     |
|    std                  | 0.134       |
|    value_loss           | 94.8        |
-----------------------------------------
-----------------------------------------
| rollout/                |             |
|    ep_len_mean          | 1.17e+03    |
|    ep_rew_mean          | 141         |
| time/                   |             |
|    fps                  | 1573        |
|    iterations           | 94          |
|    time_elapsed         | 122         |
|    total_timesteps      | 1626112     |
| train/                  |             |
|    approx_kl            | 0.009611378 |
|    clip_fraction        | 0.0934      |
|    clip_range           | 0.2         |
|    entropy_loss         | 1.18        |
|    explained_variance   | 0.98        |
|    learning_rate        | 5e-05       |
|    loss                 | 1.13        |
|    n_updates            | 3965        |
|    policy_gradient_loss | 8.06e-05    |
|    std                  | 0.134       |
|    value_loss           | 1.29        |
-----------------------------------------
------------------------------------------
| rollout/                |              |
|    ep_len_mean          | 1.17e+03     |
|    ep_rew_mean          | 141          |
| time/                   |              |
|    fps                  | 1571         |
|    iterations           | 95           |
|    time_elapsed         | 123          |
|    total_timesteps      | 1628160      |
| train/                  |              |
|    approx_kl            | 0.0075923316 |
|    clip_fraction        | 0.0677       |
|    clip_range           | 0.2          |
|    entropy_loss         | 1.19         |
|    explained_variance   | 0.696        |
|    learning_rate        | 5e-05        |
|    loss                 | 0.731        |
|    n_updates            | 3970         |
|    policy_gradient_loss | -0.00215     |
|    std                  | 0.134        |
|    value_loss           | 164          |
------------------------------------------
-----------------------------------------
| rollout/                |             |
|    ep_len_mean          | 1.15e+03    |
|    ep_rew_mean          | 143         |
| time/                   |             |
|    fps                  | 1572        |
|    iterations           | 96          |
|    time_elapsed         | 125         |
|    total_timesteps      | 1630208     |
| train/                  |             |
|    approx_kl            | 0.011976751 |
|    clip_fraction        | 0.141       |
|    clip_range           | 0.2         |
|    entropy_loss         | 1.19        |
|    explained_variance   | 0.797       |
|    learning_rate        | 5e-05       |
|    loss                 | 0.942       |
|    n_updates            | 3975        |
|    policy_gradient_loss | 0.000853    |
|    std                  | 0.134       |
|    value_loss           | 42.8        |
-----------------------------------------
------------------------------------------
| rollout/                |              |
|    ep_len_mean          | 1.15e+03     |
|    ep_rew_mean          | 144          |
| time/                   |              |
|    fps                  | 1573         |
|    iterations           | 97           |
|    time_elapsed         | 126          |
|    total_timesteps      | 1632256      |
| train/                  |              |
|    approx_kl            | 0.0071205962 |
|    clip_fraction        | 0.119        |
|    clip_range           | 0.2          |
|    entropy_loss         | 1.19         |
|    explained_variance   | 0.708        |
|    learning_rate        | 5e-05        |
|    loss                 | 159          |
|    n_updates            | 3980         |
|    policy_gradient_loss | -0.000735    |
|    std                  | 0.134        |
|    value_loss           | 87.5         |
------------------------------------------
-----------------------------------------
| rollout/                |             |
|    ep_len_mean          | 1.15e+03    |
|    ep_rew_mean          | 145         |
| time/                   |             |
|    fps                  | 1574        |
|    iterations           | 98          |
|    time_elapsed         | 127         |
|    total_timesteps      | 1634304     |
| train/                  |             |
|    approx_kl            | 0.011565397 |
|    clip_fraction        | 0.0995      |
|    clip_range           | 0.2         |
|    entropy_loss         | 1.19        |
|    explained_variance   | 0.703       |
|    learning_rate        | 5e-05       |
|    loss                 | 3.62        |
|    n_updates            | 3985        |
|    policy_gradient_loss | -0.00225    |
|    std                  | 0.134       |
|    value_loss           | 97.8        |
-----------------------------------------
-----------------------------------------
| rollout/                |             |
|    ep_len_mean          | 1.15e+03    |
|    ep_rew_mean          | 145         |
| time/                   |             |
|    fps                  | 1573        |
|    iterations           | 99          |
|    time_elapsed         | 128         |
|    total_timesteps      | 1636352     |
| train/                  |             |
|    approx_kl            | 0.009298338 |
|    clip_fraction        | 0.0988      |
|    clip_range           | 0.2         |
|    entropy_loss         | 1.19        |
|    explained_variance   | 0.744       |
|    learning_rate        | 5e-05       |
|    loss                 | 0.205       |
|    n_updates            | 3990        |
|    policy_gradient_loss | -0.00202    |
|    std                  | 0.133       |
|    value_loss           | 96          |
-----------------------------------------
-----------------------------------------
| rollout/                |             |
|    ep_len_mean          | 1.15e+03    |
|    ep_rew_mean          | 144         |
| time/                   |             |
|    fps                  | 1572        |
|    iterations           | 100         |
|    time_elapsed         | 130         |
|    total_timesteps      | 1638400     |
| train/                  |             |
|    approx_kl            | 0.009330393 |
|    clip_fraction        | 0.0889      |
|    clip_range           | 0.2         |
|    entropy_loss         | 1.19        |
|    explained_variance   | 0.79        |
|    learning_rate        | 5e-05       |
|    loss                 | 100         |
|    n_updates            | 3995        |
|    policy_gradient_loss | 0.000433    |
|    std                  | 0.133       |
|    value_loss           | 63.8        |
-----------------------------------------

CP8 held-out: 45/50 hits (90.0%), mean miss 3.5 m, mean reward 153.21
STOP CONDITION: no joint improvement -- review gate before continuing.
outputs/evasive_zemtgo10_seed8/checkpoints/rl_checkpoint_08.zip: 266/300 hits (88.7%), median miss 3.7 m -> outputs/evasive_zemtgo10_seed8/eval300_cp8.json
