checkpoint,episode,total_timesteps,episode_reward,episode_length,outcome,min_range_m,final_time_s,legacy_episode_reward
1,1,7544,-8.422078132629395,1886,miss,1082.5343663056894,37.7200000000003,-100.16405236181464
1,2,8856,2.735563278198242,2214,miss,947.1481217314578,44.28000000000132,-101.1893516344709
1,3,9000,5.085931777954102,2250,timeout,698.8818701042014,45.000000000001435,-112.00137400261555
1,4,9000,-11.036795616149902,2250,timeout,1355.328893660134,45.000000000001435,-107.83567337617586
1,5,13124,-51.005123138427734,1395,miss,2984.225284473158,27.899999999999494,-115.7849714013613
1,6,15636,-29.03373908996582,1695,miss,1864.2930213893412,33.8999999999997,-118.19086308550868
1,7,16284,-26.412353515625,1821,miss,2041.526941229081,36.420000000000094,-117.3554653241362
1,8,16976,-41.791236877441406,1994,miss,2598.856385917277,39.880000000000635,-122.47227153882372
1,9,22124,17.379676818847656,2250,timeout,362.927402720485,45.000000000001435,-113.89360702746787
1,10,23848,1.5963668823242188,2053,miss,575.3391597750912,41.06000000000082,-136.6494958137397
1,11,24824,-8.0122709274292,2135,miss,1014.3356837606186,42.700000000001076,-106.11350944685198
1,12,25976,23.64632225036621,2250,timeout,101.95921858671592,45.000000000001435,-110.73772261575633
1,13,30124,-0.8770580291748047,2000,miss,884.6789732661117,40.000000000000654,-99.32343475693064
1,14,32468,8.724990844726562,1911,miss,443.6909065513132,38.220000000000375,-102.78103131276555
1,15,32848,-3.1017351150512695,2250,timeout,1023.7790407718709,45.000000000001435,-101.92922385613497
1,16,34828,10.610966682434082,2213,miss,544.8995094624767,44.26000000000132,-81.74944600608093
1,17,37360,-44.670806884765625,1809,miss,2635.728212781124,36.18000000000006,-86.19114829450523
1,18,40656,-9.038591384887695,1952,miss,840.5976739301501,39.040000000000504,-105.94964960566686
1,19,41468,25.27194595336914,2250,timeout,168.79541370013894,45.000000000001435,-121.44835471423623
1,20,42280,25.926090240478516,1863,miss,86.52274619824496,37.260000000000225,-92.16803293107634
1,21,44556,22.250816345214844,1799,miss,88.58125475469838,35.980000000000025,-95.98713252656754
1,22,48156,26.184513092041016,1875,miss,96.58364605713312,37.50000000000026,-63.35228701506824
1,23,50468,-2.472545623779297,2250,timeout,915.3541080773333,45.000000000001435,-78.33809477631056
1,24,51280,-38.70968246459961,2250,timeout,1872.7378857415877,45.000000000001435,-121.21555724389982
1,25,53556,-1.2913227081298828,2250,timeout,874.2224549086643,45.000000000001435,-79.29182399489228
1,26,55340,29.219167709350586,1796,miss,17.124011584283632,35.920000000000016,-79.50941576270205
1,27,58720,20.224777221679688,2063,miss,37.39025699479768,41.26000000000085,-98.12028906304299
1,28,60280,24.092716217041016,2250,timeout,10.975797293252128,45.000000000001435,-80.91698096957398
1,29,60636,23.941076278686523,1770,miss,13.439033362228503,35.399999999999935,-92.04403353062872
1,30,64340,11.085338592529297,2250,timeout,62.961128317753406,45.000000000001435,-80.97387657113802
1,31,67420,24.171846389770508,1785,miss,31.311652114898543,35.69999999999998,-85.22559789489515
1,32,67720,7.525104522705078,2250,timeout,30.639181289844622,45.000000000001435,-103.62293634551202
1,33,69636,25.16141128540039,2250,timeout,10.18903905881083,45.000000000001435,-76.43043995669746
1,34,70780,131.8772735595703,765,hit,4.850828649900637,15.299999999999763,155.73823621712913
1,35,72640,23.18198013305664,2075,miss,13.519307053381217,41.50000000000089,-93.50407364675726
1,36,74072,128.9422607421875,823,hit,3.502757636728928,16.459999999999738,155.26559465283827
1,37,76420,23.44978904724121,2250,timeout,17.38707153010058,45.000000000001435,-73.9942055263007
1,38,76888,24.592710494995117,1813,miss,9.40116598494864,36.26000000000007,-62.165396880568544
1,39,81264,20.97252082824707,1798,miss,6.270455949998833,35.96000000000002,-58.95421167042474
1,40,81640,11.97907829284668,2250,timeout,22.40456481438546,45.000000000001435,-87.06032427302031
1,41,84660,132.57188415527344,755,hit,4.1035373501263654,15.099999999999767,157.47428239267396
1,42,85420,10.826709747314453,2250,timeout,120.64162303766688,45.000000000001435,-97.59045005797472
1,43,85888,23.465538024902344,2250,timeout,5.646816780274786,45.000000000001435,-65.58517510515921
1,44,89048,23.72414207458496,1946,miss,9.029814151711854,38.920000000000485,-71.23291127877462
1,45,92968,18.29619598388672,1770,miss,19.98440147307202,35.399999999999935,-91.93823113923307
1,46,93660,12.940057754516602,2250,timeout,115.7608181499102,45.000000000001435,-70.31746276440933
1,47,94420,10.212226867675781,2250,timeout,26.991940934886653,45.000000000001435,-89.50595669221374
1,48,95876,23.296092987060547,1707,miss,9.233860161475999,34.13999999999974,-87.36800025503945
1,49,101968,-0.7837314605712891,2250,timeout,6.425294533036849,45.000000000001435,-81.83059497615216
1,50,102544,12.536951065063477,2031,miss,12.316627739832766,40.62000000000075,-92.396547797797
1,51,102660,17.74703598022461,2250,timeout,8.997641739632444,45.000000000001435,-102.19306966201523
1,52,104876,11.199237823486328,2250,timeout,24.90087670080183,45.000000000001435,-69.71489316179341
1,53,106208,126.80050659179688,1060,hit,4.617850595678212,21.199999999999637,154.01760802386877
1,54,110024,26.016998291015625,1870,miss,19.534557416738338,37.40000000000025,-72.94799620242577
1,55,110152,22.662036895751953,1873,miss,14.89785473240902,37.46000000000026,-77.0544801230516
1,56,113876,-0.48462677001953125,2250,timeout,11.014613476052094,45.000000000001435,-78.43864069318286
1,57,115208,10.688636779785156,2250,timeout,18.720092694226732,45.000000000001435,-74.71418716923012
1,58,117124,14.552900314331055,1775,miss,13.324042572164457,35.49999999999995,-91.75980113242011
1,59,119068,16.533544540405273,2229,miss,27.14002271933506,44.58000000000137,-95.87793269660418
1,60,122052,11.44559097290039,1711,miss,17.302648966117218,34.21999999999975,-95.68707811599603
1,61,122876,13.060457229614258,2250,timeout,5.649405020594382,45.000000000001435,-86.88563106445243
1,62,125856,13.09701919555664,2183,miss,25.660554720410563,43.660000000001226,-125.50879341271686
1,63,125868,24.371257781982422,1700,miss,21.705170361031165,33.999999999999716,-53.05591392741041
1,64,128248,126.84855651855469,1343,hit,4.688695921203846,26.859999999999516,158.1684344942133
1,65,129808,15.912643432617188,1939,miss,33.47463759204094,38.78000000000046,-87.94612512775294
1,66,133272,10.096296310424805,1851,miss,14.981426855260755,37.02000000000019,-91.02704828943942
1,67,134856,19.666528701782227,2250,timeout,17.841559094472778,45.000000000001435,-80.71008028486165
1,68,136212,16.02941131591797,1991,miss,15.967484154225623,39.820000000000626,-81.38289089180019
1,69,138416,15.679550170898438,2152,miss,15.345716947284329,43.04000000000113,-75.60949781134428
1,70,140532,118.00589752197266,1080,hit,4.955899112972543,21.59999999999963,147.02059155881983
1,71,141724,125.98653411865234,827,hit,4.948312056049353,16.539999999999736,153.05832389946175
1,72,142272,11.274370193481445,2250,timeout,6.583672162182938,45.000000000001435,-72.18322866037225
1,73,143856,-4.5188446044921875,2250,timeout,12.61024757668837,45.000000000001435,-86.9593967103196
1,74,147984,22.45857810974121,1863,miss,5.172707790224776,37.260000000000225,-80.52141271915836
1,75,149724,14.957021713256836,2000,miss,8.675728834814477,40.000000000000654,-76.43007605614622
1,76,149732,16.7374324798584,1865,miss,14.35850669743641,37.30000000000023,-61.73337429827908
1,77,151316,16.11022186279297,1865,miss,6.265958381075781,37.30000000000023,-72.37255082440318
1,78,155492,8.656108856201172,1877,miss,7.268873434019945,37.54000000000027,-103.83271507077421
1,79,157064,25.271944046020508,1835,miss,7.538432392531512,36.70000000000014,-75.9649529927309
1,80,158732,13.211784362792969,2250,timeout,20.618707799213094,45.000000000001435,-70.30927584113945
1,81,159020,3.962818145751953,1926,miss,30.212177262893892,38.52000000000042,-91.63779797966069
1,82,161376,123.31233978271484,661,hit,3.7747910140725596,13.219999999999807,150.3138840150669
1,83,163708,19.344491958618164,2054,miss,24.321100524915163,41.08000000000082,-90.7700913863078
1,84,164264,3.072662353515625,1800,miss,12.301083483196152,36.00000000000003,-73.16681382178862
1,85,166304,22.28373146057129,1821,miss,12.154407410686277,36.420000000000094,-70.09291122947235
1,86,170376,10.83110237121582,2250,timeout,10.717261421897799,45.000000000001435,-78.59618709903916
1,87,170600,15.872066497802734,1723,miss,8.675896409939291,34.45999999999979,-84.45700260941241
1,88,172940,8.701080322265625,2169,miss,5.527980028360042,43.38000000000118,-95.94742617975562
1,89,175304,12.306303024291992,2250,timeout,7.987694002803645,45.000000000001435,-83.97168980701444
1,90,175616,124.89427185058594,1310,hit,3.317561281589101,26.19999999999953,151.57314689718393
1,91,178356,124.13032531738281,1354,hit,4.86144888540625,27.07999999999951,149.39588342834475
1,92,179600,11.301280975341797,2250,timeout,8.019753358928858,45.000000000001435,-99.6368715957112
1,93,181984,13.468292236328125,1670,miss,14.28124828336558,33.39999999999962,-80.07724342280144
1,94,184616,-0.8482780456542969,2250,timeout,7.643678546944504,45.000000000001435,-79.32442887000494
1,95,185620,18.267253875732422,1816,miss,14.017908422565492,36.32000000000008,-88.38255667048432
1,96,186408,21.3774356842041,1702,miss,10.256332624388182,34.03999999999972,-76.93368319129807
1,97,188516,125.45631408691406,724,hit,3.842383611178519,14.47999999999978,150.70925862526164
1,98,189084,19.578857421875,1775,miss,6.758300619126909,35.49999999999995,-78.65681910059828
1,99,193296,12.338350296020508,1722,miss,5.365410305818327,34.439999999999785,-81.98583636816943
1,100,193616,15.610418319702148,2250,timeout,14.014585638089805,45.000000000001435,-69.89616511096172
1,101,195040,11.602516174316406,1631,miss,10.023535611295381,32.6199999999995,-91.44800651632556
1,102,196480,7.59814453125,1849,miss,14.99352472280645,36.98000000000018,-91.14581477996435
1,103,196976,134.74490356445312,920,hit,3.6954973888641907,18.399999999999697,165.634082896235
1,104,197088,132.66842651367188,868,hit,4.560818054141858,17.35999999999972,165.3939100501443
1,105,200484,131.4281768798828,877,hit,4.882452638946916,17.539999999999715,163.1907663172919
1,106,202848,13.520956039428711,1952,miss,5.971535340879302,39.040000000000504,-79.02477340464804
1,107,204096,18.240558624267578,1752,miss,20.79380011218171,35.03999999999988,-88.11681304024366
2,108,209768,127.2594985961914,1242,hit,3.9712998418710588,24.83999999999956,148.83312238164626
2,109,211956,26.16362190246582,1789,miss,8.214696346081514,35.779999999999994,-50.58435397751626
2,110,212632,126.90617370605469,716,hit,3.026514726880128,14.319999999999784,153.80746932040415
2,111,213800,7.321557998657227,2250,timeout,12.72495466118295,45.000000000001435,-65.14775531475583
2,112,213800,-4.087886810302734,2250,timeout,12.999488267212028,45.000000000001435,-86.14889964571002
2,113,217772,130.24974060058594,1285,hit,4.383143720723614,25.69999999999954,156.95076447467065
2,114,220956,12.71044921875,2250,timeout,5.089524055256205,45.000000000001435,-88.08160172405336
2,115,220988,19.38591194152832,1797,miss,8.974710283182782,35.94000000000002,-77.99716880145681
2,116,221080,12.247749328613281,1820,miss,14.127920677979134,36.40000000000009,-96.70255187893318
2,117,225256,19.80182456970215,1871,miss,7.217721000977655,37.42000000000025,-89.03946905910537
2,118,226356,118.34083557128906,1319,hit,4.919639165814958,26.379999999999526,139.51396841473618
2,119,229956,-0.6935606002807617,2250,timeout,19.015562632177105,45.000000000001435,-66.05440489233794
2,120,229988,0.3726043701171875,2250,timeout,7.562294710738697,45.000000000001435,-96.07354852349457
2,121,233780,135.304443359375,956,hit,4.804575384557293,19.11999999999968,162.25325722279456
2,122,234076,14.695829391479492,2205,miss,6.105265292447475,44.100000000001295,-67.44322843382508
2,123,235356,2.0101966857910156,2250,timeout,5.7857681137022565,45.000000000001435,-94.48620626730172
2,124,236040,132.05569458007812,1513,hit,4.616485251179759,30.259999999999444,153.67032031334435
2,125,238508,130.16629028320312,1182,hit,4.452744305143534,23.639999999999585,158.2749012348399
2,126,241336,9.666732788085938,1815,miss,22.996365864080193,36.300000000000075,-101.44674305409171
2,127,242444,14.860136032104492,1772,miss,13.854600244236,35.43999999999994,-84.3837380216115
2,128,244440,17.475730895996094,2100,miss,5.639003446669666,42.000000000000966,-76.70197974345285
2,129,247508,6.649972915649414,2250,timeout,8.589180684865559,45.000000000001435,-95.78250399485913
2,130,249148,13.325511932373047,1953,miss,8.79392530691299,39.06000000000051,-79.00092587684532
2,131,250920,25.451095581054688,1620,miss,8.70649982110816,32.399999999999466,-55.606170966059025
2,132,251444,14.035470962524414,2250,timeout,47.6127280993344,45.000000000001435,-94.44853229503983
2,133,256508,-2.1519851684570312,2250,timeout,9.941458848408358,45.000000000001435,-86.5100601065456
2,134,258148,14.207387924194336,2250,timeout,11.954122394443473,45.000000000001435,-78.36077000756802
2,135,259920,12.688364028930664,2250,timeout,10.507007551141667,45.000000000001435,-73.88132476120889
2,136,260444,6.011177062988281,2250,timeout,12.424603023177335,45.000000000001435,-107.67347025265097
2,137,265508,16.799448013305664,2250,timeout,7.61719596217282,45.000000000001435,-89.94540310051487
2,138,267016,15.438196182250977,1774,miss,15.557845411953643,35.47999999999995,-85.49721272264627
2,139,267148,7.251894950866699,2250,timeout,7.425568190376622,45.000000000001435,-64.59686923781635
2,140,268028,19.45810890197754,1896,miss,16.874315236950697,37.92000000000033,-74.96022538256399
2,141,271704,130.4492645263672,1172,hit,3.241662905871889,23.43999999999959,155.42032016319416
2,142,274316,9.690452575683594,2202,miss,9.424563032648416,44.040000000001285,-95.149922517678
2,143,274984,12.450984954833984,1739,miss,5.378175302958708,34.77999999999984,-100.13750329475464
2,144,276148,15.342565536499023,2250,timeout,10.203159635403857,45.000000000001435,-82.06738628208352
2,145,278252,133.01699829101562,817,hit,4.508841288250646,16.33999999999974,156.05108030682302
2,146,278424,23.029497146606445,1680,miss,9.372781528752181,33.59999999999965,-53.673385211676916
2,147,281680,17.862438201904297,1841,miss,11.883781026929563,36.82000000000016,-86.54188700772794
2,148,284040,0.7140617370605469,1973,miss,6.4134061783926075,39.46000000000057,-104.67877222193154
2,149,285700,5.031925201416016,1862,miss,24.528411280998775,37.24000000000022,-97.69316230700147
2,150,286688,124.46286010742188,1252,hit,4.6338540084343505,25.039999999999555,151.60509341711895
2,151,287424,3.1376571655273438,2250,timeout,10.298855194624942,45.000000000001435,-75.67737938175237
2,152,291072,122.97107696533203,1096,hit,4.906234453398032,21.91999999999962,144.53395126093733
2,153,293040,11.27606201171875,2250,timeout,9.293274479746437,45.000000000001435,-99.62105783422146
2,154,293388,9.95174789428711,1922,miss,20.235515929393728,38.44000000000041,-81.21774803843029
2,155,296424,20.72011947631836,2250,timeout,5.213413946086212,45.000000000001435,-80.59323615560513
2,156,300072,6.13885498046875,2250,timeout,12.274261044240522,45.000000000001435,-94.91981770785804
2,157,302040,2.0978832244873047,2250,timeout,7.006329663548737,45.000000000001435,-81.47940912949969
2,158,302388,9.686040878295898,2250,timeout,15.231110769397885,45.000000000001435,-84.22895442594412
2,159,304616,15.385992050170898,2048,miss,17.36108865387323,40.960000000000804,-90.96168555866666
2,160,305400,128.89678955078125,1332,hit,4.3651925058631695,26.63999999999952,157.14521996787082
2,161,309068,14.07150936126709,1670,miss,20.500968107650994,33.39999999999962,-59.50375909439961
2,162,309372,14.542436599731445,1833,miss,8.350769818684144,36.66000000000013,-67.40101104217592
2,163,313616,-4.6536865234375,2250,timeout,9.358817998957775,45.000000000001435,-83.34021008870437
2,164,314400,2.2037696838378906,2250,timeout,11.071376498398383,45.000000000001435,-83.97808164675635
2,165,318008,-1.7805252075195312,2235,miss,9.65855316948057,44.70000000000139,-104.87475396773198
2,166,318372,10.232372283935547,2250,timeout,9.985426018909232,45.000000000001435,-86.03054370811587
2,167,321372,11.019916534423828,1939,miss,9.822941925649252,38.78000000000046,-82.2226015877685
2,168,323400,1.5777969360351562,2250,timeout,14.234078447936222,45.000000000001435,-93.21321631134046
2,169,326064,126.22217559814453,666,hit,4.89269911642532,13.319999999999805,152.6261857618069
2,170,326692,8.855667114257812,2080,miss,36.016850225250465,41.600000000000904,-95.63487838534054
2,171,326984,123.14022827148438,1403,hit,4.942843408235262,28.05999999999949,146.02920410195236
2,172,327008,9.799171447753906,2250,timeout,8.565855647377015,45.000000000001435,-83.96883957895949
2,173,330316,129.6708984375,906,hit,4.5199031100589515,18.119999999999703,156.4404310623113
2,174,333976,13.305736541748047,1748,miss,13.993869381217051,34.959999999999866,-86.78357528199012
2,175,334964,129.89219665527344,1162,hit,3.274426717259302,23.239999999999593,155.26092167617787
2,176,335064,-4.2912492752075195,2250,timeout,16.643141594357672,45.000000000001435,-74.23054980002333
2,177,336008,-7.878379821777344,2250,timeout,16.132701408954354,45.000000000001435,-74.37719782666983
2,178,337724,126.13646697998047,690,hit,4.21642402876409,13.799999999999795,150.51588176568572
2,179,341160,9.997062683105469,1796,miss,5.29085106136521,35.920000000000016,-84.90230211506471
2,180,343828,15.739200592041016,1955,miss,20.000596465170357,39.10000000000051,-80.18586266439854
2,181,344064,5.197303771972656,2250,timeout,7.541249499919623,45.000000000001435,-102.78338452248832
2,182,344112,22.68336296081543,1597,miss,7.936196351897723,31.939999999999408,-54.95394060494504
2,183,349256,128.15550231933594,1357,hit,3.845089888340769,27.13999999999951,148.54303880470147
2,184,350160,7.952056884765625,2250,timeout,7.665420085127104,45.000000000001435,-95.9598054208227
2,185,350992,10.758447647094727,1720,miss,13.884961976210144,34.39999999999978,-71.37988753483
2,186,352404,8.969366073608398,2085,miss,6.8655810361524665,41.70000000000092,-78.4101140405042
2,187,356540,22.394319534301758,1821,miss,10.260312880477484,36.420000000000094,-70.3063883841205
2,188,356768,2.3112449645996094,1652,miss,7.05110979822219,33.039999999999566,-96.11497536478797
2,189,358280,13.264631271362305,1822,miss,13.82105266709523,36.4400000000001,-86.68979576446633
2,190,361404,13.142036437988281,2250,timeout,7.27847920342289,45.000000000001435,-108.23081627789293
2,191,362980,128.0486602783203,1175,hit,4.547240183179715,23.499999999999588,158.2702309684692
2,192,363996,-7.27297306060791,1864,miss,5.180195201196236,37.28000000000023,-69.54919836081106
2,193,364132,124.53939819335938,682,hit,1.6426638546691683,13.639999999999798,152.93493130297327
2,194,365768,8.32509994506836,2250,timeout,11.47748165172334,45.000000000001435,-92.27266670473563
2,195,368540,129.41758728027344,693,hit,3.800520545005441,13.859999999999793,150.5212625741893
2,196,370628,21.65175437927246,1624,miss,5.140583646684093,32.47999999999948,-51.77740430669712
2,197,371980,3.4973087310791016,2250,timeout,12.059541341011592,45.000000000001435,-64.97366810866262
2,198,372996,3.9200172424316406,2250,timeout,6.354859196003876,45.000000000001435,-98.64940484507368
2,199,373580,115.09632873535156,738,hit,4.274832895490551,14.759999999999774,149.09134376493145
2,200,377540,-7.1607513427734375,2250,timeout,15.887713862425391,45.000000000001435,-131.82123431636725
2,201,379316,23.62444305419922,1834,miss,13.691268812924287,36.680000000000135,-72.1505845523471
2,202,380432,13.333486557006836,1859,miss,19.76380275261582,37.18000000000021,-92.28287617608096
2,203,382580,17.611448287963867,2250,timeout,7.059570083641232,45.000000000001435,-67.3400448345759
2,204,385284,122.577392578125,676,hit,4.335723301900709,13.5199999999998,150.31440639912392
2,205,385988,-25.707489013671875,2112,miss,17.184487533155696,42.240000000001004,-102.20492436691643
2,206,388316,3.2080841064453125,2250,timeout,7.39553395031172,45.000000000001435,-97.1014924133471
2,207,389312,120.03675842285156,1007,hit,3.5519100095316087,20.13999999999966,146.4338776850325
2,208,389432,-1.2886104583740234,2250,timeout,7.23413693303665,45.000000000001435,-85.7643318390899
2,209,394988,-7.823753356933594,2250,timeout,6.54476499554978,45.000000000001435,-66.4263749696546
2,210,396196,15.08686637878418,1721,miss,6.069283484225686,34.41999999999978,-86.0226755311313
2,211,396940,17.457517623901367,1877,miss,11.10297660873692,37.54000000000027,-71.87377404464189
2,212,397316,11.550281524658203,2250,timeout,13.936129762999219,45.000000000001435,-73.9532360383217
2,213,403324,7.8025360107421875,1782,miss,11.424627907490148,35.63999999999997,-83.86954782183064
2,214,403968,7.508827209472656,2245,miss,9.24493418802244,44.90000000000142,-90.72231641906207
2,215,405272,2.4195194244384766,2083,miss,11.197478195139386,41.66000000000091,-82.22503359443371
2,216,405276,-11.15562629699707,1990,miss,7.093327986821921,39.80000000000062,-63.74617529392066
3,217,412796,131.24815368652344,799,hit,4.9155207462083785,15.979999999999748,157.27018881491736
3,218,413144,130.9535675048828,886,hit,4.234459198313277,17.71999999999971,160.0373190459118
3,219,413400,129.9752197265625,950,hit,4.188992399667813,18.999999999999684,155.2035010702499
3,220,415952,129.0827178955078,789,hit,2.6076648884584075,15.779999999999752,149.996371791112
3,221,418600,-20.83167266845703,2250,timeout,8.376800661838317,45.000000000001435,-89.62278469305076
3,222,420120,125.0133056640625,1042,hit,4.6672074005980795,20.839999999999645,152.7097346045124
3,223,421812,4.772342681884766,2167,miss,14.624006803245244,43.340000000001176,-80.85672762771519
3,224,422400,11.054553985595703,2250,timeout,11.832651802180905,45.000000000001435,-82.12458541228906
3,225,427344,3.3334808349609375,2186,miss,11.046455686562762,43.720000000001235,-92.87779110711125
3,226,429120,-10.110843658447266,2250,timeout,8.029836315797523,45.000000000001435,-89.53396013922934
3,227,429324,6.483989715576172,1878,miss,5.194847320091358,37.56000000000027,-96.00349481695602
3,228,431400,-4.559337615966797,2250,timeout,9.326563641789566,45.000000000001435,-70.67712812252014
3,229,436344,9.309991836547852,2250,timeout,5.7638327604175705,45.000000000001435,-86.10619848440874
3,230,436464,-0.07043075561523438,1836,miss,11.81671249856136,36.72000000000014,-98.55853165327521
3,231,436992,1.6975364685058594,1917,miss,15.14188938937494,38.340000000000394,-92.094366303829
3,232,440400,-8.937095642089844,2250,timeout,9.70946694080427,45.000000000001435,-69.13036857531807
3,233,443676,9.68937873840332,1833,miss,9.355815947032967,36.66000000000013,-68.44876394889847
3,234,444360,15.117523193359375,1842,miss,13.497449155576883,36.84000000000016,-83.73898794215775
3,235,445464,-1.4465065002441406,2250,timeout,11.99886977199379,45.000000000001435,-77.25916642793818
3,236,448140,-7.974159240722656,1935,miss,5.144757657881248,38.70000000000045,-81.93071217492559
3,237,448404,127.98152160644531,735,hit,4.890305920688273,14.699999999999775,155.5578380916064
3,238,448804,128.52647399902344,1111,hit,4.206432074929713,22.219999999999615,153.85068568752203
3,239,450708,21.160730361938477,1758,miss,9.210565767395286,35.1599999999999,-70.81204988299942
3,240,457140,1.316009521484375,2250,timeout,7.476308888345041,45.000000000001435,-102.75128947461872
3,241,457404,10.326444625854492,2250,timeout,10.723065778406452,45.000000000001435,-81.01789443197882
3,242,457804,23.627408981323242,2250,timeout,7.888878935896034,45.000000000001435,-60.96854419804816
3,243,459428,3.286468505859375,2180,miss,9.892602580698117,43.60000000000122,-87.00952743961642
3,244,460932,129.65521240234375,782,hit,3.6726148858278878,15.639999999999755,160.41194739585907
3,245,465244,13.822002410888672,2026,miss,8.75513793588193,40.520000000000735,-84.46862263207363
3,246,466404,-15.976417541503906,2250,timeout,16.71097301862993,45.000000000001435,-96.7571094503976
3,247,468064,2.86651611328125,2159,miss,7.5165396534360465,43.18000000000115,-85.85181501298821
3,248,469932,-23.727127075195312,2250,timeout,10.186658244060261,45.000000000001435,-78.41019533675696
3,249,471512,133.0111083984375,862,hit,2.333595155283523,17.23999999999972,159.14764312053893
3,250,474244,0.7760066986083984,2250,timeout,13.041865337889131,45.000000000001435,-69.11916127484967
3,251,474748,1.8917922973632812,2086,miss,9.160453548454287,41.72000000000092,-76.76703583976006
3,252,477312,129.67584228515625,767,hit,1.8863262765004862,15.339999999999762,153.43335657165417
3,253,478932,27.501678466796875,2250,timeout,5.94109854760313,45.000000000001435,-63.770672182642045
3,254,480512,8.560100555419922,2250,timeout,5.76545827080764,45.000000000001435,-64.87202222648236
3,255,483748,10.085426330566406,2250,timeout,6.988987662816413,45.000000000001435,-68.60184732047414
3,256,484792,19.555784225463867,1870,miss,6.382982856234412,37.40000000000025,-70.9692314064846
3,257,486508,127.9791259765625,690,hit,3.1429805513503917,13.799999999999795,153.28688352633003
3,258,486576,128.9705810546875,1516,hit,4.655261960472251,30.319999999999443,154.11740717834772
3,259,487932,-17.169208526611328,2250,timeout,14.149816808634494,45.000000000001435,-89.9344323322664
3,260,492980,27.22102165222168,1618,miss,101.24737625128937,32.35999999999946,-50.35770743937614
3,261,493792,-35.946929931640625,2250,timeout,15.983394000190549,45.000000000001435,-83.88574361627354
3,262,495576,-24.382854461669922,2250,timeout,7.755981040649785,45.000000000001435,-82.3222019366667
3,263,496540,128.2964630126953,687,hit,2.7993534829506386,13.739999999999796,151.69004069251432
3,264,496548,128.7135772705078,892,hit,4.659735355349428,17.83999999999971,153.581345326333
3,265,496932,2.594278335571289,2250,timeout,5.869007910610348,45.000000000001435,-67.95564836255176
3,266,501348,128.4124755859375,1200,hit,3.1249896301687397,23.999999999999577,153.27477122843766
3,267,501724,127.84781646728516,1537,hit,4.951097213220099,30.739999999999434,149.66789405390915
3,268,502016,126.89759826660156,1271,hit,4.408572343049056,25.419999999999547,153.96891732641353
3,269,505540,4.0006561279296875,2250,timeout,6.6467458774615915,45.000000000001435,-84.68754887292978
3,270,509680,113.46813201904297,2083,hit,3.317395180933758,41.66000000000091,137.81302739333302
3,271,510724,9.249834060668945,2250,timeout,9.731447910491301,45.000000000001435,-84.23290362423664
3,272,511016,-17.934284210205078,2250,timeout,8.225707463639617,45.000000000001435,-63.16174354959117
3,273,514232,134.17100524902344,877,hit,2.1898024333198176,17.539999999999715,163.01957438505136
3,274,514540,-4.551357269287109,2250,timeout,5.018475522246732,45.000000000001435,-105.86908184815822
3,275,517040,-0.7706947326660156,1840,miss,6.252732025122394,36.80000000000015,-85.19093069380261
3,276,520016,14.897205352783203,2250,timeout,5.985074074320213,45.000000000001435,-79.40329265184654
3,277,521712,120.38538360595703,1168,hit,2.0624136786937375,23.35999999999959,145.38169519181983
3,278,522796,12.311315536499023,2064,miss,7.945271907182323,41.280000000000854,-74.38930397938908
3,279,523232,-1.5225982666015625,2250,timeout,5.757124607463198,45.000000000001435,-77.66330431520934
3,280,526700,118.37415313720703,976,hit,3.657608107233457,19.519999999999673,146.02851846193187
3,281,529016,5.213069915771484,2250,timeout,13.025091725276807,45.000000000001435,-93.30707799820725
3,282,530396,136.10365295410156,924,hit,4.55101642872885,18.479999999999695,165.60057964435504
3,283,530712,1.8862113952636719,2250,timeout,6.820675658893968,45.000000000001435,-80.58075931557295
3,284,532232,6.257606506347656,2250,timeout,7.241043452541884,45.000000000001435,-72.44857259596316
3,285,534364,136.52090454101562,913,hit,3.3840206143396987,18.2599999999997,164.43793144319883
3,286,535696,133.67584228515625,866,hit,3.3584027335388633,17.31999999999972,158.1979782409635
3,287,538016,-3.0855140686035156,2250,timeout,9.856485318158816,45.000000000001435,-78.2795586880989
3,288,538564,126.8395004272461,717,hit,1.5815967571506433,14.339999999999783,150.23549559333145
3,289,539396,2.13800048828125,2250,timeout,6.122378965432484,45.000000000001435,-62.098511046496874
3,290,541332,-16.004215240478516,1742,miss,5.227791767762857,34.83999999999985,-81.81636097201279
3,291,541748,133.46578979492188,933,hit,3.402916301701791,18.65999999999969,159.99774093689075
3,292,542716,129.2998046875,1038,hit,4.875999353780845,20.759999999999646,154.8521147031837
3,293,545000,132.608154296875,813,hit,3.508287128098405,16.259999999999742,156.31172740154085
3,294,548396,-11.709945678710938,2250,timeout,8.168394994852159,45.000000000001435,-83.70201079700844
3,295,549236,20.582868576049805,1976,miss,6.618368418713422,39.52000000000058,-62.05069951960234
3,296,549920,19.50506591796875,1801,miss,7.43069201659129,36.02000000000003,-50.93675744136181
3,297,554000,11.629135131835938,2250,timeout,8.270313380523994,45.000000000001435,-79.51261332449016
3,298,557396,-21.506507873535156,2250,timeout,9.738139124119517,45.000000000001435,-84.07954548278131
3,299,558236,9.39238166809082,2250,timeout,17.84892678824014,45.000000000001435,-76.7747100368571
3,300,558880,-6.170951843261719,2240,miss,20.951806542218502,44.800000000001404,-98.56615891996074
3,301,561212,130.67745971679688,744,hit,4.809928075570635,14.879999999999772,154.35243786246212
3,302,562480,125.91142272949219,1271,hit,4.836612940247364,25.419999999999547,152.53629675368643
3,303,563000,-9.639965057373047,2250,timeout,6.148090502962769,45.000000000001435,-85.41571194083396
3,304,566440,128.9696044921875,860,hit,2.3330043711991992,17.199999999999722,160.6594835733077
3,305,567880,-5.555629730224609,2250,timeout,13.534210035934612,45.000000000001435,-64.06481256740125
3,306,569100,-0.7888450622558594,1655,miss,6.46670937581235,33.099999999999575,-69.99216280296399
3,307,570212,2.1829986572265625,2250,timeout,7.8979052039163085,45.000000000001435,-73.1821736690354
3,308,575440,-1.5968513488769531,2250,timeout,7.741382632619849,45.000000000001435,-83.474820921206
3,309,576080,-17.85176658630371,2050,miss,6.656769725149795,41.00000000000081,-73.52714937344965
3,310,578100,-34.41923522949219,2250,timeout,10.030873946897323,45.000000000001435,-100.36494276260834
3,311,579212,-10.585983276367188,2250,timeout,13.689915824885102,45.000000000001435,-64.1971606598612
3,312,584440,7.7659454345703125,2250,timeout,5.879390039995112,45.000000000001435,-90.82440109528508
3,313,585080,-39.52727508544922,2250,timeout,7.007732527192323,45.000000000001435,-90.8390372690187
3,314,587100,-22.784069061279297,2250,timeout,7.395177263026843,45.000000000001435,-90.51499415716263
3,315,588056,128.18833923339844,744,hit,2.616336685662286,14.879999999999772,155.01441517900713
3,316,588212,-1.7355117797851562,2250,timeout,9.01613169719903,45.000000000001435,-99.64356897240428
3,317,589776,121.140380859375,669,hit,3.983894324547148,13.379999999999804,150.00921921006287
3,318,591296,129.13336181640625,771,hit,3.273426922158773,15.41999999999976,156.05568596762558
3,319,592928,127.52132415771484,788,hit,4.686468678266209,15.759999999999753,156.9465520227244
3,320,593440,-3.500507354736328,2250,timeout,18.147951062969483,45.000000000001435,-90.15659150586599
3,321,595548,2.008333206176758,1873,miss,8.14171026242506,37.46000000000026,-67.93046032140697
3,322,596068,128.1692657470703,785,hit,1.7589373178914587,15.699999999999754,155.08523927661687
3,323,600296,6.999475479125977,2250,timeout,11.800442923813675,45.000000000001435,-77.535013051708
3,324,602440,3.6969146728515625,2250,timeout,9.891064692106424,45.000000000001435,-68.45552698371915
3,325,604548,-20.469409942626953,2250,timeout,12.389429796457748,45.000000000001435,-86.96854420197984
3,326,605068,-17.68384552001953,2250,timeout,7.263777386411623,45.000000000001435,-88.82947906956629
3,327,605368,126.5193862915039,732,hit,4.430140787771769,14.639999999999777,157.35179466024113
3,328,607888,131.30433654785156,835,hit,3.0627802002393247,16.699999999999733,164.23679619402375
3,329,608380,131.7512969970703,828,hit,3.1062694901736254,16.559999999999736,156.48964827153975
3,330,609296,-29.749765396118164,2250,timeout,5.112086977302982,45.000000000001435,-83.84142032704543
3,331,611772,124.12928771972656,971,hit,4.770125219995519,19.419999999999675,152.0587343273541
3,332,612272,128.90652465820312,973,hit,4.921710951220856,19.459999999999674,157.84206544687922
3,333,613444,2.4707603454589844,2019,miss,7.144699111620771,40.38000000000071,-66.02579344171548
4,334,617204,127.01832580566406,701,hit,3.5243490564013364,14.01999999999979,149.46777009420435
4,335,617396,127.60813903808594,749,hit,2.6041620293219783,14.97999999999977,152.13926511358193
4,336,617924,128.6873779296875,881,hit,4.3378685583747165,17.619999999999713,155.66992653478212
4,337,623400,-5.59149169921875,2250,timeout,15.277062175742435,45.000000000001435,-77.48544651048024
4,338,625980,-6.553169250488281,2194,miss,7.077394826613432,43.88000000000126,-105.39836521166072
4,339,626396,-6.659976959228516,2250,timeout,7.851689285320082,45.000000000001435,-104.3402095176742
4,340,626924,-9.599956512451172,2250,timeout,25.036913221870066,45.000000000001435,-71.59068378181814
4,341,632400,8.416934967041016,2250,timeout,5.049470460043121,45.000000000001435,-68.86227994545307
4,342,634980,-14.56298828125,2250,timeout,13.205904997318449,45.000000000001435,-74.6510748044537
4,343,635076,-8.394264221191406,2170,miss,9.265088125401764,43.400000000001185,-101.94174768081253
4,344,635448,127.1860580444336,762,hit,1.9451577634453026,15.239999999999764,155.16820549674728
4,345,635924,-8.373241424560547,2250,timeout,5.138582720599618,45.000000000001435,-104.36288037487114
4,346,639236,129.0696563720703,1040,hit,4.359669777518774,20.799999999999645,153.6626628619978
4,347,639596,125.29558563232422,1154,hit,4.763719273772813,23.079999999999597,143.4506675779214
4,348,642656,131.14349365234375,765,hit,3.774287972053233,15.299999999999763,159.26285639249932
4,349,644448,-5.7822265625,2250,timeout,28.74968399859319,45.000000000001435,-81.61022695014634
4,350,644924,-18.349586486816406,2250,timeout,12.323752614508301,45.000000000001435,-84.40775346298875
4,351,648236,-16.93869400024414,2250,timeout,12.14562364418464,45.000000000001435,-107.81576826964921
4,352,651656,5.360296249389648,2250,timeout,5.297122031443791,45.000000000001435,-80.98912990133493
4,353,652928,128.65252685546875,1173,hit,2.592416168671866,23.45999999999959,160.27719048513484
4,354,653448,11.559368133544922,2250,timeout,7.189162571825053,45.000000000001435,-84.98785672872508
4,355,653644,-9.445133209228516,2180,miss,9.44661420423347,43.60000000000122,-80.12837154487758
4,356,656612,131.78720092773438,791,hit,4.8144704995277445,15.819999999999752,160.46691007279517
4,357,656872,132.89735412597656,807,hit,1.3963242810871843,16.139999999999745,159.953346096261
4,358,659824,127.25048828125,738,hit,3.5293290390742387,14.759999999999774,149.83249798419865
4,359,660656,-3.608898162841797,2250,timeout,6.072635215957675,45.000000000001435,-82.39456055562243
4,360,661928,-32.30746078491211,2250,timeout,13.504025775300004,45.000000000001435,-98.3558285948305
4,361,662924,125.71198272705078,1578,hit,4.999276087690398,31.559999999999416,145.55028809594722
4,362,664872,125.77134704589844,1262,hit,4.086325457210699,25.23999999999955,148.41893307111627
4,363,665236,133.0407257080078,827,hit,1.6150831544954174,16.539999999999736,159.42425617904314
4,364,666092,131.32034301757812,792,hit,2.87681557809467,15.839999999999751,157.96766240083076
4,365,667584,127.27433776855469,678,hit,1.6875172717209177,13.5599999999998,151.69198933501394
4,366,668616,130.02317810058594,845,hit,4.293500742611806,16.89999999999973,158.19962505093096
4,367,669656,14.06624984741211,2250,timeout,6.2894457353484405,45.000000000001435,-76.53956636850359
4,368,675092,10.618123054504395,2250,timeout,5.07385297076603,45.000000000001435,-63.87683483026429
4,369,676584,-14.00357437133789,2250,timeout,19.091459450605377,45.000000000001435,-85.78296259320474
4,370,677616,-17.176677703857422,2250,timeout,5.20463967551111,45.000000000001435,-71.13901964085746
4,371,678428,132.28564453125,834,hit,3.4613093594064526,16.679999999999733,159.59977713333228
4,372,678656,-0.7352142333984375,2250,timeout,11.279798600370626,45.000000000001435,-94.216425197077
4,373,680732,128.8787384033203,779,hit,3.1918961139888418,15.579999999999757,154.0169835888398
4,374,683380,124.51219940185547,1238,hit,3.4770545835934175,24.75999999999956,146.29757155404786
4,375,685584,-14.885311126708984,2250,timeout,6.558868979733009,45.000000000001435,-102.69187043258204
4,376,687656,-1.1741294860839844,2250,timeout,5.815488414545557,45.000000000001435,-82.68022111473954
4,377,688404,124.14112854003906,705,hit,4.079789569747222,14.099999999999788,151.3242857150262
4,378,689732,-5.675815582275391,2250,timeout,7.502549674155938,45.000000000001435,-85.61113792805742
4,379,691576,130.70101928710938,980,hit,3.1078060834255927,19.59999999999967,155.83114081360023
4,380,692380,-16.897098541259766,2250,timeout,18.677663309069136,45.000000000001435,-87.29258244806566
4,381,693296,134.9066925048828,891,hit,2.8290793458260333,17.81999999999971,162.12678206703282
4,382,697404,-6.579475402832031,2250,timeout,8.790328125426576,45.000000000001435,-93.52980061869832
4,383,697680,108.15716552734375,1325,hit,3.5257181821473065,26.499999999999524,139.32461782593197
4,384,700412,129.05792236328125,752,hit,4.664319906242723,15.039999999999768,155.33747543488195
4,385,700436,-0.9231376647949219,2215,miss,10.65489431988591,44.300000000001326,-95.82599378399001
4,386,700740,129.1453857421875,765,hit,2.350369626149823,15.299999999999763,157.7197617271599
4,387,702296,-6.163665771484375,2250,timeout,9.214771144005782,45.000000000001435,-104.96855589432519
4,388,705012,127.41265106201172,1150,hit,2.882370514295708,22.9999999999996,150.18422637293702
4,389,707936,-24.38457489013672,1875,miss,5.02216484812762,37.50000000000026,-84.97616765743845
4,390,709740,-8.796802520751953,2250,timeout,5.0390950169979245,45.000000000001435,-86.68348173821198
4,391,711296,-7.125244140625,2250,timeout,11.228985036476775,45.000000000001435,-101.21836680083159
4,392,713064,133.56765747070312,831,hit,4.977873919678253,16.619999999999735,157.21118619060627
4,393,714012,-10.798015594482422,2250,timeout,8.913197442213322,45.000000000001435,-73.7986268652347
4,394,715568,123.97801208496094,626,hit,3.985304770684701,12.519999999999822,151.33531230097742
4,395,716936,-32.185054779052734,2250,timeout,10.06478738895091,45.000000000001435,-96.86290042596971
4,396,717692,136.2628173828125,920,hit,4.866794974448864,18.399999999999697,164.1178622470788
4,397,720296,-4.326454162597656,2250,timeout,6.022715462534228,45.000000000001435,-89.54831501555273
4,398,722348,130.0550079345703,1353,hit,4.838360305584905,27.059999999999512,152.88021479633795
4,399,723112,124.9690933227539,704,hit,3.746968450931795,14.079999999999789,155.6980581913132
4,400,724568,19.270185470581055,2250,timeout,5.256835241364954,45.000000000001435,-71.1486932212627
4,401,726692,11.39437484741211,2250,timeout,10.958123944924775,45.000000000001435,-72.11507599773866
4,402,727616,125.83871459960938,1317,hit,3.106898136472986,26.339999999999527,148.72932503885647
4,403,731632,103.72002410888672,2130,hit,3.3276852028159873,42.60000000000106,125.11828651587325
4,404,732072,130.95333862304688,1345,hit,4.937653098501127,26.899999999999515,154.32336650374177
4,405,732660,2.5940141677856445,2023,miss,5.225769886920675,40.460000000000726,-68.93225594388088
4,406,735144,132.85121154785156,768,hit,2.6709911213770563,15.359999999999761,160.05701650602876
4,407,735948,-11.060489654541016,2083,miss,5.867975401389123,41.66000000000091,-77.47125576138436
4,408,736100,132.616455078125,1117,hit,4.5086719737673695,22.339999999999613,155.90850395076913
4,409,741660,2.6152801513671875,2250,timeout,7.3936668420672795,45.000000000001435,-88.73454054176983
4,410,742572,126.42339324951172,1618,hit,4.806574684949852,32.35999999999946,152.07129183824367
4,411,744144,-13.476364135742188,2250,timeout,5.222471958590804,45.000000000001435,-94.89191546745367
4,412,744948,7.293193817138672,2250,timeout,6.708616037597487,45.000000000001435,-78.61613659860484
4,413,747108,131.69837951660156,1362,hit,2.649021641907802,27.239999999999508,158.50168722555645
4,414,748292,130.75238037109375,1037,hit,3.262559190452953,20.739999999999647,153.44311911787634
4,415,749972,130.5513458251953,1256,hit,4.029634091708239,25.119999999999553,150.20146227430953
4,416,750964,132.99261474609375,964,hit,1.7186725717203417,19.279999999999678,161.52403628718264
4,417,751180,121.463623046875,722,hit,4.310052906062954,14.439999999999781,151.74976915200762
4,418,751572,-37.60270309448242,2250,timeout,13.561173698582069,45.000000000001435,-85.00255403220169
4,419,753084,122.62064361572266,778,hit,2.8749695743220105,15.559999999999757,151.95353618451003
4,420,755320,134.72547912597656,937,hit,3.202612698293948,18.73999999999969,164.76160803308025
4,421,759308,134.1772918701172,997,hit,3.829603308948686,19.939999999999664,165.04929009902878
4,422,759964,-6.979450225830078,2250,timeout,5.3082173515865705,45.000000000001435,-106.05665755378082
4,423,760180,3.971303939819336,2250,timeout,5.433318084272451,45.000000000001435,-71.47089067774041
4,424,762084,2.853984832763672,2250,timeout,5.118050071500702,45.000000000001435,-87.54264181272015
4,425,763660,134.6424102783203,870,hit,2.7344168365397645,17.399999999999718,160.76437050704558
4,426,766756,124.98355865478516,1168,hit,3.9963469811269703,23.35999999999959,152.16733586705874
4,427,767996,-19.231990814208984,2172,miss,12.330189884517344,43.44000000000119,-83.34818866128205
4,428,768904,-5.367271423339844,2235,miss,9.818716343142771,44.70000000000139,-103.44080203608921
4,429,770360,133.8004150390625,901,hit,4.201900669507383,18.019999999999705,162.8504777315822
4,430,772368,133.92617797851562,866,hit,3.6784812208236883,17.31999999999972,160.30782064613226
4,431,772660,-48.86745071411133,2250,timeout,8.998818320794513,45.000000000001435,-82.93513331273786
4,432,775404,130.77194213867188,759,hit,4.432172158739233,15.179999999999765,158.29380956342726
4,433,776492,5.121929168701172,2124,miss,7.783420185487823,42.48000000000104,-85.416692142827
4,434,777464,129.82518005371094,1201,hit,4.405426718357027,24.019999999999577,154.8283538605449
4,435,779360,-1.4766845703125,2250,timeout,6.636419278897235,45.000000000001435,-98.90573233108185
4,436,782500,131.02542114257812,785,hit,4.787646855237636,15.699999999999754,154.64754284788114
4,437,782540,121.63693237304688,1269,hit,4.44093732726741,25.379999999999548,144.0122412861404
4,438,784252,-2.5981216430664062,2212,miss,7.171437148558518,44.24000000000132,-101.22063899497876
4,439,785492,-35.81943893432617,2250,timeout,7.6222967636772045,45.000000000001435,-78.71034975262587
4,440,786732,130.48011779785156,1058,hit,4.336610670791291,21.159999999999638,159.25500714804446
4,441,787344,132.75088500976562,773,hit,3.7484947645216824,15.45999999999976,162.86293090627325
4,442,787912,125.81314086914062,1343,hit,3.6215594695954594,26.859999999999516,152.83731548212663
4,443,792652,126.9969482421875,1327,hit,3.8345850448016288,26.539999999999523,150.311080632962
4,444,792880,-13.72453498840332,1537,miss,8.683935015790206,30.739999999999434,-66.12982981392261
4,445,794492,-25.780548095703125,2250,timeout,9.668178842387473,45.000000000001435,-79.13339422017569
4,446,795792,128.40646362304688,785,hit,4.1968216812397445,15.699999999999754,153.92138193873055
4,447,796912,-18.92611312866211,2250,timeout,8.795037413403485,45.000000000001435,-83.63207877635504
4,448,797024,121.318603515625,1036,hit,4.863196422748605,20.719999999999647,153.5787384790803
4,449,797532,124.73278045654297,760,hit,4.650035294669355,15.199999999999765,157.1976939045341
4,450,804792,-4.386432647705078,2250,timeout,10.945202591663575,45.000000000001435,-103.0126667221998
4,451,805912,0.427764892578125,2250,timeout,9.710686415401565,45.000000000001435,-67.86188592756852
4,452,806024,0.08216094970703125,2250,timeout,8.743885549800689,45.000000000001435,-87.14865117430892
4,453,806532,-32.87340545654297,2250,timeout,12.553003772550378,45.000000000001435,-86.95300897451372
4,454,809220,127.08611297607422,1107,hit,4.608593791271313,22.139999999999617,157.86686044299208
4,455,809448,133.00189208984375,856,hit,3.879371865311817,17.119999999999724,163.90349904883658
4,456,811904,122.8244400024414,671,hit,4.983944234946587,13.419999999999803,149.96314933260004
4,457,812628,131.50328063964844,795,hit,3.048087668227842,15.89999999999975,158.18551720974455
4,458,814904,127.40379333496094,750,hit,4.432776391771615,14.999999999999769,155.29821641213266
4,459,814912,-15.999202728271484,2250,timeout,18.411170744778207,45.000000000001435,-91.33713017764585
4,460,814960,-11.571056365966797,2107,miss,7.022796727797958,42.14000000000099,-93.30826073876362
5,461,824924,125.3397445678711,1431,hit,4.548914461302226,28.61999999999948,155.48852438068624
5,462,827620,118.72645568847656,674,hit,2.5151015421160805,13.479999999999801,154.0856082939331
5,463,828200,-14.249217987060547,2250,timeout,16.78892462910575,45.000000000001435,-109.60832805021819
5,464,828200,-26.791507720947266,2250,timeout,7.008769491917226,45.000000000001435,-121.19387642285355
5,465,828200,-21.646549224853516,2250,timeout,5.089255303587549,45.000000000001435,-86.24509817163133
5,466,831156,128.52394104003906,739,hit,1.5378080424891427,14.779999999999774,152.71084946184243
5,467,831736,133.63836669921875,884,hit,2.2717763998362077,17.679999999999712,163.933659032964
5,468,836620,-22.08633804321289,2250,timeout,16.87326773049931,45.000000000001435,-80.91179658321205
5,469,837200,-50.81161117553711,2250,timeout,12.10230057855858,45.000000000001435,-75.7715821526773
5,470,838732,3.356159210205078,1894,miss,5.107283996308413,37.88000000000032,-69.92449494912788
5,471,840516,-7.38751220703125,2195,miss,15.306560896336524,43.90000000000126,-97.57880244867545
5,472,844028,132.17526245117188,878,hit,3.7148642075284326,17.559999999999715,161.98395921263239
5,473,845620,-27.74969482421875,2250,timeout,8.816909940145536,45.000000000001435,-81.68414044524457
5,474,846200,-1.7258224487304688,2250,timeout,6.110355493864578,45.000000000001435,-85.59074770553578
5,475,847476,0.394683837890625,2186,miss,8.41188504879849,43.720000000001235,-69.78168572399379
5,476,848632,121.94327545166016,1151,hit,3.7496951667318927,23.019999999999598,152.74449265760663
5,477,849404,129.94515991210938,946,hit,3.2910660894585257,18.919999999999686,156.63912635202593
5,478,851208,133.03970336914062,933,hit,2.6419710560545826,18.65999999999969,165.01412632203915
5,479,854444,132.38400268554688,809,hit,4.397355191368954,16.179999999999744,160.22572782737228
5,480,855200,-21.444286346435547,2250,timeout,5.9776724098374,45.000000000001435,-74.65530906746268
5,481,857380,106.21297454833984,2187,hit,2.8551915424024794,43.74000000000124,123.1668449713983
5,482,858404,3.6964187622070312,2250,timeout,10.142770857858528,45.000000000001435,-74.36608429653722
5,483,858876,132.56832885742188,919,hit,4.527699297018874,18.379999999999697,164.90199441184137
5,484,863260,128.8874053955078,1096,hit,4.514860141761877,21.91999999999962,158.4934500934747
5,485,863444,-18.529319763183594,2250,timeout,9.87003735921471,45.000000000001435,-103.65916777784619
5,486,866380,21.174564361572266,2250,timeout,10.867186889381811,45.000000000001435,-66.3416088132517
5,487,867404,3.9122390747070312,2250,timeout,10.060255682619193,45.000000000001435,-73.70997077800172
5,488,870728,132.04843139648438,1087,hit,3.331943081992219,21.739999999999625,161.64833695286345
5,489,870824,-8.533220291137695,1891,miss,6.547101678855361,37.82000000000031,-77.85255241977866
5,490,872444,-26.09036636352539,2250,timeout,18.825629692223806,45.000000000001435,-102.137590935905
5,491,873872,127.24424743652344,762,hit,3.799881988879918,15.239999999999764,157.4364697591126
5,492,876156,134.56007385253906,928,hit,3.5160978504547624,18.559999999999693,162.7796834652856
5,493,876404,-16.485374450683594,2250,timeout,5.637601641530812,45.000000000001435,-73.36926141478243
5,494,877660,133.71731567382812,947,hit,2.4554257619884874,18.939999999999685,162.24141095583533
5,495,879728,-51.89198303222656,2250,timeout,7.064497887869029,45.000000000001435,-81.8972417753229
5,496,882468,128.5255584716797,1202,hit,3.1915084892297685,24.039999999999576,153.88767701374965
5,497,883536,-15.044681549072266,1845,miss,7.491376148272161,36.90000000000017,-80.1607303567595
5,498,884368,121.08302307128906,1160,hit,3.5977406766435847,23.199999999999594,145.25683107437428
5,499,885136,123.81156921386719,667,hit,3.2900811275943664,13.339999999999804,151.85915609772186
5,500,885404,-14.076244354248047,2250,miss,8.977089290915616,45.000000000001435,-105.5233751182689
5,501,886248,125.85661315917969,678,hit,3.752498498349703,13.5599999999998,154.76806986538
5,502,888452,127.76066589355469,762,hit,2.1652080916894247,15.239999999999764,156.4061260794465
5,503,892060,134.1756591796875,902,hit,4.311970023292422,18.039999999999704,166.379602229822
5,504,893368,-1.6008033752441406,2250,timeout,6.452881960087402,45.000000000001435,-74.8781012922004
5,505,894136,-36.376708984375,2250,timeout,5.7206881631189,45.000000000001435,-77.59826730827967
5,506,895248,-8.775341033935547,2250,timeout,8.098897097832834,45.000000000001435,-75.28167479647236
5,507,895280,132.23745727539062,805,hit,3.5033768316141414,16.099999999999746,161.74890493445523
5,508,897388,127.263916015625,1005,hit,4.895029288360054,20.09999999999966,152.85535321836997
5,509,903044,13.94125747680664,1949,miss,11.027298955001806,38.980000000000494,-65.65634125254348
5,510,903136,1.7609710693359375,2250,timeout,6.218210222424217,45.000000000001435,-93.2383970553526
5,511,904280,7.881927490234375,2250,timeout,5.625704520525466,45.000000000001435,-83.71926701158574
5,512,906388,-0.30938720703125,2250,timeout,7.887406861942543,45.000000000001435,-72.41691539810358
5,513,907320,129.6277313232422,760,hit,2.747337861164167,15.199999999999765,153.45686484037284
5,514,911612,128.05747985839844,1073,hit,4.319429468882429,21.45999999999963,146.6704992598577
5,515,912044,-1.5016212463378906,2250,timeout,7.164317641761413,45.000000000001435,-97.25917329844029
5,516,912136,-4.974002838134766,2250,timeout,5.593191250341371,45.000000000001435,-99.5297616471776
5,517,914976,132.725341796875,841,hit,4.979796470559257,16.81999999999973,161.53084615762765
5,518,915388,-16.395336151123047,2250,timeout,17.622287603468727,45.000000000001435,-71.00115849949496
5,519,918208,126.98171997070312,705,hit,2.0488636617884546,14.099999999999788,157.49981966348773
5,520,920744,-3.8550796508789062,2152,miss,7.8843157156948624,43.04000000000113,-94.59015556995635
5,521,920832,-15.769390106201172,2197,miss,8.082215441969957,43.94000000000127,-95.16116265937397
5,522,923976,23.063344955444336,2250,timeout,6.724205377562559,45.000000000001435,-79.84198744608855
5,523,927208,-5.0412445068359375,2250,timeout,9.332858242757322,45.000000000001435,-91.2544138650411
5,524,927864,133.35899353027344,972,hit,2.9022326287116123,19.439999999999674,162.5321308491424
5,525,929744,6.931637763977051,2250,timeout,5.639137410704422,45.000000000001435,-87.97955589751692
5,526,929832,-2.10455322265625,2250,timeout,6.827332760460903,45.000000000001435,-91.97966198282266
5,527,930776,122.67552185058594,728,hit,3.133150351024851,14.559999999999778,153.87933556064496
5,528,933892,131.5294189453125,779,hit,2.8046260309549402,15.579999999999757,154.96270850728277
5,529,934308,130.0470733642578,1119,hit,2.927812901941908,22.37999999999961,153.95603456852845
5,530,934904,132.2777099609375,1290,hit,3.850877930649206,25.79999999999954,154.84509137543066
5,531,936208,-14.309452056884766,2250,timeout,15.150596165754807,45.000000000001435,-76.51111694931797
5,532,936668,125.42146301269531,694,hit,1.3907122095005426,13.879999999999793,150.57042111482514
5,533,938424,124.22732543945312,1029,hit,3.1103581183753284,20.57999999999965,150.28162650383896
5,534,939400,120.51167297363281,683,hit,4.53591820706235,13.659999999999798,153.2086410469037
5,535,942576,132.97787475585938,794,hit,2.686704604848669,15.87999999999975,160.46393413189395
5,536,943904,-14.068840026855469,2250,timeout,6.0787682382441375,45.000000000001435,-112.57931275776366
5,537,945208,6.473110198974609,2250,timeout,6.914360004423189,45.000000000001435,-65.91659545430211
5,538,947424,21.595256805419922,2250,timeout,5.408636653887385,45.000000000001435,-87.91577143999528
5,539,949276,115.69127655029297,1343,hit,2.7798245907292034,26.859999999999516,138.54362988432786
5,540,950720,128.18505859375,824,hit,2.975234408258414,16.479999999999738,155.40089635905215
5,541,951576,-35.312931060791016,2250,timeout,6.404875514855073,45.000000000001435,-82.85521524847982
5,542,953568,124.89336395263672,712,hit,4.345681139802356,14.239999999999785,158.03145860793356
5,543,954208,-25.623157501220703,2250,timeout,5.3275462849957345,45.000000000001435,-87.15185621961302
5,544,956944,13.031440734863281,1917,miss,7.885329867274191,38.340000000000394,-69.34958988905552
5,545,960576,23.133066177368164,2250,timeout,10.992158242893328,45.000000000001435,-71.18100680055127
5,546,960708,133.4561004638672,941,hit,4.204988052885372,18.819999999999688,165.35794289242557
5,547,962568,-16.302757263183594,2250,timeout,10.222053320157588,45.000000000001435,-67.1916593476722
5,548,963208,-18.690799713134766,2250,timeout,7.76971560796544,45.000000000001435,-83.66608152083582
5,549,964320,134.7733612060547,903,hit,0.9015489282719685,18.059999999999704,161.5484154476294
5,550,966168,131.59938049316406,900,hit,4.520848940290904,17.999999999999705,157.78709936741808
5,551,966424,131.87806701660156,804,hit,3.596278643298582,16.079999999999746,161.45280353346595
5,552,969500,-11.181877136230469,2231,miss,7.96701587206941,44.620000000001376,-105.99124469503244
5,553,970628,122.38138580322266,1051,hit,2.531474494314369,21.01999999999964,144.50276321118395
5,554,971664,125.83009338378906,1374,hit,3.407950683814568,27.479999999999503,152.32418810810154
5,555,973320,-25.536792755126953,2250,timeout,10.708966471070417,45.000000000001435,-87.0222115501559
5,556,978500,-0.20220565795898438,2250,timeout,5.180643583273408,45.000000000001435,-111.21247562434654
5,557,979492,-5.368431091308594,2216,miss,7.827531652323263,44.32000000000133,-106.94513481064891
5,558,980664,-6.489337921142578,2250,timeout,11.83849796725722,45.000000000001435,-75.6973412744423
5,559,982136,126.43339538574219,661,hit,2.7672450295983717,13.219999999999807,152.84026820521757
5,560,982320,-16.190364837646484,2250,timeout,7.106716984169024,45.000000000001435,-70.82710200328984
5,561,983724,130.48353576660156,765,hit,1.6532024871417277,15.299999999999763,154.92224626752468
5,562,985252,126.24142456054688,733,hit,3.06818089704605,14.659999999999776,151.1985434657165
5,563,986884,127.31581115722656,1187,hit,4.533957341075454,23.739999999999583,145.120360903274
5,564,987268,-29.718257904052734,2192,miss,5.413326421945516,43.840000000001254,-83.7347998123476
5,565,991072,129.12916564941406,951,hit,4.195772292035266,19.019999999999683,160.60655728308524
5,566,991392,133.42156982421875,1535,hit,4.183139676480881,30.699999999999434,156.04058474304537
5,567,992724,-13.793098449707031,2250,timeout,7.357754471146682,45.000000000001435,-73.53670423106345
5,568,995884,0.6159687042236328,2250,timeout,7.163185445916504,45.000000000001435,-73.59571475687329
5,569,1000072,-4.787345886230469,2250,timeout,7.445970633610163,45.000000000001435,-67.01865882333118
5,570,1000392,4.643230438232422,2250,timeout,5.589508755639291,45.000000000001435,-85.78351511561024
5,571,1001236,130.24221801757812,1338,hit,4.648311658313255,26.75999999999952,151.04407809201584
5,572,1001724,-19.35162353515625,2250,timeout,5.5734174487220836,45.000000000001435,-76.13413845456478
5,573,1003248,129.33993530273438,714,hit,3.841708410581205,14.279999999999784,154.8052199353262
5,574,1004528,127.55887603759766,701,hit,3.3995229238945144,14.01999999999979,153.84513430148388
5,575,1009072,0.6374015808105469,2250,timeout,5.051740034544546,45.000000000001435,-86.2635556006814
5,576,1009252,125.75462341308594,1181,hit,3.6191845362878388,23.619999999999585,152.21867560065022
5,577,1010236,14.769844055175781,2250,timeout,6.928747586090387,45.000000000001435,-90.27521626283784
5,578,1011940,123.88787078857422,672,hit,2.7950700915844986,13.439999999999802,152.58461132667148
5,579,1012248,-24.451351165771484,2250,timeout,5.931176443597405,45.000000000001435,-83.0465837479656
5,580,1013256,130.3668212890625,755,hit,2.6797356607149987,15.099999999999767,157.2196369442193
5,581,1013508,129.89102172851562,1109,hit,4.617030897932073,22.179999999999616,155.53796497256167
5,582,1015728,135.0030517578125,947,hit,4.5730989766718375,18.939999999999685,163.71536638249307
5,583,1018120,129.65249633789062,1216,hit,4.552557654365031,24.31999999999957,153.33620824207188
5,584,1020928,-15.652619361877441,1855,miss,6.9789719557599925,37.1000000000002,-59.084619362960225
5,585,1021248,-15.326553344726562,2250,timeout,9.316127865391575,45.000000000001435,-73.30924648676469
5,586,1022972,130.6451873779297,1213,hit,4.359112696692513,24.25999999999957,159.96830810127494
6,587,1026720,124.4014892578125,680,hit,4.154959372249997,13.599999999999799,151.020515568932
6,588,1027804,134.60704040527344,951,hit,4.376473413073581,19.019999999999683,161.35734763145342
6,589,1033000,-17.427867889404297,2250,timeout,5.389571295811438,45.000000000001435,-74.21858705121926
6,590,1033000,-43.420616149902344,2250,timeout,6.547782308484809,45.000000000001435,-74.42451125805692
6,591,1035552,118.23001861572266,638,hit,4.7396890288882325,12.759999999999817,151.83528202736375
6,592,1035720,-23.301856994628906,2250,timeout,9.79481109942714,45.000000000001435,-90.36935657274668
6,593,1036196,130.9282684326172,799,hit,4.648728496990034,15.979999999999748,158.27530961827972
6,594,1036804,-9.742240905761719,2250,timeout,6.060524625574113,45.000000000001435,-104.5614411793521
6,595,1039136,131.56802368164062,854,hit,3.872711050383257,17.079999999999725,161.45715342746033
6,596,1039920,127.80577087402344,931,hit,4.328629351282211,18.619999999999692,149.39338560941962
6,597,1040288,129.20448303222656,1184,hit,2.716818531648189,23.679999999999584,151.42008995023053
6,598,1040348,131.4585418701172,886,hit,3.700476648501142,17.71999999999971,159.85109758367892
6,599,1043324,124.49364471435547,1047,hit,3.953656591040095,20.939999999999642,146.3543714122182
6,600,1043360,133.58592224121094,860,hit,2.369361748915976,17.199999999999722,157.88171504757366
6,601,1045224,131.57064819335938,1219,hit,1.9596755067859624,24.37999999999957,155.1968332422476
6,602,1046412,119.8336181640625,1531,hit,2.6318844400820907,30.619999999999436,146.64998257462608
6,603,1047652,127.26156616210938,1073,hit,4.241095887261148,21.45999999999963,151.63252877429278
6,604,1049460,128.90744018554688,762,hit,1.9966604538467427,15.239999999999764,157.46947721168752
6,605,1051492,-17.970935821533203,2042,miss,5.564792532663326,40.840000000000785,-96.91957453582721
6,606,1053564,135.8341064453125,1026,hit,4.556545919921141,20.51999999999965,163.25846828120459
6,607,1054224,-20.020156860351562,2250,timeout,6.698286319004167,45.000000000001435,-112.78489139224159
6,608,1056524,129.2864990234375,1258,hit,4.866792356055205,25.159999999999553,155.05993701911802
6,609,1056652,-9.009449005126953,2250,timeout,5.872418566707785,45.000000000001435,-92.24441268181191
6,610,1058708,130.08541870117188,1286,hit,4.751032546866748,25.71999999999954,157.00716305052023
6,611,1059216,120.71981048583984,1248,hit,4.36997459389767,24.959999999999557,143.38804242944244
6,612,1059228,129.03189086914062,676,hit,4.140516706862751,13.5199999999998,150.53965744391033
6,613,1059480,125.7596664428711,707,hit,2.8462885540787064,14.139999999999787,154.86744851837727
6,614,1061748,124.33626556396484,630,hit,2.0394435007052416,12.59999999999982,151.34723787533852
6,615,1063272,134.25413513183594,1014,hit,4.309690798464639,20.279999999999657,164.42998090798747
6,616,1063324,133.53282165527344,1154,hit,3.6871210847315017,23.079999999999597,161.3682949010726
6,617,1066528,131.46548461914062,814,hit,3.185921855062562,16.279999999999742,158.7993273734441
6,618,1068284,-9.076461791992188,2201,miss,9.172804077741102,44.02000000000128,-87.18690215957204
6,619,1070748,-27.485034942626953,2250,timeout,6.176012062373986,45.000000000001435,-86.24313473240949
6,620,1070980,17.082626342773438,1914,miss,7.249199205202719,38.280000000000385,-62.829070746576434
6,621,1071416,129.63656616210938,1222,hit,2.714775728111725,24.439999999999568,149.43880024798858
6,622,1075616,130.2784881591797,1217,hit,2.720472293912284,24.33999999999957,147.6025609582188
6,623,1075952,130.47317504882812,1134,hit,3.4595074556112526,22.679999999999605,159.45003268430492
6,624,1077284,-5.987144470214844,2250,timeout,6.499012399810029,45.000000000001435,-79.8849294821003
6,625,1079980,3.970325469970703,2250,timeout,6.431815405352452,45.000000000001435,-75.33788403328444
6,626,1081664,130.91981506347656,1095,hit,3.297441175629226,21.899999999999622,149.8735943816598
6,627,1081896,127.3763198852539,1570,hit,3.9721602198382153,31.39999999999942,153.2909370664984
6,628,1084952,-10.245006561279297,2250,timeout,6.073006107223052,45.000000000001435,-106.72270277729746
6,629,1086360,126.66659545898438,1116,hit,4.604619134928087,22.319999999999613,149.52627823680973
6,630,1088380,131.3494110107422,857,hit,3.6675489598308086,17.139999999999723,159.13053507785614
6,631,1088980,15.631830215454102,2250,timeout,7.919093869876201,45.000000000001435,-81.26135199439511
6,632,1090664,-18.803123474121094,2250,timeout,7.653023238708648,45.000000000001435,-85.0933041825934
6,633,1092204,129.92132568359375,1461,hit,3.2900563691315705,29.219999999999466,155.4007440606463
6,634,1094092,123.28118133544922,1428,hit,4.791455303172375,28.55999999999948,148.86022976593193
6,635,1094212,133.08685302734375,1308,hit,4.02352841444112,26.15999999999953,157.96356951874543
6,636,1095432,111.2533187866211,1192,hit,4.715485897905673,23.83999999999958,143.8942567993642
6,637,1095644,134.404052734375,860,hit,4.619391392850515,17.199999999999722,162.24435531451775
6,638,1097788,134.99627685546875,894,hit,4.553745885707053,17.879999999999708,165.03933575450915
6,639,1098220,125.65205383300781,697,hit,4.995863371799134,13.939999999999792,150.36940094727305
6,640,1098712,133.50318908691406,1155,hit,3.7189198217775927,23.099999999999596,157.2890863953054
6,641,1099728,125.9804916381836,1021,hit,3.0996114071316376,20.419999999999654,148.47330345702304
6,642,1101160,130.8164825439453,843,hit,4.330453310151134,16.85999999999973,161.3928670844509
6,643,1103676,125.56192016601562,629,hit,3.2636146752900843,12.57999999999982,151.28762154186472
6,644,1104372,127.38424682617188,1161,hit,4.8299759180701285,23.219999999999594,150.84084263065617
6,645,1107220,-0.08485794067382812,2250,timeout,5.449863539180783,45.000000000001435,-86.01646381799797
6,646,1107712,16.25014877319336,2250,timeout,5.255409336130692,45.000000000001435,-76.56830297532932
6,647,1112016,129.15521240234375,1199,hit,3.4660748940717627,23.979999999999578,152.75743536339843
6,648,1112676,15.418341636657715,2250,timeout,9.87374796303551,45.000000000001435,-64.84464425977364
6,649,1112920,130.67642211914062,1302,hit,4.167546908296446,26.039999999999534,158.17164308942057
6,650,1113372,-5.644451141357422,2250,timeout,6.277800804663244,45.000000000001435,-83.56993517560028
6,651,1116116,130.04464721679688,860,hit,3.710917615606181,17.199999999999722,163.17846783888064
6,652,1117056,135.32254028320312,921,hit,2.884468171346398,18.419999999999696,160.4303546703228
6,653,1121016,-38.57368850708008,2250,timeout,7.16012891421334,45.000000000001435,-88.77015091566257
6,654,1121920,-26.68413543701172,2250,timeout,13.629576133622963,45.000000000001435,-81.81973662329939
6,655,1122264,131.91766357421875,1302,hit,2.174113836262453,26.039999999999534,156.51266050464767
6,656,1124368,133.93545532226562,838,hit,3.828385795403023,16.75999999999973,159.97624991569532
6,657,1125116,-6.589460372924805,2250,timeout,5.303119938264626,45.000000000001435,-65.10771305726931
6,658,1126856,127.37413787841797,1148,hit,3.321063104204625,22.9599999999996,148.33280772025793
6,659,1127812,123.33513641357422,674,hit,4.827379798188081,13.479999999999801,153.11562296460158
6,660,1128056,134.41571044921875,922,hit,3.1951676652748717,18.439999999999696,159.67704870635453
6,661,1130508,125.72216796875,674,hit,2.840363467292753,13.479999999999801,152.31394013111517
6,662,1130920,-34.07539749145508,2250,timeout,14.322466515295725,45.000000000001435,-85.89583871703472
6,663,1134452,125.5511474609375,986,hit,1.9921716205009887,19.71999999999967,145.294256972904
6,664,1135072,132.581298828125,1038,hit,4.992898561451591,20.759999999999646,161.56384540255866
6,665,1135800,-4.4878997802734375,2236,miss,8.111372575056592,44.72000000000139,-94.13678879643516
6,666,1137056,-15.976264953613281,2250,timeout,12.360759478322764,45.000000000001435,-84.16195183751329
6,667,1137152,125.78608703613281,675,hit,3.550419668352388,13.499999999999801,153.10732738509617
6,668,1138632,129.36138916015625,708,hit,3.0356757350141788,14.159999999999787,155.85222032491598
6,669,1139948,129.023681640625,723,hit,3.7016080037862253,14.45999999999978,156.09979066035228
6,670,1140432,132.35533142089844,820,hit,4.180920711646048,16.39999999999974,155.1162151460016
6,671,1142332,135.70809936523438,925,hit,1.6870289328434396,18.499999999999694,165.49119832962938
6,672,1144072,-1.3929977416992188,2250,timeout,7.710176194098969,45.000000000001435,-87.78308017295538
6,673,1146720,123.60665893554688,1097,hit,4.457953984280761,21.93999999999962,147.16401328643133
6,674,1147616,134.09228515625,886,hit,2.5814689857207873,17.71999999999971,165.7761936988639
6,675,1148948,-29.019676208496094,2250,timeout,9.985853746647278,45.000000000001435,-90.5194818720334
6,676,1149432,-40.22450637817383,2250,timeout,5.718143676703197,45.000000000001435,-104.88275623379948
6,677,1151060,131.92198181152344,861,hit,1.9129617452693677,17.21999999999972,165.10897880948374
6,678,1152468,134.68588256835938,880,hit,4.393471735196037,17.599999999999714,164.71123183325466
6,679,1152816,132.677001953125,846,hit,4.33523167145403,16.919999999999728,160.61130332154733
6,680,1154392,133.05343627929688,833,hit,4.909119827434784,16.659999999999734,158.60041619003687
6,681,1155508,129.92466735839844,760,hit,3.359124519308103,15.199999999999765,153.64277878804106
6,682,1155720,-39.12578582763672,2250,timeout,5.179566308522686,45.000000000001435,-80.08333928844925
6,683,1156560,134.8636932373047,936,hit,4.437486501706266,18.71999999999969,165.58529745961778
6,684,1157948,132.9857635498047,889,hit,4.706368152987803,17.77999999999971,165.0364889657311
6,685,1158912,129.5960693359375,798,hit,2.9577752930073182,15.959999999999749,154.65706828160154
6,686,1158968,133.58123779296875,865,hit,4.5750119539536325,17.29999999999972,164.83853723871022
6,687,1161444,121.09185791015625,633,hit,2.754134276918567,12.659999999999819,151.30512521384466
6,688,1161620,130.7313995361328,918,hit,4.982926178631133,18.359999999999697,157.43627903253562
6,689,1161792,131.24710083007812,1308,hit,3.8177327098393707,26.15999999999953,156.12636208539215
6,690,1161996,130.84906005859375,757,hit,4.223759323814985,15.139999999999766,155.9946614450817
6,691,1164536,124.75381469726562,686,hit,2.010667005703159,13.719999999999796,152.58413634432884
6,692,1164648,126.69849395751953,663,hit,1.9790805463446821,13.259999999999806,150.47941013118975
6,693,1164936,133.5164337158203,829,hit,1.5463335308046904,16.579999999999735,157.05474755969544
6,694,1165020,133.49435424804688,894,hit,3.491220242281497,17.879999999999708,164.7434227538547
6,695,1167476,127.55673217773438,735,hit,1.656129606775388,14.699999999999775,155.39437133245002
6,696,1168348,131.83779907226562,925,hit,4.629738340180555,18.499999999999694,159.57019903042172
6,697,1168472,133.50730895996094,863,hit,2.6805432947990266,17.25999999999972,163.1845789623157
6,698,1172928,132.99717712402344,1145,hit,2.000969030768885,22.8999999999996,152.5334772589224
6,699,1173936,-23.17288589477539,2250,timeout,14.483025738288907,45.000000000001435,-72.74933212694567
6,700,1176476,-11.60025405883789,2250,timeout,7.012083652658499,45.000000000001435,-81.77094440766032
6,701,1176680,134.3580780029297,938,hit,4.197527468650115,18.75999999999969,164.64184896259502
6,702,1176884,129.75303649902344,737,hit,0.8694730717942825,14.739999999999775,152.24508070100438
6,703,1177472,-4.494407653808594,2250,timeout,5.103250397209096,45.000000000001435,-86.23513994836973
6,704,1179620,130.3502655029297,786,hit,4.485277645518859,15.719999999999754,159.57225239570144
6,705,1180804,135.18423461914062,1031,hit,3.9077161596132934,20.61999999999965,163.06335485934747
6,706,1183212,132.7073974609375,1582,hit,3.304946546514411,31.639999999999414,155.19736287668385
6,707,1183564,126.36782836914062,1523,hit,4.300956679314651,30.45999999999944,155.12186617027268
6,708,1183828,131.04006958007812,756,hit,2.1919623221868383,15.119999999999767,158.417214188908
6,709,1184976,128.31024169921875,1339,hit,4.2474642388388855,26.779999999999518,158.02073692239287
6,710,1187896,112.504638671875,1017,hit,3.8804923904463333,20.339999999999655,144.90340538491972
6,711,1188032,131.11514282226562,764,hit,3.3705379185447266,15.279999999999763,159.44736368143717
6,712,1189012,131.2660369873047,1450,hit,2.660650934872167,28.99999999999947,151.61989621413048
6,713,1189036,129.79010009765625,1368,hit,3.446866714674591,27.359999999999506,149.26778072111532
6,714,1190640,122.01570129394531,686,hit,2.7941470689685817,13.719999999999796,154.05031580135943
6,715,1191172,130.66848754882812,785,hit,3.9828858383953163,15.699999999999754,157.2821109960265
6,716,1192732,134.83425903320312,924,hit,3.3710457175337836,18.479999999999695,165.1654856695156
6,717,1194092,125.92295837402344,730,hit,3.1112659056421514,14.599999999999778,151.04984984795493
6,718,1194200,132.1385955810547,890,hit,4.868086991188765,17.79999999999971,161.1349576080065
6,719,1198012,-19.884929656982422,2250,timeout,26.952818430781893,45.000000000001435,-90.44413809533609
6,720,1200152,113.56299591064453,1488,hit,3.262813939636493,29.759999999999454,140.94037462050818
6,721,1201732,-68.62984466552734,2250,timeout,10.610917753267781,45.000000000001435,-88.26445194688206
6,722,1202756,122.31179809570312,1186,hit,3.902987157023822,23.719999999999583,153.28262434161053
6,723,1203092,-11.829935073852539,2250,timeout,12.044300549305039,45.000000000001435,-69.32147201835562
6,724,1203208,128.42869567871094,764,hit,3.39123347330587,15.279999999999763,152.58610302226538
6,725,1205936,133.28591918945312,795,hit,1.046685271890043,15.89999999999975,159.88825990309368
6,726,1206072,126.99459075927734,1085,hit,4.068507972586569,21.699999999999626,153.51654096364874
6,727,1206660,135.54953002929688,892,hit,2.9938974755207823,17.83999999999971,160.98177415123578
6,728,1209240,130.700927734375,792,hit,1.940517957908035,15.839999999999751,161.2869014680095
6,729,1209276,132.96923828125,835,hit,4.236623539547172,16.699999999999733,159.8778701287533
6,730,1209528,126.1259536743164,717,hit,2.3121902487164374,14.339999999999783,151.88543317835723
6,731,1212000,-31.811798095703125,2198,miss,5.36719186459493,43.96000000000127,-90.31379183625953
6,732,1214700,110.84439086914062,1293,hit,4.947123281552087,25.859999999999538,140.82530783362915
6,733,1216052,118.07855224609375,1013,hit,2.739707772529813,20.259999999999657,147.67447729105965
6,734,1216080,131.108154296875,1710,hit,4.676862610318096,34.19999999999975,153.4058696218791
6,735,1218096,134.61746215820312,849,hit,3.595872314203342,16.979999999999727,162.01862089460894
6,736,1218276,-26.785396575927734,2250,timeout,5.82271382095606,45.000000000001435,-68.88877225062114
6,737,1220008,124.1427993774414,989,hit,4.270828193965964,19.779999999999667,148.98275474736502
6,738,1221988,126.992919921875,973,hit,4.781874464697241,19.459999999999674,153.44707953356146
6,739,1222044,132.04339599609375,1491,hit,4.839935939599091,29.819999999999453,157.54877558026507
6,740,1223084,131.202880859375,769,hit,2.9009426981806747,15.379999999999761,159.5270872032939
6,741,1224568,14.7891845703125,1573,miss,565.6535401901067,31.459999999999418,-48.705634180729206
6,742,1225744,133.42005920410156,925,hit,0.723099497325696,18.499999999999694,165.4248144909533
6,743,1227920,97.77827453613281,1209,hit,4.177463922348914,24.179999999999573,146.9661259877726
6,744,1228036,134.97650146484375,867,hit,4.538470851449429,17.33999999999972,161.14639305424623
7,745,1233108,147.8778839111328,1077,hit,4.878092915562512,21.53999999999963,155.1013324675167
7,746,1233848,183.53768920898438,1262,hit,3.2455426700251904,25.23999999999955,167.11463661133874
7,747,1234328,154.86575317382812,1382,hit,4.167431972481286,27.6399999999995,162.95995598352044
7,748,1237552,170.47714233398438,926,hit,3.793260285665842,18.519999999999694,163.0685392388373
7,749,1237800,-3.701841354370117,2250,timeout,6.293500760715298,45.000000000001435,-74.97941552027339
7,750,1239252,165.60377502441406,1231,hit,2.972873344309633,24.619999999999564,167.99497830659098
7,751,1242108,-5.948482513427734,2250,timeout,5.848383765329874,45.000000000001435,-68.03405609270368
7,752,1242128,155.5001220703125,1082,hit,4.713599575491982,21.639999999999628,153.384774738594
7,753,1242148,178.32034301757812,724,hit,3.7439001491741384,14.47999999999978,163.95738792522477
7,754,1242340,152.40467834472656,1197,hit,3.0901240245347297,23.93999999999958,152.2980996059972
7,755,1245336,171.51837158203125,802,hit,1.8330829254366927,16.039999999999747,162.42060526001092
7,756,1246416,156.75613403320312,1077,hit,2.1731833016857274,21.53999999999963,161.14372093085382
7,757,1247324,169.58343505859375,1246,hit,3.3388453067978148,24.919999999999558,167.09833702016613
7,758,1249520,154.01597595214844,1046,hit,3.8367648265521765,20.919999999999643,157.29341782764106
7,759,1251148,-23.88195037841797,2250,timeout,6.572732760947839,45.000000000001435,-78.67938150286273
7,760,1251664,165.59214782714844,1085,hit,3.724064864663118,21.699999999999626,159.3840119356376
7,761,1253860,176.04823303222656,678,hit,0.5565059443036726,13.5599999999998,159.71168805333667
7,762,1254076,164.2646484375,1139,hit,2.3672826207383775,22.779999999999603,156.80999758590048
7,763,1254796,172.30670166015625,783,hit,4.33960424335676,15.659999999999755,162.62711142086363
7,764,1255416,-20.041488647460938,2250,timeout,6.004993550363231,45.000000000001435,-108.39661844271713
7,765,1257424,160.049072265625,657,hit,2.8927331216179013,13.139999999999809,157.23729112153518
7,766,1258348,156.8515625,1122,hit,3.5348066585056412,22.43999999999961,156.9551665249284
7,767,1258552,168.85829162597656,1119,hit,2.3760056202061044,22.37999999999961,154.46812316968783
7,768,1258720,164.63711547851562,826,hit,3.76229161209082,16.519999999999737,166.27419544554166
7,769,1260716,174.69790649414062,823,hit,3.367437623529683,16.459999999999738,168.65096598074487
7,770,1261904,156.22683715820312,796,hit,4.8148503431147995,15.91999999999975,168.6078825885154
7,771,1261936,167.1939239501953,846,hit,3.319841146719424,16.919999999999728,161.2458660164059
7,772,1263688,172.67874145507812,743,hit,0.9146271980592455,14.859999999999772,159.17954494041044
7,773,1265664,155.990234375,932,hit,4.765871746030859,18.63999999999969,169.55568993134284
7,774,1267172,158.92811584472656,871,hit,4.320090930313501,17.419999999999717,165.96549726395762
7,775,1267348,-3.7470703125,2250,timeout,6.6624033812724335,45.000000000001435,-74.35400767277628
7,776,1269716,9.453845977783203,1953,miss,5.293240693520693,39.06000000000051,-82.29208351891891
7,777,1270244,177.8378143310547,1145,hit,3.1405786411372363,22.8999999999996,157.92526796166467
7,778,1271532,146.77499389648438,1090,hit,3.925811391776776,21.799999999999624,151.74578409233766
7,779,1271864,172.46144104003906,1129,hit,3.6587081915723454,22.579999999999607,158.0384372307306
7,780,1272828,165.6245880126953,646,hit,2.457288694992012,12.919999999999813,157.32210901737457
7,781,1273480,163.44461059570312,941,hit,4.871817714721077,18.819999999999688,165.10929898235952
7,782,1275404,176.10975646972656,885,hit,3.2359261849677217,17.69999999999971,170.92432298079308
7,783,1276608,174.59976196289062,782,hit,3.565975160237149,15.639999999999755,154.81109397748472
7,784,1277460,175.45606994628906,1482,hit,4.91750508062885,29.639999999999457,161.99550608720665
7,785,1278428,176.18922424316406,1400,hit,2.9310073019573895,27.999999999999492,165.03507615984785
7,786,1278696,173.66061401367188,823,hit,1.206446144864752,16.459999999999738,169.61776696362858
7,787,1281100,160.32289123535156,668,hit,3.532029549431916,13.359999999999804,157.7061520512699
7,788,1281448,175.7611083984375,1210,hit,3.1563934063830694,24.199999999999573,171.95566179239188
7,789,1282260,167.56492614746094,891,hit,3.9788425302106147,17.81999999999971,167.91900429459335
7,790,1284912,165.2904510498047,866,hit,3.4965008400657993,17.31999999999972,162.57623194101112
7,791,1285380,163.58297729492188,780,hit,3.0941171296644843,15.599999999999756,161.245872565616
7,792,1285756,159.6447296142578,1164,hit,4.0907656611699705,23.279999999999593,168.20818925474362
7,793,1286396,-5.6089019775390625,2234,miss,8.732280330554632,44.680000000001385,-63.44244274882621
7,794,1287872,159.1448974609375,740,hit,3.1853012607152498,14.799999999999773,156.23664848300282
7,795,1288276,166.4881134033203,724,hit,4.914418686267799,14.47999999999978,159.63629443188972
7,796,1289240,159.5861358642578,871,hit,3.35871236666406,17.419999999999717,159.82811018119037
7,797,1290832,174.49456787109375,740,hit,1.3534415814600793,14.799999999999773,157.0533933930825
7,798,1291692,155.9987335205078,1324,hit,3.940653924396834,26.479999999999524,162.8349070884536
7,799,1293096,167.84498596191406,964,hit,4.508423235395307,19.279999999999678,165.5206991259746
7,800,1293900,172.0789337158203,767,hit,3.643134321209062,15.339999999999762,163.35769344200173
7,801,1294388,157.430908203125,674,hit,4.645037619831687,13.479999999999801,155.93509706523852
7,802,1296100,153.07838439941406,751,hit,4.151158032578051,15.019999999999769,164.80191898426722
7,803,1297012,164.21087646484375,778,hit,2.2485391500024354,15.559999999999757,166.27484339207592
7,804,1297276,-6.039344787597656,2250,timeout,8.655517291673206,45.000000000001435,-101.55341576588029
7,805,1297668,176.68577575683594,820,hit,2.058786080233449,16.39999999999974,169.15438388488724
7,806,1298688,165.18411254882812,647,hit,2.11645273405606,12.939999999999813,157.1963667648956
7,807,1301292,169.39962768554688,906,hit,2.0421535183266855,18.119999999999703,169.5262809208249
7,808,1301584,163.90087890625,724,hit,2.054695083781933,14.47999999999978,164.0784117753525
7,809,1301904,151.69546508789062,1157,hit,4.281152816367183,23.139999999999596,161.83210790475437
7,810,1305196,167.77113342285156,976,hit,2.49204633060827,19.519999999999673,151.2028610212288
7,811,1306012,15.6114501953125,2250,timeout,10.013328496971251,45.000000000001435,-65.88530648146715
7,812,1307648,171.64089965820312,1436,hit,3.2128876596198452,28.719999999999477,167.48735295389622
7,813,1309748,170.8824005126953,934,hit,2.3199693372397183,18.67999999999969,161.4367490979292
7,814,1310584,-25.104145050048828,2250,timeout,5.816569968383818,45.000000000001435,-73.18106820196442
7,815,1313816,186.4661407470703,1542,hit,4.560152457722127,30.83999999999943,167.0589481365323
7,816,1313868,166.26393127441406,1030,hit,3.9073331235038165,20.59999999999965,159.3296199315995
7,817,1314140,159.27685546875,889,hit,2.385338559851668,17.77999999999971,151.59094434916688
7,818,1314196,10.22232437133789,2250,timeout,5.064878980893436,45.000000000001435,-92.5919980524057
7,819,1317496,174.0663299560547,920,hit,4.158714009560627,18.399999999999697,169.37721417791028
7,820,1318180,178.97225952148438,996,hit,2.8407163753922946,19.919999999999664,157.46544300352198
7,821,1318192,158.2781982421875,1081,hit,4.938093233825399,21.619999999999628,161.9031543468306
7,822,1319540,179.20848083496094,1350,hit,4.459937225859668,26.999999999999513,171.01807765823952
7,823,1320236,169.03614807128906,685,hit,1.0289787129714547,13.699999999999797,157.09729617338988
7,824,1321212,166.5509033203125,755,hit,2.2176141285716016,15.099999999999767,161.1768359666439
7,825,1321788,161.51817321777344,902,hit,4.206858783536976,18.039999999999704,173.26456654130362
7,826,1322320,167.5426788330078,695,hit,2.2884668798701484,13.899999999999793,157.4089190746395
7,827,1323444,170.69546508789062,802,hit,1.7031797293770516,16.039999999999747,164.75669196542884
7,828,1324320,168.45986938476562,777,hit,2.1026739600408573,15.539999999999758,166.0047726118167
7,829,1326116,184.9850311279297,1082,hit,2.055282836923357,21.639999999999628,161.51949036516535
7,830,1326712,170.58645629882812,817,hit,4.750516954843013,16.33999999999974,163.78021796589263
7,831,1328024,185.48434448242188,1426,hit,2.555213634954731,28.51999999999948,163.4565899617548
7,832,1328052,146.5115203857422,933,hit,4.332149195213777,18.65999999999969,158.89787948288975
7,833,1330816,155.3811798095703,691,hit,4.8676229616193165,13.819999999999794,156.6927788282627
7,834,1332104,178.88095092773438,1020,hit,2.7862398064293363,20.399999999999654,166.5031333256253
7,835,1332756,185.39828491210938,1511,hit,4.411086614473721,30.219999999999445,169.25308363850297
7,836,1335116,-23.33330535888672,2250,timeout,9.614590715360928,45.000000000001435,-84.2902513062421
7,837,1335420,147.678466796875,1151,hit,4.676207272747793,23.019999999999598,160.88983227455958
7,838,1335704,168.55938720703125,737,hit,1.1254968362895617,14.739999999999775,162.23578712654444
7,839,1336088,142.3088836669922,996,hit,4.274359883104678,19.919999999999664,155.37346669351285
7,840,1337768,157.98605346679688,663,hit,2.5553421820386064,13.259999999999806,158.00525364382725
7,841,1338152,167.77224731445312,683,hit,1.3050943241940083,13.659999999999798,156.8368787196173
7,842,1338784,177.89080810546875,770,hit,0.8875407575117453,15.39999999999976,162.04384043308391
7,843,1339480,155.18524169921875,848,hit,4.432731820226201,16.959999999999727,168.15348555055283
7,844,1341192,167.97476196289062,856,hit,3.483761322025458,17.119999999999724,168.26014504827072
7,845,1341664,183.4937744140625,878,hit,3.7197730502943425,17.559999999999715,174.59292723614885
7,846,1342752,183.64920043945312,992,hit,4.009565278111265,19.839999999999666,166.61240999846387
7,847,1343608,155.0167236328125,1032,hit,4.473290685815365,20.63999999999965,167.21384621333152
7,848,1344704,156.86212158203125,878,hit,4.694852003429453,17.559999999999715,172.07148350460167
7,849,1345888,175.24154663085938,784,hit,1.9719031292356457,15.679999999999755,167.1806221229392
7,850,1346148,150.87115478515625,1121,hit,4.3364015512312,22.41999999999961,156.20021863823916
7,851,1347196,171.0908966064453,897,hit,4.088770014889616,17.939999999999706,170.71521566963432
7,852,1348780,168.5640869140625,658,hit,1.4646984791420152,13.159999999999808,158.01551196098325
7,853,1349084,168.08302307128906,1095,hit,3.8989879159276803,21.899999999999622,165.55558403671307
7,854,1350316,184.52047729492188,1107,hit,3.584328872271208,22.139999999999617,165.99574871640527
7,855,1352060,162.92457580566406,744,hit,2.406240063705268,14.879999999999772,165.39123146458394
7,856,1352224,185.09561157226562,1257,hit,4.101168933480344,25.139999999999553,162.87781490056972
7,857,1352404,166.37261962890625,906,hit,3.0657767265777207,18.119999999999703,171.45327840556467
7,858,1354264,157.99794006347656,987,hit,4.535799808133674,19.739999999999668,174.2898310926808
7,859,1354764,149.13211059570312,676,hit,4.037498643030012,13.5199999999998,159.1827569307458
7,860,1355656,144.23223876953125,858,hit,4.480433155655478,17.159999999999723,154.39525792541468
7,861,1356840,152.81954956054688,1109,hit,3.5402797606430862,22.179999999999616,154.46423055339443
7,862,1357920,162.98458862304688,789,hit,2.8783991060268774,15.779999999999752,169.4075099869168
7,863,1358712,177.70997619628906,764,hit,1.0231001880336266,15.279999999999763,165.83404633353706
7,864,1359396,173.49447631835938,639,hit,3.9204804426572357,12.779999999999816,158.22013359448962
7,865,1360852,171.62796020507812,733,hit,3.5809288771025036,14.659999999999776,160.2906322521747
7,866,1362196,169.82872009277344,700,hit,4.942866040823393,13.99999999999979,157.20020975835564
7,867,1363264,-0.8303279876708984,2250,timeout,7.299103828096872,45.000000000001435,-59.6066815333447
7,868,1365144,159.13645935058594,737,hit,4.293402091951953,14.739999999999775,158.21056451024918
7,869,1365504,183.81637573242188,1163,hit,4.747033689210745,23.259999999999593,172.45095909522797
7,870,1367712,-25.34243392944336,2250,timeout,7.353929454600804,45.000000000001435,-83.07400538532822
7,871,1367836,162.27899169921875,1143,hit,2.3473163107691835,22.8599999999996,164.0569332106402
7,872,1368640,166.4835205078125,784,hit,3.5680661685503217,15.679999999999755,162.80028915343564
7,873,1370576,177.75433349609375,716,hit,4.863890137520453,14.319999999999784,162.87303841309426
7,874,1373172,167.25025939941406,649,hit,2.074776811869101,12.979999999999812,158.87263480936426
7,875,1373852,185.00270080566406,1303,hit,2.1066711715114947,26.059999999999533,166.61163358725094
7,876,1374144,-12.034408569335938,2250,timeout,6.831639800807141,45.000000000001435,-90.34077114870678
7,877,1376292,164.38449096679688,780,hit,2.2443375633329405,15.599999999999756,161.85841570798726
7,878,1376836,0.21729278564453125,2250,timeout,5.451166821666331,45.000000000001435,-70.49988713059793
7,879,1376876,161.76100158691406,756,hit,2.31364144932349,15.119999999999767,161.21398037123365
7,880,1379300,179.46498107910156,1289,hit,3.2767370861024867,25.77999999999954,165.44016649137285
7,881,1379440,167.9757537841797,787,hit,4.671604582690581,15.739999999999753,162.36743633200302
7,882,1379692,172.10238647460938,714,hit,1.4475352989106103,14.279999999999784,163.49611735342003
7,883,1382892,175.98599243164062,800,hit,4.849185518703884,15.999999999999748,166.33977619895106
7,884,1383300,159.71942138671875,965,hit,4.708556589667569,19.299999999999677,170.24043166191723
7,885,1384692,183.7464599609375,1348,hit,3.548439838167925,26.959999999999514,171.08479291148643
7,886,1384720,12.088459014892578,1961,miss,6.186434787591952,39.22000000000053,-60.038879004661624
7,887,1386372,164.87173461914062,870,hit,2.5513961970697525,17.399999999999718,169.57217314043018
7,888,1389232,179.71778869628906,1483,hit,2.6754273442243792,29.659999999999457,166.2002405412892
7,889,1390824,163.81553649902344,1113,hit,2.716335535504569,22.259999999999614,152.52397069146855
7,890,1393692,-4.981403350830078,2250,timeout,5.402567921243141,45.000000000001435,-81.34518621190176
7,891,1393720,-8.115531921386719,2250,timeout,8.197932557417753,45.000000000001435,-67.77325389980496
7,892,1395900,167.51036071777344,1269,hit,4.682592668324553,25.379999999999548,164.76727060690558
7,893,1396744,163.91915893554688,763,hit,2.490868589822548,15.259999999999764,161.249833028204
7,894,1398232,-14.723434448242188,2250,timeout,6.191500563896978,45.000000000001435,-70.37339482069666
7,895,1399576,171.8975372314453,919,hit,1.9547412669002229,18.379999999999697,151.20076127977347
7,896,1399620,179.27210998535156,719,hit,1.7246123486169167,14.379999999999782,162.27924483823907
7,897,1401948,169.00094604492188,929,hit,2.5517728700464986,18.579999999999693,169.0074669948911
7,898,1402720,14.576009750366211,2250,timeout,7.084226756061925,45.000000000001435,-75.92248501934728
7,899,1402724,172.62489318847656,776,hit,3.280555413778509,15.519999999999758,165.5434606732448
7,900,1404588,181.7197723388672,1253,hit,4.353522444104306,25.059999999999555,162.16619188525078
7,901,1405232,166.08934020996094,627,hit,2.1627300721000386,12.539999999999822,159.0498576571128
7,902,1405992,174.05979919433594,818,hit,2.5499035390241986,16.35999999999974,168.17954997789852
7,903,1407676,181.87319946289062,1432,hit,4.4464878285326535,28.63999999999948,173.15073530346945
7,904,1408168,150.57127380371094,895,hit,4.351189632388424,17.899999999999707,166.01311290342636
7,905,1409776,150.99502563476562,1136,hit,4.600781359345436,22.719999999999605,155.5506545871691
7,906,1410448,156.38209533691406,1114,hit,3.175347140708508,22.279999999999614,160.01383728341474
7,907,1411444,171.8367156982422,819,hit,3.162811394721542,16.37999999999974,166.61405251116707
7,908,1411452,168.58761596679688,944,hit,3.9178940629443972,18.879999999999686,154.844346390284
7,909,1413360,172.5842742919922,896,hit,4.323217614726279,17.919999999999707,172.46645872741874
7,910,1414060,166.8255615234375,654,hit,1.7423083766679341,13.07999999999981,157.2519776889315
7,911,1415316,160.90293884277344,1217,hit,4.561371740554744,24.33999999999957,165.6037793766019
7,912,1415556,149.93255615234375,1026,hit,4.674681004278205,20.51999999999965,155.71238782916043
7,913,1416164,161.77096557617188,701,hit,4.4353810031980245,14.01999999999979,161.04413504744292
7,914,1417568,155.2762451171875,877,hit,4.304715553735735,17.539999999999715,168.9807136754597
7,915,1420912,167.20443725585938,836,hit,4.425616206922672,16.719999999999732,167.6543248037996
7,916,1421592,183.62599182128906,1509,hit,4.86734829736712,30.179999999999445,166.58538391817711
7,917,1423892,-1.0163192749023438,2144,miss,7.066130367774924,42.880000000001104,-101.45979507424647
7,918,1424048,177.911865234375,784,hit,0.7830608991381091,15.679999999999755,166.1190877157346
7,919,1424444,177.03591918945312,713,hit,0.20442632947892916,14.259999999999785,159.65031347618662
7,920,1424956,-8.70343017578125,2198,miss,5.657794628729988,43.96000000000127,-78.58403010123754
7,921,1427408,157.85308837890625,879,hit,4.15139786442783,17.579999999999714,168.35137066983344
7,922,1427624,168.15968322753906,894,hit,4.405000965951942,17.879999999999708,169.7841399164322
7,923,1427824,163.70159912109375,845,hit,2.7586570258108596,16.89999999999973,170.19190259255203
7,924,1431388,181.6855010986328,891,hit,0.6552324720400395,17.81999999999971,173.40738957350425
7,925,1432516,159.57907104492188,1277,hit,4.429566274179898,25.539999999999544,165.85715591406995
7,926,1432948,145.3961639404297,1331,hit,4.593937629796738,26.61999999999952,152.81681684104277
8,927,1436460,150.8125457763672,715,hit,4.837133728543917,14.299999999999784,159.61639506792918
8,928,1437776,169.60362243652344,1044,hit,2.8061026456799154,20.879999999999644,152.03152775063728
8,929,1439128,160.08709716796875,1382,hit,3.5731569629454776,27.6399999999995,160.81038177162984
8,930,1439204,167.82861328125,686,hit,1.6462603150392965,13.719999999999796,158.22046754281962
8,931,1439392,155.19273376464844,1448,hit,3.6765312083825004,28.95999999999947,167.46751886356546
8,932,1441528,165.12054443359375,938,hit,4.163651886219883,18.75999999999969,173.0529345739055
8,933,1443396,150.16937255859375,1001,hit,3.3829869756731297,20.019999999999662,157.72113301578122
8,934,1443608,171.57073974609375,1101,hit,4.072581328515059,22.01999999999962,156.676222874941
8,935,1444328,148.25167846679688,700,hit,4.967116265454043,13.99999999999979,158.1905603936251
8,936,1446944,179.17489624023438,887,hit,0.8871899203928996,17.73999999999971,173.86971610349408
8,937,1448128,-12.591659545898438,2250,timeout,7.813976114656474,45.000000000001435,-79.41740058061721
8,938,1448260,162.4362030029297,1163,hit,3.8680534671884033,23.259999999999593,161.7349437815125
8,939,1451272,177.02618408203125,1082,hit,4.797375796513824,21.639999999999628,160.92708275428106
8,940,1451424,155.77845764160156,791,hit,4.760349819554575,15.819999999999752,167.00058140465234
8,941,1452920,167.46273803710938,1198,hit,4.3250242796847065,23.959999999999578,166.39268259550875
8,942,1453328,-16.112911224365234,2250,timeout,6.119295247330864,45.000000000001435,-70.67782132991046
8,943,1454092,168.54495239257812,667,hit,2.763783594266095,13.339999999999804,159.9023313392209
8,944,1454396,176.7486572265625,781,hit,0.7051371881710203,15.619999999999756,165.84997147623392
8,945,1455660,168.6949920654297,685,hit,1.6032794287728753,13.699999999999797,159.41984995468994
8,946,1456952,172.3071746826172,906,hit,2.008090358998403,18.119999999999703,171.10739691539715
8,947,1458500,174.1475067138672,710,hit,1.5146149684575305,14.199999999999786,160.1862861755406
8,948,1458996,163.5767822265625,1150,hit,3.2940577804873348,22.9999999999996,156.61614995226216
8,949,1463092,-18.67447280883789,2250,timeout,9.79391091812589,45.000000000001435,-72.87792974677262
8,950,1463344,164.32534790039062,1087,hit,3.9493352968794513,21.739999999999625,164.988365034011
8,951,1465952,-11.773441314697266,2250,timeout,6.8942428572793,45.000000000001435,-81.32412537980261
8,952,1466236,154.41769409179688,786,hit,4.192777430049151,15.719999999999754,156.36035248120322
8,953,1467500,5.5598297119140625,2250,timeout,5.571791671788755,45.000000000001435,-92.57385054427816
8,954,1469772,172.25003051757812,955,hit,3.9347552720816017,19.09999999999968,156.04130919462432
8,955,1470700,157.17977905273438,1116,hit,3.567872874995139,22.319999999999613,164.15831843556134
8,956,1472344,-16.80614471435547,2250,timeout,8.105781247443277,45.000000000001435,-96.31767078620365
8,957,1472496,159.06846618652344,681,hit,4.040688346202737,13.619999999999798,154.91315138544167
8,958,1472928,172.46435546875,1357,hit,3.145292775262646,27.13999999999951,166.99739811540226
8,959,1475660,166.48895263671875,683,hit,4.436936410634944,13.659999999999798,159.20136682326836
8,960,1476392,172.51809692382812,1423,hit,4.194477278236899,28.459999999999482,166.98972693569735
8,961,1477936,171.25738525390625,1398,hit,2.568710274501891,27.959999999999493,164.66404987410647
8,962,1479256,179.5384521484375,716,hit,2.097294263814941,14.319999999999784,159.02506238437456
8,963,1481080,-14.109443664550781,2146,miss,8.324112863430562,42.92000000000111,-95.99645000718141
8,964,1483708,156.40345764160156,657,hit,3.1318870239772947,13.139999999999809,156.74537335732973
8,965,1483756,178.67625427246094,1455,hit,3.3739175406467203,29.09999999999947,163.44324489184973
8,966,1484396,148.14678955078125,1285,hit,3.935421064041253,25.69999999999954,157.5978133165757
8,967,1484660,-4.559547424316406,2250,timeout,5.153319831992143,45.000000000001435,-84.63717425993833
8,968,1486852,166.77227783203125,774,hit,4.49022073546409,15.479999999999759,165.304931469758
8,969,1487264,160.70394897460938,717,hit,3.0148368534633105,14.339999999999783,159.7832551945284
8,970,1488204,153.51641845703125,1124,hit,4.4628307606492115,22.47999999999961,167.41992791008997
8,971,1488572,172.6436767578125,978,hit,1.848093098105137,19.559999999999672,174.62625870798243
8,972,1490028,168.13140869140625,794,hit,1.9199792185935864,15.87999999999975,167.29249764036834
8,973,1491572,163.4088592529297,750,hit,3.0361746317852623,14.999999999999769,158.87526255105746
8,974,1491696,145.89642333984375,1108,hit,4.88350739535299,22.159999999999616,157.21886563471958
8,975,1492820,168.2403106689453,1154,hit,4.191395649715635,23.079999999999597,161.83545544251555
8,976,1494600,181.8984375,1143,hit,3.0354047278927867,22.8599999999996,168.96795001714776
8,977,1494912,177.0159149169922,804,hit,2.3033350598122846,16.079999999999746,163.34182078175292
8,978,1496744,166.76222229003906,1293,hit,2.348716969754564,25.859999999999538,165.30231097330665
8,979,1500388,165.56353759765625,1447,hit,4.163511363495772,28.939999999999472,163.40378354111755
8,980,1501820,-15.083290100097656,2250,timeout,10.240145932569826,45.000000000001435,-70.63981328107678
8,981,1502188,166.3413848876953,1361,hit,3.582993470704452,27.21999999999951,161.4143588791601
8,982,1503912,5.571384429931641,2250,timeout,5.08187774324845,45.000000000001435,-88.2478893505768
8,983,1505552,179.1290283203125,841,hit,0.921453695156859,16.81999999999973,171.14231837906237
8,984,1505564,168.70217895507812,936,hit,3.100985767325903,18.71999999999969,156.21952213187083
8,985,1507548,180.71157836914062,909,hit,3.0214109983417545,18.1799999999997,171.7980336640744
8,986,1509096,174.9700927734375,886,hit,1.2114856737367614,17.71999999999971,164.2422826687561
8,987,1509388,-5.106880187988281,2250,timeout,9.68759831991873,45.000000000001435,-71.95581604724532
8,988,1510820,171.6260223388672,818,hit,4.848440319733582,16.35999999999974,169.52236524084734
8,989,1512704,184.301513671875,902,hit,2.141429777409631,18.039999999999704,166.59751855959306
8,990,1514564,11.339242935180664,2250,timeout,11.057429176260365,45.000000000001435,-66.29511017577343
8,991,1516076,164.2279052734375,1314,hit,2.56831759788901,26.27999999999953,157.98770125809068
8,992,1516840,2.6816139221191406,1863,miss,10.676560370209716,37.260000000000225,-70.60013616490059
8,993,1517960,162.061279296875,849,hit,3.4377597876720665,16.979999999999727,162.78457317922033
8,994,1519308,153.99221801757812,808,hit,4.001389648833446,16.159999999999744,167.6502088456654
8,995,1521104,176.60635375976562,786,hit,3.357434146966511,15.719999999999754,167.77344852781755
8,996,1521704,-15.94887924194336,2250,timeout,9.811470208930153,45.000000000001435,-85.2134393575865
8,997,1522436,167.73770141601562,782,hit,2.3215653338002467,15.639999999999755,166.48532797434666
8,998,1524172,157.57601928710938,767,hit,3.1625774679008973,15.339999999999762,162.14345046954386
8,999,1524312,167.15505981445312,652,hit,1.059825901833293,13.03999999999981,157.96992729486573
8,1000,1525840,7.2774200439453125,2250,timeout,7.221199810275106,45.000000000001435,-62.52340523008929
8,1001,1526928,171.85995483398438,1123,hit,4.565681122700019,22.45999999999961,166.82492380184544
8,1002,1527452,168.72232055664062,785,hit,2.4985522948582113,15.699999999999754,161.66331136477757
8,1003,1527736,166.7364501953125,891,hit,3.206610651911101,17.81999999999971,172.86349369571144
8,1004,1530780,170.3800506591797,832,hit,2.907150985427255,16.639999999999734,172.7088764122239
8,1005,1530788,178.66586303710938,1237,hit,3.5282430708361554,24.73999999999956,170.42578419670878
8,1006,1532232,147.82748413085938,1326,hit,4.969140722824811,26.519999999999524,160.19606339749595
8,1007,1534876,158.056640625,1024,hit,3.4513471816959784,20.479999999999652,162.36603544127615
8,1008,1535216,161.8303985595703,1107,hit,3.4679443145564965,22.139999999999617,165.71912375761337
8,1009,1536736,7.6636810302734375,2250,timeout,6.980054772675722,45.000000000001435,-81.3275963253401
8,1010,1537160,182.92147827148438,1232,hit,4.593944911021469,24.639999999999564,167.7446933625157
8,1011,1537932,148.54083251953125,679,hit,4.632988818260847,13.5799999999998,159.3358104929634
8,1012,1539092,162.01910400390625,1054,hit,4.786332758101527,21.07999999999964,152.84828904036942
8,1013,1540852,161.1943359375,730,hit,3.4740937047224705,14.599999999999778,162.1989246902987
8,1014,1540868,168.5970458984375,927,hit,3.0967717951760254,18.539999999999694,171.639913606976
8,1015,1542064,158.14456176757812,1332,hit,3.77388948010208,26.63999999999952,163.92657282380196
8,1016,1542688,167.14559936523438,899,hit,4.440702708096225,17.979999999999706,172.37508522214068
8,1017,1544772,175.84666442871094,980,hit,2.6324032034914615,19.59999999999967,172.28163912706165
8,1018,1544980,177.37037658691406,1028,hit,3.8735108891103667,20.55999999999965,151.65137840964735
8,1019,1545172,173.71714782714844,777,hit,4.97216194250686,15.539999999999758,162.75513180677459
8,1020,1547688,165.35543823242188,729,hit,3.861845613675002,14.579999999999778,163.82978882849392
8,1021,1547840,168.4020538330078,1288,hit,4.63638255319588,25.75999999999954,159.0639351325265
8,1022,1548428,181.288330078125,814,hit,3.697911245258545,16.279999999999742,164.22509261876056
8,1023,1551304,172.06796264648438,904,hit,1.7677498878481226,18.079999999999703,168.2115984125801
8,1024,1551424,183.09779357910156,1611,hit,3.4955419881818677,32.21999999999944,169.5362919496299
8,1025,1551476,168.98768615722656,909,hit,2.382113067649563,18.1799999999997,169.2808514535273
8,1026,1553144,182.9986114501953,1179,hit,3.280862316113992,23.579999999999586,162.88892201301255
8,1027,1554516,180.78305053710938,773,hit,0.1899642522911722,15.45999999999976,162.78601220657322
8,1028,1555644,147.88800048828125,1085,hit,4.757876534769411,21.699999999999626,160.39095767287156
8,1029,1556348,175.4471435546875,801,hit,1.8508205850265291,16.019999999999747,161.58772241456688
8,1030,1557464,179.69114685058594,1497,hit,4.6360687287497475,29.93999999999945,163.33404496235107
8,1031,1561340,174.89266967773438,969,hit,1.4533366659767168,19.379999999999676,170.53619112895728
8,1032,1561708,15.415695190429688,1798,miss,6.669418828040011,35.96000000000002,-47.422186271410865
8,1033,1563012,-0.3319091796875,1842,miss,10.5711080674563,36.84000000000016,-74.431761255621
8,1034,1565348,37.93996047973633,2250,timeout,6.447571027809218,45.000000000001435,-71.49008604846694
8,1035,1565948,159.48077392578125,734,hit,3.4913711169344817,14.679999999999776,159.99115888164624
8,1036,1570064,151.60287475585938,1029,hit,4.961883169779304,20.57999999999965,153.1839611378649
8,1037,1570340,25.762603759765625,2250,timeout,5.103211703782226,45.000000000001435,-78.90757841000017
8,1038,1570584,176.00796508789062,1309,hit,4.856148753932121,26.17999999999953,164.80444880305038
8,1039,1570708,-29.092708587646484,2250,timeout,18.870473101666416,45.000000000001435,-85.91111065702684
8,1040,1572876,171.48934936523438,703,hit,0.8593648687463296,14.059999999999789,158.13132646774773
8,1041,1573268,154.97589111328125,671,hit,2.827886330999631,13.419999999999803,156.58378930335434
8,1042,1573980,182.7637481689453,910,hit,2.6638148998983397,18.1999999999997,168.27179496482546
8,1043,1574136,173.69244384765625,857,hit,2.9505948547400562,17.139999999999723,169.49600603150014
8,1044,1575532,166.23025512695312,664,hit,4.867981703342424,13.279999999999806,159.29865089748617
8,1045,1577224,153.64462280273438,772,hit,4.41136483237583,15.43999999999976,160.96120548444966
8,1046,1577224,183.12042236328125,989,hit,4.050567686449679,19.779999999999667,175.1012880686738
8,1047,1578432,178.56600952148438,1113,hit,3.785935445826116,22.259999999999614,157.70474354316636
8,1048,1581100,178.7036590576172,969,hit,2.009373077743401,19.379999999999676,156.11765495859487
8,1049,1583968,178.70870971679688,1384,hit,4.81589897617806,27.6799999999995,165.25475975588654
8,1050,1584532,-1.6255073547363281,2250,timeout,5.345657896529213,45.000000000001435,-72.05476108855792
8,1051,1584836,168.6721649169922,934,hit,3.9007692074564866,18.67999999999969,158.04211041327392
8,1052,1586224,-37.269813537597656,2250,timeout,5.41066805299008,45.000000000001435,-70.55122304860326
8,1053,1587876,163.78443908691406,760,hit,2.3828833569723864,15.199999999999765,164.89545442544895
8,1054,1588612,161.26268005371094,1161,hit,4.877335930802229,23.219999999999594,159.60755930647667
8,1055,1588960,166.8053436279297,684,hit,1.3319952322076682,13.679999999999797,158.7584104336375
8,1056,1591596,169.3840789794922,659,hit,3.0661266765005912,13.179999999999808,156.92736839494364
8,1057,1592984,159.5388641357422,1277,hit,3.6168238514713766,25.539999999999544,170.80811565450853
8,1058,1593532,-6.718681335449219,2250,timeout,16.43231659576038,45.000000000001435,-76.22467201529939
8,1059,1593980,178.1739959716797,1342,hit,4.032386636940961,26.839999999999517,163.8957072513951
8,1060,1595824,177.29869079589844,710,hit,1.7067923241472414,14.199999999999786,157.71775052205686
8,1061,1597000,166.87274169921875,755,hit,3.0274950560290272,15.099999999999767,166.26361169300918
8,1062,1597424,170.90957641601562,1457,hit,2.9821890373225575,29.139999999999468,159.6566759338001
8,1063,1598036,150.8628692626953,1126,hit,4.954174738093815,22.51999999999961,165.14565009284848
8,1064,1598856,160.4450225830078,758,hit,3.1012995433129316,15.159999999999766,164.5593832484078
8,1065,1600164,176.14869689941406,791,hit,1.6154301263974005,15.819999999999752,165.58396294376854
8,1066,1601992,165.9058380126953,784,hit,2.955351699514737,15.679999999999755,162.71946089421726
8,1067,1602964,158.44546508789062,1232,hit,4.27781386901418,24.639999999999564,152.3628347298175
8,1068,1604908,176.65853881835938,729,hit,2.9476620538517846,14.579999999999778,159.5893317543463
8,1069,1605528,156.974365234375,1341,hit,3.892706972296171,26.819999999999517,165.409541048449
8,1070,1606424,36.73591613769531,2250,timeout,6.571653286920165,45.000000000001435,-59.0865420502277
8,1071,1607744,174.47454833984375,709,hit,3.1798595249354977,14.179999999999787,156.76088007808488
8,1072,1608840,167.40725708007812,1469,hit,3.0682778800522743,29.379999999999463,166.69702751590825
8,1073,1609284,179.6736297607422,939,hit,1.2941671634290424,18.77999999999969,174.7476933277357
8,1074,1612152,175.59326171875,828,hit,4.77747283438697,16.559999999999736,167.32522836094313
8,1075,1612644,180.0913543701172,1225,hit,2.1606270519815896,24.499999999999567,165.661378833264
8,1076,1612892,158.78126525878906,902,hit,3.132962060219743,18.039999999999704,164.23377283233634
8,1077,1615424,7.805717468261719,2250,timeout,8.05481502210816,45.000000000001435,-84.03722680238195
8,1078,1618312,181.52197265625,1355,hit,3.5741333309612413,27.09999999999951,160.84965067346405
8,1079,1618692,168.96188354492188,817,hit,2.8504806275492887,16.33999999999974,167.16683054176895
8,1080,1621092,167.51454162597656,695,hit,4.690970210698358,13.899999999999793,154.88392620256832
8,1081,1621152,-0.5443077087402344,2250,timeout,5.484782510545769,45.000000000001435,-76.41410990801947
8,1082,1621396,152.59768676757812,676,hit,3.034305592210071,13.5199999999998,159.30701861405083
8,1083,1621644,-3.4299240112304688,2250,timeout,14.485335197736784,45.000000000001435,-62.17474145304345
8,1084,1624224,173.85838317871094,768,hit,3.6536335449753494,15.359999999999761,164.0705278793851
8,1085,1624492,173.1131591796875,774,hit,2.3326161851493863,15.479999999999759,162.01879295660046
8,1086,1624704,178.69473266601562,903,hit,3.880090802430104,18.059999999999704,173.22483479393296
8,1087,1625416,185.28155517578125,943,hit,1.1176185037965412,18.859999999999687,171.95081731157075
8,1088,1627612,175.11941528320312,727,hit,1.2079615516166895,14.539999999999779,158.27013164614712
8,1089,1628372,174.2489776611328,739,hit,2.338167290566376,14.779999999999774,159.98502792989447
8,1090,1628548,181.14947509765625,1014,hit,2.530074619858372,20.279999999999657,156.8220015673323
8,1091,1630576,175.79058837890625,1588,hit,3.7921150526696135,31.759999999999412,166.53253094801934
8,1092,1632072,170.60276794433594,881,hit,4.576859856700431,17.619999999999713,169.91610787075348
8,1093,1633284,175.99441528320312,1418,hit,4.164610977272542,28.359999999999484,167.2292666087107
8,1094,1633744,180.9696502685547,792,hit,4.55250860679365,15.839999999999751,162.31683411202266
8,1095,1635956,158.0763397216797,668,hit,2.4425935114907755,13.359999999999804,155.90593571610992
8,1096,1637372,-30.043807983398438,2250,timeout,5.214342105124113,45.000000000001435,-68.9906313202298
